{
    "R2": 0.9111044275804736,
    "RMSE": 45.57373308090873,
    "MSE": 2076.9651469299147,
    "MAPE": 0.06581407019207987,
    "ACMAPE": 0.921429043454112
}