{
    "R2": 0.9890118957512609,
    "RMSE": 60.221780873721414,
    "MSE": 3626.6628916025184,
    "MAPE": 0.016889325507500795,
    "ACMAPE": 0.8597529004737322
}