{
    "R2": 0.9973235485853122,
    "RMSE": 24.35047447171495,
    "MSE": 592.9456069976414,
    "MAPE": 0.029673034419682408,
    "ACMAPE": 1.0608194890253815
}