{
    "DOWN": {
        "precision": 0.853448275862069,
        "recall": 0.6387096774193548,
        "f1-score": 0.7306273062730627,
        "support": 155
    },
    "UP": {
        "precision": 0.36363636363636365,
        "recall": 0.6530612244897959,
        "f1-score": 0.46715328467153283,
        "support": 49
    },
    "accuracy": 0.6421568627450981,
    "macro avg": {
        "precision": 0.6085423197492164,
        "recall": 0.6458854509545753,
        "f1-score": 0.5988902954722978,
        "support": 204
    },
    "weighted avg": {
        "precision": 0.7357973753764829,
        "recall": 0.6421568627450981,
        "f1-score": 0.6673418795158325,
        "support": 204
    }
}