{
    "DOWN": {
        "precision": 0.6288,
        "recall": 0.6093023255813953,
        "f1-score": 0.6188976377952756,
        "support": 645
    },
    "UP": {
        "precision": 0.45806451612903226,
        "recall": 0.4786516853932584,
        "f1-score": 0.4681318681318681,
        "support": 445
    },
    "accuracy": 0.5559633027522936,
    "macro avg": {
        "precision": 0.5434322580645161,
        "recall": 0.5439770054873269,
        "f1-score": 0.5435147529635719,
        "support": 1090
    },
    "weighted avg": {
        "precision": 0.5590960639242379,
        "recall": 0.5559633027522936,
        "f1-score": 0.5573464749510404,
        "support": 1090
    }
}