{
    "DOWN": {
        "precision": 0.6209262435677531,
        "recall": 0.6188034188034188,
        "f1-score": 0.6198630136986303,
        "support": 585
    },
    "UP": {
        "precision": 0.38055555555555554,
        "recall": 0.38268156424581007,
        "f1-score": 0.3816155988857938,
        "support": 358
    },
    "accuracy": 0.5291622481442205,
    "macro avg": {
        "precision": 0.5007408995616542,
        "recall": 0.5007424915246145,
        "f1-score": 0.5007393062922121,
        "support": 943
    },
    "weighted avg": {
        "precision": 0.5296720481187958,
        "recall": 0.5291622481442205,
        "f1-score": 0.5294148965162385,
        "support": 943
    }
}