{
    "R2": 0.9494854592210583,
    "RMSE": 204.13830281085637,
    "MSE": 41672.44667449689,
    "MAPE": 0.01705978812092663,
    "ACMAPE": 0.9712663908898298
}