{
    "DOWN": {
        "precision": 0.6994625878462174,
        "recall": 0.6068866571018652,
        "f1-score": 0.6498943729594776,
        "support": 2788
    },
    "UP": {
        "precision": 0.3583138173302108,
        "recall": 0.4570575056011949,
        "f1-score": 0.401706596652445,
        "support": 1339
    },
    "accuracy": 0.5582747758662466,
    "macro avg": {
        "precision": 0.5288882025882141,
        "recall": 0.5319720813515301,
        "f1-score": 0.5258004848059613,
        "support": 4127
    },
    "weighted avg": {
        "precision": 0.5887772949649639,
        "recall": 0.5582747758662466,
        "f1-score": 0.5693701586451776,
        "support": 4127
    }
}