{
    "DOWN": {
        "precision": 0.7927631578947368,
        "recall": 0.5379464285714286,
        "f1-score": 0.6409574468085105,
        "support": 448
    },
    "UP": {
        "precision": 0.353125,
        "recall": 0.6420454545454546,
        "f1-score": 0.4556451612903226,
        "support": 176
    },
    "accuracy": 0.5673076923076923,
    "macro avg": {
        "precision": 0.5729440789473684,
        "recall": 0.5899959415584416,
        "f1-score": 0.5483013040494166,
        "support": 624
    },
    "weighted avg": {
        "precision": 0.6687626518218622,
        "recall": 0.5673076923076923,
        "f1-score": 0.5886898790982524,
        "support": 624
    }
}