{
    "DOWN": {
        "precision": 0.5772058823529411,
        "recall": 0.5869158878504673,
        "f1-score": 0.582020389249305,
        "support": 535
    },
    "UP": {
        "precision": 0.3538011695906433,
        "recall": 0.34472934472934474,
        "f1-score": 0.3492063492063492,
        "support": 351
    },
    "accuracy": 0.4909706546275395,
    "macro avg": {
        "precision": 0.46550352597179223,
        "recall": 0.46582261628990607,
        "f1-score": 0.4656133692278271,
        "support": 886
    },
    "weighted avg": {
        "precision": 0.48870130652950255,
        "recall": 0.4909706546275395,
        "f1-score": 0.48978819054154255,
        "support": 886
    }
}