{
    "DOWN": {
        "precision": 0.8248429867411026,
        "recall": 0.3872870249017038,
        "f1-score": 0.5270903010033444,
        "support": 3052
    },
    "UP": {
        "precision": 0.2089678510998308,
        "recall": 0.6630872483221476,
        "f1-score": 0.3177870697973625,
        "support": 745
    },
    "accuracy": 0.44140110613642347,
    "macro avg": {
        "precision": 0.5169054189204667,
        "recall": 0.5251871366119257,
        "f1-score": 0.42243868540035345,
        "support": 3797
    },
    "weighted avg": {
        "precision": 0.7040036461952117,
        "recall": 0.44140110613642347,
        "f1-score": 0.4860234305138905,
        "support": 3797
    }
}