{
    "DOWN": {
        "precision": 0.831858407079646,
        "recall": 0.46153846153846156,
        "f1-score": 0.5936842105263157,
        "support": 3055
    },
    "UP": {
        "precision": 0.21926910299003322,
        "recall": 0.6184738955823293,
        "f1-score": 0.32375613174491946,
        "support": 747
    },
    "accuracy": 0.49237243556023147,
    "macro avg": {
        "precision": 0.5255637550348395,
        "recall": 0.5400061785603955,
        "f1-score": 0.4587201711356176,
        "support": 3802
    },
    "weighted avg": {
        "precision": 0.7114995932566737,
        "recall": 0.49237243556023147,
        "f1-score": 0.540649945705247,
        "support": 3802
    }
}