{
    "DOWN": {
        "precision": 0.6566523605150214,
        "recall": 0.29766536964980544,
        "f1-score": 0.4096385542168674,
        "support": 514
    },
    "UP": {
        "precision": 0.3044315992292871,
        "recall": 0.6638655462184874,
        "f1-score": 0.41743725231175693,
        "support": 238
    },
    "accuracy": 0.41356382978723405,
    "macro avg": {
        "precision": 0.48054197987215425,
        "recall": 0.4807654579341464,
        "f1-score": 0.41353790326431217,
        "support": 752
    },
    "weighted avg": {
        "precision": 0.5451782365974619,
        "recall": 0.41356382978723405,
        "f1-score": 0.4121067591990266,
        "support": 752
    }
}