{
    "DOWN": {
        "precision": 0.6956521739130435,
        "recall": 0.5755395683453237,
        "f1-score": 0.6299212598425197,
        "support": 556
    },
    "UP": {
        "precision": 0.3979591836734694,
        "recall": 0.527027027027027,
        "f1-score": 0.45348837209302323,
        "support": 296
    },
    "accuracy": 0.5586854460093896,
    "macro avg": {
        "precision": 0.5468056787932565,
        "recall": 0.5512832976861753,
        "f1-score": 0.5417048159677714,
        "support": 852
    },
    "weighted avg": {
        "precision": 0.59222831814906,
        "recall": 0.5586854460093896,
        "f1-score": 0.5686253270093613,
        "support": 852
    }
}