{
    "R2": 0.8743259535338133,
    "RMSE": 44.64479574272984,
    "MSE": 1993.1577869100688,
    "MAPE": 0.13370653932454962,
    "ACMAPE": 1.2221419134742093
}