{
    "DOWN": {
        "precision": 0.6987951807228916,
        "recall": 0.40559440559440557,
        "f1-score": 0.5132743362831859,
        "support": 715
    },
    "UP": {
        "precision": 0.3167202572347267,
        "recall": 0.6118012422360248,
        "f1-score": 0.4173728813559322,
        "support": 322
    },
    "accuracy": 0.46962391513982643,
    "macro avg": {
        "precision": 0.5077577189788092,
        "recall": 0.5086978239152152,
        "f1-score": 0.46532360881955903,
        "support": 1037
    },
    "weighted avg": {
        "precision": 0.5801566798905009,
        "recall": 0.46962391513982643,
        "f1-score": 0.48349587101165675,
        "support": 1037
    }
}