{
    "R2": 0.9932114360951946,
    "RMSE": 193.20206509267223,
    "MSE": 37327.03795607316,
    "MAPE": 0.06217831417660102,
    "ACMAPE": 1.1431940336445576
}