{
    "R2": 0.8778753977854825,
    "RMSE": 11.853028851460225,
    "MSE": 140.4942929535485,
    "MAPE": 0.0514424824109574,
    "ACMAPE": 1.0956413774385816
}