{
    "DOWN": {
        "precision": 0.6490147783251231,
        "recall": 0.5016658733936221,
        "f1-score": 0.5659060402684564,
        "support": 2101
    },
    "UP": {
        "precision": 0.42755604155276106,
        "recall": 0.5784023668639053,
        "f1-score": 0.4916692863879283,
        "support": 1352
    },
    "accuracy": 0.5317115551694179,
    "macro avg": {
        "precision": 0.538285409938942,
        "recall": 0.5400341201287637,
        "f1-score": 0.5287876633281923,
        "support": 3453
    },
    "weighted avg": {
        "precision": 0.5623040305358866,
        "recall": 0.5317115551694179,
        "f1-score": 0.53683911549392,
        "support": 3453
    }
}