{
    "DOWN": {
        "precision": 0.6004566210045662,
        "recall": 0.9477477477477477,
        "f1-score": 0.7351502445842067,
        "support": 555
    },
    "UP": {
        "precision": 0.35555555555555557,
        "recall": 0.04371584699453552,
        "f1-score": 0.07785888077858881,
        "support": 366
    },
    "accuracy": 0.5884907709011944,
    "macro avg": {
        "precision": 0.47800608828006086,
        "recall": 0.49573179737114165,
        "f1-score": 0.4065045626813978,
        "support": 921
    },
    "weighted avg": {
        "precision": 0.5031343734971417,
        "recall": 0.5884907709011944,
        "f1-score": 0.47394651043344005,
        "support": 921
    }
}