{
    "DOWN": {
        "precision": 0.8827785817655571,
        "recall": 0.4166666666666667,
        "f1-score": 0.5661252900232019,
        "support": 1464
    },
    "UP": {
        "precision": 0.26506024096385544,
        "recall": 0.7917737789203085,
        "f1-score": 0.3971631205673759,
        "support": 389
    },
    "accuracy": 0.4954128440366973,
    "macro avg": {
        "precision": 0.5739194113647063,
        "recall": 0.6042202227934876,
        "f1-score": 0.4816442052952889,
        "support": 1853
    },
    "weighted avg": {
        "precision": 0.7531010671558097,
        "recall": 0.4954128440366973,
        "f1-score": 0.5306550882324214,
        "support": 1853
    }
}