{
    "R2": 0.9902594544067053,
    "RMSE": 2.9460719231588093,
    "MSE": 8.679339776424644,
    "MAPE": 0.037644019401897655,
    "ACMAPE": 0.9588076880672318
}