{
    "R2": 0.8839961748864917,
    "RMSE": 8.486407785992473,
    "MSE": 72.01911711015366,
    "MAPE": 0.033230086444694905,
    "ACMAPE": 0.8404196289283551
}