{
    "DOWN": {
        "precision": 0.6613636363636364,
        "recall": 0.7461538461538462,
        "f1-score": 0.7012048192771084,
        "support": 390
    },
    "UP": {
        "precision": 0.42441860465116277,
        "recall": 0.32882882882882886,
        "f1-score": 0.3705583756345177,
        "support": 222
    },
    "accuracy": 0.5947712418300654,
    "macro avg": {
        "precision": 0.5428911205073996,
        "recall": 0.5374913374913375,
        "f1-score": 0.5358815974558131,
        "support": 612
    },
    "weighted avg": {
        "precision": 0.5754129876051901,
        "recall": 0.5947712418300654,
        "f1-score": 0.5812644426616589,
        "support": 612
    }
}