{
    "DOWN": {
        "precision": 0.6793893129770993,
        "recall": 0.2282051282051282,
        "f1-score": 0.34165067178502884,
        "support": 390
    },
    "UP": {
        "precision": 0.37422037422037424,
        "recall": 0.8108108108108109,
        "f1-score": 0.512091038406828,
        "support": 222
    },
    "accuracy": 0.4395424836601307,
    "macro avg": {
        "precision": 0.5268048435987367,
        "recall": 0.5195079695079695,
        "f1-score": 0.4268708550959284,
        "support": 612
    },
    "weighted avg": {
        "precision": 0.5686907763692677,
        "recall": 0.4395424836601307,
        "f1-score": 0.4034770792850933,
        "support": 612
    }
}