{
    "DOWN": {
        "precision": 0.6454081632653061,
        "recall": 0.5142276422764228,
        "f1-score": 0.5723981900452488,
        "support": 492
    },
    "UP": {
        "precision": 0.38402061855670105,
        "recall": 0.5173611111111112,
        "f1-score": 0.440828402366864,
        "support": 288
    },
    "accuracy": 0.5153846153846153,
    "macro avg": {
        "precision": 0.5147143909110036,
        "recall": 0.5157943766937669,
        "f1-score": 0.5066132962060564,
        "support": 780
    },
    "weighted avg": {
        "precision": 0.5488958390652058,
        "recall": 0.5153846153846153,
        "f1-score": 0.5238185761332298,
        "support": 780
    }
}