{
    "R2": 0.9846287271354366,
    "RMSE": 627.9726870929288,
    "MSE": 394349.69573471346,
    "MAPE": 0.07302052919985981,
    "ACMAPE": 1.0786071213786308
}