{
    "DOWN": {
        "precision": 0.6121212121212121,
        "recall": 0.46543778801843316,
        "f1-score": 0.5287958115183247,
        "support": 217
    },
    "UP": {
        "precision": 0.39896373056994816,
        "recall": 0.5460992907801419,
        "f1-score": 0.4610778443113772,
        "support": 141
    },
    "accuracy": 0.4972067039106145,
    "macro avg": {
        "precision": 0.5055424713455801,
        "recall": 0.5057685393992875,
        "f1-score": 0.49493682791485094,
        "support": 358
    },
    "weighted avg": {
        "precision": 0.5281681258119154,
        "recall": 0.4972067039106145,
        "f1-score": 0.5021247685681023,
        "support": 358
    }
}