{
    "DOWN": {
        "precision": 0.7727272727272727,
        "recall": 0.5483870967741935,
        "f1-score": 0.6415094339622641,
        "support": 31
    },
    "UP": {
        "precision": 0.2631578947368421,
        "recall": 0.5,
        "f1-score": 0.3448275862068966,
        "support": 10
    },
    "accuracy": 0.5365853658536586,
    "macro avg": {
        "precision": 0.5179425837320574,
        "recall": 0.5241935483870968,
        "f1-score": 0.49316851008458035,
        "support": 41
    },
    "weighted avg": {
        "precision": 0.6484420585832652,
        "recall": 0.5365853658536586,
        "f1-score": 0.5691480076804671,
        "support": 41
    }
}