{
    "DOWN": {
        "precision": 0.8988057825267127,
        "recall": 0.49532386560443364,
        "f1-score": 0.6386779812416257,
        "support": 2887
    },
    "UP": {
        "precision": 0.1419316843345112,
        "recall": 0.599502487562189,
        "f1-score": 0.22952380952380955,
        "support": 402
    },
    "accuracy": 0.5080571602310733,
    "macro avg": {
        "precision": 0.520368733430612,
        "recall": 0.5474131765833113,
        "f1-score": 0.4341008953827176,
        "support": 3289
    },
    "weighted avg": {
        "precision": 0.8062963913825155,
        "recall": 0.5080571602310733,
        "f1-score": 0.5886688669118714,
        "support": 3289
    }
}