{
    "DOWN": {
        "precision": 0.9222139117427075,
        "recall": 0.8556557945870923,
        "f1-score": 0.8876889848812094,
        "support": 2882
    },
    "UP": {
        "precision": 0.31239669421487604,
        "recall": 0.4760705289672544,
        "f1-score": 0.37724550898203596,
        "support": 397
    },
    "accuracy": 0.8096980786825252,
    "macro avg": {
        "precision": 0.6173053029787918,
        "recall": 0.6658631617771733,
        "f1-score": 0.6324672469316227,
        "support": 3279
    },
    "weighted avg": {
        "precision": 0.8483812080651993,
        "recall": 0.8096980786825252,
        "f1-score": 0.8258878077137889,
        "support": 3279
    }
}