{
    "DOWN": {
        "precision": 0.7391304347826086,
        "recall": 0.4358974358974359,
        "f1-score": 0.5483870967741935,
        "support": 39
    },
    "UP": {
        "precision": 0.3333333333333333,
        "recall": 0.6470588235294118,
        "f1-score": 0.44,
        "support": 17
    },
    "accuracy": 0.5,
    "macro avg": {
        "precision": 0.536231884057971,
        "recall": 0.5414781297134239,
        "f1-score": 0.4941935483870967,
        "support": 56
    },
    "weighted avg": {
        "precision": 0.6159420289855072,
        "recall": 0.5,
        "f1-score": 0.515483870967742,
        "support": 56
    }
}