{
    "R2": 0.9727448454167129,
    "RMSE": 31.58038941371167,
    "MSE": 997.3209955216722,
    "MAPE": 0.0720657637083568,
    "ACMAPE": 1.0953525235220627
}