{
    "R2": 0.9300999053352125,
    "RMSE": 43.085593630834666,
    "MSE": 1856.3683785214205,
    "MAPE": 0.18943559479555683,
    "ACMAPE": 1.1077896117779213
}