{
    "R2": 0.9467917851902842,
    "RMSE": 23.60447798481125,
    "MSE": 557.1713809354391,
    "MAPE": 0.13854342805957687,
    "ACMAPE": 1.4976038307441408
}