{
    "DOWN": {
        "precision": 0.6947368421052632,
        "recall": 0.6226415094339622,
        "f1-score": 0.6567164179104478,
        "support": 530
    },
    "UP": {
        "precision": 0.3006993006993007,
        "recall": 0.3722943722943723,
        "f1-score": 0.33268858800773693,
        "support": 231
    },
    "accuracy": 0.5466491458607096,
    "macro avg": {
        "precision": 0.49771807140228197,
        "recall": 0.49746794086416724,
        "f1-score": 0.49470250295909235,
        "support": 761
    },
    "weighted avg": {
        "precision": 0.5751275489846622,
        "recall": 0.5466491458607096,
        "f1-score": 0.55835843012132,
        "support": 761
    }
}