{
    "DOWN": {
        "precision": 0.617363344051447,
        "recall": 0.7164179104477612,
        "f1-score": 0.6632124352331606,
        "support": 268
    },
    "UP": {
        "precision": 0.4411764705882353,
        "recall": 0.33519553072625696,
        "f1-score": 0.38095238095238093,
        "support": 179
    },
    "accuracy": 0.5637583892617449,
    "macro avg": {
        "precision": 0.5292699073198411,
        "recall": 0.5258067205870091,
        "f1-score": 0.5220824080927708,
        "support": 447
    },
    "weighted avg": {
        "precision": 0.5468097638502951,
        "recall": 0.5637583892617449,
        "f1-score": 0.5501821226688216,
        "support": 447
    }
}