{
    "DOWN": {
        "precision": 0.7159647404505387,
        "recall": 0.5919028340080972,
        "f1-score": 0.6480496453900709,
        "support": 1235
    },
    "UP": {
        "precision": 0.33156498673740054,
        "recall": 0.46296296296296297,
        "f1-score": 0.38639876352395675,
        "support": 540
    },
    "accuracy": 0.5526760563380282,
    "macro avg": {
        "precision": 0.5237648635939696,
        "recall": 0.5274328984855301,
        "f1-score": 0.5172242044570139,
        "support": 1775
    },
    "weighted avg": {
        "precision": 0.5990205900251333,
        "recall": 0.5526760563380282,
        "f1-score": 0.5684488137237602,
        "support": 1775
    }
}