{
    "R2": 0.9194189434896031,
    "RMSE": 65.01925111735814,
    "MSE": 4227.503015862077,
    "MAPE": 0.041526487821389055,
    "ACMAPE": 0.6636638924015417
}