{
    "R2": 0.971151910162172,
    "RMSE": 39.802515695286104,
    "MSE": 1584.240255673497,
    "MAPE": 0.012937524178307359,
    "ACMAPE": 0.6962708575116408
}