{
    "R2": 0.9972084979531748,
    "RMSE": 124.47946310701055,
    "MSE": 15495.1367354096,
    "MAPE": 0.022113189776130894,
    "ACMAPE": 0.647277361039593
}