{
    "R2": 0.9653388605546578,
    "RMSE": 52.34523878692,
    "MSE": 2740.024023659674,
    "MAPE": 0.13226068316061793,
    "ACMAPE": 0.9914802700007097
}