{
    "DOWN": {
        "precision": 0.6219512195121951,
        "recall": 0.10851063829787234,
        "f1-score": 0.18478260869565216,
        "support": 470
    },
    "UP": {
        "precision": 0.271304347826087,
        "recall": 0.8342245989304813,
        "f1-score": 0.4094488188976378,
        "support": 187
    },
    "accuracy": 0.3150684931506849,
    "macro avg": {
        "precision": 0.446627783669141,
        "recall": 0.4713676186141768,
        "f1-score": 0.297115713796645,
        "support": 657
    },
    "weighted avg": {
        "precision": 0.5221476198085387,
        "recall": 0.3150684931506849,
        "f1-score": 0.24872869896623254,
        "support": 657
    }
}