{
    "DOWN": {
        "precision": 0.6861313868613139,
        "recall": 0.3339253996447602,
        "f1-score": 0.44922341696535245,
        "support": 563
    },
    "UP": {
        "precision": 0.3181818181818182,
        "recall": 0.6704980842911877,
        "f1-score": 0.4315659679408138,
        "support": 261
    },
    "accuracy": 0.4405339805825243,
    "macro avg": {
        "precision": 0.502156602521566,
        "recall": 0.5022117419679739,
        "f1-score": 0.44039469245308316,
        "support": 824
    },
    "weighted avg": {
        "precision": 0.5695842540635611,
        "recall": 0.4405339805825243,
        "f1-score": 0.4436304628447158,
        "support": 824
    }
}