{
    "DOWN": {
        "precision": 0.6918767507002801,
        "recall": 0.4482758620689655,
        "f1-score": 0.5440528634361234,
        "support": 551
    },
    "UP": {
        "precision": 0.3274336283185841,
        "recall": 0.5736434108527132,
        "f1-score": 0.4169014084507043,
        "support": 258
    },
    "accuracy": 0.48825710754017304,
    "macro avg": {
        "precision": 0.5096551895094321,
        "recall": 0.5109596364608393,
        "f1-score": 0.4804771359434138,
        "support": 809
    },
    "weighted avg": {
        "precision": 0.5756513791619889,
        "recall": 0.48825710754017304,
        "f1-score": 0.5035027084469539,
        "support": 809
    }
}