{
    "R2": 0.9620681079640492,
    "RMSE": 5.668482985324811,
    "MSE": 32.13169935491688,
    "MAPE": 0.020908413396816202,
    "ACMAPE": 1.3505483025934921
}