{
    "R2": 0.9817222589963068,
    "RMSE": 4.383262774803837,
    "MSE": 19.21299255298104,
    "MAPE": 0.039059893320399816,
    "ACMAPE": 0.9221048760193618
}