{
    "DOWN": {
        "precision": 0.7540983606557377,
        "recall": 0.4816753926701571,
        "f1-score": 0.5878594249201278,
        "support": 764
    },
    "UP": {
        "precision": 0.34219269102990035,
        "recall": 0.6319018404907976,
        "f1-score": 0.4439655172413793,
        "support": 326
    },
    "accuracy": 0.5266055045871559,
    "macro avg": {
        "precision": 0.548145525842819,
        "recall": 0.5567886165804773,
        "f1-score": 0.5159124710807536,
        "support": 1090
    },
    "weighted avg": {
        "precision": 0.6309045548777349,
        "recall": 0.5266055045871559,
        "f1-score": 0.5448232653758415,
        "support": 1090
    }
}