{
    "R2": 0.961327631126829,
    "RMSE": 87.20756829856742,
    "MSE": 7605.159968549303,
    "MAPE": 0.09614629099600411,
    "ACMAPE": 1.2450079372306802
}