{
    "DOWN": {
        "precision": 0.788174512055109,
        "recall": 0.4083878643664485,
        "f1-score": 0.5380094043887147,
        "support": 3362
    },
    "UP": {
        "precision": 0.2326388888888889,
        "recall": 0.6203703703703703,
        "f1-score": 0.33838383838383834,
        "support": 972
    },
    "accuracy": 0.45592985694508537,
    "macro avg": {
        "precision": 0.510406700471999,
        "recall": 0.5143791173684095,
        "f1-score": 0.4381966213862765,
        "support": 4334
    },
    "weighted avg": {
        "precision": 0.66358276638885,
        "recall": 0.45592985694508537,
        "f1-score": 0.493238742146735,
        "support": 4334
    }
}