{
    "DOWN": {
        "precision": 0.8062130177514792,
        "recall": 0.3252760370038794,
        "f1-score": 0.46353391452264503,
        "support": 3351
    },
    "UP": {
        "precision": 0.23795079204583755,
        "recall": 0.7293388429752066,
        "f1-score": 0.3588310038119441,
        "support": 968
    },
    "accuracy": 0.41583699930539475,
    "macro avg": {
        "precision": 0.5220819048986584,
        "recall": 0.527307439989543,
        "f1-score": 0.41118245916729457,
        "support": 4319
    },
    "weighted avg": {
        "precision": 0.6788507036780685,
        "recall": 0.41583699930539475,
        "f1-score": 0.4400672746597234,
        "support": 4319
    }
}