{
    "DOWN": {
        "precision": 0.5186567164179104,
        "recall": 0.4527687296416938,
        "f1-score": 0.4834782608695652,
        "support": 307
    },
    "UP": {
        "precision": 0.40636042402826855,
        "recall": 0.4713114754098361,
        "f1-score": 0.4364326375711575,
        "support": 244
    },
    "accuracy": 0.46098003629764067,
    "macro avg": {
        "precision": 0.4625085702230895,
        "recall": 0.46204010252576494,
        "f1-score": 0.45995544922036136,
        "support": 551
    },
    "weighted avg": {
        "precision": 0.46892841270997465,
        "recall": 0.46098003629764067,
        "f1-score": 0.46264499029821954,
        "support": 551
    }
}