{
    "DOWN": {
        "precision": 0.9813753581661891,
        "recall": 0.5080346106304079,
        "f1-score": 0.6694901449747516,
        "support": 4045
    },
    "UP": {
        "precision": 0.07139524031731218,
        "recall": 0.796875,
        "f1-score": 0.1310492505353319,
        "support": 192
    },
    "accuracy": 0.5211234363936748,
    "macro avg": {
        "precision": 0.5263852992417507,
        "recall": 0.652454805315204,
        "f1-score": 0.40026969775504173,
        "support": 4237
    },
    "weighted avg": {
        "precision": 0.9401395350302476,
        "recall": 0.5211234363936748,
        "f1-score": 0.6450906520003903,
        "support": 4237
    }
}