{
    "R2": 0.9924897356184126,
    "RMSE": 4.26281991494925,
    "MSE": 18.17163362728793,
    "MAPE": 0.02340260287490795,
    "ACMAPE": 1.1967255962832057
}