{
    "DOWN": {
        "precision": 0.8776065276518585,
        "recall": 0.571259958689879,
        "f1-score": 0.6920464700625558,
        "support": 3389
    },
    "UP": {
        "precision": 0.288094071533562,
        "recall": 0.6853146853146853,
        "f1-score": 0.4056571231459124,
        "support": 858
    },
    "accuracy": 0.5943018601365669,
    "macro avg": {
        "precision": 0.5828502995927103,
        "recall": 0.6282873220022822,
        "f1-score": 0.5488517966042341,
        "support": 4247
    },
    "weighted avg": {
        "precision": 0.7585102979957487,
        "recall": 0.5943018601365669,
        "f1-score": 0.6341886740525535,
        "support": 4247
    }
}