{
    "R2": 0.9791719289928512,
    "RMSE": 169.70426771253497,
    "MSE": 28799.538479847735,
    "MAPE": 0.022221097686281954,
    "ACMAPE": 1.119767477099807
}