{
    "R2": 0.8913587505451807,
    "RMSE": 166.06511674192137,
    "MSE": 27577.622998507977,
    "MAPE": 0.03791060750805012,
    "ACMAPE": 1.2093391789366215
}