{
    "DOWN": {
        "precision": 0.6043689320388349,
        "recall": 0.5763888888888888,
        "f1-score": 0.5900473933649288,
        "support": 432
    },
    "UP": {
        "precision": 0.4019607843137255,
        "recall": 0.43006993006993005,
        "f1-score": 0.41554054054054046,
        "support": 286
    },
    "accuracy": 0.5181058495821727,
    "macro avg": {
        "precision": 0.5031648581762802,
        "recall": 0.5032294094794094,
        "f1-score": 0.5027939669527346,
        "support": 718
    },
    "weighted avg": {
        "precision": 0.5237439595466605,
        "recall": 0.5181058495821727,
        "f1-score": 0.520536307142401,
        "support": 718
    }
}