{
    "DOWN": {
        "precision": 0.8623462630085147,
        "recall": 0.5049861495844875,
        "f1-score": 0.6369671558350803,
        "support": 3610
    },
    "UP": {
        "precision": 0.10560560560560561,
        "recall": 0.4203187250996016,
        "f1-score": 0.16879999999999998,
        "support": 502
    },
    "accuracy": 0.49464980544747084,
    "macro avg": {
        "precision": 0.48397593430706015,
        "recall": 0.46265243734204453,
        "f1-score": 0.40288357791754015,
        "support": 4112
    },
    "weighted avg": {
        "precision": 0.7699620679656498,
        "recall": 0.49464980544747084,
        "f1-score": 0.5798125079194163,
        "support": 4112
    }
}