{
    "R2": -0.44375427404266654,
    "RMSE": 1185.649271022169,
    "MSE": 1405764.1938754006,
    "MAPE": 0.39109581854304726,
    "ACMAPE": 1.1925664067783415
}