{
    "DOWN": {
        "precision": 0.8223961468994582,
        "recall": 0.35947368421052633,
        "f1-score": 0.5002746749679546,
        "support": 3800
    },
    "UP": {
        "precision": 0.13626685592618878,
        "recall": 0.5655375552282769,
        "f1-score": 0.21961681441235342,
        "support": 679
    },
    "accuracy": 0.39071221254744365,
    "macro avg": {
        "precision": 0.4793315014128235,
        "recall": 0.46250561971940163,
        "f1-score": 0.35994574469015406,
        "support": 4479
    },
    "weighted avg": {
        "precision": 0.7183814586719856,
        "recall": 0.39071221254744365,
        "f1-score": 0.45772797094534845,
        "support": 4479
    }
}