{
    "DOWN": {
        "precision": 0.7032967032967034,
        "recall": 0.735632183908046,
        "f1-score": 0.7191011235955056,
        "support": 174
    },
    "UP": {
        "precision": 0.39473684210526316,
        "recall": 0.35714285714285715,
        "f1-score": 0.37500000000000006,
        "support": 84
    },
    "accuracy": 0.6124031007751938,
    "macro avg": {
        "precision": 0.5490167727009833,
        "recall": 0.5463875205254516,
        "f1-score": 0.5470505617977528,
        "support": 258
    },
    "weighted avg": {
        "precision": 0.6028353531413507,
        "recall": 0.6124031007751938,
        "f1-score": 0.6070681996341781,
        "support": 258
    }
}