{
    "R2": 0.9853223519140917,
    "RMSE": 23.92233153142908,
    "MSE": 572.2779458996059,
    "MAPE": 0.04517116109963814,
    "ACMAPE": 0.9490953830211537
}