{
    "R2": 0.9966502055597304,
    "RMSE": 11.34389217482856,
    "MSE": 128.68388967413665,
    "MAPE": 0.015729852978435363,
    "ACMAPE": 0.6047004412137293
}