{
    "R2": 0.9752448123606234,
    "RMSE": 340.64272776071203,
    "MSE": 116037.46797625859,
    "MAPE": 0.028717718694087426,
    "ACMAPE": 0.9455823267700969
}