{
    "DOWN": {
        "precision": 0.8855721393034826,
        "recall": 0.4734042553191489,
        "f1-score": 0.6169844020797227,
        "support": 376
    },
    "UP": {
        "precision": 0.1,
        "recall": 0.4888888888888889,
        "f1-score": 0.1660377358490566,
        "support": 45
    },
    "accuracy": 0.4750593824228028,
    "macro avg": {
        "precision": 0.49278606965174127,
        "recall": 0.4811465721040189,
        "f1-score": 0.39151106896438964,
        "support": 421
    },
    "weighted avg": {
        "precision": 0.8016036208506163,
        "recall": 0.4750593824228028,
        "f1-score": 0.5687834520075613,
        "support": 421
    }
}