{
    "DOWN": {
        "precision": 0.6802919708029197,
        "recall": 0.2524377031419285,
        "f1-score": 0.3682338996444093,
        "support": 1846
    },
    "UP": {
        "precision": 0.2118789263278127,
        "recall": 0.6288135593220339,
        "f1-score": 0.31695856471593337,
        "support": 590
    },
    "accuracy": 0.3435960591133005,
    "macro avg": {
        "precision": 0.4460854485653662,
        "recall": 0.4406256312319812,
        "f1-score": 0.3425962321801713,
        "support": 2436
    },
    "weighted avg": {
        "precision": 0.5668421776008207,
        "recall": 0.3435960591133005,
        "f1-score": 0.355814996685542,
        "support": 2436
    }
}