{
    "DOWN": {
        "precision": 0.6179245283018868,
        "recall": 0.5337601862630966,
        "f1-score": 0.5727670206121174,
        "support": 1718
    },
    "UP": {
        "precision": 0.44258872651356995,
        "recall": 0.5286783042394015,
        "f1-score": 0.48181818181818187,
        "support": 1203
    },
    "accuracy": 0.531667237247518,
    "macro avg": {
        "precision": 0.5302566274077284,
        "recall": 0.5312192452512491,
        "f1-score": 0.5272926012151496,
        "support": 2921
    },
    "weighted avg": {
        "precision": 0.5457133096947848,
        "recall": 0.531667237247518,
        "f1-score": 0.5353101725911984,
        "support": 2921
    }
}