{
    "DOWN": {
        "precision": 0.5982456140350877,
        "recall": 0.7875288683602771,
        "f1-score": 0.6799601196410767,
        "support": 433
    },
    "UP": {
        "precision": 0.42857142857142855,
        "recall": 0.23154362416107382,
        "f1-score": 0.3006535947712418,
        "support": 298
    },
    "accuracy": 0.560875512995896,
    "macro avg": {
        "precision": 0.5134085213032581,
        "recall": 0.5095362462606755,
        "f1-score": 0.4903068572061593,
        "support": 731
    },
    "weighted avg": {
        "precision": 0.5290761102482608,
        "recall": 0.560875512995896,
        "f1-score": 0.5253317415135653,
        "support": 731
    }
}