{
    "DOWN": {
        "precision": 0.7823371989295272,
        "recall": 0.5098837209302326,
        "f1-score": 0.6173882435762056,
        "support": 1720
    },
    "UP": {
        "precision": 0.3398590446358653,
        "recall": 0.640117994100295,
        "f1-score": 0.4439897698209718,
        "support": 678
    },
    "accuracy": 0.5467055879899917,
    "macro avg": {
        "precision": 0.5610981217826962,
        "recall": 0.5750008575152639,
        "f1-score": 0.5306890066985888,
        "support": 2398
    },
    "weighted avg": {
        "precision": 0.6572328667314026,
        "recall": 0.5467055879899917,
        "f1-score": 0.5683623198038751,
        "support": 2398
    }
}