{
    "R2": 0.9942100461627713,
    "RMSE": 15.873431913269842,
    "MSE": 251.96584070521348,
    "MAPE": 0.020998467202837028,
    "ACMAPE": 0.9255210802681636
}