{
    "DOWN": {
        "precision": 0.6,
        "recall": 0.4864864864864865,
        "f1-score": 0.5373134328358209,
        "support": 148
    },
    "UP": {
        "precision": 0.4015748031496063,
        "recall": 0.5151515151515151,
        "f1-score": 0.4513274336283186,
        "support": 99
    },
    "accuracy": 0.4979757085020243,
    "macro avg": {
        "precision": 0.5007874015748032,
        "recall": 0.5008190008190008,
        "f1-score": 0.49432043323206976,
        "support": 247
    },
    "weighted avg": {
        "precision": 0.5204692530842552,
        "recall": 0.4979757085020243,
        "f1-score": 0.5028494088619637,
        "support": 247
    }
}