{
    "R2": -0.6093262609140975,
    "RMSE": 52.0393200852803,
    "MSE": 2708.0908349382576,
    "MAPE": 0.12308313744495665,
    "ACMAPE": 0.9427552685924977
}