{
    "DOWN": {
        "precision": 0.7835325365205843,
        "recall": 0.15855952700886858,
        "f1-score": 0.2637460885113992,
        "support": 3721
    },
    "UP": {
        "precision": 0.12124614089250632,
        "recall": 0.7260504201680672,
        "f1-score": 0.2077922077922078,
        "support": 595
    },
    "accuracy": 0.23679332715477294,
    "macro avg": {
        "precision": 0.4523893387065453,
        "recall": 0.4423049735884679,
        "f1-score": 0.2357691481518035,
        "support": 4316
    },
    "weighted avg": {
        "precision": 0.6922303109879833,
        "recall": 0.23679332715477294,
        "f1-score": 0.25603233526118635,
        "support": 4316
    }
}