{
    "DOWN": {
        "precision": 0.7651113467656415,
        "recall": 0.4904826648538409,
        "f1-score": 0.5977630488815244,
        "support": 2942
    },
    "UP": {
        "precision": 0.33964757709251103,
        "recall": 0.6350906095551895,
        "f1-score": 0.4425947187141217,
        "support": 1214
    },
    "accuracy": 0.5327237728585178,
    "macro avg": {
        "precision": 0.5523794619290763,
        "recall": 0.5627866372045152,
        "f1-score": 0.5201788837978231,
        "support": 4156
    },
    "weighted avg": {
        "precision": 0.6408300627465895,
        "recall": 0.5327237728585178,
        "f1-score": 0.5524371699538952,
        "support": 4156
    }
}