{
    "R2": 0.9314359007523627,
    "RMSE": 46.230275162927256,
    "MSE": 2137.238341639969,
    "MAPE": 0.07561138204083141,
    "ACMAPE": 1.0789558636461827
}