{
    "R2": 0.932939078822074,
    "RMSE": 120.25073617148954,
    "MSE": 14460.239549785181,
    "MAPE": 0.10277626451208613,
    "ACMAPE": 1.0603203533429157
}