{
    "DOWN": {
        "precision": 1.0,
        "recall": 0.005208333333333333,
        "f1-score": 0.010362694300518135,
        "support": 768
    },
    "UP": {
        "precision": 0.2952029520295203,
        "recall": 1.0,
        "f1-score": 0.45584045584045585,
        "support": 320
    },
    "accuracy": 0.2977941176470588,
    "macro avg": {
        "precision": 0.6476014760147601,
        "recall": 0.5026041666666666,
        "f1-score": 0.23310157507048698,
        "support": 1088
    },
    "weighted avg": {
        "precision": 0.7927067505969178,
        "recall": 0.2977941176470588,
        "f1-score": 0.1413855653416763,
        "support": 1088
    }
}