{
    "R2": -7.43819907030324,
    "RMSE": 122.11183007969629,
    "MSE": 14911.299045412621,
    "MAPE": 1.5222083926914316,
    "ACMAPE": 2.9266201573973136
}