{
    "R2": 0.7783537604788864,
    "RMSE": 2.348091381729601,
    "MSE": 5.513533136952827,
    "MAPE": 0.029008489415391494,
    "ACMAPE": 1.7714568200990164
}