{
    "DOWN": {
        "precision": 0.7943215582700561,
        "recall": 0.7264492753623188,
        "f1-score": 0.7588708405614256,
        "support": 3312
    },
    "UP": {
        "precision": 0.3853459972862958,
        "recall": 0.47691015952980687,
        "f1-score": 0.42626641651031894,
        "support": 1191
    },
    "accuracy": 0.6604485898290029,
    "macro avg": {
        "precision": 0.5898337777781759,
        "recall": 0.6016797174460629,
        "f1-score": 0.5925686285358722,
        "support": 4503
    },
    "weighted avg": {
        "precision": 0.68615147318641,
        "recall": 0.6604485898290029,
        "f1-score": 0.6709001834339843,
        "support": 4503
    }
}