{
    "R2": 0.9930710799394562,
    "RMSE": 4.449113482521831,
    "MSE": 19.794610780357537,
    "MAPE": 0.030122004077985216,
    "ACMAPE": 0.7994889806162766
}