{
    "R2": 0.06198919922604418,
    "RMSE": 5237.315603739234,
    "MSE": 27429474.733170453,
    "MAPE": 0.20829858314341101,
    "ACMAPE": 1.3661933199855163
}