{
    "R2": 0.9403273700821875,
    "RMSE": 11.890206751355699,
    "MSE": 141.37701658998463,
    "MAPE": 0.0446217451771306,
    "ACMAPE": 1.095312989416762
}