{
    "DOWN": {
        "precision": 0.6820987654320988,
        "recall": 0.32404692082111436,
        "f1-score": 0.4393638170974155,
        "support": 682
    },
    "UP": {
        "precision": 0.36149584487534625,
        "recall": 0.717032967032967,
        "f1-score": 0.4806629834254143,
        "support": 364
    },
    "accuracy": 0.4608030592734226,
    "macro avg": {
        "precision": 0.5217973051537226,
        "recall": 0.5205399439270407,
        "f1-score": 0.4600134002614149,
        "support": 1046
    },
    "weighted avg": {
        "precision": 0.570531401108334,
        "recall": 0.4608030592734226,
        "f1-score": 0.4537356111159543,
        "support": 1046
    }
}