{
    "R2": 0.7533843375270091,
    "RMSE": 16.80400407105607,
    "MSE": 282.37455282006897,
    "MAPE": 0.07807845664357958,
    "ACMAPE": 1.2253312038963267
}