{
    "DOWN": {
        "precision": 0.734375,
        "recall": 0.15562913907284767,
        "f1-score": 0.2568306010928962,
        "support": 302
    },
    "UP": {
        "precision": 0.34782608695652173,
        "recall": 0.8888888888888888,
        "f1-score": 0.5,
        "support": 153
    },
    "accuracy": 0.4021978021978022,
    "macro avg": {
        "precision": 0.5411005434782609,
        "recall": 0.5222590139808683,
        "f1-score": 0.3784153005464481,
        "support": 455
    },
    "weighted avg": {
        "precision": 0.6043926182513139,
        "recall": 0.4021978021978022,
        "f1-score": 0.3385996517144058,
        "support": 455
    }
}