{
    "DOWN": {
        "precision": 0.8349944629014396,
        "recall": 0.8204570184983678,
        "f1-score": 0.8276619099890231,
        "support": 919
    },
    "UP": {
        "precision": 0.3956043956043956,
        "recall": 0.42023346303501946,
        "f1-score": 0.4075471698113207,
        "support": 257
    },
    "accuracy": 0.7329931972789115,
    "macro avg": {
        "precision": 0.6152994292529176,
        "recall": 0.6203452407666936,
        "f1-score": 0.617604539900172,
        "support": 1176
    },
    "weighted avg": {
        "precision": 0.7389712934326129,
        "recall": 0.7329931972789115,
        "f1-score": 0.7358511206814811,
        "support": 1176
    }
}