{
    "R2": 0.9577766665177737,
    "RMSE": 16.57507962065619,
    "MSE": 274.73326443109215,
    "MAPE": 0.044656714672942015,
    "ACMAPE": 1.1336913913364846
}