{
    "R2": 0.9367301324577434,
    "RMSE": 12.24273383692102,
    "MSE": 149.8845318016909,
    "MAPE": 0.027951057552999186,
    "ACMAPE": 0.813227131172631
}