{
    "DOWN": {
        "precision": 0.6632047477744807,
        "recall": 0.6089918256130791,
        "f1-score": 0.6349431818181819,
        "support": 734
    },
    "UP": {
        "precision": 0.22849462365591397,
        "recall": 0.2724358974358974,
        "f1-score": 0.24853801169590645,
        "support": 312
    },
    "accuracy": 0.5086042065009561,
    "macro avg": {
        "precision": 0.44584968571519734,
        "recall": 0.4407138615244882,
        "f1-score": 0.44174059675704413,
        "support": 1046
    },
    "weighted avg": {
        "precision": 0.5335397776741052,
        "recall": 0.5086042065009561,
        "f1-score": 0.5196865727568531,
        "support": 1046
    }
}