{
    "R2": 0.9395258564746044,
    "RMSE": 19.773687879914277,
    "MSE": 390.9987323722688,
    "MAPE": 0.021734677263835753,
    "ACMAPE": 0.844863928964516
}