{
    "R2": 0.9929854265030592,
    "RMSE": 11.85511659236769,
    "MSE": 140.5437894186317,
    "MAPE": 0.023988971528000197,
    "ACMAPE": 0.9854945318359556
}