{
    "R2": 0.9322931974569172,
    "RMSE": 20.922759542533722,
    "MSE": 437.76186687468595,
    "MAPE": 0.022021948294908524,
    "ACMAPE": 0.8995729687030719
}