{
    "R2": 0.9715194073577346,
    "RMSE": 21.17147042014801,
    "MSE": 448.2311597512022,
    "MAPE": 0.04144854139370143,
    "ACMAPE": 0.798870699250327
}