{
    "R2": 0.9857859576969019,
    "RMSE": 14.97896267625994,
    "MSE": 224.36932285678836,
    "MAPE": 0.041006927700911154,
    "ACMAPE": 0.7130030517319189
}