{
    "R2": 0.7473802437042651,
    "RMSE": 139.53017399383415,
    "MSE": 19468.66945474963,
    "MAPE": 0.02330541791651935,
    "ACMAPE": 0.8804482750593765
}