{
    "DOWN": {
        "precision": 0.6349206349206349,
        "recall": 0.6666666666666666,
        "f1-score": 0.6504065040650407,
        "support": 120
    },
    "UP": {
        "precision": 0.43661971830985913,
        "recall": 0.4025974025974026,
        "f1-score": 0.4189189189189189,
        "support": 77
    },
    "accuracy": 0.5634517766497462,
    "macro avg": {
        "precision": 0.535770176615247,
        "recall": 0.5346320346320346,
        "f1-score": 0.5346627114919799,
        "support": 197
    },
    "weighted avg": {
        "precision": 0.5574121548240373,
        "recall": 0.5634517766497462,
        "f1-score": 0.5599265849977748,
        "support": 197
    }
}