{
    "R2": 0.9767945123005174,
    "RMSE": 17.099513816270893,
    "MSE": 292.3933727528391,
    "MAPE": 0.03162843474490022,
    "ACMAPE": 1.6193150019090794
}