{
    "DOWN": {
        "precision": 0.7281947261663286,
        "recall": 0.35650446871896724,
        "f1-score": 0.47866666666666663,
        "support": 2014
    },
    "UP": {
        "precision": 0.3536159600997506,
        "recall": 0.7256908904810645,
        "f1-score": 0.4755197853789404,
        "support": 977
    },
    "accuracy": 0.4770979605483116,
    "macro avg": {
        "precision": 0.5409053431330396,
        "recall": 0.5410976796000159,
        "f1-score": 0.4770932260228035,
        "support": 2991
    },
    "weighted avg": {
        "precision": 0.6058398433689208,
        "recall": 0.4770979605483116,
        "f1-score": 0.47763874857301614,
        "support": 2991
    }
}