{
    "DOWN": {
        "precision": 0.7375886524822695,
        "recall": 0.7281213535589265,
        "f1-score": 0.732824427480916,
        "support": 857
    },
    "UP": {
        "precision": 0.271875,
        "recall": 0.2815533980582524,
        "f1-score": 0.2766295707472178,
        "support": 309
    },
    "accuracy": 0.6097770154373928,
    "macro avg": {
        "precision": 0.5047318262411347,
        "recall": 0.5048373758085895,
        "f1-score": 0.5047269991140669,
        "support": 1166
    },
    "weighted avg": {
        "precision": 0.6141705404608104,
        "recall": 0.6097770154373928,
        "f1-score": 0.6119288779691555,
        "support": 1166
    }
}