{
    "DOWN": {
        "precision": 0.9808027923211169,
        "recall": 0.4190902311707681,
        "f1-score": 0.587251828631139,
        "support": 4023
    },
    "UP": {
        "precision": 0.02012578616352201,
        "recall": 0.5925925925925926,
        "f1-score": 0.0389294403892944,
        "support": 81
    },
    "accuracy": 0.42251461988304095,
    "macro avg": {
        "precision": 0.5004642892423194,
        "recall": 0.5058414118816803,
        "f1-score": 0.3130906345102167,
        "support": 4104
    },
    "weighted avg": {
        "precision": 0.9618420619364275,
        "recall": 0.42251461988304095,
        "f1-score": 0.5764296762316289,
        "support": 4104
    }
}