{
    "DOWN": {
        "precision": 0.6013513513513513,
        "recall": 0.536144578313253,
        "f1-score": 0.5668789808917197,
        "support": 664
    },
    "UP": {
        "precision": 0.4155597722960152,
        "recall": 0.48131868131868133,
        "f1-score": 0.4460285132382892,
        "support": 455
    },
    "accuracy": 0.5138516532618409,
    "macro avg": {
        "precision": 0.5084555618236832,
        "recall": 0.5087316298159672,
        "f1-score": 0.5064537470650045,
        "support": 1119
    },
    "weighted avg": {
        "precision": 0.5258060712171441,
        "recall": 0.5138516532618409,
        "f1-score": 0.517739603963828,
        "support": 1119
    }
}