{
    "R2": 0.9827406422949972,
    "RMSE": 18.500628137306517,
    "MSE": 342.2732414748976,
    "MAPE": 0.12420024083887013,
    "ACMAPE": 1.054365129296678
}