{
    "R2": 0.43149234318329555,
    "RMSE": 620.6796188918189,
    "MSE": 385243.1893076935,
    "MAPE": 0.011609315658658588,
    "ACMAPE": 1.419016723066066
}