{
    "DOWN": {
        "precision": 0.6631578947368421,
        "recall": 0.42,
        "f1-score": 0.5142857142857142,
        "support": 150
    },
    "UP": {
        "precision": 0.4161073825503356,
        "recall": 0.6595744680851063,
        "f1-score": 0.5102880658436214,
        "support": 94
    },
    "accuracy": 0.5122950819672131,
    "macro avg": {
        "precision": 0.5396326386435888,
        "recall": 0.5397872340425531,
        "f1-score": 0.5122868900646678,
        "support": 244
    },
    "weighted avg": {
        "precision": 0.5679826974190897,
        "recall": 0.5122950819672131,
        "f1-score": 0.5127456366072031,
        "support": 244
    }
}