{
    "R2": 0.9828856026022178,
    "RMSE": 6.185133463259772,
    "MSE": 38.25587595833582,
    "MAPE": 0.0411459957164463,
    "ACMAPE": 1.3177417403972975
}