{
    "R2": -0.6408081047489578,
    "RMSE": 10.429641699130734,
    "MSE": 108.7774259722466,
    "MAPE": 0.15608356406720023,
    "ACMAPE": 1.6917978497814858
}