{
    "R2": 0.6399507563599088,
    "RMSE": 16.713129660051973,
    "MSE": 279.328703033709,
    "MAPE": 0.07285723999874436,
    "ACMAPE": 0.9440391789097669
}