{
    "R2": 0.993783884118224,
    "RMSE": 12.389232988793244,
    "MSE": 153.4930940506028,
    "MAPE": 0.10214473349689182,
    "ACMAPE": 1.126421421225525
}