{
    "DOWN": {
        "precision": 0.7318435754189944,
        "recall": 0.5038461538461538,
        "f1-score": 0.5968109339407746,
        "support": 260
    },
    "UP": {
        "precision": 0.3827751196172249,
        "recall": 0.625,
        "f1-score": 0.47477744807121663,
        "support": 128
    },
    "accuracy": 0.5438144329896907,
    "macro avg": {
        "precision": 0.5573093475181097,
        "recall": 0.5644230769230769,
        "f1-score": 0.5357941910059956,
        "support": 388
    },
    "weighted avg": {
        "precision": 0.6166869714431529,
        "recall": 0.5438144329896907,
        "f1-score": 0.5565524643755595,
        "support": 388
    }
}