{
    "R2": 0.6586927435071024,
    "RMSE": 109.697328530218,
    "MSE": 12033.503886666582,
    "MAPE": 0.082069304774614,
    "ACMAPE": 0.9802728975889852
}