{
    "DOWN": {
        "precision": 0.5778894472361809,
        "recall": 0.6166219839142091,
        "f1-score": 0.5966277561608301,
        "support": 373
    },
    "UP": {
        "precision": 0.428,
        "recall": 0.3890909090909091,
        "f1-score": 0.4076190476190476,
        "support": 275
    },
    "accuracy": 0.5200617283950617,
    "macro avg": {
        "precision": 0.5029447236180904,
        "recall": 0.5028564465025591,
        "f1-score": 0.5021234018899389,
        "support": 648
    },
    "weighted avg": {
        "precision": 0.5142789565109498,
        "recall": 0.5200617283950617,
        "f1-score": 0.5164157270728823,
        "support": 648
    }
}