{
    "DOWN": {
        "precision": 0.9259259259259259,
        "recall": 0.43478260869565216,
        "f1-score": 0.591715976331361,
        "support": 115
    },
    "UP": {
        "precision": 0.35,
        "recall": 0.8974358974358975,
        "f1-score": 0.5035971223021583,
        "support": 39
    },
    "accuracy": 0.551948051948052,
    "macro avg": {
        "precision": 0.637962962962963,
        "recall": 0.6661092530657748,
        "f1-score": 0.5476565493167596,
        "support": 154
    },
    "weighted avg": {
        "precision": 0.780074555074555,
        "recall": 0.551948051948052,
        "f1-score": 0.5694001626486409,
        "support": 154
    }
}