{
    "DOWN": {
        "precision": 0.6790123456790124,
        "recall": 0.3942652329749104,
        "f1-score": 0.4988662131519274,
        "support": 279
    },
    "UP": {
        "precision": 0.3763837638376384,
        "recall": 0.6623376623376623,
        "f1-score": 0.48000000000000004,
        "support": 154
    },
    "accuracy": 0.4896073903002309,
    "macro avg": {
        "precision": 0.5276980547583254,
        "recall": 0.5283014476562864,
        "f1-score": 0.48943310657596373,
        "support": 433
    },
    "weighted avg": {
        "precision": 0.5713800094121034,
        "recall": 0.4896073903002309,
        "f1-score": 0.4921562897676391,
        "support": 433
    }
}