{
    "DOWN": {
        "precision": 0.6692015209125475,
        "recall": 0.6308243727598566,
        "f1-score": 0.6494464944649446,
        "support": 279
    },
    "UP": {
        "precision": 0.3941176470588235,
        "recall": 0.43506493506493504,
        "f1-score": 0.4135802469135802,
        "support": 154
    },
    "accuracy": 0.5612009237875288,
    "macro avg": {
        "precision": 0.5316595839856855,
        "recall": 0.5329446539123959,
        "f1-score": 0.5315133706892624,
        "support": 433
    },
    "weighted avg": {
        "precision": 0.5713656858698835,
        "recall": 0.5612009237875288,
        "f1-score": 0.5655587297469074,
        "support": 433
    }
}