{
    "R2": 0.9454376754598216,
    "RMSE": 29.82619715566308,
    "MSE": 889.6020367684844,
    "MAPE": 0.07066563883012164,
    "ACMAPE": 0.8872555005812737
}