{
    "DOWN": {
        "precision": 0.7094017094017094,
        "recall": 0.6102941176470589,
        "f1-score": 0.6561264822134387,
        "support": 136
    },
    "UP": {
        "precision": 0.5092592592592593,
        "recall": 0.6179775280898876,
        "f1-score": 0.5583756345177665,
        "support": 89
    },
    "accuracy": 0.6133333333333333,
    "macro avg": {
        "precision": 0.6093304843304843,
        "recall": 0.6141358228684732,
        "f1-score": 0.6072510583656026,
        "support": 225
    },
    "weighted avg": {
        "precision": 0.6302342513453625,
        "recall": 0.6133333333333333,
        "f1-score": 0.6174605913471506,
        "support": 225
    }
}