{
    "R2": 0.841034227851755,
    "RMSE": 7.64831980408881,
    "MSE": 58.49679582561709,
    "MAPE": 0.05749440902256144,
    "ACMAPE": 0.7452200407915145
}