{
    "R2": 0.9836194327685897,
    "RMSE": 11.789649022708916,
    "MSE": 138.99582407866131,
    "MAPE": 0.06844489064561741,
    "ACMAPE": 1.3386171481252185
}