{
    "DOWN": {
        "precision": 0.693609022556391,
        "recall": 0.28211009174311924,
        "f1-score": 0.4010869565217391,
        "support": 1308
    },
    "UP": {
        "precision": 0.3326226012793177,
        "recall": 0.7416798732171157,
        "f1-score": 0.4592737978410206,
        "support": 631
    },
    "accuracy": 0.43166580711707064,
    "macro avg": {
        "precision": 0.5131158119178544,
        "recall": 0.5118949824801174,
        "f1-score": 0.43018037718137986,
        "support": 1939
    },
    "weighted avg": {
        "precision": 0.5761348442037179,
        "recall": 0.43166580711707064,
        "f1-score": 0.4200224371161005,
        "support": 1939
    }
}