{
    "DOWN": {
        "precision": 0.7562862669245648,
        "recall": 0.16889848812095032,
        "f1-score": 0.2761299435028248,
        "support": 2315
    },
    "UP": {
        "precision": 0.08293612964728313,
        "recall": 0.58,
        "f1-score": 0.14512093411175978,
        "support": 300
    },
    "accuracy": 0.21606118546845124,
    "macro avg": {
        "precision": 0.41961119828592397,
        "recall": 0.37444924406047514,
        "f1-score": 0.2106254388072923,
        "support": 2615
    },
    "weighted avg": {
        "precision": 0.6790376852101538,
        "recall": 0.21606118546845124,
        "f1-score": 0.26110022923233933,
        "support": 2615
    }
}