{
    "R2": 0.9256622722167324,
    "RMSE": 236.4257913902895,
    "MSE": 55897.15483452469,
    "MAPE": 0.025135416604267248,
    "ACMAPE": 1.1741550244474044
}