{
    "R2": 0.9957179945852688,
    "RMSE": 4.698807381077068,
    "MSE": 22.078790804464333,
    "MAPE": 0.02717507254211826,
    "ACMAPE": 0.9982263676157597
}