{
    "DOWN": {
        "precision": 0.7142857142857143,
        "recall": 0.5786350148367952,
        "f1-score": 0.639344262295082,
        "support": 337
    },
    "UP": {
        "precision": 0.3632286995515695,
        "recall": 0.5094339622641509,
        "f1-score": 0.42408376963350786,
        "support": 159
    },
    "accuracy": 0.5564516129032258,
    "macro avg": {
        "precision": 0.5387572069186419,
        "recall": 0.5440344885504731,
        "f1-score": 0.5317140159642949,
        "support": 496
    },
    "weighted avg": {
        "precision": 0.6017492922237606,
        "recall": 0.5564516129032258,
        "f1-score": 0.5703393866233274,
        "support": 496
    }
}