{
    "R2": 0.8186887522909729,
    "RMSE": 2280.631849313513,
    "MSE": 5201281.632103175,
    "MAPE": 0.051622417959725574,
    "ACMAPE": 0.8955248569841159
}