{
    "R2": 0.7334250884660601,
    "RMSE": 45.91653687629804,
    "MSE": 2108.328358712438,
    "MAPE": 0.39355163985100894,
    "ACMAPE": 1.5952683780484338
}