{
    "DOWN": {
        "precision": 0.73,
        "recall": 0.8295454545454546,
        "f1-score": 0.7765957446808511,
        "support": 88
    },
    "UP": {
        "precision": 0.34782608695652173,
        "recall": 0.22857142857142856,
        "f1-score": 0.27586206896551724,
        "support": 35
    },
    "accuracy": 0.6585365853658537,
    "macro avg": {
        "precision": 0.5389130434782609,
        "recall": 0.5290584415584416,
        "f1-score": 0.5262289068231842,
        "support": 123
    },
    "weighted avg": {
        "precision": 0.6212513255567338,
        "recall": 0.6585365853658537,
        "f1-score": 0.6341105524041301,
        "support": 123
    }
}