{
    "DOWN": {
        "precision": 0.7808926595352269,
        "recall": 0.6391908212560387,
        "f1-score": 0.7029719408932427,
        "support": 3312
    },
    "UP": {
        "precision": 0.3015780245470485,
        "recall": 0.4648648648648649,
        "f1-score": 0.3658277206664304,
        "support": 1110
    },
    "accuracy": 0.5954319312528268,
    "macro avg": {
        "precision": 0.5412353420411378,
        "recall": 0.5520278430604517,
        "f1-score": 0.5343998307798365,
        "support": 4422
    },
    "weighted avg": {
        "precision": 0.6605762314852772,
        "recall": 0.5954319312528268,
        "f1-score": 0.6183427947033373,
        "support": 4422
    }
}