{
    "R2": 0.9690669947824396,
    "RMSE": 9.47524871189558,
    "MSE": 89.78033815227884,
    "MAPE": 0.06073614642341561,
    "ACMAPE": 1.6191071871473974
}