{
    "R2": 0.9786964845208279,
    "RMSE": 16.586573302101336,
    "MSE": 275.11441390598077,
    "MAPE": 0.057625212762800054,
    "ACMAPE": 0.9131454308454898
}