{
    "R2": 0.9847885324661194,
    "RMSE": 57.666297688804036,
    "MSE": 3325.401889133766,
    "MAPE": 0.013506100841433843,
    "ACMAPE": 0.919530197226976
}