{
    "R2": 0.9951917461344031,
    "RMSE": 28.484956710454142,
    "MSE": 811.3927587964464,
    "MAPE": 0.10776718199299692,
    "ACMAPE": 1.3253545551609787
}