{
    "DOWN": {
        "precision": 0.4567901234567901,
        "recall": 0.6491228070175439,
        "f1-score": 0.536231884057971,
        "support": 114
    },
    "UP": {
        "precision": 0.40298507462686567,
        "recall": 0.23478260869565218,
        "f1-score": 0.2967032967032967,
        "support": 115
    },
    "accuracy": 0.4410480349344978,
    "macro avg": {
        "precision": 0.4298875990418279,
        "recall": 0.441952707856598,
        "f1-score": 0.41646759038063386,
        "support": 229
    },
    "weighted avg": {
        "precision": 0.4297701207692735,
        "recall": 0.4410480349344978,
        "f1-score": 0.4159446021986367,
        "support": 229
    }
}