{
    "DOWN": {
        "precision": 0.802247191011236,
        "recall": 0.4108170310701956,
        "f1-score": 0.54337899543379,
        "support": 869
    },
    "UP": {
        "precision": 0.14381270903010032,
        "recall": 0.4942528735632184,
        "f1-score": 0.22279792746113988,
        "support": 174
    },
    "accuracy": 0.4247363374880153,
    "macro avg": {
        "precision": 0.47302995002066817,
        "recall": 0.45253495231670704,
        "f1-score": 0.38308846144746495,
        "support": 1043
    },
    "weighted avg": {
        "precision": 0.6924028958389276,
        "recall": 0.4247363374880153,
        "f1-score": 0.48989759003854444,
        "support": 1043
    }
}