{
    "R2": 0.82671807182386,
    "RMSE": 20.71760974784868,
    "MSE": 429.21935366415465,
    "MAPE": 0.023093593533552368,
    "ACMAPE": 0.8184152309604529
}