{
    "DOWN": {
        "precision": 0.6493998736576121,
        "recall": 0.3776634827332844,
        "f1-score": 0.47758420441347277,
        "support": 2722
    },
    "UP": {
        "precision": 0.33516483516483514,
        "recall": 0.6061036195883606,
        "f1-score": 0.43164013141268637,
        "support": 1409
    },
    "accuracy": 0.45557976276930523,
    "macro avg": {
        "precision": 0.4922823544112236,
        "recall": 0.4918835511608225,
        "f1-score": 0.45461216791307957,
        "support": 4131
    },
    "weighted avg": {
        "precision": 0.542220699308466,
        "recall": 0.45557976276930523,
        "f1-score": 0.4619136164545989,
        "support": 4131
    }
}