{
    "DOWN": {
        "precision": 0.6705069124423964,
        "recall": 0.8314285714285714,
        "f1-score": 0.7423469387755102,
        "support": 350
    },
    "UP": {
        "precision": 0.3854166666666667,
        "recall": 0.20555555555555555,
        "f1-score": 0.26811594202898553,
        "support": 180
    },
    "accuracy": 0.6188679245283019,
    "macro avg": {
        "precision": 0.5279617895545315,
        "recall": 0.5184920634920634,
        "f1-score": 0.5052314404022479,
        "support": 530
    },
    "weighted avg": {
        "precision": 0.5736838101034692,
        "recall": 0.6188679245283019,
        "f1-score": 0.5812873549748037,
        "support": 530
    }
}