{
    "DOWN": {
        "precision": 0.4818181818181818,
        "recall": 0.6794871794871795,
        "f1-score": 0.5638297872340426,
        "support": 78
    },
    "UP": {
        "precision": 0.4791666666666667,
        "recall": 0.2875,
        "f1-score": 0.359375,
        "support": 80
    },
    "accuracy": 0.4810126582278481,
    "macro avg": {
        "precision": 0.4804924242424242,
        "recall": 0.48349358974358975,
        "f1-score": 0.4616023936170213,
        "support": 158
    },
    "weighted avg": {
        "precision": 0.4804756425009589,
        "recall": 0.4810126582278481,
        "f1-score": 0.4603083759762996,
        "support": 158
    }
}