{
    "DOWN": {
        "precision": 0.9368998628257887,
        "recall": 0.6548418024928092,
        "f1-score": 0.770880361173815,
        "support": 1043
    },
    "UP": {
        "precision": 0.06493506493506493,
        "recall": 0.352112676056338,
        "f1-score": 0.10964912280701754,
        "support": 71
    },
    "accuracy": 0.6355475763016158,
    "macro avg": {
        "precision": 0.5009174638804268,
        "recall": 0.5034772392745737,
        "f1-score": 0.44026474199041626,
        "support": 1114
    },
    "weighted avg": {
        "precision": 0.8813258047914607,
        "recall": 0.6355475763016158,
        "f1-score": 0.7287372571127353,
        "support": 1114
    }
}