{
    "DOWN": {
        "precision": 0.8291457286432161,
        "recall": 0.15819750719079578,
        "f1-score": 0.26570048309178745,
        "support": 1043
    },
    "UP": {
        "precision": 0.040437158469945354,
        "recall": 0.5211267605633803,
        "f1-score": 0.07505070993914807,
        "support": 71
    },
    "accuracy": 0.1813285457809695,
    "macro avg": {
        "precision": 0.4347914435565807,
        "recall": 0.339662133877088,
        "f1-score": 0.17037559651546777,
        "support": 1114
    },
    "weighted avg": {
        "precision": 0.7788779472407904,
        "recall": 0.1813285457809695,
        "f1-score": 0.2535495550003715,
        "support": 1114
    }
}