{
    "DOWN": {
        "precision": 0.9017857142857143,
        "recall": 0.38734419942473636,
        "f1-score": 0.5419181757209927,
        "support": 1043
    },
    "UP": {
        "precision": 0.04054054054054054,
        "recall": 0.38028169014084506,
        "f1-score": 0.07327001356852104,
        "support": 71
    },
    "accuracy": 0.3868940754039497,
    "macro avg": {
        "precision": 0.47116312741312744,
        "recall": 0.3838129447827907,
        "f1-score": 0.30759409464475684,
        "support": 1114
    },
    "weighted avg": {
        "precision": 0.846894863894415,
        "recall": 0.3868940754039497,
        "f1-score": 0.5120492174509518,
        "support": 1114
    }
}