{
    "DOWN": {
        "precision": 0.8880829015544042,
        "recall": 0.4265803882528621,
        "f1-score": 0.5763281775386684,
        "support": 2009
    },
    "UP": {
        "precision": 0.2538860103626943,
        "recall": 0.784,
        "f1-score": 0.3835616438356165,
        "support": 500
    },
    "accuracy": 0.497807891590275,
    "macro avg": {
        "precision": 0.5709844559585493,
        "recall": 0.605290194126431,
        "f1-score": 0.4799449106871424,
        "support": 2509
    },
    "weighted avg": {
        "precision": 0.7616985071359685,
        "recall": 0.497807891590275,
        "f1-score": 0.5379131648437596,
        "support": 2509
    }
}