{
    "DOWN": {
        "precision": 0.6526610644257703,
        "recall": 0.43796992481203006,
        "f1-score": 0.5241844769403825,
        "support": 532
    },
    "UP": {
        "precision": 0.41487279843444225,
        "recall": 0.6309523809523809,
        "f1-score": 0.5005903187721369,
        "support": 336
    },
    "accuracy": 0.5126728110599078,
    "macro avg": {
        "precision": 0.5337669314301063,
        "recall": 0.5344611528822055,
        "f1-score": 0.5123873978562596,
        "support": 868
    },
    "weighted avg": {
        "precision": 0.5606139937194499,
        "recall": 0.5126728110599078,
        "f1-score": 0.5150512544236423,
        "support": 868
    }
}