{
    "R2": 0.9806168394594506,
    "RMSE": 7.091967348852152,
    "MSE": 50.29600087718502,
    "MAPE": 0.030565229064293705,
    "ACMAPE": 0.5365553629614044
}