{
    "R2": 0.9033460243974777,
    "RMSE": 11.094418391250041,
    "MSE": 123.08611944010715,
    "MAPE": 0.03590990484475748,
    "ACMAPE": 0.9168622857971385
}