{
    "R2": 0.9950978036437319,
    "RMSE": 14.293612968725565,
    "MSE": 204.30737169971965,
    "MAPE": 0.013156405859365686,
    "ACMAPE": 0.8249957293265963
}