{
    "DOWN": {
        "precision": 0.5710526315789474,
        "recall": 0.3569078947368421,
        "f1-score": 0.4392712550607287,
        "support": 608
    },
    "UP": {
        "precision": 0.3975346687211094,
        "recall": 0.6128266033254157,
        "f1-score": 0.48224299065420556,
        "support": 421
    },
    "accuracy": 0.4616132167152575,
    "macro avg": {
        "precision": 0.48429365015002834,
        "recall": 0.4848672490311289,
        "f1-score": 0.46075712285746717,
        "support": 1029
    },
    "weighted avg": {
        "precision": 0.5000603455117464,
        "recall": 0.4616132167152575,
        "f1-score": 0.45685249965242336,
        "support": 1029
    }
}