{
    "DOWN": {
        "precision": 0.5787139689578714,
        "recall": 0.4292763157894737,
        "f1-score": 0.4929178470254957,
        "support": 608
    },
    "UP": {
        "precision": 0.39965397923875434,
        "recall": 0.5486935866983373,
        "f1-score": 0.46246246246246253,
        "support": 421
    },
    "accuracy": 0.478134110787172,
    "macro avg": {
        "precision": 0.4891839740983129,
        "recall": 0.4889849512439055,
        "f1-score": 0.47769015474397913,
        "support": 1029
    },
    "weighted avg": {
        "precision": 0.5054542452729848,
        "recall": 0.478134110787172,
        "f1-score": 0.48045748074654826,
        "support": 1029
    }
}