{
    "DOWN": {
        "precision": 0.6324535679374389,
        "recall": 0.24415094339622642,
        "f1-score": 0.35230057173972235,
        "support": 2650
    },
    "UP": {
        "precision": 0.351149983803045,
        "recall": 0.7424657534246575,
        "f1-score": 0.47679788871783596,
        "support": 1460
    },
    "accuracy": 0.4211678832116788,
    "macro avg": {
        "precision": 0.491801775870242,
        "recall": 0.49330834841044197,
        "f1-score": 0.41454923022877915,
        "support": 4110
    },
    "weighted avg": {
        "precision": 0.5325257740600143,
        "recall": 0.4211678832116788,
        "f1-score": 0.39652589601905225,
        "support": 4110
    }
}