{
    "DOWN": {
        "precision": 0.8763026733121885,
        "recall": 0.7504850601474583,
        "f1-score": 0.8085284280936454,
        "support": 2577
    },
    "UP": {
        "precision": 0.3137673425827108,
        "recall": 0.5185185185185185,
        "f1-score": 0.39095744680851063,
        "support": 567
    },
    "accuracy": 0.7086513994910941,
    "macro avg": {
        "precision": 0.5950350079474496,
        "recall": 0.6345017893329884,
        "f1-score": 0.5997429374510781,
        "support": 3144
    },
    "weighted avg": {
        "precision": 0.7748530764535326,
        "recall": 0.7086513994910941,
        "f1-score": 0.7332222110489025,
        "support": 3144
    }
}