{
    "DOWN": {
        "precision": 0.7137096774193549,
        "recall": 0.8762376237623762,
        "f1-score": 0.7866666666666666,
        "support": 202
    },
    "UP": {
        "precision": 0.358974358974359,
        "recall": 0.16470588235294117,
        "f1-score": 0.22580645161290322,
        "support": 85
    },
    "accuracy": 0.6655052264808362,
    "macro avg": {
        "precision": 0.5363420181968569,
        "recall": 0.5204717530576587,
        "f1-score": 0.5062365591397849,
        "support": 287
    },
    "weighted avg": {
        "precision": 0.6086486946046349,
        "recall": 0.6655052264808362,
        "f1-score": 0.6205582406054475,
        "support": 287
    }
}