{
    "R2": 0.7395083258995713,
    "RMSE": 76.47925940659248,
    "MSE": 5849.077119380863,
    "MAPE": 0.1578335153774468,
    "ACMAPE": 1.263524572288016
}