{
    "R2": 0.8537294774945648,
    "RMSE": 12.911941184637625,
    "MSE": 166.7182251555413,
    "MAPE": 0.01823016676548125,
    "ACMAPE": 0.796007944543259
}