{
    "R2": 0.8778527889453707,
    "RMSE": 8.528336103584005,
    "MSE": 72.7325166956944,
    "MAPE": 0.025050793487958342,
    "ACMAPE": 1.0355037551604322
}