{
    "DOWN": {
        "precision": 0.5576131687242798,
        "recall": 0.8212121212121212,
        "f1-score": 0.6642156862745097,
        "support": 330
    },
    "UP": {
        "precision": 0.553030303030303,
        "recall": 0.2534722222222222,
        "f1-score": 0.3476190476190476,
        "support": 288
    },
    "accuracy": 0.5566343042071198,
    "macro avg": {
        "precision": 0.5553217358772914,
        "recall": 0.5373421717171717,
        "f1-score": 0.5059173669467787,
        "support": 618
    },
    "weighted avg": {
        "precision": 0.5554774643232032,
        "recall": 0.5566343042071198,
        "f1-score": 0.5166755051535176,
        "support": 618
    }
}