{
    "DOWN": {
        "precision": 0.902317880794702,
        "recall": 0.7867195958137856,
        "f1-score": 0.8405629458261037,
        "support": 2771
    },
    "UP": {
        "precision": 0.30470588235294116,
        "recall": 0.5232323232323233,
        "f1-score": 0.38513011152416354,
        "support": 495
    },
    "accuracy": 0.7467850581751377,
    "macro avg": {
        "precision": 0.6035118815738216,
        "recall": 0.6549759595230544,
        "f1-score": 0.6128465286751337,
        "support": 3266
    },
    "weighted avg": {
        "precision": 0.8117428840927206,
        "recall": 0.7467850581751377,
        "f1-score": 0.7715368426480693,
        "support": 3266
    }
}