{
    "R2": -0.039954203542952094,
    "RMSE": 38.44670735898993,
    "MSE": 1478.1493067478104,
    "MAPE": 0.1728206928789231,
    "ACMAPE": 1.172820692878923
}