{
    "DOWN": {
        "precision": 0.8947368421052632,
        "recall": 0.6849364791288566,
        "f1-score": 0.7759046052631577,
        "support": 2755
    },
    "UP": {
        "precision": 0.1701720841300191,
        "recall": 0.445,
        "f1-score": 0.2461964038727524,
        "support": 400
    },
    "accuracy": 0.6545166402535658,
    "macro avg": {
        "precision": 0.5324544631176411,
        "recall": 0.5649682395644283,
        "f1-score": 0.5110505045679551,
        "support": 3155
    },
    "weighted avg": {
        "precision": 0.8028744322193367,
        "recall": 0.6545166402535658,
        "f1-score": 0.7087466716478924,
        "support": 3155
    }
}