{
    "R2": 0.9437899087888711,
    "RMSE": 9.410198270110161,
    "MSE": 88.55183148278428,
    "MAPE": 0.06183606446549994,
    "ACMAPE": 1.1071322317128867
}