{
    "R2": -1.6336379348146362,
    "RMSE": 26.055307727230947,
    "MSE": 678.8790607607007,
    "MAPE": 0.14016409363562202,
    "ACMAPE": 0.8749707234698761
}