{
    "DOWN": {
        "precision": 0.6811594202898551,
        "recall": 0.6010230179028133,
        "f1-score": 0.6385869565217391,
        "support": 391
    },
    "UP": {
        "precision": 0.4306569343065693,
        "recall": 0.5175438596491229,
        "f1-score": 0.47011952191235057,
        "support": 228
    },
    "accuracy": 0.5702746365105008,
    "macro avg": {
        "precision": 0.5559081772982122,
        "recall": 0.5592834387759681,
        "f1-score": 0.5543532392170448,
        "support": 619
    },
    "weighted avg": {
        "precision": 0.5888903301376918,
        "recall": 0.5702746365105008,
        "f1-score": 0.5765343311728851,
        "support": 619
    }
}