{
    "DOWN": {
        "precision": 0.7253086419753086,
        "recall": 0.5316742081447964,
        "f1-score": 0.6135770234986945,
        "support": 442
    },
    "UP": {
        "precision": 0.33865814696485624,
        "recall": 0.5435897435897435,
        "f1-score": 0.41732283464566927,
        "support": 195
    },
    "accuracy": 0.5353218210361067,
    "macro avg": {
        "precision": 0.5319833944700825,
        "recall": 0.53763197586727,
        "f1-score": 0.5154499290721819,
        "support": 637
    },
    "weighted avg": {
        "precision": 0.6069462455435375,
        "recall": 0.5353218210361067,
        "f1-score": 0.5534992105845031,
        "support": 637
    }
}