{
    "DOWN": {
        "precision": 0.7209302325581395,
        "recall": 0.5904761904761905,
        "f1-score": 0.6492146596858638,
        "support": 105
    },
    "UP": {
        "precision": 0.4189189189189189,
        "recall": 0.5636363636363636,
        "f1-score": 0.48062015503875966,
        "support": 55
    },
    "accuracy": 0.58125,
    "macro avg": {
        "precision": 0.5699245757385292,
        "recall": 0.577056277056277,
        "f1-score": 0.5649174073623118,
        "support": 160
    },
    "weighted avg": {
        "precision": 0.6171138434946574,
        "recall": 0.58125,
        "f1-score": 0.5912602987134218,
        "support": 160
    }
}