{
    "DOWN": {
        "precision": 0.6899736147757256,
        "recall": 0.7503586800573888,
        "f1-score": 0.7189003436426117,
        "support": 697
    },
    "UP": {
        "precision": 0.5153203342618384,
        "recall": 0.44047619047619047,
        "f1-score": 0.4749679075738126,
        "support": 420
    },
    "accuracy": 0.6338406445837064,
    "macro avg": {
        "precision": 0.602646974518782,
        "recall": 0.5954174352667896,
        "f1-score": 0.5969341256082121,
        "support": 1117
    },
    "weighted avg": {
        "precision": 0.6243027304285165,
        "recall": 0.6338406445837064,
        "f1-score": 0.6271800006265905,
        "support": 1117
    }
}