{
    "DOWN": {
        "precision": 0.6925,
        "recall": 0.6994949494949495,
        "f1-score": 0.6959798994974874,
        "support": 396
    },
    "UP": {
        "precision": 0.3602150537634409,
        "recall": 0.3526315789473684,
        "f1-score": 0.3563829787234043,
        "support": 190
    },
    "accuracy": 0.5870307167235495,
    "macro avg": {
        "precision": 0.5263575268817204,
        "recall": 0.5260632642211589,
        "f1-score": 0.5261814391104458,
        "support": 586
    },
    "weighted avg": {
        "precision": 0.5847625600939484,
        "recall": 0.5870307167235495,
        "f1-score": 0.5858716828642523,
        "support": 586
    }
}