{
    "R2": 0.2599137910665309,
    "RMSE": 4.788884524893292,
    "MSE": 22.933414992762447,
    "MAPE": 0.06521081605352048,
    "ACMAPE": 0.5552770412190835
}