{
    "DOWN": {
        "precision": 0.7567567567567568,
        "recall": 0.9911504424778761,
        "f1-score": 0.8582375478927203,
        "support": 113
    },
    "UP": {
        "precision": 0.6666666666666666,
        "recall": 0.05263157894736842,
        "f1-score": 0.09756097560975609,
        "support": 38
    },
    "accuracy": 0.7549668874172185,
    "macro avg": {
        "precision": 0.7117117117117118,
        "recall": 0.5218910107126222,
        "f1-score": 0.4778992617512382,
        "support": 151
    },
    "weighted avg": {
        "precision": 0.7340850784559394,
        "recall": 0.7549668874172185,
        "f1-score": 0.6668090065234975,
        "support": 151
    }
}