{
    "DOWN": {
        "precision": 0.6889325474787165,
        "recall": 0.3228974831184776,
        "f1-score": 0.43970741901776383,
        "support": 3258
    },
    "UP": {
        "precision": 0.13252064490758947,
        "recall": 0.41502463054187194,
        "f1-score": 0.2008941877794337,
        "support": 812
    },
    "accuracy": 0.34127764127764126,
    "macro avg": {
        "precision": 0.410726596193153,
        "recall": 0.36896105683017477,
        "f1-score": 0.3203008033985988,
        "support": 4070
    },
    "weighted avg": {
        "precision": 0.5779235880468356,
        "recall": 0.34127764127764126,
        "f1-score": 0.3920621257092813,
        "support": 4070
    }
}