{
    "DOWN": {
        "precision": 0.6766917293233082,
        "recall": 0.6164383561643836,
        "f1-score": 0.6451612903225806,
        "support": 292
    },
    "UP": {
        "precision": 0.41968911917098445,
        "recall": 0.48502994011976047,
        "f1-score": 0.45,
        "support": 167
    },
    "accuracy": 0.5686274509803921,
    "macro avg": {
        "precision": 0.5481904242471464,
        "recall": 0.550734148142072,
        "f1-score": 0.5475806451612903,
        "support": 459
    },
    "weighted avg": {
        "precision": 0.5831853330369507,
        "recall": 0.5686274509803921,
        "f1-score": 0.5741548949328835,
        "support": 459
    }
}