{
    "R2": 0.9860758709216244,
    "RMSE": 161.0529056739196,
    "MSE": 25938.038426012452,
    "MAPE": 0.04423684025414415,
    "ACMAPE": 1.0414971142267468
}