{
    "R2": 0.9825385670429551,
    "RMSE": 201.19812643154307,
    "MSE": 40480.68607956319,
    "MAPE": 0.029446326885061453,
    "ACMAPE": 0.9959203153243678
}