{
    "DOWN": {
        "precision": 0.5879265091863517,
        "recall": 0.45621181262729127,
        "f1-score": 0.5137614678899082,
        "support": 491
    },
    "UP": {
        "precision": 0.44834710743801653,
        "recall": 0.5802139037433155,
        "f1-score": 0.5058275058275058,
        "support": 374
    },
    "accuracy": 0.5098265895953757,
    "macro avg": {
        "precision": 0.5181368083121841,
        "recall": 0.5182128581853034,
        "f1-score": 0.509794486858707,
        "support": 865
    },
    "weighted avg": {
        "precision": 0.5275765713205975,
        "recall": 0.5098265895953757,
        "f1-score": 0.5103310611715978,
        "support": 865
    }
}