{
    "DOWN": {
        "precision": 0.5921205098493627,
        "recall": 0.8021978021978022,
        "f1-score": 0.6813333333333333,
        "support": 637
    },
    "UP": {
        "precision": 0.5172413793103449,
        "recall": 0.27720739219712526,
        "f1-score": 0.3609625668449198,
        "support": 487
    },
    "accuracy": 0.5747330960854092,
    "macro avg": {
        "precision": 0.5546809445798537,
        "recall": 0.5397025971974637,
        "f1-score": 0.5211479500891265,
        "support": 1124
    },
    "weighted avg": {
        "precision": 0.5596773278453576,
        "recall": 0.5747330960854092,
        "f1-score": 0.5425250030131755,
        "support": 1124
    }
}