{
    "DOWN": {
        "precision": 0.6100462656972901,
        "recall": 0.3203748698368622,
        "f1-score": 0.4201183431952663,
        "support": 2881
    },
    "UP": {
        "precision": 0.34361381159906135,
        "recall": 0.6346749226006192,
        "f1-score": 0.44584602000869944,
        "support": 1615
    },
    "accuracy": 0.4332740213523132,
    "macro avg": {
        "precision": 0.47683003864817575,
        "recall": 0.4775248962187407,
        "f1-score": 0.4329821816019829,
        "support": 4496
    },
    "weighted avg": {
        "precision": 0.5143415474213472,
        "recall": 0.4332740213523132,
        "f1-score": 0.4293599352890595,
        "support": 4496
    }
}