{
    "R2": 0.9975317873501712,
    "RMSE": 111.25389810043477,
    "MSE": 12377.429842541924,
    "MAPE": 0.056186651326809375,
    "ACMAPE": 1.1591737222140142
}