{
    "R2": 0.957698938477967,
    "RMSE": 6.933940663300305,
    "MSE": 48.07953312216947,
    "MAPE": 0.03415765938094807,
    "ACMAPE": 0.9490854282413013
}