{
    "DOWN": {
        "precision": 0.6230058774139379,
        "recall": 0.4052430365920262,
        "f1-score": 0.49106551952349436,
        "support": 1831
    },
    "UP": {
        "precision": 0.36942675159235666,
        "recall": 0.5869365225390984,
        "f1-score": 0.45344705046197575,
        "support": 1087
    },
    "accuracy": 0.4729266620973269,
    "macro avg": {
        "precision": 0.4962163145031473,
        "recall": 0.4960897795655623,
        "f1-score": 0.4722562849927351,
        "support": 2918
    },
    "weighted avg": {
        "precision": 0.5285437424694353,
        "recall": 0.4729266620973269,
        "f1-score": 0.47705205966404585,
        "support": 2918
    }
}