{
    "R2": 0.994406325387977,
    "RMSE": 61.822275020079324,
    "MSE": 3821.9936886583237,
    "MAPE": 0.038759881232411086,
    "ACMAPE": 1.0239476180563862
}