{
    "DOWN": {
        "precision": 0.5326876513317191,
        "recall": 0.5555555555555556,
        "f1-score": 0.5438813349814586,
        "support": 396
    },
    "UP": {
        "precision": 0.444794952681388,
        "recall": 0.4221556886227545,
        "f1-score": 0.4331797235023041,
        "support": 334
    },
    "accuracy": 0.4945205479452055,
    "macro avg": {
        "precision": 0.4887413020065536,
        "recall": 0.488855622089155,
        "f1-score": 0.48853052924188134,
        "support": 730
    },
    "weighted avg": {
        "precision": 0.49247373167526637,
        "recall": 0.4945205479452055,
        "f1-score": 0.4932315565786674,
        "support": 730
    }
}