{
    "R2": 0.8628117249214365,
    "RMSE": 16.574782250385233,
    "MSE": 274.7234066476854,
    "MAPE": 0.08224824432257137,
    "ACMAPE": 1.2423632970550738
}