{
    "DOWN": {
        "precision": 0.8103225806451613,
        "recall": 0.2223008849557522,
        "f1-score": 0.3488888888888889,
        "support": 2825
    },
    "UP": {
        "precision": 0.0913978494623656,
        "recall": 0.6005434782608695,
        "f1-score": 0.15865039483129934,
        "support": 368
    },
    "accuracy": 0.2658941434387723,
    "macro avg": {
        "precision": 0.45086021505376345,
        "recall": 0.41142218160831084,
        "f1-score": 0.2537696418600941,
        "support": 3193
    },
    "weighted avg": {
        "precision": 0.7274649855699126,
        "recall": 0.2658941434387723,
        "f1-score": 0.32696350028469445,
        "support": 3193
    }
}