{
    "DOWN": {
        "precision": 0.8291316526610645,
        "recall": 0.5659655831739961,
        "f1-score": 0.6727272727272727,
        "support": 523
    },
    "UP": {
        "precision": 0.36235955056179775,
        "recall": 0.6789473684210526,
        "f1-score": 0.4725274725274725,
        "support": 190
    },
    "accuracy": 0.5960729312762973,
    "macro avg": {
        "precision": 0.5957456016114311,
        "recall": 0.6224564757975244,
        "f1-score": 0.5726273726273726,
        "support": 713
    },
    "weighted avg": {
        "precision": 0.7047463800118909,
        "recall": 0.5960729312762973,
        "f1-score": 0.619378097358462,
        "support": 713
    }
}