{
    "DOWN": {
        "precision": 0.8842364532019704,
        "recall": 0.09107052257737189,
        "f1-score": 0.1651333946642134,
        "support": 3942
    },
    "UP": {
        "precision": 0.03941018766756032,
        "recall": 0.7577319587628866,
        "f1-score": 0.0749235474006116,
        "support": 194
    },
    "accuracy": 0.12234042553191489,
    "macro avg": {
        "precision": 0.46182332043476537,
        "recall": 0.42440124067012924,
        "f1-score": 0.1200284710324125,
        "support": 4136
    },
    "weighted avg": {
        "precision": 0.844609689296343,
        "recall": 0.12234042553191489,
        "f1-score": 0.16090208171229395,
        "support": 4136
    }
}