{
    "R2": 0.8113839132363545,
    "RMSE": 30.923687944583957,
    "MSE": 956.2744760940071,
    "MAPE": 0.06782423936129513,
    "ACMAPE": 0.8134889792456881
}