{
    "R2": 0.9929307923660295,
    "RMSE": 499.5906735505276,
    "MSE": 249590.84109866983,
    "MAPE": 0.24994606859223695,
    "ACMAPE": 1.3328860551060602
}