{
    "R2": 0.9583189312832359,
    "RMSE": 68.2694422275725,
    "MSE": 4660.71674206386,
    "MAPE": 0.06604998215019235,
    "ACMAPE": 1.0393120142357537
}