{
    "R2": 0.9620854215331679,
    "RMSE": 5.029876123401878,
    "MSE": 25.299653816768306,
    "MAPE": 0.019277048771708633,
    "ACMAPE": 0.8905012141135211
}