{
    "DOWN": {
        "precision": 0.7,
        "recall": 0.4014962593516209,
        "f1-score": 0.5103011093502376,
        "support": 401
    },
    "UP": {
        "precision": 0.39849624060150374,
        "recall": 0.6973684210526315,
        "f1-score": 0.507177033492823,
        "support": 228
    },
    "accuracy": 0.5087440381558028,
    "macro avg": {
        "precision": 0.5492481203007519,
        "recall": 0.5494323402021262,
        "f1-score": 0.5087390714215303,
        "support": 629
    },
    "weighted avg": {
        "precision": 0.590710878946173,
        "recall": 0.5087440381558028,
        "f1-score": 0.5091686939361032,
        "support": 629
    }
}