{
    "DOWN": {
        "precision": 0.7261538461538461,
        "recall": 0.4591439688715953,
        "f1-score": 0.5625744934445769,
        "support": 514
    },
    "UP": {
        "precision": 0.28350515463917525,
        "recall": 0.5527638190954773,
        "f1-score": 0.37478705281090285,
        "support": 199
    },
    "accuracy": 0.485273492286115,
    "macro avg": {
        "precision": 0.5048295003965106,
        "recall": 0.5059538939835363,
        "f1-score": 0.46868077312773987,
        "support": 713
    },
    "weighted avg": {
        "precision": 0.6026095409484892,
        "recall": 0.485273492286115,
        "f1-score": 0.5101625710236777,
        "support": 713
    }
}