{
    "DOWN": {
        "precision": 0.6430517711171662,
        "recall": 0.5959595959595959,
        "f1-score": 0.618610747051114,
        "support": 396
    },
    "UP": {
        "precision": 0.4557823129251701,
        "recall": 0.5056603773584906,
        "f1-score": 0.4794275491949911,
        "support": 265
    },
    "accuracy": 0.5597579425113465,
    "macro avg": {
        "precision": 0.5494170420211681,
        "recall": 0.5508099866590432,
        "f1-score": 0.5490191481230525,
        "support": 661
    },
    "weighted avg": {
        "precision": 0.5679740004350498,
        "recall": 0.5597579425113465,
        "f1-score": 0.5628111291511555,
        "support": 661
    }
}