{
    "DOWN": {
        "precision": 0.6265060240963856,
        "recall": 0.46846846846846846,
        "f1-score": 0.5360824742268041,
        "support": 111
    },
    "UP": {
        "precision": 0.3058823529411765,
        "recall": 0.45614035087719296,
        "f1-score": 0.36619718309859156,
        "support": 57
    },
    "accuracy": 0.4642857142857143,
    "macro avg": {
        "precision": 0.466194188518781,
        "recall": 0.4623044096728307,
        "f1-score": 0.45113982866269786,
        "support": 168
    },
    "weighted avg": {
        "precision": 0.5177229928115825,
        "recall": 0.4642857142857143,
        "f1-score": 0.47844282187973197,
        "support": 168
    }
}