{
    "DOWN": {
        "precision": 0.616737416616131,
        "recall": 0.444493006993007,
        "f1-score": 0.5166370332740665,
        "support": 2288
    },
    "UP": {
        "precision": 0.39905437352245865,
        "recall": 0.5718157181571816,
        "f1-score": 0.47006404901141746,
        "support": 1476
    },
    "accuracy": 0.4944208289054198,
    "macro avg": {
        "precision": 0.5078958950692949,
        "recall": 0.5081543625750943,
        "f1-score": 0.493350541142742,
        "support": 3764
    },
    "weighted avg": {
        "precision": 0.5313760532775922,
        "recall": 0.4944208289054198,
        "f1-score": 0.49837408832941454,
        "support": 3764
    }
}