{
    "DOWN": {
        "precision": 0.6413793103448275,
        "recall": 0.6058631921824105,
        "f1-score": 0.6231155778894473,
        "support": 307
    },
    "UP": {
        "precision": 0.4238095238095238,
        "recall": 0.46113989637305697,
        "f1-score": 0.44168734491315137,
        "support": 193
    },
    "accuracy": 0.55,
    "macro avg": {
        "precision": 0.5325944170771757,
        "recall": 0.5335015442777338,
        "f1-score": 0.5324014614012993,
        "support": 500
    },
    "weighted avg": {
        "precision": 0.5573973727422004,
        "recall": 0.55,
        "f1-score": 0.5530842799605971,
        "support": 500
    }
}