{
    "R2": 0.9395643120314403,
    "RMSE": 208.58743663907066,
    "MSE": 43508.71872365832,
    "MAPE": 0.13958545980735815,
    "ACMAPE": 0.995529515751414
}