{
    "R2": 0.8512700227765948,
    "RMSE": 65.26953775670054,
    "MSE": 4260.112558973357,
    "MAPE": 0.07275795336215944,
    "ACMAPE": 1.03955742215366
}