{
    "R2": 0.7817189320627504,
    "RMSE": 4.110976090516644,
    "MSE": 16.90012441679951,
    "MAPE": 0.025046201583875046,
    "ACMAPE": 1.0598720722306412
}