{
    "R2": 0.9234853961719699,
    "RMSE": 9.995382222471896,
    "MSE": 99.90766577330722,
    "MAPE": 0.07740407351377546,
    "ACMAPE": 1.170397704087024
}