{
    "DOWN": {
        "precision": 0.8334786399302528,
        "recall": 0.2690683929074022,
        "f1-score": 0.40680851063829787,
        "support": 3553
    },
    "UP": {
        "precision": 0.16468317787069797,
        "recall": 0.7283072546230441,
        "f1-score": 0.26862539349422876,
        "support": 703
    },
    "accuracy": 0.3449248120300752,
    "macro avg": {
        "precision": 0.4990809089004754,
        "recall": 0.49868782376522314,
        "f1-score": 0.3377169520662633,
        "support": 4256
    },
    "weighted avg": {
        "precision": 0.7230079609293443,
        "recall": 0.3449248120300752,
        "f1-score": 0.3839836207528936,
        "support": 4256
    }
}