{
    "R2": -1.5944776054550753,
    "RMSE": 16.111366896383295,
    "MSE": 259.5761432698755,
    "MAPE": 0.28554475711255434,
    "ACMAPE": 0.45489959582223183
}