{
    "DOWN": {
        "precision": 0.7954110898661568,
        "recall": 0.36512580456407256,
        "f1-score": 0.5005013033888109,
        "support": 3418
    },
    "UP": {
        "precision": 0.1811320754716981,
        "recall": 0.599250936329588,
        "f1-score": 0.2781802376122863,
        "support": 801
    },
    "accuracy": 0.40957572884569804,
    "macro avg": {
        "precision": 0.48827158266892745,
        "recall": 0.4821883704468303,
        "f1-score": 0.3893407705005486,
        "support": 4219
    },
    "weighted avg": {
        "precision": 0.6787868920633692,
        "recall": 0.40957572884569804,
        "f1-score": 0.4582924449657258,
        "support": 4219
    }
}