{
    "R2": 0.963384192330707,
    "RMSE": 32.04443806680771,
    "MSE": 1026.8460110174747,
    "MAPE": 0.024989683042711614,
    "ACMAPE": 1.0959116688583144
}