{
    "R2": 0.9262026395871654,
    "RMSE": 30.698064579976776,
    "MSE": 942.3711689564246,
    "MAPE": 0.030452581269786318,
    "ACMAPE": 1.0304525812697862
}