{
    "DOWN": {
        "precision": 0.7938931297709924,
        "recall": 0.9203539823008849,
        "f1-score": 0.8524590163934425,
        "support": 113
    },
    "UP": {
        "precision": 0.7096774193548387,
        "recall": 0.4489795918367347,
        "f1-score": 0.5499999999999999,
        "support": 49
    },
    "accuracy": 0.7777777777777778,
    "macro avg": {
        "precision": 0.7517852745629156,
        "recall": 0.6846667870688098,
        "f1-score": 0.7012295081967213,
        "support": 162
    },
    "weighted avg": {
        "precision": 0.7684204766204273,
        "recall": 0.7777777777777778,
        "f1-score": 0.7609744990892531,
        "support": 162
    }
}