{
    "DOWN": {
        "precision": 0.6765676567656765,
        "recall": 0.5283505154639175,
        "f1-score": 0.5933429811866859,
        "support": 388
    },
    "UP": {
        "precision": 0.44545454545454544,
        "recall": 0.6,
        "f1-score": 0.511304347826087,
        "support": 245
    },
    "accuracy": 0.5560821484992101,
    "macro avg": {
        "precision": 0.561011101110111,
        "recall": 0.5641752577319588,
        "f1-score": 0.5523236645063865,
        "support": 633
    },
    "weighted avg": {
        "precision": 0.5871162945678453,
        "recall": 0.5560821484992101,
        "f1-score": 0.5615902715921414,
        "support": 633
    }
}