{
    "R2": 0.05586252876370201,
    "RMSE": 2.9525801935247262,
    "MSE": 8.71772979919451,
    "MAPE": 0.025448345423547056,
    "ACMAPE": 1.9129307645515357
}