{
    "DOWN": {
        "precision": 0.9705882352941176,
        "recall": 0.048034934497816595,
        "f1-score": 0.09153952843273233,
        "support": 687
    },
    "UP": {
        "precision": 0.033973412112259974,
        "recall": 0.9583333333333334,
        "f1-score": 0.06562054208273894,
        "support": 24
    },
    "accuracy": 0.07876230661040788,
    "macro avg": {
        "precision": 0.5022808237031888,
        "recall": 0.5031841339155749,
        "f1-score": 0.07858003525773563,
        "support": 711
    },
    "weighted avg": {
        "precision": 0.9389725450601308,
        "recall": 0.07876230661040788,
        "f1-score": 0.09066462593990554,
        "support": 711
    }
}