{
    "DOWN": {
        "precision": 0.798936170212766,
        "recall": 0.7025257249766137,
        "f1-score": 0.7476356396217024,
        "support": 2138
    },
    "UP": {
        "precision": 0.3319327731092437,
        "recall": 0.4553314121037464,
        "f1-score": 0.38396111786148235,
        "support": 694
    },
    "accuracy": 0.6419491525423728,
    "macro avg": {
        "precision": 0.5654344716610048,
        "recall": 0.57892856854018,
        "f1-score": 0.5657983787415923,
        "support": 2832
    },
    "weighted avg": {
        "precision": 0.6844939535496852,
        "recall": 0.6419491525423728,
        "f1-score": 0.6585148352072981,
        "support": 2832
    }
}