{
    "R2": 0.9741433930198515,
    "RMSE": 24.569507368643084,
    "MSE": 603.6606923378067,
    "MAPE": 0.050845357015218896,
    "ACMAPE": 0.9776746253079017
}