{
    "R2": 0.9973119412626368,
    "RMSE": 29.05898570817145,
    "MSE": 844.4246503877125,
    "MAPE": 0.084070671364591,
    "ACMAPE": 0.9344643721519926
}