{
    "DOWN": {
        "precision": 0.9698275862068966,
        "recall": 0.8389261744966443,
        "f1-score": 0.899640143942423,
        "support": 4023
    },
    "UP": {
        "precision": 0.10497237569060773,
        "recall": 0.4198895027624309,
        "f1-score": 0.16795580110497235,
        "support": 181
    },
    "accuracy": 0.820884871550904,
    "macro avg": {
        "precision": 0.5373999809487522,
        "recall": 0.6294078386295376,
        "f1-score": 0.5337979725236977,
        "support": 4204
    },
    "weighted avg": {
        "precision": 0.9325919075428984,
        "recall": 0.820884871550904,
        "f1-score": 0.8681380349858153,
        "support": 4204
    }
}