{
    "DOWN": {
        "precision": 0.6954225352112676,
        "recall": 0.5083655083655083,
        "f1-score": 0.587360594795539,
        "support": 777
    },
    "UP": {
        "precision": 0.20910973084886128,
        "recall": 0.3686131386861314,
        "f1-score": 0.2668428005284016,
        "support": 274
    },
    "accuracy": 0.4719314938154139,
    "macro avg": {
        "precision": 0.45226613303006447,
        "recall": 0.4384893235258198,
        "f1-score": 0.4271016976619703,
        "support": 1051
    },
    "weighted avg": {
        "precision": 0.5686387974421911,
        "recall": 0.4719314938154138,
        "f1-score": 0.5038002944823177,
        "support": 1051
    }
}