{
    "R2": 0.9566029043715394,
    "RMSE": 24.565673611091466,
    "MSE": 603.4723199666756,
    "MAPE": 0.03348035025459596,
    "ACMAPE": 1.0807886699935847
}