{
    "R2": 0.8985404747657302,
    "RMSE": 4.346518395022965,
    "MSE": 18.892222158273015,
    "MAPE": 0.03705169845012496,
    "ACMAPE": 0.7188698802683069
}