{
    "DOWN": {
        "precision": 0.8642857142857143,
        "recall": 0.6954022988505747,
        "f1-score": 0.7707006369426752,
        "support": 174
    },
    "UP": {
        "precision": 0.5508474576271186,
        "recall": 0.7738095238095238,
        "f1-score": 0.6435643564356436,
        "support": 84
    },
    "accuracy": 0.7209302325581395,
    "macro avg": {
        "precision": 0.7075665859564164,
        "recall": 0.7346059113300493,
        "f1-score": 0.7071324966891595,
        "support": 258
    },
    "weighted avg": {
        "precision": 0.7622360493271019,
        "recall": 0.7209302325581395,
        "f1-score": 0.7293074293357347,
        "support": 258
    }
}