{
    "R2": 0.37744652133983536,
    "RMSE": 1.9486878506244787,
    "MSE": 3.7973843391714506,
    "MAPE": 0.026571151203532924,
    "ACMAPE": 0.6724044845368662
}