{
    "DOWN": {
        "precision": 0.9031413612565445,
        "recall": 0.5693069306930693,
        "f1-score": 0.6983805668016194,
        "support": 606
    },
    "UP": {
        "precision": 0.2208955223880597,
        "recall": 0.6666666666666666,
        "f1-score": 0.33183856502242154,
        "support": 111
    },
    "accuracy": 0.5843793584379359,
    "macro avg": {
        "precision": 0.5620184418223021,
        "recall": 0.6179867986798679,
        "f1-score": 0.5151095659120205,
        "support": 717
    },
    "weighted avg": {
        "precision": 0.7975217125614235,
        "recall": 0.5843793584379358,
        "f1-score": 0.6416355707102792,
        "support": 717
    }
}