{
    "DOWN": {
        "precision": 0.7676056338028169,
        "recall": 0.1835016835016835,
        "f1-score": 0.296195652173913,
        "support": 3564
    },
    "UP": {
        "precision": 0.13470115967885815,
        "recall": 0.695852534562212,
        "f1-score": 0.2257100149476831,
        "support": 651
    },
    "accuracy": 0.26263345195729537,
    "macro avg": {
        "precision": 0.45115339674083754,
        "recall": 0.43967710903194773,
        "f1-score": 0.26095283356079807,
        "support": 4215
    },
    "weighted avg": {
        "precision": 0.6698545513224617,
        "recall": 0.26263345195729537,
        "f1-score": 0.2853092583816768,
        "support": 4215
    }
}