{
    "DOWN": {
        "precision": 0.6982343499197432,
        "recall": 0.6511976047904192,
        "f1-score": 0.6738962044926413,
        "support": 668
    },
    "UP": {
        "precision": 0.41457286432160806,
        "recall": 0.46742209631728043,
        "f1-score": 0.4394141145139814,
        "support": 353
    },
    "accuracy": 0.5876591576885406,
    "macro avg": {
        "precision": 0.5564036071206756,
        "recall": 0.5593098505538499,
        "f1-score": 0.5566551595033113,
        "support": 1021
    },
    "weighted avg": {
        "precision": 0.6001613779156868,
        "recall": 0.5876591576885406,
        "f1-score": 0.5928264907194122,
        "support": 1021
    }
}