{
    "R2": 0.9696673201839087,
    "RMSE": 15.20833378937491,
    "MSE": 231.29341664904263,
    "MAPE": 0.09010930269996358,
    "ACMAPE": 1.2976905301367865
}