{
    "R2": 0.5424833562474817,
    "RMSE": 6.694277993970563,
    "MSE": 44.81335786055855,
    "MAPE": 0.022128314375386916,
    "ACMAPE": 0.6268902191372917
}