{
    "DOWN": {
        "precision": 0.8426966292134831,
        "recall": 0.26501766784452296,
        "f1-score": 0.4032258064516129,
        "support": 283
    },
    "UP": {
        "precision": 0.3716012084592145,
        "recall": 0.8978102189781022,
        "f1-score": 0.5256410256410257,
        "support": 137
    },
    "accuracy": 0.4714285714285714,
    "macro avg": {
        "precision": 0.6071489188363488,
        "recall": 0.5814139434113126,
        "f1-score": 0.46443341604631927,
        "support": 420
    },
    "weighted avg": {
        "precision": 0.6890297895864954,
        "recall": 0.4714285714285714,
        "f1-score": 0.443156485091969,
        "support": 420
    }
}