{
    "DOWN": {
        "precision": 0.6018978761861726,
        "recall": 0.5279429250891795,
        "f1-score": 0.5625000000000001,
        "support": 2523
    },
    "UP": {
        "precision": 0.3857658586900464,
        "recall": 0.45917740945365254,
        "f1-score": 0.41928251121076227,
        "support": 1629
    },
    "accuracy": 0.5009633911368016,
    "macro avg": {
        "precision": 0.49383186743810953,
        "recall": 0.49356016727141605,
        "f1-score": 0.49089125560538116,
        "support": 4152
    },
    "weighted avg": {
        "precision": 0.5171004155644989,
        "recall": 0.5009633911368016,
        "f1-score": 0.5063099014360144,
        "support": 4152
    }
}