{
    "DOWN": {
        "precision": 0.640650406504065,
        "recall": 0.7323420074349443,
        "f1-score": 0.6834345186470079,
        "support": 538
    },
    "UP": {
        "precision": 0.3424657534246575,
        "recall": 0.2533783783783784,
        "f1-score": 0.29126213592233013,
        "support": 296
    },
    "accuracy": 0.5623501199040767,
    "macro avg": {
        "precision": 0.4915580799643613,
        "recall": 0.49286019290666133,
        "f1-score": 0.48734832728466904,
        "support": 834
    },
    "weighted avg": {
        "precision": 0.5348198821497429,
        "recall": 0.5623501199040767,
        "f1-score": 0.5442462389269784,
        "support": 834
    }
}