{
    "DOWN": {
        "precision": 0.5528455284552846,
        "recall": 0.3192488262910798,
        "f1-score": 0.40476190476190477,
        "support": 213
    },
    "UP": {
        "precision": 0.3695652173913043,
        "recall": 0.6071428571428571,
        "f1-score": 0.45945945945945943,
        "support": 140
    },
    "accuracy": 0.43342776203966005,
    "macro avg": {
        "precision": 0.46120537292329444,
        "recall": 0.4631958417169685,
        "f1-score": 0.4321106821106821,
        "support": 353
    },
    "weighted avg": {
        "precision": 0.480156453245774,
        "recall": 0.43342776203966005,
        "f1-score": 0.426454985945071,
        "support": 353
    }
}