{
    "DOWN": {
        "precision": 0.6666666666666666,
        "recall": 0.7241379310344828,
        "f1-score": 0.6942148760330579,
        "support": 58
    },
    "UP": {
        "precision": 0.4482758620689655,
        "recall": 0.38235294117647056,
        "f1-score": 0.41269841269841273,
        "support": 34
    },
    "accuracy": 0.5978260869565217,
    "macro avg": {
        "precision": 0.5574712643678161,
        "recall": 0.5532454361054766,
        "f1-score": 0.5534566443657353,
        "support": 92
    },
    "weighted avg": {
        "precision": 0.5859570214892553,
        "recall": 0.5978260869565217,
        "f1-score": 0.5901761830615585,
        "support": 92
    }
}