{
    "DOWN": {
        "precision": 0.4479166666666667,
        "recall": 0.046137339055793994,
        "f1-score": 0.08365758754863814,
        "support": 932
    },
    "UP": {
        "precision": 0.05925925925925926,
        "recall": 0.5137614678899083,
        "f1-score": 0.10626185958254271,
        "support": 109
    },
    "accuracy": 0.09510086455331412,
    "macro avg": {
        "precision": 0.253587962962963,
        "recall": 0.27994940347285113,
        "f1-score": 0.09495972356559043,
        "support": 1041
    },
    "weighted avg": {
        "precision": 0.4072215106557086,
        "recall": 0.09510086455331412,
        "f1-score": 0.08602441334277416,
        "support": 1041
    }
}