{
    "R2": 0.989170094672686,
    "RMSE": 2.06815113549823,
    "MSE": 4.277249119262618,
    "MAPE": 0.02100566065490915,
    "ACMAPE": 1.3965168466063165
}