{
    "R2": 0.9515540387756848,
    "RMSE": 324.70791266401653,
    "MSE": 105435.2285466226,
    "MAPE": 0.07489570098311343,
    "ACMAPE": 1.0389087871336042
}