{
    "R2": 0.9801629585978866,
    "RMSE": 30.87510606589021,
    "MSE": 953.2721745799706,
    "MAPE": 0.02679499087128251,
    "ACMAPE": 1.0092511312221597
}