{
    "DOWN": {
        "precision": 0.5433333333333333,
        "recall": 0.7309417040358744,
        "f1-score": 0.6233269598470363,
        "support": 223
    },
    "UP": {
        "precision": 0.5041322314049587,
        "recall": 0.30808080808080807,
        "f1-score": 0.3824451410658307,
        "support": 198
    },
    "accuracy": 0.5320665083135392,
    "macro avg": {
        "precision": 0.523732782369146,
        "recall": 0.5195112560583413,
        "f1-score": 0.5028860504564335,
        "support": 421
    },
    "weighted avg": {
        "precision": 0.5248967105736702,
        "recall": 0.5320665083135392,
        "f1-score": 0.510038123460626,
        "support": 421
    }
}