{
    "DOWN": {
        "precision": 0.7432926829268293,
        "recall": 0.7469362745098039,
        "f1-score": 0.7451100244498777,
        "support": 1632
    },
    "UP": {
        "precision": 0.4691516709511568,
        "recall": 0.4643765903307888,
        "f1-score": 0.4667519181585678,
        "support": 786
    },
    "accuracy": 0.6550868486352357,
    "macro avg": {
        "precision": 0.606222176938993,
        "recall": 0.6056564324202964,
        "f1-score": 0.6059309713042228,
        "support": 2418
    },
    "weighted avg": {
        "precision": 0.6541798477684841,
        "recall": 0.6550868486352357,
        "f1-score": 0.6546263720326033,
        "support": 2418
    }
}