{
    "R2": 0.9798402026167901,
    "RMSE": 315.81462188743023,
    "MSE": 99738.87539790054,
    "MAPE": 0.024310168672807206,
    "ACMAPE": 0.9759830311263388
}