{
    "R2": 0.8700996549481903,
    "RMSE": 9.85831444579984,
    "MSE": 97.18636371226579,
    "MAPE": 0.036638388077754505,
    "ACMAPE": 1.0218782404762785
}