{
    "DOWN": {
        "precision": 0.7543859649122807,
        "recall": 0.3084648493543759,
        "f1-score": 0.4378818737270876,
        "support": 697
    },
    "UP": {
        "precision": 0.40049751243781095,
        "recall": 0.8214285714285714,
        "f1-score": 0.5384615384615385,
        "support": 392
    },
    "accuracy": 0.4931129476584022,
    "macro avg": {
        "precision": 0.5774417386750459,
        "recall": 0.5649467103914736,
        "f1-score": 0.48817170609431304,
        "support": 1089
    },
    "weighted avg": {
        "precision": 0.6269991206790464,
        "recall": 0.4931129476584022,
        "f1-score": 0.4740868586452738,
        "support": 1089
    }
}