{
    "DOWN": {
        "precision": 0.8908122503328895,
        "recall": 0.44914400805639476,
        "f1-score": 0.5971881276500781,
        "support": 2979
    },
    "UP": {
        "precision": 0.16104294478527606,
        "recall": 0.6576200417536534,
        "f1-score": 0.2587268993839836,
        "support": 479
    },
    "accuracy": 0.47802197802197804,
    "macro avg": {
        "precision": 0.5259275975590828,
        "recall": 0.5533820249050241,
        "f1-score": 0.4279575135170308,
        "support": 3458
    },
    "weighted avg": {
        "precision": 0.7897250619704526,
        "recall": 0.47802197802197804,
        "f1-score": 0.5503046897265792,
        "support": 3458
    }
}