{
    "DOWN": {
        "precision": 0.7691645133505599,
        "recall": 0.5039503386004515,
        "f1-score": 0.6089328332765087,
        "support": 1772
    },
    "UP": {
        "precision": 0.30238095238095236,
        "recall": 0.5870570107858244,
        "f1-score": 0.39916186485070715,
        "support": 649
    },
    "accuracy": 0.5262288310615448,
    "macro avg": {
        "precision": 0.5357727328657561,
        "recall": 0.5455036746931379,
        "f1-score": 0.5040473490636079,
        "support": 2421
    },
    "weighted avg": {
        "precision": 0.6440333563620118,
        "recall": 0.5262288310615448,
        "f1-score": 0.5526993105551765,
        "support": 2421
    }
}