{
    "R2": -1.4152130298292516,
    "RMSE": 48.77907328978738,
    "MSE": 2379.397991010448,
    "MAPE": 0.5674870050434638,
    "ACMAPE": 1.976577914134373
}