{
    "R2": 0.5751327915846033,
    "RMSE": 41.11221285423731,
    "MSE": 1690.2140457721157,
    "MAPE": 0.07563929595298528,
    "ACMAPE": 0.8821966730021655
}