{
    "DOWN": {
        "precision": 0.8656280428432327,
        "recall": 0.9299163179916318,
        "f1-score": 0.8966212808875441,
        "support": 956
    },
    "UP": {
        "precision": 0.2872340425531915,
        "recall": 0.16363636363636364,
        "f1-score": 0.20849420849420852,
        "support": 165
    },
    "accuracy": 0.8171275646743978,
    "macro avg": {
        "precision": 0.5764310426982121,
        "recall": 0.5467763408139977,
        "f1-score": 0.5525577446908763,
        "support": 1121
    },
    "weighted avg": {
        "precision": 0.7804942247809161,
        "recall": 0.8171275646743978,
        "f1-score": 0.795335850963458,
        "support": 1121
    }
}