{
    "DOWN": {
        "precision": 0.9251592356687898,
        "recall": 0.4874161073825503,
        "f1-score": 0.6384615384615384,
        "support": 2384
    },
    "UP": {
        "precision": 0.15955983493810177,
        "recall": 0.7116564417177914,
        "f1-score": 0.2606741573033708,
        "support": 326
    },
    "accuracy": 0.5143911439114391,
    "macro avg": {
        "precision": 0.5423595353034458,
        "recall": 0.5995362745501709,
        "f1-score": 0.44956784788245463,
        "support": 2710
    },
    "weighted avg": {
        "precision": 0.8330613003779395,
        "recall": 0.5143911439114391,
        "f1-score": 0.5930155287724008,
        "support": 2710
    }
}