{
    "DOWN": {
        "precision": 0.8213636363636364,
        "recall": 0.5333530106257379,
        "f1-score": 0.6467430207587688,
        "support": 3388
    },
    "UP": {
        "precision": 0.3029100529100529,
        "recall": 0.6361111111111111,
        "f1-score": 0.4103942652329749,
        "support": 1080
    },
    "accuracy": 0.5581915846016114,
    "macro avg": {
        "precision": 0.5621368446368447,
        "recall": 0.5847320608684246,
        "f1-score": 0.5285686429958718,
        "support": 4468
    },
    "weighted avg": {
        "precision": 0.6960436117150531,
        "recall": 0.5581915846016114,
        "f1-score": 0.5896130619476995,
        "support": 4468
    }
}