{
    "DOWN": {
        "precision": 0.627906976744186,
        "recall": 0.23275862068965517,
        "f1-score": 0.33962264150943394,
        "support": 580
    },
    "UP": {
        "precision": 0.2981072555205047,
        "recall": 0.7026022304832714,
        "f1-score": 0.41860465116279066,
        "support": 269
    },
    "accuracy": 0.38162544169611307,
    "macro avg": {
        "precision": 0.46300711613234535,
        "recall": 0.4676804255864633,
        "f1-score": 0.37911364633611233,
        "support": 849
    },
    "weighted avg": {
        "precision": 0.523412129854704,
        "recall": 0.38162544169611307,
        "f1-score": 0.36464756565166356,
        "support": 849
    }
}