{
    "R2": 0.8029149005129155,
    "RMSE": 74.1106925053022,
    "MSE": 5492.394743615455,
    "MAPE": 0.06537070600214714,
    "ACMAPE": 0.8684595090909502
}