{
    "DOWN": {
        "precision": 0.7248062015503876,
        "recall": 0.935,
        "f1-score": 0.8165938864628821,
        "support": 200
    },
    "UP": {
        "precision": 0.5357142857142857,
        "recall": 0.1744186046511628,
        "f1-score": 0.26315789473684215,
        "support": 86
    },
    "accuracy": 0.7062937062937062,
    "macro avg": {
        "precision": 0.6302602436323366,
        "recall": 0.5547093023255815,
        "f1-score": 0.5398758905998622,
        "support": 286
    },
    "weighted avg": {
        "precision": 0.6679463946905807,
        "recall": 0.7062937062937062,
        "f1-score": 0.6501760707690378,
        "support": 286
    }
}