{
    "R2": 0.9812954406668014,
    "RMSE": 64.44380085813513,
    "MSE": 4153.003469042979,
    "MAPE": 0.04008399652070946,
    "ACMAPE": 0.8599454283913793
}