{
    "DOWN": {
        "precision": 0.7872807017543859,
        "recall": 0.5671406003159558,
        "f1-score": 0.6593204775022956,
        "support": 633
    },
    "UP": {
        "precision": 0.3234567901234568,
        "recall": 0.5745614035087719,
        "f1-score": 0.4139020537124803,
        "support": 228
    },
    "accuracy": 0.5691056910569106,
    "macro avg": {
        "precision": 0.5553687459389214,
        "recall": 0.5708510019123638,
        "f1-score": 0.5366112656073879,
        "support": 861
    },
    "weighted avg": {
        "precision": 0.6644562512876591,
        "recall": 0.5691056910569107,
        "f1-score": 0.5943316266032505,
        "support": 861
    }
}