{
    "R2": 0.9792372004878648,
    "RMSE": 67.77558421057923,
    "MSE": 4593.529815085317,
    "MAPE": 0.04162025606638983,
    "ACMAPE": 0.8728487290859077
}