{
    "R2": 0.5255691487595453,
    "RMSE": 268.026297814633,
    "MSE": 71838.09632021833,
    "MAPE": 0.04722496330239218,
    "ACMAPE": 1.2741157196049133
}