{
    "DOWN": {
        "precision": 0.7090909090909091,
        "recall": 0.5118110236220472,
        "f1-score": 0.5945121951219513,
        "support": 381
    },
    "UP": {
        "precision": 0.3961038961038961,
        "recall": 0.6039603960396039,
        "f1-score": 0.47843137254901963,
        "support": 202
    },
    "accuracy": 0.5437392795883362,
    "macro avg": {
        "precision": 0.5525974025974026,
        "recall": 0.5578857098308256,
        "f1-score": 0.5364717838354854,
        "support": 583
    },
    "weighted avg": {
        "precision": 0.6006460092223386,
        "recall": 0.5437392795883362,
        "f1-score": 0.554292081640421,
        "support": 583
    }
}