{
    "R2": 0.9894608065505551,
    "RMSE": 27.59089556607672,
    "MSE": 761.257518138152,
    "MAPE": 0.015132158166095129,
    "ACMAPE": 0.7797833209567929
}