{
    "R2": 0.994686118707212,
    "RMSE": 4.04698145526837,
    "MSE": 16.378058899286096,
    "MAPE": 0.1400389068795065,
    "ACMAPE": 1.5004883450817537
}