{
    "R2": 0.9467045677363337,
    "RMSE": 3.69876733538565,
    "MSE": 13.680879801315863,
    "MAPE": 0.047151339488584305,
    "ACMAPE": 0.7554846728219176
}