{
    "R2": -68.44027634702329,
    "RMSE": 6.751692616311561,
    "MSE": 45.58535318515605,
    "MAPE": 0.1257659604580251,
    "ACMAPE": 2.125765960458025
}