{
    "R2": 0.9609423254954185,
    "RMSE": 3.5846691987878208,
    "MSE": 12.849853264738117,
    "MAPE": 0.01908521067024194,
    "ACMAPE": 0.7233653663122652
}