{
    "DOWN": {
        "precision": 0.5961538461538461,
        "recall": 0.41333333333333333,
        "f1-score": 0.48818897637795283,
        "support": 150
    },
    "UP": {
        "precision": 0.3178294573643411,
        "recall": 0.4939759036144578,
        "f1-score": 0.38679245283018865,
        "support": 83
    },
    "accuracy": 0.44206008583690987,
    "macro avg": {
        "precision": 0.4569916517590936,
        "recall": 0.45365461847389554,
        "f1-score": 0.43749071460407074,
        "support": 233
    },
    "weighted avg": {
        "precision": 0.49700824843054603,
        "recall": 0.44206008583690987,
        "f1-score": 0.4520691847278909,
        "support": 233
    }
}