{
    "R2": 0.9714482665480141,
    "RMSE": 22.23250099517509,
    "MSE": 494.2841005004615,
    "MAPE": 0.04983506844503565,
    "ACMAPE": 1.0539502947824841
}