{
    "R2": 0.9834785436546629,
    "RMSE": 19.754240069376813,
    "MSE": 390.2300007185724,
    "MAPE": 0.040719872659144334,
    "ACMAPE": 0.7765883207578083
}