{
    "DOWN": {
        "precision": 0.5277777777777778,
        "recall": 0.9743589743589743,
        "f1-score": 0.6846846846846847,
        "support": 39
    },
    "UP": {
        "precision": 0.9090909090909091,
        "recall": 0.22727272727272727,
        "f1-score": 0.36363636363636365,
        "support": 44
    },
    "accuracy": 0.5783132530120482,
    "macro avg": {
        "precision": 0.7184343434343434,
        "recall": 0.6008158508158508,
        "f1-score": 0.5241605241605242,
        "support": 83
    },
    "weighted avg": {
        "precision": 0.7299196787148594,
        "recall": 0.5783132530120482,
        "f1-score": 0.5144903940084663,
        "support": 83
    }
}