{
    "DOWN": {
        "precision": 0.6428571428571429,
        "recall": 0.41284403669724773,
        "f1-score": 0.5027932960893855,
        "support": 109
    },
    "UP": {
        "precision": 0.36,
        "recall": 0.5901639344262295,
        "f1-score": 0.4472049689440994,
        "support": 61
    },
    "accuracy": 0.4764705882352941,
    "macro avg": {
        "precision": 0.5014285714285714,
        "recall": 0.5015039855617386,
        "f1-score": 0.4749991325167424,
        "support": 170
    },
    "weighted avg": {
        "precision": 0.5413613445378153,
        "recall": 0.4764705882352941,
        "f1-score": 0.4828468963490181,
        "support": 170
    }
}