{
    "R2": 0.9709122434310424,
    "RMSE": 15.784193440128993,
    "MSE": 249.14076255541113,
    "MAPE": 0.030581394067843874,
    "ACMAPE": 1.2508950609834524
}