{
    "R2": 0.9937640405474976,
    "RMSE": 22.28080203324833,
    "MSE": 496.43413924480296,
    "MAPE": 0.01922805716989793,
    "ACMAPE": 0.832222870164711
}