{
    "DOWN": {
        "precision": 0.8225352112676056,
        "recall": 0.12146422628951747,
        "f1-score": 0.21167089525190286,
        "support": 2404
    },
    "UP": {
        "precision": 0.2563380281690141,
        "recall": 0.9203539823008849,
        "f1-score": 0.4009914624070504,
        "support": 791
    },
    "accuracy": 0.3192488262910798,
    "macro avg": {
        "precision": 0.5394366197183098,
        "recall": 0.5209091042952012,
        "f1-score": 0.30633117882947664,
        "support": 3195
    },
    "weighted avg": {
        "precision": 0.6823593202406929,
        "recall": 0.3192488262910798,
        "f1-score": 0.2585418087479034,
        "support": 3195
    }
}