{
    "DOWN": {
        "precision": 0.6302895322939867,
        "recall": 0.42620481927710846,
        "f1-score": 0.5085354896675652,
        "support": 664
    },
    "UP": {
        "precision": 0.3814935064935065,
        "recall": 0.5860349127182045,
        "f1-score": 0.46214355948869223,
        "support": 401
    },
    "accuracy": 0.4863849765258216,
    "macro avg": {
        "precision": 0.5058915193937465,
        "recall": 0.5061198659976565,
        "f1-score": 0.48533952457812873,
        "support": 1065
    },
    "weighted avg": {
        "precision": 0.5366114042695804,
        "recall": 0.4863849765258216,
        "f1-score": 0.49106773004152954,
        "support": 1065
    }
}