{
    "R2": 0.4493481627988646,
    "RMSE": 36.8174938287723,
    "MSE": 1355.5278518316866,
    "MAPE": 0.01908769624801118,
    "ACMAPE": 1.1445629814191136
}