{
    "DOWN": {
        "precision": 0.9132149901380671,
        "recall": 0.4508276533592989,
        "f1-score": 0.6036505867014341,
        "support": 1027
    },
    "UP": {
        "precision": 0.27413127413127414,
        "recall": 0.8287937743190662,
        "f1-score": 0.4119922630560929,
        "support": 257
    },
    "accuracy": 0.5264797507788161,
    "macro avg": {
        "precision": 0.5936731321346707,
        "recall": 0.6398107138391825,
        "f1-score": 0.5078214248787635,
        "support": 1284
    },
    "weighted avg": {
        "precision": 0.7852987011865517,
        "recall": 0.5264797507788161,
        "f1-score": 0.5652890686509258,
        "support": 1284
    }
}