{
    "DOWN": {
        "precision": 0.6937086092715232,
        "recall": 0.5739726027397261,
        "f1-score": 0.6281859070464768,
        "support": 730
    },
    "UP": {
        "precision": 0.2850574712643678,
        "recall": 0.40129449838187703,
        "f1-score": 0.33333333333333337,
        "support": 309
    },
    "accuracy": 0.5226179018286814,
    "macro avg": {
        "precision": 0.48938304026794555,
        "recall": 0.48763355056080154,
        "f1-score": 0.4807596201899051,
        "support": 1039
    },
    "weighted avg": {
        "precision": 0.5721752101914357,
        "recall": 0.5226179018286814,
        "f1-score": 0.5404963543252436,
        "support": 1039
    }
}