{
    "DOWN": {
        "precision": 0.9267198404785643,
        "recall": 0.7111706197398623,
        "f1-score": 0.8047619047619047,
        "support": 2614
    },
    "UP": {
        "precision": 0.14399092970521543,
        "recall": 0.4635036496350365,
        "f1-score": 0.21972318339100347,
        "support": 274
    },
    "accuracy": 0.6876731301939059,
    "macro avg": {
        "precision": 0.5353553850918898,
        "recall": 0.5873371346874494,
        "f1-score": 0.5122425440764541,
        "support": 2888
    },
    "weighted avg": {
        "precision": 0.8524581640409266,
        "recall": 0.6876731301939059,
        "f1-score": 0.7492561534961059,
        "support": 2888
    }
}