{
    "R2": 0.09405381966567328,
    "RMSE": 429.36943695002697,
    "MSE": 184358.1133867832,
    "MAPE": 0.2703960001994835,
    "ACMAPE": 1.2255846794447667
}