{
    "R2": 0.9270852748852411,
    "RMSE": 103.23987811150968,
    "MSE": 10658.472432479375,
    "MAPE": 0.03630165997009248,
    "ACMAPE": 0.8549174117600686
}