{
    "DOWN": {
        "precision": 0.6753246753246753,
        "recall": 0.3939393939393939,
        "f1-score": 0.4976076555023924,
        "support": 396
    },
    "UP": {
        "precision": 0.34782608695652173,
        "recall": 0.6305418719211823,
        "f1-score": 0.44833625218914186,
        "support": 203
    },
    "accuracy": 0.4741235392320534,
    "macro avg": {
        "precision": 0.5115753811405985,
        "recall": 0.5122406329302881,
        "f1-score": 0.4729719538457671,
        "support": 599
    },
    "weighted avg": {
        "precision": 0.5643360051431474,
        "recall": 0.4741235392320534,
        "f1-score": 0.48090966740124075,
        "support": 599
    }
}