{
    "DOWN": {
        "precision": 0.6274509803921569,
        "recall": 0.3516483516483517,
        "f1-score": 0.4507042253521127,
        "support": 91
    },
    "UP": {
        "precision": 0.2716049382716049,
        "recall": 0.5365853658536586,
        "f1-score": 0.36065573770491804,
        "support": 41
    },
    "accuracy": 0.4090909090909091,
    "macro avg": {
        "precision": 0.4495279593318809,
        "recall": 0.44411685875100515,
        "f1-score": 0.40567998152851537,
        "support": 132
    },
    "weighted avg": {
        "precision": 0.5169230430668339,
        "recall": 0.4090909090909091,
        "f1-score": 0.42273461934048406,
        "support": 132
    }
}