{
    "R2": 0.9785779966127138,
    "RMSE": 61.70748089667263,
    "MSE": 3807.813198613217,
    "MAPE": 0.026697312547291414,
    "ACMAPE": 1.0813848125472914
}