{
    "R2": 0.9874587031614663,
    "RMSE": 7.708832321025833,
    "MSE": 59.42609575369253,
    "MAPE": 0.05403128352455573,
    "ACMAPE": 1.2339982620606043
}