{
    "R2": 0.995194552366313,
    "RMSE": 18.64091184812872,
    "MSE": 347.48359452970567,
    "MAPE": 0.02411656566871077,
    "ACMAPE": 0.8167994924979791
}