{
    "R2": 0.9831360425874325,
    "RMSE": 14.043894353099365,
    "MSE": 197.23096860101623,
    "MAPE": 0.023172018691535422,
    "ACMAPE": 0.9832539020078097
}