{
    "R2": 0.9909947874775907,
    "RMSE": 5.539372867022051,
    "MSE": 30.6846517599001,
    "MAPE": 0.021710423998220686,
    "ACMAPE": 0.9053001675879642
}