{
    "R2": 0.9897772274373761,
    "RMSE": 5.8993911681785,
    "MSE": 34.80281615518249,
    "MAPE": 0.023176530677561927,
    "ACMAPE": 0.8715055795207496
}