{
    "R2": -2.6243166109334033,
    "RMSE": 29.97794741526231,
    "MSE": 898.6773312322322,
    "MAPE": 0.31977530410278265,
    "ACMAPE": 1.129077629684178
}