{
    "R2": 0.97010614135391,
    "RMSE": 529.7331890956593,
    "MSE": 280617.2516294576,
    "MAPE": 0.09597969454438669,
    "ACMAPE": 1.376493613173937
}