{
    "R2": 0.9105429166215062,
    "RMSE": 27.892944698259484,
    "MSE": 778.0163639401619,
    "MAPE": 0.028246988198847408,
    "ACMAPE": 1.0207656914407426
}