{
    "R2": 0.8772784106707348,
    "RMSE": 3.317297077315369,
    "MSE": 11.00445989916509,
    "MAPE": 0.019326515995914926,
    "ACMAPE": 0.8808649775343765
}