{
    "DOWN": {
        "precision": 0.6811594202898551,
        "recall": 0.5662650602409639,
        "f1-score": 0.618421052631579,
        "support": 332
    },
    "UP": {
        "precision": 0.4024896265560166,
        "recall": 0.5243243243243243,
        "f1-score": 0.4553990610328638,
        "support": 185
    },
    "accuracy": 0.5512572533849129,
    "macro avg": {
        "precision": 0.5418245234229359,
        "recall": 0.545294692282644,
        "f1-score": 0.5369100568322214,
        "support": 517
    },
    "weighted avg": {
        "precision": 0.5814419892632399,
        "recall": 0.5512572533849129,
        "f1-score": 0.5600862974173385,
        "support": 517
    }
}