{
    "R2": 0.8150800114317908,
    "RMSE": 4.072075386482379,
    "MSE": 16.581797953195622,
    "MAPE": 0.023567601425943913,
    "ACMAPE": 0.9004906783490209
}