{
    "DOWN": {
        "precision": 0.660377358490566,
        "recall": 0.20710059171597633,
        "f1-score": 0.31531531531531526,
        "support": 169
    },
    "UP": {
        "precision": 0.37089201877934275,
        "recall": 0.8144329896907216,
        "f1-score": 0.5096774193548387,
        "support": 97
    },
    "accuracy": 0.42857142857142855,
    "macro avg": {
        "precision": 0.5156346886349543,
        "recall": 0.510766790703349,
        "f1-score": 0.412496367335077,
        "support": 266
    },
    "weighted avg": {
        "precision": 0.554813155663541,
        "recall": 0.42857142857142855,
        "f1-score": 0.38619172167559257,
        "support": 266
    }
}