{
    "R2": 0.9848219990185585,
    "RMSE": 9.816218315378933,
    "MSE": 96.35814201518083,
    "MAPE": 0.03069224839179105,
    "ACMAPE": 0.6532859667301902
}