{
    "DOWN": {
        "precision": 0.8710081402629931,
        "recall": 0.3959578707657273,
        "f1-score": 0.5444227005870842,
        "support": 3513
    },
    "UP": {
        "precision": 0.10312764158918004,
        "recall": 0.5422222222222223,
        "f1-score": 0.17329545454545453,
        "support": 450
    },
    "accuracy": 0.4125662376987131,
    "macro avg": {
        "precision": 0.4870678909260866,
        "recall": 0.4690900464939748,
        "f1-score": 0.35885907756626934,
        "support": 3963
    },
    "weighted avg": {
        "precision": 0.783815048059305,
        "recall": 0.4125662376987131,
        "f1-score": 0.5022810753741814,
        "support": 3963
    }
}