{
    "DOWN": {
        "precision": 0.6747572815533981,
        "recall": 0.4364207221350079,
        "f1-score": 0.5300285986653956,
        "support": 637
    },
    "UP": {
        "precision": 0.4319620253164557,
        "recall": 0.6707616707616708,
        "f1-score": 0.5255052935514919,
        "support": 407
    },
    "accuracy": 0.5277777777777778,
    "macro avg": {
        "precision": 0.5533596534349269,
        "recall": 0.5535911964483393,
        "f1-score": 0.5277669461084438,
        "support": 1044
    },
    "weighted avg": {
        "precision": 0.5801043416219465,
        "recall": 0.5277777777777778,
        "f1-score": 0.5282652028978105,
        "support": 1044
    }
}