{
    "DOWN": {
        "precision": 0.654434250764526,
        "recall": 0.6740157480314961,
        "f1-score": 0.6640806826997673,
        "support": 635
    },
    "UP": {
        "precision": 0.4623376623376623,
        "recall": 0.4405940594059406,
        "f1-score": 0.4512040557667934,
        "support": 404
    },
    "accuracy": 0.5832531280076997,
    "macro avg": {
        "precision": 0.5583859565510941,
        "recall": 0.5573049037187183,
        "f1-score": 0.5576423692332804,
        "support": 1039
    },
    "weighted avg": {
        "precision": 0.5797402933781421,
        "recall": 0.5832531280076997,
        "f1-score": 0.5813067103408438,
        "support": 1039
    }
}