{
    "DOWN": {
        "precision": 0.915469146238377,
        "recall": 0.5366699702675917,
        "f1-score": 0.676663542642924,
        "support": 2018
    },
    "UP": {
        "precision": 0.17766051011433598,
        "recall": 0.6688741721854304,
        "f1-score": 0.2807505211952745,
        "support": 302
    },
    "accuracy": 0.5538793103448276,
    "macro avg": {
        "precision": 0.5465648281763565,
        "recall": 0.602772071226511,
        "f1-score": 0.47870703191909925,
        "support": 2320
    },
    "weighted avg": {
        "precision": 0.819426815156713,
        "recall": 0.5538793103448276,
        "f1-score": 0.6251265889889628,
        "support": 2320
    }
}