{
    "R2": 0.7534128561893959,
    "RMSE": 47.37443639831853,
    "MSE": 2244.3372240583276,
    "MAPE": 0.07787775341395813,
    "ACMAPE": 0.9744294775518891
}