{
    "DOWN": {
        "precision": 0.7305389221556886,
        "recall": 0.3253333333333333,
        "f1-score": 0.45018450184501846,
        "support": 375
    },
    "UP": {
        "precision": 0.387409200968523,
        "recall": 0.7804878048780488,
        "f1-score": 0.5177993527508091,
        "support": 205
    },
    "accuracy": 0.4862068965517241,
    "macro avg": {
        "precision": 0.5589740615621058,
        "recall": 0.552910569105691,
        "f1-score": 0.4839919272979138,
        "support": 580
    },
    "weighted avg": {
        "precision": 0.6092603138050525,
        "recall": 0.4862068965517241,
        "f1-score": 0.47408285432034103,
        "support": 580
    }
}