{
    "R2": 0.8919617724139215,
    "RMSE": 19.862587700072158,
    "MSE": 394.52239014305775,
    "MAPE": 0.05151932835954358,
    "ACMAPE": 0.970874167069221
}