{
    "R2": 0.8342291608409567,
    "RMSE": 13.408223139042775,
    "MSE": 179.78044774636209,
    "MAPE": 0.017147970876199937,
    "ACMAPE": 0.7754813042095332
}