{
    "DOWN": {
        "precision": 0.6424581005586593,
        "recall": 0.4982668977469671,
        "f1-score": 0.5612493899463153,
        "support": 2308
    },
    "UP": {
        "precision": 0.37337662337662336,
        "recall": 0.518796992481203,
        "f1-score": 0.434235368156073,
        "support": 1330
    },
    "accuracy": 0.5057724024189115,
    "macro avg": {
        "precision": 0.5079173619676414,
        "recall": 0.5085319451140851,
        "f1-score": 0.4977423790511942,
        "support": 3638
    },
    "weighted avg": {
        "precision": 0.5440858178065681,
        "recall": 0.5057724024189115,
        "f1-score": 0.5148149069938629,
        "support": 3638
    }
}