{
    "R2": 0.9733967625984459,
    "RMSE": 28.580343386741433,
    "MSE": 816.8360281040547,
    "MAPE": 0.02876212010946977,
    "ACMAPE": 1.0287621201094699
}