{
    "R2": 0.9956090466697781,
    "RMSE": 136.6390020047714,
    "MSE": 18670.216868859927,
    "MAPE": 0.01814986387887575,
    "ACMAPE": 0.697386362947777
}