{
    "R2": 0.9870571704615699,
    "RMSE": 11.364514024773662,
    "MSE": 129.15217901927724,
    "MAPE": 368248587651380.7,
    "ACMAPE": 368248587651381.9
}