{
    "R2": 0.987071283098271,
    "RMSE": 14.21850706421807,
    "MSE": 202.16594313521915,
    "MAPE": 0.051039660530398955,
    "ACMAPE": 0.9761598803609463
}