{
    "R2": 0.9342946538573291,
    "RMSE": 9.522126616997989,
    "MSE": 90.67089531014157,
    "MAPE": 0.0707541460574383,
    "ACMAPE": 1.1155030045049268
}