{
    "R2": 0.9819603334522102,
    "RMSE": 22.863289122458056,
    "MSE": 522.7299894971088,
    "MAPE": 0.1961720814967422,
    "ACMAPE": 1.432795149273199
}