{
    "DOWN": {
        "precision": 0.8455832771409305,
        "recall": 0.35635123614663256,
        "f1-score": 0.5013994402239104,
        "support": 3519
    },
    "UP": {
        "precision": 0.17093704245973645,
        "recall": 0.6709770114942529,
        "f1-score": 0.2724620770128355,
        "support": 696
    },
    "accuracy": 0.40830367734282325,
    "macro avg": {
        "precision": 0.5082601598003335,
        "recall": 0.5136641238204427,
        "f1-score": 0.3869307586183729,
        "support": 4215
    },
    "weighted avg": {
        "precision": 0.7341826177487333,
        "recall": 0.40830367734282325,
        "f1-score": 0.4635962599641457,
        "support": 4215
    }
}