{
    "R2": 0.9735542426110083,
    "RMSE": 43.45117139243657,
    "MSE": 1888.0042953748984,
    "MAPE": 0.039218582813569,
    "ACMAPE": 0.9811438015884298
}