{
    "DOWN": {
        "precision": 0.782608695652174,
        "recall": 0.4,
        "f1-score": 0.5294117647058824,
        "support": 45
    },
    "UP": {
        "precision": 0.4807692307692308,
        "recall": 0.8333333333333334,
        "f1-score": 0.6097560975609756,
        "support": 30
    },
    "accuracy": 0.5733333333333334,
    "macro avg": {
        "precision": 0.6316889632107023,
        "recall": 0.6166666666666667,
        "f1-score": 0.569583931133429,
        "support": 75
    },
    "weighted avg": {
        "precision": 0.6618729096989966,
        "recall": 0.5733333333333334,
        "f1-score": 0.5615494978479196,
        "support": 75
    }
}