{
    "R2": 0.9810761193313612,
    "RMSE": 20.12597539209503,
    "MSE": 405.0548854832147,
    "MAPE": 0.009874820559998521,
    "ACMAPE": 0.7539021243142647
}