{
    "R2": 0.980711063222397,
    "RMSE": 7.064980035099069,
    "MSE": 49.913942896348445,
    "MAPE": 0.021473040601040955,
    "ACMAPE": 0.8579490838777025
}