{
    "R2": 0.9565228939462362,
    "RMSE": 22.484032259158344,
    "MSE": 505.531706630873,
    "MAPE": 0.03804687379575989,
    "ACMAPE": 1.0102690960179823
}