{
    "R2": 0.38956268935500216,
    "RMSE": 35.74218226054846,
    "MSE": 1277.5035927462652,
    "MAPE": 0.05994569884528323,
    "ACMAPE": 1.0254629402245936
}