{
    "R2": 0.9747750278333954,
    "RMSE": 78.90892922053335,
    "MSE": 6226.619110731142,
    "MAPE": 0.0426211464427846,
    "ACMAPE": 1.160534978642331
}