{
    "R2": 0.6168371760626434,
    "RMSE": 11.879050871000368,
    "MSE": 141.1118495958146,
    "MAPE": 0.06075842809149252,
    "ACMAPE": 0.7807584280914925
}