{
    "R2": 0.9983598245827345,
    "RMSE": 96.33266840736631,
    "MSE": 9279.983002483592,
    "MAPE": 0.02464739374313776,
    "ACMAPE": 1.1852967758608988
}