{
    "R2": 0.99050918509776,
    "RMSE": 21.642520771544767,
    "MSE": 468.3987053467466,
    "MAPE": 0.8725081646932508,
    "ACMAPE": 2.1366636932473213
}