{
    "R2": 0.9961752700393051,
    "RMSE": 22.27984341429431,
    "MSE": 496.39142256547353,
    "MAPE": 0.03470414305018685,
    "ACMAPE": 0.9728517097691822
}