{
    "DOWN": {
        "precision": 0.8130909090909091,
        "recall": 0.47473460721868366,
        "f1-score": 0.5994638069705094,
        "support": 2355
    },
    "UP": {
        "precision": 0.3165745856353591,
        "recall": 0.6903614457831325,
        "f1-score": 0.4340909090909091,
        "support": 830
    },
    "accuracy": 0.5309262166405023,
    "macro avg": {
        "precision": 0.564832747363134,
        "recall": 0.5825480265009081,
        "f1-score": 0.5167773580307092,
        "support": 3185
    },
    "weighted avg": {
        "precision": 0.6837004700114407,
        "recall": 0.5309262166405023,
        "f1-score": 0.5563682009296717,
        "support": 3185
    }
}