{
    "DOWN": {
        "precision": 0.6174496644295302,
        "recall": 0.6174496644295302,
        "f1-score": 0.6174496644295302,
        "support": 149
    },
    "UP": {
        "precision": 0.32941176470588235,
        "recall": 0.32941176470588235,
        "f1-score": 0.32941176470588235,
        "support": 85
    },
    "accuracy": 0.5128205128205128,
    "macro avg": {
        "precision": 0.47343071456770625,
        "recall": 0.47343071456770625,
        "f1-score": 0.47343071456770625,
        "support": 234
    },
    "weighted avg": {
        "precision": 0.5128205128205128,
        "recall": 0.5128205128205128,
        "f1-score": 0.5128205128205128,
        "support": 234
    }
}