{
    "R2": 0.9884656396467354,
    "RMSE": 29.309957137449754,
    "MSE": 859.0735873991418,
    "MAPE": 0.017692494796330296,
    "ACMAPE": 1.0633356483233012
}