{
    "DOWN": {
        "precision": 0.7688135593220339,
        "recall": 0.3402340234023402,
        "f1-score": 0.47171381031613974,
        "support": 3333
    },
    "UP": {
        "precision": 0.2348643006263048,
        "recall": 0.6643700787401575,
        "f1-score": 0.34704370179948585,
        "support": 1016
    },
    "accuracy": 0.4159576914233157,
    "macro avg": {
        "precision": 0.5018389299741693,
        "recall": 0.5023020510712488,
        "f1-score": 0.4093787560578128,
        "support": 4349
    },
    "weighted avg": {
        "precision": 0.6440739762374488,
        "recall": 0.4159576914233157,
        "f1-score": 0.4425887631207108,
        "support": 4349
    }
}