{
    "R2": 0.8400503828798052,
    "RMSE": 70.47263250468309,
    "MSE": 4966.391932140115,
    "MAPE": 0.03550456968655256,
    "ACMAPE": 0.9763329720534164
}