{
    "DOWN": {
        "precision": 0.6785714285714286,
        "recall": 0.6386554621848739,
        "f1-score": 0.6580086580086579,
        "support": 1190
    },
    "UP": {
        "precision": 0.39436619718309857,
        "recall": 0.4375,
        "f1-score": 0.41481481481481486,
        "support": 640
    },
    "accuracy": 0.5683060109289617,
    "macro avg": {
        "precision": 0.5364688128772636,
        "recall": 0.538077731092437,
        "f1-score": 0.5364117364117365,
        "support": 1830
    },
    "weighted avg": {
        "precision": 0.5791772492880781,
        "recall": 0.5683060109289617,
        "f1-score": 0.572957259296057,
        "support": 1830
    }
}