{
    "DOWN": {
        "precision": 0.6412405699916177,
        "recall": 0.6669572798605057,
        "f1-score": 0.6538461538461539,
        "support": 1147
    },
    "UP": {
        "precision": 0.4374079528718704,
        "recall": 0.4096551724137931,
        "f1-score": 0.4230769230769231,
        "support": 725
    },
    "accuracy": 0.5673076923076923,
    "macro avg": {
        "precision": 0.5393242614317441,
        "recall": 0.5383062261371494,
        "f1-score": 0.5384615384615384,
        "support": 1872
    },
    "weighted avg": {
        "precision": 0.5622989848357327,
        "recall": 0.5673076923076923,
        "f1-score": 0.5644723865877712,
        "support": 1872
    }
}