{
    "R2": 0.8744694927117783,
    "RMSE": 40.559017172981996,
    "MSE": 1645.0338740382485,
    "MAPE": 0.02455375711742007,
    "ACMAPE": 0.9864181638970811
}