{
    "DOWN": {
        "precision": 0.8927937522186723,
        "recall": 0.6860338243316967,
        "f1-score": 0.7758753663427426,
        "support": 3666
    },
    "UP": {
        "precision": 0.2751889168765743,
        "recall": 0.591339648173207,
        "f1-score": 0.37559088955737,
        "support": 739
    },
    "accuracy": 0.6701475595913734,
    "macro avg": {
        "precision": 0.5839913345476233,
        "recall": 0.6386867362524519,
        "f1-score": 0.5757331279500563,
        "support": 4405
    },
    "weighted avg": {
        "precision": 0.7891819535086132,
        "recall": 0.6701475595913734,
        "f1-score": 0.708722079544924,
        "support": 4405
    }
}