{
    "DOWN": {
        "precision": 0.8489932885906041,
        "recall": 0.5285515320334262,
        "f1-score": 0.6515021459227467,
        "support": 2872
    },
    "UP": {
        "precision": 0.2991718426501035,
        "recall": 0.6816037735849056,
        "f1-score": 0.41582733812949635,
        "support": 848
    },
    "accuracy": 0.5634408602150538,
    "macro avg": {
        "precision": 0.5740825656203538,
        "recall": 0.6050776528091659,
        "f1-score": 0.5336647420261216,
        "support": 3720
    },
    "weighted avg": {
        "precision": 0.7236576471504039,
        "recall": 0.5634408602150538,
        "f1-score": 0.5977784262967584,
        "support": 3720
    }
}