{
    "R2": 0.9665666871412242,
    "RMSE": 55.45085406986877,
    "MSE": 3074.797217077882,
    "MAPE": 0.027851837187387648,
    "ACMAPE": 0.975445420075088
}