{
    "DOWN": {
        "precision": 0.5828571428571429,
        "recall": 0.816,
        "f1-score": 0.6799999999999999,
        "support": 125
    },
    "UP": {
        "precision": 0.4888888888888889,
        "recall": 0.23157894736842105,
        "f1-score": 0.3142857142857143,
        "support": 95
    },
    "accuracy": 0.5636363636363636,
    "macro avg": {
        "precision": 0.5358730158730158,
        "recall": 0.5237894736842105,
        "f1-score": 0.4971428571428571,
        "support": 220
    },
    "weighted avg": {
        "precision": 0.5422799422799423,
        "recall": 0.5636363636363636,
        "f1-score": 0.522077922077922,
        "support": 220
    }
}