{
    "DOWN": {
        "precision": 0.6655405405405406,
        "recall": 0.3781190019193858,
        "f1-score": 0.48225214198286415,
        "support": 521
    },
    "UP": {
        "precision": 0.4275618374558304,
        "recall": 0.7096774193548387,
        "f1-score": 0.533627342888644,
        "support": 341
    },
    "accuracy": 0.5092807424593968,
    "macro avg": {
        "precision": 0.5465511889981854,
        "recall": 0.5438982106371123,
        "f1-score": 0.5079397424357541,
        "support": 862
    },
    "weighted avg": {
        "precision": 0.571398153357378,
        "recall": 0.5092807424593968,
        "f1-score": 0.5025757423411831,
        "support": 862
    }
}