{
    "R2": 0.8681283766889768,
    "RMSE": 20.466807853461184,
    "MSE": 418.89022371050044,
    "MAPE": 0.03623008996524379,
    "ACMAPE": 0.9082593404222822
}