{
    "R2": 0.9914084319112374,
    "RMSE": 348.4266369356105,
    "MSE": 121401.12132625972,
    "MAPE": 0.053195406064137564,
    "ACMAPE": 1.0482521085939427
}