{
    "R2": -0.12121946413358553,
    "RMSE": 114.70772308637798,
    "MSE": 13157.861735661172,
    "MAPE": 0.1025407520117495,
    "ACMAPE": 1.0225407520117495
}