{
    "R2": 0.998597339860804,
    "RMSE": 116.56855683500963,
    "MSE": 13588.228442596872,
    "MAPE": 0.04259273513490008,
    "ACMAPE": 1.4837765826392892
}