{
    "DOWN": {
        "precision": 0.5546558704453441,
        "recall": 0.7037671232876712,
        "f1-score": 0.6203773584905661,
        "support": 584
    },
    "UP": {
        "precision": 0.4155405405405405,
        "recall": 0.271523178807947,
        "f1-score": 0.32843791722296395,
        "support": 453
    },
    "accuracy": 0.5149469623915139,
    "macro avg": {
        "precision": 0.48509820549294236,
        "recall": 0.48764515104780914,
        "f1-score": 0.474407637856765,
        "support": 1037
    },
    "weighted avg": {
        "precision": 0.4938851429170162,
        "recall": 0.5149469623915139,
        "f1-score": 0.49284740005833494,
        "support": 1037
    }
}