{
    "DOWN": {
        "precision": 0.6207865168539326,
        "recall": 0.876984126984127,
        "f1-score": 0.7269736842105263,
        "support": 252
    },
    "UP": {
        "precision": 0.44642857142857145,
        "recall": 0.15625,
        "f1-score": 0.2314814814814815,
        "support": 160
    },
    "accuracy": 0.5970873786407767,
    "macro avg": {
        "precision": 0.533607544141252,
        "recall": 0.5166170634920635,
        "f1-score": 0.4792275828460039,
        "support": 412
    },
    "weighted avg": {
        "precision": 0.5530746933877729,
        "recall": 0.5970873786407767,
        "f1-score": 0.5345495278108973,
        "support": 412
    }
}