{
    "DOWN": {
        "precision": 0.6805555555555556,
        "recall": 0.5013953488372093,
        "f1-score": 0.5773968934118908,
        "support": 1075
    },
    "UP": {
        "precision": 0.3656804733727811,
        "recall": 0.5498220640569395,
        "f1-score": 0.43923240938166314,
        "support": 562
    },
    "accuracy": 0.518020769700672,
    "macro avg": {
        "precision": 0.5231180144641683,
        "recall": 0.5256087064470744,
        "f1-score": 0.508314651396777,
        "support": 1637
    },
    "weighted avg": {
        "precision": 0.572455496797633,
        "recall": 0.518020769700672,
        "f1-score": 0.5299635152658994,
        "support": 1637
    }
}