{
    "DOWN": {
        "precision": 1.0,
        "recall": 0.007936507936507936,
        "f1-score": 0.015748031496062992,
        "support": 252
    },
    "UP": {
        "precision": 0.3902439024390244,
        "recall": 1.0,
        "f1-score": 0.5614035087719299,
        "support": 160
    },
    "accuracy": 0.3932038834951456,
    "macro avg": {
        "precision": 0.6951219512195121,
        "recall": 0.503968253968254,
        "f1-score": 0.28857577013399643,
        "support": 412
    },
    "weighted avg": {
        "precision": 0.7632015155103007,
        "recall": 0.3932038834951456,
        "f1-score": 0.22765307121484624,
        "support": 412
    }
}