{
    "R2": 0.6977298956434513,
    "RMSE": 5.4929241972974605,
    "MSE": 30.172216237255952,
    "MAPE": 0.020213509738147253,
    "ACMAPE": 0.8503105971167881
}