{
    "DOWN": {
        "precision": 0.8769230769230769,
        "recall": 0.6195652173913043,
        "f1-score": 0.7261146496815286,
        "support": 92
    },
    "UP": {
        "precision": 0.4067796610169492,
        "recall": 0.75,
        "f1-score": 0.5274725274725275,
        "support": 32
    },
    "accuracy": 0.6532258064516129,
    "macro avg": {
        "precision": 0.641851368970013,
        "recall": 0.6847826086956521,
        "f1-score": 0.626793588577028,
        "support": 124
    },
    "weighted avg": {
        "precision": 0.7555957437860117,
        "recall": 0.6532258064516129,
        "f1-score": 0.6748521665308186,
        "support": 124
    }
}