{
    "R2": 0.8581530297683131,
    "RMSE": 15.068968858289745,
    "MSE": 227.07382245210616,
    "MAPE": 0.024683153545182936,
    "ACMAPE": 0.8511294345369184
}