{
    "DOWN": {
        "precision": 0.8072992700729927,
        "recall": 0.32151162790697674,
        "f1-score": 0.45987525987525985,
        "support": 1720
    },
    "UP": {
        "precision": 0.3074183976261128,
        "recall": 0.796923076923077,
        "f1-score": 0.4436830835117773,
        "support": 650
    },
    "accuracy": 0.4518987341772152,
    "macro avg": {
        "precision": 0.5573588338495528,
        "recall": 0.5592173524150268,
        "f1-score": 0.45177917169351856,
        "support": 2370
    },
    "weighted avg": {
        "precision": 0.670201140498954,
        "recall": 0.4518987341772152,
        "f1-score": 0.45543436762367184,
        "support": 2370
    }
}