{
    "R2": 0.987408059291784,
    "RMSE": 14.222928423919038,
    "MSE": 202.2916929519241,
    "MAPE": 0.048084035910219654,
    "ACMAPE": 1.0290857630259365
}