{
    "DOWN": {
        "precision": 0.8041025641025641,
        "recall": 0.4109014675052411,
        "f1-score": 0.5438779049601109,
        "support": 1908
    },
    "UP": {
        "precision": 0.1636904761904762,
        "recall": 0.5352798053527981,
        "f1-score": 0.25071225071225073,
        "support": 411
    },
    "accuracy": 0.4329452350150927,
    "macro avg": {
        "precision": 0.4838965201465201,
        "recall": 0.4730906364290196,
        "f1-score": 0.3972950778361808,
        "support": 2319
    },
    "weighted avg": {
        "precision": 0.6906013273057258,
        "recall": 0.4329452350150927,
        "f1-score": 0.4919196971568032,
        "support": 2319
    }
}