{
    "DOWN": {
        "precision": 0.8997050147492626,
        "recall": 0.145933014354067,
        "f1-score": 0.2511321531494442,
        "support": 2090
    },
    "UP": {
        "precision": 0.06934306569343066,
        "recall": 0.7964071856287425,
        "f1-score": 0.1275779376498801,
        "support": 167
    },
    "accuracy": 0.19406291537439077,
    "macro avg": {
        "precision": 0.4845240402213466,
        "recall": 0.47117009999140474,
        "f1-score": 0.18935504539966214,
        "support": 2257
    },
    "weighted avg": {
        "precision": 0.8382648528120343,
        "recall": 0.19406291537439077,
        "f1-score": 0.24199012657061073,
        "support": 2257
    }
}