{
    "DOWN": {
        "precision": 0.6015625,
        "recall": 0.5968992248062015,
        "f1-score": 0.5992217898832685,
        "support": 129
    },
    "UP": {
        "precision": 0.5094339622641509,
        "recall": 0.5142857142857142,
        "f1-score": 0.5118483412322274,
        "support": 105
    },
    "accuracy": 0.5598290598290598,
    "macro avg": {
        "precision": 0.5554982311320755,
        "recall": 0.5555924695459579,
        "f1-score": 0.555535065557748,
        "support": 234
    },
    "weighted avg": {
        "precision": 0.5602227715287856,
        "recall": 0.5598290598290598,
        "f1-score": 0.5600157552321603,
        "support": 234
    }
}