{
    "DOWN": {
        "precision": 0.6111111111111112,
        "recall": 0.5096525096525096,
        "f1-score": 0.5557894736842106,
        "support": 518
    },
    "UP": {
        "precision": 0.47520661157024796,
        "recall": 0.5778894472361809,
        "f1-score": 0.5215419501133787,
        "support": 398
    },
    "accuracy": 0.5393013100436681,
    "macro avg": {
        "precision": 0.5431588613406796,
        "recall": 0.5437709784443452,
        "f1-score": 0.5386657118987946,
        "support": 916
    },
    "weighted avg": {
        "precision": 0.5520609027953213,
        "recall": 0.5393013100436681,
        "f1-score": 0.5409089994689364,
        "support": 916
    }
}