{
    "DOWN": {
        "precision": 0.7654028436018957,
        "recall": 0.6931330472103004,
        "f1-score": 0.7274774774774775,
        "support": 466
    },
    "UP": {
        "precision": 0.36444444444444446,
        "recall": 0.4530386740331492,
        "f1-score": 0.4039408866995074,
        "support": 181
    },
    "accuracy": 0.6259659969088099,
    "macro avg": {
        "precision": 0.5649236440231701,
        "recall": 0.5730858606217248,
        "f1-score": 0.5657091820884924,
        "support": 647
    },
    "weighted avg": {
        "precision": 0.6532336469287912,
        "recall": 0.6259659969088099,
        "f1-score": 0.6369672411083699,
        "support": 647
    }
}