{
    "DOWN": {
        "precision": 0.6330935251798561,
        "recall": 0.8888888888888888,
        "f1-score": 0.7394957983193275,
        "support": 99
    },
    "UP": {
        "precision": 0.5416666666666666,
        "recall": 0.203125,
        "f1-score": 0.29545454545454547,
        "support": 64
    },
    "accuracy": 0.6196319018404908,
    "macro avg": {
        "precision": 0.5873800959232613,
        "recall": 0.5460069444444444,
        "f1-score": 0.5174751718869365,
        "support": 163
    },
    "weighted avg": {
        "precision": 0.5971958629415486,
        "recall": 0.6196319018404908,
        "f1-score": 0.5651483125319284,
        "support": 163
    }
}