{
    "DOWN": {
        "precision": 0.6390728476821192,
        "recall": 0.5659824046920822,
        "f1-score": 0.6003110419906689,
        "support": 341
    },
    "UP": {
        "precision": 0.39591836734693875,
        "recall": 0.470873786407767,
        "f1-score": 0.43015521064301554,
        "support": 206
    },
    "accuracy": 0.5301645338208409,
    "macro avg": {
        "precision": 0.5174956075145289,
        "recall": 0.5184280955499245,
        "f1-score": 0.5152331263168421,
        "support": 547
    },
    "weighted avg": {
        "precision": 0.5475009592926363,
        "recall": 0.5301645338208409,
        "f1-score": 0.5362304181193405,
        "support": 547
    }
}