{
    "R2": 0.7242275683708677,
    "RMSE": 17.735212987750003,
    "MSE": 314.5377797208564,
    "MAPE": 0.2376796766294813,
    "ACMAPE": 2.2376796766294813
}