{
    "R2": 0.9776629123871421,
    "RMSE": 5.047475946069887,
    "MSE": 25.477013426154098,
    "MAPE": 0.055253974163069146,
    "ACMAPE": 2.0552539741630693
}