{
    "R2": 0.9799532919936464,
    "RMSE": 323.22166397173186,
    "MSE": 104472.24406065514,
    "MAPE": 0.44725666167749856,
    "ACMAPE": 1.166325075069056
}