{
    "DOWN": {
        "precision": 0.8072289156626506,
        "recall": 0.34125636672325976,
        "f1-score": 0.4797136038186158,
        "support": 589
    },
    "UP": {
        "precision": 0.19834710743801653,
        "recall": 0.6666666666666666,
        "f1-score": 0.30573248407643316,
        "support": 144
    },
    "accuracy": 0.4051841746248295,
    "macro avg": {
        "precision": 0.5027880115503336,
        "recall": 0.5039615166949631,
        "f1-score": 0.39272304394752444,
        "support": 733
    },
    "weighted avg": {
        "precision": 0.6876122984943733,
        "recall": 0.4051841746248295,
        "f1-score": 0.4455345025322934,
        "support": 733
    }
}