{
    "R2": 0.9715298485855517,
    "RMSE": 51.047569277901765,
    "MSE": 2605.8543291821798,
    "MAPE": 0.15473601192971134,
    "ACMAPE": 1.1247958921692325
}