{
    "R2": 0.9891379730840703,
    "RMSE": 31.597570464505377,
    "MSE": 998.4064592593825,
    "MAPE": 0.056810377453176186,
    "ACMAPE": 1.0241643293432103
}