{
    "DOWN": {
        "precision": 0.6242111302352267,
        "recall": 0.39136690647482014,
        "f1-score": 0.48109661728940967,
        "support": 2780
    },
    "UP": {
        "precision": 0.36150943396226415,
        "recall": 0.5939243645381277,
        "f1-score": 0.4494487450152475,
        "support": 1613
    },
    "accuracy": 0.46574095151377193,
    "macro avg": {
        "precision": 0.49286028209874544,
        "recall": 0.4926456355064739,
        "f1-score": 0.46527268115232856,
        "support": 4393
    },
    "weighted avg": {
        "precision": 0.5277536214511865,
        "recall": 0.46574095151377193,
        "f1-score": 0.46947630816620833,
        "support": 4393
    }
}