{
    "DOWN": {
        "precision": 0.9462616822429907,
        "recall": 0.09375,
        "f1-score": 0.17059814658803704,
        "support": 4320
    },
    "UP": {
        "precision": 0.025634644101543057,
        "recall": 0.8174603174603174,
        "f1-score": 0.049710424710424715,
        "support": 126
    },
    "accuracy": 0.1142600089968511,
    "macro avg": {
        "precision": 0.48594816317226686,
        "recall": 0.4556051587301587,
        "f1-score": 0.11015428564923088,
        "support": 4446
    },
    "weighted avg": {
        "precision": 0.9201710374373626,
        "recall": 0.1142600089968511,
        "f1-score": 0.16717217876154603,
        "support": 4446
    }
}