{
    "DOWN": {
        "precision": 0.7149532710280374,
        "recall": 0.40583554376657827,
        "f1-score": 0.5177664974619289,
        "support": 754
    },
    "UP": {
        "precision": 0.3469387755102041,
        "recall": 0.6611111111111111,
        "f1-score": 0.4550669216061185,
        "support": 360
    },
    "accuracy": 0.4883303411131059,
    "macro avg": {
        "precision": 0.5309460232691208,
        "recall": 0.5334733274388447,
        "f1-score": 0.4864167095340237,
        "support": 1114
    },
    "weighted avg": {
        "precision": 0.5960257859414845,
        "recall": 0.4883303411131059,
        "f1-score": 0.4975045160363528,
        "support": 1114
    }
}