{
    "R2": 0.9731438739364471,
    "RMSE": 401.3026588317087,
    "MSE": 161043.8239853988,
    "MAPE": 0.030919871651958773,
    "ACMAPE": 1.1276940652003458
}