{
    "DOWN": {
        "precision": 0.5906862745098039,
        "recall": 0.36459909228441756,
        "f1-score": 0.45088868101029,
        "support": 661
    },
    "UP": {
        "precision": 0.4067796610169492,
        "recall": 0.6329670329670329,
        "f1-score": 0.4952708512467756,
        "support": 455
    },
    "accuracy": 0.47401433691756273,
    "macro avg": {
        "precision": 0.49873296776337656,
        "recall": 0.49878306262572525,
        "f1-score": 0.4730797661285328,
        "support": 1116
    },
    "weighted avg": {
        "precision": 0.5157064276108353,
        "recall": 0.47401433691756273,
        "f1-score": 0.46898356224469945,
        "support": 1116
    }
}