{
    "DOWN": {
        "precision": 0.7461111111111111,
        "recall": 0.5681049069373942,
        "f1-score": 0.6450528338136406,
        "support": 2364
    },
    "UP": {
        "precision": 0.3841978287092883,
        "recall": 0.5822669104204753,
        "f1-score": 0.46293604651162795,
        "support": 1094
    },
    "accuracy": 0.5725853094274147,
    "macro avg": {
        "precision": 0.5651544699101997,
        "recall": 0.5751859086789348,
        "f1-score": 0.5539944401626343,
        "support": 3458
    },
    "weighted avg": {
        "precision": 0.6316133867190943,
        "recall": 0.5725853094274147,
        "f1-score": 0.587436938698429,
        "support": 3458
    }
}