{
    "R2": 0.988603703066561,
    "RMSE": 16.69135970439517,
    "MSE": 278.60148878150676,
    "MAPE": 13001566468961.035,
    "ACMAPE": 13001566468961.691
}