{
    "R2": 0.9614727245281384,
    "RMSE": 7.183233240225306,
    "MSE": 51.59883978347774,
    "MAPE": 0.021232465846544483,
    "ACMAPE": 0.7121015527552353
}