{
    "DOWN": {
        "precision": 0.5148936170212766,
        "recall": 0.6624087591240876,
        "f1-score": 0.5794094173982441,
        "support": 548
    },
    "UP": {
        "precision": 0.421875,
        "recall": 0.2830188679245283,
        "f1-score": 0.33877038895859474,
        "support": 477
    },
    "accuracy": 0.48585365853658535,
    "macro avg": {
        "precision": 0.4683843085106383,
        "recall": 0.47271381352430797,
        "f1-score": 0.45908990317841947,
        "support": 1025
    },
    "weighted avg": {
        "precision": 0.4716059289050337,
        "recall": 0.48585365853658535,
        "f1-score": 0.4674242305048658,
        "support": 1025
    }
}