{
    "R2": 0.9983897498076405,
    "RMSE": 18.129542467990298,
    "MSE": 328.6803100986637,
    "MAPE": 0.019922817159376646,
    "ACMAPE": 0.4548971007743657
}