{
    "DOWN": {
        "precision": 0.8012367491166078,
        "recall": 0.6014588859416445,
        "f1-score": 0.6871212121212121,
        "support": 1508
    },
    "UP": {
        "precision": 0.3099885189437428,
        "recall": 0.5454545454545454,
        "f1-score": 0.39531478770131767,
        "support": 495
    },
    "accuracy": 0.5876185721417874,
    "macro avg": {
        "precision": 0.5556126340301752,
        "recall": 0.573456715698095,
        "f1-score": 0.541217999911265,
        "support": 2003
    },
    "weighted avg": {
        "precision": 0.6798349149001485,
        "recall": 0.5876185721417874,
        "f1-score": 0.615007292956036,
        "support": 2003
    }
}