{
    "R2": 0.9863601043441391,
    "RMSE": 5.844401549063108,
    "MSE": 34.15702946669126,
    "MAPE": 3179858760352.5923,
    "ACMAPE": 3179858760353.454
}