{
    "R2": 0.7907234064468479,
    "RMSE": 16.426043489658213,
    "MSE": 269.814904724143,
    "MAPE": 0.04143119846581692,
    "ACMAPE": 1.1123989404013006
}