{
    "DOWN": {
        "precision": 0.7194029850746269,
        "recall": 0.3433048433048433,
        "f1-score": 0.4648023143683703,
        "support": 702
    },
    "UP": {
        "precision": 0.3057228915662651,
        "recall": 0.6835016835016835,
        "f1-score": 0.4224765868886577,
        "support": 297
    },
    "accuracy": 0.4444444444444444,
    "macro avg": {
        "precision": 0.512562938320446,
        "recall": 0.5134032634032634,
        "f1-score": 0.44363945062851395,
        "support": 999
    },
    "weighted avg": {
        "precision": 0.5964170113288977,
        "recall": 0.4444444444444444,
        "f1-score": 0.45221898998250976,
        "support": 999
    }
}