{
    "R2": 0.8760870327114086,
    "RMSE": 15.240182797263207,
    "MSE": 232.26317169399738,
    "MAPE": 0.028229644702937654,
    "ACMAPE": 1.0472486637219567
}