{
    "DOWN": {
        "precision": 0.6762849413886384,
        "recall": 0.6547359231776517,
        "f1-score": 0.665335994677312,
        "support": 2291
    },
    "UP": {
        "precision": 0.35375816993464054,
        "recall": 0.37619461337966986,
        "f1-score": 0.36463157894736836,
        "support": 1151
    },
    "accuracy": 0.5615920976176642,
    "macro avg": {
        "precision": 0.5150215556616394,
        "recall": 0.5154652682786608,
        "f1-score": 0.5149837868123401,
        "support": 3442
    },
    "weighted avg": {
        "precision": 0.5684324387902794,
        "recall": 0.5615920976176642,
        "f1-score": 0.5647808574009712,
        "support": 3442
    }
}