{
    "R2": 0.960725166839134,
    "RMSE": 38.04172126379392,
    "MSE": 1447.17255671219,
    "MAPE": 0.021307307754270335,
    "ACMAPE": 0.7792535180232191
}