{
    "R2": 0.9975406748862238,
    "RMSE": 17.63130457801377,
    "MSE": 310.86290112268927,
    "MAPE": 156372217619342.25,
    "ACMAPE": 156372217619343.56
}