{
    "R2": 0.920437279589464,
    "RMSE": 43.236253127464046,
    "MSE": 1869.3735845021442,
    "MAPE": 0.019614523085837044,
    "ACMAPE": 0.9832796099736728
}