{
    "R2": 0.8683854906232575,
    "RMSE": 19.304409553625153,
    "MSE": 372.66022821409405,
    "MAPE": 0.012185782353324006,
    "ACMAPE": 1.1640845165305391
}