{
    "R2": 0.8322632564317447,
    "RMSE": 31.926621591210885,
    "MSE": 1019.3091662283731,
    "MAPE": 0.015445798580070638,
    "ACMAPE": 0.7923244112968337
}