{
    "R2": 0.9726233032788326,
    "RMSE": 12.352919722792413,
    "MSE": 152.59462567775378,
    "MAPE": 0.03863040227512602,
    "ACMAPE": 0.3359872304689586
}