{
    "DOWN": {
        "precision": 0.6349206349206349,
        "recall": 0.8888888888888888,
        "f1-score": 0.7407407407407407,
        "support": 135
    },
    "UP": {
        "precision": 0.34782608695652173,
        "recall": 0.1038961038961039,
        "f1-score": 0.16,
        "support": 77
    },
    "accuracy": 0.6037735849056604,
    "macro avg": {
        "precision": 0.4913733609385783,
        "recall": 0.4963924963924964,
        "f1-score": 0.45037037037037037,
        "support": 212
    },
    "weighted avg": {
        "precision": 0.5306457283487636,
        "recall": 0.6037735849056604,
        "f1-score": 0.5298113207547169,
        "support": 212
    }
}