{
    "R2": 0.9132381235740739,
    "RMSE": 24.22411103292293,
    "MSE": 586.8075553353785,
    "MAPE": 0.047029232053282195,
    "ACMAPE": 1.110377648342875
}