{
    "R2": 0.9823627459239301,
    "RMSE": 7.486336770243857,
    "MSE": 56.04523823750522,
    "MAPE": 0.0293439446841789,
    "ACMAPE": 0.9737300936873269
}