{
    "R2": -6.943965990234882,
    "RMSE": 12.209781535176424,
    "MSE": 149.07876513673514,
    "MAPE": 0.21259980888640898,
    "ACMAPE": 2.0346638658259106
}