{
    "DOWN": {
        "precision": 0.8653774637411678,
        "recall": 0.6750797795184218,
        "f1-score": 0.7584745762711864,
        "support": 3447
    },
    "UP": {
        "precision": 0.24731182795698925,
        "recall": 0.5041095890410959,
        "f1-score": 0.3318304779080253,
        "support": 730
    },
    "accuracy": 0.6451999042374911,
    "macro avg": {
        "precision": 0.5563446458490785,
        "recall": 0.5895946842797588,
        "f1-score": 0.5451525270896058,
        "support": 4177
    },
    "weighted avg": {
        "precision": 0.7573602470491758,
        "recall": 0.6451999042374911,
        "f1-score": 0.6839114467990515,
        "support": 4177
    }
}