{
    "DOWN": {
        "precision": 0.8398034398034399,
        "recall": 0.5053222945002956,
        "f1-score": 0.6309765552889053,
        "support": 3382
    },
    "UP": {
        "precision": 0.2567747667703243,
        "recall": 0.6393805309734514,
        "f1-score": 0.3664025356576862,
        "support": 904
    },
    "accuracy": 0.5335977601493234,
    "macro avg": {
        "precision": 0.5482891032868821,
        "recall": 0.5723514127368735,
        "f1-score": 0.49868954547329575,
        "support": 4286
    },
    "weighted avg": {
        "precision": 0.7168314565038747,
        "recall": 0.5335977601493234,
        "f1-score": 0.5751727956653351,
        "support": 4286
    }
}