{
    "DOWN": {
        "precision": 0.6686046511627907,
        "recall": 0.688622754491018,
        "f1-score": 0.6784660766961651,
        "support": 167
    },
    "UP": {
        "precision": 0.44086021505376344,
        "recall": 0.41836734693877553,
        "f1-score": 0.4293193717277487,
        "support": 98
    },
    "accuracy": 0.5886792452830188,
    "macro avg": {
        "precision": 0.554732433108277,
        "recall": 0.5534950507148968,
        "f1-score": 0.5538927242119569,
        "support": 265
    },
    "weighted avg": {
        "precision": 0.5843821804507731,
        "recall": 0.5886792452830188,
        "f1-score": 0.5863288046701092,
        "support": 265
    }
}