{
    "R2": 0.9947733663330869,
    "RMSE": 5.890397643108315,
    "MSE": 34.69678439393599,
    "MAPE": 0.014072706327072356,
    "ACMAPE": 0.9618192771957855
}