{
    "R2": 0.9895273216145711,
    "RMSE": 15.378038445143929,
    "MSE": 236.48406642032472,
    "MAPE": 0.05535112306296898,
    "ACMAPE": 1.1612871961223297
}