{
    "R2": 0.9740303288764626,
    "RMSE": 43.11185035683804,
    "MSE": 1858.6316411903965,
    "MAPE": 0.08730023489779411,
    "ACMAPE": 1.1485918844247376
}