{
    "R2": 0.965011172204178,
    "RMSE": 39.798078199626524,
    "MSE": 1583.887028383588,
    "MAPE": 0.0792526023758379,
    "ACMAPE": 1.1284617412159084
}