{
    "R2": 0.9590909397782663,
    "RMSE": 54.65613708279933,
    "MSE": 2987.2933208137524,
    "MAPE": 0.07214251538038895,
    "ACMAPE": 1.2060007830969244
}