{
    "R2": 0.6756244378761034,
    "RMSE": 9.230023174243176,
    "MSE": 85.19332779706608,
    "MAPE": 0.1014978791606359,
    "ACMAPE": 0.7345254020964157
}