{
    "R2": 0.9916448559371981,
    "RMSE": 3.519716429442048,
    "MSE": 12.388403743684279,
    "MAPE": 0.02227312025622945,
    "ACMAPE": 0.47051682557174074
}