{
    "DOWN": {
        "precision": 0.9267773520647083,
        "recall": 0.801841620626151,
        "f1-score": 0.8597946287519748,
        "support": 2715
    },
    "UP": {
        "precision": 0.3765932792584009,
        "recall": 0.6539235412474849,
        "f1-score": 0.47794117647058815,
        "support": 497
    },
    "accuracy": 0.7789539227895392,
    "macro avg": {
        "precision": 0.6516853156615546,
        "recall": 0.7278825809368179,
        "f1-score": 0.6688679026112815,
        "support": 3212
    },
    "weighted avg": {
        "precision": 0.8416461303384523,
        "recall": 0.7789539227895392,
        "f1-score": 0.8007095833647241,
        "support": 3212
    }
}