{
    "R2": 0.8771057709072947,
    "RMSE": 5.919911597981416,
    "MSE": 35.04535332791489,
    "MAPE": 0.062474650343483526,
    "ACMAPE": 1.2757099444611306
}