{
    "R2": 0.9915117230185073,
    "RMSE": 12.978050111316554,
    "MSE": 168.42978469184362,
    "MAPE": 0.032777890070874775,
    "ACMAPE": 0.9693450542499792
}