{
    "R2": 0.4553894486543604,
    "RMSE": 115.9054799972253,
    "MSE": 13434.080293387193,
    "MAPE": 0.05231769560618969,
    "ACMAPE": 1.0191423401559527
}