{
    "R2": 0.8852541775814198,
    "RMSE": 24.02285251269798,
    "MSE": 577.0974428468397,
    "MAPE": 0.028636072384648704,
    "ACMAPE": 1.0103593099825599
}