{
    "R2": 0.9774790253512881,
    "RMSE": 978.918312404939,
    "MSE": 958281.0623617338,
    "MAPE": 0.19100021441311688,
    "ACMAPE": 1.1880260666208498
}