{
    "R2": 0.9725568544879979,
    "RMSE": 1081.3613654790354,
    "MSE": 1169342.4027506842,
    "MAPE": 0.42140514734759266,
    "ACMAPE": 1.4853905221190733
}