{
    "DOWN": {
        "precision": 0.7632042253521126,
        "recall": 0.37959719789842383,
        "f1-score": 0.5070175438596491,
        "support": 2284
    },
    "UP": {
        "precision": 0.23072747014115091,
        "recall": 0.6123919308357348,
        "f1-score": 0.33517350157728704,
        "support": 694
    },
    "accuracy": 0.4338482202820685,
    "macro avg": {
        "precision": 0.4969658477466318,
        "recall": 0.49599456436707934,
        "f1-score": 0.42109552271846806,
        "support": 2978
    },
    "weighted avg": {
        "precision": 0.6391146121498268,
        "recall": 0.4338482202820685,
        "f1-score": 0.4669706112391121,
        "support": 2978
    }
}