{
    "R2": 0.9937387901982142,
    "RMSE": 37.22836613770969,
    "MSE": 1385.9512452833694,
    "MAPE": 0.08124185592977469,
    "ACMAPE": 1.1851250288471329
}