{
    "R2": 0.9837280571634419,
    "RMSE": 85.30125756955827,
    "MSE": 7276.3045429481235,
    "MAPE": 0.053147767083958825,
    "ACMAPE": 1.1114024297595286
}