{
    "R2": 0.9077645906799473,
    "RMSE": 102.30887081344456,
    "MSE": 10467.105047122088,
    "MAPE": 0.0856441451362996,
    "ACMAPE": 0.9912645056877313
}