{
    "R2": 0.9962796319706776,
    "RMSE": 111.56133641745615,
    "MSE": 12445.931783248827,
    "MAPE": 645796202037605.6,
    "ACMAPE": 645796202037606.8
}