{
    "R2": 0.6479882446121183,
    "RMSE": 538.8834905882215,
    "MSE": 290395.41642854584,
    "MAPE": 0.04364899413402236,
    "ACMAPE": 0.9701665660190064
}