{
    "DOWN": {
        "precision": 0.6097560975609756,
        "recall": 0.6660746003552398,
        "f1-score": 0.6366723259762308,
        "support": 563
    },
    "UP": {
        "precision": 0.41975308641975306,
        "recall": 0.3617021276595745,
        "f1-score": 0.38857142857142857,
        "support": 376
    },
    "accuracy": 0.54419595314164,
    "macro avg": {
        "precision": 0.5147545919903643,
        "recall": 0.5138883640074071,
        "f1-score": 0.5126218772738297,
        "support": 939
    },
    "weighted avg": {
        "precision": 0.5336739546545862,
        "recall": 0.54419595314164,
        "f1-score": 0.5373262797310704,
        "support": 939
    }
}