{
    "DOWN": {
        "precision": 0.6595744680851063,
        "recall": 0.4867149758454106,
        "f1-score": 0.5601111883252258,
        "support": 828
    },
    "UP": {
        "precision": 0.36377245508982037,
        "recall": 0.5388026607538803,
        "f1-score": 0.4343163538873994,
        "support": 451
    },
    "accuracy": 0.5050820953870211,
    "macro avg": {
        "precision": 0.5116734615874634,
        "recall": 0.5127588182996454,
        "f1-score": 0.4972137711063126,
        "support": 1279
    },
    "weighted avg": {
        "precision": 0.5552689889131954,
        "recall": 0.5050820953870211,
        "f1-score": 0.5157535101927319,
        "support": 1279
    }
}