{
    "DOWN": {
        "precision": 0.8361551064991808,
        "recall": 0.5011456628477905,
        "f1-score": 0.6266884977486696,
        "support": 3055
    },
    "UP": {
        "precision": 0.2267884322678843,
        "recall": 0.5983935742971888,
        "f1-score": 0.3289183222958057,
        "support": 747
    },
    "accuracy": 0.5202524986849026,
    "macro avg": {
        "precision": 0.5314717693835326,
        "recall": 0.5497696185724896,
        "f1-score": 0.4778034100222377,
        "support": 3802
    },
    "weighted avg": {
        "precision": 0.7164294606152307,
        "recall": 0.5202524986849026,
        "f1-score": 0.568183941971897,
        "support": 3802
    }
}