{
    "DOWN": {
        "precision": 0.9034988713318285,
        "recall": 0.5063251106894371,
        "f1-score": 0.6489663558978518,
        "support": 3162
    },
    "UP": {
        "precision": 0.15984930032292788,
        "recall": 0.6346153846153846,
        "f1-score": 0.2553740326741187,
        "support": 468
    },
    "accuracy": 0.5228650137741047,
    "macro avg": {
        "precision": 0.5316740858273782,
        "recall": 0.5704702476524108,
        "f1-score": 0.45217019428598526,
        "support": 3630
    },
    "weighted avg": {
        "precision": 0.8076233894496893,
        "recall": 0.5228650137741047,
        "f1-score": 0.5982222216640481,
        "support": 3630
    }
}