{
    "R2": 0.9927401525472137,
    "RMSE": 31.849458136853148,
    "MSE": 1014.3879836111611,
    "MAPE": 0.08855617985238998,
    "ACMAPE": 1.0515405638894055
}