{
    "DOWN": {
        "precision": 0.9663760896637609,
        "recall": 0.849015317286652,
        "f1-score": 0.9039021549213745,
        "support": 2742
    },
    "UP": {
        "precision": 0.2910958904109589,
        "recall": 0.6772908366533864,
        "f1-score": 0.4071856287425149,
        "support": 251
    },
    "accuracy": 0.8346140995656532,
    "macro avg": {
        "precision": 0.6287359900373599,
        "recall": 0.7631530769700192,
        "f1-score": 0.6555438918319447,
        "support": 2993
    },
    "weighted avg": {
        "precision": 0.9097455083031016,
        "recall": 0.8346140995656532,
        "f1-score": 0.862246342000929,
        "support": 2993
    }
}