{
    "DOWN": {
        "precision": 0.9303415941058272,
        "recall": 0.34838224228743414,
        "f1-score": 0.506934306569343,
        "support": 3987
    },
    "UP": {
        "precision": 0.05217074060561839,
        "recall": 0.5789473684210527,
        "f1-score": 0.09571619812583668,
        "support": 247
    },
    "accuracy": 0.3618327822390175,
    "macro avg": {
        "precision": 0.4912561673557228,
        "recall": 0.46366480535424337,
        "f1-score": 0.30132525234758983,
        "support": 4234
    },
    "weighted avg": {
        "precision": 0.8791115041637979,
        "recall": 0.3618327822390175,
        "f1-score": 0.48294496486278987,
        "support": 4234
    }
}