{
    "R2": 0.9746106971003002,
    "RMSE": 14.157136229900797,
    "MSE": 200.42450623196976,
    "MAPE": 0.03453349694004999,
    "ACMAPE": 0.6816879684847655
}