{
    "R2": -0.3088330113256861,
    "RMSE": 154.72074735468624,
    "MSE": 23938.509661992644,
    "MAPE": 0.15709988020461949,
    "ACMAPE": 1.2308703720078982
}