{
    "DOWN": {
        "precision": 0.6440202133632791,
        "recall": 0.5459305092812946,
        "f1-score": 0.5909325090159713,
        "support": 2101
    },
    "UP": {
        "precision": 0.42942583732057416,
        "recall": 0.5310650887573964,
        "f1-score": 0.4748677248677248,
        "support": 1352
    },
    "accuracy": 0.5401100492325515,
    "macro avg": {
        "precision": 0.5367230253419266,
        "recall": 0.5384977990193456,
        "f1-score": 0.532900116941848,
        "support": 3453
    },
    "weighted avg": {
        "precision": 0.5599971619848438,
        "recall": 0.5401100492325515,
        "f1-score": 0.545488087304871,
        "support": 3453
    }
}