{
    "DOWN": {
        "precision": 0.6945337620578779,
        "recall": 0.43548387096774194,
        "f1-score": 0.5353159851301116,
        "support": 496
    },
    "UP": {
        "precision": 0.3621867881548975,
        "recall": 0.6259842519685039,
        "f1-score": 0.4588744588744589,
        "support": 254
    },
    "accuracy": 0.5,
    "macro avg": {
        "precision": 0.5283602751063877,
        "recall": 0.530734061468123,
        "f1-score": 0.49709522200228523,
        "support": 750
    },
    "weighted avg": {
        "precision": 0.5819789202294019,
        "recall": 0.5,
        "f1-score": 0.5094277882381972,
        "support": 750
    }
}