{
    "R2": 0.9696463294954983,
    "RMSE": 32.158034786425496,
    "MSE": 1034.1392013249522,
    "MAPE": 0.012569291548471787,
    "ACMAPE": 0.5092308221083074
}