{
    "R2": 0.9926731810197642,
    "RMSE": 18.20285161871703,
    "MSE": 331.3438070530292,
    "MAPE": 42413925585603.24,
    "ACMAPE": 42413925585604.35
}