{
    "DOWN": {
        "precision": 0.6735042735042736,
        "recall": 0.5518207282913166,
        "f1-score": 0.6066204772902233,
        "support": 714
    },
    "UP": {
        "precision": 0.23990498812351543,
        "recall": 0.3458904109589041,
        "f1-score": 0.2833099579242637,
        "support": 292
    },
    "accuracy": 0.49204771371769385,
    "macro avg": {
        "precision": 0.4567046308138945,
        "recall": 0.4488555696251103,
        "f1-score": 0.4449652176072435,
        "support": 1006
    },
    "weighted avg": {
        "precision": 0.5476484173102563,
        "recall": 0.49204771371769385,
        "f1-score": 0.5127768672953325,
        "support": 1006
    }
}