{
    "DOWN": {
        "precision": 0.7402597402597403,
        "recall": 0.5370121130551817,
        "f1-score": 0.6224648985959438,
        "support": 743
    },
    "UP": {
        "precision": 0.25379609544468545,
        "recall": 0.45525291828793774,
        "f1-score": 0.32590529247910865,
        "support": 257
    },
    "accuracy": 0.516,
    "macro avg": {
        "precision": 0.4970279178522129,
        "recall": 0.4961325156715597,
        "f1-score": 0.4741850955375262,
        "support": 1000
    },
    "weighted avg": {
        "precision": 0.6152385835422712,
        "recall": 0.516,
        "f1-score": 0.5462490798239171,
        "support": 1000
    }
}