{
    "R2": 0.992592012193472,
    "RMSE": 22.436809645204306,
    "MSE": 503.4104270551329,
    "MAPE": 0.06311206387383235,
    "ACMAPE": 0.9896232251479734
}