{
    "R2": 0.7374062831543626,
    "RMSE": 52.97434547828547,
    "MSE": 2806.281278852744,
    "MAPE": 0.05813147425007242,
    "ACMAPE": 1.3113106650015176
}