{
    "R2": 0.5822816216638627,
    "RMSE": 29.256268203800534,
    "MSE": 855.9292292127102,
    "MAPE": 0.14406444409223745,
    "ACMAPE": 1.0649946766503768
}