{
    "DOWN": {
        "precision": 0.8947368421052632,
        "recall": 0.4358974358974359,
        "f1-score": 0.5862068965517242,
        "support": 39
    },
    "UP": {
        "precision": 0.40540540540540543,
        "recall": 0.8823529411764706,
        "f1-score": 0.5555555555555556,
        "support": 17
    },
    "accuracy": 0.5714285714285714,
    "macro avg": {
        "precision": 0.6500711237553343,
        "recall": 0.6591251885369532,
        "f1-score": 0.5708812260536399,
        "support": 56
    },
    "weighted avg": {
        "precision": 0.7461897988213778,
        "recall": 0.5714285714285714,
        "f1-score": 0.5769020251778872,
        "support": 56
    }
}