{
    "R2": 0.8828327505999939,
    "RMSE": 53.828988012754316,
    "MSE": 2897.559950477248,
    "MAPE": 0.2128818751929435,
    "ACMAPE": 1.4348598971709656
}