{
    "R2": 0.9858994668887893,
    "RMSE": 63.66439361816201,
    "MSE": 4053.155014768268,
    "MAPE": 0.07303857250884864,
    "ACMAPE": 0.8028387462707948
}