{
    "DOWN": {
        "precision": 0.5975103734439834,
        "recall": 0.9411764705882353,
        "f1-score": 0.7309644670050762,
        "support": 306
    },
    "UP": {
        "precision": 0.41935483870967744,
        "recall": 0.06280193236714976,
        "f1-score": 0.1092436974789916,
        "support": 207
    },
    "accuracy": 0.5867446393762183,
    "macro avg": {
        "precision": 0.5084326060768304,
        "recall": 0.5019892014776925,
        "f1-score": 0.4201040822420339,
        "support": 513
    },
    "weighted avg": {
        "precision": 0.5256230524108424,
        "recall": 0.5867446393762183,
        "f1-score": 0.4800946828103403,
        "support": 513
    }
}