{
    "DOWN": {
        "precision": 0.7591743119266054,
        "recall": 0.3084808946877912,
        "f1-score": 0.43870112657388993,
        "support": 1073
    },
    "UP": {
        "precision": 0.3097674418604651,
        "recall": 0.7602739726027398,
        "f1-score": 0.44018506278916064,
        "support": 438
    },
    "accuracy": 0.43944407677035074,
    "macro avg": {
        "precision": 0.5344708768935353,
        "recall": 0.5343774336452655,
        "f1-score": 0.4394430946815253,
        "support": 1511
    },
    "weighted avg": {
        "precision": 0.628902830067592,
        "recall": 0.43944407677035074,
        "f1-score": 0.4391312814794416,
        "support": 1511
    }
}