{
    "DOWN": {
        "precision": 0.8704856787048568,
        "recall": 0.6466234967622572,
        "f1-score": 0.7420382165605095,
        "support": 3243
    },
    "UP": {
        "precision": 0.21182943603851445,
        "recall": 0.4967741935483871,
        "f1-score": 0.2970106075216972,
        "support": 620
    },
    "accuracy": 0.6225731296919492,
    "macro avg": {
        "precision": 0.5411575573716856,
        "recall": 0.5716988451553221,
        "f1-score": 0.5195244120411033,
        "support": 3863
    },
    "weighted avg": {
        "precision": 0.7647733125507973,
        "recall": 0.6225731296919492,
        "f1-score": 0.6706126101395766,
        "support": 3863
    }
}