{
    "DOWN": {
        "precision": 0.8215962441314554,
        "recall": 0.5347010039284156,
        "f1-score": 0.6478053939714437,
        "support": 2291
    },
    "UP": {
        "precision": 0.21675238795003673,
        "recall": 0.5258467023172906,
        "f1-score": 0.30697190426638915,
        "support": 561
    },
    "accuracy": 0.5329593267882188,
    "macro avg": {
        "precision": 0.519174316040746,
        "recall": 0.530273853122853,
        "f1-score": 0.47738864911891643,
        "support": 2852
    },
    "weighted avg": {
        "precision": 0.7026209975263447,
        "recall": 0.5329593267882188,
        "f1-score": 0.5807620602671886,
        "support": 2852
    }
}