{
    "DOWN": {
        "precision": 0.7116493656286044,
        "recall": 0.842896174863388,
        "f1-score": 0.7717323327079424,
        "support": 732
    },
    "UP": {
        "precision": 0.31137724550898205,
        "recall": 0.17218543046357615,
        "f1-score": 0.22174840085287847,
        "support": 302
    },
    "accuracy": 0.6470019342359767,
    "macro avg": {
        "precision": 0.5115133055687933,
        "recall": 0.507540802663482,
        "f1-score": 0.49674036678041045,
        "support": 1034
    },
    "weighted avg": {
        "precision": 0.594742034607206,
        "recall": 0.6470019342359767,
        "f1-score": 0.6110987278527884,
        "support": 1034
    }
}