{
    "DOWN": {
        "precision": 0.8971603990790483,
        "recall": 0.6657175398633257,
        "f1-score": 0.7643020594965675,
        "support": 3512
    },
    "UP": {
        "precision": 0.22661396574440051,
        "recall": 0.5620915032679739,
        "f1-score": 0.3230046948356808,
        "support": 612
    },
    "accuracy": 0.6503394762366634,
    "macro avg": {
        "precision": 0.5618871824117244,
        "recall": 0.6139045215656498,
        "f1-score": 0.5436533771661242,
        "support": 4124
    },
    "weighted avg": {
        "precision": 0.797651568525992,
        "recall": 0.6503394762366634,
        "f1-score": 0.6988137017922846,
        "support": 4124
    }
}