{
    "R2": 0.7746557121250406,
    "RMSE": 518.6615004252712,
    "MSE": 269009.75202339364,
    "MAPE": 0.04914410185197116,
    "ACMAPE": 0.9869123421953188
}