{
    "R2": -0.756392413100361,
    "RMSE": 2484.506523654034,
    "MSE": 6172772.666079453,
    "MAPE": 0.38272801761385083,
    "ACMAPE": 1.2187068535926868
}