{
    "DOWN": {
        "precision": 0.6306306306306306,
        "recall": 0.12797074954296161,
        "f1-score": 0.2127659574468085,
        "support": 547
    },
    "UP": {
        "precision": 0.3328671328671329,
        "recall": 0.8530465949820788,
        "f1-score": 0.47887323943661964,
        "support": 279
    },
    "accuracy": 0.3728813559322034,
    "macro avg": {
        "precision": 0.48174888174888175,
        "recall": 0.4905086722625202,
        "f1-score": 0.34581959844171406,
        "support": 826
    },
    "weighted avg": {
        "precision": 0.5300543402238318,
        "recall": 0.3728813559322034,
        "f1-score": 0.3026496519687907,
        "support": 826
    }
}