{
    "DOWN": {
        "precision": 0.8618052014278429,
        "recall": 0.48563218390804597,
        "f1-score": 0.6212093365190223,
        "support": 3480
    },
    "UP": {
        "precision": 0.18967858759619738,
        "recall": 0.6072463768115942,
        "f1-score": 0.2890651948947913,
        "support": 690
    },
    "accuracy": 0.5057553956834533,
    "macro avg": {
        "precision": 0.5257418945120201,
        "recall": 0.5464392803598201,
        "f1-score": 0.4551372657069068,
        "support": 4170
    },
    "weighted avg": {
        "precision": 0.750590006333398,
        "recall": 0.5057553956834533,
        "f1-score": 0.5662502339481064,
        "support": 4170
    }
}