{
    "R2": 0.9389794085586137,
    "RMSE": 66.32191907157986,
    "MSE": 4398.596949337188,
    "MAPE": 0.025719885552725957,
    "ACMAPE": 1.0121499481832061
}