{
    "R2": 0.7140587840197832,
    "RMSE": 888.0818134907988,
    "MSE": 788689.307453106,
    "MAPE": 0.09850476995471293,
    "ACMAPE": 1.0074052935149225
}