{
    "DOWN": {
        "precision": 0.5511111111111111,
        "recall": 0.4601113172541744,
        "f1-score": 0.5015166835187057,
        "support": 539
    },
    "UP": {
        "precision": 0.42376237623762375,
        "recall": 0.5144230769230769,
        "f1-score": 0.46471226927252984,
        "support": 416
    },
    "accuracy": 0.4837696335078534,
    "macro avg": {
        "precision": 0.4874367436743674,
        "recall": 0.48726719708862565,
        "f1-score": 0.4831144763956178,
        "support": 955
    },
    "weighted avg": {
        "precision": 0.4956377355012988,
        "recall": 0.4837696335078534,
        "f1-score": 0.4854846035957642,
        "support": 955
    }
}