{
    "DOWN": {
        "precision": 0.75,
        "recall": 0.22195704057279236,
        "f1-score": 0.34254143646408836,
        "support": 419
    },
    "UP": {
        "precision": 0.27069351230425054,
        "recall": 0.7960526315789473,
        "f1-score": 0.4040066777963271,
        "support": 152
    },
    "accuracy": 0.37478108581436076,
    "macro avg": {
        "precision": 0.5103467561521253,
        "recall": 0.5090048360758699,
        "f1-score": 0.3732740571302077,
        "support": 571
    },
    "weighted avg": {
        "precision": 0.6224087808585747,
        "recall": 0.37478108581436076,
        "f1-score": 0.3589034621777491,
        "support": 571
    }
}