{
    "DOWN": {
        "precision": 0.5725646123260437,
        "recall": 0.75,
        "f1-score": 0.649379932356257,
        "support": 384
    },
    "UP": {
        "precision": 0.37254901960784315,
        "recall": 0.20955882352941177,
        "f1-score": 0.26823529411764707,
        "support": 272
    },
    "accuracy": 0.5259146341463414,
    "macro avg": {
        "precision": 0.47255681596694343,
        "recall": 0.4797794117647059,
        "f1-score": 0.45880761323695207,
        "support": 656
    },
    "weighted avg": {
        "precision": 0.4896313177843508,
        "recall": 0.5259146341463414,
        "f1-score": 0.4913443506475651,
        "support": 656
    }
}