{
    "DOWN": {
        "precision": 0.9546442994718857,
        "recall": 0.745873786407767,
        "f1-score": 0.8374437934323478,
        "support": 4120
    },
    "UP": {
        "precision": 0.2145536384096024,
        "recall": 0.6620370370370371,
        "f1-score": 0.3240793201133145,
        "support": 432
    },
    "accuracy": 0.7379173989455184,
    "macro avg": {
        "precision": 0.584598968940744,
        "recall": 0.7039554117224021,
        "f1-score": 0.5807615567728311,
        "support": 4552
    },
    "weighted avg": {
        "precision": 0.8844072244325829,
        "recall": 0.7379173989455184,
        "f1-score": 0.7887237906920529,
        "support": 4552
    }
}