{
    "R2": 0.826670502623909,
    "RMSE": 1818629.3828466756,
    "MSE": 3307412832153.2803,
    "MAPE": 0.09122548152973377,
    "ACMAPE": 0.6460471459947272
}