{
    "R2": 0.9258089314730322,
    "RMSE": 27.451804580251533,
    "MSE": 753.601574712319,
    "MAPE": 0.10619362376864377,
    "ACMAPE": 1.0952046127796329
}