{
    "R2": 0.6955628891880573,
    "RMSE": 177.1658228735789,
    "MSE": 31387.728794472325,
    "MAPE": 0.13324420736856216,
    "ACMAPE": 1.008590467756374
}