{
    "R2": 0.9967014559530815,
    "RMSE": 8.420146593709683,
    "MSE": 70.89886865956079,
    "MAPE": 0.06831209828585709,
    "ACMAPE": 1.0687746329759589
}