{
    "R2": 0.9734523090438971,
    "RMSE": 35.83793490871817,
    "MSE": 1284.3575785215203,
    "MAPE": 0.059076885278451244,
    "ACMAPE": 0.9675437045004193
}