{
    "R2": 0.6938157781742906,
    "RMSE": 11.202069589959942,
    "MSE": 125.48636309830532,
    "MAPE": 0.037393246364949326,
    "ACMAPE": 1.0169850830996432
}