{
    "R2": 0.6616044931540521,
    "RMSE": 7.2191614477960275,
    "MSE": 52.11629200934444,
    "MAPE": 0.024558016788178597,
    "ACMAPE": 1.0449661800534848
}