{
    "R2": 0.3547844023989495,
    "RMSE": 63.823880395283474,
    "MSE": 4073.48770871145,
    "MAPE": 0.6153043271051916,
    "ACMAPE": 2.053274251917222
}