{
    "R2": 0.05119126527355555,
    "RMSE": 1.7314765466563027,
    "MSE": 2.9980110316208357,
    "MAPE": 0.010763885110098034,
    "ACMAPE": 1.229513885110098
}