{
    "R2": 0.9356537000479859,
    "RMSE": 6.017857486799972,
    "MSE": 36.21460873143448,
    "MAPE": 0.06589592131114591,
    "ACMAPE": 0.9046969597817618
}