{
    "R2": -17.89140674771037,
    "RMSE": 143.3025831605305,
    "MSE": 20535.63034048076,
    "MAPE": 0.194164506711594,
    "ACMAPE": 0.8394475255795186
}