{
    "DOWN": {
        "precision": 0.6887254901960784,
        "recall": 0.8400597907324364,
        "f1-score": 0.756902356902357,
        "support": 669
    },
    "UP": {
        "precision": 0.38857142857142857,
        "recall": 0.2111801242236025,
        "f1-score": 0.2736418511066399,
        "support": 322
    },
    "accuracy": 0.6357214934409687,
    "macro avg": {
        "precision": 0.5386484593837535,
        "recall": 0.5256199574780195,
        "f1-score": 0.5152721040044984,
        "support": 991
    },
    "weighted avg": {
        "precision": 0.5911981361666766,
        "recall": 0.6357214934409687,
        "f1-score": 0.5998792662199948,
        "support": 991
    }
}