{
    "R2": -2.0525505553748005,
    "RMSE": 63.20711309835767,
    "MSE": 3995.139146228577,
    "MAPE": 1.2215741707841812,
    "ACMAPE": 3.221574170784181
}