{
    "DOWN": {
        "precision": 0.8536585365853658,
        "recall": 0.6635071090047393,
        "f1-score": 0.7466666666666666,
        "support": 1477
    },
    "UP": {
        "precision": 0.3553826199740597,
        "recall": 0.6199095022624435,
        "f1-score": 0.4517724649629019,
        "support": 442
    },
    "accuracy": 0.6534653465346535,
    "macro avg": {
        "precision": 0.6045205782797127,
        "recall": 0.6417083056335914,
        "f1-score": 0.5992195658147843,
        "support": 1919
    },
    "weighted avg": {
        "precision": 0.7388914937806772,
        "recall": 0.6534653465346535,
        "f1-score": 0.6787441876916464,
        "support": 1919
    }
}