{
    "DOWN": {
        "precision": 0.5493197278911565,
        "recall": 0.610586011342155,
        "f1-score": 0.5783348254252462,
        "support": 529
    },
    "UP": {
        "precision": 0.4731457800511509,
        "recall": 0.4111111111111111,
        "f1-score": 0.4399524375743163,
        "support": 450
    },
    "accuracy": 0.5188968335035751,
    "macro avg": {
        "precision": 0.5112327539711536,
        "recall": 0.510848561226633,
        "f1-score": 0.5091436314997813,
        "support": 979
    },
    "weighted avg": {
        "precision": 0.5143061665755257,
        "recall": 0.5188968335035751,
        "f1-score": 0.514726986270069,
        "support": 979
    }
}