{
    "R2": 0.7809812673496379,
    "RMSE": 752.1648502994697,
    "MSE": 565751.9620260237,
    "MAPE": 0.06524452289273307,
    "ACMAPE": 1.127553000931548
}