{
    "R2": 0.9945758922537987,
    "RMSE": 137.5036188648949,
    "MSE": 18907.245200942278,
    "MAPE": 0.06255426346235457,
    "ACMAPE": 0.9945583534419047
}