{
    "R2": 0.9601749060010364,
    "RMSE": 14.250923496581448,
    "MSE": 203.0888205054172,
    "MAPE": 0.05045196998839281,
    "ACMAPE": 0.7529052126408097
}