{
    "R2": -0.7734597517394439,
    "RMSE": 1314.0753404068748,
    "MSE": 1726794.0002654437,
    "MAPE": 0.48525814745033397,
    "ACMAPE": 1.343101284705236
}