{
    "DOWN": {
        "precision": 0.7625418060200669,
        "recall": 0.5013192612137203,
        "f1-score": 0.6049349960201644,
        "support": 2274
    },
    "UP": {
        "precision": 0.35714285714285715,
        "recall": 0.6395939086294417,
        "f1-score": 0.458348490360131,
        "support": 985
    },
    "accuracy": 0.5431113838600797,
    "macro avg": {
        "precision": 0.559842331581462,
        "recall": 0.570456584921581,
        "f1-score": 0.5316417431901477,
        "support": 3259
    },
    "weighted avg": {
        "precision": 0.6400140476144052,
        "recall": 0.5431113838600797,
        "f1-score": 0.5606306977461132,
        "support": 3259
    }
}