{
    "DOWN": {
        "precision": 0.6282722513089005,
        "recall": 0.3761755485893417,
        "f1-score": 0.4705882352941177,
        "support": 638
    },
    "UP": {
        "precision": 0.3662420382165605,
        "recall": 0.6182795698924731,
        "f1-score": 0.46,
        "support": 372
    },
    "accuracy": 0.46534653465346537,
    "macro avg": {
        "precision": 0.49725714476273053,
        "recall": 0.49722755924090745,
        "f1-score": 0.46529411764705886,
        "support": 1010
    },
    "weighted avg": {
        "precision": 0.5317621134174644,
        "recall": 0.46534653465346537,
        "f1-score": 0.46668841001747235,
        "support": 1010
    }
}