{
    "R2": 0.9839375122328815,
    "RMSE": 41.36690851602474,
    "MSE": 1711.2211201731602,
    "MAPE": 0.03309462861649387,
    "ACMAPE": 0.9872972148233905
}