{
    "DOWN": {
        "precision": 0.7125340599455041,
        "recall": 0.410840534171249,
        "f1-score": 0.5211758844045838,
        "support": 2546
    },
    "UP": {
        "precision": 0.3285586392121755,
        "recall": 0.6349480968858131,
        "f1-score": 0.4330383480825959,
        "support": 1156
    },
    "accuracy": 0.4808211777417612,
    "macro avg": {
        "precision": 0.5205463495788398,
        "recall": 0.522894315528531,
        "f1-score": 0.47710711624358987,
        "support": 3702
    },
    "weighted avg": {
        "precision": 0.59263249690722,
        "recall": 0.4808211777417612,
        "f1-score": 0.4936537363796735,
        "support": 3702
    }
}