{
    "DOWN": {
        "precision": 0.7631578947368421,
        "recall": 0.6904761904761905,
        "f1-score": 0.725,
        "support": 42
    },
    "UP": {
        "precision": 0.5666666666666667,
        "recall": 0.6538461538461539,
        "f1-score": 0.6071428571428571,
        "support": 26
    },
    "accuracy": 0.6764705882352942,
    "macro avg": {
        "precision": 0.6649122807017545,
        "recall": 0.6721611721611722,
        "f1-score": 0.6660714285714285,
        "support": 68
    },
    "weighted avg": {
        "precision": 0.6880288957688339,
        "recall": 0.6764705882352942,
        "f1-score": 0.6799369747899159,
        "support": 68
    }
}