{
    "R2": -1.5928668383913798,
    "RMSE": 84.52020408081478,
    "MSE": 7143.66489786258,
    "MAPE": 0.03273360002447639,
    "ACMAPE": 1.11260580449732
}