{
    "R2": 0.9805949289867889,
    "RMSE": 383.63938866334456,
    "MSE": 147179.18053398473,
    "MAPE": 0.07080713869271922,
    "ACMAPE": 1.2275638954494759
}