{
    "DOWN": {
        "precision": 0.8118556701030928,
        "recall": 0.6859009254218835,
        "f1-score": 0.7435821776335202,
        "support": 1837
    },
    "UP": {
        "precision": 0.33601841196777904,
        "recall": 0.5,
        "f1-score": 0.40192704748795594,
        "support": 584
    },
    "accuracy": 0.641057414291615,
    "macro avg": {
        "precision": 0.5739370410354359,
        "recall": 0.5929504627109418,
        "f1-score": 0.5727546125607381,
        "support": 2421
    },
    "weighted avg": {
        "precision": 0.6970729527338143,
        "recall": 0.641057414291615,
        "f1-score": 0.6611672267846934,
        "support": 2421
    }
}