{
    "R2": 0.43671363849569733,
    "RMSE": 44.39517838166437,
    "MSE": 1970.9318635398,
    "MAPE": 0.328457847506274,
    "ACMAPE": 1.3333839558806584
}