{
    "R2": 0.8723639619636305,
    "RMSE": 46.804444063531264,
    "MSE": 2190.655984096227,
    "MAPE": 0.029330364167158618,
    "ACMAPE": 1.198114393205271
}