{
    "R2": -1.4023685927742577,
    "RMSE": 1843.7214047962618,
    "MSE": 3399308.618503901,
    "MAPE": 0.44262246954303547,
    "ACMAPE": 1.380365660204514
}