{
    "DOWN": {
        "precision": 0.9987714987714987,
        "recall": 0.9073660714285714,
        "f1-score": 0.9508771929824561,
        "support": 896
    },
    "UP": {
        "precision": 0.3140495867768595,
        "recall": 0.9743589743589743,
        "f1-score": 0.475,
        "support": 39
    },
    "accuracy": 0.9101604278074866,
    "macro avg": {
        "precision": 0.6564105427741791,
        "recall": 0.9408625228937728,
        "f1-score": 0.712938596491228,
        "support": 935
    },
    "weighted avg": {
        "precision": 0.9702109056508668,
        "recall": 0.9101604278074866,
        "f1-score": 0.9310277699596584,
        "support": 935
    }
}