{
    "R2": 0.27320114100333237,
    "RMSE": 8.844672427004658,
    "MSE": 78.22823034101647,
    "MAPE": 0.09876870201578253,
    "ACMAPE": 0.2784478464008093
}