{
    "DOWN": {
        "precision": 0.7627388535031847,
        "recall": 0.7077946065755449,
        "f1-score": 0.7342402759149262,
        "support": 2707
    },
    "UP": {
        "precision": 0.3484349258649094,
        "recall": 0.4151128557409225,
        "f1-score": 0.3788625167935513,
        "support": 1019
    },
    "accuracy": 0.6277509393451423,
    "macro avg": {
        "precision": 0.555586889684047,
        "recall": 0.5614537311582337,
        "f1-score": 0.5565513963542388,
        "support": 3726
    },
    "weighted avg": {
        "precision": 0.6494335120476286,
        "recall": 0.6277509393451423,
        "f1-score": 0.6370502768422798,
        "support": 3726
    }
}