{
    "DOWN": {
        "precision": 0.6479217603911981,
        "recall": 0.5686695278969958,
        "f1-score": 0.6057142857142856,
        "support": 1864
    },
    "UP": {
        "precision": 0.3547351524879615,
        "recall": 0.43418467583497056,
        "f1-score": 0.3904593639575972,
        "support": 1018
    },
    "accuracy": 0.5211658570437196,
    "macro avg": {
        "precision": 0.5013284564395798,
        "recall": 0.5014271018659832,
        "f1-score": 0.49808682483594147,
        "support": 2882
    },
    "weighted avg": {
        "precision": 0.5443603562116371,
        "recall": 0.5211658570437196,
        "f1-score": 0.5296804514504727,
        "support": 2882
    }
}