{
    "DOWN": {
        "precision": 0.6765463917525774,
        "recall": 0.7653061224489796,
        "f1-score": 0.7181942544459645,
        "support": 686
    },
    "UP": {
        "precision": 0.38783269961977185,
        "recall": 0.28895184135977336,
        "f1-score": 0.33116883116883117,
        "support": 353
    },
    "accuracy": 0.6034648700673725,
    "macro avg": {
        "precision": 0.5321895456861746,
        "recall": 0.5271289819043765,
        "f1-score": 0.5246815428073979,
        "support": 1039
    },
    "weighted avg": {
        "precision": 0.5784559843195838,
        "recall": 0.6034648700673725,
        "f1-score": 0.5867024600120588,
        "support": 1039
    }
}