{
    "R2": -4.94331476249326,
    "RMSE": 38.86005395457351,
    "MSE": 1510.1037933523642,
    "MAPE": 0.11741967504113647,
    "ACMAPE": 1.0674196750411364
}