{
    "R2": 0.9731290012800808,
    "RMSE": 76.11931835040966,
    "MSE": 5794.150626131012,
    "MAPE": 0.050354937859491064,
    "ACMAPE": 0.9478075831893408
}