{
    "DOWN": {
        "precision": 0.6726546906187625,
        "recall": 0.5654362416107382,
        "f1-score": 0.6144029170464904,
        "support": 1788
    },
    "UP": {
        "precision": 0.07389749702026222,
        "recall": 0.11191335740072202,
        "f1-score": 0.08901651112706391,
        "support": 554
    },
    "accuracy": 0.45815542271562765,
    "macro avg": {
        "precision": 0.3732760938195123,
        "recall": 0.33867479950573015,
        "f1-score": 0.35170971408677715,
        "support": 2342
    },
    "weighted avg": {
        "precision": 0.5310187020391002,
        "recall": 0.45815542271562765,
        "f1-score": 0.4901227851594869,
        "support": 2342
    }
}