{
    "DOWN": {
        "precision": 0.6206896551724138,
        "recall": 0.03180212014134275,
        "f1-score": 0.06050420168067226,
        "support": 566
    },
    "UP": {
        "precision": 0.08666666666666667,
        "recall": 0.8253968253968254,
        "f1-score": 0.1568627450980392,
        "support": 63
    },
    "accuracy": 0.11128775834658187,
    "macro avg": {
        "precision": 0.35367816091954024,
        "recall": 0.42859947276908406,
        "f1-score": 0.10868347338935574,
        "support": 629
    },
    "weighted avg": {
        "precision": 0.5672024560057014,
        "recall": 0.11128775834658187,
        "f1-score": 0.07015537534568676,
        "support": 629
    }
}