{
    "R2": 0.9884002015177519,
    "RMSE": 42.24305771292036,
    "MSE": 1784.4759249371207,
    "MAPE": 0.046077814560123484,
    "ACMAPE": 0.8154691189079495
}