{
    "DOWN": {
        "precision": 0.7626494940202392,
        "recall": 0.39030131826742,
        "f1-score": 0.5163500467144193,
        "support": 2124
    },
    "UP": {
        "precision": 0.27975528364849833,
        "recall": 0.6609724047306176,
        "f1-score": 0.39312231340367326,
        "support": 761
    },
    "accuracy": 0.4616984402079723,
    "macro avg": {
        "precision": 0.5212023888343688,
        "recall": 0.5256368614990188,
        "f1-score": 0.45473618005904626,
        "support": 2885
    },
    "weighted avg": {
        "precision": 0.635272546327728,
        "recall": 0.4616984402079723,
        "f1-score": 0.48384526160194863,
        "support": 2885
    }
}