{
    "DOWN": {
        "precision": 0.6129032258064516,
        "recall": 0.59375,
        "f1-score": 0.6031746031746031,
        "support": 160
    },
    "UP": {
        "precision": 0.3925233644859813,
        "recall": 0.4117647058823529,
        "f1-score": 0.40191387559808617,
        "support": 102
    },
    "accuracy": 0.5229007633587787,
    "macro avg": {
        "precision": 0.5027132951462164,
        "recall": 0.5027573529411764,
        "f1-score": 0.5025442393863446,
        "support": 262
    },
    "weighted avg": {
        "precision": 0.5271064859030624,
        "recall": 0.5229007633587787,
        "f1-score": 0.5248211901486309,
        "support": 262
    }
}