{
    "R2": 0.9163768955695977,
    "RMSE": 32.94994374517377,
    "MSE": 1085.6987928101162,
    "MAPE": 0.07835530021088029,
    "ACMAPE": 1.115034836890417
}