{
    "R2": -5.696526575280506,
    "RMSE": 52.61781267521246,
    "MSE": 2768.634210723749,
    "MAPE": 0.436252423098809,
    "ACMAPE": 2.0658820527284387
}