{
    "DOWN": {
        "precision": 0.715,
        "recall": 0.7167919799498746,
        "f1-score": 0.7158948685857321,
        "support": 399
    },
    "UP": {
        "precision": 0.3273809523809524,
        "recall": 0.3254437869822485,
        "f1-score": 0.32640949554896137,
        "support": 169
    },
    "accuracy": 0.6003521126760564,
    "macro avg": {
        "precision": 0.5211904761904762,
        "recall": 0.5211178834660616,
        "f1-score": 0.5211521820673468,
        "support": 568
    },
    "weighted avg": {
        "precision": 0.5996696847753186,
        "recall": 0.6003521126760564,
        "f1-score": 0.6000092558335943,
        "support": 568
    }
}