{
    "DOWN": {
        "precision": 0.7154750244857982,
        "recall": 0.5536187949981053,
        "f1-score": 0.6242255928220465,
        "support": 2639
    },
    "UP": {
        "precision": 0.36802575107296137,
        "recall": 0.5414364640883977,
        "f1-score": 0.4381986585755349,
        "support": 1267
    },
    "accuracy": 0.5496671786994367,
    "macro avg": {
        "precision": 0.5417503877793798,
        "recall": 0.5475276295432515,
        "f1-score": 0.5312121256987907,
        "support": 3906
    },
    "weighted avg": {
        "precision": 0.6027719447586953,
        "recall": 0.5496671786994366,
        "f1-score": 0.5638835227528375,
        "support": 3906
    }
}