{
    "DOWN": {
        "precision": 0.7062937062937062,
        "recall": 0.31911532385466035,
        "f1-score": 0.43960826985854184,
        "support": 633
    },
    "UP": {
        "precision": 0.37716763005780346,
        "recall": 0.7565217391304347,
        "f1-score": 0.5033751205400192,
        "support": 345
    },
    "accuracy": 0.4734151329243354,
    "macro avg": {
        "precision": 0.5417306681757549,
        "recall": 0.5378185314925475,
        "f1-score": 0.4714916951992805,
        "support": 978
    },
    "weighted avg": {
        "precision": 0.5901909493393234,
        "recall": 0.4734151329243354,
        "f1-score": 0.46210271104986056,
        "support": 978
    }
}