{
    "R2": 0.7925054951887541,
    "RMSE": 9.3769722365001,
    "MSE": 87.9276083240937,
    "MAPE": 0.051468041424725886,
    "ACMAPE": 1.1055220954787799
}