{
    "R2": 0.9841437100841561,
    "RMSE": 17.59467345723171,
    "MSE": 309.5725340666141,
    "MAPE": 0.044549134584200935,
    "ACMAPE": 1.016076313186444
}