{
    "R2": 0.9340728299651826,
    "RMSE": 90.07533452689188,
    "MSE": 8113.56589013148,
    "MAPE": 0.037042358872621806,
    "ACMAPE": 0.9286086239328628
}