{
    "R2": 0.987279881798346,
    "RMSE": 69.15777022297736,
    "MSE": 4782.797182214134,
    "MAPE": 0.05542939844088675,
    "ACMAPE": 1.134779746468729
}