{
    "DOWN": {
        "precision": 0.6296928327645052,
        "recall": 0.560790273556231,
        "f1-score": 0.5932475884244374,
        "support": 658
    },
    "UP": {
        "precision": 0.41379310344827586,
        "recall": 0.4845605700712589,
        "f1-score": 0.4463894967177243,
        "support": 421
    },
    "accuracy": 0.531047265987025,
    "macro avg": {
        "precision": 0.5217429681063905,
        "recall": 0.5226754218137449,
        "f1-score": 0.5198185425710808,
        "support": 1079
    },
    "weighted avg": {
        "precision": 0.545453920769943,
        "recall": 0.531047265987025,
        "f1-score": 0.535947072568528,
        "support": 1079
    }
}