{
    "R2": 0.92993663397606,
    "RMSE": 127.17383952307387,
    "MSE": 16173.185459040546,
    "MAPE": 0.02575686786812774,
    "ACMAPE": 0.8967246098036115
}