{
    "DOWN": {
        "precision": 0.7630057803468208,
        "recall": 0.4,
        "f1-score": 0.5248508946322068,
        "support": 660
    },
    "UP": {
        "precision": 0.289048473967684,
        "recall": 0.6625514403292181,
        "f1-score": 0.4025,
        "support": 243
    },
    "accuracy": 0.4706533776301218,
    "macro avg": {
        "precision": 0.5260271271572524,
        "recall": 0.531275720164609,
        "f1-score": 0.46367544731610344,
        "support": 903
    },
    "weighted avg": {
        "precision": 0.6354624520521028,
        "recall": 0.4706533776301218,
        "f1-score": 0.4919259030534402,
        "support": 903
    }
}