{
    "R2": 0.9670504050138401,
    "RMSE": 20.37013900805433,
    "MSE": 414.94256320745666,
    "MAPE": 0.0666356836166838,
    "ACMAPE": 1.4602527048932794
}