{
    "DOWN": {
        "precision": 0.7208171206225681,
        "recall": 0.36792452830188677,
        "f1-score": 0.48717948717948717,
        "support": 2014
    },
    "UP": {
        "precision": 0.3515028018339277,
        "recall": 0.706243602865916,
        "f1-score": 0.46938775510204084,
        "support": 977
    },
    "accuracy": 0.47843530591775324,
    "macro avg": {
        "precision": 0.5361599612282479,
        "recall": 0.5370840655839014,
        "f1-score": 0.478283621140764,
        "support": 2991
    },
    "weighted avg": {
        "precision": 0.6001818516635238,
        "recall": 0.47843530591775324,
        "f1-score": 0.48136787827287897,
        "support": 2991
    }
}