{
    "R2": 0.9889929322105016,
    "RMSE": 183.10966111472982,
    "MSE": 33529.147993551196,
    "MAPE": 0.045702031369060224,
    "ACMAPE": 1.0936941959136242
}