{
    "R2": 0.7297511745134202,
    "RMSE": 427.92905583594927,
    "MSE": 183123.276828647,
    "MAPE": 0.13078103246911502,
    "ACMAPE": 1.2146016952371463
}