{
    "DOWN": {
        "precision": 0.6472602739726028,
        "recall": 0.33570159857904086,
        "f1-score": 0.4421052631578948,
        "support": 563
    },
    "UP": {
        "precision": 0.18695652173913044,
        "recall": 0.455026455026455,
        "f1-score": 0.2650231124807396,
        "support": 189
    },
    "accuracy": 0.36569148936170215,
    "macro avg": {
        "precision": 0.4171083978558666,
        "recall": 0.39536402680274796,
        "f1-score": 0.3535641878193172,
        "support": 752
    },
    "weighted avg": {
        "precision": 0.5315722298607327,
        "recall": 0.36569148936170215,
        "f1-score": 0.3975992439052587,
        "support": 752
    }
}