{
    "DOWN": {
        "precision": 0.6489795918367347,
        "recall": 0.6235294117647059,
        "f1-score": 0.636,
        "support": 255
    },
    "UP": {
        "precision": 0.4110429447852761,
        "recall": 0.43790849673202614,
        "f1-score": 0.4240506329113924,
        "support": 153
    },
    "accuracy": 0.553921568627451,
    "macro avg": {
        "precision": 0.5300112683110054,
        "recall": 0.530718954248366,
        "f1-score": 0.5300253164556962,
        "support": 408
    },
    "weighted avg": {
        "precision": 0.5597533491924377,
        "recall": 0.553921568627451,
        "f1-score": 0.5565189873417722,
        "support": 408
    }
}