{
    "DOWN": {
        "precision": 0.603448275862069,
        "recall": 0.546875,
        "f1-score": 0.5737704918032787,
        "support": 128
    },
    "UP": {
        "precision": 0.40816326530612246,
        "recall": 0.46511627906976744,
        "f1-score": 0.43478260869565216,
        "support": 86
    },
    "accuracy": 0.514018691588785,
    "macro avg": {
        "precision": 0.5058057705840957,
        "recall": 0.5059956395348837,
        "f1-score": 0.5042765502494654,
        "support": 214
    },
    "weighted avg": {
        "precision": 0.5249692529283708,
        "recall": 0.514018691588785,
        "f1-score": 0.5179155481245129,
        "support": 214
    }
}