{
    "DOWN": {
        "precision": 0.7034883720930233,
        "recall": 0.4424131627056673,
        "f1-score": 0.54320987654321,
        "support": 547
    },
    "UP": {
        "precision": 0.3482905982905983,
        "recall": 0.6150943396226415,
        "f1-score": 0.4447476125511596,
        "support": 265
    },
    "accuracy": 0.4987684729064039,
    "macro avg": {
        "precision": 0.5258894851918108,
        "recall": 0.5287537511641544,
        "f1-score": 0.49397874454718477,
        "support": 812
    },
    "weighted avg": {
        "precision": 0.5875679163570102,
        "recall": 0.4987684729064039,
        "f1-score": 0.5110762559054103,
        "support": 812
    }
}