{
    "DOWN": {
        "precision": 0.6600199401794616,
        "recall": 0.5092307692307693,
        "f1-score": 0.5749023013460703,
        "support": 1300
    },
    "UP": {
        "precision": 0.31101511879049676,
        "recall": 0.4578696343402226,
        "f1-score": 0.3704180064308682,
        "support": 629
    },
    "accuracy": 0.4924831518921721,
    "macro avg": {
        "precision": 0.48551752948497917,
        "recall": 0.4835502017854959,
        "f1-score": 0.47266015388846927,
        "support": 1929
    },
    "weighted avg": {
        "precision": 0.546217953319089,
        "recall": 0.4924831518921721,
        "f1-score": 0.5082249444245244,
        "support": 1929
    }
}