{
    "DOWN": {
        "precision": 0.9399141630901288,
        "recall": 0.4736159169550173,
        "f1-score": 0.6298533218291631,
        "support": 2312
    },
    "UP": {
        "precision": 0.15778546712802768,
        "recall": 0.7651006711409396,
        "f1-score": 0.26161790017211706,
        "support": 298
    },
    "accuracy": 0.506896551724138,
    "macro avg": {
        "precision": 0.5488498151090783,
        "recall": 0.6193582940479785,
        "f1-score": 0.4457356110006401,
        "support": 2610
    },
    "weighted avg": {
        "precision": 0.8506136453136129,
        "recall": 0.506896551724138,
        "f1-score": 0.5878095840307724,
        "support": 2610
    }
}