{
    "R2": 0.9898985811355554,
    "RMSE": 184.87986404954805,
    "MSE": 34180.56413097937,
    "MAPE": 0.13734727790052087,
    "ACMAPE": 1.390359326093292
}