{
    "R2": 0.6857497426670669,
    "RMSE": 11.777845354519489,
    "MSE": 138.7176411949763,
    "MAPE": 0.04745886032693273,
    "ACMAPE": 0.9752155143193281
}