{
    "DOWN": {
        "precision": 0.693939393939394,
        "recall": 0.48210526315789476,
        "f1-score": 0.568944099378882,
        "support": 475
    },
    "UP": {
        "precision": 0.34748010610079577,
        "recall": 0.5646551724137931,
        "f1-score": 0.43021346469622335,
        "support": 232
    },
    "accuracy": 0.5091937765205092,
    "macro avg": {
        "precision": 0.5207097500200949,
        "recall": 0.523380217785844,
        "f1-score": 0.4995787820375527,
        "support": 707
    },
    "weighted avg": {
        "precision": 0.5802497832200803,
        "recall": 0.5091937765205092,
        "f1-score": 0.5234200438677408,
        "support": 707
    }
}