{
    "R2": 0.9959111454040211,
    "RMSE": 2.7474875913758696,
    "MSE": 7.548688064764376,
    "MAPE": 0.06634827620991224,
    "ACMAPE": 1.28902034098724
}