{
    "DOWN": {
        "precision": 0.5991379310344828,
        "recall": 0.634703196347032,
        "f1-score": 0.6164079822616408,
        "support": 438
    },
    "UP": {
        "precision": 0.43462897526501765,
        "recall": 0.39805825242718446,
        "f1-score": 0.4155405405405405,
        "support": 309
    },
    "accuracy": 0.536813922356091,
    "macro avg": {
        "precision": 0.5168834531497501,
        "recall": 0.5163807243871082,
        "f1-score": 0.5159742614010907,
        "support": 747
    },
    "weighted avg": {
        "precision": 0.5310880417001256,
        "recall": 0.536813922356091,
        "f1-score": 0.5333182372926717,
        "support": 747
    }
}