{
    "R2": 0.9786716742127648,
    "RMSE": 15.265196311260489,
    "MSE": 233.02621842132086,
    "MAPE": 0.03788053122414607,
    "ACMAPE": 0.9455110533124994
}