{
    "DOWN": {
        "precision": 0.8203883495145631,
        "recall": 0.7428571428571429,
        "f1-score": 0.7797001153402539,
        "support": 455
    },
    "UP": {
        "precision": 0.390625,
        "recall": 0.5033557046979866,
        "f1-score": 0.4398826979472141,
        "support": 149
    },
    "accuracy": 0.6837748344370861,
    "macro avg": {
        "precision": 0.6055066747572815,
        "recall": 0.6231064237775648,
        "f1-score": 0.609791406643734,
        "support": 604
    },
    "weighted avg": {
        "precision": 0.714370569584646,
        "recall": 0.6837748344370861,
        "f1-score": 0.6958709842283948,
        "support": 604
    }
}