{
    "R2": 0.9878877619242873,
    "RMSE": 37.916697212965666,
    "MSE": 1437.6759275397185,
    "MAPE": 1207703101868184.5,
    "ACMAPE": 1207703101868185.5
}