{
    "DOWN": {
        "precision": 0.587521663778163,
        "recall": 0.8647959183673469,
        "f1-score": 0.6996904024767803,
        "support": 392
    },
    "UP": {
        "precision": 0.3116883116883117,
        "recall": 0.0916030534351145,
        "f1-score": 0.1415929203539823,
        "support": 262
    },
    "accuracy": 0.555045871559633,
    "macro avg": {
        "precision": 0.4496049877332373,
        "recall": 0.47819948590123074,
        "f1-score": 0.4206416614153813,
        "support": 654
    },
    "weighted avg": {
        "precision": 0.47701961752810024,
        "recall": 0.555045871559633,
        "f1-score": 0.47611006560189795,
        "support": 654
    }
}