{
    "DOWN": {
        "precision": 0.7096522078937085,
        "recall": 0.6944550669216061,
        "f1-score": 0.7019713954387321,
        "support": 2615
    },
    "UP": {
        "precision": 0.30461270670147955,
        "recall": 0.3202195791399817,
        "f1-score": 0.312221231043711,
        "support": 1093
    },
    "accuracy": 0.5841423948220065,
    "macro avg": {
        "precision": 0.507132457297594,
        "recall": 0.5073373230307939,
        "f1-score": 0.5070963132412216,
        "support": 3708
    },
    "weighted avg": {
        "precision": 0.5902594962423854,
        "recall": 0.5841423948220065,
        "f1-score": 0.5870854920720228,
        "support": 3708
    }
}