{
    "R2": 0.42215883153858436,
    "RMSE": 51.051872240341446,
    "MSE": 2606.2936592441456,
    "MAPE": 0.06975720786432556,
    "ACMAPE": 0.9463225030342719
}