{
    "R2": 0.6078682618331849,
    "RMSE": 6.333644335709449,
    "MSE": 40.11505057126439,
    "MAPE": 0.09358535935525217,
    "ACMAPE": 1.1610700219319394
}