{
    "R2": 0.7097869968785142,
    "RMSE": 5.448740294506837,
    "MSE": 29.688770796982453,
    "MAPE": 0.07735977074124459,
    "ACMAPE": 1.0957646787167046
}