{
    "DOWN": {
        "precision": 0.7368421052631579,
        "recall": 0.3888888888888889,
        "f1-score": 0.509090909090909,
        "support": 108
    },
    "UP": {
        "precision": 0.27472527472527475,
        "recall": 0.625,
        "f1-score": 0.38167938931297707,
        "support": 40
    },
    "accuracy": 0.4527027027027027,
    "macro avg": {
        "precision": 0.5057836899942163,
        "recall": 0.5069444444444444,
        "f1-score": 0.44538514920194305,
        "support": 148
    },
    "weighted avg": {
        "precision": 0.6119456645772435,
        "recall": 0.4527027027027027,
        "f1-score": 0.47465536320498153,
        "support": 148
    }
}