{
    "DOWN": {
        "precision": 0.6956521739130435,
        "recall": 0.2962962962962963,
        "f1-score": 0.41558441558441556,
        "support": 108
    },
    "UP": {
        "precision": 0.2549019607843137,
        "recall": 0.65,
        "f1-score": 0.36619718309859156,
        "support": 40
    },
    "accuracy": 0.3918918918918919,
    "macro avg": {
        "precision": 0.4752770673486786,
        "recall": 0.47314814814814815,
        "f1-score": 0.39089079934150356,
        "support": 148
    },
    "weighted avg": {
        "precision": 0.5765304946890624,
        "recall": 0.3918918918918919,
        "f1-score": 0.40223651491257123,
        "support": 148
    }
}