{
    "R2": 0.9777828078344433,
    "RMSE": 11.42908833257423,
    "MSE": 130.6240601137844,
    "MAPE": 0.0715360751481289,
    "ACMAPE": 0.7579687127192865
}