{
    "R2": 0.6359394703832978,
    "RMSE": 16.01257179004721,
    "MSE": 256.4024553314157,
    "MAPE": 0.15695221255495745,
    "ACMAPE": 1.3656396535370159
}