{
    "DOWN": {
        "precision": 0.5230769230769231,
        "recall": 0.07623318385650224,
        "f1-score": 0.13307240704500978,
        "support": 892
    },
    "UP": {
        "precision": 0.15487179487179487,
        "recall": 0.7089201877934272,
        "f1-score": 0.2542087542087542,
        "support": 213
    },
    "accuracy": 0.19819004524886877,
    "macro avg": {
        "precision": 0.338974358974359,
        "recall": 0.39257668582496474,
        "f1-score": 0.193640580626882,
        "support": 1105
    },
    "weighted avg": {
        "precision": 0.45210163592064045,
        "recall": 0.19819004524886877,
        "f1-score": 0.15642267124942386,
        "support": 1105
    }
}