{
    "R2": -0.20789528705298577,
    "RMSE": 50.888972921634895,
    "MSE": 2589.6875650188895,
    "MAPE": 0.0102111578445902,
    "ACMAPE": 0.7992019835326635
}