{
    "DOWN": {
        "precision": 0.6470588235294118,
        "recall": 0.36666666666666664,
        "f1-score": 0.46808510638297873,
        "support": 60
    },
    "UP": {
        "precision": 0.3770491803278688,
        "recall": 0.6571428571428571,
        "f1-score": 0.47916666666666663,
        "support": 35
    },
    "accuracy": 0.47368421052631576,
    "macro avg": {
        "precision": 0.5120540019286404,
        "recall": 0.5119047619047619,
        "f1-score": 0.4736258865248227,
        "support": 95
    },
    "weighted avg": {
        "precision": 0.5475815865604223,
        "recall": 0.47368421052631576,
        "f1-score": 0.47216778648749524,
        "support": 95
    }
}