{
    "R2": -1.8430044689837741,
    "RMSE": 132.44934310243997,
    "MSE": 17542.828488267864,
    "MAPE": 0.5141769943098135,
    "ACMAPE": 1.0796942356891237
}