{
    "DOWN": {
        "precision": 0.7311827956989247,
        "recall": 0.966824644549763,
        "f1-score": 0.8326530612244898,
        "support": 211
    },
    "UP": {
        "precision": 0.36363636363636365,
        "recall": 0.05063291139240506,
        "f1-score": 0.08888888888888889,
        "support": 79
    },
    "accuracy": 0.7172413793103448,
    "macro avg": {
        "precision": 0.5474095796676441,
        "recall": 0.5087287779710841,
        "f1-score": 0.46077097505668935,
        "support": 290
    },
    "weighted avg": {
        "precision": 0.6310580779991236,
        "recall": 0.7172413793103448,
        "f1-score": 0.6300414418641019,
        "support": 290
    }
}