{
    "R2": 0.9810725341016818,
    "RMSE": 119.08967961462746,
    "MSE": 14182.351790714616,
    "MAPE": 0.06609724929568314,
    "ACMAPE": 1.1572687672172612
}