{
    "R2": 0.6437703253327581,
    "RMSE": 91.02935874651271,
    "MSE": 8286.34415380131,
    "MAPE": 0.1079883247564388,
    "ACMAPE": 1.0478456132375804
}