{
    "DOWN": {
        "precision": 0.8125,
        "recall": 0.40784313725490196,
        "f1-score": 0.5430809399477807,
        "support": 765
    },
    "UP": {
        "precision": 0.24120603015075376,
        "recall": 0.6666666666666666,
        "f1-score": 0.3542435424354243,
        "support": 216
    },
    "accuracy": 0.4648318042813456,
    "macro avg": {
        "precision": 0.5268530150753769,
        "recall": 0.5372549019607843,
        "f1-score": 0.4486622411916025,
        "support": 981
    },
    "weighted avg": {
        "precision": 0.686710502051542,
        "recall": 0.4648318042813456,
        "f1-score": 0.5015020634312986,
        "support": 981
    }
}