{
    "R2": 0.9646879046127905,
    "RMSE": 42.20687623131951,
    "MSE": 1781.420401205924,
    "MAPE": 0.17510537739191112,
    "ACMAPE": 1.429077395414202
}