{
    "R2": 0.9844642916620859,
    "RMSE": 196.0810674573364,
    "MSE": 38447.7850152085,
    "MAPE": 0.3234146250784437,
    "ACMAPE": 1.1912434681846245
}