{
    "DOWN": {
        "precision": 0.7327868852459016,
        "recall": 0.501965188096575,
        "f1-score": 0.5958013995334889,
        "support": 1781
    },
    "UP": {
        "precision": 0.3655221745350501,
        "recall": 0.6105137395459976,
        "f1-score": 0.45727069351230426,
        "support": 837
    },
    "accuracy": 0.5366692131398014,
    "macro avg": {
        "precision": 0.5491545298904759,
        "recall": 0.5562394638212863,
        "f1-score": 0.5265360465228965,
        "support": 2618
    },
    "weighted avg": {
        "precision": 0.6153687940064124,
        "recall": 0.5366692131398014,
        "f1-score": 0.5515117887849282,
        "support": 2618
    }
}