{
    "R2": 0.9541578651229411,
    "RMSE": 142.7542104156671,
    "MSE": 20378.764591400555,
    "MAPE": 0.08915301339489792,
    "ACMAPE": 0.9500607732777675
}