{
    "DOWN": {
        "precision": 0.8173701298701299,
        "recall": 0.3049666868564506,
        "f1-score": 0.44419938244375823,
        "support": 3302
    },
    "UP": {
        "precision": 0.19951168468782698,
        "recall": 0.7176913425345044,
        "f1-score": 0.3122270742358078,
        "support": 797
    },
    "accuracy": 0.3852159063186143,
    "macro avg": {
        "precision": 0.5084409072789784,
        "recall": 0.5113290146954775,
        "f1-score": 0.378213228339783,
        "support": 4099
    },
    "weighted avg": {
        "precision": 0.697235174805408,
        "recall": 0.3852159063186143,
        "f1-score": 0.4185389946316732,
        "support": 4099
    }
}