{
    "R2": 0.7034869175205047,
    "RMSE": 16.770974651885258,
    "MSE": 281.2655907741778,
    "MAPE": 0.038650454675912056,
    "ACMAPE": 1.0182025481520562
}