{
    "R2": 0.7767106252687545,
    "RMSE": 14.553598899324141,
    "MSE": 211.80724092240888,
    "MAPE": 0.03409054089124896,
    "ACMAPE": 0.6572648349516189
}