{
    "DOWN": {
        "precision": 0.5790554414784395,
        "recall": 0.4555735056542811,
        "f1-score": 0.5099457504520796,
        "support": 619
    },
    "UP": {
        "precision": 0.43926788685524126,
        "recall": 0.5628997867803838,
        "f1-score": 0.49345794392523357,
        "support": 469
    },
    "accuracy": 0.5018382352941176,
    "macro avg": {
        "precision": 0.5091616641668404,
        "recall": 0.5092366462173324,
        "f1-score": 0.5017018471886565,
        "support": 1088
    },
    "weighted avg": {
        "precision": 0.5187977547888439,
        "recall": 0.5018382352941176,
        "f1-score": 0.5028384147341652,
        "support": 1088
    }
}