{
    "R2": 0.9354734433909806,
    "RMSE": 106.90369559733759,
    "MSE": 11428.400132368215,
    "MAPE": 0.05107952068331352,
    "ACMAPE": 0.7655114551766605
}