{
    "DOWN": {
        "precision": 0.7667844522968198,
        "recall": 0.543859649122807,
        "f1-score": 0.6363636363636364,
        "support": 399
    },
    "UP": {
        "precision": 0.4550898203592814,
        "recall": 0.6972477064220184,
        "f1-score": 0.5507246376811594,
        "support": 218
    },
    "accuracy": 0.5980551053484603,
    "macro avg": {
        "precision": 0.6109371363280506,
        "recall": 0.6205536777724128,
        "f1-score": 0.5935441370223979,
        "support": 617
    },
    "weighted avg": {
        "precision": 0.6566557168634594,
        "recall": 0.5980551053484603,
        "f1-score": 0.6061054488226639,
        "support": 617
    }
}