{
    "R2": 0.9968211663997926,
    "RMSE": 219.68634322419933,
    "MSE": 48262.08939922071,
    "MAPE": 0.10697578878509643,
    "ACMAPE": 0.7272460590553667
}