{
    "R2": 0.5801018106880351,
    "RMSE": 17.466209143861725,
    "MSE": 305.06846185711896,
    "MAPE": 0.028724063162654283,
    "ACMAPE": 0.8832695177081088
}