{
    "DOWN": {
        "precision": 0.5813953488372093,
        "recall": 0.9615384615384616,
        "f1-score": 0.7246376811594203,
        "support": 26
    },
    "UP": {
        "precision": 0.6666666666666666,
        "recall": 0.1,
        "f1-score": 0.1739130434782609,
        "support": 20
    },
    "accuracy": 0.5869565217391305,
    "macro avg": {
        "precision": 0.624031007751938,
        "recall": 0.5307692307692308,
        "f1-score": 0.4492753623188406,
        "support": 46
    },
    "weighted avg": {
        "precision": 0.6184698348500168,
        "recall": 0.5869565217391305,
        "f1-score": 0.48519218651543794,
        "support": 46
    }
}