{
    "DOWN": {
        "precision": 0.6787330316742082,
        "recall": 0.5586592178770949,
        "f1-score": 0.6128702757916241,
        "support": 537
    },
    "UP": {
        "precision": 0.23548387096774193,
        "recall": 0.3395348837209302,
        "f1-score": 0.27809523809523806,
        "support": 215
    },
    "accuracy": 0.49601063829787234,
    "macro avg": {
        "precision": 0.45710845132097505,
        "recall": 0.4490970507990126,
        "f1-score": 0.4454827569434311,
        "support": 752
    },
    "weighted avg": {
        "precision": 0.5520062104615882,
        "recall": 0.49601063829787234,
        "f1-score": 0.5171566679395988,
        "support": 752
    }
}