{
    "DOWN": {
        "precision": 0.8327929597035665,
        "recall": 0.5141549899914212,
        "f1-score": 0.6357850070721358,
        "support": 3497
    },
    "UP": {
        "precision": 0.18630268199233715,
        "recall": 0.5186666666666667,
        "f1-score": 0.27413671599718115,
        "support": 750
    },
    "accuracy": 0.5149517306333883,
    "macro avg": {
        "precision": 0.5095478208479518,
        "recall": 0.516410828329044,
        "f1-score": 0.4549608615346585,
        "support": 4247
    },
    "weighted avg": {
        "precision": 0.7186258515605428,
        "recall": 0.5149517306333883,
        "f1-score": 0.5719196389755461,
        "support": 4247
    }
}