{
    "DOWN": {
        "precision": 0.7274725274725274,
        "recall": 0.43610013175230566,
        "f1-score": 0.5453047775947281,
        "support": 759
    },
    "UP": {
        "precision": 0.3006535947712418,
        "recall": 0.5974025974025974,
        "f1-score": 0.39999999999999997,
        "support": 308
    },
    "accuracy": 0.48266166822867856,
    "macro avg": {
        "precision": 0.5140630611218846,
        "recall": 0.5167513645774515,
        "f1-score": 0.47265238879736404,
        "support": 1067
    },
    "weighted avg": {
        "precision": 0.604267062362878,
        "recall": 0.48266166822867856,
        "f1-score": 0.5033611304539818,
        "support": 1067
    }
}