{
    "R2": -16.633932974234455,
    "RMSE": 118.31216644103112,
    "MSE": 13997.768727970251,
    "MAPE": 1.3597627356872388,
    "ACMAPE": 1.463007573445351
}