{
    "R2": -6.375990843505228,
    "RMSE": 225.12865686554647,
    "MSE": 50682.91214208497,
    "MAPE": 0.1306291923063563,
    "ACMAPE": 1.0434922628457755
}