{
    "R2": 0.9042446226763159,
    "RMSE": 63.172527480110915,
    "MSE": 3990.7682282253686,
    "MAPE": 0.06513340007801427,
    "ACMAPE": 1.0101651125515874
}