{
    "R2": 0.9868682529880153,
    "RMSE": 130.73521714380067,
    "MSE": 17091.69700163671,
    "MAPE": 0.5022316108489656,
    "ACMAPE": 1.6386164777335992
}