{
    "R2": 0.954121829413144,
    "RMSE": 10.869163781949819,
    "MSE": 118.13872131884968,
    "MAPE": 0.04845227655237098,
    "ACMAPE": 0.9504822853784962
}