{
    "DOWN": {
        "precision": 0.7397260273972602,
        "recall": 0.5346534653465347,
        "f1-score": 0.6206896551724139,
        "support": 202
    },
    "UP": {
        "precision": 0.3333333333333333,
        "recall": 0.5529411764705883,
        "f1-score": 0.41592920353982304,
        "support": 85
    },
    "accuracy": 0.5400696864111498,
    "macro avg": {
        "precision": 0.5365296803652968,
        "recall": 0.5437973209085615,
        "f1-score": 0.5183094293561185,
        "support": 287
    },
    "weighted avg": {
        "precision": 0.6193658218382575,
        "recall": 0.5400696864111498,
        "f1-score": 0.5600463158387198,
        "support": 287
    }
}