{
    "R2": 0.5407521450887178,
    "RMSE": 32.11322606313817,
    "MSE": 1031.2592881822166,
    "MAPE": 0.22838185423183824,
    "ACMAPE": 1.1312389970889811
}