{
    "DOWN": {
        "precision": 0.8461538461538461,
        "recall": 0.13253012048192772,
        "f1-score": 0.22916666666666669,
        "support": 83
    },
    "UP": {
        "precision": 0.06493506493506493,
        "recall": 0.7142857142857143,
        "f1-score": 0.11904761904761903,
        "support": 7
    },
    "accuracy": 0.17777777777777778,
    "macro avg": {
        "precision": 0.45554445554445555,
        "recall": 0.423407917383821,
        "f1-score": 0.17410714285714285,
        "support": 90
    },
    "weighted avg": {
        "precision": 0.7853923853923853,
        "recall": 0.17777777777777778,
        "f1-score": 0.22060185185185185,
        "support": 90
    }
}