{
    "R2": 0.9741025378284849,
    "RMSE": 6.1865070309448775,
    "MSE": 38.27286924393041,
    "MAPE": 0.03179569965914866,
    "ACMAPE": 1.416600375143615
}