{
    "DOWN": {
        "precision": 0.7494407158836689,
        "recall": 0.5193798449612403,
        "f1-score": 0.6135531135531136,
        "support": 1290
    },
    "UP": {
        "precision": 0.16442048517520216,
        "recall": 0.35260115606936415,
        "f1-score": 0.22426470588235295,
        "support": 346
    },
    "accuracy": 0.4841075794621027,
    "macro avg": {
        "precision": 0.4569306005294355,
        "recall": 0.43599050051530225,
        "f1-score": 0.41890890971773326,
        "support": 1636
    },
    "weighted avg": {
        "precision": 0.6257139433744211,
        "recall": 0.4841075794621027,
        "f1-score": 0.5312219466496397,
        "support": 1636
    }
}