{
    "R2": 0.5690800797344167,
    "RMSE": 848.9248457238097,
    "MSE": 720673.3936871941,
    "MAPE": 0.09943009587016007,
    "ACMAPE": 1.0936939582028562
}