{
    "R2": -0.40784892538757966,
    "RMSE": 9.889026859323884,
    "MSE": 97.7928522244292,
    "MAPE": 0.10214632626199865,
    "ACMAPE": 1.1954796595953319
}