{
    "R2": 0.8443609044461517,
    "RMSE": 4.04519995594084,
    "MSE": 16.36364268354377,
    "MAPE": 0.01633161265025203,
    "ACMAPE": 0.916331612650252
}