{
    "DOWN": {
        "precision": 0.5964912280701754,
        "recall": 0.37362637362637363,
        "f1-score": 0.45945945945945943,
        "support": 91
    },
    "UP": {
        "precision": 0.44660194174757284,
        "recall": 0.6666666666666666,
        "f1-score": 0.5348837209302325,
        "support": 69
    },
    "accuracy": 0.5,
    "macro avg": {
        "precision": 0.5215465849088741,
        "recall": 0.5201465201465201,
        "f1-score": 0.49717159019484597,
        "support": 160
    },
    "weighted avg": {
        "precision": 0.5318514733435531,
        "recall": 0.5,
        "f1-score": 0.4919861722187303,
        "support": 160
    }
}