{
    "R2": 0.9665971270301777,
    "RMSE": 27.558805550971606,
    "MSE": 759.4877633962634,
    "MAPE": 0.07249124810324568,
    "ACMAPE": 1.1322361574789448
}