{
    "R2": 0.9051532001516451,
    "RMSE": 15.01399748232466,
    "MSE": 225.4201203992512,
    "MAPE": 0.19214568669317209,
    "ACMAPE": 1.8622682126121166
}