{
    "DOWN": {
        "precision": 0.6735159817351598,
        "recall": 0.7283950617283951,
        "f1-score": 0.6998813760379596,
        "support": 405
    },
    "UP": {
        "precision": 0.32515337423312884,
        "recall": 0.27040816326530615,
        "f1-score": 0.2952646239554318,
        "support": 196
    },
    "accuracy": 0.5790349417637272,
    "macro avg": {
        "precision": 0.4993346779841443,
        "recall": 0.4994016124968506,
        "f1-score": 0.4975729999966957,
        "support": 601
    },
    "weighted avg": {
        "precision": 0.5599068784566272,
        "recall": 0.5790349417637272,
        "f1-score": 0.5679264951591318,
        "support": 601
    }
}