{
    "R2": 0.3841923158702595,
    "RMSE": 15.931504712114506,
    "MSE": 253.8128423921267,
    "MAPE": 0.04801230713146844,
    "ACMAPE": 1.1335070237501044
}