{
    "R2": 0.872739466096733,
    "RMSE": 229.41431593416635,
    "MSE": 52630.928355541495,
    "MAPE": 0.1766018091732083,
    "ACMAPE": 1.3617144438450985
}