{
    "R2": 0.9549278236057795,
    "RMSE": 292.19752211512014,
    "MSE": 85379.39193021614,
    "MAPE": 0.39796036032067633,
    "ACMAPE": 1.213222374326955
}