{
    "DOWN": {
        "precision": 0.8652214891611687,
        "recall": 0.49474535165723527,
        "f1-score": 0.6295216869535402,
        "support": 3711
    },
    "UP": {
        "precision": 0.13713759779107226,
        "recall": 0.5102739726027398,
        "f1-score": 0.21617700398984405,
        "support": 584
    },
    "accuracy": 0.4968568102444703,
    "macro avg": {
        "precision": 0.5011795434761205,
        "recall": 0.5025096621299875,
        "f1-score": 0.4228493454716921,
        "support": 4295
    },
    "weighted avg": {
        "precision": 0.7662224222088668,
        "recall": 0.4968568102444703,
        "f1-score": 0.5733183586995707,
        "support": 4295
    }
}