{
    "DOWN": {
        "precision": 0.628,
        "recall": 0.42802617230098144,
        "f1-score": 0.5090791180285344,
        "support": 1834
    },
    "UP": {
        "precision": 0.37298266586969514,
        "recall": 0.5730027548209367,
        "f1-score": 0.4518464880521362,
        "support": 1089
    },
    "accuracy": 0.4820390010263428,
    "macro avg": {
        "precision": 0.5004913329348476,
        "recall": 0.5005144635609591,
        "f1-score": 0.4804628030403353,
        "support": 2923
    },
    "weighted avg": {
        "precision": 0.5329901208115285,
        "recall": 0.4820390010263428,
        "f1-score": 0.48775638999422116,
        "support": 2923
    }
}