{
    "R2": 0.9796424177936596,
    "RMSE": 411.6523607383871,
    "MSE": 169457.66610148715,
    "MAPE": 0.142404016990781,
    "ACMAPE": 1.1043323792345296
}