{
    "DOWN": {
        "precision": 0.5906120023767083,
        "recall": 0.37708649468892264,
        "f1-score": 0.460291734197731,
        "support": 2636
    },
    "UP": {
        "precision": 0.4042089985486212,
        "recall": 0.617859123682751,
        "f1-score": 0.4887036630840097,
        "support": 1803
    },
    "accuracy": 0.4748817301193963,
    "macro avg": {
        "precision": 0.4974105004626648,
        "recall": 0.4974728091858368,
        "f1-score": 0.4744976986408703,
        "support": 4439
    },
    "weighted avg": {
        "precision": 0.5149002168614929,
        "recall": 0.4748817301193963,
        "f1-score": 0.47183188012743604,
        "support": 4439
    }
}