{
    "R2": 0.8148507008501787,
    "RMSE": 1330.2635667176921,
    "MSE": 1769601.1569364758,
    "MAPE": 0.08469970343404576,
    "ACMAPE": 1.098152618232252
}