{
    "R2": 0.2793892038816077,
    "RMSE": 9.86640681648012,
    "MSE": 97.3459834682854,
    "MAPE": 0.04292968452542674,
    "ACMAPE": 0.9370473315842502
}