{
    "DOWN": {
        "precision": 0.7073170731707317,
        "recall": 0.26126126126126126,
        "f1-score": 0.3815789473684211,
        "support": 222
    },
    "UP": {
        "precision": 0.35177865612648224,
        "recall": 0.7876106194690266,
        "f1-score": 0.48633879781420764,
        "support": 113
    },
    "accuracy": 0.4388059701492537,
    "macro avg": {
        "precision": 0.5295478646486069,
        "recall": 0.524435940365144,
        "f1-score": 0.4339588725913144,
        "support": 335
    },
    "weighted avg": {
        "precision": 0.5873891892125221,
        "recall": 0.4388059701492537,
        "f1-score": 0.4169158521456566,
        "support": 335
    }
}