{
    "R2": 0.9795202421701372,
    "RMSE": 47.536060992271615,
    "MSE": 2259.6770946609668,
    "MAPE": 0.05212101487027746,
    "ACMAPE": 0.9876048858380194
}