{
    "R2": 0.9689715571212099,
    "RMSE": 12.885539481341182,
    "MSE": 166.03712772520237,
    "MAPE": 0.03924701022967526,
    "ACMAPE": 0.9550262938695592
}