{
    "R2": 0.989457832792536,
    "RMSE": 3.804260769395809,
    "MSE": 14.472400001563992,
    "MAPE": 0.024462184236725186,
    "ACMAPE": 1.0093347957016934
}