{
    "R2": -2.51424342517428,
    "RMSE": 193.4639022917676,
    "MSE": 37428.2814899586,
    "MAPE": 0.11705373745375014,
    "ACMAPE": 1.0337204041204169
}