{
    "R2": 0.914441059425397,
    "RMSE": 246.0065312850224,
    "MSE": 60519.2134348887,
    "MAPE": 0.14301999119593242,
    "ACMAPE": 1.074526840511001
}