{
    "DOWN": {
        "precision": 0.7491166077738516,
        "recall": 0.6305770374776919,
        "f1-score": 0.6847545219638244,
        "support": 1681
    },
    "UP": {
        "precision": 0.3198247535596933,
        "recall": 0.45131375579598143,
        "f1-score": 0.37435897435897436,
        "support": 647
    },
    "accuracy": 0.5807560137457045,
    "macro avg": {
        "precision": 0.5344706806667725,
        "recall": 0.5409453966368367,
        "f1-score": 0.5295567481613994,
        "support": 2328
    },
    "weighted avg": {
        "precision": 0.6298074025863256,
        "recall": 0.5807560137457045,
        "f1-score": 0.5984890927111018,
        "support": 2328
    }
}