{
    "R2": 0.9519652601101231,
    "RMSE": 85.2943560434403,
    "MSE": 7275.127172865161,
    "MAPE": 0.06998081367534133,
    "ACMAPE": 1.0489678826408586
}