{
    "DOWN": {
        "precision": 0.5917496443812233,
        "recall": 0.6419753086419753,
        "f1-score": 0.615840118430792,
        "support": 648
    },
    "UP": {
        "precision": 0.42431761786600497,
        "recall": 0.37336244541484714,
        "f1-score": 0.397212543554007,
        "support": 458
    },
    "accuracy": 0.530741410488246,
    "macro avg": {
        "precision": 0.5080336311236142,
        "recall": 0.5076688770284112,
        "f1-score": 0.5065263309923995,
        "support": 1106
    },
    "weighted avg": {
        "precision": 0.5224152247212143,
        "recall": 0.530741410488246,
        "f1-score": 0.5253053722340764,
        "support": 1106
    }
}