{
    "R2": -0.1157315190842334,
    "RMSE": 53.75028835115024,
    "MSE": 2889.0934978317973,
    "MAPE": 0.0955437172230141,
    "ACMAPE": 1.0332726549519518
}