{
    "DOWN": {
        "precision": 0.8710359408033826,
        "recall": 0.8530020703933747,
        "f1-score": 0.8619246861924685,
        "support": 483
    },
    "UP": {
        "precision": 0.22826086956521738,
        "recall": 0.25609756097560976,
        "f1-score": 0.24137931034482757,
        "support": 82
    },
    "accuracy": 0.7663716814159292,
    "macro avg": {
        "precision": 0.5496484051843,
        "recall": 0.5545498156844922,
        "f1-score": 0.5516519982686481,
        "support": 565
    },
    "weighted avg": {
        "precision": 0.777748231349348,
        "recall": 0.7663716814159292,
        "f1-score": 0.7718632334145809,
        "support": 565
    }
}