{
    "DOWN": {
        "precision": 0.7069767441860465,
        "recall": 0.46060606060606063,
        "f1-score": 0.5577981651376147,
        "support": 660
    },
    "UP": {
        "precision": 0.42948717948717946,
        "recall": 0.6802030456852792,
        "f1-score": 0.5265225933202357,
        "support": 394
    },
    "accuracy": 0.5426944971537002,
    "macro avg": {
        "precision": 0.568231961836613,
        "recall": 0.57040455314567,
        "f1-score": 0.5421603792289251,
        "support": 1054
    },
    "weighted avg": {
        "precision": 0.6032472484636996,
        "recall": 0.5426944971537002,
        "f1-score": 0.5461069172286513,
        "support": 1054
    }
}