{
    "DOWN": {
        "precision": 0.6767676767676768,
        "recall": 0.08921438082556592,
        "f1-score": 0.15764705882352942,
        "support": 751
    },
    "UP": {
        "precision": 0.27848101265822783,
        "recall": 0.8918918918918919,
        "f1-score": 0.42443729903536975,
        "support": 296
    },
    "accuracy": 0.31614135625596945,
    "macro avg": {
        "precision": 0.47762434471295234,
        "recall": 0.4905531363587289,
        "f1-score": 0.2910421789294496,
        "support": 1047
    },
    "weighted avg": {
        "precision": 0.5641670534855403,
        "recall": 0.31614135625596945,
        "f1-score": 0.2330719977945941,
        "support": 1047
    }
}