{
    "R2": 0.9749710900941216,
    "RMSE": 24.237585310670724,
    "MSE": 587.4605416920413,
    "MAPE": 0.06291095568799472,
    "ACMAPE": 1.0800258701134227
}