{
    "R2": 0.9100360551682282,
    "RMSE": 25.766321934971465,
    "MSE": 663.9033460565917,
    "MAPE": 0.050191602574048665,
    "ACMAPE": 1.0105440254815377
}