{
    "DOWN": {
        "precision": 0.7302113551595524,
        "recall": 0.5867465867465868,
        "f1-score": 0.6506646971935007,
        "support": 3003
    },
    "UP": {
        "precision": 0.3324367939752555,
        "recall": 0.48699763593380613,
        "f1-score": 0.3951406649616368,
        "support": 1269
    },
    "accuracy": 0.5571161048689138,
    "macro avg": {
        "precision": 0.5313240745674039,
        "recall": 0.5368721113401964,
        "f1-score": 0.5229026810775688,
        "support": 4272
    },
    "weighted avg": {
        "precision": 0.6120521982909024,
        "recall": 0.5571161048689138,
        "f1-score": 0.5747611398661985,
        "support": 4272
    }
}