{
    "R2": 0.9642969566211653,
    "RMSE": 181.13495467018572,
    "MSE": 32809.87180337024,
    "MAPE": 0.051905149567281206,
    "ACMAPE": 1.0427951285441557
}