{
    "R2": 0.9273648447820656,
    "RMSE": 154.43195135483407,
    "MSE": 23849.227599261834,
    "MAPE": 0.1328528736017118,
    "ACMAPE": 0.969931525287105
}