{
    "R2": -49.61714107551011,
    "RMSE": 377.3997020331637,
    "MSE": 142430.53509472072,
    "MAPE": 2.673739942434777,
    "ACMAPE": 4.050789122762646
}