{
    "R2": 0.8136115387109796,
    "RMSE": 107.4430992841725,
    "MSE": 11544.019583788551,
    "MAPE": 0.0379944634161563,
    "ACMAPE": 0.9094678176481313
}