{
    "R2": 0.9628213658238628,
    "RMSE": 11.218258004754343,
    "MSE": 125.84931266123489,
    "MAPE": 0.018297274150988092,
    "ACMAPE": 0.6490026683418595
}