{
    "R2": 0.9733732728328285,
    "RMSE": 86.86517540313703,
    "MSE": 7545.558697817763,
    "MAPE": 0.17133113043676992,
    "ACMAPE": 1.2948016532398845
}