{
    "DOWN": {
        "precision": 0.8503937007874016,
        "recall": 0.6206896551724138,
        "f1-score": 0.7176079734219268,
        "support": 174
    },
    "UP": {
        "precision": 0.4961832061068702,
        "recall": 0.7738095238095238,
        "f1-score": 0.6046511627906976,
        "support": 84
    },
    "accuracy": 0.6705426356589147,
    "macro avg": {
        "precision": 0.673288453447136,
        "recall": 0.6972495894909688,
        "f1-score": 0.6611295681063123,
        "support": 258
    },
    "weighted avg": {
        "precision": 0.7350693536821123,
        "recall": 0.6705426356589147,
        "f1-score": 0.6808313374024569,
        "support": 258
    }
}