{
    "DOWN": {
        "precision": 0.7432432432432432,
        "recall": 0.8333333333333334,
        "f1-score": 0.7857142857142858,
        "support": 66
    },
    "UP": {
        "precision": 0.5,
        "recall": 0.36666666666666664,
        "f1-score": 0.423076923076923,
        "support": 30
    },
    "accuracy": 0.6875,
    "macro avg": {
        "precision": 0.6216216216216216,
        "recall": 0.6,
        "f1-score": 0.6043956043956045,
        "support": 96
    },
    "weighted avg": {
        "precision": 0.6672297297297297,
        "recall": 0.6875,
        "f1-score": 0.6723901098901099,
        "support": 96
    }
}