{
    "R2": 0.9862243450004593,
    "RMSE": 33.39728840419143,
    "MSE": 1115.3788727527392,
    "MAPE": 0.1755754472709071,
    "ACMAPE": 1.7055162756732738
}