{
    "DOWN": {
        "precision": 0.7013888888888888,
        "recall": 0.6815114709851552,
        "f1-score": 0.6913073237508555,
        "support": 741
    },
    "UP": {
        "precision": 0.4010152284263959,
        "recall": 0.42359249329758714,
        "f1-score": 0.4119947848761408,
        "support": 373
    },
    "accuracy": 0.5951526032315978,
    "macro avg": {
        "precision": 0.5512020586576424,
        "recall": 0.5525519821413711,
        "f1-score": 0.5516510543134981,
        "support": 1114
    },
    "weighted avg": {
        "precision": 0.6008149433300829,
        "recall": 0.5951526032315978,
        "f1-score": 0.5977852618116556,
        "support": 1114
    }
}