{
    "DOWN": {
        "precision": 0.7578801524073433,
        "recall": 0.7379426644182124,
        "f1-score": 0.7477785372522214,
        "support": 2965
    },
    "UP": {
        "precision": 0.39580093312597203,
        "recall": 0.42135761589403975,
        "f1-score": 0.40817963111467526,
        "support": 1208
    },
    "accuracy": 0.6462976276060388,
    "macro avg": {
        "precision": 0.5768405427666576,
        "recall": 0.579650140156126,
        "f1-score": 0.5779790841834483,
        "support": 4173
    },
    "weighted avg": {
        "precision": 0.653065463480457,
        "recall": 0.6462976276060388,
        "f1-score": 0.6494714491587262,
        "support": 4173
    }
}