{
    "DOWN": {
        "precision": 0.6070686070686071,
        "recall": 0.19636852723604573,
        "f1-score": 0.2967479674796748,
        "support": 2974
    },
    "UP": {
        "precision": 0.25914445133292,
        "recall": 0.6886326194398682,
        "f1-score": 0.3765765765765766,
        "support": 1214
    },
    "accuracy": 0.3390639923591213,
    "macro avg": {
        "precision": 0.43310652920076353,
        "recall": 0.44250057333795695,
        "f1-score": 0.3366622720281257,
        "support": 4188
    },
    "weighted avg": {
        "precision": 0.5062138016571639,
        "recall": 0.3390639923591213,
        "f1-score": 0.31988835225609286,
        "support": 4188
    }
}