{
    "R2": 0.9963360785269894,
    "RMSE": 35.06758216457182,
    "MSE": 1229.7353188689956,
    "MAPE": 0.039672251259176894,
    "ACMAPE": 0.8209866547398272
}