{
    "R2": 0.9934092898379414,
    "RMSE": 47.06067070394362,
    "MSE": 2214.7067271050178,
    "MAPE": 0.05831834424875921,
    "ACMAPE": 1.2036017961652155
}