{
    "R2": 0.9912744337461605,
    "RMSE": 54.1616734454358,
    "MSE": 2933.4868704100254,
    "MAPE": 0.09185250238342874,
    "ACMAPE": 0.7853267670893109
}