{
    "R2": 0.9879025471211605,
    "RMSE": 10.07687733128092,
    "MSE": 101.54345674968329,
    "MAPE": 0.07746395971054248,
    "ACMAPE": 1.23533285241862
}