{
    "R2": 0.9532809597457435,
    "RMSE": 18.87440203895111,
    "MSE": 356.2430523279619,
    "MAPE": 0.10913211860365232,
    "ACMAPE": 1.1759191222137606
}