{
    "DOWN": {
        "precision": 0.755461592670895,
        "recall": 0.3153868784936746,
        "f1-score": 0.44499792444997915,
        "support": 3399
    },
    "UP": {
        "precision": 0.2375491480996068,
        "recall": 0.6763059701492538,
        "f1-score": 0.3516003879728419,
        "support": 1072
    },
    "accuracy": 0.4019235070454037,
    "macro avg": {
        "precision": 0.4965053703852509,
        "recall": 0.4958464243214642,
        "f1-score": 0.39829915621141054,
        "support": 4471
    },
    "weighted avg": {
        "precision": 0.631283077667446,
        "recall": 0.4019235070454037,
        "f1-score": 0.42260424091084003,
        "support": 4471
    }
}