{
    "DOWN": {
        "precision": 0.7040271712760796,
        "recall": 0.48954116059379216,
        "f1-score": 0.5775124378109453,
        "support": 2964
    },
    "UP": {
        "precision": 0.35507246376811596,
        "recall": 0.5772695772695773,
        "f1-score": 0.43969385062021643,
        "support": 1443
    },
    "accuracy": 0.518266394372589,
    "macro avg": {
        "precision": 0.5295498175220978,
        "recall": 0.5334053689316847,
        "f1-score": 0.5086031442155808,
        "support": 4407
    },
    "weighted avg": {
        "precision": 0.5897676652778968,
        "recall": 0.518266394372589,
        "f1-score": 0.5323859977573439,
        "support": 4407
    }
}