{
    "R2": 0.9903139788173785,
    "RMSE": 12.968842765871305,
    "MSE": 168.19088268589246,
    "MAPE": 0.04213657849929508,
    "ACMAPE": 1.1131451718959482
}