{
    "DOWN": {
        "precision": 0.6196078431372549,
        "recall": 0.2893772893772894,
        "f1-score": 0.3945068664169788,
        "support": 546
    },
    "UP": {
        "precision": 0.34125636672325976,
        "recall": 0.674496644295302,
        "f1-score": 0.4532130777903044,
        "support": 298
    },
    "accuracy": 0.4253554502369668,
    "macro avg": {
        "precision": 0.48043210493025734,
        "recall": 0.4819369668362957,
        "f1-score": 0.42385997210364157,
        "support": 844
    },
    "weighted avg": {
        "precision": 0.5213273455408444,
        "recall": 0.4253554502369668,
        "f1-score": 0.4152348889160914,
        "support": 844
    }
}