{
    "DOWN": {
        "precision": 0.776595744680851,
        "recall": 0.46496815286624205,
        "f1-score": 0.5816733067729084,
        "support": 157
    },
    "UP": {
        "precision": 0.29411764705882354,
        "recall": 0.625,
        "f1-score": 0.4,
        "support": 56
    },
    "accuracy": 0.5070422535211268,
    "macro avg": {
        "precision": 0.5353566958698373,
        "recall": 0.5449840764331211,
        "f1-score": 0.4908366533864542,
        "support": 213
    },
    "weighted avg": {
        "precision": 0.6497470429586278,
        "recall": 0.5070422535211268,
        "f1-score": 0.5339094326917682,
        "support": 213
    }
}