{
    "DOWN": {
        "precision": 0.6597014925373135,
        "recall": 0.4032846715328467,
        "f1-score": 0.5005662514156286,
        "support": 548
    },
    "UP": {
        "precision": 0.3638132295719844,
        "recall": 0.6212624584717608,
        "f1-score": 0.45889570552147235,
        "support": 301
    },
    "accuracy": 0.48056537102473496,
    "macro avg": {
        "precision": 0.511757361054649,
        "recall": 0.5122735650023037,
        "f1-score": 0.4797309784685505,
        "support": 849
    },
    "weighted avg": {
        "precision": 0.5547988221573794,
        "recall": 0.48056537102473496,
        "f1-score": 0.4857925949796556,
        "support": 849
    }
}