{
    "DOWN": {
        "precision": 0.5398230088495575,
        "recall": 0.4765625,
        "f1-score": 0.5062240663900415,
        "support": 128
    },
    "UP": {
        "precision": 0.4462809917355372,
        "recall": 0.5094339622641509,
        "f1-score": 0.4757709251101322,
        "support": 106
    },
    "accuracy": 0.49145299145299143,
    "macro avg": {
        "precision": 0.49305200029254737,
        "recall": 0.49299823113207547,
        "f1-score": 0.49099749575008683,
        "support": 234
    },
    "weighted avg": {
        "precision": 0.49744927460132604,
        "recall": 0.49145299145299143,
        "f1-score": 0.49242905367350137,
        "support": 234
    }
}