{
    "DOWN": {
        "precision": 0.6206896551724138,
        "recall": 0.35294117647058826,
        "f1-score": 0.45000000000000007,
        "support": 612
    },
    "UP": {
        "precision": 0.3219178082191781,
        "recall": 0.5875,
        "f1-score": 0.415929203539823,
        "support": 320
    },
    "accuracy": 0.4334763948497854,
    "macro avg": {
        "precision": 0.471303731695796,
        "recall": 0.4702205882352941,
        "f1-score": 0.43296460176991153,
        "support": 932
    },
    "weighted avg": {
        "precision": 0.518107046776453,
        "recall": 0.4334763948497854,
        "f1-score": 0.43830187246002505,
        "support": 932
    }
}