{
    "R2": 0.9048492955405258,
    "RMSE": 38.988536746179186,
    "MSE": 1520.1059976081647,
    "MAPE": 0.1654065672790733,
    "ACMAPE": 1.0976099571095816
}