{
    "DOWN": {
        "precision": 0.8543107422775472,
        "recall": 0.7159969088098919,
        "f1-score": 0.7790624343073366,
        "support": 2588
    },
    "UP": {
        "precision": 0.24846625766871167,
        "recall": 0.4347048300536673,
        "f1-score": 0.31620039037085235,
        "support": 559
    },
    "accuracy": 0.6660311407689863,
    "macro avg": {
        "precision": 0.5513884999731294,
        "recall": 0.5753508694317796,
        "f1-score": 0.5476314123390944,
        "support": 3147
    },
    "weighted avg": {
        "precision": 0.746694896425517,
        "recall": 0.6660311407689863,
        "f1-score": 0.6968444862423556,
        "support": 3147
    }
}