{
    "DOWN": {
        "precision": 0.6495726495726496,
        "recall": 0.6162162162162163,
        "f1-score": 0.6324549237170597,
        "support": 370
    },
    "UP": {
        "precision": 0.43873517786561267,
        "recall": 0.47435897435897434,
        "f1-score": 0.45585215605749485,
        "support": 234
    },
    "accuracy": 0.5612582781456954,
    "macro avg": {
        "precision": 0.5441539137191311,
        "recall": 0.5452875952875953,
        "f1-score": 0.5441535398872772,
        "support": 604
    },
    "weighted avg": {
        "precision": 0.5678905827192611,
        "recall": 0.5612582781456954,
        "f1-score": 0.5640359706833873,
        "support": 604
    }
}