{
    "R2": 0.9945481841230583,
    "RMSE": 9.516951893145961,
    "MSE": 90.5723733364545,
    "MAPE": 0.03227215206090595,
    "ACMAPE": 0.8254756332047104
}