{
    "DOWN": {
        "precision": 0.6997971602434077,
        "recall": 0.5788590604026845,
        "f1-score": 0.6336088154269971,
        "support": 596
    },
    "UP": {
        "precision": 0.32707774798927614,
        "recall": 0.45185185185185184,
        "f1-score": 0.37947122861586313,
        "support": 270
    },
    "accuracy": 0.5392609699769053,
    "macro avg": {
        "precision": 0.5134374541163419,
        "recall": 0.5153554561272682,
        "f1-score": 0.5065400220214301,
        "support": 866
    },
    "weighted avg": {
        "precision": 0.5835913388708724,
        "recall": 0.5392609699769053,
        "f1-score": 0.5543742329339184,
        "support": 866
    }
}