{
    "R2": 0.9317876278025596,
    "RMSE": 239.51507416652217,
    "MSE": 57367.47075299462,
    "MAPE": 0.059133039551515054,
    "ACMAPE": 1.071890645047099
}