{
    "DOWN": {
        "precision": 0.710594315245478,
        "recall": 0.5055147058823529,
        "f1-score": 0.5907626208378088,
        "support": 544
    },
    "UP": {
        "precision": 0.39414414414414417,
        "recall": 0.6097560975609756,
        "f1-score": 0.478796169630643,
        "support": 287
    },
    "accuracy": 0.5415162454873647,
    "macro avg": {
        "precision": 0.5523692296948111,
        "recall": 0.5576354017216643,
        "f1-score": 0.5347793952342259,
        "support": 831
    },
    "weighted avg": {
        "precision": 0.601302860244175,
        "recall": 0.5415162454873647,
        "f1-score": 0.5520931003847925,
        "support": 831
    }
}