{
    "R2": 0.9966337007485911,
    "RMSE": 13.72006988015265,
    "MSE": 188.24031751627194,
    "MAPE": 0.049827155009642916,
    "ACMAPE": 0.9891335133911459
}