{
    "R2": 0.43726628416917535,
    "RMSE": 206.35305583180704,
    "MSE": 42581.58365112487,
    "MAPE": 0.09301277747269962,
    "ACMAPE": 0.7282256658501449
}