{
    "DOWN": {
        "precision": 0.6060100166944908,
        "recall": 0.989100817438692,
        "f1-score": 0.7515527950310558,
        "support": 367
    },
    "UP": {
        "precision": 0.42857142857142855,
        "recall": 0.012552301255230125,
        "f1-score": 0.024390243902439025,
        "support": 239
    },
    "accuracy": 0.6039603960396039,
    "macro avg": {
        "precision": 0.5172907226329597,
        "recall": 0.5008265593469611,
        "f1-score": 0.3879715194667474,
        "support": 606
    },
    "weighted avg": {
        "precision": 0.5360301114776396,
        "recall": 0.6039603960396039,
        "f1-score": 0.46476756447042966,
        "support": 606
    }
}