{
    "R2": 0.9843022963942364,
    "RMSE": 25.035716643639304,
    "MSE": 626.7871078605981,
    "MAPE": 0.05820591883041351,
    "ACMAPE": 0.9791416606130608
}