{
    "R2": -3.187551730473267,
    "RMSE": 1446.5770263620493,
    "MSE": 2092585.0931984694,
    "MAPE": 0.4297974249182529,
    "ACMAPE": 1.2089640915849196
}