{
    "DOWN": {
        "precision": 0.6342857142857142,
        "recall": 0.4703389830508475,
        "f1-score": 0.5401459854014599,
        "support": 236
    },
    "UP": {
        "precision": 0.4075829383886256,
        "recall": 0.5733333333333334,
        "f1-score": 0.47645429362880887,
        "support": 150
    },
    "accuracy": 0.5103626943005182,
    "macro avg": {
        "precision": 0.52093432633717,
        "recall": 0.5218361581920904,
        "f1-score": 0.5083001395151343,
        "support": 386
    },
    "weighted avg": {
        "precision": 0.5461887806469492,
        "recall": 0.5103626943005182,
        "f1-score": 0.5153953279768546,
        "support": 386
    }
}