{
    "R2": 0.2606998069045555,
    "RMSE": 53.18833958462218,
    "MSE": 2828.9994677690866,
    "MAPE": 0.078829193539363,
    "ACMAPE": 1.1358240121922127
}