{
    "DOWN": {
        "precision": 0.6716417910447762,
        "recall": 0.45271629778672035,
        "f1-score": 0.5408653846153846,
        "support": 497
    },
    "UP": {
        "precision": 0.38461538461538464,
        "recall": 0.6071428571428571,
        "f1-score": 0.4709141274238227,
        "support": 280
    },
    "accuracy": 0.5083655083655083,
    "macro avg": {
        "precision": 0.5281285878300804,
        "recall": 0.5299295774647887,
        "f1-score": 0.5058897560196036,
        "support": 777
    },
    "weighted avg": {
        "precision": 0.5682088517909414,
        "recall": 0.5083655083655083,
        "f1-score": 0.5156577243661731,
        "support": 777
    }
}