{
    "DOWN": {
        "precision": 0.6901960784313725,
        "recall": 0.47121820615796517,
        "f1-score": 0.5600636435958632,
        "support": 747
    },
    "UP": {
        "precision": 0.35772357723577236,
        "recall": 0.582010582010582,
        "f1-score": 0.4431017119838872,
        "support": 378
    },
    "accuracy": 0.5084444444444445,
    "macro avg": {
        "precision": 0.5239598278335724,
        "recall": 0.5266143940842736,
        "f1-score": 0.5015826777898752,
        "support": 1125
    },
    "weighted avg": {
        "precision": 0.578485318029651,
        "recall": 0.5084444444444445,
        "f1-score": 0.5207644345742393,
        "support": 1125
    }
}