{
    "DOWN": {
        "precision": 0.6705539358600583,
        "recall": 0.38694481830417227,
        "f1-score": 0.4907190100277363,
        "support": 2972
    },
    "UP": {
        "precision": 0.3398550724637681,
        "recall": 0.6240851630073186,
        "f1-score": 0.44006568144499175,
        "support": 1503
    },
    "accuracy": 0.4665921787709497,
    "macro avg": {
        "precision": 0.5052045041619132,
        "recall": 0.5055149906557455,
        "f1-score": 0.465392345736364,
        "support": 4475
    },
    "weighted avg": {
        "precision": 0.5594834572713155,
        "recall": 0.4665921787709497,
        "f1-score": 0.4737062831316771,
        "support": 4475
    }
}