{
    "R2": 0.9447075915457627,
    "RMSE": 110.45737052116048,
    "MSE": 12200.830702448933,
    "MAPE": 0.06717808684059985,
    "ACMAPE": 1.0009680411784994
}