{
    "R2": 0.9768395565348622,
    "RMSE": 74.46400520358235,
    "MSE": 5544.8880709591385,
    "MAPE": 0.044186807157525924,
    "ACMAPE": 0.8169140798847986
}