{
    "DOWN": {
        "precision": 0.675,
        "recall": 0.6738768718801996,
        "f1-score": 0.6744379683597002,
        "support": 601
    },
    "UP": {
        "precision": 0.41839762611275966,
        "recall": 0.41964285714285715,
        "f1-score": 0.4190193164933136,
        "support": 336
    },
    "accuracy": 0.5827107790821772,
    "macro avg": {
        "precision": 0.5466988130563799,
        "recall": 0.5467598645115284,
        "f1-score": 0.5467286424265069,
        "support": 937
    },
    "weighted avg": {
        "precision": 0.5829846343371262,
        "recall": 0.5827107790821772,
        "f1-score": 0.5828470750543577,
        "support": 937
    }
}