{
    "R2": 0.7595566979748976,
    "RMSE": 15.938478765659756,
    "MSE": 254.03510536338692,
    "MAPE": 0.026856678678002965,
    "ACMAPE": 0.9016422704447268
}