{
    "DOWN": {
        "precision": 0.7009345794392523,
        "recall": 0.3044654939106901,
        "f1-score": 0.4245283018867924,
        "support": 739
    },
    "UP": {
        "precision": 0.3227931488801054,
        "recall": 0.718475073313783,
        "f1-score": 0.44545454545454544,
        "support": 341
    },
    "accuracy": 0.4351851851851852,
    "macro avg": {
        "precision": 0.5118638641596789,
        "recall": 0.5114702836122366,
        "f1-score": 0.4349914236706689,
        "support": 1080
    },
    "weighted avg": {
        "precision": 0.5815399240497439,
        "recall": 0.4351851851851852,
        "f1-score": 0.4311355695317959,
        "support": 1080
    }
}