{
    "R2": 0.7713389782011539,
    "RMSE": 128.51628980348312,
    "MSE": 16516.436744852857,
    "MAPE": 0.07850769947570303,
    "ACMAPE": 0.9733914204059355
}