{
    "DOWN": {
        "precision": 0.7397959183673469,
        "recall": 0.23940561364887178,
        "f1-score": 0.36174636174636177,
        "support": 3634
    },
    "UP": {
        "precision": 0.11523687580025609,
        "recall": 0.5405405405405406,
        "f1-score": 0.1899736147757256,
        "support": 666
    },
    "accuracy": 0.28604651162790695,
    "macro avg": {
        "precision": 0.4275163970838015,
        "recall": 0.3899730770947062,
        "f1-score": 0.2758599882610437,
        "support": 4300
    },
    "weighted avg": {
        "precision": 0.6430618899139324,
        "recall": 0.28604651162790695,
        "f1-score": 0.33514155954114233,
        "support": 4300
    }
}