{
    "R2": 0.988473396069967,
    "RMSE": 5.955973040212214,
    "MSE": 35.47361485573472,
    "MAPE": 0.18579788482290008,
    "ACMAPE": 1.4831073018632588
}