{
    "DOWN": {
        "precision": 0.6346153846153846,
        "recall": 0.44,
        "f1-score": 0.5196850393700788,
        "support": 150
    },
    "UP": {
        "precision": 0.3488372093023256,
        "recall": 0.5421686746987951,
        "f1-score": 0.4245283018867924,
        "support": 83
    },
    "accuracy": 0.47639484978540775,
    "macro avg": {
        "precision": 0.49172629695885506,
        "recall": 0.4910843373493976,
        "f1-score": 0.4721066706284356,
        "support": 233
    },
    "weighted avg": {
        "precision": 0.532814575383694,
        "recall": 0.47639484978540775,
        "f1-score": 0.48578800412925144,
        "support": 233
    }
}