{
    "R2": 0.9715685039186751,
    "RMSE": 468.9923757231753,
    "MSE": 219953.84848646802,
    "MAPE": 0.09247924620083782,
    "ACMAPE": 1.2170729623438499
}