{
    "R2": 0.9332665334936715,
    "RMSE": 33.98943321954385,
    "MSE": 1155.2815705858307,
    "MAPE": 0.08127558577709995,
    "ACMAPE": 1.1100821701392398
}