{
    "DOWN": {
        "precision": 0.7885375494071146,
        "recall": 0.6091603053435114,
        "f1-score": 0.6873385012919896,
        "support": 655
    },
    "UP": {
        "precision": 0.4458874458874459,
        "recall": 0.65814696485623,
        "f1-score": 0.5316129032258065,
        "support": 313
    },
    "accuracy": 0.625,
    "macro avg": {
        "precision": 0.6172124976472803,
        "recall": 0.6336536350998707,
        "f1-score": 0.609475702258898,
        "support": 968
    },
    "weighted avg": {
        "precision": 0.6777426295706929,
        "recall": 0.625,
        "f1-score": 0.636985079603234,
        "support": 968
    }
}