{
    "R2": 0.7428992004550448,
    "RMSE": 5.333232883821695,
    "MSE": 28.44337299307707,
    "MAPE": 0.028190188287784832,
    "ACMAPE": 0.47058650165184024
}