{
    "R2": 0.5145014513299835,
    "RMSE": 192.93633511991698,
    "MSE": 37224.429409504904,
    "MAPE": 0.4045455526017776,
    "ACMAPE": 1.2608329777514782
}