{
    "DOWN": {
        "precision": 0.6912751677852349,
        "recall": 0.3843283582089552,
        "f1-score": 0.4940047961630696,
        "support": 536
    },
    "UP": {
        "precision": 0.3413173652694611,
        "recall": 0.6501901140684411,
        "f1-score": 0.4476439790575917,
        "support": 263
    },
    "accuracy": 0.4718397997496871,
    "macro avg": {
        "precision": 0.5162962665273481,
        "recall": 0.5172592361386982,
        "f1-score": 0.47082438761033063,
        "support": 799
    },
    "weighted avg": {
        "precision": 0.5760825494352367,
        "recall": 0.4718397997496871,
        "f1-score": 0.4787446022973116,
        "support": 799
    }
}