{
    "DOWN": {
        "precision": 0.8512720156555773,
        "recall": 0.18094841930116473,
        "f1-score": 0.2984562607204117,
        "support": 2404
    },
    "UP": {
        "precision": 0.26639344262295084,
        "recall": 0.9039190897597977,
        "f1-score": 0.4115107913669065,
        "support": 791
    },
    "accuracy": 0.3599374021909233,
    "macro avg": {
        "precision": 0.5588327291392641,
        "recall": 0.5424337545304813,
        "f1-score": 0.3549835260436591,
        "support": 3195
    },
    "weighted avg": {
        "precision": 0.7064710919407706,
        "recall": 0.3599374021909233,
        "f1-score": 0.3264456609524547,
        "support": 3195
    }
}