{
    "DOWN": {
        "precision": 0.7551020408163265,
        "recall": 0.6666666666666666,
        "f1-score": 0.7081339712918658,
        "support": 111
    },
    "UP": {
        "precision": 0.28846153846153844,
        "recall": 0.38461538461538464,
        "f1-score": 0.32967032967032966,
        "support": 39
    },
    "accuracy": 0.5933333333333334,
    "macro avg": {
        "precision": 0.5217817896389325,
        "recall": 0.5256410256410257,
        "f1-score": 0.5189021504810978,
        "support": 150
    },
    "weighted avg": {
        "precision": 0.6337755102040816,
        "recall": 0.5933333333333334,
        "f1-score": 0.6097334244702665,
        "support": 150
    }
}