{
    "DOWN": {
        "precision": 0.6979166666666666,
        "recall": 0.5234375,
        "f1-score": 0.5982142857142858,
        "support": 128
    },
    "UP": {
        "precision": 0.18666666666666668,
        "recall": 0.32558139534883723,
        "f1-score": 0.23728813559322035,
        "support": 43
    },
    "accuracy": 0.47368421052631576,
    "macro avg": {
        "precision": 0.44229166666666664,
        "recall": 0.4245094476744186,
        "f1-score": 0.4177512106537531,
        "support": 171
    },
    "weighted avg": {
        "precision": 0.5693567251461988,
        "recall": 0.47368421052631576,
        "f1-score": 0.5074550783739009,
        "support": 171
    }
}