{
    "DOWN": {
        "precision": 0.5908141962421712,
        "recall": 0.9278688524590164,
        "f1-score": 0.7219387755102041,
        "support": 305
    },
    "UP": {
        "precision": 0.4358974358974359,
        "recall": 0.07981220657276995,
        "f1-score": 0.1349206349206349,
        "support": 213
    },
    "accuracy": 0.5791505791505791,
    "macro avg": {
        "precision": 0.5133558160698035,
        "recall": 0.5038405295158932,
        "f1-score": 0.4284297052154195,
        "support": 518
    },
    "weighted avg": {
        "precision": 0.5271129028957839,
        "recall": 0.5791505791505791,
        "f1-score": 0.48055872928321913,
        "support": 518
    }
}