{
    "R2": 0.8540072839009638,
    "RMSE": 133.19687607500006,
    "MSE": 17741.407796138923,
    "MAPE": 0.07871053999678246,
    "ACMAPE": 0.9515020594314114
}