{
    "R2": 0.8755741811757887,
    "RMSE": 122.96561855676796,
    "MSE": 15120.543347048557,
    "MAPE": 0.06627641551917168,
    "ACMAPE": 1.0874778289467337
}