{
    "DOWN": {
        "precision": 0.6577114427860696,
        "recall": 0.4122232616152167,
        "f1-score": 0.506804677017443,
        "support": 3207
    },
    "UP": {
        "precision": 0.2516871774513696,
        "recall": 0.4795763993948563,
        "f1-score": 0.33012236396771677,
        "support": 1322
    },
    "accuracy": 0.4318834179730625,
    "macro avg": {
        "precision": 0.4546993101187196,
        "recall": 0.4458998305050365,
        "f1-score": 0.4184635204925799,
        "support": 4529
    },
    "weighted avg": {
        "precision": 0.5391943134479213,
        "recall": 0.4318834179730625,
        "f1-score": 0.4552316989093092,
        "support": 4529
    }
}