{
    "R2": 0.6824171608991871,
    "RMSE": 57.560228542327785,
    "MSE": 3313.179909845006,
    "MAPE": 0.09522744337892207,
    "ACMAPE": 1.2451586675880004
}