{
    "DOWN": {
        "precision": 0.6833333333333333,
        "recall": 0.07592592592592592,
        "f1-score": 0.13666666666666666,
        "support": 540
    },
    "UP": {
        "precision": 0.443701226309922,
        "recall": 0.9544364508393285,
        "f1-score": 0.6057838660578387,
        "support": 417
    },
    "accuracy": 0.4587251828631139,
    "macro avg": {
        "precision": 0.5635172798216277,
        "recall": 0.5151811883826272,
        "f1-score": 0.3712252663622527,
        "support": 957
    },
    "weighted avg": {
        "precision": 0.5789168352886493,
        "recall": 0.4587251828631139,
        "f1-score": 0.34107823630733414,
        "support": 957
    }
}