{
    "DOWN": {
        "precision": 0.9024780175859313,
        "recall": 0.648105625717566,
        "f1-score": 0.7544269963247578,
        "support": 3484
    },
    "UP": {
        "precision": 0.24086687306501547,
        "recall": 0.6145339652448657,
        "f1-score": 0.346085409252669,
        "support": 633
    },
    "accuracy": 0.6429438911829002,
    "macro avg": {
        "precision": 0.5716724453254733,
        "recall": 0.6313197954812159,
        "f1-score": 0.5502562027887135,
        "support": 4117
    },
    "weighted avg": {
        "precision": 0.8007534962155791,
        "recall": 0.6429438911829002,
        "f1-score": 0.6916433614895302,
        "support": 4117
    }
}