{
    "R2": -0.5859770309772514,
    "RMSE": 33.64567675731522,
    "MSE": 1132.0315644577418,
    "MAPE": 0.018872307758987236,
    "ACMAPE": 0.9948723077589872
}