{
    "DOWN": {
        "precision": 0.6756756756756757,
        "recall": 0.3125,
        "f1-score": 0.42735042735042733,
        "support": 80
    },
    "UP": {
        "precision": 0.375,
        "recall": 0.7333333333333333,
        "f1-score": 0.4962406015037593,
        "support": 45
    },
    "accuracy": 0.464,
    "macro avg": {
        "precision": 0.5253378378378378,
        "recall": 0.5229166666666667,
        "f1-score": 0.4617955144270933,
        "support": 125
    },
    "weighted avg": {
        "precision": 0.5674324324324324,
        "recall": 0.464,
        "f1-score": 0.45215089004562686,
        "support": 125
    }
}