{
    "R2": 0.968620285737805,
    "RMSE": 10.340418320605156,
    "MSE": 106.92425104510677,
    "MAPE": 0.0458864614036289,
    "ACMAPE": 0.9915274870446547
}