{
    "DOWN": {
        "precision": 0.6400709219858156,
        "recall": 0.5927750410509032,
        "f1-score": 0.6155157715260018,
        "support": 609
    },
    "UP": {
        "precision": 0.39951573849878935,
        "recall": 0.4483695652173913,
        "f1-score": 0.4225352112676056,
        "support": 368
    },
    "accuracy": 0.5383828045035824,
    "macro avg": {
        "precision": 0.5197933302423025,
        "recall": 0.5205723031341473,
        "f1-score": 0.5190254913968038,
        "support": 977
    },
    "weighted avg": {
        "precision": 0.5494626235997095,
        "recall": 0.5383828045035824,
        "f1-score": 0.5428270855740164,
        "support": 977
    }
}