{
    "DOWN": {
        "precision": 0.6541850220264317,
        "recall": 0.5755813953488372,
        "f1-score": 0.6123711340206186,
        "support": 516
    },
    "UP": {
        "precision": 0.4081081081081081,
        "recall": 0.4902597402597403,
        "f1-score": 0.4454277286135694,
        "support": 308
    },
    "accuracy": 0.5436893203883495,
    "macro avg": {
        "precision": 0.5311465650672699,
        "recall": 0.5329205678042888,
        "f1-score": 0.528899431317094,
        "support": 824
    },
    "weighted avg": {
        "precision": 0.5622048163385146,
        "recall": 0.5436893203883495,
        "f1-score": 0.5499699582131293,
        "support": 824
    }
}