{
    "DOWN": {
        "precision": 0.6730769230769231,
        "recall": 0.2536231884057971,
        "f1-score": 0.368421052631579,
        "support": 138
    },
    "UP": {
        "precision": 0.33548387096774196,
        "recall": 0.7536231884057971,
        "f1-score": 0.4642857142857143,
        "support": 69
    },
    "accuracy": 0.42028985507246375,
    "macro avg": {
        "precision": 0.5042803970223325,
        "recall": 0.5036231884057971,
        "f1-score": 0.41635338345864664,
        "support": 207
    },
    "weighted avg": {
        "precision": 0.5605459057071961,
        "recall": 0.42028985507246375,
        "f1-score": 0.40037593984962405,
        "support": 207
    }
}