{
    "R2": 0.9864325702109753,
    "RMSE": 10.022454581271369,
    "MSE": 100.44959583364744,
    "MAPE": 0.032122564695850835,
    "ACMAPE": 0.8685887301093848
}