{
    "DOWN": {
        "precision": 0.6973969631236443,
        "recall": 0.5856102003642987,
        "f1-score": 0.6366336633663365,
        "support": 1098
    },
    "UP": {
        "precision": 0.29127725856697817,
        "recall": 0.4012875536480687,
        "f1-score": 0.3375451263537906,
        "support": 466
    },
    "accuracy": 0.530690537084399,
    "macro avg": {
        "precision": 0.49433711084531123,
        "recall": 0.4934488770061837,
        "f1-score": 0.48708939486006353,
        "support": 1564
    },
    "weighted avg": {
        "precision": 0.5763919872135379,
        "recall": 0.530690537084399,
        "f1-score": 0.547519048118353,
        "support": 1564
    }
}