{
    "R2": 0.8857228871057095,
    "RMSE": 13.893401055132554,
    "MSE": 193.02659287875835,
    "MAPE": 0.05479138955329463,
    "ACMAPE": 1.0787148345293711
}