{
    "R2": 0.9562087985823879,
    "RMSE": 202.56624685929975,
    "MSE": 41033.08436666276,
    "MAPE": 0.024455749451077338,
    "ACMAPE": 0.8715895074128608
}