{
    "DOWN": {
        "precision": 0.6770186335403726,
        "recall": 0.5505050505050505,
        "f1-score": 0.607242339832869,
        "support": 198
    },
    "UP": {
        "precision": 0.41830065359477125,
        "recall": 0.5517241379310345,
        "f1-score": 0.4758364312267658,
        "support": 116
    },
    "accuracy": 0.5509554140127388,
    "macro avg": {
        "precision": 0.5476596435675719,
        "recall": 0.5511145942180424,
        "f1-score": 0.5415393855298174,
        "support": 314
    },
    "weighted avg": {
        "precision": 0.5814412906305326,
        "recall": 0.5509554140127388,
        "f1-score": 0.5586974818764742,
        "support": 314
    }
}