{
    "DOWN": {
        "precision": 0.6854990583804144,
        "recall": 0.557427258805513,
        "f1-score": 0.6148648648648648,
        "support": 653
    },
    "UP": {
        "precision": 0.37037037037037035,
        "recall": 0.5044510385756676,
        "f1-score": 0.42713567839195976,
        "support": 337
    },
    "accuracy": 0.5393939393939394,
    "macro avg": {
        "precision": 0.5279347143753923,
        "recall": 0.5309391486905903,
        "f1-score": 0.5210002716284123,
        "support": 990
    },
    "weighted avg": {
        "precision": 0.5782279797345711,
        "recall": 0.5393939393939394,
        "f1-score": 0.5509610912877244,
        "support": 990
    }
}