{
    "R2": 0.9267783286765435,
    "RMSE": 9.252996238470947,
    "MSE": 85.61793938915751,
    "MAPE": 0.041831776600174994,
    "ACMAPE": 1.39336306821136
}