{
    "R2": 0.7282109738170985,
    "RMSE": 8.132217224154102,
    "MSE": 66.13295698082864,
    "MAPE": 0.058857977321165954,
    "ACMAPE": 0.5668367007254214
}