{
    "R2": 0.728986395319917,
    "RMSE": 440.7524057859416,
    "MSE": 194262.68320609533,
    "MAPE": 0.11307161288368783,
    "ACMAPE": 1.111087485899561
}