{
    "DOWN": {
        "precision": 0.6451612903225806,
        "recall": 0.6430868167202572,
        "f1-score": 0.6441223832528179,
        "support": 311
    },
    "UP": {
        "precision": 0.1590909090909091,
        "recall": 0.16030534351145037,
        "f1-score": 0.15969581749049427,
        "support": 131
    },
    "accuracy": 0.5,
    "macro avg": {
        "precision": 0.40212609970674484,
        "recall": 0.4016960801158538,
        "f1-score": 0.40190910037165606,
        "support": 442
    },
    "weighted avg": {
        "precision": 0.501099706744868,
        "recall": 0.5,
        "f1-score": 0.5005479938526722,
        "support": 442
    }
}