{
    "R2": 0.961748653577001,
    "RMSE": 208.36218183646588,
    "MSE": 43414.798819652475,
    "MAPE": 0.15609961981767806,
    "ACMAPE": 1.2066983065693198
}