{
    "R2": -0.4655437980751187,
    "RMSE": 38.80493022747584,
    "MSE": 1505.8226099592684,
    "MAPE": 0.10230265693342931,
    "ACMAPE": 1.1946509418938516
}