{
    "DOWN": {
        "precision": 0.9272959183673469,
        "recall": 0.27036072889550017,
        "f1-score": 0.4186582205585948,
        "support": 2689
    },
    "UP": {
        "precision": 0.06925996204933586,
        "recall": 0.7192118226600985,
        "f1-score": 0.12635222847252273,
        "support": 203
    },
    "accuracy": 0.30186721991701243,
    "macro avg": {
        "precision": 0.4982779402083414,
        "recall": 0.4947862757777993,
        "f1-score": 0.27250522451555875,
        "support": 2892
    },
    "weighted avg": {
        "precision": 0.867067253383752,
        "recall": 0.30186721991701243,
        "f1-score": 0.3981401996756513,
        "support": 2892
    }
}