{
    "R2": 0.9727826602506938,
    "RMSE": 22.0238688671973,
    "MSE": 485.05079987950245,
    "MAPE": 0.0812050546103436,
    "ACMAPE": 1.3820576733679562
}