{
    "R2": -24.780240637823205,
    "RMSE": 3.854704886076933,
    "MSE": 14.858749758745383,
    "MAPE": 0.07351677315991448,
    "ACMAPE": 1.955869714336385
}