{
    "DOWN": {
        "precision": 0.8484848484848485,
        "recall": 0.1917808219178082,
        "f1-score": 0.3128491620111732,
        "support": 146
    },
    "UP": {
        "precision": 0.016666666666666666,
        "recall": 0.2857142857142857,
        "f1-score": 0.031496062992125984,
        "support": 7
    },
    "accuracy": 0.19607843137254902,
    "macro avg": {
        "precision": 0.4325757575757576,
        "recall": 0.23874755381604695,
        "f1-score": 0.17217261250164959,
        "support": 153
    },
    "weighted avg": {
        "precision": 0.8104278074866309,
        "recall": 0.19607843137254902,
        "f1-score": 0.2999767980037658,
        "support": 153
    }
}