{
    "R2": 0.7793693989936827,
    "RMSE": 23.795957954996652,
    "MSE": 566.2476149959684,
    "MAPE": 0.042071362651106024,
    "ACMAPE": 0.7946701152498585
}