{
    "R2": 0.7515084147685394,
    "RMSE": 25.156838397742746,
    "MSE": 632.8665181701439,
    "MAPE": 0.04498307739278102,
    "ACMAPE": 0.8351065341829045
}