{
    "DOWN": {
        "precision": 0.7012987012987013,
        "recall": 0.2930800542740841,
        "f1-score": 0.4133971291866029,
        "support": 737
    },
    "UP": {
        "precision": 0.33799237611181704,
        "recall": 0.7430167597765364,
        "f1-score": 0.46462882096069874,
        "support": 358
    },
    "accuracy": 0.44018264840182647,
    "macro avg": {
        "precision": 0.5196455387052592,
        "recall": 0.5180484070253102,
        "f1-score": 0.4390129750736508,
        "support": 1095
    },
    "weighted avg": {
        "precision": 0.5825190990914826,
        "recall": 0.44018264840182647,
        "f1-score": 0.430146851246079,
        "support": 1095
    }
}