{
    "R2": 0.8829111121133288,
    "RMSE": 13.179604132201678,
    "MSE": 173.70196508154754,
    "MAPE": 0.11747907029592608,
    "ACMAPE": 0.46694143588732384
}