{
    "R2": 0.9261807349677204,
    "RMSE": 10.464762677019706,
    "MSE": 109.51125788634464,
    "MAPE": 0.06095369502094026,
    "ACMAPE": 1.8279787846266748
}