{
    "DOWN": {
        "precision": 0.6455696202531646,
        "recall": 0.05054509415262636,
        "f1-score": 0.09375000000000001,
        "support": 1009
    },
    "UP": {
        "precision": 0.07618129218900675,
        "recall": 0.7383177570093458,
        "f1-score": 0.13811188811188813,
        "support": 107
    },
    "accuracy": 0.11648745519713262,
    "macro avg": {
        "precision": 0.36087545622108563,
        "recall": 0.39443142558098604,
        "f1-score": 0.11593094405594406,
        "support": 1116
    },
    "weighted avg": {
        "precision": 0.5909777285839308,
        "recall": 0.11648745519713262,
        "f1-score": 0.09800333515051259,
        "support": 1116
    }
}