{
    "DOWN": {
        "precision": 0.7596618357487923,
        "recall": 0.36665695132614395,
        "f1-score": 0.4945940632986042,
        "support": 3431
    },
    "UP": {
        "precision": 0.25760163990433893,
        "recall": 0.6545138888888888,
        "f1-score": 0.3696984555038,
        "support": 1152
    },
    "accuracy": 0.4390137464542876,
    "macro avg": {
        "precision": 0.5086317378265657,
        "recall": 0.5105854201075164,
        "f1-score": 0.4321462594012021,
        "support": 4583
    },
    "weighted avg": {
        "precision": 0.6334621094531758,
        "recall": 0.4390137464542876,
        "f1-score": 0.46319983677021354,
        "support": 4583
    }
}