{
    "R2": -0.5364440342341359,
    "RMSE": 77.73014751425825,
    "MSE": 6041.975832588349,
    "MAPE": 0.2198477153807122,
    "ACMAPE": 1.5044005609091675
}