{
    "DOWN": {
        "precision": 0.7055335968379447,
        "recall": 0.6697936210131332,
        "f1-score": 0.687199230028874,
        "support": 533
    },
    "UP": {
        "precision": 0.42671009771986973,
        "recall": 0.46785714285714286,
        "f1-score": 0.4463373083475298,
        "support": 280
    },
    "accuracy": 0.6002460024600246,
    "macro avg": {
        "precision": 0.5661218472789072,
        "recall": 0.5688253819351381,
        "f1-score": 0.5667682691882019,
        "support": 813
    },
    "weighted avg": {
        "precision": 0.6095058234639459,
        "recall": 0.6002460024600246,
        "f1-score": 0.6042455546650654,
        "support": 813
    }
}