{
    "R2": 0.9306636240678285,
    "RMSE": 29.873773171205873,
    "MSE": 892.4423234846598,
    "MAPE": 0.0660888126320709,
    "ACMAPE": 0.9637785816089686
}