{
    "R2": 0.8738463461132175,
    "RMSE": 7.921379957855236,
    "MSE": 62.748260436710616,
    "MAPE": 0.045948566942733034,
    "ACMAPE": 0.8385752950533321
}