{
    "R2": 0.8864564297939036,
    "RMSE": 37.87901762188725,
    "MSE": 1434.8199759992447,
    "MAPE": 0.09251406433203387,
    "ACMAPE": 1.2674315560812088
}