{
    "DOWN": {
        "precision": 0.6089385474860335,
        "recall": 0.35104669887278583,
        "f1-score": 0.4453524004085802,
        "support": 621
    },
    "UP": {
        "precision": 0.4011887072808321,
        "recall": 0.6585365853658537,
        "f1-score": 0.4986149584487535,
        "support": 410
    },
    "accuracy": 0.47332686711930166,
    "macro avg": {
        "precision": 0.5050636273834328,
        "recall": 0.5047916421193197,
        "f1-score": 0.4719836794286668,
        "support": 1031
    },
    "weighted avg": {
        "precision": 0.5263222191794064,
        "recall": 0.47332686711930166,
        "f1-score": 0.46653343706859096,
        "support": 1031
    }
}