{
    "R2": 0.46771591818238734,
    "RMSE": 8779.080026044327,
    "MSE": 77072246.10369045,
    "MAPE": 0.08589463101283705,
    "ACMAPE": 0.0878103398250976
}