{
    "R2": 0.854330709369548,
    "RMSE": 6.819294149533586,
    "MSE": 46.502772697862994,
    "MAPE": 0.061862327213642265,
    "ACMAPE": 0.9721031445330293
}