{
    "DOWN": {
        "precision": 0.8266666666666667,
        "recall": 0.22302158273381295,
        "f1-score": 0.35127478753541075,
        "support": 556
    },
    "UP": {
        "precision": 0.33640552995391704,
        "recall": 0.8938775510204081,
        "f1-score": 0.48883928571428575,
        "support": 245
    },
    "accuracy": 0.4282147315855181,
    "macro avg": {
        "precision": 0.5815360983102918,
        "recall": 0.5584495668771106,
        "f1-score": 0.4200570366248483,
        "support": 801
    },
    "weighted avg": {
        "precision": 0.6767116373350516,
        "recall": 0.4282147315855181,
        "f1-score": 0.39335131943781326,
        "support": 801
    }
}