{
    "DOWN": {
        "precision": 0.8055859802847755,
        "recall": 0.6246284501061571,
        "f1-score": 0.7036594116240134,
        "support": 2355
    },
    "UP": {
        "precision": 0.34952170713760117,
        "recall": 0.572289156626506,
        "f1-score": 0.4339881224303335,
        "support": 830
    },
    "accuracy": 0.610989010989011,
    "macro avg": {
        "precision": 0.5775538437111883,
        "recall": 0.5984588033663316,
        "f1-score": 0.5688237670271734,
        "support": 3185
    },
    "weighted avg": {
        "precision": 0.6867372058068618,
        "recall": 0.610989010989011,
        "f1-score": 0.6333840050209508,
        "support": 3185
    }
}