{
    "R2": 0.9884949071857392,
    "RMSE": 38.66562553641756,
    "MSE": 1495.0305981224653,
    "MAPE": 0.20081706571122365,
    "ACMAPE": 1.137280289498391
}