{
    "DOWN": {
        "precision": 0.7263157894736842,
        "recall": 0.75,
        "f1-score": 0.7379679144385027,
        "support": 92
    },
    "UP": {
        "precision": 0.28125,
        "recall": 0.2571428571428571,
        "f1-score": 0.26865671641791045,
        "support": 35
    },
    "accuracy": 0.6141732283464567,
    "macro avg": {
        "precision": 0.5037828947368421,
        "recall": 0.5035714285714286,
        "f1-score": 0.5033123154282066,
        "support": 127
    },
    "weighted avg": {
        "precision": 0.6036598632407791,
        "recall": 0.6141732283464567,
        "f1-score": 0.6086301827005444,
        "support": 127
    }
}