{
    "R2": 0.9525525814072899,
    "RMSE": 104.13780008613256,
    "MSE": 10844.681406779311,
    "MAPE": 0.040105492275646755,
    "ACMAPE": 0.9983984117712821
}