{
    "DOWN": {
        "precision": 0.7204502814258912,
        "recall": 0.43735763097949887,
        "f1-score": 0.5442948263642807,
        "support": 878
    },
    "UP": {
        "precision": 0.3931203931203931,
        "recall": 0.6823027718550106,
        "f1-score": 0.4988308651597817,
        "support": 469
    },
    "accuracy": 0.5226429101707498,
    "macro avg": {
        "precision": 0.5567853372731422,
        "recall": 0.5598302014172547,
        "f1-score": 0.5215628457620312,
        "support": 1347
    },
    "weighted avg": {
        "precision": 0.6064801866855211,
        "recall": 0.5226429101707498,
        "f1-score": 0.5284651323739986,
        "support": 1347
    }
}