{
    "DOWN": {
        "precision": 0.5948905109489051,
        "recall": 0.5780141843971631,
        "f1-score": 0.5863309352517986,
        "support": 282
    },
    "UP": {
        "precision": 0.3532608695652174,
        "recall": 0.3693181818181818,
        "f1-score": 0.3611111111111111,
        "support": 176
    },
    "accuracy": 0.4978165938864629,
    "macro avg": {
        "precision": 0.47407569025706126,
        "recall": 0.4736661831076725,
        "f1-score": 0.4737210231814548,
        "support": 458
    },
    "weighted avg": {
        "precision": 0.5020371989761343,
        "recall": 0.4978165938864629,
        "f1-score": 0.49978357925013706,
        "support": 458
    }
}