{
    "R2": 0.5507409347565901,
    "RMSE": 76.72929454041548,
    "MSE": 5887.384640669832,
    "MAPE": 0.05583153223689601,
    "ACMAPE": 1.0643061085080825
}