{
    "DOWN": {
        "precision": 0.7569832402234636,
        "recall": 0.40327380952380953,
        "f1-score": 0.5262135922330098,
        "support": 672
    },
    "UP": {
        "precision": 0.3050259965337955,
        "recall": 0.6692015209125475,
        "f1-score": 0.41904761904761906,
        "support": 263
    },
    "accuracy": 0.47807486631016044,
    "macro avg": {
        "precision": 0.5310046183786296,
        "recall": 0.5362376652181785,
        "f1-score": 0.47263060564031445,
        "support": 935
    },
    "weighted avg": {
        "precision": 0.6298551599128939,
        "recall": 0.47807486631016044,
        "f1-score": 0.496069580524178,
        "support": 935
    }
}