{
    "DOWN": {
        "precision": 0.6699346405228758,
        "recall": 0.38533834586466165,
        "f1-score": 0.48926014319809064,
        "support": 532
    },
    "UP": {
        "precision": 0.4273204903677758,
        "recall": 0.7072463768115942,
        "f1-score": 0.5327510917030567,
        "support": 345
    },
    "accuracy": 0.5119726339794755,
    "macro avg": {
        "precision": 0.5486275654453258,
        "recall": 0.5462923613381279,
        "f1-score": 0.5110056174505737,
        "support": 877
    },
    "weighted avg": {
        "precision": 0.5744934982155674,
        "recall": 0.5119726339794755,
        "f1-score": 0.5063688971709678,
        "support": 877
    }
}