{
    "R2": 0.8989270060448042,
    "RMSE": 947.9263283791815,
    "MSE": 898564.3240344359,
    "MAPE": 0.20063818173952233,
    "ACMAPE": 1.084784523202937
}