{
    "DOWN": {
        "precision": 0.6758893280632411,
        "recall": 0.22529644268774704,
        "f1-score": 0.33794466403162055,
        "support": 759
    },
    "UP": {
        "precision": 0.3225806451612903,
        "recall": 0.7734806629834254,
        "f1-score": 0.4552845528455285,
        "support": 362
    },
    "accuracy": 0.4023193577163247,
    "macro avg": {
        "precision": 0.49923498661226573,
        "recall": 0.49938855283558625,
        "f1-score": 0.39661460843857455,
        "support": 1121
    },
    "weighted avg": {
        "precision": 0.5617967828263934,
        "recall": 0.4023193577163247,
        "f1-score": 0.37583676015172285,
        "support": 1121
    }
}