{
    "R2": 0.3168539311207209,
    "RMSE": 103.19515260007866,
    "MSE": 10649.239520153522,
    "MAPE": 0.1628947336578075,
    "ACMAPE": 0.8739134446765184
}