{
    "DOWN": {
        "precision": 0.7037037037037037,
        "recall": 0.6404494382022472,
        "f1-score": 0.6705882352941176,
        "support": 712
    },
    "UP": {
        "precision": 0.4260089686098655,
        "recall": 0.4973821989528796,
        "f1-score": 0.4589371980676329,
        "support": 382
    },
    "accuracy": 0.5904936014625228,
    "macro avg": {
        "precision": 0.5648563361567847,
        "recall": 0.5689158185775633,
        "f1-score": 0.5647627166808753,
        "support": 1094
    },
    "weighted avg": {
        "precision": 0.6067389972998224,
        "recall": 0.5904936014625228,
        "f1-score": 0.5966844910340471,
        "support": 1094
    }
}