{
    "R2": 0.8267621577773668,
    "RMSE": 763.0698475742226,
    "MSE": 582275.5922769473,
    "MAPE": 0.06517419493149534,
    "ACMAPE": 1.1184149356722362
}