{
    "DOWN": {
        "precision": 0.5873940677966102,
        "recall": 0.5701799485861182,
        "f1-score": 0.5786590138272893,
        "support": 1945
    },
    "UP": {
        "precision": 0.464445868033312,
        "recall": 0.4820478723404255,
        "f1-score": 0.4730831973898858,
        "support": 1504
    },
    "accuracy": 0.5317483328501015,
    "macro avg": {
        "precision": 0.5259199679149611,
        "recall": 0.5261139104632718,
        "f1-score": 0.5258711056085876,
        "support": 3449
    },
    "weighted avg": {
        "precision": 0.5337802398917101,
        "recall": 0.5317483328501015,
        "f1-score": 0.5326207337687637,
        "support": 3449
    }
}