{
    "DOWN": {
        "precision": 0.5625,
        "recall": 0.36363636363636365,
        "f1-score": 0.44171779141104295,
        "support": 99
    },
    "UP": {
        "precision": 0.46153846153846156,
        "recall": 0.6585365853658537,
        "f1-score": 0.542713567839196,
        "support": 82
    },
    "accuracy": 0.4972375690607735,
    "macro avg": {
        "precision": 0.5120192307692308,
        "recall": 0.5110864745011087,
        "f1-score": 0.4922156796251195,
        "support": 181
    },
    "weighted avg": {
        "precision": 0.5167605184870377,
        "recall": 0.4972375690607735,
        "f1-score": 0.4874727840470018,
        "support": 181
    }
}