{
    "R2": 0.8964184705988478,
    "RMSE": 51.38289139545872,
    "MSE": 2640.201528157506,
    "MAPE": 0.14627392265580985,
    "ACMAPE": 1.078916409702442
}