{
    "DOWN": {
        "precision": 0.7547974413646056,
        "recall": 0.09149651072628587,
        "f1-score": 0.1632088520055325,
        "support": 3869
    },
    "UP": {
        "precision": 0.11505538771399798,
        "recall": 0.798951048951049,
        "f1-score": 0.2011443661971831,
        "support": 572
    },
    "accuracy": 0.18261652780905202,
    "macro avg": {
        "precision": 0.4349264145393018,
        "recall": 0.4452237798386674,
        "f1-score": 0.1821766091013578,
        "support": 4441
    },
    "weighted avg": {
        "precision": 0.6723987800972901,
        "recall": 0.18261652780905202,
        "f1-score": 0.16809493939972844,
        "support": 4441
    }
}