{
    "R2": 0.9180286039071421,
    "RMSE": 245.06033512822873,
    "MSE": 60054.56785315978,
    "MAPE": 0.03201917255098866,
    "ACMAPE": 1.1887759293077453
}