{
    "DOWN": {
        "precision": 0.5348837209302325,
        "recall": 0.39316239316239315,
        "f1-score": 0.4532019704433497,
        "support": 117
    },
    "UP": {
        "precision": 0.45384615384615384,
        "recall": 0.5959595959595959,
        "f1-score": 0.5152838427947597,
        "support": 99
    },
    "accuracy": 0.4861111111111111,
    "macro avg": {
        "precision": 0.4943649373881932,
        "recall": 0.49456099456099456,
        "f1-score": 0.48424290661905467,
        "support": 216
    },
    "weighted avg": {
        "precision": 0.49774150268336315,
        "recall": 0.4861111111111111,
        "f1-score": 0.48165616193774596,
        "support": 216
    }
}