{
    "DOWN": {
        "precision": 0.6763848396501457,
        "recall": 0.44529750479846447,
        "f1-score": 0.537037037037037,
        "support": 521
    },
    "UP": {
        "precision": 0.42658730158730157,
        "recall": 0.6595092024539877,
        "f1-score": 0.5180722891566264,
        "support": 326
    },
    "accuracy": 0.5277449822904369,
    "macro avg": {
        "precision": 0.5514860706187237,
        "recall": 0.5524033536262261,
        "f1-score": 0.5275546630968317,
        "support": 847
    },
    "weighted avg": {
        "precision": 0.5802408049293817,
        "recall": 0.5277449822904369,
        "f1-score": 0.5297377361999486,
        "support": 847
    }
}