{
    "DOWN": {
        "precision": 0.7817412333736397,
        "recall": 0.3952919596453684,
        "f1-score": 0.5250761421319796,
        "support": 3271
    },
    "UP": {
        "precision": 0.310801393728223,
        "recall": 0.7118914604948124,
        "f1-score": 0.4326946398253698,
        "support": 1253
    },
    "accuracy": 0.48297966401414677,
    "macro avg": {
        "precision": 0.5462713135509314,
        "recall": 0.5535917100700904,
        "f1-score": 0.4788853909786747,
        "support": 4524
    },
    "weighted avg": {
        "precision": 0.6513063043118122,
        "recall": 0.48297966401414677,
        "f1-score": 0.4994894881995786,
        "support": 4524
    }
}