{
    "DOWN": {
        "precision": 0.7929736511919699,
        "recall": 0.38560097620500305,
        "f1-score": 0.5188834154351395,
        "support": 3278
    },
    "UP": {
        "precision": 0.3149659863945578,
        "recall": 0.7372611464968153,
        "f1-score": 0.4413727359389895,
        "support": 1256
    },
    "accuracy": 0.4830172033524482,
    "macro avg": {
        "precision": 0.5539698187932639,
        "recall": 0.5614310613509091,
        "f1-score": 0.4801280756870645,
        "support": 4534
    },
    "weighted avg": {
        "precision": 0.6605568829993035,
        "recall": 0.4830172033524482,
        "f1-score": 0.4974115553894482,
        "support": 4534
    }
}