{
    "DOWN": {
        "precision": 0.8074866310160428,
        "recall": 0.21517634485215534,
        "f1-score": 0.339803094233474,
        "support": 2807
    },
    "UP": {
        "precision": 0.16584627035213934,
        "recall": 0.7525773195876289,
        "f1-score": 0.2717964629227428,
        "support": 582
    },
    "accuracy": 0.30746532900560636,
    "macro avg": {
        "precision": 0.4866664506840911,
        "recall": 0.4838768322198921,
        "f1-score": 0.30579977857810836,
        "support": 3389
    },
    "weighted avg": {
        "precision": 0.6972964008872756,
        "recall": 0.30746532900560636,
        "f1-score": 0.32812417436836755,
        "support": 3389
    }
}