{
    "R2": 0.9803364480573531,
    "RMSE": 47.34159867747284,
    "MSE": 2241.226965338898,
    "MAPE": 0.23935799925321663,
    "ACMAPE": 1.4178173085987855
}