{
    "R2": 0.9916886156656725,
    "RMSE": 30.777259230447576,
    "MSE": 947.2396857381706,
    "MAPE": 0.06893955815846413,
    "ACMAPE": 1.1053163348387822
}