{
    "R2": 0.627785352972343,
    "RMSE": 95.09928336567836,
    "MSE": 9043.873696665589,
    "MAPE": 0.10660187109696838,
    "ACMAPE": 0.9128948897793675
}