{
    "DOWN": {
        "precision": 0.5902777777777778,
        "recall": 0.7589285714285714,
        "f1-score": 0.6640625,
        "support": 112
    },
    "UP": {
        "precision": 0.49056603773584906,
        "recall": 0.3058823529411765,
        "f1-score": 0.37681159420289856,
        "support": 85
    },
    "accuracy": 0.5634517766497462,
    "macro avg": {
        "precision": 0.5404219077568134,
        "recall": 0.532405462184874,
        "f1-score": 0.5204370471014492,
        "support": 197
    },
    "weighted avg": {
        "precision": 0.5472549457799913,
        "recall": 0.5634517766497462,
        "f1-score": 0.5401217538438903,
        "support": 197
    }
}