{
    "DOWN": {
        "precision": 0.6043956043956044,
        "recall": 0.514018691588785,
        "f1-score": 0.5555555555555555,
        "support": 107
    },
    "UP": {
        "precision": 0.4583333333333333,
        "recall": 0.55,
        "f1-score": 0.5,
        "support": 80
    },
    "accuracy": 0.5294117647058824,
    "macro avg": {
        "precision": 0.5313644688644689,
        "recall": 0.5320093457943925,
        "f1-score": 0.5277777777777777,
        "support": 187
    },
    "weighted avg": {
        "precision": 0.541909071320836,
        "recall": 0.5294117647058824,
        "f1-score": 0.5317884729649435,
        "support": 187
    }
}