{
    "R2": 0.05253278674320816,
    "RMSE": 1946.4127658180794,
    "MSE": 3788522.654939586,
    "MAPE": 0.20240547453900548,
    "ACMAPE": 0.7582794000404381
}