{
    "DOWN": {
        "precision": 0.6187050359712231,
        "recall": 0.09772727272727273,
        "f1-score": 0.16879293424926398,
        "support": 880
    },
    "UP": {
        "precision": 0.11284916201117319,
        "recall": 0.6558441558441559,
        "f1-score": 0.19256434699714015,
        "support": 154
    },
    "accuracy": 0.18085106382978725,
    "macro avg": {
        "precision": 0.36577709899119815,
        "recall": 0.37678571428571433,
        "f1-score": 0.18067864062320205,
        "support": 1034
    },
    "weighted avg": {
        "precision": 0.5433647994239816,
        "recall": 0.18085106382978725,
        "f1-score": 0.17233335742447956,
        "support": 1034
    }
}