{
    "DOWN": {
        "precision": 0.827354260089686,
        "recall": 0.5234042553191489,
        "f1-score": 0.6411815812337097,
        "support": 705
    },
    "UP": {
        "precision": 0.21311475409836064,
        "recall": 0.5416666666666666,
        "f1-score": 0.30588235294117644,
        "support": 168
    },
    "accuracy": 0.5269186712485682,
    "macro avg": {
        "precision": 0.5202345070940233,
        "recall": 0.5325354609929078,
        "f1-score": 0.47353196708744305,
        "support": 873
    },
    "weighted avg": {
        "precision": 0.7091500939882627,
        "recall": 0.5269186712485682,
        "f1-score": 0.5766566438303357,
        "support": 873
    }
}