{
    "DOWN": {
        "precision": 0.8769513314967861,
        "recall": 0.6448345712356516,
        "f1-score": 0.7431906614785992,
        "support": 1481
    },
    "UP": {
        "precision": 0.27548209366391185,
        "recall": 0.5988023952095808,
        "f1-score": 0.37735849056603776,
        "support": 334
    },
    "accuracy": 0.6363636363636364,
    "macro avg": {
        "precision": 0.576216712580349,
        "recall": 0.6218184832226161,
        "f1-score": 0.5602745760223184,
        "support": 1815
    },
    "weighted avg": {
        "precision": 0.7662677362151441,
        "recall": 0.6363636363636364,
        "f1-score": 0.675869479613698,
        "support": 1815
    }
}