{
    "DOWN": {
        "precision": 0.7457627118644068,
        "recall": 0.6666666666666666,
        "f1-score": 0.704,
        "support": 66
    },
    "UP": {
        "precision": 0.3888888888888889,
        "recall": 0.4827586206896552,
        "f1-score": 0.43076923076923074,
        "support": 29
    },
    "accuracy": 0.6105263157894737,
    "macro avg": {
        "precision": 0.5673258003766478,
        "recall": 0.5747126436781609,
        "f1-score": 0.5673846153846154,
        "support": 95
    },
    "weighted avg": {
        "precision": 0.636822281692933,
        "recall": 0.6105263157894737,
        "f1-score": 0.6205927125506072,
        "support": 95
    }
}