{
    "R2": 0.46596007686861396,
    "RMSE": 15.808485081558695,
    "MSE": 249.9082005738638,
    "MAPE": 0.018469871300948515,
    "ACMAPE": 1.0289961870904223
}