{
    "DOWN": {
        "precision": 1.0,
        "recall": 0.002320185614849188,
        "f1-score": 0.004629629629629629,
        "support": 431
    },
    "UP": {
        "precision": 0.002320185614849188,
        "recall": 1.0,
        "f1-score": 0.004629629629629629,
        "support": 1
    },
    "accuracy": 0.004629629629629629,
    "macro avg": {
        "precision": 0.5011600928074246,
        "recall": 0.5011600928074246,
        "f1-score": 0.004629629629629629,
        "support": 432
    },
    "weighted avg": {
        "precision": 0.9976905559852196,
        "recall": 0.004629629629629629,
        "f1-score": 0.004629629629629629,
        "support": 432
    }
}