{
    "DOWN": {
        "precision": 0.6574675324675324,
        "recall": 0.5510204081632653,
        "f1-score": 0.5995558845299778,
        "support": 1470
    },
    "UP": {
        "precision": 0.4585726004922067,
        "recall": 0.5698267074413863,
        "f1-score": 0.5081818181818181,
        "support": 981
    },
    "accuracy": 0.558547531619747,
    "macro avg": {
        "precision": 0.5580200664798696,
        "recall": 0.5604235578023258,
        "f1-score": 0.5538688513558979,
        "support": 2451
    },
    "weighted avg": {
        "precision": 0.5778608705875672,
        "recall": 0.558547531619747,
        "f1-score": 0.5629838897982173,
        "support": 2451
    }
}