{
    "R2": -1.2293303887513338,
    "RMSE": 800.7156684345504,
    "MSE": 641145.5816765887,
    "MAPE": 0.25654710059768565,
    "ACMAPE": 1.1183357184838645
}