{
    "DOWN": {
        "precision": 0.6884841000308737,
        "recall": 0.7718933887158186,
        "f1-score": 0.7278067885117493,
        "support": 2889
    },
    "UP": {
        "precision": 0.34881422924901184,
        "recall": 0.2591776798825257,
        "f1-score": 0.29738837405223256,
        "support": 1362
    },
    "accuracy": 0.607621736062103,
    "macro avg": {
        "precision": 0.5186491646399427,
        "recall": 0.5155355342991721,
        "f1-score": 0.512597581281991,
        "support": 4251
    },
    "weighted avg": {
        "precision": 0.579655503464208,
        "recall": 0.607621736062103,
        "f1-score": 0.5899027940413043,
        "support": 4251
    }
}