{
    "DOWN": {
        "precision": 0.647887323943662,
        "recall": 0.46464646464646464,
        "f1-score": 0.5411764705882354,
        "support": 99
    },
    "UP": {
        "precision": 0.42391304347826086,
        "recall": 0.609375,
        "f1-score": 0.5,
        "support": 64
    },
    "accuracy": 0.5214723926380368,
    "macro avg": {
        "precision": 0.5359001837109614,
        "recall": 0.5370107323232323,
        "f1-score": 0.5205882352941177,
        "support": 163
    },
    "weighted avg": {
        "precision": 0.5599465021658359,
        "recall": 0.5214723926380368,
        "f1-score": 0.5250090220137136,
        "support": 163
    }
}