{
    "R2": 0.7995203669850822,
    "RMSE": 1230.4967836246356,
    "MSE": 1514122.3345105732,
    "MAPE": 1.0102432385140578,
    "ACMAPE": 2.1982131633260877
}