{
    "DOWN": {
        "precision": 0.6623376623376623,
        "recall": 0.4646924829157175,
        "f1-score": 0.5461847389558232,
        "support": 439
    },
    "UP": {
        "precision": 0.37994722955145116,
        "recall": 0.5806451612903226,
        "f1-score": 0.4593301435406699,
        "support": 248
    },
    "accuracy": 0.5065502183406113,
    "macro avg": {
        "precision": 0.5211424459445567,
        "recall": 0.52266882210302,
        "f1-score": 0.5027574412482465,
        "support": 687
    },
    "weighted avg": {
        "precision": 0.5603975934424944,
        "recall": 0.5065502183406113,
        "f1-score": 0.5148311149922744,
        "support": 687
    }
}