{
    "DOWN": {
        "precision": 0.9094908862350722,
        "recall": 0.5647931303669008,
        "f1-score": 0.6968456537442812,
        "support": 2562
    },
    "UP": {
        "precision": 0.16165413533834586,
        "recall": 0.5988857938718662,
        "f1-score": 0.2545885139135583,
        "support": 359
    },
    "accuracy": 0.5689832249229716,
    "macro avg": {
        "precision": 0.5355725107867091,
        "recall": 0.5818394621193835,
        "f1-score": 0.47571708382891975,
        "support": 2921
    },
    "weighted avg": {
        "precision": 0.817579419760603,
        "recall": 0.5689832249229716,
        "f1-score": 0.6424908734638192,
        "support": 2921
    }
}