{
    "R2": 0.9844576882136946,
    "RMSE": 137.38530376936052,
    "MSE": 18874.721691799466,
    "MAPE": 236382883524774.3,
    "ACMAPE": 236382883524775.72
}