{
    "DOWN": {
        "precision": 0.761372110365399,
        "recall": 0.64702154626109,
        "f1-score": 0.6995546420006852,
        "support": 1578
    },
    "UP": {
        "precision": 0.4191866527632951,
        "recall": 0.556786703601108,
        "f1-score": 0.4782867340868531,
        "support": 722
    },
    "accuracy": 0.6186956521739131,
    "macro avg": {
        "precision": 0.590279381564347,
        "recall": 0.601904124931099,
        "f1-score": 0.5889206880437692,
        "support": 2300
    },
    "weighted avg": {
        "precision": 0.6539556319355212,
        "recall": 0.6186956521739131,
        "f1-score": 0.6300957596033866,
        "support": 2300
    }
}