{
    "R2": 0.7248277557737894,
    "RMSE": 216.74080760352837,
    "MSE": 46976.5776806297,
    "MAPE": 0.0961071562733373,
    "ACMAPE": 1.107016247182428
}