{
    "DOWN": {
        "precision": 0.5864332603938731,
        "recall": 0.4079147640791476,
        "f1-score": 0.48114901256732495,
        "support": 657
    },
    "UP": {
        "precision": 0.39502332814930013,
        "recall": 0.5733634311512416,
        "f1-score": 0.46777163904235725,
        "support": 443
    },
    "accuracy": 0.47454545454545455,
    "macro avg": {
        "precision": 0.4907282942715866,
        "recall": 0.4906390976151946,
        "f1-score": 0.4744603258048411,
        "support": 1100
    },
    "weighted avg": {
        "precision": 0.5093472604081042,
        "recall": 0.47454545454545455,
        "f1-score": 0.4757615794113607,
        "support": 1100
    }
}