{
    "R2": 0.9866607936899999,
    "RMSE": 54.74332528973656,
    "MSE": 2996.8316637779103,
    "MAPE": 0.2324057911250665,
    "ACMAPE": 1.2695102755320777
}