{
    "DOWN": {
        "precision": 0.8001573564122738,
        "recall": 0.2924935289042278,
        "f1-score": 0.428390901432182,
        "support": 3477
    },
    "UP": {
        "precision": 0.2506853487663722,
        "recall": 0.7641597028783659,
        "f1-score": 0.37752293577981655,
        "support": 1077
    },
    "accuracy": 0.40404040404040403,
    "macro avg": {
        "precision": 0.525421352589323,
        "recall": 0.5283266158912968,
        "f1-score": 0.40295691860599925,
        "support": 4554
    },
    "weighted avg": {
        "precision": 0.6702097604011548,
        "recall": 0.40404040404040403,
        "f1-score": 0.41636086212440915,
        "support": 4554
    }
}