{
    "R2": 0.7510133556851322,
    "RMSE": 8.792800668103538,
    "MSE": 77.31334358900205,
    "MAPE": 0.0898172206770265,
    "ACMAPE": 1.4190641558784276
}