{
    "R2": 0.9733765619773408,
    "RMSE": 356.21906474301863,
    "MSE": 126892.02208639092,
    "MAPE": 0.25967565480635635,
    "ACMAPE": 1.4218196332768653
}