{
    "R2": 0.21428141930346722,
    "RMSE": 2170.6203259622444,
    "MSE": 4711592.599480439,
    "MAPE": 0.22048364994491051,
    "ACMAPE": 1.2921682377585306
}