{
    "DOWN": {
        "precision": 0.6007194244604317,
        "recall": 0.48735408560311283,
        "f1-score": 0.5381310418904404,
        "support": 2056
    },
    "UP": {
        "precision": 0.4679454820797577,
        "recall": 0.5819209039548022,
        "f1-score": 0.5187465025181869,
        "support": 1593
    },
    "accuracy": 0.5286379830090435,
    "macro avg": {
        "precision": 0.5343324532700947,
        "recall": 0.5346374947789575,
        "f1-score": 0.5284387722043136,
        "support": 3649
    },
    "weighted avg": {
        "precision": 0.5427559028894771,
        "recall": 0.5286379830090435,
        "f1-score": 0.529668566905513,
        "support": 3649
    }
}