{
    "DOWN": {
        "precision": 0.7230769230769231,
        "recall": 0.6362098138747885,
        "f1-score": 0.6768676867686768,
        "support": 2364
    },
    "UP": {
        "precision": 0.37590711175616837,
        "recall": 0.473491773308958,
        "f1-score": 0.4190938511326861,
        "support": 1094
    },
    "accuracy": 0.584731058415269,
    "macro avg": {
        "precision": 0.5494920174165457,
        "recall": 0.5548507935918732,
        "f1-score": 0.5479807689506815,
        "support": 3458
    },
    "weighted avg": {
        "precision": 0.6132435588244922,
        "recall": 0.584731058415269,
        "f1-score": 0.5953163344882333,
        "support": 3458
    }
}