{
    "R2": -0.1500776206826877,
    "RMSE": 1049.9107293103843,
    "MSE": 1102312.5395210632,
    "MAPE": 0.3469937599698139,
    "ACMAPE": 1.3031138523485668
}