{
    "DOWN": {
        "precision": 0.7585266030013642,
        "recall": 0.7296587926509186,
        "f1-score": 0.7438127090301002,
        "support": 762
    },
    "UP": {
        "precision": 0.4535809018567639,
        "recall": 0.49137931034482757,
        "f1-score": 0.4717241379310345,
        "support": 348
    },
    "accuracy": 0.6549549549549549,
    "macro avg": {
        "precision": 0.6060537524290641,
        "recall": 0.6105190514978731,
        "f1-score": 0.6077684234805674,
        "support": 1110
    },
    "weighted avg": {
        "precision": 0.6629220048046787,
        "recall": 0.6549549549549549,
        "f1-score": 0.6585092651179608,
        "support": 1110
    }
}