{
    "R2": 0.8079750835296953,
    "RMSE": 197.07609348308293,
    "MSE": 38838.98662255284,
    "MAPE": 0.3231229783253931,
    "ACMAPE": 1.513133836088694
}