{
    "R2": 0.2018203338565201,
    "RMSE": 28.066275784130074,
    "MSE": 787.7158363908461,
    "MAPE": 0.07564353476695612,
    "ACMAPE": 0.9188999138678067
}