{
    "R2": 0.29036574541066673,
    "RMSE": 30.828550442559138,
    "MSE": 950.3995223894132,
    "MAPE": 0.09628608107968727,
    "ACMAPE": 1.2976062130928885
}