{
    "R2": -0.74743181112858,
    "RMSE": 538.960292985796,
    "MSE": 290478.19741533505,
    "MAPE": 0.20428870534413301,
    "ACMAPE": 1.1779472419294987
}