{
    "R2": -0.7933165873468362,
    "RMSE": 545.9905605718998,
    "MSE": 298105.6922336174,
    "MAPE": 0.20640121538421494,
    "ACMAPE": 1.1722548739208003
}