{
    "DOWN": {
        "precision": 0.6211031175059952,
        "recall": 0.7920489296636085,
        "f1-score": 0.696236559139785,
        "support": 327
    },
    "UP": {
        "precision": 0.18072289156626506,
        "recall": 0.08670520231213873,
        "f1-score": 0.11718750000000001,
        "support": 173
    },
    "accuracy": 0.548,
    "macro avg": {
        "precision": 0.40091300453613016,
        "recall": 0.4393770659878736,
        "f1-score": 0.4067120295698925,
        "support": 500
    },
    "weighted avg": {
        "precision": 0.4687315593308486,
        "recall": 0.548,
        "f1-score": 0.4958855846774194,
        "support": 500
    }
}