{
    "R2": 0.9219741309327723,
    "RMSE": 24.577670813836068,
    "MSE": 604.0619026332894,
    "MAPE": 0.04948499433149552,
    "ACMAPE": 1.0824912387561163
}