{
    "R2": 0.9615718133040888,
    "RMSE": 20.58251993231006,
    "MSE": 423.6401267639409,
    "MAPE": 0.05661749092362168,
    "ACMAPE": 0.797481278299037
}