{
    "DOWN": {
        "precision": 0.7585227272727273,
        "recall": 0.5926748057713651,
        "f1-score": 0.6654205607476635,
        "support": 901
    },
    "UP": {
        "precision": 0.11990407673860912,
        "recall": 0.22727272727272727,
        "f1-score": 0.15698587127158556,
        "support": 220
    },
    "accuracy": 0.5209634255129348,
    "macro avg": {
        "precision": 0.4392134020056682,
        "recall": 0.4099737665220462,
        "f1-score": 0.41120321600962456,
        "support": 1121
    },
    "weighted avg": {
        "precision": 0.6331916807807505,
        "recall": 0.5209634255129348,
        "f1-score": 0.5656385521082905,
        "support": 1121
    }
}