{
    "R2": 0.9883368209216793,
    "RMSE": 11.178304202603606,
    "MSE": 124.95448484594544,
    "MAPE": 0.03997825203112595,
    "ACMAPE": 1.0636601108336283
}