{
    "R2": 0.8534594387579725,
    "RMSE": 30.694507381190792,
    "MSE": 942.1527833739761,
    "MAPE": 0.09690308748219555,
    "ACMAPE": 1.230095476488538
}