{
    "DOWN": {
        "precision": 0.7142857142857143,
        "recall": 0.3873239436619718,
        "f1-score": 0.502283105022831,
        "support": 142
    },
    "UP": {
        "precision": 0.4662576687116564,
        "recall": 0.7755102040816326,
        "f1-score": 0.582375478927203,
        "support": 98
    },
    "accuracy": 0.5458333333333333,
    "macro avg": {
        "precision": 0.5902716914986854,
        "recall": 0.5814170738718022,
        "f1-score": 0.542329291975017,
        "support": 240
    },
    "weighted avg": {
        "precision": 0.6130075956763074,
        "recall": 0.5458333333333333,
        "f1-score": 0.534987491033783,
        "support": 240
    }
}