{
    "R2": 0.12037915670426058,
    "RMSE": 49.905957691431055,
    "MSE": 2490.6046130989066,
    "MAPE": 0.03726376941609396,
    "ACMAPE": 1.2397954149857142
}