{
    "R2": 0.847314897973777,
    "RMSE": 59.18733316590208,
    "MSE": 3503.140407291493,
    "MAPE": 0.027814800251166207,
    "ACMAPE": 0.9036109785951152
}