{
    "DOWN": {
        "precision": 0.5760869565217391,
        "recall": 0.8688524590163934,
        "f1-score": 0.6928104575163399,
        "support": 61
    },
    "UP": {
        "precision": 0.38461538461538464,
        "recall": 0.11363636363636363,
        "f1-score": 0.17543859649122806,
        "support": 44
    },
    "accuracy": 0.5523809523809524,
    "macro avg": {
        "precision": 0.4803511705685619,
        "recall": 0.4912444113263785,
        "f1-score": 0.43412452700378396,
        "support": 105
    },
    "weighted avg": {
        "precision": 0.49585125019907633,
        "recall": 0.5523809523809524,
        "f1-score": 0.4760070109915311,
        "support": 105
    }
}