{
    "DOWN": {
        "precision": 0.5813953488372093,
        "recall": 0.6072874493927125,
        "f1-score": 0.594059405940594,
        "support": 247
    },
    "UP": {
        "precision": 0.39751552795031053,
        "recall": 0.37209302325581395,
        "f1-score": 0.3843843843843843,
        "support": 172
    },
    "accuracy": 0.5107398568019093,
    "macro avg": {
        "precision": 0.48945543839375993,
        "recall": 0.48969023632426323,
        "f1-score": 0.48922189516248915,
        "support": 419
    },
    "weighted avg": {
        "precision": 0.5059124629361436,
        "recall": 0.5107398568019093,
        "f1-score": 0.5079875593829137,
        "support": 419
    }
}