{
    "DOWN": {
        "precision": 0.6081730769230769,
        "recall": 0.9133574007220217,
        "f1-score": 0.7301587301587302,
        "support": 554
    },
    "UP": {
        "precision": 0.38461538461538464,
        "recall": 0.08426966292134831,
        "f1-score": 0.1382488479262673,
        "support": 356
    },
    "accuracy": 0.589010989010989,
    "macro avg": {
        "precision": 0.4963942307692307,
        "recall": 0.498813531821685,
        "f1-score": 0.4342037890424988,
        "support": 910
    },
    "weighted avg": {
        "precision": 0.5207153423499578,
        "recall": 0.589010989010989,
        "f1-score": 0.49859838062603046,
        "support": 910
    }
}