{
    "DOWN": {
        "precision": 0.7440476190476191,
        "recall": 0.7656967840735069,
        "f1-score": 0.7547169811320755,
        "support": 653
    },
    "UP": {
        "precision": 0.07272727272727272,
        "recall": 0.06521739130434782,
        "f1-score": 0.06876790830945559,
        "support": 184
    },
    "accuracy": 0.6117084826762246,
    "macro avg": {
        "precision": 0.4083874458874459,
        "recall": 0.41545708768892736,
        "f1-score": 0.41174244472076554,
        "support": 837
    },
    "weighted avg": {
        "precision": 0.5964694306092155,
        "recall": 0.6117084826762246,
        "f1-score": 0.6039229197230408,
        "support": 837
    }
}