{
    "DOWN": {
        "precision": 0.75,
        "recall": 0.45454545454545453,
        "f1-score": 0.5660377358490566,
        "support": 66
    },
    "UP": {
        "precision": 0.4857142857142857,
        "recall": 0.7727272727272727,
        "f1-score": 0.5964912280701754,
        "support": 44
    },
    "accuracy": 0.5818181818181818,
    "macro avg": {
        "precision": 0.6178571428571429,
        "recall": 0.6136363636363636,
        "f1-score": 0.581264481959616,
        "support": 110
    },
    "weighted avg": {
        "precision": 0.6442857142857142,
        "recall": 0.5818181818181818,
        "f1-score": 0.5782191327375041,
        "support": 110
    }
}