{
    "DOWN": {
        "precision": 0.6957983193277311,
        "recall": 0.5594594594594594,
        "f1-score": 0.6202247191011235,
        "support": 740
    },
    "UP": {
        "precision": 0.32224532224532226,
        "recall": 0.46130952380952384,
        "f1-score": 0.37943696450428405,
        "support": 336
    },
    "accuracy": 0.5288104089219331,
    "macro avg": {
        "precision": 0.5090218207865267,
        "recall": 0.5103844916344916,
        "f1-score": 0.49983084180270376,
        "support": 1076
    },
    "weighted avg": {
        "precision": 0.5791497997927038,
        "recall": 0.5288104089219331,
        "f1-score": 0.54503449089988,
        "support": 1076
    }
}