{
    "DOWN": {
        "precision": 0.720294882914137,
        "recall": 0.7536297640653358,
        "f1-score": 0.7365853658536584,
        "support": 2204
    },
    "UP": {
        "precision": 0.3002577319587629,
        "recall": 0.265375854214123,
        "f1-score": 0.2817412333736397,
        "support": 878
    },
    "accuracy": 0.6145360155743024,
    "macro avg": {
        "precision": 0.5102763074364499,
        "recall": 0.5095028091397293,
        "f1-score": 0.509163299613649,
        "support": 3082
    },
    "weighted avg": {
        "precision": 0.600634721155922,
        "recall": 0.6145360155743024,
        "f1-score": 0.6070093930056842,
        "support": 3082
    }
}