{
    "R2": 0.24424336303136862,
    "RMSE": 46.65386417829285,
    "MSE": 2176.5830427665965,
    "MAPE": 0.4755177373666448,
    "ACMAPE": 1.6573359191848265
}