{
    "R2": 0.4110345282611285,
    "RMSE": 2.3784754872014897,
    "MSE": 5.657145643218365,
    "MAPE": 0.012556507301099945,
    "ACMAPE": 0.6792231739677667
}