{
    "DOWN": {
        "precision": 0.625,
        "recall": 0.48742138364779874,
        "f1-score": 0.5477031802120141,
        "support": 318
    },
    "UP": {
        "precision": 0.3730769230769231,
        "recall": 0.5105263157894737,
        "f1-score": 0.4311111111111111,
        "support": 190
    },
    "accuracy": 0.49606299212598426,
    "macro avg": {
        "precision": 0.49903846153846154,
        "recall": 0.49897384971863623,
        "f1-score": 0.4894071456615626,
        "support": 508
    },
    "weighted avg": {
        "precision": 0.5307768019382192,
        "recall": 0.49606299212598426,
        "f1-score": 0.5040959102727,
        "support": 508
    }
}