{
    "R2": 0.4879622819889151,
    "RMSE": 54.90240829937479,
    "MSE": 3014.274437071258,
    "MAPE": 0.2385258476487976,
    "ACMAPE": 1.3204930607635517
}