{
    "R2": 0.9736533661404042,
    "RMSE": 35.74483758272315,
    "MSE": 1277.6934138152571,
    "MAPE": 0.1002160396883207,
    "ACMAPE": 1.1175570801507484
}