{
    "DOWN": {
        "precision": 0.6952380952380952,
        "recall": 0.4591194968553459,
        "f1-score": 0.5530303030303031,
        "support": 159
    },
    "UP": {
        "precision": 0.4189189189189189,
        "recall": 0.6595744680851063,
        "f1-score": 0.5123966942148761,
        "support": 94
    },
    "accuracy": 0.5335968379446641,
    "macro avg": {
        "precision": 0.557078507078507,
        "recall": 0.5593469824702262,
        "f1-score": 0.5327134986225897,
        "support": 253
    },
    "weighted avg": {
        "precision": 0.5925740534436187,
        "recall": 0.5335968379446641,
        "f1-score": 0.5379332309803025,
        "support": 253
    }
}