{
    "R2": -0.20711293751067306,
    "RMSE": 19.35131745290212,
    "MSE": 374.4734871629942,
    "MAPE": 0.20578488604107142,
    "ACMAPE": 1.126419806675992
}