{
    "R2": 0.9252877913931162,
    "RMSE": 27.3122408877562,
    "MSE": 745.9585023108216,
    "MAPE": 0.08413088086658341,
    "ACMAPE": 0.9639459810206666
}