{
    "R2": 0.9749007723340963,
    "RMSE": 39.4688136220346,
    "MSE": 1557.7872487309044,
    "MAPE": 0.049512280641745766,
    "ACMAPE": 1.0760509593543377
}