{
    "DOWN": {
        "precision": 0.6775244299674267,
        "recall": 0.7172413793103448,
        "f1-score": 0.6968174204355109,
        "support": 290
    },
    "UP": {
        "precision": 0.40145985401459855,
        "recall": 0.35714285714285715,
        "f1-score": 0.3780068728522337,
        "support": 154
    },
    "accuracy": 0.5923423423423423,
    "macro avg": {
        "precision": 0.5394921419910126,
        "recall": 0.537192118226601,
        "f1-score": 0.5374121466438723,
        "support": 444
    },
    "weighted avg": {
        "precision": 0.5817723022720763,
        "recall": 0.5923423423423423,
        "f1-score": 0.5862389872647346,
        "support": 444
    }
}