{
    "DOWN": {
        "precision": 0.6569767441860465,
        "recall": 0.3896551724137931,
        "f1-score": 0.4891774891774891,
        "support": 290
    },
    "UP": {
        "precision": 0.3492647058823529,
        "recall": 0.6168831168831169,
        "f1-score": 0.4460093896713615,
        "support": 154
    },
    "accuracy": 0.46846846846846846,
    "macro avg": {
        "precision": 0.5031207250341997,
        "recall": 0.503269144648455,
        "f1-score": 0.46759343942442533,
        "support": 444
    },
    "weighted avg": {
        "precision": 0.5502477939635942,
        "recall": 0.46846846846846846,
        "f1-score": 0.4742047699794178,
        "support": 444
    }
}