{
    "DOWN": {
        "precision": 0.8047016274864376,
        "recall": 0.6856702619414484,
        "f1-score": 0.7404326123128119,
        "support": 649
    },
    "UP": {
        "precision": 0.34824281150159747,
        "recall": 0.5023041474654378,
        "f1-score": 0.41132075471698115,
        "support": 217
    },
    "accuracy": 0.6397228637413395,
    "macro avg": {
        "precision": 0.5764722194940175,
        "recall": 0.5939872047034431,
        "f1-score": 0.5758766835148965,
        "support": 866
    },
    "weighted avg": {
        "precision": 0.6903233791391972,
        "recall": 0.6397228637413395,
        "f1-score": 0.6579646295203231,
        "support": 866
    }
}