{
    "DOWN": {
        "precision": 0.7199453551912568,
        "recall": 0.8432,
        "f1-score": 0.7767133382461311,
        "support": 625
    },
    "UP": {
        "precision": 0.2898550724637681,
        "recall": 0.16326530612244897,
        "f1-score": 0.20887728459530025,
        "support": 245
    },
    "accuracy": 0.6517241379310345,
    "macro avg": {
        "precision": 0.5049002138275125,
        "recall": 0.5032326530612244,
        "f1-score": 0.49279531142071564,
        "support": 870
    },
    "weighted avg": {
        "precision": 0.5988279767220215,
        "recall": 0.6517241379310345,
        "f1-score": 0.616805484057104,
        "support": 870
    }
}