{
    "DOWN": {
        "precision": 0.7341977309562399,
        "recall": 0.7294685990338164,
        "f1-score": 0.7318255250403878,
        "support": 621
    },
    "UP": {
        "precision": 0.1111111111111111,
        "recall": 0.11351351351351352,
        "f1-score": 0.1122994652406417,
        "support": 185
    },
    "accuracy": 0.5880893300248139,
    "macro avg": {
        "precision": 0.42265442103367545,
        "recall": 0.421491056273665,
        "f1-score": 0.42206249514051475,
        "support": 806
    },
    "weighted avg": {
        "precision": 0.5911815713143679,
        "recall": 0.5880893300248139,
        "f1-score": 0.5896266155330019,
        "support": 806
    }
}