{
    "R2": 0.9409304770522934,
    "RMSE": 34.16304999662619,
    "MSE": 1167.1139850719808,
    "MAPE": 0.14137012203748295,
    "ACMAPE": 1.0327350245444469
}