{
    "DOWN": {
        "precision": 0.6225319396051103,
        "recall": 0.8035982008995503,
        "f1-score": 0.7015706806282723,
        "support": 667
    },
    "UP": {
        "precision": 0.3791469194312796,
        "recall": 0.19753086419753085,
        "f1-score": 0.2597402597402597,
        "support": 405
    },
    "accuracy": 0.5746268656716418,
    "macro avg": {
        "precision": 0.5008394295181949,
        "recall": 0.5005645325485406,
        "f1-score": 0.480655470184266,
        "support": 1072
    },
    "weighted avg": {
        "precision": 0.5305814422446612,
        "recall": 0.5746268656716418,
        "f1-score": 0.5346478070651706,
        "support": 1072
    }
}