{
    "DOWN": {
        "precision": 0.6305732484076433,
        "recall": 0.5857988165680473,
        "f1-score": 0.607361963190184,
        "support": 676
    },
    "UP": {
        "precision": 0.3832599118942731,
        "recall": 0.42857142857142855,
        "f1-score": 0.4046511627906977,
        "support": 406
    },
    "accuracy": 0.5268022181146026,
    "macro avg": {
        "precision": 0.5069165801509582,
        "recall": 0.5071851225697379,
        "f1-score": 0.5060065629904409,
        "support": 1082
    },
    "weighted avg": {
        "precision": 0.5377736045773029,
        "recall": 0.5268022181146026,
        "f1-score": 0.5312985759792861,
        "support": 1082
    }
}