{
    "R2": 0.9274172780295735,
    "RMSE": 31.110725090630666,
    "MSE": 967.8772156647964,
    "MAPE": 0.034652874914626916,
    "ACMAPE": 1.251220922251905
}