,y_actual,y_predict
0,64.0,66.85128671097965
1,65.0,65.95525148423393
2,64.0,64.86324775871934
3,64.0,64.38661102772683
4,64.0,63.92937374937031
5,63.0,63.772894648238264
6,64.0,63.458176386905905
7,64.0,63.14963275902615
8,64.0,63.17399102138302
9,65.0,63.518295985096984
10,64.0,63.854915987678496
11,63.0,64.15651986880802
12,65.0,64.090365924518
13,64.0,63.776100363511276
14,66.0,64.08875411236956
15,67.0,64.47154059365465
16,66.0,64.71009177646124
17,67.0,65.56917073750222
18,68.0,66.22728259222264
19,72.0,65.99985987786069
20,73.0,67.00905028710159
21,71.0,67.7903145394206
22,70.0,69.53064681789287
23,72.0,69.68553997546651
24,71.0,69.67807489734938
25,72.0,71.22820438779367
26,72.0,70.56482877247367
27,69.0,70.85988193064928
28,69.0,71.70381234485933
29,70.0,70.67984002630399
30,69.0,69.57885940257378
31,68.0,68.73540954717095
32,66.0,69.20918580907286
33,64.0,69.33250187525074
34,64.0,67.23011430304336
35,65.0,65.59896040882103
36,66.0,64.63116073858463
37,67.0,64.48619614485622
38,67.0,64.88811543331079
39,67.0,65.8095625699845
40,66.0,66.79873069053698
41,65.0,67.38505223317668
42,65.0,66.8741714586502
43,65.0,66.02266701976113
44,65.0,65.46169172062855
45,65.0,64.68256560677065
46,63.0,64.72013077928703
47,63.0,65.01340298453319
48,59.0,64.0742438232505
49,59.0,63.66621556776419
50,57.0,61.04499213212115
51,60.0,60.5423962710268
52,60.0,58.225879952371926
