,y_actual,y_predict
0,640.0,645.7765619107028
1,630.0,639.4200022896041
2,630.0,656.4651653425491
3,635.0,661.530566407467
4,650.0,647.5823919498544
5,640.0,651.7213512727158
6,630.0,680.6364523705039
7,625.0,681.2657433394519
8,620.0,664.8775395830752
9,620.0,646.799530863653
10,620.0,625.878862680482
11,625.0,646.0469764052605
12,620.0,657.0357597696914
13,605.0,659.7748114562279
14,595.0,657.7526408016003
15,630.0,637.4249211901907
16,630.0,613.3619698335185
17,660.0,642.7987402988238
18,680.0,685.9065359210039
19,675.0,676.6600378954525
20,670.0,729.6709450796136
21,670.0,728.5637083676438
22,665.0,697.1746934774995
23,670.0,687.1636596530975
24,665.0,681.278581563732
25,660.0,685.5432998622562
26,660.0,684.7380169827129
27,650.0,680.2228706289525
28,655.0,670.9228248810521
29,675.0,655.1604169096126
30,670.0,666.0518161793278
31,650.0,700.1380081966029
32,650.0,716.8929281626885
33,660.0,688.0404472326277
34,665.0,668.3356069945507
35,630.0,674.0944375341444
36,645.0,686.5593761620069
37,650.0,659.8535696026025
38,635.0,639.7416343838372
39,640.0,657.595395103742
40,640.0,659.1943403155585
41,640.0,655.445187966451
42,640.0,658.6129070597207
43,625.0,667.054295085798
44,625.0,671.066225140313
45,615.0,655.9785304969114
46,615.0,642.9104057905724
47,625.0,614.4366825428767
48,615.0,629.8671156820212
49,615.0,642.026191884585
50,605.0,652.603731146663
51,610.0,642.6908481025016
52,615.0,620.2925363839978
53,610.0,627.7579487698883
54,620.0,644.2961973934088
55,615.0,648.1938161394617
56,610.0,651.427906146311
57,605.0,650.898802935812
58,605.0,642.997146486236
59,575.0,625.3815844357924
60,575.0,637.8320011378297
61,570.0,597.6756140595422
62,570.0,577.7266521304978
63,595.0,573.3610094540987
