,y_actual,y_predict
0,177.0,181.66854599295235
1,180.0,186.1041976393408
2,179.0,186.24715546327317
3,191.0,185.83379270034152
4,190.0,187.35271325517485
5,188.0,189.99458699629693
6,185.0,193.02691951170394
7,185.0,194.72452627866863
8,185.0,192.35357924351072
9,178.0,189.14361353657424
10,182.0,190.0433658830663
11,184.0,186.66805380606752
12,188.0,185.65262888568293
13,187.0,186.712049828992
14,187.0,189.58708067226817
15,180.0,193.7548745511132
16,185.0,193.1724260882042
17,185.0,188.16686894052032
18,181.0,187.1448697563781
19,180.0,190.1298859136295
20,184.0,191.042595473083
21,182.0,188.24808117804977
22,181.0,188.2221161565423
23,188.0,189.17467290099344
24,183.0,189.14587452675545
25,183.0,191.07250378795544
26,186.0,192.04544264738965
27,184.0,189.91119124307502
28,184.0,189.60599551530152
29,183.0,189.3448147837967
30,184.0,190.63407723736475
31,185.0,189.168331060702
32,186.0,189.51345619129788
33,185.0,190.12651023947785
34,186.0,191.00011731769274
35,186.0,190.77827623422877
36,186.0,190.86102689374863
37,189.0,191.36595659679483
38,185.0,190.48626381843488
39,186.0,192.40967393557267
40,186.0,191.70426239127076
41,185.0,189.52093643224
42,187.0,191.13723451384234
43,182.0,191.00952967751698
44,183.0,191.160342465939
45,184.0,188.84919308718176
46,186.0,188.17486146175526
47,184.0,189.56423360365395
48,180.0,190.33613407040326
49,181.0,190.683164440977
50,180.0,188.1940197960389
51,184.0,186.35740324184286
52,182.0,186.02470881390752
53,182.0,187.49488842865986
54,182.0,189.47759973302567
55,183.0,189.71470329076874
56,183.0,189.59056069981278
57,183.0,188.80163165666383
58,180.0,188.30764799209626
59,181.0,188.67152511118798
60,170.0,188.37994908231016
61,173.0,186.83950010628297
62,165.0,180.21581711150765
63,175.0,179.59095057546492
64,165.0,174.0926809772734
65,177.0,175.18169717527596
66,174.0,174.7870105074634
67,172.0,175.2807222207644
68,170.0,183.06841039418143
