,y_actual,y_predict
0,107.0,80.8265941121467
1,114.0,131.9541618762933
2,114.0,130.14778320891293
3,115.0,104.68913965278671
4,114.0,119.88668001251844
5,119.0,135.65096393101283
6,117.0,132.52474000944682
7,115.0,162.31183915493
8,117.0,170.4935408979472
9,113.0,172.3626616994303
10,112.0,135.1568703058088
11,113.0,101.4421375315859
12,124.0,108.98188032129019
13,124.0,104.52855595649223
14,120.0,110.81975260959095
15,123.0,135.54736506039615
16,120.0,161.01614518320048
17,112.0,132.85360923184925
18,105.0,115.65972626090814
19,116.0,124.86007942275393
20,119.0,102.53335718139377
21,118.0,77.09566216661307
22,121.0,68.73313082813829
23,124.99999999999999,93.30259976635227
24,122.0,112.07401792675108
25,121.0,156.7323754579097
26,116.0,181.70214890707172
27,116.0,189.3310782323952
28,120.0,147.75261926031078
29,118.0,102.77542558349401
30,118.0,102.31334847571821
31,122.0,109.17588581937773
32,121.0,125.12145142093543
33,124.0,140.5532820972132
34,128.0,139.45852200230013
35,129.0,134.78894725047675
36,130.0,135.13190199755923
37,129.0,145.69506507665187
38,124.99999999999999,156.50316159496063
39,126.0,148.86154113564464
40,121.0,125.03796227851626
41,121.0,142.6095290396025
42,117.0,149.73214203385115
43,116.0,144.9274530031362
44,108.0,139.35017348840387
45,110.0,195.94642714564853
46,114.0,38.05113243734968
