,y_actual,y_predict
0,236.0,241.84102100923675
1,242.0,238.89092677874586
2,232.0,237.24026711493573
3,232.0,235.85728579416138
4,226.0,235.22037052296463
5,220.0,227.77151534729558
6,222.0,220.26416836902018
7,218.0,217.06896589941644
8,216.0,219.89634567293626
9,216.0,213.44666789163364
10,214.0,212.0481932353074
11,214.0,210.83836714564595
12,212.0,213.70866789405156
13,218.0,213.26646597134672
14,224.0,212.24412198728584
15,220.0,214.56026706129666
16,224.0,221.68019347208465
17,220.0,226.6081218513183
18,222.0,229.91230482045864
19,218.0,219.6389513563813
20,218.0,216.31415649002594
21,220.0,215.07795553292647
22,216.0,216.73506438050532
23,210.0,220.63486337351148
24,208.0,220.15502931642806
25,204.0,211.22490012191267
26,202.0,207.14052752871314
27,206.0,200.79043992948974
28,216.0,198.05132424582732
29,212.0,202.96095274748163
30,210.0,213.88752491735968
31,212.0,218.32065713316646
32,212.0,213.43591177470458
33,216.0,213.24131772336696
34,214.0,211.989686648011
35,212.0,213.79742191794864
36,214.0,216.26128439909414
37,214.0,213.1052394360299
38,218.0,214.0934929837076
39,216.0,216.42650738907997
40,216.0,219.25995857204657
41,214.0,218.42762028723487
42,216.0,219.89453276404444
43,220.0,216.41309971446069
44,220.0,216.66796075084594
45,220.0,218.75456892328134
46,218.0,224.52271512613183
47,220.0,222.29933474183312
48,220.0,220.49211362223784
49,216.0,220.24366302353704
50,216.0,216.6010850093403
51,216.0,215.75387281650862
52,214.0,216.75237929183635
53,216.0,214.87776777057616
54,218.0,215.8963635807977
55,218.0,216.84142951935155
56,218.0,220.20646729242378
57,216.0,222.39659353123452
58,216.0,222.9236938600857
59,214.0,216.72735951771506
60,212.0,217.48431627588297
61,214.0,215.767360532381
62,212.0,212.00996818387563
63,212.0,210.9539181653732
64,212.0,213.43432828341716
65,212.0,212.79316215891893
66,212.0,212.36257692406815
67,206.0,212.79734673602357
68,200.0,212.3507522309194
69,194.0,209.1949631959383
70,188.0,200.4980089563876
71,182.0,190.54414397767783
72,178.0,184.766283022641
73,179.0,178.84968661459104
74,184.0,175.32660713236828
75,182.0,177.8050106110989
76,181.0,183.66364287703271
