,y_actual,y_predict
0,3500.0,3520.882648738434
1,3530.0,3536.03305347126
2,3540.0,3679.5842540229787
3,3540.0,3743.2673667023146
4,3540.0,3590.987120597847
5,3540.0,3493.0193469848587
6,3540.0,3539.5893522637375
7,3540.0,3526.381403412279
8,3530.0,3530.569011435118
9,3530.0,3535.2478193699976
10,3540.0,3538.5334805742255
11,3530.0,3593.6570565768047
12,3530.0,3578.984738950943
13,3490.0,3648.0844337553103
14,3600.0,3601.6996799905364
15,3620.0,3661.4769168936823
16,3690.0,3608.806995385461
17,3680.0,3715.5088711798735
18,3500.0,3658.9966146258344
19,3580.0,3559.5726236590117
20,3570.0,4024.9692381841487
21,3540.0,3783.2731706830928
22,3540.0,3519.1421980132486
23,3500.0,3535.692820712602
24,3520.0,3580.620477723849
25,3530.0,3563.296866234139
26,3530.0,3575.2988360143736
27,3500.0,3538.3677660199223
28,3540.0,3530.314163785293
29,3530.0,3561.5168196770555
30,3530.0,3542.664693753401
31,3530.0,3531.5377218407866
32,3530.0,3530.62641535212
33,3480.0,3524.3113049018316
34,3480.0,3525.3546429737703
35,3480.0,3562.1119258272047
36,3480.0,3566.8388114731997
37,3480.0,3498.466786611216
38,3470.0,3487.8974722740786
39,3470.0,3481.583267528248
40,3470.0,3478.4934296189167
41,3450.0,3486.2621642718786
42,3450.0,3479.3310698925684
43,3450.0,3466.494854520993
44,3450.0,3465.9953554955705
45,3450.0,3445.5691137752037
46,3450.0,3451.3453404498396
47,3450.0,3469.5387641483894
48,3450.0,3469.3017091386687
49,3450.0,3468.0187032778276
50,3460.0,3467.9627357458335
51,3600.0,3468.7098232710387
52,3600.0,3478.3154851987083
53,3600.0,3526.1983569937074
54,3460.0,3609.340218568582
55,3450.0,3634.46160388559
56,3450.0,3585.978265881869
57,3450.0,3540.538071690956
58,3450.0,3506.0110018026558
59,3450.0,3448.0305062146076
60,3490.0,3459.9343050001016
61,3390.0,3469.758473135925
62,3450.0,3487.004881183829
63,3450.0,3426.7495768017397
64,3450.0,3388.8633982983656
65,3450.0,3458.6241931641016
66,3450.0,3449.829624772636
67,3450.0,3407.5004731890954
68,3450.0,3437.826792646563
69,3470.0,3499.9870244557374
70,3470.0,3469.5468856442703
71,3450.0,3441.114332992468
72,3450.0,3439.0550974654175
73,3500.0,3448.741789655437
74,3490.0,3370.942502913494
75,3580.0,3429.245535151346
76,3580.0,3554.5604791580145
77,3580.0,3553.4725076099808
78,3580.0,3569.2548676890046
79,3380.0,3506.279814306729
80,3390.0,3503.482190650774
81,3390.0,3703.7035780307897
82,3390.0,3704.017935265963
83,3420.0,3425.2482507162877
84,3420.0,3308.9436674940143
85,3420.0,3419.939546768555
