,y_actual,y_predict
0,1455.0,1528.0082688938057
1,1450.0,1568.3568266916172
2,1500.0,1488.3591213522586
3,1515.0,1465.497595479378
4,1500.0,1496.4871562892113
5,1490.0,1561.1064736474316
6,1545.0,1569.798499578681
7,1610.0,1497.0261460661145
8,1610.0,1478.355275306052
9,1560.0,1592.1195480782303
10,1535.0,1699.8029585338677
11,1565.0,1598.857304185372
12,1530.0,1534.3307456625107
13,1500.0,1526.698128323203
14,1500.0,1548.5611890707255
15,1485.0,1477.3650159545407
16,1485.0,1460.6043629695123
17,1500.0,1484.826943600433
18,1580.0,1475.175226024927
19,1620.0,1499.1015830186661
20,1620.0,1548.6624416018212
21,1615.0,1641.9922020740837
22,1615.0,1675.9939537035384
23,1585.0,1640.7898882510506
24,1575.0,1598.3295433621543
25,1550.0,1578.6377975563441
26,1510.0,1542.2409197031725
27,1510.0,1526.7664617849473
28,1500.0,1500.3145019646245
29,1480.0,1493.7190752447955
30,1480.0,1475.8665744682892
31,1500.0,1475.5776928392866
32,1590.0,1484.5420448909
33,1590.0,1508.2824523310865
34,1550.0,1580.7154419100475
35,1550.0,1656.0969915710787
36,1530.0,1614.7071402668648
37,1485.0,1550.9127431151844
38,1465.0,1507.1912283703691
39,1495.0,1488.539936298784
40,1495.0,1471.0492573632544
41,1485.0,1460.7697740949561
42,1580.0,1533.0982960150568
43,1565.0,1540.149455098779
44,1590.0,1549.4561462768547
45,1545.0,1625.322916301949
