,y_actual,y_predict
0,228.0,224.7067688488458
1,226.0,226.45939865953082
2,224.0,231.13039718299785
3,218.0,234.19232285898408
4,220.0,230.60406398238098
5,220.0,226.7229280981135
6,218.0,225.04731675844113
7,216.0,225.0146310772364
8,208.0,224.88105216657385
9,199.0,226.24571110521998
10,196.0,222.48052623879144
11,194.0,222.1959400856935
12,202.0,217.4775730255241
13,197.0,211.60265896620515
14,202.0,208.04658989183196
15,200.0,208.3767243429565
16,198.0,212.7527716332914
17,197.0,214.73142549961153
18,197.0,213.47909524336643
19,206.0,212.2216550147591
20,199.0,211.94368461286155
21,199.0,214.13788860330027
22,198.0,219.43661548312136
23,198.0,208.30407202584394
24,197.0,207.86641649945204
25,197.0,212.4505515400653
26,197.0,213.55149962099162
27,199.0,213.65473315731833
28,197.0,213.00078368834562
29,197.0,214.5403246278723
30,196.0,214.96327915685276
31,196.0,212.29913308091912
32,198.0,212.14694661409249
33,196.0,212.6830341169819
34,196.0,212.41014345092375
35,193.0,212.59482813251344
36,194.0,213.47718429512207
37,194.0,211.5140780488533
38,193.0,212.49429169402526
39,192.0,213.3348549347457
40,192.0,213.20040521222498
41,191.0,205.24626456427035
42,194.0,207.23747263487925
43,190.0,210.46759199289085
44,189.0,210.83980358921843
45,185.0,210.0229457824152
46,179.0,206.9919278800899
47,184.0,206.72178269030684
48,182.0,204.9081355765033
49,182.0,205.96163650576779
50,181.0,207.2446084542727
51,171.0,205.7710254656988
52,160.0,200.58542551248212
53,150.0,199.56234252520835
54,164.0,195.99555762713584
55,166.0,187.6876496617943
56,160.0,189.3332663707959
