,y_actual,y_predict
0,50.0,49.888471928091946
1,50.0,49.889241648652074
2,50.0,49.87692442892548
3,50.0,49.877139578714115
4,50.0,49.90046240756979
5,50.0,49.90054018273896
6,50.0,49.8999940657902
7,50.0,49.897885259708666
8,50.0,49.89842545898151
9,50.0,49.89554016928165
10,50.0,49.89580815546239
11,50.0,49.90086945913453
12,50.0,49.900893129838195
13,50.0,49.9004924186405
14,50.0,49.89974890493085
15,50.0,49.90029459918848
16,50.0,49.899631396794824
17,50.0,49.89968592395147
18,50.0,49.900953997361896
19,50.0,49.90076674518829
20,50.0,49.90053891466555
21,50.0,49.89943780425416
22,50.0,49.90025275276593
23,50.0,49.899575178873626
24,50.0,49.90004098450639
25,50.0,49.89865033066629
26,50.0,49.90079464280332
27,50.0,49.901035999442435
28,50.0,49.90047508830389
29,50.0,49.90007649056188
30,50.0,49.89887013005743
31,50.0,49.90084874726883
32,50.0,49.90034024983125
33,50.0,49.89902229886668
34,50.0,49.89938327709751
35,50.0,49.897758452367626
36,50.0,49.89807885224933
37,50.0,49.90050890359484
38,50.0,49.90081239583107
39,50.0,49.899541363582685
40,50.0,49.899472464927385
41,50.0,49.89821960839788
42,50.0,49.89825976405588
43,50.0,49.90044338646863
44,50.0,49.89994545630947
45,50.0,49.899990261569975
46,50.0,49.90051228512393
47,50.0,49.90086227338521
48,51.0,49.90048058328867
49,50.0,49.90048185136208
50,50.0,49.33096218512522
51,50.0,49.73205972251854
52,50.0,48.67450213779623
53,50.0,48.53001278111877
54,50.0,49.69086001741383
