,y_actual,y_predict
0,940.0,952.3515227940522
1,935.0,939.3333074837813
2,935.0,936.3945112913011
3,945.0,944.9802055413627
4,940.0,948.1276042013238
5,940.0,953.3334368289732
6,940.0,943.8911443780855
7,935.0,950.748464121878
8,945.0,952.18420991625
9,950.0,955.3495200259393
10,930.0,949.578656728318
11,930.0,951.5853500809026
12,935.0,946.266710692667
13,915.0,952.9034977214934
14,910.0,945.795417681506
15,850.0,939.3647891880612
16,830.0,941.4459903126749
17,845.0,934.5839434896903
18,850.0,913.4975365513976
19,820.0,862.9666196015036
20,835.0,868.4618973979207
21,815.0,869.3563604677861
22,780.0,863.5048795678872
23,825.0,856.1201689241531
24,885.0,851.7763207950488
25,875.0,838.6226923522726
26,855.0,850.47052144296
27,860.0,871.7887482036776
28,865.0,884.3082727376736
29,855.0,891.1246566188017
30,830.0,888.407952755851
31,825.0,891.1038188819546
32,835.0,888.5716158140049
33,820.0,872.8887749044005
34,815.0,857.1436941187657
35,800.0,857.6802336855793
36,830.0,855.1536741713591
37,820.0,844.2474663929544
38,795.0,839.2266973078291
39,795.0,838.5005439828064
40,770.0,844.644444574094
41,725.0,839.6882145905926
42,745.0,820.9449114740615
43,750.0,813.1594442015341
44,780.0,789.5741166916448
45,745.0,769.5790460244717
46,750.0,789.1451262157037
47,745.0,801.0936388774846
48,745.0,799.5495561457082
49,730.0,789.778908554471
50,745.0,786.6698731970694
51,730.0,777.9958758214178
52,725.0,772.9351918584198
53,715.0,770.0091941524598
54,725.0,765.9817467984692
55,730.0,756.3509982414198
56,735.0,751.3635759666503
57,725.0,754.36581792271
58,710.0,762.530802124667
59,715.0,765.3847118729461
60,720.0,759.2492444552514
61,715.0,754.7342808829403
62,720.0,750.1543360502372
63,730.0,752.6803488954353
