,y_actual,y_predict
0,204.0,207.34701973508606
1,202.0,205.97772502385487
2,204.0,205.05060050264086
3,206.0,205.09996941161072
4,208.0,206.10332087623073
5,204.0,207.37482133911345
6,206.0,210.44920695974716
7,204.0,205.633517576756
8,202.0,207.1401421022083
9,204.0,206.12374241809812
10,204.0,205.6572416121927
11,204.0,205.14937875927734
12,206.0,205.3378163464293
13,202.0,207.50490588683047
14,204.0,208.7833820249055
15,204.0,205.64623554688927
16,202.0,203.60131804920434
17,204.0,204.71313957811932
18,200.0,203.79791077353764
19,204.0,204.8929300239459
20,202.0,201.70413659037524
21,202.0,203.80959755690333
22,202.0,205.40811902075893
23,202.0,204.13356543627026
24,197.0,204.90258139290765
25,192.0,204.7365131448507
26,179.0,202.06536872881307
27,167.0,199.48608755226473
28,163.0,184.13413616529917
29,162.0,178.44230871793457
30,160.0,162.89862399003053
31,174.0,159.7824517160708
32,173.0,162.7801251289373
33,176.0,172.60190275886475
34,178.0,178.44412171950626
35,179.0,177.77840641376048
36,179.0,176.7998573498243
37,178.0,179.4829648803222
38,178.0,181.10773779816242
39,179.0,180.52589234951165
40,180.0,180.85561600338508
41,179.0,181.33512459008392
42,179.0,182.67020816385013
43,175.0,181.3564223037146
44,177.0,181.57531696931497
45,177.0,177.09320639595575
46,175.0,177.1704780056949
47,167.0,178.7167054948478
48,170.0,178.27078798559683
49,171.0,173.0288679988975
50,171.0,172.24528737164118
51,167.0,170.54336416015212
52,166.0,169.98661766262808
53,165.0,172.33915906640323
54,166.0,169.38848215896292
55,164.0,166.23598919552356
56,163.0,167.86390285214603
57,168.0,167.09382874960988
58,166.0,166.01566569597074
59,167.0,169.05941226402055
60,161.0,169.11539963969463
61,162.0,167.6175233523096
62,161.0,164.8987421514803
63,162.0,164.66604441071672
64,159.0,162.22176108354262
65,158.0,161.98635395009563
66,158.0,161.7084255269981
67,159.0,161.38035311990927
68,158.0,160.05597906100354
69,157.0,160.66872641376722
70,149.0,161.2185376747957
71,144.0,161.12968711821554
72,150.0,157.27368214711873
73,149.0,148.39382286163922
74,147.0,147.28092296747712
75,146.0,149.70847141397246
