,y_actual,y_predict
0,1000.0,1024.4627098992219
1,995.0,1019.7580946943949
2,995.0,1016.2975277242452
3,1000.0,1008.6105646936065
4,1000.0,1008.3564311252464
5,1015.0,1008.5049343393621
6,985.0,1015.3484514418099
7,1005.0,1015.7326020100861
8,1005.0,1010.8163967913439
9,995.0,1007.3421523684239
10,1010.0,1012.3234247305562
11,1005.0,1007.7249496267294
12,1005.0,1012.8087667963731
13,1000.0,1013.345615839674
14,1005.0,1016.8659179119294
15,1005.0,1013.9562292984432
16,1010.0,1012.366847936482
17,1010.0,1015.698976768348
18,1010.0,1017.518953127246
19,1020.0,1020.0351533336583
20,1025.0,1016.882455359771
21,1025.0,1023.380643845968
22,1005.0,1026.7031145556766
23,1010.0,1032.1351022925096
24,1015.0,1023.4956751934756
25,1010.0,1017.208467731707
26,1015.0,1019.9183175728565
27,1015.0,1022.9250836215725
28,1020.0,1020.714785600932
29,1015.0,1020.5004934781086
30,1010.0,1021.2966457338575
31,1000.0,1021.2097902999395
32,1000.0,1018.8685550286028
33,1005.0,1011.8248563152925
34,1005.0,1007.9583234201393
35,1005.0,1013.2743415145517
36,1010.0,1017.253235225537
37,1010.0,1012.6796610251706
38,1000.0,1013.1073791524361
39,1000.0,1016.7640226932039
40,1000.0,1016.8906654402598
41,1000.0,1012.4353795533971
42,1000.0,1011.9096637401216
43,995.0,1012.8970567388601
44,985.0,1012.5378702285096
45,990.0,1011.4466332446879
46,985.0,1006.4049220592651
47,990.0,1005.0560419232261
48,990.0,1007.0968784693385
49,995.0,1007.3856387288149
50,990.0,1013.2682696638167
