,y_actual,y_predict
0,605.0,656.7898830003762
1,565.0,647.5215764848754
2,610.0,636.5812488337575
3,570.0,615.8673348126622
4,535.0,657.1260979680088
5,500.0,628.4371207908786
6,466.0,576.0548538094645
7,466.0,558.3354050758
8,484.0,523.8588641562856
9,555.0,517.426593540224
10,520.0,461.3041795979325
11,540.0,488.5205148199852
12,560.0,562.5286430195843
13,525.0,569.8956720005284
14,525.0,504.0877007340439
15,500.0,552.5506719162806
16,520.0,592.1550426395875
17,510.0,547.7081898409916
18,510.0,554.0376645102206
19,510.0,553.0848403664656
20,496.0,513.3904113192177
21,462.0,577.7566168782712
22,430.0,543.0888451105081
23,400.0,551.4213734187708
24,372.0,535.6873912467818
25,346.0,513.9711595080162
26,386.0,468.0431730057485
27,390.0,403.8795206264027
28,364.0,401.8146520527478
29,340.0,428.6928575011124
30,318.0,437.36492046794103
31,322.0,421.11380537572904
32,316.0,398.02472013442474
33,300.0,379.52475378562303
34,300.0,325.49182512201105
35,292.0,372.19842483991505
36,294.0,407.62060417719863
37,274.0,348.11420240364896
38,264.0,202.71126602454785
39,262.0,279.83871475263004
40,264.0,272.49437986573895
41,260.0,224.51233720009776
42,286.0,285.2552562037162
43,286.0,283.9082499812896
44,278.0,254.74671375914107
45,260.0,300.17790825306855
46,260.0,288.1406373836671
47,242.0,239.60313705866565
48,226.0,230.93599639218652
49,212.0,265.5823020393453
50,212.0,225.9998241053835
51,226.0,138.09322184296406
52,228.0,241.78137984195507
53,220.0,197.81567930087988
54,206.0,161.2428940454407
55,194.0,172.56097963035396
56,193.0,229.36227036851614
57,187.0,240.04284000901518
58,189.0,176.5128687586951
59,176.0,77.29316565103974
60,164.0,154.55803553491398
61,164.0,185.95531855970927
62,153.0,144.0935163755038
63,146.0,74.15654682708964
