,y_actual,y_predict
0,142.0,144.96945683096376
1,128.0,145.43343378015018
2,124.0,145.6190370738124
3,124.0,141.21843074280073
4,120.0,133.1504856161106
5,116.0,119.70712580456768
6,110.0,117.27364533564085
7,103.0,119.93884314276156
8,113.0,115.78967410883328
9,116.0,110.59515954394678
10,117.0,111.26570071612795
11,118.0,110.48328449425534
12,119.0,112.55537142784877
13,117.0,118.11241621528126
14,114.0,119.77421120675496
15,125.0,120.13125613137612
16,124.0,120.00000525745585
17,124.0,120.62125174657481
18,122.0,121.94744244562031
19,122.0,123.05818399043156
20,125.0,125.26173036440625
21,124.0,124.17942685655518
22,123.0,124.00028912318459
23,123.0,126.21382583064218
24,122.0,124.94341623159661
25,124.0,126.54475823434353
26,124.0,126.06421067982905
27,123.0,126.16197620843243
28,120.0,125.45958693765343
29,118.0,126.32267666664882
30,118.0,125.4861061631722
31,119.0,123.62868625958421
32,119.0,121.35139078499265
33,121.0,118.92988203092838
34,118.0,117.93874292318941
35,118.0,120.36993958936807
36,115.0,123.10330734427336
37,116.0,122.31090078891785
38,117.0,121.07180744399454
39,117.0,118.97227316413083
40,115.0,118.33148399761421
41,114.0,121.2032251710836
42,120.0,121.14629695554805
43,117.0,120.90390101454992
44,118.0,118.75674058331214
45,118.0,118.61485281987984
46,117.0,121.3490339839831
47,116.0,121.27688041679303
48,116.0,120.98675404119035
49,119.0,121.43771644320907
50,118.0,121.08313260282796
51,116.0,120.94055657007428
52,116.0,121.51680484522805
53,116.0,121.711136645284
54,114.0,121.63112012251344
55,116.0,118.08905677164694
56,114.0,118.45002274573525
57,113.0,118.54280353592029
58,120.0,118.4493761897061
59,118.0,118.42528676345822
60,119.0,118.85829159318305
61,115.0,119.8555729831991
62,119.0,122.04891002890685
63,115.0,121.32832333440376
64,117.0,121.11149764152677
65,117.0,120.3509808980613
66,116.0,120.50148245633375
67,116.0,120.81834705223926
68,113.0,120.29458452700132
69,111.0,121.09504174775225
70,112.00000000000003,118.89601083765865
71,111.0,117.17551481573068
72,115.0,116.36568253255689
73,115.0,115.9386948452325
74,110.0,116.4241124266118
75,109.0,117.76128414983003
76,103.0,117.65738676727264
77,106.0,115.52907031578806
78,106.0,109.97711455000447
79,101.00000000000003,109.1696912094555
80,103.99999999999997,109.11187658646057
81,107.0,109.65681903581518
