,y_actual,y_predict
0,142.0,141.21484470980113
1,145.0,143.07509024648982
2,143.0,142.8680993213801
3,141.0,144.34348127368517
4,141.0,143.38967958036469
5,142.0,141.33448761539825
6,145.0,142.7644185936329
7,143.0,143.05527138957552
8,142.0,143.54334124206747
9,143.0,144.1745216776268
10,142.0,144.69142737950293
11,140.0,144.87616162888727
12,142.0,143.56072002083914
13,144.0,142.163522239022
14,143.0,141.40997188460796
15,144.0,143.9706938167761
16,147.0,144.14222905087394
17,146.0,143.01298573909574
18,147.0,143.46766718900224
19,149.0,145.1440438003146
20,148.0,147.84599429231602
21,149.0,149.54876667486982
22,148.0,148.67489335604296
23,148.0,146.49499758266498
24,148.0,147.4527011416821
25,148.0,149.659171173499
26,148.0,148.22438941028997
27,149.0,146.28614722763726
28,150.0,146.82404663886675
29,150.0,148.256535180488
30,149.0,150.45274784677926
31,148.0,150.7494297182849
32,146.0,150.75871105255345
33,148.0,147.9664980032579
34,146.0,145.3787318716752
35,146.0,149.11762294171362
36,144.0,148.19825346218408
37,146.0,145.58014676636262
38,146.0,144.53017662291012
39,147.0,147.28685490458727
40,145.0,146.22839871159417
41,146.0,144.63478819528208
42,146.0,145.12495470751145
43,145.0,145.84864573532045
44,145.0,147.05040229523647
45,146.0,145.60487741020486
46,145.0,144.96891848828278
47,144.0,146.10122545372897
48,145.0,145.33271154603818
49,143.0,144.44673498775737
50,144.0,145.27199200892323
51,145.0,143.78550092307418
52,145.0,143.77249621030643
53,142.0,146.33991028271402
54,142.0,147.55506016043535
55,145.0,144.37682674897
56,145.0,141.56338050117
57,145.0,144.60806708028827
58,140.0,145.6263772098397
59,141.0,145.5608452963878
60,139.0,142.29169412146038
61,137.0,141.35366708146591
62,136.0,139.7952727670147
63,138.0,140.33175557732247
