{
    "R2": 0.9579663327600721,
    "RMSE": 18.50233533829179,
    "MSE": 342.3364129706012,
    "MAPE": 0.05819358303444809,
    "ACMAPE": 1.166889235208361
}