{
    "DOWN": {
        "precision": 0.5726775956284152,
        "recall": 0.835725677830941,
        "f1-score": 0.6796368352788585,
        "support": 627
    },
    "UP": {
        "precision": 0.4371584699453552,
        "recall": 0.16985138004246284,
        "f1-score": 0.24464831804281342,
        "support": 471
    },
    "accuracy": 0.5500910746812386,
    "macro avg": {
        "precision": 0.5049180327868852,
        "recall": 0.5027885289367019,
        "f1-score": 0.46214257666083597,
        "support": 1098
    },
    "weighted avg": {
        "precision": 0.5145450745020752,
        "recall": 0.5500910746812386,
        "f1-score": 0.4930434002896261,
        "support": 1098
    }
}