{
    "DOWN": {
        "precision": 0.5613951266125179,
        "recall": 0.46187106918238996,
        "f1-score": 0.5067931852490835,
        "support": 2544
    },
    "UP": {
        "precision": 0.3990342405618964,
        "recall": 0.4975369458128079,
        "f1-score": 0.44287454323995123,
        "support": 1827
    },
    "accuracy": 0.4767787691603752,
    "macro avg": {
        "precision": 0.48021468358720715,
        "recall": 0.4797040074975989,
        "f1-score": 0.47483386424451735,
        "support": 4371
    },
    "weighted avg": {
        "precision": 0.4935311735549828,
        "recall": 0.4767787691603752,
        "f1-score": 0.4800763335101943,
        "support": 4371
    }
}