{
    "R2": 0.9700515255182811,
    "RMSE": 65.77595248552925,
    "MSE": 4326.4759253786015,
    "MAPE": 0.05380876436530419,
    "ACMAPE": 1.0802637908203307
}