{
    "R2": -7.57209928769243,
    "RMSE": 121.51706077895759,
    "MSE": 14766.39606035687,
    "MAPE": 0.5165521677137366,
    "ACMAPE": 1.3074424368648754
}