{
    "DOWN": {
        "precision": 0.5810147299509002,
        "recall": 0.6305506216696269,
        "f1-score": 0.604770017035775,
        "support": 563
    },
    "UP": {
        "precision": 0.36585365853658536,
        "recall": 0.3191489361702128,
        "f1-score": 0.34090909090909094,
        "support": 376
    },
    "accuracy": 0.5058572949946751,
    "macro avg": {
        "precision": 0.4734341942437428,
        "recall": 0.47484977891991986,
        "f1-score": 0.472839553972433,
        "support": 939
    },
    "weighted avg": {
        "precision": 0.49485864597669105,
        "recall": 0.5058572949946751,
        "f1-score": 0.49911324576460014,
        "support": 939
    }
}