{
    "R2": 0.9923677059968155,
    "RMSE": 13.128210500520616,
    "MSE": 172.34991094597976,
    "MAPE": 0.02537395174699196,
    "ACMAPE": 1.210475531882432
}