{
    "DOWN": {
        "precision": 0.8,
        "recall": 0.7726088574618534,
        "f1-score": 0.7860658841347975,
        "support": 2687
    },
    "UP": {
        "precision": 0.34230355220667386,
        "recall": 0.37992831541218636,
        "f1-score": 0.36013590033975085,
        "support": 837
    },
    "accuracy": 0.6793416572077186,
    "macro avg": {
        "precision": 0.5711517761033369,
        "recall": 0.5762685864370198,
        "f1-score": 0.5731008922372742,
        "support": 3524
    },
    "weighted avg": {
        "precision": 0.6912905996586226,
        "recall": 0.6793416572077186,
        "f1-score": 0.6849014697090161,
        "support": 3524
    }
}