{
    "DOWN": {
        "precision": 0.7157502329916123,
        "recall": 0.7224835371589841,
        "f1-score": 0.7191011235955055,
        "support": 1063
    },
    "UP": {
        "precision": 0.46265938069216755,
        "recall": 0.4543828264758497,
        "f1-score": 0.4584837545126353,
        "support": 559
    },
    "accuracy": 0.6300863131935882,
    "macro avg": {
        "precision": 0.5892048068418899,
        "recall": 0.5884331818174169,
        "f1-score": 0.5887924390540704,
        "support": 1622
    },
    "weighted avg": {
        "precision": 0.6285259503557371,
        "recall": 0.6300863131935882,
        "f1-score": 0.6292829304282278,
        "support": 1622
    }
}