{
    "R2": 0.9518951529377081,
    "RMSE": 6.260640950350113,
    "MSE": 39.19562510920077,
    "MAPE": 0.09653898685408177,
    "ACMAPE": 1.2234620637771587
}