{
    "R2": -13.84352432606874,
    "RMSE": 1.4070766519437377,
    "MSE": 1.979864704445198,
    "MAPE": 0.0072347610561357065,
    "ACMAPE": 1.6823170881691982
}