{
    "R2": 0.9510508757474775,
    "RMSE": 270.8997045098399,
    "MSE": 73386.64990351857,
    "MAPE": 0.04417291954046811,
    "ACMAPE": 1.0219935559917699
}