{
    "DOWN": {
        "precision": 0.6863799283154122,
        "recall": 0.5356643356643357,
        "f1-score": 0.6017282010997644,
        "support": 715
    },
    "UP": {
        "precision": 0.3068893528183716,
        "recall": 0.45652173913043476,
        "f1-score": 0.3670411985018726,
        "support": 322
    },
    "accuracy": 0.5110896817743491,
    "macro avg": {
        "precision": 0.4966346405668919,
        "recall": 0.4960930373973852,
        "f1-score": 0.48438469980081855,
        "support": 1037
    },
    "weighted avg": {
        "precision": 0.5685438961938625,
        "recall": 0.5110896817743491,
        "f1-score": 0.5288552841889437,
        "support": 1037
    }
}