{
    "DOWN": {
        "precision": 0.7835051546391752,
        "recall": 0.31275720164609055,
        "f1-score": 0.4470588235294118,
        "support": 243
    },
    "UP": {
        "precision": 0.36981132075471695,
        "recall": 0.8235294117647058,
        "f1-score": 0.5104166666666666,
        "support": 119
    },
    "accuracy": 0.48066298342541436,
    "macro avg": {
        "precision": 0.5766582376969461,
        "recall": 0.5681433067053983,
        "f1-score": 0.47873774509803924,
        "support": 362
    },
    "weighted avg": {
        "precision": 0.6475118777545052,
        "recall": 0.48066298342541436,
        "f1-score": 0.4678864017982884,
        "support": 362
    }
}