{
    "R2": 0.15592972242347203,
    "RMSE": 31.16140739870319,
    "MSE": 971.0333110679538,
    "MAPE": 0.10987002701572428,
    "ACMAPE": 1.1098700270157242
}