{
    "R2": 0.9911739171505208,
    "RMSE": 34.17222971505731,
    "MSE": 1167.7412836986462,
    "MAPE": 0.023280795806059257,
    "ACMAPE": 0.7202818299322227
}