{
    "R2": 0.9900177470814108,
    "RMSE": 16.127194572023626,
    "MSE": 260.08640476390826,
    "MAPE": 0.05673774891797111,
    "ACMAPE": 1.3819343857500839
}