{
    "DOWN": {
        "precision": 0.7744186046511627,
        "recall": 0.35844994617868675,
        "f1-score": 0.49006622516556286,
        "support": 2787
    },
    "UP": {
        "precision": 0.25094260578131544,
        "recall": 0.6730337078651686,
        "f1-score": 0.36557827281049743,
        "support": 890
    },
    "accuracy": 0.43459341854772915,
    "macro avg": {
        "precision": 0.5126806052162391,
        "recall": 0.5157418270219276,
        "f1-score": 0.4278222489880301,
        "support": 3677
    },
    "weighted avg": {
        "precision": 0.6477137803394509,
        "recall": 0.43459341854772915,
        "f1-score": 0.4599345206249025,
        "support": 3677
    }
}