{
    "DOWN": {
        "precision": 0.7268041237113402,
        "recall": 0.5558475689881734,
        "f1-score": 0.6299329858525687,
        "support": 761
    },
    "UP": {
        "precision": 0.38095238095238093,
        "recall": 0.5667574931880109,
        "f1-score": 0.4556407447973713,
        "support": 367
    },
    "accuracy": 0.5593971631205674,
    "macro avg": {
        "precision": 0.5538782523318606,
        "recall": 0.5613025310880921,
        "f1-score": 0.54278686532497,
        "support": 1128
    },
    "weighted avg": {
        "precision": 0.6142796648527072,
        "recall": 0.5593971631205674,
        "f1-score": 0.5732262017503901,
        "support": 1128
    }
}