{
    "DOWN": {
        "precision": 0.6647727272727273,
        "recall": 0.5598086124401914,
        "f1-score": 0.6077922077922078,
        "support": 209
    },
    "UP": {
        "precision": 0.3698630136986301,
        "recall": 0.4778761061946903,
        "f1-score": 0.416988416988417,
        "support": 113
    },
    "accuracy": 0.531055900621118,
    "macro avg": {
        "precision": 0.5173178704856787,
        "recall": 0.5188423593174408,
        "f1-score": 0.5123903123903124,
        "support": 322
    },
    "weighted avg": {
        "precision": 0.5612795669190845,
        "recall": 0.531055900621118,
        "f1-score": 0.5408331135039209,
        "support": 322
    }
}