{
    "R2": -0.7704381715472055,
    "RMSE": 18.551657296356307,
    "MSE": 344.16398844145016,
    "MAPE": 0.0400800253481725,
    "ACMAPE": 0.9106682606422901
}