{
    "DOWN": {
        "precision": 0.6545454545454545,
        "recall": 0.6585365853658537,
        "f1-score": 0.6565349544072948,
        "support": 492
    },
    "UP": {
        "precision": 0.4105263157894737,
        "recall": 0.40625,
        "f1-score": 0.4083769633507854,
        "support": 288
    },
    "accuracy": 0.5653846153846154,
    "macro avg": {
        "precision": 0.5325358851674641,
        "recall": 0.5323932926829269,
        "f1-score": 0.5324559588790401,
        "support": 780
    },
    "weighted avg": {
        "precision": 0.564446080235554,
        "recall": 0.5653846153846154,
        "f1-score": 0.5649073884787374,
        "support": 780
    }
}