{
    "R2": 0.8480233482471313,
    "RMSE": 1974.5779142973845,
    "MSE": 3898957.939631009,
    "MAPE": 0.23083448431907183,
    "ACMAPE": 1.3425663278944908
}