{
    "DOWN": {
        "precision": 0.6938775510204082,
        "recall": 0.2698412698412698,
        "f1-score": 0.38857142857142857,
        "support": 756
    },
    "UP": {
        "precision": 0.2868217054263566,
        "recall": 0.7115384615384616,
        "f1-score": 0.40883977900552493,
        "support": 312
    },
    "accuracy": 0.398876404494382,
    "macro avg": {
        "precision": 0.49034962822338235,
        "recall": 0.4906898656898657,
        "f1-score": 0.39870560378847675,
        "support": 1068
    },
    "weighted avg": {
        "precision": 0.5749623601727077,
        "recall": 0.398876404494382,
        "f1-score": 0.39449251970947913,
        "support": 1068
    }
}