{
    "R2": 0.9911801762195698,
    "RMSE": 8.589958282182813,
    "MSE": 73.7873832896411,
    "MAPE": 0.03163519161108864,
    "ACMAPE": 0.9399998532652241
}