{
    "R2": 0.9853849021546132,
    "RMSE": 60.12420943346171,
    "MSE": 3614.920559998766,
    "MAPE": 0.09626176696252448,
    "ACMAPE": 1.0831993576737002
}