{
    "R2": -4.834377218368653,
    "RMSE": 6.684108453606304,
    "MSE": 44.67730581957126,
    "MAPE": 0.05575327337173953,
    "ACMAPE": 1.1777044928839349
}