{
    "DOWN": {
        "precision": 0.7058823529411765,
        "recall": 0.4195804195804196,
        "f1-score": 0.5263157894736842,
        "support": 143
    },
    "UP": {
        "precision": 0.3851851851851852,
        "recall": 0.6753246753246753,
        "f1-score": 0.49056603773584917,
        "support": 77
    },
    "accuracy": 0.509090909090909,
    "macro avg": {
        "precision": 0.5455337690631809,
        "recall": 0.5474525474525475,
        "f1-score": 0.5084409136047667,
        "support": 220
    },
    "weighted avg": {
        "precision": 0.5936383442265796,
        "recall": 0.509090909090909,
        "f1-score": 0.5138033763654419,
        "support": 220
    }
}