{
    "R2": 0.7211055599004796,
    "RMSE": 22.377249985367133,
    "MSE": 500.7413169076133,
    "MAPE": 0.08825685566492367,
    "ACMAPE": 0.9565495385917531
}