{
    "R2": 0.880837038696436,
    "RMSE": 54.28548739901069,
    "MSE": 2946.9141421481486,
    "MAPE": 0.13646081566612156,
    "ACMAPE": 1.2133838925891984
}