{
    "R2": 0.9866366602083138,
    "RMSE": 13.549068824296393,
    "MSE": 183.57726600552044,
    "MAPE": 0.07185447873046275,
    "ACMAPE": 1.1173856760323175
}