{
    "R2": 0.9844899095255629,
    "RMSE": 23.83014297696982,
    "MSE": 567.8757143028241,
    "MAPE": 0.04998364397718095,
    "ACMAPE": 1.118294207122799
}