{
    "DOWN": {
        "precision": 0.8167388167388168,
        "recall": 0.8562783661119516,
        "f1-score": 0.8360413589364846,
        "support": 661
    },
    "UP": {
        "precision": 0.4508670520231214,
        "recall": 0.3804878048780488,
        "f1-score": 0.4126984126984127,
        "support": 205
    },
    "accuracy": 0.74364896073903,
    "macro avg": {
        "precision": 0.633802934380969,
        "recall": 0.6183830854950002,
        "f1-score": 0.6243698858174487,
        "support": 866
    },
    "weighted avg": {
        "precision": 0.7301294498026533,
        "recall": 0.74364896073903,
        "f1-score": 0.7358273820556476,
        "support": 866
    }
}