{
    "DOWN": {
        "precision": 0.6050955414012739,
        "recall": 0.6209150326797386,
        "f1-score": 0.6129032258064515,
        "support": 306
    },
    "UP": {
        "precision": 0.41708542713567837,
        "recall": 0.40096618357487923,
        "f1-score": 0.4088669950738917,
        "support": 207
    },
    "accuracy": 0.5321637426900585,
    "macro avg": {
        "precision": 0.5110904842684761,
        "recall": 0.5109406081273089,
        "f1-score": 0.5108851104401716,
        "support": 513
    },
    "weighted avg": {
        "precision": 0.5292318110835774,
        "recall": 0.5321637426900585,
        "f1-score": 0.530572816914366,
        "support": 513
    }
}