{
    "DOWN": {
        "precision": 0.8202716823406478,
        "recall": 0.2416871921182266,
        "f1-score": 0.3733650416171225,
        "support": 3248
    },
    "UP": {
        "precision": 0.1538990037787702,
        "recall": 0.7225806451612903,
        "f1-score": 0.2537524780515435,
        "support": 620
    },
    "accuracy": 0.3187693898655636,
    "macro avg": {
        "precision": 0.487085343059709,
        "recall": 0.4821339186397584,
        "f1-score": 0.313558759834333,
        "support": 3868
    },
    "weighted avg": {
        "precision": 0.7134591020127357,
        "recall": 0.3187693898655636,
        "f1-score": 0.3541923969918228,
        "support": 3868
    }
}