{
    "DOWN": {
        "precision": 0.7087155963302753,
        "recall": 0.5830188679245283,
        "f1-score": 0.639751552795031,
        "support": 530
    },
    "UP": {
        "precision": 0.32,
        "recall": 0.45021645021645024,
        "f1-score": 0.37410071942446044,
        "support": 231
    },
    "accuracy": 0.5427069645203679,
    "macro avg": {
        "precision": 0.5143577981651376,
        "recall": 0.5166176590704893,
        "f1-score": 0.5069261361097457,
        "support": 761
    },
    "weighted avg": {
        "precision": 0.590721768797695,
        "recall": 0.5427069645203679,
        "f1-score": 0.5591137834013362,
        "support": 761
    }
}