{
    "DOWN": {
        "precision": 0.7275822928490352,
        "recall": 0.42450331125827817,
        "f1-score": 0.5361773316603932,
        "support": 1510
    },
    "UP": {
        "precision": 0.34710743801652894,
        "recall": 0.6581196581196581,
        "f1-score": 0.4545007378258731,
        "support": 702
    },
    "accuracy": 0.4986437613019892,
    "macro avg": {
        "precision": 0.537344865432782,
        "recall": 0.5413114846889682,
        "f1-score": 0.4953390347431331,
        "support": 2212
    },
    "weighted avg": {
        "precision": 0.6068348479609614,
        "recall": 0.4986437613019892,
        "f1-score": 0.510256459656852,
        "support": 2212
    }
}