{
    "R2": 0.9803821462274176,
    "RMSE": 8.84610269326971,
    "MSE": 78.25353285987362,
    "MAPE": 0.045820703081456686,
    "ACMAPE": 0.7159998390140173
}