{
    "DOWN": {
        "precision": 0.7942386831275721,
        "recall": 0.26366120218579236,
        "f1-score": 0.3958974358974359,
        "support": 732
    },
    "UP": {
        "precision": 0.3185840707964602,
        "recall": 0.8344370860927153,
        "f1-score": 0.46111619396157366,
        "support": 302
    },
    "accuracy": 0.43036750483558994,
    "macro avg": {
        "precision": 0.5564113769620161,
        "recall": 0.5490491441392538,
        "f1-score": 0.4285068149295048,
        "support": 1034
    },
    "weighted avg": {
        "precision": 0.6553144153093944,
        "recall": 0.43036750483558994,
        "f1-score": 0.4149458545970197,
        "support": 1034
    }
}