{
    "DOWN": {
        "precision": 0.8571428571428571,
        "recall": 0.6406605922551253,
        "f1-score": 0.7332572918364022,
        "support": 3512
    },
    "UP": {
        "precision": 0.1581054036024016,
        "recall": 0.3872549019607843,
        "f1-score": 0.22453813358597824,
        "support": 612
    },
    "accuracy": 0.603055286129971,
    "macro avg": {
        "precision": 0.5076241303726293,
        "recall": 0.5139577471079548,
        "f1-score": 0.4788977127111902,
        "support": 4124
    },
    "weighted avg": {
        "precision": 0.753405970245001,
        "recall": 0.603055286129971,
        "f1-score": 0.6577635661212567,
        "support": 4124
    }
}