{
    "DOWN": {
        "precision": 0.8035069623517277,
        "recall": 0.4678678678678679,
        "f1-score": 0.5913835642436895,
        "support": 3330
    },
    "UP": {
        "precision": 0.21453900709219859,
        "recall": 0.5595375722543353,
        "f1-score": 0.3101570009612304,
        "support": 865
    },
    "accuracy": 0.4867699642431466,
    "macro avg": {
        "precision": 0.5090229847219632,
        "recall": 0.5137027200611016,
        "f1-score": 0.45077028260246,
        "support": 4195
    },
    "weighted avg": {
        "precision": 0.6820630335556628,
        "recall": 0.4867699642431466,
        "f1-score": 0.5333952502414662,
        "support": 4195
    }
}