{
    "R2": 0.7633332195483135,
    "RMSE": 912.0066742484545,
    "MSE": 831756.1738737265,
    "MAPE": 0.15425761368403193,
    "ACMAPE": 1.244204703631122
}