{
    "R2": 0.9402120046013174,
    "RMSE": 57.300575991691,
    "MSE": 3283.356008979555,
    "MAPE": 0.02131615565544464,
    "ACMAPE": 1.0588161556554447
}