{
    "DOWN": {
        "precision": 0.8890701468189234,
        "recall": 0.32910628019323673,
        "f1-score": 0.48038783605112395,
        "support": 1656
    },
    "UP": {
        "precision": 0.1374223602484472,
        "recall": 0.7224489795918367,
        "f1-score": 0.23091976516634052,
        "support": 245
    },
    "accuracy": 0.3798001052077854,
    "macro avg": {
        "precision": 0.5132462535336852,
        "recall": 0.5257776298925367,
        "f1-score": 0.35565380060873225,
        "support": 1901
    },
    "weighted avg": {
        "precision": 0.7921981280341961,
        "recall": 0.3798001052077854,
        "f1-score": 0.4482365065578194,
        "support": 1901
    }
}