{
    "DOWN": {
        "precision": 0.837431693989071,
        "recall": 0.3679471788715486,
        "f1-score": 0.5112593828190158,
        "support": 1666
    },
    "UP": {
        "precision": 0.11064189189189189,
        "recall": 0.524,
        "f1-score": 0.18270571827057183,
        "support": 250
    },
    "accuracy": 0.3883089770354906,
    "macro avg": {
        "precision": 0.47403679294048146,
        "recall": 0.4459735894357743,
        "f1-score": 0.3469825505447938,
        "support": 1916
    },
    "weighted avg": {
        "precision": 0.742600039226913,
        "recall": 0.3883089770354906,
        "f1-score": 0.46838964579547143,
        "support": 1916
    }
}