{
    "DOWN": {
        "precision": 0.7518796992481203,
        "recall": 0.591715976331361,
        "f1-score": 0.662251655629139,
        "support": 338
    },
    "UP": {
        "precision": 0.35514018691588783,
        "recall": 0.5352112676056338,
        "f1-score": 0.4269662921348314,
        "support": 142
    },
    "accuracy": 0.575,
    "macro avg": {
        "precision": 0.5535099430820041,
        "recall": 0.5634636219684974,
        "f1-score": 0.5446089738819853,
        "support": 480
    },
    "weighted avg": {
        "precision": 0.6345109268498348,
        "recall": 0.575,
        "f1-score": 0.592646402262073,
        "support": 480
    }
}