{
    "R2": 0.9957854902280255,
    "RMSE": 152.95097992171154,
    "MSE": 23394.002259011802,
    "MAPE": 0.029853935335004498,
    "ACMAPE": 0.6513406702969167
}