{
    "DOWN": {
        "precision": 0.8869895536562203,
        "recall": 0.5481220657276995,
        "f1-score": 0.6775480594849475,
        "support": 1704
    },
    "UP": {
        "precision": 0.19624217118997914,
        "recall": 0.6123778501628665,
        "f1-score": 0.29723320158102773,
        "support": 307
    },
    "accuracy": 0.5579313774241671,
    "macro avg": {
        "precision": 0.5416158624230998,
        "recall": 0.580249957945283,
        "f1-score": 0.4873906305329876,
        "support": 2011
    },
    "weighted avg": {
        "precision": 0.7815398040703745,
        "recall": 0.5579313774241671,
        "f1-score": 0.6194890533305449,
        "support": 2011
    }
}