{
    "DOWN": {
        "precision": 0.7129629629629629,
        "recall": 0.4015645371577575,
        "f1-score": 0.5137614678899082,
        "support": 767
    },
    "UP": {
        "precision": 0.3003048780487805,
        "recall": 0.6137071651090342,
        "f1-score": 0.4032753326509723,
        "support": 321
    },
    "accuracy": 0.4641544117647059,
    "macro avg": {
        "precision": 0.5066339205058716,
        "recall": 0.5076358511333958,
        "f1-score": 0.4585184002704402,
        "support": 1088
    },
    "weighted avg": {
        "precision": 0.5912136566601572,
        "recall": 0.4641544117647059,
        "f1-score": 0.48116399600415594,
        "support": 1088
    }
}