{
    "R2": 0.4818933087150101,
    "RMSE": 35.04627876395847,
    "MSE": 1228.2416552010864,
    "MAPE": 0.1388406337045887,
    "ACMAPE": 1.2160465160575298
}