{
    "DOWN": {
        "precision": 1.0,
        "recall": 0.4837758112094395,
        "f1-score": 0.6520874751491054,
        "support": 1017
    },
    "UP": {
        "precision": 0.1873065015479876,
        "recall": 1.0,
        "f1-score": 0.3155149934810952,
        "support": 121
    },
    "accuracy": 0.538664323374341,
    "macro avg": {
        "precision": 0.5936532507739938,
        "recall": 0.7418879056047197,
        "f1-score": 0.48380123431510025,
        "support": 1138
    },
    "weighted avg": {
        "precision": 0.9135888283719741,
        "recall": 0.538664323374341,
        "f1-score": 0.6163007701562854,
        "support": 1138
    }
}