{
    "R2": 0.8192663215531366,
    "RMSE": 43.02283014359845,
    "MSE": 1850.9639135649231,
    "MAPE": 0.19565302711770868,
    "ACMAPE": 1.2933044486257432
}