{
    "DOWN": {
        "precision": 0.7896638959161547,
        "recall": 0.6512667660208644,
        "f1-score": 0.7138190133943155,
        "support": 3355
    },
    "UP": {
        "precision": 0.24855491329479767,
        "recall": 0.3993808049535604,
        "f1-score": 0.3064133016627078,
        "support": 969
    },
    "accuracy": 0.5948196114708603,
    "macro avg": {
        "precision": 0.5191094046054762,
        "recall": 0.5253237854872124,
        "f1-score": 0.5101161575285117,
        "support": 4324
    },
    "weighted avg": {
        "precision": 0.6684024240937461,
        "recall": 0.5948196114708603,
        "f1-score": 0.6225201848402157,
        "support": 4324
    }
}