{
    "R2": 0.9303487377268022,
    "RMSE": 84.74140213497229,
    "MSE": 7181.105235801087,
    "MAPE": 0.06308266774000526,
    "ACMAPE": 0.9291953177861733
}