{
    "R2": 0.9638152959053561,
    "RMSE": 12.279671405368543,
    "MSE": 150.79032982382586,
    "MAPE": 0.04152320927046575,
    "ACMAPE": 0.9511442005241101
}