{
    "DOWN": {
        "precision": 0.7441860465116279,
        "recall": 0.23386114494518878,
        "f1-score": 0.355885078776645,
        "support": 821
    },
    "UP": {
        "precision": 0.25029797377830754,
        "recall": 0.7608695652173914,
        "f1-score": 0.3766816143497758,
        "support": 276
    },
    "accuracy": 0.3664539653600729,
    "macro avg": {
        "precision": 0.4972420101449677,
        "recall": 0.4973653550812901,
        "f1-score": 0.3662833465632104,
        "support": 1097
    },
    "weighted avg": {
        "precision": 0.619926148540437,
        "recall": 0.3664539653600729,
        "f1-score": 0.3611173885470954,
        "support": 1097
    }
}