{
    "DOWN": {
        "precision": 0.6290322580645161,
        "recall": 0.9646643109540636,
        "f1-score": 0.7615062761506275,
        "support": 283
    },
    "UP": {
        "precision": 0.5238095238095238,
        "recall": 0.06395348837209303,
        "f1-score": 0.11398963730569948,
        "support": 172
    },
    "accuracy": 0.6241758241758242,
    "macro avg": {
        "precision": 0.57642089093702,
        "recall": 0.5143088996630782,
        "f1-score": 0.43774795672816347,
        "support": 455
    },
    "weighted avg": {
        "precision": 0.5892557519285629,
        "recall": 0.6241758241758242,
        "f1-score": 0.5167307555323251,
        "support": 455
    }
}