{
    "DOWN": {
        "precision": 0.6421052631578947,
        "recall": 0.4066666666666667,
        "f1-score": 0.49795918367346936,
        "support": 150
    },
    "UP": {
        "precision": 0.3819444444444444,
        "recall": 0.6179775280898876,
        "f1-score": 0.4721030042918455,
        "support": 89
    },
    "accuracy": 0.48535564853556484,
    "macro avg": {
        "precision": 0.5120248538011696,
        "recall": 0.5123220973782772,
        "f1-score": 0.4850310939826574,
        "support": 239
    },
    "weighted avg": {
        "precision": 0.5452252930093714,
        "recall": 0.48535564853556484,
        "f1-score": 0.4883307319372161,
        "support": 239
    }
}