{
    "R2": 0.9552114478171152,
    "RMSE": 5.020692475643336,
    "MSE": 25.20735293498161,
    "MAPE": 0.053415899981097074,
    "ACMAPE": 1.0442112740665348
}