{
    "DOWN": {
        "precision": 0.8266178266178266,
        "recall": 0.8088410991636799,
        "f1-score": 0.8176328502415459,
        "support": 837
    },
    "UP": {
        "precision": 0.33884297520661155,
        "recall": 0.36607142857142855,
        "f1-score": 0.35193133047210295,
        "support": 224
    },
    "accuracy": 0.7153628652214892,
    "macro avg": {
        "precision": 0.5827304009122191,
        "recall": 0.5874562638675542,
        "f1-score": 0.5847820903568244,
        "support": 1061
    },
    "weighted avg": {
        "precision": 0.7236380276393986,
        "recall": 0.7153628652214892,
        "f1-score": 0.7193132079905041,
        "support": 1061
    }
}