{
    "R2": 0.9610276431327014,
    "RMSE": 397.5919800719656,
    "MSE": 158079.3826175463,
    "MAPE": 0.09539778539376885,
    "ACMAPE": 1.0497495808898127
}