{
    "R2": 0.9703790373724233,
    "RMSE": 90.9077406893457,
    "MSE": 8264.21731724132,
    "MAPE": 0.05833276010376937,
    "ACMAPE": 0.9569857427849754
}