{
    "R2": 0.9816610344430727,
    "RMSE": 71.47216938708068,
    "MSE": 5108.270996895552,
    "MAPE": 0.04358629517191786,
    "ACMAPE": 0.9507498030421394
}