{
    "DOWN": {
        "precision": 0.6587570621468927,
        "recall": 0.43572496263079225,
        "f1-score": 0.5245164192532613,
        "support": 1338
    },
    "UP": {
        "precision": 0.3836734693877551,
        "recall": 0.6088082901554405,
        "f1-score": 0.47070605908863294,
        "support": 772
    },
    "accuracy": 0.4990521327014218,
    "macro avg": {
        "precision": 0.5212152657673239,
        "recall": 0.5222666263931164,
        "f1-score": 0.49761123917094713,
        "support": 2110
    },
    "weighted avg": {
        "precision": 0.558110363753502,
        "recall": 0.4990521327014218,
        "f1-score": 0.5048284580935016,
        "support": 2110
    }
}