{
    "DOWN": {
        "precision": 0.7664670658682635,
        "recall": 0.2115702479338843,
        "f1-score": 0.33160621761658027,
        "support": 605
    },
    "UP": {
        "precision": 0.2193126022913257,
        "recall": 0.7745664739884393,
        "f1-score": 0.3418367346938776,
        "support": 173
    },
    "accuracy": 0.33676092544987146,
    "macro avg": {
        "precision": 0.4928898340797946,
        "recall": 0.4930683609611618,
        "f1-score": 0.33672147615522896,
        "support": 778
    },
    "weighted avg": {
        "precision": 0.6447990424764766,
        "recall": 0.33676092544987146,
        "f1-score": 0.33388112694096644,
        "support": 778
    }
}