{
    "R2": 0.9316627354313455,
    "RMSE": 5.071908006064324,
    "MSE": 25.72425082197939,
    "MAPE": 0.04551987573364418,
    "ACMAPE": 1.3719980248339012
}