{
    "DOWN": {
        "precision": 0.6889632107023411,
        "recall": 0.9196428571428571,
        "f1-score": 0.7877629063097513,
        "support": 224
    },
    "UP": {
        "precision": 0.35714285714285715,
        "recall": 0.0970873786407767,
        "f1-score": 0.15267175572519082,
        "support": 103
    },
    "accuracy": 0.6605504587155964,
    "macro avg": {
        "precision": 0.5230530339225992,
        "recall": 0.5083651178918169,
        "f1-score": 0.4702173310174711,
        "support": 327
    },
    "weighted avg": {
        "precision": 0.5844448730368156,
        "recall": 0.6605504587155964,
        "f1-score": 0.5877189047494769,
        "support": 327
    }
}