{
    "DOWN": {
        "precision": 0.9104227710339055,
        "recall": 0.6016597510373444,
        "f1-score": 0.7245169886742172,
        "support": 3615
    },
    "UP": {
        "precision": 0.16666666666666666,
        "recall": 0.5737051792828686,
        "f1-score": 0.25829596412556055,
        "support": 502
    },
    "accuracy": 0.5982511537527325,
    "macro avg": {
        "precision": 0.5385447188502861,
        "recall": 0.5876824651601065,
        "f1-score": 0.4914064763998889,
        "support": 4117
    },
    "weighted avg": {
        "precision": 0.8197340257357869,
        "recall": 0.5982511537527325,
        "f1-score": 0.6676690522342305,
        "support": 4117
    }
}