{
    "R2": -0.24905900667689718,
    "RMSE": 1102.810963166201,
    "MSE": 1216192.020479564,
    "MAPE": 0.3562106547932139,
    "ACMAPE": 1.1674851645971356
}