{
    "R2": -289.6583113833035,
    "RMSE": 113.82636605695883,
    "MSE": 12956.44160973279,
    "MAPE": 1.5550331465173683,
    "ACMAPE": 3.380810924295146
}