{
    "R2": 0.9765958327999814,
    "RMSE": 16.12466384956029,
    "MSE": 260.00478426131644,
    "MAPE": 0.034419896106840805,
    "ACMAPE": 0.9283300641972237
}