{
    "R2": 0.034538143747364414,
    "RMSE": 5.135905877006164,
    "MSE": 26.377529177466457,
    "MAPE": 0.020391050143582282,
    "ACMAPE": 0.7556851677906412
}