{
    "R2": 0.8771547005229882,
    "RMSE": 70.15221960144169,
    "MSE": 4921.333915008899,
    "MAPE": 0.1074387890072472,
    "ACMAPE": 0.9085514454745629
}