{
    "DOWN": {
        "precision": 0.8403361344537815,
        "recall": 0.26595744680851063,
        "f1-score": 0.4040404040404041,
        "support": 376
    },
    "UP": {
        "precision": 0.08609271523178808,
        "recall": 0.5777777777777777,
        "f1-score": 0.14985590778097982,
        "support": 45
    },
    "accuracy": 0.2992874109263658,
    "macro avg": {
        "precision": 0.4632144248427848,
        "recall": 0.4218676122931442,
        "f1-score": 0.27694815591069194,
        "support": 421
    },
    "weighted avg": {
        "precision": 0.7597162915440673,
        "recall": 0.2992874109263658,
        "f1-score": 0.3768710398321521,
        "support": 421
    }
}