{
    "R2": -0.8746480421886798,
    "RMSE": 49.98666508316231,
    "MSE": 2498.666686136238,
    "MAPE": 0.15714384442103094,
    "ACMAPE": 1.0716737589509455
}