{
    "R2": 0.9334964957606701,
    "RMSE": 675.8784857286279,
    "MSE": 456811.7274708231,
    "MAPE": 0.05679077281945605,
    "ACMAPE": 1.2194471732044416
}