{
    "R2": 0.6675448992046547,
    "RMSE": 108.71448221635879,
    "MSE": 11818.83864357099,
    "MAPE": 0.07888147311992456,
    "ACMAPE": 0.9434849547446829
}