{
    "R2": 0.992752108479618,
    "RMSE": 45.323918592031845,
    "MSE": 2054.2575965371298,
    "MAPE": 0.03775986032675605,
    "ACMAPE": 0.9093791687827643
}