{
    "DOWN": {
        "precision": 0.5398773006134969,
        "recall": 0.9530685920577617,
        "f1-score": 0.6892950391644908,
        "support": 277
    },
    "UP": {
        "precision": 0.48,
        "recall": 0.05063291139240506,
        "f1-score": 0.0916030534351145,
        "support": 237
    },
    "accuracy": 0.5369649805447471,
    "macro avg": {
        "precision": 0.5099386503067485,
        "recall": 0.5018507517250834,
        "f1-score": 0.39044904629980265,
        "support": 514
    },
    "weighted avg": {
        "precision": 0.5122685063617483,
        "recall": 0.5369649805447471,
        "f1-score": 0.41370554379900015,
        "support": 514
    }
}