{
    "R2": 0.9582451976375154,
    "RMSE": 227.6558404460601,
    "MSE": 51827.18168920197,
    "MAPE": 0.06004588161990901,
    "ACMAPE": 1.4998339355698127
}