{
    "R2": 0.9736371280584174,
    "RMSE": 16.763933347654085,
    "MSE": 281.0294612845887,
    "MAPE": 0.04213150082148346,
    "ACMAPE": 0.9571037743889511
}