{
    "DOWN": {
        "precision": 0.5987261146496815,
        "recall": 0.27485380116959063,
        "f1-score": 0.3767535070140281,
        "support": 342
    },
    "UP": {
        "precision": 0.4232558139534884,
        "recall": 0.7428571428571429,
        "f1-score": 0.5392592592592592,
        "support": 245
    },
    "accuracy": 0.47018739352640543,
    "macro avg": {
        "precision": 0.510990964301585,
        "recall": 0.5088554720133668,
        "f1-score": 0.45800638313664366,
        "support": 587
    },
    "weighted avg": {
        "precision": 0.5254889363352568,
        "recall": 0.47018739352640543,
        "f1-score": 0.4445795875933835,
        "support": 587
    }
}