{
    "R2": -34.81402028364711,
    "RMSE": 251.57031538239414,
    "MSE": 63287.62358159726,
    "MAPE": 1.469656541918161,
    "ACMAPE": 2.3115683066240433
}