{
    "DOWN": {
        "precision": 0.8387096774193549,
        "recall": 0.045936395759717315,
        "f1-score": 0.08710217755443886,
        "support": 566
    },
    "UP": {
        "precision": 0.09698996655518395,
        "recall": 0.9206349206349206,
        "f1-score": 0.17549167927382753,
        "support": 63
    },
    "accuracy": 0.13354531001589826,
    "macro avg": {
        "precision": 0.46784982198726943,
        "recall": 0.48328565819731895,
        "f1-score": 0.1312969284141332,
        "support": 629
    },
    "weighted avg": {
        "precision": 0.7644197858701612,
        "recall": 0.13354531001589826,
        "f1-score": 0.09595518011138876,
        "support": 629
    }
}