{
    "DOWN": {
        "precision": 0.6693548387096774,
        "recall": 0.18568232662192394,
        "f1-score": 0.29071803852889666,
        "support": 447
    },
    "UP": {
        "precision": 0.3246753246753247,
        "recall": 0.8101851851851852,
        "f1-score": 0.46357615894039733,
        "support": 216
    },
    "accuracy": 0.3891402714932127,
    "macro avg": {
        "precision": 0.497015081692501,
        "recall": 0.4979337559035546,
        "f1-score": 0.377147098734647,
        "support": 663
    },
    "weighted avg": {
        "precision": 0.5570610603817435,
        "recall": 0.3891402714932127,
        "f1-score": 0.3470338062647702,
        "support": 663
    }
}