{
    "R2": 0.07886264715013347,
    "RMSE": 5189.995996019226,
    "MSE": 26936058.4386956,
    "MAPE": 0.21074252695897389,
    "ACMAPE": 1.130410116986675
}