{
    "DOWN": {
        "precision": 0.7908291457286433,
        "recall": 0.3873846153846154,
        "f1-score": 0.520033044196613,
        "support": 3250
    },
    "UP": {
        "precision": 0.2545862972669412,
        "recall": 0.6712734452122409,
        "f1-score": 0.3691639522258415,
        "support": 1013
    },
    "accuracy": 0.4548440065681445,
    "macro avg": {
        "precision": 0.5227077214977922,
        "recall": 0.5293290302984281,
        "f1-score": 0.4445984982112272,
        "support": 4263
    },
    "weighted avg": {
        "precision": 0.6634038570840963,
        "recall": 0.4548440065681445,
        "f1-score": 0.48418261253665723,
        "support": 4263
    }
}