{
    "R2": 0.9903127927918033,
    "RMSE": 31.7877392750145,
    "MSE": 1010.4603682162992,
    "MAPE": 0.051784014264496935,
    "ACMAPE": 1.0137265778881253
}