{
    "DOWN": {
        "precision": 0.8220732336255802,
        "recall": 0.48865726548129984,
        "f1-score": 0.6129590463372429,
        "support": 3262
    },
    "UP": {
        "precision": 0.2868747327917914,
        "recall": 0.6604330708661418,
        "f1-score": 0.4,
        "support": 1016
    },
    "accuracy": 0.52945301542777,
    "macro avg": {
        "precision": 0.5544739832086858,
        "recall": 0.5745451681737208,
        "f1-score": 0.5064795231686214,
        "support": 4278
    },
    "weighted avg": {
        "precision": 0.694966717298528,
        "recall": 0.52945301542777,
        "f1-score": 0.5623825173333535,
        "support": 4278
    }
}