{
    "DOWN": {
        "precision": 0.7692307692307693,
        "recall": 0.6367924528301887,
        "f1-score": 0.6967741935483871,
        "support": 1272
    },
    "UP": {
        "precision": 0.32653061224489793,
        "recall": 0.4796573875802998,
        "f1-score": 0.388551604509974,
        "support": 467
    },
    "accuracy": 0.5945945945945946,
    "macro avg": {
        "precision": 0.5478806907378336,
        "recall": 0.5582249202052443,
        "f1-score": 0.5426628990291805,
        "support": 1739
    },
    "weighted avg": {
        "precision": 0.6503457932029361,
        "recall": 0.5945945945945946,
        "f1-score": 0.6140025149509524,
        "support": 1739
    }
}