{
    "DOWN": {
        "precision": 0.6872586872586872,
        "recall": 0.614853195164076,
        "f1-score": 0.6490428441203281,
        "support": 579
    },
    "UP": {
        "precision": 0.36103151862464183,
        "recall": 0.4375,
        "f1-score": 0.3956043956043956,
        "support": 288
    },
    "accuracy": 0.5559400230680508,
    "macro avg": {
        "precision": 0.5241451029416645,
        "recall": 0.526176597582038,
        "f1-score": 0.5223236198623619,
        "support": 867
    },
    "weighted avg": {
        "precision": 0.5788925689581047,
        "recall": 0.5559400230680508,
        "f1-score": 0.5648556778312986,
        "support": 867
    }
}