{
    "DOWN": {
        "precision": 0.7362068965517241,
        "recall": 0.7557522123893805,
        "f1-score": 0.7458515283842795,
        "support": 565
    },
    "UP": {
        "precision": 0.39473684210526316,
        "recall": 0.37037037037037035,
        "f1-score": 0.38216560509554137,
        "support": 243
    },
    "accuracy": 0.6398514851485149,
    "macro avg": {
        "precision": 0.5654718693284937,
        "recall": 0.5630612913798754,
        "f1-score": 0.5640085667399104,
        "support": 808
    },
    "weighted avg": {
        "precision": 0.6335123133456722,
        "recall": 0.6398514851485149,
        "f1-score": 0.6364756875932357,
        "support": 808
    }
}