{
    "R2": 0.949463130715872,
    "RMSE": 78.86382442466032,
    "MSE": 6219.50280288365,
    "MAPE": 0.03213092307347665,
    "ACMAPE": 0.8958936663542921
}