{
    "DOWN": {
        "precision": 0.6422018348623854,
        "recall": 0.0779510022271715,
        "f1-score": 0.13902681231380337,
        "support": 898
    },
    "UP": {
        "precision": 0.10583153347732181,
        "recall": 0.7153284671532847,
        "f1-score": 0.18438381937911574,
        "support": 137
    },
    "accuracy": 0.16231884057971013,
    "macro avg": {
        "precision": 0.37401668416985356,
        "recall": 0.39663973469022806,
        "f1-score": 0.16170531584645956,
        "support": 1035
    },
    "weighted avg": {
        "precision": 0.5712040268529616,
        "recall": 0.16231884057971013,
        "f1-score": 0.14503059006061284,
        "support": 1035
    }
}