{
    "R2": 0.9363962894241686,
    "RMSE": 121.88921969375636,
    "MSE": 14856.981877552804,
    "MAPE": 0.02290588565337293,
    "ACMAPE": 0.8845659647047562
}