{
    "DOWN": {
        "precision": 0.9165354330708662,
        "recall": 0.35294117647058826,
        "f1-score": 0.5096322241681261,
        "support": 3298
    },
    "UP": {
        "precision": 0.08647260273972603,
        "recall": 0.6558441558441559,
        "f1-score": 0.15279878971255673,
        "support": 308
    },
    "accuracy": 0.3788130892956184,
    "macro avg": {
        "precision": 0.5015040179052961,
        "recall": 0.5043926661573721,
        "f1-score": 0.3312155069403414,
        "support": 3606
    },
    "weighted avg": {
        "precision": 0.8456371103470749,
        "recall": 0.3788130892956184,
        "f1-score": 0.47915393858512134,
        "support": 3606
    }
}