{
    "DOWN": {
        "precision": 0.6144578313253012,
        "recall": 0.4544208361891707,
        "f1-score": 0.5224586288416075,
        "support": 2918
    },
    "UP": {
        "precision": 0.3140887548470487,
        "recall": 0.46700832799487507,
        "f1-score": 0.37557959814528596,
        "support": 1561
    },
    "accuracy": 0.45880776959142666,
    "macro avg": {
        "precision": 0.46427329308617493,
        "recall": 0.4607145820920229,
        "f1-score": 0.44901911349344675,
        "support": 4479
    },
    "weighted avg": {
        "precision": 0.509774614450429,
        "recall": 0.45880776959142666,
        "f1-score": 0.4712690403359237,
        "support": 4479
    }
}