{
    "DOWN": {
        "precision": 0.6944444444444444,
        "recall": 0.5924170616113744,
        "f1-score": 0.639386189258312,
        "support": 211
    },
    "UP": {
        "precision": 0.44871794871794873,
        "recall": 0.56,
        "f1-score": 0.49822064056939513,
        "support": 125
    },
    "accuracy": 0.5803571428571429,
    "macro avg": {
        "precision": 0.5715811965811965,
        "recall": 0.5762085308056872,
        "f1-score": 0.5688034149138536,
        "support": 336
    },
    "weighted avg": {
        "precision": 0.6030283374033374,
        "recall": 0.5803571428571429,
        "f1-score": 0.5868692440615424,
        "support": 336
    }
}