{
    "R2": 0.9808682900535368,
    "RMSE": 45.59259245656371,
    "MSE": 2078.6844869103097,
    "MAPE": 0.04417737769178826,
    "ACMAPE": 0.9958731639199486
}