{
    "DOWN": {
        "precision": 0.6306306306306306,
        "recall": 0.2692307692307692,
        "f1-score": 0.37735849056603776,
        "support": 260
    },
    "UP": {
        "precision": 0.3811074918566775,
        "recall": 0.740506329113924,
        "f1-score": 0.503225806451613,
        "support": 158
    },
    "accuracy": 0.4473684210526316,
    "macro avg": {
        "precision": 0.505869061243654,
        "recall": 0.5048685491723466,
        "f1-score": 0.44029214850882537,
        "support": 418
    },
    "weighted avg": {
        "precision": 0.5363132719553086,
        "recall": 0.4473684210526316,
        "f1-score": 0.42493513149886286,
        "support": 418
    }
}