{
    "DOWN": {
        "precision": 0.60790273556231,
        "recall": 0.7766990291262136,
        "f1-score": 0.6820119352088662,
        "support": 515
    },
    "UP": {
        "precision": 0.36813186813186816,
        "recall": 0.20615384615384616,
        "f1-score": 0.2642998027613413,
        "support": 325
    },
    "accuracy": 0.555952380952381,
    "macro avg": {
        "precision": 0.4880173018470891,
        "recall": 0.49142643764002986,
        "f1-score": 0.47315586898510376,
        "support": 840
    },
    "weighted avg": {
        "precision": 0.5151342451874367,
        "recall": 0.555952380952381,
        "f1-score": 0.5203971220595262,
        "support": 840
    }
}