{
    "R2": 0.5214497393391491,
    "RMSE": 129.89339526716495,
    "MSE": 16872.294134031952,
    "MAPE": 0.10725753252982731,
    "ACMAPE": 1.2809102271406057
}