{
    "DOWN": {
        "precision": 0.6658097686375322,
        "recall": 0.32993630573248406,
        "f1-score": 0.4412265758091994,
        "support": 3140
    },
    "UP": {
        "precision": 0.2437095614665708,
        "recall": 0.5659432387312187,
        "f1-score": 0.3407035175879397,
        "support": 1198
    },
    "accuracy": 0.39511295527893037,
    "macro avg": {
        "precision": 0.45475966505205145,
        "recall": 0.44793977223185133,
        "f1-score": 0.3909650466985696,
        "support": 4338
    },
    "weighted avg": {
        "precision": 0.5492408317562939,
        "recall": 0.39511295527893037,
        "f1-score": 0.4134657127965048,
        "support": 4338
    }
}