{
    "DOWN": {
        "precision": 0.6825,
        "recall": 0.4990859232175503,
        "f1-score": 0.5765575501583949,
        "support": 547
    },
    "UP": {
        "precision": 0.33495145631067963,
        "recall": 0.5207547169811321,
        "f1-score": 0.4076809453471197,
        "support": 265
    },
    "accuracy": 0.5061576354679803,
    "macro avg": {
        "precision": 0.5087257281553398,
        "recall": 0.5099203200993412,
        "f1-score": 0.4921192477527573,
        "support": 812
    },
    "weighted avg": {
        "precision": 0.5690759063082883,
        "recall": 0.5061576354679803,
        "f1-score": 0.521443879869001,
        "support": 812
    }
}