{
    "R2": 0.8605386888218742,
    "RMSE": 23.489728862919968,
    "MSE": 551.7673620534954,
    "MAPE": 0.027381259760366972,
    "ACMAPE": 0.8518710556787342
}