{
    "R2": 0.917431673943888,
    "RMSE": 22.479617449380232,
    "MSE": 505.3332006704802,
    "MAPE": 0.0757783007984646,
    "ACMAPE": 1.076740764706068
}