{
    "DOWN": {
        "precision": 0.7437020810514786,
        "recall": 0.5691533948030176,
        "f1-score": 0.6448243114909782,
        "support": 2386
    },
    "UP": {
        "precision": 0.36621454993834773,
        "recall": 0.559322033898305,
        "f1-score": 0.4426229508196722,
        "support": 1062
    },
    "accuracy": 0.5661252900232019,
    "macro avg": {
        "precision": 0.5549583154949131,
        "recall": 0.5642377143506614,
        "f1-score": 0.5437236311553252,
        "support": 3448
    },
    "weighted avg": {
        "precision": 0.6274341697863554,
        "recall": 0.5661252900232019,
        "f1-score": 0.5825453541148393,
        "support": 3448
    }
}