{
    "R2": -0.5084895563988621,
    "RMSE": 109.22716011553304,
    "MSE": 11930.572506904291,
    "MAPE": 0.6719584589887548,
    "ACMAPE": 1.8264648967569952
}