{
    "R2": 0.44860882042625605,
    "RMSE": 5.516070329685928,
    "MSE": 30.42703188204143,
    "MAPE": 0.06530805075996964,
    "ACMAPE": 0.7482348800282622
}