{
    "R2": 0.31794647500071205,
    "RMSE": 8.353085056514768,
    "MSE": 69.77402996137032,
    "MAPE": 0.11360135444004649,
    "ACMAPE": 1.5123743605750157
}