{
    "DOWN": {
        "precision": 0.7670504871567759,
        "recall": 0.5505403687221869,
        "f1-score": 0.6410066617320503,
        "support": 1573
    },
    "UP": {
        "precision": 0.33986928104575165,
        "recall": 0.580542264752791,
        "f1-score": 0.4287396937573616,
        "support": 627
    },
    "accuracy": 0.5590909090909091,
    "macro avg": {
        "precision": 0.5534598841012638,
        "recall": 0.565541316737489,
        "f1-score": 0.534873177744706,
        "support": 2200
    },
    "weighted avg": {
        "precision": 0.6453038434151339,
        "recall": 0.5590909090909091,
        "f1-score": 0.580510575859264,
        "support": 2200
    }
}