{
    "DOWN": {
        "precision": 0.9171791717917179,
        "recall": 0.5781855776686482,
        "f1-score": 0.7092580849714648,
        "support": 3869
    },
    "UP": {
        "precision": 0.09181969949916527,
        "recall": 0.44959128065395093,
        "f1-score": 0.1524953789279113,
        "support": 367
    },
    "accuracy": 0.5670443814919736,
    "macro avg": {
        "precision": 0.5044994356454416,
        "recall": 0.5138884291612995,
        "f1-score": 0.43087673194968806,
        "support": 4236
    },
    "weighted avg": {
        "precision": 0.8456713988145302,
        "recall": 0.5670443814919736,
        "f1-score": 0.6610210894289756,
        "support": 4236
    }
}