{
    "R2": 0.9897286075329795,
    "RMSE": 11.555298536392037,
    "MSE": 133.52492426514394,
    "MAPE": 0.03831637857530914,
    "ACMAPE": 0.9547755137349196
}