{
    "DOWN": {
        "precision": 0.47368421052631576,
        "recall": 0.14516129032258066,
        "f1-score": 0.2222222222222222,
        "support": 62
    },
    "UP": {
        "precision": 0.4111111111111111,
        "recall": 0.7872340425531915,
        "f1-score": 0.5401459854014599,
        "support": 47
    },
    "accuracy": 0.42201834862385323,
    "macro avg": {
        "precision": 0.44239766081871346,
        "recall": 0.46619766643788607,
        "f1-score": 0.38118410381184104,
        "support": 109
    },
    "weighted avg": {
        "precision": 0.4467031493105853,
        "recall": 0.42201834862385323,
        "f1-score": 0.3593086155196917,
        "support": 109
    }
}