{
    "DOWN": {
        "precision": 0.759090909090909,
        "recall": 0.21085858585858586,
        "f1-score": 0.3300395256916996,
        "support": 792
    },
    "UP": {
        "precision": 0.30089485458612975,
        "recall": 0.8354037267080745,
        "f1-score": 0.44243421052631576,
        "support": 322
    },
    "accuracy": 0.39138240574506283,
    "macro avg": {
        "precision": 0.5299928818385193,
        "recall": 0.5231311562833302,
        "f1-score": 0.3862368681090077,
        "support": 1114
    },
    "weighted avg": {
        "precision": 0.6266500387582888,
        "recall": 0.39138240574506283,
        "f1-score": 0.3625270378252242,
        "support": 1114
    }
}