{
    "DOWN": {
        "precision": 0.4383561643835616,
        "recall": 0.5614035087719298,
        "f1-score": 0.49230769230769234,
        "support": 114
    },
    "UP": {
        "precision": 0.39759036144578314,
        "recall": 0.28695652173913044,
        "f1-score": 0.33333333333333337,
        "support": 115
    },
    "accuracy": 0.42358078602620086,
    "macro avg": {
        "precision": 0.4179732629146724,
        "recall": 0.4241800152555301,
        "f1-score": 0.41282051282051285,
        "support": 229
    },
    "weighted avg": {
        "precision": 0.4178842546113148,
        "recall": 0.42358078602620086,
        "f1-score": 0.4124734072332326,
        "support": 229
    }
}