{
    "R2": 0.6892082794072077,
    "RMSE": 420.7913197574709,
    "MSE": 177065.3347832341,
    "MAPE": 0.21275750674261606,
    "ACMAPE": 1.3655959346902145
}