{
    "DOWN": {
        "precision": 0.8349146110056926,
        "recall": 0.5063291139240507,
        "f1-score": 0.6303724928366763,
        "support": 869
    },
    "UP": {
        "precision": 0.1686046511627907,
        "recall": 0.5,
        "f1-score": 0.25217391304347825,
        "support": 174
    },
    "accuracy": 0.5052732502396932,
    "macro avg": {
        "precision": 0.5017596310842417,
        "recall": 0.5031645569620253,
        "f1-score": 0.44127320294007727,
        "support": 1043
    },
    "weighted avg": {
        "precision": 0.7237564777241348,
        "recall": 0.5052732502396932,
        "f1-score": 0.5672789617877632,
        "support": 1043
    }
}