{
    "R2": 0.9836026608473682,
    "RMSE": 28.701061689689332,
    "MSE": 823.7509421153527,
    "MAPE": 0.061384273771917595,
    "ACMAPE": 1.006990968332587
}