{
    "R2": 0.8855357808125239,
    "RMSE": 10.420084666362664,
    "MSE": 108.5781644541663,
    "MAPE": 0.02049478132036308,
    "ACMAPE": 0.7916729702200709
}