{
    "R2": 0.982312420159034,
    "RMSE": 38.984007200432686,
    "MSE": 1519.7528174033873,
    "MAPE": 0.020859722752503022,
    "ACMAPE": 1.1983797941173557
}