{
    "R2": 0.9844068441806579,
    "RMSE": 16.347793001407474,
    "MSE": 267.25033601686715,
    "MAPE": 0.02591086241978273,
    "ACMAPE": 0.8155386332269764
}