{
    "DOWN": {
        "precision": 0.6308100929614874,
        "recall": 0.7307692307692307,
        "f1-score": 0.6771204561653599,
        "support": 650
    },
    "UP": {
        "precision": 0.38380281690140844,
        "recall": 0.28165374677002586,
        "f1-score": 0.3248882265275708,
        "support": 387
    },
    "accuracy": 0.5631629701060752,
    "macro avg": {
        "precision": 0.5073064549314479,
        "recall": 0.5062114887696283,
        "f1-score": 0.5010043413464653,
        "support": 1037
    },
    "weighted avg": {
        "precision": 0.5386289783662603,
        "recall": 0.5631629701060752,
        "f1-score": 0.5456702412474964,
        "support": 1037
    }
}