{
    "DOWN": {
        "precision": 0.6733847065797274,
        "recall": 0.41734019103600295,
        "f1-score": 0.5153095940122476,
        "support": 2722
    },
    "UP": {
        "precision": 0.35106382978723405,
        "recall": 0.6089425124201562,
        "f1-score": 0.4453672463015832,
        "support": 1409
    },
    "accuracy": 0.4826918421689664,
    "macro avg": {
        "precision": 0.5122242681834808,
        "recall": 0.5131413517280796,
        "f1-score": 0.4803384201569154,
        "support": 4131
    },
    "weighted avg": {
        "precision": 0.5634476174002011,
        "recall": 0.4826918421689664,
        "f1-score": 0.4914536831131127,
        "support": 4131
    }
}