{
    "DOWN": {
        "precision": 0.7435897435897436,
        "recall": 0.3314285714285714,
        "f1-score": 0.45849802371541504,
        "support": 350
    },
    "UP": {
        "precision": 0.37433155080213903,
        "recall": 0.7777777777777778,
        "f1-score": 0.5054151624548736,
        "support": 180
    },
    "accuracy": 0.4830188679245283,
    "macro avg": {
        "precision": 0.5589606471959413,
        "recall": 0.5546031746031745,
        "f1-score": 0.4819565930851443,
        "support": 530
    },
    "weighted avg": {
        "precision": 0.6181813007562176,
        "recall": 0.4830188679245283,
        "f1-score": 0.47443214630617453,
        "support": 530
    }
}