{
    "DOWN": {
        "precision": 0.49504950495049505,
        "recall": 0.6410256410256411,
        "f1-score": 0.558659217877095,
        "support": 78
    },
    "UP": {
        "precision": 0.5087719298245614,
        "recall": 0.3625,
        "f1-score": 0.42335766423357657,
        "support": 80
    },
    "accuracy": 0.5,
    "macro avg": {
        "precision": 0.5019107173875282,
        "recall": 0.5017628205128205,
        "f1-score": 0.4910084410553358,
        "support": 158
    },
    "weighted avg": {
        "precision": 0.5019975681778706,
        "recall": 0.5,
        "f1-score": 0.49015210210822496,
        "support": 158
    }
}