{
    "R2": 0.9728344932792781,
    "RMSE": 15.802292352514646,
    "MSE": 249.7124435943429,
    "MAPE": 0.06691350123589657,
    "ACMAPE": 1.1553112912911452
}