{
    "DOWN": {
        "precision": 0.9518248175182482,
        "recall": 0.6251198465963567,
        "f1-score": 0.7546296296296298,
        "support": 1043
    },
    "UP": {
        "precision": 0.08857808857808858,
        "recall": 0.5352112676056338,
        "f1-score": 0.152,
        "support": 71
    },
    "accuracy": 0.6193895870736086,
    "macro avg": {
        "precision": 0.5202014530481684,
        "recall": 0.5801655571009952,
        "f1-score": 0.4533148148148149,
        "support": 1114
    },
    "weighted avg": {
        "precision": 0.8968063994260119,
        "recall": 0.6193895870736086,
        "f1-score": 0.7162214575437198,
        "support": 1114
    }
}