{
    "R2": 0.7920867056107318,
    "RMSE": 34.65235625746955,
    "MSE": 1200.7857941945892,
    "MAPE": 0.06101050881729135,
    "ACMAPE": 0.7721216199284023
}