{
    "DOWN": {
        "precision": 0.872207327971403,
        "recall": 0.4846077457795432,
        "f1-score": 0.6230450047877434,
        "support": 2014
    },
    "UP": {
        "precision": 0.25857142857142856,
        "recall": 0.7168316831683168,
        "f1-score": 0.38005249343832015,
        "support": 505
    },
    "accuracy": 0.5311631599841207,
    "macro avg": {
        "precision": 0.5653893782714158,
        "recall": 0.60071971447393,
        "f1-score": 0.5015487491130317,
        "support": 2519
    },
    "weighted avg": {
        "precision": 0.7491878245188476,
        "recall": 0.5311631599841207,
        "f1-score": 0.574330745862988,
        "support": 2519
    }
}