{
    "R2": 0.8400974230859336,
    "RMSE": 36.90828011144727,
    "MSE": 1362.221140785054,
    "MAPE": 0.15825509827011622,
    "ACMAPE": 1.3653556899860926
}