{
    "R2": -5.900396430781914,
    "RMSE": 15.025544141524636,
    "MSE": 225.7669767489053,
    "MAPE": 0.10494272466940792,
    "ACMAPE": 1.104942724669408
}