{
    "DOWN": {
        "precision": 0.7301293900184843,
        "recall": 0.5204216073781291,
        "f1-score": 0.6076923076923078,
        "support": 759
    },
    "UP": {
        "precision": 0.30798479087452474,
        "recall": 0.525974025974026,
        "f1-score": 0.38848920863309355,
        "support": 308
    },
    "accuracy": 0.5220243673851921,
    "macro avg": {
        "precision": 0.5190570904465045,
        "recall": 0.5231978166760776,
        "f1-score": 0.49809075816270065,
        "support": 1067
    },
    "weighted avg": {
        "precision": 0.6082732170697125,
        "recall": 0.5220243673851921,
        "f1-score": 0.5444171863143903,
        "support": 1067
    }
}