{
    "R2": 0.3417065559862589,
    "RMSE": 2.0589428505836134,
    "MSE": 4.239245661969375,
    "MAPE": 0.03365279828682423,
    "ACMAPE": 1.5536527982868242
}