{
    "R2": 0.4387275628368823,
    "RMSE": 1.9011718927845556,
    "MSE": 3.6144545659140097,
    "MAPE": 0.023296400392277095,
    "ACMAPE": 1.0632964003922771
}