{
    "R2": 0.34441421807036754,
    "RMSE": 67.1174362499126,
    "MSE": 4504.750248761082,
    "MAPE": 0.035374028516409355,
    "ACMAPE": 0.9233408334956624
}