{
    "R2": 0.939373356012307,
    "RMSE": 281.55068852054615,
    "MSE": 79270.7902063936,
    "MAPE": 0.5673531519738533,
    "ACMAPE": 1.2143975473626196
}