{
    "R2": 0.9604931212631859,
    "RMSE": 227.35948843409585,
    "MSE": 51692.33698101377,
    "MAPE": 0.2901979951587183,
    "ACMAPE": 1.035218895084954
}