{
    "DOWN": {
        "precision": 0.6457268078889701,
        "recall": 0.3329566854990584,
        "f1-score": 0.4393638170974155,
        "support": 2655
    },
    "UP": {
        "precision": 0.35506190823015293,
        "recall": 0.6678082191780822,
        "f1-score": 0.46362339514978596,
        "support": 1460
    },
    "accuracy": 0.4517618469015796,
    "macro avg": {
        "precision": 0.5003943580595616,
        "recall": 0.5003824523385703,
        "f1-score": 0.45149360612360073,
        "support": 4115
    },
    "weighted avg": {
        "precision": 0.542599042760933,
        "recall": 0.4517618469015796,
        "f1-score": 0.44797110359959313,
        "support": 4115
    }
}