{
    "R2": 0.9666887280717558,
    "RMSE": 68.65957023552575,
    "MSE": 4714.136584927092,
    "MAPE": 0.38546074519972023,
    "ACMAPE": 1.2129575026575672
}