{
    "R2": 0.9600738420991052,
    "RMSE": 108.4100897516807,
    "MSE": 11752.747559967464,
    "MAPE": 0.0530445649803721,
    "ACMAPE": 1.0142096135240615
}