{
    "R2": 0.9881941680624721,
    "RMSE": 4.197006146487972,
    "MSE": 17.614860593657816,
    "MAPE": 0.025822899231936806,
    "ACMAPE": 1.3462767477446629
}