{
    "R2": 0.9479497467372108,
    "RMSE": 12.064704996768535,
    "MSE": 145.55710665905167,
    "MAPE": 0.04978543050762998,
    "ACMAPE": 0.4541971952135122
}