{
    "R2": 0.9793876255842204,
    "RMSE": 5.551813651484423,
    "MSE": 30.8226348208088,
    "MAPE": 0.03326677107779219,
    "ACMAPE": 1.3786433785487047
}