{
    "R2": 0.9290262531068122,
    "RMSE": 111.32545280544619,
    "MSE": 12393.356442337628,
    "MAPE": 0.10132046605307357,
    "ACMAPE": 0.6978551195184202
}