{
    "DOWN": {
        "precision": 0.7605633802816901,
        "recall": 0.5046728971962616,
        "f1-score": 0.6067415730337078,
        "support": 107
    },
    "UP": {
        "precision": 0.38372093023255816,
        "recall": 0.66,
        "f1-score": 0.4852941176470589,
        "support": 50
    },
    "accuracy": 0.554140127388535,
    "macro avg": {
        "precision": 0.5721421552571242,
        "recall": 0.5823364485981308,
        "f1-score": 0.5460178453403833,
        "support": 157
    },
    "weighted avg": {
        "precision": 0.6405498611577628,
        "recall": 0.554140127388535,
        "f1-score": 0.5680640394710808,
        "support": 157
    }
}