{
    "R2": 0.9867171332640156,
    "RMSE": 23.6497749874259,
    "MSE": 559.3118569558757,
    "MAPE": 0.046021092833831545,
    "ACMAPE": 0.8511247610953947
}