{
    "DOWN": {
        "precision": 0.7929226736566186,
        "recall": 0.5696798493408662,
        "f1-score": 0.663013698630137,
        "support": 1062
    },
    "UP": {
        "precision": 0.31689088191330345,
        "recall": 0.572972972972973,
        "f1-score": 0.4080846968238691,
        "support": 370
    },
    "accuracy": 0.5705307262569832,
    "macro avg": {
        "precision": 0.554906777784961,
        "recall": 0.5713264111569196,
        "f1-score": 0.535549197727003,
        "support": 1432
    },
    "weighted avg": {
        "precision": 0.6699256324938906,
        "recall": 0.5705307262569832,
        "f1-score": 0.5971451716271209,
        "support": 1432
    }
}