{
    "R2": 0.5518308498306228,
    "RMSE": 10.709136655906473,
    "MSE": 114.68560791487967,
    "MAPE": 0.04602071101693935,
    "ACMAPE": 0.9840175313667009
}