{
    "R2": 0.8160157396158564,
    "RMSE": 4.398159552758288,
    "MSE": 19.34380745151898,
    "MAPE": 0.018842122098016053,
    "ACMAPE": 0.9313421220980161
}