{
    "DOWN": {
        "precision": 0.7303370786516854,
        "recall": 0.37273016884358073,
        "f1-score": 0.49356675806791817,
        "support": 3139
    },
    "UP": {
        "precision": 0.16532428995337006,
        "recall": 0.4744525547445255,
        "f1-score": 0.24520591009116632,
        "support": 822
    },
    "accuracy": 0.3938399394092401,
    "macro avg": {
        "precision": 0.4478306843025277,
        "recall": 0.4235913617940531,
        "f1-score": 0.36938633407954224,
        "support": 3961
    },
    "weighted avg": {
        "precision": 0.6130837304290105,
        "recall": 0.3938399394092401,
        "f1-score": 0.4420260822191704,
        "support": 3961
    }
}