{
    "R2": 0.8905655271426048,
    "RMSE": 6.218642916323798,
    "MSE": 38.67151972074416,
    "MAPE": 0.029500197955979534,
    "ACMAPE": 0.19902592954023796
}