{
    "DOWN": {
        "precision": 0.7014787430683919,
        "recall": 0.23232323232323232,
        "f1-score": 0.3490457576454357,
        "support": 3267
    },
    "UP": {
        "precision": 0.16344229486324216,
        "recall": 0.6027060270602707,
        "f1-score": 0.25715035423773286,
        "support": 813
    },
    "accuracy": 0.3061274509803922,
    "macro avg": {
        "precision": 0.432460518965817,
        "recall": 0.41751462969175146,
        "f1-score": 0.3030980559415843,
        "support": 4080
    },
    "weighted avg": {
        "precision": 0.5942670684628069,
        "recall": 0.3061274509803922,
        "f1-score": 0.3307342471134596,
        "support": 4080
    }
}