{
    "R2": 0.9714538919549841,
    "RMSE": 230.5993065535582,
    "MSE": 53176.0401829819,
    "MAPE": 0.06656998354769927,
    "ACMAPE": 1.2245608511276078
}