{
    "DOWN": {
        "precision": 0.7303571428571428,
        "recall": 0.6023564064801178,
        "f1-score": 0.6602098466505245,
        "support": 679
    },
    "UP": {
        "precision": 0.4386694386694387,
        "recall": 0.5828729281767956,
        "f1-score": 0.5005931198102016,
        "support": 362
    },
    "accuracy": 0.595581171950048,
    "macro avg": {
        "precision": 0.5845132907632907,
        "recall": 0.5926146673284567,
        "f1-score": 0.580401483230363,
        "support": 1041
    },
    "weighted avg": {
        "precision": 0.6289249152721775,
        "recall": 0.595581171950048,
        "f1-score": 0.6047043182007676,
        "support": 1041
    }
}