{
    "R2": 0.9927445564703876,
    "RMSE": 117.23417922224645,
    "MSE": 13743.852777913802,
    "MAPE": 0.2183498882367915,
    "ACMAPE": 1.0138099220450505
}