{
    "DOWN": {
        "precision": 0.779781680113906,
        "recall": 0.5189513581806696,
        "f1-score": 0.6231746633794805,
        "support": 3166
    },
    "UP": {
        "precision": 0.3366724738675958,
        "recall": 0.6248989490703315,
        "f1-score": 0.43758845174073024,
        "support": 1237
    },
    "accuracy": 0.5487167840109016,
    "macro avg": {
        "precision": 0.5582270769907509,
        "recall": 0.5719251536255006,
        "f1-score": 0.5303815575601054,
        "support": 4403
    },
    "weighted avg": {
        "precision": 0.6552924481977839,
        "recall": 0.5487167840109016,
        "f1-score": 0.5710351803458367,
        "support": 4403
    }
}