{
    "DOWN": {
        "precision": 0.6505757307351638,
        "recall": 0.5123822811301012,
        "f1-score": 0.5732682926829269,
        "support": 2867
    },
    "UP": {
        "precision": 0.369702434625789,
        "recall": 0.509633312616532,
        "f1-score": 0.42853409981708906,
        "support": 1609
    },
    "accuracy": 0.5113941018766756,
    "macro avg": {
        "precision": 0.5101390826804764,
        "recall": 0.5110077968733167,
        "f1-score": 0.500901196250008,
        "support": 4476
    },
    "weighted avg": {
        "precision": 0.5496094364009405,
        "recall": 0.5113941018766756,
        "f1-score": 0.5212402952921465,
        "support": 4476
    }
}