{
    "DOWN": {
        "precision": 0.5310880829015544,
        "recall": 0.5176767676767676,
        "f1-score": 0.5242966751918158,
        "support": 396
    },
    "UP": {
        "precision": 0.44476744186046513,
        "recall": 0.45808383233532934,
        "f1-score": 0.45132743362831856,
        "support": 334
    },
    "accuracy": 0.4904109589041096,
    "macro avg": {
        "precision": 0.48792776238100977,
        "recall": 0.4878803000060485,
        "f1-score": 0.48781205441006714,
        "support": 730
    },
    "weighted avg": {
        "precision": 0.49159343343891904,
        "recall": 0.4904109589041096,
        "f1-score": 0.4909107482298869,
        "support": 730
    }
}