{
    "R2": 0.9956967236300744,
    "RMSE": 189.0690721001151,
    "MSE": 35747.114024798524,
    "MAPE": 0.08762684032267108,
    "ACMAPE": 1.0770626685986882
}