{
    "R2": 0.8900032071963734,
    "RMSE": 24.53140283344132,
    "MSE": 601.7897249765728,
    "MAPE": 0.0759143696588404,
    "ACMAPE": 0.9888357179734472
}