{
    "DOWN": {
        "precision": 0.7748091603053435,
        "recall": 0.2650130548302872,
        "f1-score": 0.3949416342412451,
        "support": 766
    },
    "UP": {
        "precision": 0.2791293213828425,
        "recall": 0.7870036101083032,
        "f1-score": 0.41209829867674863,
        "support": 277
    },
    "accuracy": 0.40364333652924256,
    "macro avg": {
        "precision": 0.526969240844093,
        "recall": 0.5260083324692952,
        "f1-score": 0.4035199664589969,
        "support": 1043
    },
    "weighted avg": {
        "precision": 0.6431664801696457,
        "recall": 0.40364333652924256,
        "f1-score": 0.3994981021689867,
        "support": 1043
    }
}