{
    "DOWN": {
        "precision": 0.7282051282051282,
        "recall": 0.185378590078329,
        "f1-score": 0.29552549427679503,
        "support": 766
    },
    "UP": {
        "precision": 0.2641509433962264,
        "recall": 0.8086642599277978,
        "f1-score": 0.3982222222222222,
        "support": 277
    },
    "accuracy": 0.35091083413231067,
    "macro avg": {
        "precision": 0.4961780358006773,
        "recall": 0.4970214250030634,
        "f1-score": 0.3468738582495086,
        "support": 1043
    },
    "weighted avg": {
        "precision": 0.6049615911082291,
        "recall": 0.35091083413231067,
        "f1-score": 0.3227996971923112,
        "support": 1043
    }
}