{
    "DOWN": {
        "precision": 0.8435897435897436,
        "recall": 0.5501672240802675,
        "f1-score": 0.6659919028340081,
        "support": 598
    },
    "UP": {
        "precision": 0.3422982885085575,
        "recall": 0.6965174129353234,
        "f1-score": 0.45901639344262307,
        "support": 201
    },
    "accuracy": 0.5869837296620776,
    "macro avg": {
        "precision": 0.5929440160491506,
        "recall": 0.6233423185077955,
        "f1-score": 0.5625041481383156,
        "support": 799
    },
    "weighted avg": {
        "precision": 0.7174826316106216,
        "recall": 0.5869837296620776,
        "f1-score": 0.6139242214977523,
        "support": 799
    }
}