{
    "R2": 0.9891052898666263,
    "RMSE": 22.697678449360456,
    "MSE": 515.1846069905621,
    "MAPE": 0.034279343197963025,
    "ACMAPE": 1.4379749272881606
}