{
    "DOWN": {
        "precision": 0.7541899441340782,
        "recall": 0.47093023255813954,
        "f1-score": 0.5798138869005011,
        "support": 860
    },
    "UP": {
        "precision": 0.20454545454545456,
        "recall": 0.46987951807228917,
        "f1-score": 0.2850182704019489,
        "support": 249
    },
    "accuracy": 0.47069431920649235,
    "macro avg": {
        "precision": 0.4793676993397664,
        "recall": 0.47040487531521435,
        "f1-score": 0.432416078651225,
        "support": 1109
    },
    "weighted avg": {
        "precision": 0.6307801353806362,
        "recall": 0.47069431920649235,
        "f1-score": 0.5136244292736846,
        "support": 1109
    }
}