{
    "R2": 0.7447868065487045,
    "RMSE": 35.97108004588076,
    "MSE": 1293.918599667161,
    "MAPE": 0.08693511909492418,
    "ACMAPE": 1.1640064100390475
}