{
    "R2": 0.9433360039396689,
    "RMSE": 8.83288028697139,
    "MSE": 78.01977416396778,
    "MAPE": 0.0799822603600113,
    "ACMAPE": 1.2814125344958873
}