{
    "R2": 0.9891716658159229,
    "RMSE": 198.50623492783058,
    "MSE": 39404.725305223066,
    "MAPE": 0.034669651167926675,
    "ACMAPE": 1.0017958441689871
}