{
    "R2": 0.8916756969978139,
    "RMSE": 4030.4201970587906,
    "MSE": 16244286.96485942,
    "MAPE": 0.09419758598623627,
    "ACMAPE": 1.1380222871814554
}