{
    "DOWN": {
        "precision": 0.646551724137931,
        "recall": 0.1431297709923664,
        "f1-score": 0.23437499999999997,
        "support": 524
    },
    "UP": {
        "precision": 0.27697262479871176,
        "recall": 0.8075117370892019,
        "f1-score": 0.41247002398081534,
        "support": 213
    },
    "accuracy": 0.33514246947082765,
    "macro avg": {
        "precision": 0.4617621744683214,
        "recall": 0.4753207540407841,
        "f1-score": 0.32342251199040767,
        "support": 737
    },
    "weighted avg": {
        "precision": 0.5397398541796492,
        "recall": 0.33514246947082765,
        "f1-score": 0.2858461534707105,
        "support": 737
    }
}