{
    "R2": 0.9933667351644676,
    "RMSE": 19.570780463526905,
    "MSE": 383.01544795156633,
    "MAPE": 0.03876022708557002,
    "ACMAPE": 0.7745643753344649
}