{
    "DOWN": {
        "precision": 0.8538681948424068,
        "recall": 0.5211308656368405,
        "f1-score": 0.6472398190045249,
        "support": 3431
    },
    "UP": {
        "precision": 0.2035870092098885,
        "recall": 0.5785123966942148,
        "f1-score": 0.30118321979204016,
        "support": 726
    },
    "accuracy": 0.5311522732739957,
    "macro avg": {
        "precision": 0.5287276020261477,
        "recall": 0.5498216311655277,
        "f1-score": 0.47421151939828254,
        "support": 4157
    },
    "weighted avg": {
        "precision": 0.7402997222012694,
        "recall": 0.5311522732739956,
        "f1-score": 0.5868027030487241,
        "support": 4157
    }
}