{
    "R2": 0.9934111006825845,
    "RMSE": 39.74762356257942,
    "MSE": 1579.8735788725185,
    "MAPE": 0.153280987873896,
    "ACMAPE": 0.8798948044084373
}