{
    "DOWN": {
        "precision": 0.5963581183611533,
        "recall": 0.6064814814814815,
        "f1-score": 0.6013771996939556,
        "support": 648
    },
    "UP": {
        "precision": 0.42953020134228187,
        "recall": 0.4192139737991266,
        "f1-score": 0.4243093922651934,
        "support": 458
    },
    "accuracy": 0.5289330922242315,
    "macro avg": {
        "precision": 0.5129441598517176,
        "recall": 0.5128477276403041,
        "f1-score": 0.5128432959795746,
        "support": 1106
    },
    "weighted avg": {
        "precision": 0.5272738633931215,
        "recall": 0.5289330922242315,
        "f1-score": 0.5280525561113398,
        "support": 1106
    }
}