{
    "R2": 0.9958241078667678,
    "RMSE": 31.628959548605,
    "MSE": 1000.3910821272914,
    "MAPE": 0.080983369405926,
    "ACMAPE": 1.298158510648864
}