{
    "R2": 0.8058061922645088,
    "RMSE": 94.551332360097,
    "MSE": 8939.954451069529,
    "MAPE": 0.26644706543899405,
    "ACMAPE": 0.984656628002575
}