{
    "R2": 0.7536616958274438,
    "RMSE": 46.46033482215303,
    "MSE": 2158.5627117865656,
    "MAPE": 0.2690997744174492,
    "ACMAPE": 0.8315140405354191
}