{
    "R2": 0.9473634716142851,
    "RMSE": 38.42040778138763,
    "MSE": 1476.1277340881113,
    "MAPE": 0.0306729531982272,
    "ACMAPE": 0.9189708255386527
}