{
    "R2": 0.9715004846405422,
    "RMSE": 37.87295629840796,
    "MSE": 1434.3608187811196,
    "MAPE": 0.02224893630537963,
    "ACMAPE": 1.0222489363053797
}