{
    "DOWN": {
        "precision": 0.8,
        "recall": 0.7433628318584071,
        "f1-score": 0.7706422018348624,
        "support": 113
    },
    "UP": {
        "precision": 0.49122807017543857,
        "recall": 0.5714285714285714,
        "f1-score": 0.5283018867924528,
        "support": 49
    },
    "accuracy": 0.691358024691358,
    "macro avg": {
        "precision": 0.6456140350877193,
        "recall": 0.6573957016434893,
        "f1-score": 0.6494720443136577,
        "support": 162
    },
    "weighted avg": {
        "precision": 0.7066060212259043,
        "recall": 0.691358024691358,
        "f1-score": 0.6973417361738867,
        "support": 162
    }
}