{
    "DOWN": {
        "precision": 0.77728285077951,
        "recall": 0.48743016759776536,
        "f1-score": 0.5991416309012876,
        "support": 2148
    },
    "UP": {
        "precision": 0.26354515050167227,
        "recall": 0.5677233429394812,
        "f1-score": 0.3599817268158977,
        "support": 694
    },
    "accuracy": 0.5070372976776918,
    "macro avg": {
        "precision": 0.5204140006405911,
        "recall": 0.5275767552686232,
        "f1-score": 0.47956167885859263,
        "support": 2842
    },
    "weighted avg": {
        "precision": 0.6518310689382646,
        "recall": 0.5070372976776918,
        "f1-score": 0.5407401624159742,
        "support": 2842
    }
}