{
    "R2": 0.9500555250868709,
    "RMSE": 191.91431804504012,
    "MSE": 36831.10547069281,
    "MAPE": 0.048594841787868624,
    "ACMAPE": 1.1178469193501954
}