{
    "R2": 0.6908987743763417,
    "RMSE": 9.840699855076608,
    "MSE": 96.83937363770477,
    "MAPE": 0.022149294369725066,
    "ACMAPE": 0.9179826277030583
}