{
    "DOWN": {
        "precision": 0.8333333333333334,
        "recall": 0.47738693467336685,
        "f1-score": 0.6070287539936102,
        "support": 199
    },
    "UP": {
        "precision": 0.40229885057471265,
        "recall": 0.7865168539325843,
        "f1-score": 0.5323193916349811,
        "support": 89
    },
    "accuracy": 0.5729166666666666,
    "macro avg": {
        "precision": 0.617816091954023,
        "recall": 0.6319518943029756,
        "f1-score": 0.5696740728142957,
        "support": 288
    },
    "weighted avg": {
        "precision": 0.7001317049808429,
        "recall": 0.5729166666666666,
        "f1-score": 0.5839414857647284,
        "support": 288
    }
}