{
    "R2": 0.5059891418591946,
    "RMSE": 18.60112692805618,
    "MSE": 346.00192299365665,
    "MAPE": 0.11797909580050554,
    "ACMAPE": 0.763893492687665
}