{
    "DOWN": {
        "precision": 0.6871584699453552,
        "recall": 0.3621310295176386,
        "f1-score": 0.47430457331447434,
        "support": 1389
    },
    "UP": {
        "precision": 0.19160583941605838,
        "recall": 0.4783599088838269,
        "f1-score": 0.27361563517915305,
        "support": 439
    },
    "accuracy": 0.3900437636761488,
    "macro avg": {
        "precision": 0.4393821546807068,
        "recall": 0.42024546920073275,
        "f1-score": 0.3739601042468137,
        "support": 1828
    },
    "weighted avg": {
        "precision": 0.568149933401394,
        "recall": 0.3900437636761488,
        "f1-score": 0.42610848806206403,
        "support": 1828
    }
}