{
    "R2": 0.5855590039440739,
    "RMSE": 207.3143584477046,
    "MSE": 42979.24321858334,
    "MAPE": 0.023356601827858918,
    "ACMAPE": 1.1062295300046543
}