{
    "R2": 0.9349097464846081,
    "RMSE": 9.474236930099174,
    "MSE": 89.76116540765501,
    "MAPE": 0.04164757413543502,
    "ACMAPE": 0.7777337500779844
}