{
    "R2": 0.7113489218883127,
    "RMSE": 107.79514267063601,
    "MSE": 11619.792783382773,
    "MAPE": 0.07026006201236382,
    "ACMAPE": 0.8361758308664283
}