{
    "R2": 0.7502241311181145,
    "RMSE": 100.27388439353805,
    "MSE": 10054.851891368635,
    "MAPE": 0.07499435561938357,
    "ACMAPE": 0.8800874016526844
}