{
    "DOWN": {
        "precision": 0.7128169979437972,
        "recall": 0.30669419050427604,
        "f1-score": 0.42886597938144333,
        "support": 3391
    },
    "UP": {
        "precision": 0.2168554297135243,
        "recall": 0.608411214953271,
        "f1-score": 0.3197445972495088,
        "support": 1070
    },
    "accuracy": 0.3790629903609056,
    "macro avg": {
        "precision": 0.46483621382866075,
        "recall": 0.4575527027287735,
        "f1-score": 0.37430528831547605,
        "support": 4461
    },
    "weighted avg": {
        "precision": 0.5938573749878698,
        "recall": 0.3790629903609056,
        "f1-score": 0.40269250283332186,
        "support": 4461
    }
}