{
    "DOWN": {
        "precision": 0.779874213836478,
        "recall": 0.1608300907911803,
        "f1-score": 0.2666666666666667,
        "support": 771
    },
    "UP": {
        "precision": 0.32533889468196037,
        "recall": 0.899135446685879,
        "f1-score": 0.4777947932618683,
        "support": 347
    },
    "accuracy": 0.38998211091234347,
    "macro avg": {
        "precision": 0.5526065542592192,
        "recall": 0.5299827687385297,
        "f1-score": 0.37223072996426754,
        "support": 1118
    },
    "weighted avg": {
        "precision": 0.6387975092330633,
        "recall": 0.38998211091234347,
        "f1-score": 0.33219570059201103,
        "support": 1118
    }
}