{
    "DOWN": {
        "precision": 0.6515151515151515,
        "recall": 0.37337192474674386,
        "f1-score": 0.47470101195952163,
        "support": 691
    },
    "UP": {
        "precision": 0.3909985935302391,
        "recall": 0.6682692307692307,
        "f1-score": 0.4933451641526176,
        "support": 416
    },
    "accuracy": 0.48419150858175247,
    "macro avg": {
        "precision": 0.5212568725226953,
        "recall": 0.5208205777579873,
        "f1-score": 0.48402308805606964,
        "support": 1107
    },
    "weighted avg": {
        "precision": 0.5536155235822485,
        "recall": 0.48419150858175247,
        "f1-score": 0.4817073058279298,
        "support": 1107
    }
}