{
    "DOWN": {
        "precision": 0.7428571428571429,
        "recall": 0.4482758620689655,
        "f1-score": 0.5591397849462366,
        "support": 58
    },
    "UP": {
        "precision": 0.43859649122807015,
        "recall": 0.7352941176470589,
        "f1-score": 0.5494505494505495,
        "support": 34
    },
    "accuracy": 0.5543478260869565,
    "macro avg": {
        "precision": 0.5907268170426065,
        "recall": 0.5917849898580122,
        "f1-score": 0.5542951671983931,
        "support": 92
    },
    "weighted avg": {
        "precision": 0.6304129889942247,
        "recall": 0.5543478260869565,
        "f1-score": 0.5555589805239175,
        "support": 92
    }
}