{
    "DOWN": {
        "precision": 0.7021276595744681,
        "recall": 0.5689655172413793,
        "f1-score": 0.6285714285714287,
        "support": 58
    },
    "UP": {
        "precision": 0.4444444444444444,
        "recall": 0.5882352941176471,
        "f1-score": 0.5063291139240507,
        "support": 34
    },
    "accuracy": 0.5760869565217391,
    "macro avg": {
        "precision": 0.5732860520094563,
        "recall": 0.5786004056795132,
        "f1-score": 0.5674502712477396,
        "support": 92
    },
    "weighted avg": {
        "precision": 0.6068969061568508,
        "recall": 0.5760869565217391,
        "f1-score": 0.5833949209843542,
        "support": 92
    }
}