{
    "R2": 0.9589351455110015,
    "RMSE": 11.785446972387026,
    "MSE": 138.8967603389465,
    "MAPE": 0.09362158601773299,
    "ACMAPE": 1.151092850385549
}