{
    "DOWN": {
        "precision": 0.7555555555555555,
        "recall": 0.5862068965517241,
        "f1-score": 0.6601941747572815,
        "support": 58
    },
    "UP": {
        "precision": 0.48936170212765956,
        "recall": 0.6764705882352942,
        "f1-score": 0.5679012345679013,
        "support": 34
    },
    "accuracy": 0.6195652173913043,
    "macro avg": {
        "precision": 0.6224586288416075,
        "recall": 0.6313387423935091,
        "f1-score": 0.6140477046625914,
        "support": 92
    },
    "weighted avg": {
        "precision": 0.6571795662452462,
        "recall": 0.6195652173913043,
        "f1-score": 0.6260859142525106,
        "support": 92
    }
}