{
    "R2": 0.9774665146147756,
    "RMSE": 18.973398055333206,
    "MSE": 359.9898337661218,
    "MAPE": 0.07350159131045189,
    "ACMAPE": 1.1921456591070623
}