{
    "R2": 0.9872313414592373,
    "RMSE": 31.852675023349583,
    "MSE": 1014.5929061431184,
    "MAPE": 0.03541361942234714,
    "ACMAPE": 0.9981134418024538
}