{
    "R2": 0.4960778076875805,
    "RMSE": 49.00068071569223,
    "MSE": 2401.0667106012124,
    "MAPE": 0.008623374370433926,
    "ACMAPE": 0.7735136565020954
}