{
    "R2": 0.9627511085640629,
    "RMSE": 429.28511316350847,
    "MSE": 184285.70838380625,
    "MAPE": 0.032625780620902475,
    "ACMAPE": 0.9471239218848431
}