{
    "DOWN": {
        "precision": 0.5597345132743363,
        "recall": 0.4087237479806139,
        "f1-score": 0.4724556489262372,
        "support": 619
    },
    "UP": {
        "precision": 0.40584415584415584,
        "recall": 0.5567928730512249,
        "f1-score": 0.4694835680751174,
        "support": 449
    },
    "accuracy": 0.47097378277153557,
    "macro avg": {
        "precision": 0.4827893345592461,
        "recall": 0.48275831051591944,
        "f1-score": 0.47096960850067726,
        "support": 1068
    },
    "weighted avg": {
        "precision": 0.4950371626318728,
        "recall": 0.47097378277153557,
        "f1-score": 0.47120615051598175,
        "support": 1068
    }
}