{
    "R2": 0.9811511052962598,
    "RMSE": 426.3714080465055,
    "MSE": 181792.5775995597,
    "MAPE": 0.07018433353192856,
    "ACMAPE": 1.1282367679888574
}