{
    "DOWN": {
        "precision": 0.6435643564356436,
        "recall": 0.39634146341463417,
        "f1-score": 0.49056603773584906,
        "support": 164
    },
    "UP": {
        "precision": 0.4107142857142857,
        "recall": 0.6571428571428571,
        "f1-score": 0.5054945054945055,
        "support": 105
    },
    "accuracy": 0.49814126394052044,
    "macro avg": {
        "precision": 0.5271393210749646,
        "recall": 0.5267421602787457,
        "f1-score": 0.49803027161517727,
        "support": 269
    },
    "weighted avg": {
        "precision": 0.5526749236261916,
        "recall": 0.49814126394052044,
        "f1-score": 0.4963931348163655,
        "support": 269
    }
}