{
    "R2": -4.820893982929213,
    "RMSE": 7.887083115729025,
    "MSE": 62.20608007441787,
    "MAPE": 0.06305151622844898,
    "ACMAPE": 1.4129386494112932
}