{
    "DOWN": {
        "precision": 0.7227901383042694,
        "recall": 0.5002080732417811,
        "f1-score": 0.5912444663059517,
        "support": 2403
    },
    "UP": {
        "precision": 0.3316638842515303,
        "recall": 0.5638599810785241,
        "f1-score": 0.4176594253679047,
        "support": 1057
    },
    "accuracy": 0.5196531791907515,
    "macro avg": {
        "precision": 0.5272270112778998,
        "recall": 0.5320340271601526,
        "f1-score": 0.5044519458369282,
        "support": 3460
    },
    "weighted avg": {
        "precision": 0.6033044589592564,
        "recall": 0.5196531791907515,
        "f1-score": 0.5382157413719877,
        "support": 3460
    }
}