{
    "DOWN": {
        "precision": 0.6771428571428572,
        "recall": 0.6457765667574932,
        "f1-score": 0.6610878661087866,
        "support": 367
    },
    "UP": {
        "precision": 0.4921875,
        "recall": 0.5271966527196653,
        "f1-score": 0.509090909090909,
        "support": 239
    },
    "accuracy": 0.599009900990099,
    "macro avg": {
        "precision": 0.5846651785714285,
        "recall": 0.5864866097385792,
        "f1-score": 0.5850893875998477,
        "support": 606
    },
    "weighted avg": {
        "precision": 0.6041984176096181,
        "recall": 0.599009900990099,
        "f1-score": 0.6011418715093266,
        "support": 606
    }
}