{
    "DOWN": {
        "precision": 0.7368421052631579,
        "recall": 0.21212121212121213,
        "f1-score": 0.32941176470588235,
        "support": 66
    },
    "UP": {
        "precision": 0.2463768115942029,
        "recall": 0.7727272727272727,
        "f1-score": 0.37362637362637363,
        "support": 22
    },
    "accuracy": 0.3522727272727273,
    "macro avg": {
        "precision": 0.49160945842868037,
        "recall": 0.49242424242424243,
        "f1-score": 0.35151906916612796,
        "support": 88
    },
    "weighted avg": {
        "precision": 0.614225781845919,
        "recall": 0.3522727272727273,
        "f1-score": 0.3404654169360052,
        "support": 88
    }
}