{
    "R2": 0.9739783159938902,
    "RMSE": 17.019733590067453,
    "MSE": 289.6713314768703,
    "MAPE": 0.03491117994586765,
    "ACMAPE": 0.955916565942277
}