{
    "DOWN": {
        "precision": 0.6795774647887324,
        "recall": 0.7598425196850394,
        "f1-score": 0.7174721189591078,
        "support": 508
    },
    "UP": {
        "precision": 0.5481481481481482,
        "recall": 0.4484848484848485,
        "f1-score": 0.49333333333333335,
        "support": 330
    },
    "accuracy": 0.6372315035799523,
    "macro avg": {
        "precision": 0.6138628064684403,
        "recall": 0.6041636840849439,
        "f1-score": 0.6054027261462206,
        "support": 838
    },
    "weighted avg": {
        "precision": 0.627821289978001,
        "recall": 0.6372315035799523,
        "f1-score": 0.6292074420420366,
        "support": 838
    }
}