{
    "R2": 0.6063515100206501,
    "RMSE": 39.572960496114476,
    "MSE": 1566.0192024270366,
    "MAPE": 0.08641164136940759,
    "ACMAPE": 0.8503460675989158
}