{
    "DOWN": {
        "precision": 0.6333333333333333,
        "recall": 0.43942731277533037,
        "f1-score": 0.5188556566970092,
        "support": 908
    },
    "UP": {
        "precision": 0.4630801687763713,
        "recall": 0.655223880597015,
        "f1-score": 0.542645241038319,
        "support": 670
    },
    "accuracy": 0.5310519645120405,
    "macro avg": {
        "precision": 0.5482067510548523,
        "recall": 0.5473255966861726,
        "f1-score": 0.5307504488676641,
        "support": 1578
    },
    "weighted avg": {
        "precision": 0.5610458680271454,
        "recall": 0.5310519645120405,
        "f1-score": 0.5289564307836236,
        "support": 1578
    }
}