{
    "R2": 0.962560909101053,
    "RMSE": 70.68788882863649,
    "MSE": 4996.777627049671,
    "MAPE": 0.02410239883253368,
    "ACMAPE": 0.9667044396488602
}