{
    "DOWN": {
        "precision": 0.9312977099236641,
        "recall": 0.9242424242424242,
        "f1-score": 0.9277566539923954,
        "support": 264
    },
    "UP": {
        "precision": 0.3939393939393939,
        "recall": 0.41935483870967744,
        "f1-score": 0.40625,
        "support": 31
    },
    "accuracy": 0.8711864406779661,
    "macro avg": {
        "precision": 0.6626185519315291,
        "recall": 0.6717986314760508,
        "f1-score": 0.6670033269961977,
        "support": 295
    },
    "weighted avg": {
        "precision": 0.8748295479049781,
        "recall": 0.8711864406779661,
        "f1-score": 0.872954259844042,
        "support": 295
    }
}