{
    "DOWN": {
        "precision": 0.6947368421052632,
        "recall": 0.13807531380753138,
        "f1-score": 0.23036649214659685,
        "support": 956
    },
    "UP": {
        "precision": 0.11493018259935553,
        "recall": 0.6484848484848484,
        "f1-score": 0.19525547445255476,
        "support": 165
    },
    "accuracy": 0.21320249776984834,
    "macro avg": {
        "precision": 0.40483351235230935,
        "recall": 0.3932800811461899,
        "f1-score": 0.21281098329957582,
        "support": 1121
    },
    "weighted avg": {
        "precision": 0.6093950947203616,
        "recall": 0.21320249776984834,
        "f1-score": 0.22519850113899922,
        "support": 1121
    }
}