{
    "DOWN": {
        "precision": 0.5555555555555556,
        "recall": 0.005230125523012552,
        "f1-score": 0.010362694300518135,
        "support": 956
    },
    "UP": {
        "precision": 0.1447841726618705,
        "recall": 0.9757575757575757,
        "f1-score": 0.2521534847298355,
        "support": 165
    },
    "accuracy": 0.1480820695807315,
    "macro avg": {
        "precision": 0.35016986410871304,
        "recall": 0.49049385064029416,
        "f1-score": 0.1312580895151768,
        "support": 1121
    },
    "weighted avg": {
        "precision": 0.4950941120431041,
        "recall": 0.1480820695807315,
        "f1-score": 0.04595188290072988,
        "support": 1121
    }
}