{
    "DOWN": {
        "precision": 0.8092983211364615,
        "recall": 0.5548996458087367,
        "f1-score": 0.6583785676764139,
        "support": 3388
    },
    "UP": {
        "precision": 0.296969696969697,
        "recall": 0.5898148148148148,
        "f1-score": 0.3950387596899225,
        "support": 1080
    },
    "accuracy": 0.5633393017009848,
    "macro avg": {
        "precision": 0.5531340090530792,
        "recall": 0.5723572303117758,
        "f1-score": 0.5267086636831682,
        "support": 4468
    },
    "weighted avg": {
        "precision": 0.6854588148472703,
        "recall": 0.5633393017009848,
        "f1-score": 0.5947243616277543,
        "support": 4468
    }
}