{
    "DOWN": {
        "precision": 0.600771456123433,
        "recall": 0.9312406576980568,
        "f1-score": 0.7303634232121922,
        "support": 669
    },
    "UP": {
        "precision": 0.425,
        "recall": 0.07589285714285714,
        "f1-score": 0.12878787878787878,
        "support": 448
    },
    "accuracy": 0.5881826320501343,
    "macro avg": {
        "precision": 0.5128857280617165,
        "recall": 0.503566757420457,
        "f1-score": 0.4295756510000355,
        "support": 1117
    },
    "weighted avg": {
        "precision": 0.5302740413129603,
        "recall": 0.5881826320501343,
        "f1-score": 0.4890869291190029,
        "support": 1117
    }
}