{
    "R2": 0.551584867890588,
    "RMSE": 473.3709483546158,
    "MSE": 224080.05474614835,
    "MAPE": 0.10299010737250257,
    "ACMAPE": 0.9529901073725027
}