{
    "R2": 0.9619980383884742,
    "RMSE": 38.65850213492519,
    "MSE": 1494.4797873160157,
    "MAPE": 0.04115111395576748,
    "ACMAPE": 1.210607180901374
}