{
    "DOWN": {
        "precision": 0.8220779220779221,
        "recall": 0.5631672597864769,
        "f1-score": 0.6684266103484688,
        "support": 1124
    },
    "UP": {
        "precision": 0.3664516129032258,
        "recall": 0.6745843230403801,
        "f1-score": 0.47491638795986624,
        "support": 421
    },
    "accuracy": 0.5935275080906149,
    "macro avg": {
        "precision": 0.5942647674905739,
        "recall": 0.6188757914134284,
        "f1-score": 0.5716714991541676,
        "support": 1545
    },
    "weighted avg": {
        "precision": 0.6979234391248171,
        "recall": 0.5935275080906149,
        "f1-score": 0.6156966403642606,
        "support": 1545
    }
}