{
    "DOWN": {
        "precision": 0.7876712328767124,
        "recall": 0.7265342960288809,
        "f1-score": 0.755868544600939,
        "support": 1108
    },
    "UP": {
        "precision": 0.3976143141153082,
        "recall": 0.47961630695443647,
        "f1-score": 0.43478260869565216,
        "support": 417
    },
    "accuracy": 0.659016393442623,
    "macro avg": {
        "precision": 0.5926427734960102,
        "recall": 0.6030753014916587,
        "f1-score": 0.5953255766482956,
        "support": 1525
    },
    "weighted avg": {
        "precision": 0.6810130459104792,
        "recall": 0.659016393442623,
        "f1-score": 0.6680699640943786,
        "support": 1525
    }
}