{
    "DOWN": {
        "precision": 0.6737588652482269,
        "recall": 0.4025423728813559,
        "f1-score": 0.5039787798408488,
        "support": 236
    },
    "UP": {
        "precision": 0.42448979591836733,
        "recall": 0.6933333333333334,
        "f1-score": 0.5265822784810127,
        "support": 150
    },
    "accuracy": 0.5155440414507773,
    "macro avg": {
        "precision": 0.5491243305832971,
        "recall": 0.5479378531073447,
        "f1-score": 0.5152805291609308,
        "support": 386
    },
    "weighted avg": {
        "precision": 0.576892646596727,
        "recall": 0.5155440414507773,
        "f1-score": 0.5127625228357312,
        "support": 386
    }
}