{
    "R2": 0.9864068052225872,
    "RMSE": 91.39943320886006,
    "MSE": 8353.856390900872,
    "MAPE": 0.07611763490472477,
    "ACMAPE": 1.0654552762617522
}