{
    "R2": 0.9163408650173723,
    "RMSE": 48.113165233383015,
    "MSE": 2314.876668774816,
    "MAPE": 0.045496497024069604,
    "ACMAPE": 1.0036885874195498
}