{
    "R2": 0.9734737070481089,
    "RMSE": 29.72100252373133,
    "MSE": 883.3379910156441,
    "MAPE": 0.05531064430608094,
    "ACMAPE": 0.8686048769551522
}