{
    "DOWN": {
        "precision": 0.5895522388059702,
        "recall": 0.9418777943368107,
        "f1-score": 0.7251864601262193,
        "support": 671
    },
    "UP": {
        "precision": 0.4090909090909091,
        "recall": 0.057815845824411134,
        "f1-score": 0.10131332082551595,
        "support": 467
    },
    "accuracy": 0.5790861159929701,
    "macro avg": {
        "precision": 0.4993215739484397,
        "recall": 0.49984682008061093,
        "f1-score": 0.41324989047586763,
        "support": 1138
    },
    "weighted avg": {
        "precision": 0.515496491023076,
        "recall": 0.5790861159929701,
        "f1-score": 0.46916822106345263,
        "support": 1138
    }
}