{
    "DOWN": {
        "precision": 0.631578947368421,
        "recall": 0.3302752293577982,
        "f1-score": 0.43373493975903615,
        "support": 109
    },
    "UP": {
        "precision": 0.28431372549019607,
        "recall": 0.58,
        "f1-score": 0.381578947368421,
        "support": 50
    },
    "accuracy": 0.4088050314465409,
    "macro avg": {
        "precision": 0.45794633642930854,
        "recall": 0.45513761467889907,
        "f1-score": 0.4076569435637286,
        "support": 159
    },
    "weighted avg": {
        "precision": 0.5223760474067151,
        "recall": 0.4088050314465409,
        "f1-score": 0.4173336842902893,
        "support": 159
    }
}