{
    "R2": 0.7142224772360948,
    "RMSE": 26.53700166842326,
    "MSE": 704.212457549899,
    "MAPE": 0.07479210150302441,
    "ACMAPE": 0.9117019727476596
}