{
    "DOWN": {
        "precision": 0.618421052631579,
        "recall": 0.5193370165745856,
        "f1-score": 0.5645645645645645,
        "support": 181
    },
    "UP": {
        "precision": 0.275,
        "recall": 0.3626373626373626,
        "f1-score": 0.31279620853080575,
        "support": 91
    },
    "accuracy": 0.46691176470588236,
    "macro avg": {
        "precision": 0.4467105263157895,
        "recall": 0.44098718960597416,
        "f1-score": 0.43868038654768515,
        "support": 272
    },
    "weighted avg": {
        "precision": 0.5035265092879256,
        "recall": 0.46691176470588236,
        "f1-score": 0.48033323956797613,
        "support": 272
    }
}