{
    "R2": 0.9638954830185968,
    "RMSE": 8.121132473785002,
    "MSE": 65.9527926567653,
    "MAPE": 0.06363127631699261,
    "ACMAPE": 1.0813056949216437
}