{
    "DOWN": {
        "precision": 0.6826241134751773,
        "recall": 0.5453257790368272,
        "f1-score": 0.6062992125984252,
        "support": 706
    },
    "UP": {
        "precision": 0.37181996086105673,
        "recall": 0.5149051490514905,
        "f1-score": 0.4318181818181818,
        "support": 369
    },
    "accuracy": 0.5348837209302325,
    "macro avg": {
        "precision": 0.527222037168117,
        "recall": 0.5301154640441589,
        "f1-score": 0.5190586972083036,
        "support": 1075
    },
    "weighted avg": {
        "precision": 0.575938781089493,
        "recall": 0.5348837209302325,
        "f1-score": 0.5464075843585091,
        "support": 1075
    }
}