{
    "DOWN": {
        "precision": 0.717852684144819,
        "recall": 0.3299856527977044,
        "f1-score": 0.4521328877530961,
        "support": 3485
    },
    "UP": {
        "precision": 0.18012640449438203,
        "recall": 0.5316062176165803,
        "f1-score": 0.2690794649881983,
        "support": 965
    },
    "accuracy": 0.3737078651685393,
    "macro avg": {
        "precision": 0.4489895443196005,
        "recall": 0.4307959352071424,
        "f1-score": 0.3606061763706472,
        "support": 4450
    },
    "weighted avg": {
        "precision": 0.6012446257487128,
        "recall": 0.3737078651685393,
        "f1-score": 0.4124370331535172,
        "support": 4450
    }
}