{
    "R2": 0.8350397144470472,
    "RMSE": 7.43937049597022,
    "MSE": 55.3442333763122,
    "MAPE": 0.06287215034364536,
    "ACMAPE": 1.0534381880794943
}