{
    "DOWN": {
        "precision": 0.7830423940149626,
        "recall": 0.4175531914893617,
        "f1-score": 0.5446660884648743,
        "support": 752
    },
    "UP": {
        "precision": 0.3353566009104704,
        "recall": 0.7175324675324676,
        "f1-score": 0.4570837642192348,
        "support": 308
    },
    "accuracy": 0.5047169811320755,
    "macro avg": {
        "precision": 0.5591994974627165,
        "recall": 0.5675428295109146,
        "f1-score": 0.5008749263420545,
        "support": 1060
    },
    "weighted avg": {
        "precision": 0.6529601069619592,
        "recall": 0.5047169811320755,
        "f1-score": 0.5192176395331225,
        "support": 1060
    }
}