{
    "DOWN": {
        "precision": 0.7784810126582279,
        "recall": 0.3271276595744681,
        "f1-score": 0.4606741573033708,
        "support": 752
    },
    "UP": {
        "precision": 0.31989247311827956,
        "recall": 0.7727272727272727,
        "f1-score": 0.4524714828897338,
        "support": 308
    },
    "accuracy": 0.45660377358490567,
    "macro avg": {
        "precision": 0.5491867428882538,
        "recall": 0.5499274661508704,
        "f1-score": 0.4565728200965523,
        "support": 1060
    },
    "weighted avg": {
        "precision": 0.6452307577730353,
        "recall": 0.45660377358490567,
        "f1-score": 0.4582907387001631,
        "support": 1060
    }
}