{
    "DOWN": {
        "precision": 0.8914027149321267,
        "recall": 0.43392070484581496,
        "f1-score": 0.5837037037037036,
        "support": 908
    },
    "UP": {
        "precision": 0.22706766917293233,
        "recall": 0.7587939698492462,
        "f1-score": 0.34953703703703703,
        "support": 199
    },
    "accuracy": 0.49232158988256547,
    "macro avg": {
        "precision": 0.5592351920525296,
        "recall": 0.5963573373475306,
        "f1-score": 0.4666203703703703,
        "support": 1107
    },
    "weighted avg": {
        "precision": 0.7719784384135362,
        "recall": 0.49232158988256547,
        "f1-score": 0.541608702198133,
        "support": 1107
    }
}