{
    "DOWN": {
        "precision": 0.5851063829787234,
        "recall": 0.3873239436619718,
        "f1-score": 0.4661016949152542,
        "support": 142
    },
    "UP": {
        "precision": 0.37857142857142856,
        "recall": 0.5760869565217391,
        "f1-score": 0.4568965517241379,
        "support": 92
    },
    "accuracy": 0.46153846153846156,
    "macro avg": {
        "precision": 0.481838905775076,
        "recall": 0.4817054500918555,
        "f1-score": 0.46149912331969606,
        "support": 234
    },
    "weighted avg": {
        "precision": 0.5039046060322656,
        "recall": 0.46153846153846156,
        "f1-score": 0.4624825787888324,
        "support": 234
    }
}