{
    "R2": 0.8051647300652864,
    "RMSE": 41.61822332131053,
    "MSE": 1732.0765124224758,
    "MAPE": 0.0907670949349313,
    "ACMAPE": 0.8396255424235157
}