{
    "R2": 0.9748137225084312,
    "RMSE": 24.39035692316656,
    "MSE": 594.8895108394589,
    "MAPE": 0.05158206730739236,
    "ACMAPE": 0.8080054999898179
}