{
    "R2": 0.9747891753092808,
    "RMSE": 20.891306771586486,
    "MSE": 436.4466986245353,
    "MAPE": 0.056467782192798764,
    "ACMAPE": 0.9288957657318935
}