{
    "DOWN": {
        "precision": 0.6574585635359116,
        "recall": 0.5107296137339056,
        "f1-score": 0.5748792270531401,
        "support": 233
    },
    "UP": {
        "precision": 0.2597402597402597,
        "recall": 0.39215686274509803,
        "f1-score": 0.31249999999999994,
        "support": 102
    },
    "accuracy": 0.4746268656716418,
    "macro avg": {
        "precision": 0.45859941163808565,
        "recall": 0.45144323823950183,
        "f1-score": 0.44368961352657,
        "support": 335
    },
    "weighted avg": {
        "precision": 0.5363622441712653,
        "recall": 0.4746268656716418,
        "f1-score": 0.4949906265772586,
        "support": 335
    }
}