{
    "DOWN": {
        "precision": 0.65,
        "recall": 0.5,
        "f1-score": 0.5652173913043479,
        "support": 312
    },
    "UP": {
        "precision": 0.3709677419354839,
        "recall": 0.5227272727272727,
        "f1-score": 0.4339622641509434,
        "support": 176
    },
    "accuracy": 0.5081967213114754,
    "macro avg": {
        "precision": 0.510483870967742,
        "recall": 0.5113636363636364,
        "f1-score": 0.49958982772764565,
        "support": 488
    },
    "weighted avg": {
        "precision": 0.549365415124273,
        "recall": 0.5081967213114754,
        "f1-score": 0.5178794765932839,
        "support": 488
    }
}