{
    "R2": -4.096486535070078,
    "RMSE": 0.5981585954542424,
    "MSE": 0.357793705315792,
    "MAPE": 0.008050209832268401,
    "ACMAPE": 0.2606817887796367
}