{
    "DOWN": {
        "precision": 0.7774480712166172,
        "recall": 0.5298281092012134,
        "f1-score": 0.630186410102225,
        "support": 989
    },
    "UP": {
        "precision": 0.29545454545454547,
        "recall": 0.5652173913043478,
        "f1-score": 0.3880597014925373,
        "support": 345
    },
    "accuracy": 0.5389805097451275,
    "macro avg": {
        "precision": 0.5364513083355813,
        "recall": 0.5475227502527806,
        "f1-score": 0.5091230557973812,
        "support": 1334
    },
    "weighted avg": {
        "precision": 0.6527945731747021,
        "recall": 0.5389805097451275,
        "f1-score": 0.5675674337376506,
        "support": 1334
    }
}