{
    "R2": 0.25876177327338346,
    "RMSE": 76.01493846143943,
    "MSE": 5778.270869296423,
    "MAPE": 0.4104993583870435,
    "ACMAPE": 1.4836700900943607
}