{
    "DOWN": {
        "precision": 0.7692307692307693,
        "recall": 0.47619047619047616,
        "f1-score": 0.588235294117647,
        "support": 42
    },
    "UP": {
        "precision": 0.40540540540540543,
        "recall": 0.7142857142857143,
        "f1-score": 0.5172413793103449,
        "support": 21
    },
    "accuracy": 0.5555555555555556,
    "macro avg": {
        "precision": 0.5873180873180873,
        "recall": 0.5952380952380952,
        "f1-score": 0.552738336713996,
        "support": 63
    },
    "weighted avg": {
        "precision": 0.647955647955648,
        "recall": 0.5555555555555556,
        "f1-score": 0.5645706558485463,
        "support": 63
    }
}