{
    "DOWN": {
        "precision": 0.985941893158388,
        "recall": 0.5815367606412383,
        "f1-score": 0.7315716272600834,
        "support": 3618
    },
    "UP": {
        "precision": 0.022595222724338282,
        "recall": 0.5384615384615384,
        "f1-score": 0.043370508054522916,
        "support": 65
    },
    "accuracy": 0.5807765408634266,
    "macro avg": {
        "precision": 0.5042685579413632,
        "recall": 0.5599991495513883,
        "f1-score": 0.38747106765730316,
        "support": 3683
    },
    "weighted avg": {
        "precision": 0.9689401191757072,
        "recall": 0.5807765408634266,
        "f1-score": 0.7194258024573786,
        "support": 3683
    }
}