{
    "R2": 0.9960299922147596,
    "RMSE": 25.063778021528545,
    "MSE": 628.1929687124574,
    "MAPE": 0.029513479834152485,
    "ACMAPE": 0.7172529434356851
}