{
    "DOWN": {
        "precision": 0.6697416974169742,
        "recall": 0.7707006369426752,
        "f1-score": 0.7166831194471867,
        "support": 471
    },
    "UP": {
        "precision": 0.37209302325581395,
        "recall": 0.26337448559670784,
        "f1-score": 0.308433734939759,
        "support": 243
    },
    "accuracy": 0.5980392156862745,
    "macro avg": {
        "precision": 0.5209173603363941,
        "recall": 0.5170375612696916,
        "f1-score": 0.5125584271934729,
        "support": 714
    },
    "weighted avg": {
        "precision": 0.5684410982276719,
        "recall": 0.5980392156862745,
        "f1-score": 0.5777411020307932,
        "support": 714
    }
}