{
    "DOWN": {
        "precision": 0.6470588235294118,
        "recall": 0.29376854599406527,
        "f1-score": 0.40408163265306124,
        "support": 674
    },
    "UP": {
        "precision": 0.423728813559322,
        "recall": 0.7641921397379913,
        "f1-score": 0.545171339563863,
        "support": 458
    },
    "accuracy": 0.4840989399293286,
    "macro avg": {
        "precision": 0.535393818544367,
        "recall": 0.5289803428660282,
        "f1-score": 0.47462648610846214,
        "support": 1132
    },
    "weighted avg": {
        "precision": 0.5567009219690751,
        "recall": 0.4840989399293286,
        "f1-score": 0.46116563067880967,
        "support": 1132
    }
}