{
    "DOWN": {
        "precision": 0.9269521410579346,
        "recall": 0.3552123552123552,
        "f1-score": 0.5136078157711096,
        "support": 1036
    },
    "UP": {
        "precision": 0.25942350332594233,
        "recall": 0.8897338403041825,
        "f1-score": 0.40171673819742487,
        "support": 263
    },
    "accuracy": 0.4634334103156274,
    "macro avg": {
        "precision": 0.5931878221919384,
        "recall": 0.6224730977582689,
        "f1-score": 0.4576622769842672,
        "support": 1299
    },
    "weighted avg": {
        "precision": 0.7918020011630046,
        "recall": 0.4634334103156274,
        "f1-score": 0.4909539640375615,
        "support": 1299
    }
}