{
    "R2": 0.9475491531665575,
    "RMSE": 340.71090529163536,
    "MSE": 116083.92098464571,
    "MAPE": 0.22744933641821274,
    "ACMAPE": 1.2439702304901274
}