{
    "DOWN": {
        "precision": 0.8759604829857299,
        "recall": 0.3036529680365297,
        "f1-score": 0.4509748516530094,
        "support": 2628
    },
    "UP": {
        "precision": 0.08362543815723586,
        "recall": 0.5964285714285714,
        "f1-score": 0.1466842336407554,
        "support": 280
    },
    "accuracy": 0.33184319119669875,
    "macro avg": {
        "precision": 0.4797929605714829,
        "recall": 0.4500407697325506,
        "f1-score": 0.2988295426468824,
        "support": 2908
    },
    "weighted avg": {
        "precision": 0.7996696258495612,
        "recall": 0.33184319119669875,
        "f1-score": 0.4216758925596699,
        "support": 2908
    }
}