{
    "DOWN": {
        "precision": 0.6851063829787234,
        "recall": 0.6098484848484849,
        "f1-score": 0.6452905811623247,
        "support": 528
    },
    "UP": {
        "precision": 0.40804597701149425,
        "recall": 0.4896551724137931,
        "f1-score": 0.445141065830721,
        "support": 290
    },
    "accuracy": 0.5672371638141809,
    "macro avg": {
        "precision": 0.5465761799951088,
        "recall": 0.5497518286311389,
        "f1-score": 0.5452158234965229,
        "support": 818
    },
    "weighted avg": {
        "precision": 0.586882033674938,
        "recall": 0.5672371638141809,
        "f1-score": 0.5743329290276487,
        "support": 818
    }
}