{
    "DOWN": {
        "precision": 0.8368200836820083,
        "recall": 0.22863675335810232,
        "f1-score": 0.35914702581369246,
        "support": 3499
    },
    "UP": {
        "precision": 0.15018891687657432,
        "recall": 0.7535545023696683,
        "f1-score": 0.25045943817274874,
        "support": 633
    },
    "accuracy": 0.3090513068731849,
    "macro avg": {
        "precision": 0.4935045002792913,
        "recall": 0.4910956278638853,
        "f1-score": 0.30480323199322057,
        "support": 4132
    },
    "weighted avg": {
        "precision": 0.7316319112260936,
        "recall": 0.3090513068731849,
        "f1-score": 0.34249667659377053,
        "support": 4132
    }
}