{
    "R2": -1.575876707667922,
    "RMSE": 3.800712396500824,
    "MSE": 14.445414720915037,
    "MAPE": 0.10514878198369228,
    "ACMAPE": 1.2271000014958875
}