{
    "R2": 0.9031945829761039,
    "RMSE": 267.19811317893823,
    "MSE": 71394.83168638467,
    "MAPE": 8238935388815.554,
    "ACMAPE": 8238935388816.718
}