{
    "DOWN": {
        "precision": 0.8613718411552347,
        "recall": 0.4764376996805112,
        "f1-score": 0.6135253278477757,
        "support": 2504
    },
    "UP": {
        "precision": 0.14481409001956946,
        "recall": 0.5362318840579711,
        "f1-score": 0.2280431432973806,
        "support": 414
    },
    "accuracy": 0.4849211788896505,
    "macro avg": {
        "precision": 0.5030929655874021,
        "recall": 0.5063347918692411,
        "f1-score": 0.42078423557257816,
        "support": 2918
    },
    "weighted avg": {
        "precision": 0.7597080615218674,
        "recall": 0.4849211788896505,
        "f1-score": 0.5588338869965545,
        "support": 2918
    }
}