{
    "R2": 0.8257003694695209,
    "RMSE": 4.130357488115002,
    "MSE": 17.059852979627664,
    "MAPE": 0.014786638017173264,
    "ACMAPE": 0.8502296759918568
}