{
    "R2": 0.9908059986505795,
    "RMSE": 6.600390904594466,
    "MSE": 43.56516009345336,
    "MAPE": 0.03962260475314643,
    "ACMAPE": 1.2063809977085675
}