{
    "DOWN": {
        "precision": 0.803030303030303,
        "recall": 0.30994152046783624,
        "f1-score": 0.4472573839662447,
        "support": 171
    },
    "UP": {
        "precision": 0.2934131736526946,
        "recall": 0.7903225806451613,
        "f1-score": 0.4279475982532751,
        "support": 62
    },
    "accuracy": 0.43776824034334766,
    "macro avg": {
        "precision": 0.5482217383414988,
        "recall": 0.5501320505564987,
        "f1-score": 0.4376024911097599,
        "support": 233
    },
    "weighted avg": {
        "precision": 0.6674240282602956,
        "recall": 0.43776824034334766,
        "f1-score": 0.44211915772502525,
        "support": 233
    }
}