{
    "R2": 0.9896149326589092,
    "RMSE": 149.158449222381,
    "MSE": 22248.242974425608,
    "MAPE": 15387727186589.906,
    "ACMAPE": 15387727186591.559
}