{
    "DOWN": {
        "precision": 0.6493506493506493,
        "recall": 0.5882352941176471,
        "f1-score": 0.6172839506172839,
        "support": 85
    },
    "UP": {
        "precision": 0.33962264150943394,
        "recall": 0.4,
        "f1-score": 0.36734693877551017,
        "support": 45
    },
    "accuracy": 0.5230769230769231,
    "macro avg": {
        "precision": 0.4944866454300416,
        "recall": 0.49411764705882355,
        "f1-score": 0.49231544469639704,
        "support": 130
    },
    "weighted avg": {
        "precision": 0.5421371081748441,
        "recall": 0.5230769230769231,
        "f1-score": 0.5307672926720546,
        "support": 130
    }
}