{
    "DOWN": {
        "precision": 0.7275390625,
        "recall": 0.6866359447004609,
        "f1-score": 0.7064959696538644,
        "support": 1085
    },
    "UP": {
        "precision": 0.34615384615384615,
        "recall": 0.39215686274509803,
        "f1-score": 0.36772216547497444,
        "support": 459
    },
    "accuracy": 0.5990932642487047,
    "macro avg": {
        "precision": 0.5368464543269231,
        "recall": 0.5393964037227794,
        "f1-score": 0.5371090675644195,
        "support": 1544
    },
    "weighted avg": {
        "precision": 0.6141609444281835,
        "recall": 0.5990932642487047,
        "f1-score": 0.6057853633597514,
        "support": 1544
    }
}