{
    "R2": 0.9804510903131226,
    "RMSE": 40.73612260288488,
    "MSE": 1659.4316847172686,
    "MAPE": 0.04906602531344715,
    "ACMAPE": 0.895819272066694
}