{
    "DOWN": {
        "precision": 0.7131782945736435,
        "recall": 0.49066666666666664,
        "f1-score": 0.5813586097946287,
        "support": 375
    },
    "UP": {
        "precision": 0.40683229813664595,
        "recall": 0.6390243902439025,
        "f1-score": 0.49715370018975324,
        "support": 205
    },
    "accuracy": 0.5431034482758621,
    "macro avg": {
        "precision": 0.5600052963551447,
        "recall": 0.5648455284552846,
        "f1-score": 0.539256154992191,
        "support": 580
    },
    "weighted avg": {
        "precision": 0.6049008303157392,
        "recall": 0.5431034482758621,
        "f1-score": 0.5515965296756641,
        "support": 580
    }
}