{
    "DOWN": {
        "precision": 0.6751824817518248,
        "recall": 0.49333333333333335,
        "f1-score": 0.5701078582434514,
        "support": 375
    },
    "UP": {
        "precision": 0.4043887147335423,
        "recall": 0.591743119266055,
        "f1-score": 0.48044692737430167,
        "support": 218
    },
    "accuracy": 0.5295109612141653,
    "macro avg": {
        "precision": 0.5397855982426836,
        "recall": 0.5425382262996942,
        "f1-score": 0.5252773928088765,
        "support": 593
    },
    "weighted avg": {
        "precision": 0.5756326652088475,
        "recall": 0.5295109612141653,
        "f1-score": 0.5371465042308466,
        "support": 593
    }
}