{
    "DOWN": {
        "precision": 0.7473460721868365,
        "recall": 0.3262279888785913,
        "f1-score": 0.4541935483870968,
        "support": 2158
    },
    "UP": {
        "precision": 0.305303392259914,
        "recall": 0.7286202964652223,
        "f1-score": 0.4303030303030303,
        "support": 877
    },
    "accuracy": 0.44250411861614497,
    "macro avg": {
        "precision": 0.5263247322233753,
        "recall": 0.5274241426719068,
        "f1-score": 0.44224828934506355,
        "support": 3035
    },
    "weighted avg": {
        "precision": 0.6196124872458443,
        "recall": 0.44250411861614497,
        "f1-score": 0.4472900939028377,
        "support": 3035
    }
}