{
    "R2": 0.6911820210481565,
    "RMSE": 17.813070803062306,
    "MSE": 317.30549143491083,
    "MAPE": 0.054772571441450785,
    "ACMAPE": 1.2605773207818203
}