{
    "R2": 0.8918125822552725,
    "RMSE": 20.872442865981704,
    "MSE": 435.65887119367056,
    "MAPE": 0.04305683288214072,
    "ACMAPE": 0.8974257649209757
}