{
    "DOWN": {
        "precision": 0.893236920459379,
        "recall": 0.6046645551396487,
        "f1-score": 0.721153846153846,
        "support": 3473
    },
    "UP": {
        "precision": 0.22385528547201808,
        "recall": 0.6120556414219475,
        "f1-score": 0.3278145695364238,
        "support": 647
    },
    "accuracy": 0.6058252427184466,
    "macro avg": {
        "precision": 0.5585461029656985,
        "recall": 0.6083600982807981,
        "f1-score": 0.5244842078451349,
        "support": 4120
    },
    "weighted avg": {
        "precision": 0.7881180083630628,
        "recall": 0.6058252427184466,
        "f1-score": 0.6593843044131975,
        "support": 4120
    }
}