{
    "R2": 0.7950501134939058,
    "RMSE": 30.06735103939044,
    "MSE": 904.0455985259335,
    "MAPE": 0.04581670261746016,
    "ACMAPE": 0.9776086101319111
}