{
    "DOWN": {
        "precision": 0.6735159817351598,
        "recall": 0.6404689535388624,
        "f1-score": 0.6565768973959492,
        "support": 2303
    },
    "UP": {
        "precision": 0.4261954261954262,
        "recall": 0.462406015037594,
        "f1-score": 0.44356292823656696,
        "support": 1330
    },
    "accuracy": 0.5752821359757776,
    "macro avg": {
        "precision": 0.549855703965293,
        "recall": 0.5514374842882281,
        "f1-score": 0.550069912816258,
        "support": 3633
    },
    "weighted avg": {
        "precision": 0.5829747378959509,
        "recall": 0.5752821359757776,
        "f1-score": 0.5785949048327842,
        "support": 3633
    }
}