{
    "R2": 0.8037151989612172,
    "RMSE": 10.57252159063571,
    "MSE": 111.77821278445823,
    "MAPE": 0.054128358551422645,
    "ACMAPE": 1.3119899937715487
}