{
    "R2": 0.9486434624218588,
    "RMSE": 39.60249876541131,
    "MSE": 1568.3579084644045,
    "MAPE": 0.06605740322164695,
    "ACMAPE": 0.8287302142815549
}