{
    "R2": 0.9821812931368666,
    "RMSE": 16.680442018136144,
    "MSE": 278.2371459204018,
    "MAPE": 0.05496129527866537,
    "ACMAPE": 1.076208725025067
}