{
    "R2": 0.98683396815612,
    "RMSE": 7.061884235943063,
    "MSE": 49.87020896186114,
    "MAPE": 0.04221761538712641,
    "ACMAPE": 1.0728069091343146
}