{
    "R2": 0.8644820916407818,
    "RMSE": 91.634843489547,
    "MSE": 8396.944541353774,
    "MAPE": 0.116151144685045,
    "ACMAPE": 1.086615279706142
}