{
    "DOWN": {
        "precision": 0.7466666666666667,
        "recall": 0.2196078431372549,
        "f1-score": 0.3393939393939394,
        "support": 765
    },
    "UP": {
        "precision": 0.2815884476534296,
        "recall": 0.8041237113402062,
        "f1-score": 0.4171122994652407,
        "support": 291
    },
    "accuracy": 0.3806818181818182,
    "macro avg": {
        "precision": 0.5141275571600481,
        "recall": 0.5118657772387305,
        "f1-score": 0.37825311942959006,
        "support": 1056
    },
    "weighted avg": {
        "precision": 0.6185059074499508,
        "recall": 0.3806818181818182,
        "f1-score": 0.36081064657267864,
        "support": 1056
    }
}