{
    "R2": 0.8538295399390698,
    "RMSE": 41.53833353560023,
    "MSE": 1725.4331529147707,
    "MAPE": 0.19379041325591503,
    "ACMAPE": 1.3642449587104604
}