{
    "DOWN": {
        "precision": 0.6878048780487804,
        "recall": 0.31473214285714285,
        "f1-score": 0.4318529862174579,
        "support": 448
    },
    "UP": {
        "precision": 0.2793427230046948,
        "recall": 0.6502732240437158,
        "f1-score": 0.3908045977011494,
        "support": 183
    },
    "accuracy": 0.4120443740095087,
    "macro avg": {
        "precision": 0.4835738005267376,
        "recall": 0.48250268345042935,
        "f1-score": 0.4113287919593036,
        "support": 631
    },
    "weighted avg": {
        "precision": 0.5693443798347271,
        "recall": 0.4120443740095087,
        "f1-score": 0.4199483030185918,
        "support": 631
    }
}