{
    "R2": 0.7777395437801631,
    "RMSE": 35.09952068452884,
    "MSE": 1231.976352283668,
    "MAPE": 0.018812866643205733,
    "ACMAPE": 0.6685751487351232
}