{
    "R2": 0.9795649879589232,
    "RMSE": 20.719526913655482,
    "MSE": 429.2987955256939,
    "MAPE": 0.010519255598380866,
    "ACMAPE": 0.9132970333761585
}