{
    "R2": 0.9476760975493823,
    "RMSE": 72.09432481316273,
    "MSE": 5197.591670265811,
    "MAPE": 0.05686338234152607,
    "ACMAPE": 1.1683616401812473
}