{
    "DOWN": {
        "precision": 0.634375,
        "recall": 0.32689210950080516,
        "f1-score": 0.4314558979808714,
        "support": 621
    },
    "UP": {
        "precision": 0.4120956399437412,
        "recall": 0.7146341463414634,
        "f1-score": 0.5227475468331846,
        "support": 410
    },
    "accuracy": 0.481086323957323,
    "macro avg": {
        "precision": 0.5232353199718707,
        "recall": 0.5207631279211342,
        "f1-score": 0.477101722407028,
        "support": 1031
    },
    "weighted avg": {
        "precision": 0.5459806861075983,
        "recall": 0.481086323957323,
        "f1-score": 0.46776004543911426,
        "support": 1031
    }
}