{
    "DOWN": {
        "precision": 0.7089552238805971,
        "recall": 0.2852852852852853,
        "f1-score": 0.4068522483940043,
        "support": 333
    },
    "UP": {
        "precision": 0.3443526170798898,
        "recall": 0.7621951219512195,
        "f1-score": 0.4743833017077798,
        "support": 164
    },
    "accuracy": 0.4426559356136821,
    "macro avg": {
        "precision": 0.5266539204802434,
        "recall": 0.5237402036182524,
        "f1-score": 0.44061777505089206,
        "support": 497
    },
    "weighted avg": {
        "precision": 0.5886436997049109,
        "recall": 0.4426559356136821,
        "f1-score": 0.4291361372138417,
        "support": 497
    }
}