{
    "DOWN": {
        "precision": 0.9929670329670329,
        "recall": 0.5499026290165531,
        "f1-score": 0.7078176406078647,
        "support": 4108
    },
    "UP": {
        "precision": 0.022727272727272728,
        "recall": 0.7288135593220338,
        "f1-score": 0.04407995899538698,
        "support": 59
    },
    "accuracy": 0.5524358051355891,
    "macro avg": {
        "precision": 0.5078471528471529,
        "recall": 0.6393580941692935,
        "f1-score": 0.3759487998016258,
        "support": 4167
    },
    "weighted avg": {
        "precision": 0.9792295369617183,
        "recall": 0.5524358051355891,
        "f1-score": 0.698419866858132,
        "support": 4167
    }
}