{
    "DOWN": {
        "precision": 0.9990412272291467,
        "recall": 0.9990412272291467,
        "f1-score": 0.9990412272291467,
        "support": 1043
    },
    "UP": {
        "precision": 0.0,
        "recall": 0.0,
        "f1-score": 0.0,
        "support": 1
    },
    "accuracy": 0.9980842911877394,
    "macro avg": {
        "precision": 0.49952061361457334,
        "recall": 0.49952061361457334,
        "f1-score": 0.49952061361457334,
        "support": 1044
    },
    "weighted avg": {
        "precision": 0.9980842911877394,
        "recall": 0.9980842911877394,
        "f1-score": 0.9980842911877394,
        "support": 1044
    }
}