{
    "R2": 0.9851271526532426,
    "RMSE": 43.97146123707595,
    "MSE": 1933.4894033236728,
    "MAPE": 0.16598806523247545,
    "ACMAPE": 0.9691130652324755
}