{
    "DOWN": {
        "precision": 0.795774647887324,
        "recall": 0.4064748201438849,
        "f1-score": 0.5380952380952381,
        "support": 556
    },
    "UP": {
        "precision": 0.3617021276595745,
        "recall": 0.763265306122449,
        "f1-score": 0.4908136482939633,
        "support": 245
    },
    "accuracy": 0.5156054931335831,
    "macro avg": {
        "precision": 0.5787383877734492,
        "recall": 0.5848700631331669,
        "f1-score": 0.5144544431946007,
        "support": 801
    },
    "weighted avg": {
        "precision": 0.663005899503056,
        "recall": 0.5156054931335831,
        "f1-score": 0.5236333286054599,
        "support": 801
    }
}