{
    "R2": 0.9788814976388092,
    "RMSE": 39.207282141968676,
    "MSE": 1537.210972959936,
    "MAPE": 0.023902249235573905,
    "ACMAPE": 1.1074677088456018
}