{
    "DOWN": {
        "precision": 0.7868383404864091,
        "recall": 0.6674757281553398,
        "f1-score": 0.7222586999343401,
        "support": 824
    },
    "UP": {
        "precision": 0.29381443298969073,
        "recall": 0.43346007604562736,
        "f1-score": 0.3502304147465438,
        "support": 263
    },
    "accuracy": 0.6108555657773689,
    "macro avg": {
        "precision": 0.5403263867380499,
        "recall": 0.5504679021004836,
        "f1-score": 0.536244557340442,
        "support": 1087
    },
    "weighted avg": {
        "precision": 0.6675510473202299,
        "recall": 0.6108555657773689,
        "f1-score": 0.6322463365448365,
        "support": 1087
    }
}