{
    "DOWN": {
        "precision": 0.6932624113475178,
        "recall": 0.44994246260069043,
        "f1-score": 0.5457083042568039,
        "support": 869
    },
    "UP": {
        "precision": 0.3776041666666667,
        "recall": 0.6263498920086393,
        "f1-score": 0.47116165718927705,
        "support": 463
    },
    "accuracy": 0.5112612612612613,
    "macro avg": {
        "precision": 0.5354332890070922,
        "recall": 0.5381461773046649,
        "f1-score": 0.5084349807230405,
        "support": 1332
    },
    "weighted avg": {
        "precision": 0.5835403638345793,
        "recall": 0.5112612612612613,
        "f1-score": 0.5197960688271756,
        "support": 1332
    }
}