{
    "R2": 0.790568260863481,
    "RMSE": 14.867867210653767,
    "MSE": 221.05347539363342,
    "MAPE": 0.059231834202245606,
    "ACMAPE": 1.0592318342022455
}