{
    "DOWN": {
        "precision": 0.625,
        "recall": 0.01773049645390071,
        "f1-score": 0.034482758620689655,
        "support": 282
    },
    "UP": {
        "precision": 0.3844444444444444,
        "recall": 0.9829545454545454,
        "f1-score": 0.5527156549520766,
        "support": 176
    },
    "accuracy": 0.388646288209607,
    "macro avg": {
        "precision": 0.5047222222222222,
        "recall": 0.500342520954223,
        "f1-score": 0.2935992067863831,
        "support": 458
    },
    "weighted avg": {
        "precision": 0.5325594371664241,
        "recall": 0.388646288209607,
        "f1-score": 0.23362902445982525,
        "support": 458
    }
}