{
    "DOWN": {
        "precision": 0.7883435582822086,
        "recall": 0.38244047619047616,
        "f1-score": 0.5150300601202404,
        "support": 672
    },
    "UP": {
        "precision": 0.3185550082101806,
        "recall": 0.7376425855513308,
        "f1-score": 0.444954128440367,
        "support": 263
    },
    "accuracy": 0.4823529411764706,
    "macro avg": {
        "precision": 0.5534492832461946,
        "recall": 0.5600415308709035,
        "f1-score": 0.47999209428030376,
        "support": 935
    },
    "weighted avg": {
        "precision": 0.6561998270854776,
        "recall": 0.4823529411764706,
        "f1-score": 0.49531886222525995,
        "support": 935
    }
}