{
    "DOWN": {
        "precision": 0.7519181585677749,
        "recall": 0.33182844243792325,
        "f1-score": 0.4604541895066562,
        "support": 886
    },
    "UP": {
        "precision": 0.1518624641833811,
        "recall": 0.5221674876847291,
        "f1-score": 0.23529411764705882,
        "support": 203
    },
    "accuracy": 0.3673094582185491,
    "macro avg": {
        "precision": 0.451890311375578,
        "recall": 0.42699796506132615,
        "f1-score": 0.34787415357685747,
        "support": 1089
    },
    "weighted avg": {
        "precision": 0.6400620465750917,
        "recall": 0.3673094582185491,
        "f1-score": 0.41848220182300305,
        "support": 1089
    }
}