{
    "DOWN": {
        "precision": 0.6296296296296297,
        "recall": 0.41935483870967744,
        "f1-score": 0.5034168564920274,
        "support": 527
    },
    "UP": {
        "precision": 0.4126679462571977,
        "recall": 0.6231884057971014,
        "f1-score": 0.4965357967667437,
        "support": 345
    },
    "accuracy": 0.5,
    "macro avg": {
        "precision": 0.5211487879434137,
        "recall": 0.5212716222533894,
        "f1-score": 0.4999763266293855,
        "support": 872
    },
    "weighted avg": {
        "precision": 0.5437904315063624,
        "recall": 0.5,
        "f1-score": 0.5006944188713589,
        "support": 872
    }
}