{
    "R2": 0.9742032979317732,
    "RMSE": 180.69315556502767,
    "MSE": 32650.016468047284,
    "MAPE": 0.13985730899931662,
    "ACMAPE": 1.183698645116227
}