{
    "DOWN": {
        "precision": 0.7019230769230769,
        "recall": 0.10138888888888889,
        "f1-score": 0.17718446601941748,
        "support": 720
    },
    "UP": {
        "precision": 0.3218029350104822,
        "recall": 0.908284023668639,
        "f1-score": 0.4752321981424149,
        "support": 338
    },
    "accuracy": 0.3591682419659735,
    "macro avg": {
        "precision": 0.5118630059667795,
        "recall": 0.504836456278764,
        "f1-score": 0.3262083320809162,
        "support": 1058
    },
    "weighted avg": {
        "precision": 0.58048582931773,
        "recall": 0.3591682419659735,
        "f1-score": 0.2724019834651388,
        "support": 1058
    }
}