{
    "R2": 0.9914205520459296,
    "RMSE": 1.475064619909732,
    "MSE": 2.175815632909442,
    "MAPE": 0.033243900595134074,
    "ACMAPE": 1.1361400625918376
}