{
    "DOWN": {
        "precision": 0.5748031496062992,
        "recall": 0.7373737373737373,
        "f1-score": 0.6460176991150443,
        "support": 99
    },
    "UP": {
        "precision": 0.5185185185185185,
        "recall": 0.34146341463414637,
        "f1-score": 0.411764705882353,
        "support": 82
    },
    "accuracy": 0.5580110497237569,
    "macro avg": {
        "precision": 0.5466608340624088,
        "recall": 0.5394185760039418,
        "f1-score": 0.5288912024986986,
        "support": 181
    },
    "weighted avg": {
        "precision": 0.5493040349698461,
        "recall": 0.5580110497237569,
        "f1-score": 0.5398920336726095,
        "support": 181
    }
}