{
    "DOWN": {
        "precision": 0.5652173913043478,
        "recall": 0.41935483870967744,
        "f1-score": 0.4814814814814815,
        "support": 31
    },
    "UP": {
        "precision": 0.3333333333333333,
        "recall": 0.47368421052631576,
        "f1-score": 0.391304347826087,
        "support": 19
    },
    "accuracy": 0.44,
    "macro avg": {
        "precision": 0.4492753623188406,
        "recall": 0.4465195246179966,
        "f1-score": 0.43639291465378427,
        "support": 50
    },
    "weighted avg": {
        "precision": 0.47710144927536224,
        "recall": 0.44,
        "f1-score": 0.4472141706924316,
        "support": 50
    }
}