{
    "R2": 0.18628645550541634,
    "RMSE": 97.71992332415198,
    "MSE": 9549.183414478142,
    "MAPE": 0.12881610379786246,
    "ACMAPE": 1.2888161037978625
}