{
    "R2": 0.8066074939246881,
    "RMSE": 69.56292768604925,
    "MSE": 4839.0009082545175,
    "MAPE": 0.19674648639449224,
    "ACMAPE": 1.3001947622565613
}