{
    "R2": 0.9061077676082825,
    "RMSE": 65.12205660665454,
    "MSE": 4240.882256680317,
    "MAPE": 0.07108438260242181,
    "ACMAPE": 1.1538497185323149
}