{
    "R2": 0.9670366670610048,
    "RMSE": 57.69207158060723,
    "MSE": 3328.3751232619084,
    "MAPE": 0.05136311372910387,
    "ACMAPE": 0.8643712438104046
}