{
    "R2": 0.6687298713564787,
    "RMSE": 85.84421785080204,
    "MSE": 7369.229738415959,
    "MAPE": 0.08122138131362075,
    "ACMAPE": 1.0502935462620744
}