{
    "R2": 0.6019182816357002,
    "RMSE": 31.993869304958967,
    "MSE": 1023.6076731027956,
    "MAPE": 0.13696569531804448,
    "ACMAPE": 1.222031857888933
}