{
    "R2": 0.9780698305161164,
    "RMSE": 7.653377910459733,
    "MSE": 58.574193440312996,
    "MAPE": 0.06350019116299087,
    "ACMAPE": 0.9122231774105352
}