{
    "R2": 0.99087441073734,
    "RMSE": 127.3176115494064,
    "MSE": 16209.77421064554,
    "MAPE": 1663633496580072.2,
    "ACMAPE": 1663633496580073.8
}