{
    "R2": -0.8221355012630904,
    "RMSE": 14.952890808929068,
    "MSE": 223.5889435437554,
    "MAPE": 0.019680367470406156,
    "ACMAPE": 0.6808373922637946
}