{
    "R2": 0.17138182456315132,
    "RMSE": 96.50510590607901,
    "MSE": 9313.235465943526,
    "MAPE": 0.5304374348372187,
    "ACMAPE": 1.53514331719016
}