{
    "R2": 0.028587511786030362,
    "RMSE": 738.9025453114036,
    "MSE": 545976.9714676709,
    "MAPE": 0.10902410138073311,
    "ACMAPE": 1.1563213986780305
}