{
    "R2": 0.9107324334224137,
    "RMSE": 41.28818424901393,
    "MSE": 1704.714158580522,
    "MAPE": 0.028254569210623807,
    "ACMAPE": 1.0637875641344816
}