{
    "DOWN": {
        "precision": 0.6802721088435374,
        "recall": 0.11363636363636363,
        "f1-score": 0.19474196689386564,
        "support": 880
    },
    "UP": {
        "precision": 0.12063134160090191,
        "recall": 0.6948051948051948,
        "f1-score": 0.20557156580211336,
        "support": 154
    },
    "accuracy": 0.20019342359767892,
    "macro avg": {
        "precision": 0.40045172522221967,
        "recall": 0.4042207792207792,
        "f1-score": 0.2001567663479895,
        "support": 1034
    },
    "weighted avg": {
        "precision": 0.5969213562754854,
        "recall": 0.20019342359767892,
        "f1-score": 0.19635488588020042,
        "support": 1034
    }
}