{
    "DOWN": {
        "precision": 0.7474747474747475,
        "recall": 0.5910543130990416,
        "f1-score": 0.6601248884924176,
        "support": 626
    },
    "UP": {
        "precision": 0.41950113378684806,
        "recall": 0.5967741935483871,
        "f1-score": 0.49267643142476697,
        "support": 310
    },
    "accuracy": 0.592948717948718,
    "macro avg": {
        "precision": 0.5834879406307978,
        "recall": 0.5939142533237143,
        "f1-score": 0.5764006599585922,
        "support": 936
    },
    "weighted avg": {
        "precision": 0.6388510078986269,
        "recall": 0.592948717948718,
        "f1-score": 0.6046665319849691,
        "support": 936
    }
}