{
    "DOWN": {
        "precision": 0.7934782608695652,
        "recall": 0.4882943143812709,
        "f1-score": 0.6045548654244307,
        "support": 299
    },
    "UP": {
        "precision": 0.4354243542435424,
        "recall": 0.7564102564102564,
        "f1-score": 0.5526932084309134,
        "support": 156
    },
    "accuracy": 0.5802197802197803,
    "macro avg": {
        "precision": 0.6144513075565539,
        "recall": 0.6223522853957637,
        "f1-score": 0.5786240369276721,
        "support": 455
    },
    "weighted avg": {
        "precision": 0.6707169214549289,
        "recall": 0.5802197802197803,
        "f1-score": 0.5867737258837962,
        "support": 455
    }
}