{
    "DOWN": {
        "precision": 0.7455830388692579,
        "recall": 0.5023809523809524,
        "f1-score": 0.6002844950213371,
        "support": 420
    },
    "UP": {
        "precision": 0.3125,
        "recall": 0.5688622754491018,
        "f1-score": 0.4033970276008493,
        "support": 167
    },
    "accuracy": 0.5212947189097104,
    "macro avg": {
        "precision": 0.529041519434629,
        "recall": 0.5356216139150272,
        "f1-score": 0.5018407613110931,
        "support": 587
    },
    "weighted avg": {
        "precision": 0.6223720209967433,
        "recall": 0.5212947189097104,
        "f1-score": 0.5442705136598014,
        "support": 587
    }
}