{
    "DOWN": {
        "precision": 0.96875,
        "recall": 0.20666666666666667,
        "f1-score": 0.34065934065934067,
        "support": 150
    },
    "UP": {
        "precision": 0.0,
        "recall": 0.0,
        "f1-score": 0.0,
        "support": 1
    },
    "accuracy": 0.2052980132450331,
    "macro avg": {
        "precision": 0.484375,
        "recall": 0.10333333333333333,
        "f1-score": 0.17032967032967034,
        "support": 151
    },
    "weighted avg": {
        "precision": 0.9623344370860927,
        "recall": 0.2052980132450331,
        "f1-score": 0.3384033185357689,
        "support": 151
    }
}