{
    "R2": 0.9671100989289155,
    "RMSE": 8.883571230672734,
    "MSE": 78.91783781043627,
    "MAPE": 0.06061590409808566,
    "ACMAPE": 1.0180264662786649
}