{
    "DOWN": {
        "precision": 0.5950617283950618,
        "recall": 0.6905444126074498,
        "f1-score": 0.6392572944297084,
        "support": 349
    },
    "UP": {
        "precision": 0.4857142857142857,
        "recall": 0.38345864661654133,
        "f1-score": 0.42857142857142855,
        "support": 266
    },
    "accuracy": 0.5577235772357724,
    "macro avg": {
        "precision": 0.5403880070546737,
        "recall": 0.5370015296119955,
        "f1-score": 0.5339143615005685,
        "support": 615
    },
    "weighted avg": {
        "precision": 0.5477667369266286,
        "recall": 0.5577235772357724,
        "f1-score": 0.5481313752129564,
        "support": 615
    }
}