{
    "DOWN": {
        "precision": 0.5864661654135338,
        "recall": 0.8939828080229226,
        "f1-score": 0.7082860385925085,
        "support": 349
    },
    "UP": {
        "precision": 0.5542168674698795,
        "recall": 0.17293233082706766,
        "f1-score": 0.26361031518624645,
        "support": 266
    },
    "accuracy": 0.5821138211382114,
    "macro avg": {
        "precision": 0.5703415164417067,
        "recall": 0.5334575694249951,
        "f1-score": 0.48594817688937747,
        "support": 615
    },
    "weighted avg": {
        "precision": 0.5725176885793679,
        "recall": 0.5821138211382114,
        "f1-score": 0.5159547500948407,
        "support": 615
    }
}