{
    "DOWN": {
        "precision": 0.7477638640429338,
        "recall": 0.5478374836173001,
        "f1-score": 0.632375189107413,
        "support": 763
    },
    "UP": {
        "precision": 0.3016194331983806,
        "recall": 0.5137931034482759,
        "f1-score": 0.38010204081632654,
        "support": 290
    },
    "accuracy": 0.5384615384615384,
    "macro avg": {
        "precision": 0.5246916486206572,
        "recall": 0.530815293532788,
        "f1-score": 0.5062386149618697,
        "support": 1053
    },
    "weighted avg": {
        "precision": 0.6248940777704548,
        "recall": 0.5384615384615384,
        "f1-score": 0.5628982536806181,
        "support": 1053
    }
}