{
    "R2": 0.9790528433964458,
    "RMSE": 396.24724257188,
    "MSE": 157011.8772458183,
    "MAPE": 0.3071963106173226,
    "ACMAPE": 1.0472342612814591
}