{
    "DOWN": {
        "precision": 0.8423423423423423,
        "recall": 0.3174872665534805,
        "f1-score": 0.4611590628853267,
        "support": 589
    },
    "UP": {
        "precision": 0.21330724070450097,
        "recall": 0.7569444444444444,
        "f1-score": 0.33282442748091606,
        "support": 144
    },
    "accuracy": 0.4038199181446112,
    "macro avg": {
        "precision": 0.5278247915234217,
        "recall": 0.5372158554989624,
        "f1-score": 0.3969917451831214,
        "support": 733
    },
    "weighted avg": {
        "precision": 0.7187665515703788,
        "recall": 0.4038199181446112,
        "f1-score": 0.43594734733521057,
        "support": 733
    }
}