{
    "R2": -2.5217967600294475,
    "RMSE": 20.422007227997998,
    "MSE": 417.0583792204025,
    "MAPE": 0.24295417653764267,
    "ACMAPE": 0.6456845519642638
}