{
    "DOWN": {
        "precision": 0.6651095939633489,
        "recall": 0.6291638341264446,
        "f1-score": 0.6466375545851528,
        "support": 2942
    },
    "UP": {
        "precision": 0.34513805522208885,
        "recall": 0.38155275381552756,
        "f1-score": 0.3624330286794831,
        "support": 1507
    },
    "accuracy": 0.5452910766464374,
    "macro avg": {
        "precision": 0.5051238245927189,
        "recall": 0.5053582939709861,
        "f1-score": 0.504535291632318,
        "support": 4449
    },
    "weighted avg": {
        "precision": 0.5567263373027332,
        "recall": 0.5452910766464374,
        "f1-score": 0.5503695796380087,
        "support": 4449
    }
}