{
    "R2": 0.9950639156757791,
    "RMSE": 69.48217857461002,
    "MSE": 4827.773139473995,
    "MAPE": 0.0341947149455687,
    "ACMAPE": 0.9540629915646687
}