{
    "DOWN": {
        "precision": 0.7549148099606815,
        "recall": 0.38272425249169434,
        "f1-score": 0.5079365079365079,
        "support": 1505
    },
    "UP": {
        "precision": 0.31691176470588234,
        "recall": 0.6974110032362459,
        "f1-score": 0.435793731041456,
        "support": 618
    },
    "accuracy": 0.4743287800282619,
    "macro avg": {
        "precision": 0.5359132873332819,
        "recall": 0.5400676278639701,
        "f1-score": 0.47186511948898197,
        "support": 2123
    },
    "weighted avg": {
        "precision": 0.6274132169472731,
        "recall": 0.4743287800282619,
        "f1-score": 0.48693592568443905,
        "support": 2123
    }
}