{
    "DOWN": {
        "precision": 0.6511335012594458,
        "recall": 0.4884270193670288,
        "f1-score": 0.5581646423751686,
        "support": 2117
    },
    "UP": {
        "precision": 0.35803200948429165,
        "recall": 0.5215889464594128,
        "f1-score": 0.4246045694200351,
        "support": 1158
    },
    "accuracy": 0.5001526717557252,
    "macro avg": {
        "precision": 0.5045827553718687,
        "recall": 0.5050079829132208,
        "f1-score": 0.49138460589760186,
        "support": 3275
    },
    "weighted avg": {
        "precision": 0.5474963936332997,
        "recall": 0.5001526717557252,
        "f1-score": 0.5109394318463,
        "support": 3275
    }
}