{
    "DOWN": {
        "precision": 0.7730192719486081,
        "recall": 0.3936750272628135,
        "f1-score": 0.5216763005780347,
        "support": 1834
    },
    "UP": {
        "precision": 0.31820968730839977,
        "recall": 0.7099863201094391,
        "f1-score": 0.4394580863674851,
        "support": 731
    },
    "accuracy": 0.4838206627680312,
    "macro avg": {
        "precision": 0.545614479628504,
        "recall": 0.5518306736861263,
        "f1-score": 0.4805671934727599,
        "support": 2565
    },
    "weighted avg": {
        "precision": 0.6434029731681044,
        "recall": 0.4838206627680312,
        "f1-score": 0.49824491087514516,
        "support": 2565
    }
}