{
    "DOWN": {
        "precision": 0.5223325062034739,
        "recall": 0.7682481751824818,
        "f1-score": 0.621861152141802,
        "support": 548
    },
    "UP": {
        "precision": 0.4200913242009132,
        "recall": 0.1928721174004193,
        "f1-score": 0.264367816091954,
        "support": 477
    },
    "accuracy": 0.5004878048780488,
    "macro avg": {
        "precision": 0.4712119152021936,
        "recall": 0.48056014629145055,
        "f1-score": 0.44311448411687804,
        "support": 1025
    },
    "weighted avg": {
        "precision": 0.47475295126179445,
        "recall": 0.5004878048780488,
        "f1-score": 0.4554959606337264,
        "support": 1025
    }
}