{
    "DOWN": {
        "precision": 0.7893333333333333,
        "recall": 0.39572192513368987,
        "f1-score": 0.527159394479074,
        "support": 1496
    },
    "UP": {
        "precision": 0.26682887266828875,
        "recall": 0.675564681724846,
        "f1-score": 0.3825581395348837,
        "support": 487
    },
    "accuracy": 0.46444780635400906,
    "macro avg": {
        "precision": 0.528081103000811,
        "recall": 0.5356433034292679,
        "f1-score": 0.45485876700697886,
        "support": 1983
    },
    "weighted avg": {
        "precision": 0.6610127723934056,
        "recall": 0.46444780635400906,
        "f1-score": 0.49164713469197335,
        "support": 1983
    }
}