{
    "DOWN": {
        "precision": 0.6833333333333333,
        "recall": 0.41414141414141414,
        "f1-score": 0.5157232704402516,
        "support": 99
    },
    "UP": {
        "precision": 0.3894736842105263,
        "recall": 0.6607142857142857,
        "f1-score": 0.49006622516556286,
        "support": 56
    },
    "accuracy": 0.5032258064516129,
    "macro avg": {
        "precision": 0.5364035087719299,
        "recall": 0.53742784992785,
        "f1-score": 0.5028947478029072,
        "support": 155
    },
    "weighted avg": {
        "precision": 0.5771646859083193,
        "recall": 0.5032258064516129,
        "f1-score": 0.5064536282764931,
        "support": 155
    }
}