{
    "R2": 0.6045398267057145,
    "RMSE": 29.29601378985938,
    "MSE": 858.256423975631,
    "MAPE": 0.11075025990195445,
    "ACMAPE": 1.0769156734357892
}