{
    "DOWN": {
        "precision": 0.8406593406593407,
        "recall": 0.12469437652811736,
        "f1-score": 0.2171753016323634,
        "support": 3681
    },
    "UP": {
        "precision": 0.06337209302325582,
        "recall": 0.7147540983606557,
        "f1-score": 0.11642189586114819,
        "support": 305
    },
    "accuracy": 0.16984445559458103,
    "macro avg": {
        "precision": 0.45201571684129827,
        "recall": 0.4197242374443865,
        "f1-score": 0.1667985987467558,
        "support": 3986
    },
    "weighted avg": {
        "precision": 0.7811830209079593,
        "recall": 0.16984445559458103,
        "f1-score": 0.20946587143662315,
        "support": 3986
    }
}