{
    "DOWN": {
        "precision": 0.9415067852129153,
        "recall": 0.5451097263614196,
        "f1-score": 0.6904598490048043,
        "support": 3691
    },
    "UP": {
        "precision": 0.09682625067240452,
        "recall": 0.5901639344262295,
        "f1-score": 0.16635859519408505,
        "support": 305
    },
    "accuracy": 0.5485485485485485,
    "macro avg": {
        "precision": 0.5191665179426599,
        "recall": 0.5676368303938246,
        "f1-score": 0.42840922209944465,
        "support": 3996
    },
    "weighted avg": {
        "precision": 0.8770354230920805,
        "recall": 0.5485485485485485,
        "f1-score": 0.6504571256784105,
        "support": 3996
    }
}