{
    "DOWN": {
        "precision": 0.9441829186281103,
        "recall": 0.763873775843308,
        "f1-score": 0.8445112781954889,
        "support": 3676
    },
    "UP": {
        "precision": 0.13803376365441908,
        "recall": 0.4557377049180328,
        "f1-score": 0.21189024390243905,
        "support": 305
    },
    "accuracy": 0.7402662647575986,
    "macro avg": {
        "precision": 0.5411083411412647,
        "recall": 0.6098057403806704,
        "f1-score": 0.528200761048964,
        "support": 3981
    },
    "weighted avg": {
        "precision": 0.8824206749036753,
        "recall": 0.7402662647575986,
        "f1-score": 0.7960437033501284,
        "support": 3981
    }
}