{
    "DOWN": {
        "precision": 0.6945020746887967,
        "recall": 0.5806591500433651,
        "f1-score": 0.6324988190836088,
        "support": 2306
    },
    "UP": {
        "precision": 0.3675604970568999,
        "recall": 0.4882710686359687,
        "f1-score": 0.41940298507462687,
        "support": 1151
    },
    "accuracy": 0.5498987561469483,
    "macro avg": {
        "precision": 0.5310312858728483,
        "recall": 0.5344651093396668,
        "f1-score": 0.5259509020791179,
        "support": 3457
    },
    "weighted avg": {
        "precision": 0.5856476471926112,
        "recall": 0.5498987561469483,
        "f1-score": 0.5615490635312981,
        "support": 3457
    }
}