{
    "R2": -31.037874249385297,
    "RMSE": 266.3551623121471,
    "MSE": 70945.07249033023,
    "MAPE": 0.8008122709528883,
    "ACMAPE": 1.867478937619555
}