{
    "DOWN": {
        "precision": 0.6532846715328468,
        "recall": 0.7122015915119363,
        "f1-score": 0.6814720812182741,
        "support": 754
    },
    "UP": {
        "precision": 0.2814569536423841,
        "recall": 0.22972972972972974,
        "f1-score": 0.25297619047619047,
        "support": 370
    },
    "accuracy": 0.5533807829181495,
    "macro avg": {
        "precision": 0.4673708125876154,
        "recall": 0.470965660620833,
        "f1-score": 0.46722413584723227,
        "support": 1124
    },
    "weighted avg": {
        "precision": 0.5308858676009328,
        "recall": 0.5533807829181495,
        "f1-score": 0.5404191634473036,
        "support": 1124
    }
}