{
    "DOWN": {
        "precision": 0.8846666666666667,
        "recall": 0.43665679499835475,
        "f1-score": 0.584710288609826,
        "support": 3039
    },
    "UP": {
        "precision": 0.19359397079604335,
        "recall": 0.7037671232876712,
        "f1-score": 0.3036571850757296,
        "support": 584
    },
    "accuracy": 0.4797129450731438,
    "macro avg": {
        "precision": 0.539130318731355,
        "recall": 0.570211959143013,
        "f1-score": 0.4441837368427778,
        "support": 3623
    },
    "weighted avg": {
        "precision": 0.7732710126814489,
        "recall": 0.4797129450731438,
        "f1-score": 0.5394066693815863,
        "support": 3623
    }
}