{
    "DOWN": {
        "precision": 0.643312101910828,
        "recall": 0.5401069518716578,
        "f1-score": 0.5872093023255814,
        "support": 187
    },
    "UP": {
        "precision": 0.4228187919463087,
        "recall": 0.5294117647058824,
        "f1-score": 0.47014925373134325,
        "support": 119
    },
    "accuracy": 0.5359477124183006,
    "macro avg": {
        "precision": 0.5330654469285684,
        "recall": 0.5347593582887701,
        "f1-score": 0.5286792780284624,
        "support": 306
    },
    "weighted avg": {
        "precision": 0.5575647035912927,
        "recall": 0.5359477124183006,
        "f1-score": 0.5416859500944888,
        "support": 306
    }
}