{
    "DOWN": {
        "precision": 0.6416666666666667,
        "recall": 0.5746268656716418,
        "f1-score": 0.6062992125984253,
        "support": 268
    },
    "UP": {
        "precision": 0.37362637362637363,
        "recall": 0.44155844155844154,
        "f1-score": 0.4047619047619048,
        "support": 154
    },
    "accuracy": 0.5260663507109005,
    "macro avg": {
        "precision": 0.5076465201465201,
        "recall": 0.5080926536150416,
        "f1-score": 0.505530558680165,
        "support": 422
    },
    "weighted avg": {
        "precision": 0.5438510147040952,
        "recall": 0.5260663507109005,
        "f1-score": 0.532752422534861,
        "support": 422
    }
}