{
    "DOWN": {
        "precision": 0.66,
        "recall": 0.5,
        "f1-score": 0.5689655172413792,
        "support": 66
    },
    "UP": {
        "precision": 0.45,
        "recall": 0.6136363636363636,
        "f1-score": 0.5192307692307692,
        "support": 44
    },
    "accuracy": 0.5454545454545454,
    "macro avg": {
        "precision": 0.555,
        "recall": 0.5568181818181819,
        "f1-score": 0.5440981432360742,
        "support": 110
    },
    "weighted avg": {
        "precision": 0.576,
        "recall": 0.5454545454545454,
        "f1-score": 0.5490716180371352,
        "support": 110
    }
}