{
    "R2": 0.7942872401789715,
    "RMSE": 16.37041115989631,
    "MSE": 267.9903615440577,
    "MAPE": 0.050785884060477196,
    "ACMAPE": 0.9257858840604772
}