{
    "DOWN": {
        "precision": 0.9528301886792453,
        "recall": 0.7875243664717348,
        "f1-score": 0.8623265741728922,
        "support": 513
    },
    "UP": {
        "precision": 0.21014492753623187,
        "recall": 0.5918367346938775,
        "f1-score": 0.3101604278074866,
        "support": 49
    },
    "accuracy": 0.7704626334519573,
    "macro avg": {
        "precision": 0.5814875581077386,
        "recall": 0.6896805505828062,
        "f1-score": 0.5862435009901894,
        "support": 562
    },
    "weighted avg": {
        "precision": 0.8880764915333242,
        "recall": 0.7704626334519573,
        "f1-score": 0.8141839742228835,
        "support": 562
    }
}