{
    "R2": 0.9629934740445442,
    "RMSE": 5.78980900725865,
    "MSE": 33.521888340533394,
    "MAPE": 0.031192776910026598,
    "ACMAPE": 0.8737313703920164
}