{
    "DOWN": {
        "precision": 0.7774480712166172,
        "recall": 0.5208747514910537,
        "f1-score": 0.6238095238095238,
        "support": 503
    },
    "UP": {
        "precision": 0.3852040816326531,
        "recall": 0.668141592920354,
        "f1-score": 0.48867313915857613,
        "support": 226
    },
    "accuracy": 0.5665294924554184,
    "macro avg": {
        "precision": 0.5813260764246351,
        "recall": 0.5945081722057038,
        "f1-score": 0.55624133148405,
        "support": 729
    },
    "weighted avg": {
        "precision": 0.6558470538695995,
        "recall": 0.5665294924554184,
        "f1-score": 0.5819153908450325,
        "support": 729
    }
}