{
    "DOWN": {
        "precision": 0.6893424036281179,
        "recall": 0.8216216216216217,
        "f1-score": 0.749691738594328,
        "support": 740
    },
    "UP": {
        "precision": 0.31958762886597936,
        "recall": 0.18452380952380953,
        "f1-score": 0.2339622641509434,
        "support": 336
    },
    "accuracy": 0.6226765799256505,
    "macro avg": {
        "precision": 0.5044650162470486,
        "recall": 0.5030727155727156,
        "f1-score": 0.4918270013726357,
        "support": 1076
    },
    "weighted avg": {
        "precision": 0.5738799460815766,
        "recall": 0.6226765799256505,
        "f1-score": 0.5886461034521558,
        "support": 1076
    }
}