{
    "R2": 0.9388836149331949,
    "RMSE": 12.613297170205925,
    "MSE": 159.0952655039248,
    "MAPE": 0.04239929170728195,
    "ACMAPE": 0.9396660212077532
}