{
    "DOWN": {
        "precision": 0.6826280623608018,
        "recall": 0.27813067150635207,
        "f1-score": 0.3952288845905867,
        "support": 2204
    },
    "UP": {
        "precision": 0.2715201465201465,
        "recall": 0.6753986332574032,
        "f1-score": 0.3873285434356629,
        "support": 878
    },
    "accuracy": 0.391304347826087,
    "macro avg": {
        "precision": 0.47707410444047416,
        "recall": 0.47676465238187765,
        "f1-score": 0.3912787140131248,
        "support": 3082
    },
    "weighted avg": {
        "precision": 0.5655116606385125,
        "recall": 0.391304347826087,
        "f1-score": 0.392978235812513,
        "support": 3082
    }
}