{
    "DOWN": {
        "precision": 0.7085561497326203,
        "recall": 0.6022727272727273,
        "f1-score": 0.6511056511056511,
        "support": 2200
    },
    "UP": {
        "precision": 0.2750621375310688,
        "recall": 0.37856328392246297,
        "f1-score": 0.31861804222648754,
        "support": 877
    },
    "accuracy": 0.5385115372115697,
    "macro avg": {
        "precision": 0.4918091436318445,
        "recall": 0.49041800559759513,
        "f1-score": 0.48486184666606935,
        "support": 3077
    },
    "weighted avg": {
        "precision": 0.5850026077434228,
        "recall": 0.5385115372115697,
        "f1-score": 0.5563407395076575,
        "support": 3077
    }
}