{
    "DOWN": {
        "precision": 0.7777777777777778,
        "recall": 0.358974358974359,
        "f1-score": 0.49122807017543857,
        "support": 39
    },
    "UP": {
        "precision": 0.4444444444444444,
        "recall": 0.8333333333333334,
        "f1-score": 0.5797101449275363,
        "support": 24
    },
    "accuracy": 0.5396825396825397,
    "macro avg": {
        "precision": 0.6111111111111112,
        "recall": 0.5961538461538461,
        "f1-score": 0.5354691075514875,
        "support": 63
    },
    "weighted avg": {
        "precision": 0.6507936507936508,
        "recall": 0.5396825396825397,
        "f1-score": 0.5249355272238566,
        "support": 63
    }
}