{
    "DOWN": {
        "precision": 0.7391304347826086,
        "recall": 0.4358974358974359,
        "f1-score": 0.5483870967741935,
        "support": 39
    },
    "UP": {
        "precision": 0.45,
        "recall": 0.75,
        "f1-score": 0.5625000000000001,
        "support": 24
    },
    "accuracy": 0.5555555555555556,
    "macro avg": {
        "precision": 0.5945652173913043,
        "recall": 0.592948717948718,
        "f1-score": 0.5554435483870968,
        "support": 63
    },
    "weighted avg": {
        "precision": 0.6289855072463768,
        "recall": 0.5555555555555556,
        "f1-score": 0.5537634408602151,
        "support": 63
    }
}