{
    "DOWN": {
        "precision": 0.6203473945409429,
        "recall": 0.5376344086021505,
        "f1-score": 0.5760368663594471,
        "support": 465
    },
    "UP": {
        "precision": 0.39775910364145656,
        "recall": 0.48135593220338985,
        "f1-score": 0.4355828220858896,
        "support": 295
    },
    "accuracy": 0.5157894736842106,
    "macro avg": {
        "precision": 0.5090532490911998,
        "recall": 0.5094951704027701,
        "f1-score": 0.5058098442226684,
        "support": 760
    },
    "weighted avg": {
        "precision": 0.5339479921523266,
        "recall": 0.5157894736842106,
        "f1-score": 0.5215185202269478,
        "support": 760
    }
}