{
    "DOWN": {
        "precision": 0.7195442594215601,
        "recall": 0.5024479804161567,
        "f1-score": 0.5917117117117117,
        "support": 1634
    },
    "UP": {
        "precision": 0.37461538461538463,
        "recall": 0.6034696406443618,
        "f1-score": 0.4622686283815852,
        "support": 807
    },
    "accuracy": 0.5358459647685375,
    "macro avg": {
        "precision": 0.5470798220184724,
        "recall": 0.5529588105302592,
        "f1-score": 0.5269901700466484,
        "support": 2441
    },
    "weighted avg": {
        "precision": 0.6055100103561838,
        "recall": 0.5358459647685375,
        "f1-score": 0.548917542007733,
        "support": 2441
    }
}