{
    "DOWN": {
        "precision": 0.6916909620991254,
        "recall": 0.5836408364083641,
        "f1-score": 0.6330887258172115,
        "support": 1626
    },
    "UP": {
        "precision": 0.3607176581680831,
        "recall": 0.4745341614906832,
        "f1-score": 0.40987124463519314,
        "support": 805
    },
    "accuracy": 0.5475113122171946,
    "macro avg": {
        "precision": 0.5262043101336042,
        "recall": 0.5290874989495237,
        "f1-score": 0.5214799852262023,
        "support": 2431
    },
    "weighted avg": {
        "precision": 0.5820926446723508,
        "recall": 0.5475113122171946,
        "f1-score": 0.5591726121390853,
        "support": 2431
    }
}