{
    "R2": -2.5271646562182553,
    "RMSE": 30.80947409330021,
    "MSE": 949.2236939057367,
    "MAPE": 0.13400908312496562,
    "ACMAPE": 0.8574133384441145
}