{
    "DOWN": {
        "precision": 0.6086956521739131,
        "recall": 0.34146341463414637,
        "f1-score": 0.4375,
        "support": 41
    },
    "UP": {
        "precision": 0.325,
        "recall": 0.5909090909090909,
        "f1-score": 0.41935483870967744,
        "support": 22
    },
    "accuracy": 0.42857142857142855,
    "macro avg": {
        "precision": 0.4668478260869565,
        "recall": 0.4661862527716186,
        "f1-score": 0.42842741935483875,
        "support": 63
    },
    "weighted avg": {
        "precision": 0.5096273291925466,
        "recall": 0.42857142857142855,
        "f1-score": 0.4311635944700461,
        "support": 63
    }
}