{
    "DOWN": {
        "precision": 0.5833333333333334,
        "recall": 0.34146341463414637,
        "f1-score": 0.43076923076923085,
        "support": 41
    },
    "UP": {
        "precision": 0.3076923076923077,
        "recall": 0.5454545454545454,
        "f1-score": 0.3934426229508197,
        "support": 22
    },
    "accuracy": 0.4126984126984127,
    "macro avg": {
        "precision": 0.44551282051282054,
        "recall": 0.4434589800443459,
        "f1-score": 0.4121059268600253,
        "support": 63
    },
    "weighted avg": {
        "precision": 0.4870777370777371,
        "recall": 0.4126984126984127,
        "f1-score": 0.41773454232470636,
        "support": 63
    }
}