{
    "R2": 0.7989248580663362,
    "RMSE": 11.242650044399317,
    "MSE": 126.39718002083198,
    "MAPE": 0.024637719776188012,
    "ACMAPE": 0.859654554793023
}