{
    "DOWN": {
        "precision": 0.7323943661971831,
        "recall": 0.1793103448275862,
        "f1-score": 0.28808864265927975,
        "support": 290
    },
    "UP": {
        "precision": 0.36193029490616624,
        "recall": 0.8766233766233766,
        "f1-score": 0.5123339658444024,
        "support": 154
    },
    "accuracy": 0.42117117117117114,
    "macro avg": {
        "precision": 0.5471623305516746,
        "recall": 0.5279668607254814,
        "f1-score": 0.40021130425184104,
        "support": 444
    },
    "weighted avg": {
        "precision": 0.6039000711998485,
        "recall": 0.42117117117117114,
        "f1-score": 0.36586742592619165,
        "support": 444
    }
}