{
    "R2": 0.6449321290064752,
    "RMSE": 17.948519990607018,
    "MSE": 322.14936985321975,
    "MAPE": 0.06890705352361425,
    "ACMAPE": 1.1770151616317224
}