{
    "R2": -0.20707402788462215,
    "RMSE": 363.110457724931,
    "MSE": 131849.2045092089,
    "MAPE": 0.4217161581325043,
    "ACMAPE": 1.3795325353037202
}