{
    "DOWN": {
        "precision": 0.7180910099889012,
        "recall": 0.23708318065225356,
        "f1-score": 0.35647382920110193,
        "support": 2729
    },
    "UP": {
        "precision": 0.10490111779879621,
        "recall": 0.4899598393574297,
        "f1-score": 0.17280453257790368,
        "support": 498
    },
    "accuracy": 0.2761078400991633,
    "macro avg": {
        "precision": 0.4114960638938487,
        "recall": 0.3635215100048416,
        "f1-score": 0.2646391808895028,
        "support": 3227
    },
    "weighted avg": {
        "precision": 0.6234617672524053,
        "recall": 0.2761078400991633,
        "f1-score": 0.3281294506084918,
        "support": 3227
    }
}