{
    "DOWN": {
        "precision": 0.6347826086956522,
        "recall": 0.6108786610878661,
        "f1-score": 0.6226012793176973,
        "support": 239
    },
    "UP": {
        "precision": 0.34965034965034963,
        "recall": 0.373134328358209,
        "f1-score": 0.36101083032490977,
        "support": 134
    },
    "accuracy": 0.5254691689008043,
    "macro avg": {
        "precision": 0.49221647917300093,
        "recall": 0.4920064947230376,
        "f1-score": 0.4918060548213035,
        "support": 373
    },
    "weighted avg": {
        "precision": 0.5323490357410394,
        "recall": 0.5254691689008043,
        "f1-score": 0.5286250858457575,
        "support": 373
    }
}