{
    "R2": 0.6862714100278609,
    "RMSE": 1.9656290852502762,
    "MSE": 3.863697700781838,
    "MAPE": 0.023341774395324696,
    "ACMAPE": 1.061803312856863
}