{
    "R2": 0.9826298930045295,
    "RMSE": 300.4765370467973,
    "MSE": 90286.14931563537,
    "MAPE": 0.03315059413299591,
    "ACMAPE": 0.9083799519311611
}