{
    "R2": 0.9805977376273444,
    "RMSE": 112.62492325449969,
    "MSE": 12684.373338081947,
    "MAPE": 0.12720800331088702,
    "ACMAPE": 1.1579446222828
}