{
    "DOWN": {
        "precision": 0.8558823529411764,
        "recall": 0.6339869281045751,
        "f1-score": 0.7284105131414266,
        "support": 459
    },
    "UP": {
        "precision": 0.43812709030100333,
        "recall": 0.7277777777777777,
        "f1-score": 0.5469728601252609,
        "support": 180
    },
    "accuracy": 0.6604068857589984,
    "macro avg": {
        "precision": 0.6470047216210899,
        "recall": 0.6808823529411765,
        "f1-score": 0.6376916866333437,
        "support": 639
    },
    "weighted avg": {
        "precision": 0.7382048141692966,
        "recall": 0.6604068857589984,
        "f1-score": 0.6773013151087038,
        "support": 639
    }
}