{
    "DOWN": {
        "precision": 0.8282258064516129,
        "recall": 0.33694225721784776,
        "f1-score": 0.47901119402985076,
        "support": 3048
    },
    "UP": {
        "precision": 0.2080721003134796,
        "recall": 0.7137096774193549,
        "f1-score": 0.32220873786407767,
        "support": 744
    },
    "accuracy": 0.4108649789029536,
    "macro avg": {
        "precision": 0.5181489533825463,
        "recall": 0.5253259673186013,
        "f1-score": 0.4006099659469642,
        "support": 3792
    },
    "weighted avg": {
        "precision": 0.7065500792979285,
        "recall": 0.4108649789029536,
        "f1-score": 0.44824615516188265,
        "support": 3792
    }
}