{
    "R2": 0.9762765936464075,
    "RMSE": 4.1760263508709485,
    "MSE": 17.439196083168532,
    "MAPE": 0.03813475358345171,
    "ACMAPE": 1.2164047957775446
}