{
    "R2": 0.9596120488937162,
    "RMSE": 19.285739999330673,
    "MSE": 371.93976732178305,
    "MAPE": 0.03120945762047912,
    "ACMAPE": 0.5376789585446935
}