{
    "R2": -2.766308531400194,
    "RMSE": 0.7087730396084668,
    "MSE": 0.5023592216758254,
    "MAPE": 0.011357703457274855,
    "ACMAPE": 0.03770237963729675
}