{
    "DOWN": {
        "precision": 0.7383863080684596,
        "recall": 0.41032608695652173,
        "f1-score": 0.5275109170305676,
        "support": 736
    },
    "UP": {
        "precision": 0.31329113924050633,
        "recall": 0.6491803278688525,
        "f1-score": 0.4226254002134472,
        "support": 305
    },
    "accuracy": 0.4803073967339097,
    "macro avg": {
        "precision": 0.525838723654483,
        "recall": 0.5297532074126872,
        "f1-score": 0.4750681586220074,
        "support": 1041
    },
    "weighted avg": {
        "precision": 0.6138387321870709,
        "recall": 0.4803073967339097,
        "f1-score": 0.49678077041267926,
        "support": 1041
    }
}