{
    "R2": 0.9872576915002036,
    "RMSE": 26.460019020398157,
    "MSE": 700.1326065598322,
    "MAPE": 0.020324192098025985,
    "ACMAPE": 1.2424395767134104
}