{
    "DOWN": {
        "precision": 0.8391521197007481,
        "recall": 0.17804232804232803,
        "f1-score": 0.2937581841990397,
        "support": 3780
    },
    "UP": {
        "precision": 0.07336713390993141,
        "recall": 0.656,
        "f1-score": 0.13197424892703863,
        "support": 375
    },
    "accuracy": 0.22117930204572803,
    "macro avg": {
        "precision": 0.45625962680533977,
        "recall": 0.417021164021164,
        "f1-score": 0.21286621656303917,
        "support": 4155
    },
    "weighted avg": {
        "precision": 0.7700379513080752,
        "recall": 0.22117930204572803,
        "f1-score": 0.2791567459975956,
        "support": 4155
    }
}