{
    "DOWN": {
        "precision": 0.8328631875881524,
        "recall": 0.724095646842428,
        "f1-score": 0.7746802230239423,
        "support": 1631
    },
    "UP": {
        "precision": 0.3515850144092219,
        "recall": 0.5072765072765073,
        "f1-score": 0.4153191489361703,
        "support": 481
    },
    "accuracy": 0.6747159090909091,
    "macro avg": {
        "precision": 0.5922241009986872,
        "recall": 0.6156860770594677,
        "f1-score": 0.5949996859800564,
        "support": 2112
    },
    "weighted avg": {
        "precision": 0.7232539066700342,
        "recall": 0.6747159090909091,
        "f1-score": 0.6928370996166419,
        "support": 2112
    }
}