{
    "R2": 0.8693655756589571,
    "RMSE": 14.057189161256778,
    "MSE": 197.60456711535502,
    "MAPE": 0.03859780050629281,
    "ACMAPE": 1.1796234415319338
}