{
    "R2": 0.922146297701947,
    "RMSE": 24.73566996148985,
    "MSE": 611.8533684437514,
    "MAPE": 0.04145348881858576,
    "ACMAPE": 0.8745113400582551
}