{
    "DOWN": {
        "precision": 0.7089201877934272,
        "recall": 0.4223776223776224,
        "f1-score": 0.5293602103418055,
        "support": 715
    },
    "UP": {
        "precision": 0.32405891980360063,
        "recall": 0.6149068322981367,
        "f1-score": 0.42443729903536975,
        "support": 322
    },
    "accuracy": 0.4821600771456123,
    "macro avg": {
        "precision": 0.5164895537985139,
        "recall": 0.5186422273378796,
        "f1-score": 0.4768987546885876,
        "support": 1037
    },
    "weighted avg": {
        "precision": 0.5894164960935968,
        "recall": 0.4821600771456123,
        "f1-score": 0.49678048281945997,
        "support": 1037
    }
}