{
    "R2": 0.9569900188791636,
    "RMSE": 19.778678843712925,
    "MSE": 391.1961368027372,
    "MAPE": 0.05405793323254136,
    "ACMAPE": 1.2316667791205855
}