{
    "DOWN": {
        "precision": 0.7160493827160493,
        "recall": 0.4773662551440329,
        "f1-score": 0.5728395061728395,
        "support": 243
    },
    "UP": {
        "precision": 0.365,
        "recall": 0.6134453781512605,
        "f1-score": 0.45768025078369906,
        "support": 119
    },
    "accuracy": 0.5220994475138122,
    "macro avg": {
        "precision": 0.5405246913580246,
        "recall": 0.5454058166476468,
        "f1-score": 0.5152598784782693,
        "support": 362
    },
    "weighted avg": {
        "precision": 0.6006491712707183,
        "recall": 0.5220994475138122,
        "f1-score": 0.5349832868598349,
        "support": 362
    }
}