{
    "DOWN": {
        "precision": 0.5542406311637081,
        "recall": 0.7007481296758105,
        "f1-score": 0.6189427312775332,
        "support": 401
    },
    "UP": {
        "precision": 0.3717277486910995,
        "recall": 0.23905723905723905,
        "f1-score": 0.29098360655737704,
        "support": 297
    },
    "accuracy": 0.504297994269341,
    "macro avg": {
        "precision": 0.4629841899274038,
        "recall": 0.46990268436652477,
        "f1-score": 0.45496316891745514,
        "support": 698
    },
    "weighted avg": {
        "precision": 0.4765811381918389,
        "recall": 0.504297994269341,
        "f1-score": 0.4793956538536272,
        "support": 698
    }
}