{
    "DOWN": {
        "precision": 0.7109375,
        "recall": 0.29260450160771706,
        "f1-score": 0.41457858769931666,
        "support": 311
    },
    "UP": {
        "precision": 0.3888888888888889,
        "recall": 0.7909604519774012,
        "f1-score": 0.5214152700186221,
        "support": 177
    },
    "accuracy": 0.4733606557377049,
    "macro avg": {
        "precision": 0.5499131944444444,
        "recall": 0.5417824767925591,
        "f1-score": 0.4679969288589694,
        "support": 488
    },
    "weighted avg": {
        "precision": 0.5941288849043715,
        "recall": 0.4733606557377049,
        "f1-score": 0.4533287778028352,
        "support": 488
    }
}