{
    "R2": 0.9896226019582006,
    "RMSE": 3.0408566048868115,
    "MSE": 9.246808891483747,
    "MAPE": 0.03798373552308697,
    "ACMAPE": 0.8774241086076973
}