{
    "DOWN": {
        "precision": 0.8947368421052632,
        "recall": 0.09550561797752809,
        "f1-score": 0.17258883248730963,
        "support": 178
    },
    "UP": {
        "precision": 0.006172839506172839,
        "recall": 0.3333333333333333,
        "f1-score": 0.012121212121212121,
        "support": 3
    },
    "accuracy": 0.09944751381215469,
    "macro avg": {
        "precision": 0.450454840805718,
        "recall": 0.2144194756554307,
        "f1-score": 0.09235502230426088,
        "support": 181
    },
    "weighted avg": {
        "precision": 0.880009261951687,
        "recall": 0.09944751381215469,
        "f1-score": 0.16992914817184945,
        "support": 181
    }
}