{
    "R2": 0.9898919099596926,
    "RMSE": 13.786343888015107,
    "MSE": 190.06327779861152,
    "MAPE": 0.01618760116051135,
    "ACMAPE": 1.1205613586157797
}