{
    "R2": 0.9742042951369885,
    "RMSE": 813.5037115389806,
    "MSE": 661788.2886876969,
    "MAPE": 0.08926431746304987,
    "ACMAPE": 1.2177559375747817
}