{
    "R2": 0.9404627389038295,
    "RMSE": 222.624390776923,
    "MSE": 49561.61936879612,
    "MAPE": 0.029894978555158058,
    "ACMAPE": 0.9496810748118425
}