{
    "R2": 0.9729567573972865,
    "RMSE": 22.620879669322445,
    "MSE": 511.70419701396554,
    "MAPE": 1646167525621.4802,
    "ACMAPE": 1646167525622.0098
}