{
    "DOWN": {
        "precision": 0.672,
        "recall": 0.6,
        "f1-score": 0.6339622641509434,
        "support": 140
    },
    "UP": {
        "precision": 0.37777777777777777,
        "recall": 0.4533333333333333,
        "f1-score": 0.4121212121212121,
        "support": 75
    },
    "accuracy": 0.5488372093023256,
    "macro avg": {
        "precision": 0.524888888888889,
        "recall": 0.5266666666666666,
        "f1-score": 0.5230417381360777,
        "support": 215
    },
    "weighted avg": {
        "precision": 0.5693643410852713,
        "recall": 0.5488372093023256,
        "f1-score": 0.5565758506521999,
        "support": 215
    }
}