{
    "R2": 0.7447049482893482,
    "RMSE": 51.97259146564764,
    "MSE": 2701.15026365511,
    "MAPE": 0.025684560556575774,
    "ACMAPE": 0.9656383711801323
}