{
    "R2": 0.9233106222225521,
    "RMSE": 7.184268992840391,
    "MSE": 51.61372096148788,
    "MAPE": 0.02843493205669177,
    "ACMAPE": 0.8609930715915756
}