{
    "DOWN": {
        "precision": 0.5970149253731343,
        "recall": 0.5369127516778524,
        "f1-score": 0.5653710247349822,
        "support": 149
    },
    "UP": {
        "precision": 0.41025641025641024,
        "recall": 0.47058823529411764,
        "f1-score": 0.4383561643835616,
        "support": 102
    },
    "accuracy": 0.5099601593625498,
    "macro avg": {
        "precision": 0.5036356678147722,
        "recall": 0.503750493485985,
        "f1-score": 0.501863594559272,
        "support": 251
    },
    "weighted avg": {
        "precision": 0.5211210267998042,
        "recall": 0.5099601593625498,
        "f1-score": 0.5137554241140863,
        "support": 251
    }
}