{
    "DOWN": {
        "precision": 0.7272727272727273,
        "recall": 0.30917874396135264,
        "f1-score": 0.4338983050847457,
        "support": 1035
    },
    "UP": {
        "precision": 0.32800751879699247,
        "recall": 0.744136460554371,
        "f1-score": 0.4553163731245923,
        "support": 469
    },
    "accuracy": 0.44481382978723405,
    "macro avg": {
        "precision": 0.5276401230348599,
        "recall": 0.5266576022578618,
        "f1-score": 0.444607339104669,
        "support": 1504
    },
    "weighted avg": {
        "precision": 0.6027678185126744,
        "recall": 0.44481382978723405,
        "f1-score": 0.4405772106104691,
        "support": 1504
    }
}