{
    "DOWN": {
        "precision": 0.8264363198071515,
        "recall": 0.5919424460431655,
        "f1-score": 0.6898054996646545,
        "support": 3475
    },
    "UP": {
        "precision": 0.15393794749403342,
        "recall": 0.3739130434782609,
        "f1-score": 0.21808960270498734,
        "support": 690
    },
    "accuracy": 0.5558223289315727,
    "macro avg": {
        "precision": 0.49018713365059247,
        "recall": 0.4829277447607132,
        "f1-score": 0.45394755118482094,
        "support": 4165
    },
    "weighted avg": {
        "precision": 0.71502602523427,
        "recall": 0.5558223289315727,
        "f1-score": 0.6116580881635332,
        "support": 4165
    }
}