{
    "R2": 0.9585373620181283,
    "RMSE": 47.71780479876302,
    "MSE": 2276.988894812851,
    "MAPE": 0.01709935283790818,
    "ACMAPE": 1.167099352837908
}