{
    "DOWN": {
        "precision": 0.75,
        "recall": 0.27514792899408286,
        "f1-score": 0.4025974025974027,
        "support": 338
    },
    "UP": {
        "precision": 0.31179775280898875,
        "recall": 0.7816901408450704,
        "f1-score": 0.4457831325301205,
        "support": 142
    },
    "accuracy": 0.425,
    "macro avg": {
        "precision": 0.5308988764044944,
        "recall": 0.5284190349195766,
        "f1-score": 0.42419026756376155,
        "support": 480
    },
    "weighted avg": {
        "precision": 0.6203651685393259,
        "recall": 0.425,
        "f1-score": 0.41537318103583165,
        "support": 480
    }
}