{
    "R2": 0.9977513101156874,
    "RMSE": 111.7091946178141,
    "MSE": 12478.944162160667,
    "MAPE": 0.018982502428840288,
    "ACMAPE": 1.4534001309702884
}