{
    "DOWN": {
        "precision": 0.8804243008678881,
        "recall": 0.5332943925233645,
        "f1-score": 0.664241542379047,
        "support": 1712
    },
    "UP": {
        "precision": 0.18800813008130082,
        "recall": 0.598705501618123,
        "f1-score": 0.2861562258313999,
        "support": 309
    },
    "accuracy": 0.5432953983176645,
    "macro avg": {
        "precision": 0.5342162154745945,
        "recall": 0.5659999470707437,
        "f1-score": 0.47519888410522343,
        "support": 2021
    },
    "weighted avg": {
        "precision": 0.7745576028109582,
        "recall": 0.5432953983176645,
        "f1-score": 0.6064343366327715,
        "support": 2021
    }
}