{
    "R2": 0.8172994497593221,
    "RMSE": 3.6784826204728267,
    "MSE": 13.531234389120634,
    "MAPE": 0.024953220367433675,
    "ACMAPE": 0.3648741689840345
}