{
    "DOWN": {
        "precision": 0.594306049822064,
        "recall": 0.5859649122807018,
        "f1-score": 0.5901060070671378,
        "support": 285
    },
    "UP": {
        "precision": 0.4537037037037037,
        "recall": 0.46226415094339623,
        "f1-score": 0.4579439252336449,
        "support": 212
    },
    "accuracy": 0.5331991951710262,
    "macro avg": {
        "precision": 0.5240048767628839,
        "recall": 0.524114531612049,
        "f1-score": 0.5240249661503913,
        "support": 497
    },
    "weighted avg": {
        "precision": 0.5343308035904898,
        "recall": 0.5331991951710262,
        "f1-score": 0.5337310345345412,
        "support": 497
    }
}