{
    "R2": 0.9164317356945169,
    "RMSE": 56.28216416831524,
    "MSE": 3167.6820034691877,
    "MAPE": 0.026617659046375634,
    "ACMAPE": 0.9961298541683268
}