{
    "DOWN": {
        "precision": 0.6839080459770115,
        "recall": 0.15514993481095177,
        "f1-score": 0.25292242295430395,
        "support": 767
    },
    "UP": {
        "precision": 0.2910284463894967,
        "recall": 0.8286604361370716,
        "f1-score": 0.4307692307692308,
        "support": 321
    },
    "accuracy": 0.3538602941176471,
    "macro avg": {
        "precision": 0.48746824618325413,
        "recall": 0.4919051854740117,
        "f1-score": 0.34184582686176734,
        "support": 1088
    },
    "weighted avg": {
        "precision": 0.5679941199957687,
        "recall": 0.3538602941176471,
        "f1-score": 0.3053937697452888,
        "support": 1088
    }
}