{
    "DOWN": {
        "precision": 0.9557089444923785,
        "recall": 0.8081225680933852,
        "f1-score": 0.8757412043747529,
        "support": 4112
    },
    "UP": {
        "precision": 0.2591549295774648,
        "recall": 0.641860465116279,
        "f1-score": 0.3692307692307692,
        "support": 430
    },
    "accuracy": 0.7923822104799648,
    "macro avg": {
        "precision": 0.6074319370349217,
        "recall": 0.7249915166048322,
        "f1-score": 0.622485986802761,
        "support": 4542
    },
    "weighted avg": {
        "precision": 0.8897648171446434,
        "recall": 0.7923822104799648,
        "f1-score": 0.8277888734386206,
        "support": 4542
    }
}