{
    "R2": 0.8089283554057809,
    "RMSE": 37.972817291945496,
    "MSE": 1441.934853087475,
    "MAPE": 0.03730761932121544,
    "ACMAPE": 1.289832871846468
}