{
    "R2": 0.98256121318846,
    "RMSE": 8.524764044604868,
    "MSE": 72.67160201618796,
    "MAPE": 0.030827243259901035,
    "ACMAPE": 1.010419079994595
}