{
    "R2": 0.9858559109999366,
    "RMSE": 26.15875617754892,
    "MSE": 684.2805247564538,
    "MAPE": 0.041242676575010934,
    "ACMAPE": 1.0288856971699767
}