{
    "DOWN": {
        "precision": 0.7398720682302772,
        "recall": 0.4226552984165652,
        "f1-score": 0.537984496124031,
        "support": 821
    },
    "UP": {
        "precision": 0.24522292993630573,
        "recall": 0.5579710144927537,
        "f1-score": 0.3407079646017699,
        "support": 276
    },
    "accuracy": 0.4567000911577028,
    "macro avg": {
        "precision": 0.49254749908329143,
        "recall": 0.49031315645465945,
        "f1-score": 0.43934623036290044,
        "support": 1097
    },
    "weighted avg": {
        "precision": 0.6154206897716299,
        "recall": 0.4567000911577028,
        "f1-score": 0.48835065592335275,
        "support": 1097
    }
}