{
    "DOWN": {
        "precision": 0.6666666666666666,
        "recall": 0.210727969348659,
        "f1-score": 0.3202328966521106,
        "support": 522
    },
    "UP": {
        "precision": 0.1487603305785124,
        "recall": 0.5669291338582677,
        "f1-score": 0.23567921440261866,
        "support": 127
    },
    "accuracy": 0.28043143297380585,
    "macro avg": {
        "precision": 0.40771349862258954,
        "recall": 0.38882855160346336,
        "f1-score": 0.27795605552736463,
        "support": 649
    },
    "weighted avg": {
        "precision": 0.5653198181563499,
        "recall": 0.28043143297380585,
        "f1-score": 0.3036869526680035,
        "support": 649
    }
}