{
    "DOWN": {
        "precision": 0.8958333333333334,
        "recall": 0.5360641139804097,
        "f1-score": 0.6707520891364902,
        "support": 3369
    },
    "UP": {
        "precision": 0.2930800542740841,
        "recall": 0.7552447552447552,
        "f1-score": 0.42228739002932547,
        "support": 858
    },
    "accuracy": 0.5805535841022001,
    "macro avg": {
        "precision": 0.5944566938037088,
        "recall": 0.6456544346125824,
        "f1-score": 0.5465197395829078,
        "support": 4227
    },
    "weighted avg": {
        "precision": 0.7734859679600579,
        "recall": 0.5805535841022001,
        "f1-score": 0.6203185164291453,
        "support": 4227
    }
}