{
    "R2": 0.7280614846725866,
    "RMSE": 107.28755591542146,
    "MSE": 11510.619654304688,
    "MAPE": 0.0647322525689748,
    "ACMAPE": 1.0262707141074363
}