{
    "R2": 0.9234911256793523,
    "RMSE": 5.366590759171804,
    "MSE": 28.800296376428197,
    "MAPE": 0.06813066780257207,
    "ACMAPE": 1.3817553464658112
}