{
    "R2": 0.9920436217468964,
    "RMSE": 9.913249559015208,
    "MSE": 98.2725168193152,
    "MAPE": 0.023742285721876522,
    "ACMAPE": 0.7809356224205135
}