{
    "R2": 0.8596817752046706,
    "RMSE": 19.61348097063113,
    "MSE": 384.6886357853095,
    "MAPE": 0.05430922621567111,
    "ACMAPE": 1.081554433077427
}