{
    "DOWN": {
        "precision": 0.9035812672176309,
        "recall": 0.45555555555555555,
        "f1-score": 0.605724838411819,
        "support": 3600
    },
    "UP": {
        "precision": 0.1411042944785276,
        "recall": 0.647887323943662,
        "f1-score": 0.2317380352644836,
        "support": 497
    },
    "accuracy": 0.47888699048083966,
    "macro avg": {
        "precision": 0.5223427808480793,
        "recall": 0.5517214397496087,
        "f1-score": 0.4187314368381513,
        "support": 4097
    },
    "weighted avg": {
        "precision": 0.8110865014252623,
        "recall": 0.47888699048083966,
        "f1-score": 0.5603571446934335,
        "support": 4097
    }
}