{
    "DOWN": {
        "precision": 0.627906976744186,
        "recall": 0.8622754491017964,
        "f1-score": 0.7266610597140455,
        "support": 501
    },
    "UP": {
        "precision": 0.4609375,
        "recall": 0.1873015873015873,
        "f1-score": 0.26636568848758463,
        "support": 315
    },
    "accuracy": 0.6017156862745098,
    "macro avg": {
        "precision": 0.544422238372093,
        "recall": 0.5247885182016918,
        "f1-score": 0.4965133741008151,
        "support": 816
    },
    "weighted avg": {
        "precision": 0.5634518478539672,
        "recall": 0.6017156862745098,
        "f1-score": 0.5489735083214778,
        "support": 816
    }
}