{
    "R2": 0.9944331160887212,
    "RMSE": 4.660725536890641,
    "MSE": 21.722362530224547,
    "MAPE": 0.019467666880560217,
    "ACMAPE": 0.8916250116869524
}