{
    "DOWN": {
        "precision": 0.5,
        "recall": 0.0009407337723424271,
        "f1-score": 0.0018779342723004697,
        "support": 1063
    },
    "UP": {
        "precision": 0.05431878895814782,
        "recall": 0.9838709677419355,
        "f1-score": 0.1029535864978903,
        "support": 62
    },
    "accuracy": 0.05511111111111111,
    "macro avg": {
        "precision": 0.2771593944790739,
        "recall": 0.49240585075713894,
        "f1-score": 0.052415760385095385,
        "support": 1125
    },
    "weighted avg": {
        "precision": 0.4754380132581379,
        "recall": 0.05511111111111111,
        "f1-score": 0.007448325772732976,
        "support": 1125
    }
}