{
    "R2": 0.9838063568592874,
    "RMSE": 21.626319525059746,
    "MSE": 467.6976961999804,
    "MAPE": 0.018508797177385284,
    "ACMAPE": 1.040290975395207
}