{
    "R2": 0.30508816471396805,
    "RMSE": 4.357268777173055,
    "MSE": 18.985791196527174,
    "MAPE": 0.01661554064584818,
    "ACMAPE": 0.6048508347634951
}