{
    "R2": 0.9879969499965106,
    "RMSE": 21.853402306987984,
    "MSE": 477.5711923910678,
    "MAPE": 0.038703751368279624,
    "ACMAPE": 0.8757203259539149
}