{
    "R2": 0.8870322364359557,
    "RMSE": 22.55095014668869,
    "MSE": 508.5453525184388,
    "MAPE": 0.06881082101011318,
    "ACMAPE": 1.2039459561452484
}