{
    "DOWN": {
        "precision": 0.6435643564356436,
        "recall": 0.10620915032679738,
        "f1-score": 0.182328190743338,
        "support": 612
    },
    "UP": {
        "precision": 0.32800982800982803,
        "recall": 0.8811881188118812,
        "f1-score": 0.4780662488809312,
        "support": 303
    },
    "accuracy": 0.3628415300546448,
    "macro avg": {
        "precision": 0.4857870922227358,
        "recall": 0.49369863456933927,
        "f1-score": 0.33019721981213457,
        "support": 915
    },
    "weighted avg": {
        "precision": 0.5390692503011931,
        "recall": 0.3628415300546448,
        "f1-score": 0.28026112147086885,
        "support": 915
    }
}