{
    "R2": 0.4215330766035569,
    "RMSE": 90.46490780702652,
    "MSE": 8183.899544533809,
    "MAPE": 0.0520477533040447,
    "ACMAPE": 0.7875849433866893
}