{
    "DOWN": {
        "precision": 0.6505376344086021,
        "recall": 0.8120805369127517,
        "f1-score": 0.7223880597014924,
        "support": 149
    },
    "UP": {
        "precision": 0.5,
        "recall": 0.3010752688172043,
        "f1-score": 0.37583892617449666,
        "support": 93
    },
    "accuracy": 0.6157024793388429,
    "macro avg": {
        "precision": 0.575268817204301,
        "recall": 0.556577902864978,
        "f1-score": 0.5491134929379946,
        "support": 242
    },
    "weighted avg": {
        "precision": 0.5926863947391807,
        "recall": 0.6157024793388429,
        "f1-score": 0.5892100868997957,
        "support": 242
    }
}