{
    "R2": 0.9979616594215669,
    "RMSE": 5.366028638985928,
    "MSE": 28.79426335441717,
    "MAPE": 0.030944622573059733,
    "ACMAPE": 1.036028137460496
}