{
    "DOWN": {
        "precision": 0.8666666666666667,
        "recall": 0.29545454545454547,
        "f1-score": 0.44067796610169496,
        "support": 44
    },
    "UP": {
        "precision": 0.32608695652173914,
        "recall": 0.8823529411764706,
        "f1-score": 0.47619047619047616,
        "support": 17
    },
    "accuracy": 0.45901639344262296,
    "macro avg": {
        "precision": 0.596376811594203,
        "recall": 0.588903743315508,
        "f1-score": 0.45843422114608556,
        "support": 61
    },
    "weighted avg": {
        "precision": 0.7160133048229983,
        "recall": 0.45901639344262296,
        "f1-score": 0.4505748951428307,
        "support": 61
    }
}