{
    "R2": 0.964162148560918,
    "RMSE": 19.54566935889523,
    "MSE": 382.0331906872558,
    "MAPE": 0.03829454334649637,
    "ACMAPE": 0.8904202365073096
}