{
    "R2": 0.8414456384293706,
    "RMSE": 110.16628719672777,
    "MSE": 12136.610834711902,
    "MAPE": 0.03023939730206719,
    "ACMAPE": 1.0632972485417365
}