{
    "DOWN": {
        "precision": 0.7754262198706643,
        "recall": 0.4500170590242238,
        "f1-score": 0.5695164075993091,
        "support": 2931
    },
    "UP": {
        "precision": 0.33934426229508197,
        "recall": 0.684297520661157,
        "f1-score": 0.4536986301369863,
        "support": 1210
    },
    "accuracy": 0.5184737985993721,
    "macro avg": {
        "precision": 0.5573852410828731,
        "recall": 0.5671572898426904,
        "f1-score": 0.5116075188681477,
        "support": 4141
    },
    "weighted avg": {
        "precision": 0.648003092928753,
        "recall": 0.5184737985993721,
        "f1-score": 0.5356744586185289,
        "support": 4141
    }
}