{
    "R2": -0.2087293602690825,
    "RMSE": 17.524820130845306,
    "MSE": 307.1193206184809,
    "MAPE": 0.055416573750895946,
    "ACMAPE": 1.230416573750896
}