{
    "R2": 0.9815948185403451,
    "RMSE": 62.93375995522258,
    "MSE": 3960.6581421015767,
    "MAPE": 0.047238181441437835,
    "ACMAPE": 1.0042694314414378
}