{
    "DOWN": {
        "precision": 0.708904109589041,
        "recall": 0.8380566801619433,
        "f1-score": 0.7680890538033395,
        "support": 247
    },
    "UP": {
        "precision": 0.5652173913043478,
        "recall": 0.3795620437956204,
        "f1-score": 0.4541484716157205,
        "support": 137
    },
    "accuracy": 0.6744791666666666,
    "macro avg": {
        "precision": 0.6370607504466944,
        "recall": 0.6088093619787819,
        "f1-score": 0.61111876270953,
        "support": 384
    },
    "weighted avg": {
        "precision": 0.657640879367679,
        "recall": 0.6744791666666666,
        "f1-score": 0.6560842106791108,
        "support": 384
    }
}