{
    "DOWN": {
        "precision": 0.5691056910569106,
        "recall": 0.09114583333333333,
        "f1-score": 0.15712682379349044,
        "support": 768
    },
    "UP": {
        "precision": 0.2766839378238342,
        "recall": 0.834375,
        "f1-score": 0.4155642023346304,
        "support": 320
    },
    "accuracy": 0.30974264705882354,
    "macro avg": {
        "precision": 0.42289481444037236,
        "recall": 0.4627604166666667,
        "f1-score": 0.2863455130640604,
        "support": 1088
    },
    "weighted avg": {
        "precision": 0.48309929304718224,
        "recall": 0.30974264705882354,
        "f1-score": 0.23313781748206103,
        "support": 1088
    }
}