{
    "DOWN": {
        "precision": 0.6512210394489668,
        "recall": 0.6186793575252826,
        "f1-score": 0.6345332519829164,
        "support": 1681
    },
    "UP": {
        "precision": 0.38246628131021193,
        "recall": 0.4161425576519916,
        "f1-score": 0.3985943775100402,
        "support": 954
    },
    "accuracy": 0.5453510436432638,
    "macro avg": {
        "precision": 0.5168436603795894,
        "recall": 0.5174109575886371,
        "f1-score": 0.5165638147464783,
        "support": 2635
    },
    "weighted avg": {
        "precision": 0.5539185577547079,
        "recall": 0.5453510436432638,
        "f1-score": 0.5491117391756587,
        "support": 2635
    }
}