{
    "DOWN": {
        "precision": 0.6720321931589537,
        "recall": 0.4897360703812317,
        "f1-score": 0.5665818490245971,
        "support": 682
    },
    "UP": {
        "precision": 0.366120218579235,
        "recall": 0.5521978021978022,
        "f1-score": 0.44030668127053674,
        "support": 364
    },
    "accuracy": 0.511472275334608,
    "macro avg": {
        "precision": 0.5190762058690943,
        "recall": 0.520966936289517,
        "f1-score": 0.5034442651475669,
        "support": 1046
    },
    "weighted avg": {
        "precision": 0.5655771656761452,
        "recall": 0.511472275334608,
        "f1-score": 0.5226390564218456,
        "support": 1046
    }
}