{
    "R2": 0.9712695070867656,
    "RMSE": 34.90399508116136,
    "MSE": 1218.2888726257365,
    "MAPE": 0.042224558655094224,
    "ACMAPE": 0.7736341036051497
}