{
    "DOWN": {
        "precision": 0.7571428571428571,
        "recall": 0.17549668874172186,
        "f1-score": 0.2849462365591398,
        "support": 302
    },
    "UP": {
        "precision": 0.35324675324675325,
        "recall": 0.8888888888888888,
        "f1-score": 0.5055762081784386,
        "support": 153
    },
    "accuracy": 0.4153846153846154,
    "macro avg": {
        "precision": 0.5551948051948052,
        "recall": 0.5321927888153053,
        "f1-score": 0.39526122236878924,
        "support": 455
    },
    "weighted avg": {
        "precision": 0.6213272441843871,
        "recall": 0.4153846153846154,
        "f1-score": 0.35913609514760736,
        "support": 455
    }
}