{
    "DOWN": {
        "precision": 0.8853211009174312,
        "recall": 0.7909836065573771,
        "f1-score": 0.8354978354978355,
        "support": 244
    },
    "UP": {
        "precision": 0.35443037974683544,
        "recall": 0.5283018867924528,
        "f1-score": 0.42424242424242425,
        "support": 53
    },
    "accuracy": 0.7441077441077442,
    "macro avg": {
        "precision": 0.6198757403321333,
        "recall": 0.659642746674915,
        "f1-score": 0.6298701298701299,
        "support": 297
    },
    "weighted avg": {
        "precision": 0.7905830260957424,
        "recall": 0.7441077441077442,
        "f1-score": 0.7621088227148833,
        "support": 297
    }
}