{
    "R2": 0.9960434474308835,
    "RMSE": 5.350144663035317,
    "MSE": 28.62404791540528,
    "MAPE": 0.021995054767053934,
    "ACMAPE": 1.30698662306385
}