{
    "R2": 0.9831099255998159,
    "RMSE": 31.312012072012607,
    "MSE": 980.4420999978631,
    "MAPE": 0.02913620169407086,
    "ACMAPE": 0.7876640293421857
}