{
    "R2": 0.9735222268852946,
    "RMSE": 16.60551248097114,
    "MSE": 275.7430447556883,
    "MAPE": 0.03709219930589371,
    "ACMAPE": 0.956650153559299
}