{
    "DOWN": {
        "precision": 0.7122340425531914,
        "recall": 0.5085453854918344,
        "f1-score": 0.5933968535342343,
        "support": 2633
    },
    "UP": {
        "precision": 0.35813492063492064,
        "recall": 0.5716547901821061,
        "f1-score": 0.44037816407441294,
        "support": 1263
    },
    "accuracy": 0.5290041067761807,
    "macro avg": {
        "precision": 0.5351844815940561,
        "recall": 0.5401000878369702,
        "f1-score": 0.5168875088043237,
        "support": 3896
    },
    "weighted avg": {
        "precision": 0.5974426690976534,
        "recall": 0.5290041067761807,
        "f1-score": 0.5437914621616073,
        "support": 3896
    }
}