{
    "R2": 0.9975469393771563,
    "RMSE": 15.606520503926415,
    "MSE": 243.5634822394756,
    "MAPE": 0.012812862389808234,
    "ACMAPE": 1.3940837653998417
}