{
    "DOWN": {
        "precision": 0.9542225730071034,
        "recall": 0.2991093518060366,
        "f1-score": 0.45545300433226593,
        "support": 4042
    },
    "UP": {
        "precision": 0.02946214457005824,
        "recall": 0.5972222222222222,
        "f1-score": 0.056154097290238326,
        "support": 144
    },
    "accuracy": 0.3093645484949833,
    "macro avg": {
        "precision": 0.49184235878858085,
        "recall": 0.4481657870141294,
        "f1-score": 0.2558035508112521,
        "support": 4186
    },
    "weighted avg": {
        "precision": 0.9224104608009558,
        "recall": 0.3093645484949833,
        "f1-score": 0.44171696930740884,
        "support": 4186
    }
}