{
    "R2": 0.8376823627424896,
    "RMSE": 8.293582832462546,
    "MSE": 68.78351619891747,
    "MAPE": 0.053066174584966486,
    "ACMAPE": 0.7287418502606422
}