{
    "DOWN": {
        "precision": 0.7330383480825958,
        "recall": 0.8613518197573656,
        "f1-score": 0.79203187250996,
        "support": 577
    },
    "UP": {
        "precision": 0.4482758620689655,
        "recall": 0.26422764227642276,
        "f1-score": 0.33248081841432225,
        "support": 246
    },
    "accuracy": 0.6828675577156743,
    "macro avg": {
        "precision": 0.5906571050757807,
        "recall": 0.5627897310168942,
        "f1-score": 0.5622563454621411,
        "support": 823
    },
    "weighted avg": {
        "precision": 0.6479210071842325,
        "recall": 0.6828675577156743,
        "f1-score": 0.6546691029989917,
        "support": 823
    }
}