{
    "DOWN": {
        "precision": 0.7211302211302212,
        "recall": 0.18771985929005436,
        "f1-score": 0.29789393554935295,
        "support": 3127
    },
    "UP": {
        "precision": 0.23332327195894959,
        "recall": 0.773,
        "f1-score": 0.3584511940644563,
        "support": 1000
    },
    "accuracy": 0.32953719408771504,
    "macro avg": {
        "precision": 0.4772267465445854,
        "recall": 0.48035992964502716,
        "f1-score": 0.3281725648069046,
        "support": 4127
    },
    "weighted avg": {
        "precision": 0.6029312995961112,
        "recall": 0.32953719408771504,
        "f1-score": 0.3125673686763467,
        "support": 4127
    }
}