{
    "DOWN": {
        "precision": 0.6583850931677019,
        "recall": 0.3221884498480243,
        "f1-score": 0.43265306122448977,
        "support": 658
    },
    "UP": {
        "precision": 0.4108322324966975,
        "recall": 0.7387173396674585,
        "f1-score": 0.5280135823429541,
        "support": 421
    },
    "accuracy": 0.484708063021316,
    "macro avg": {
        "precision": 0.5346086628321997,
        "recall": 0.5304528947577414,
        "f1-score": 0.48033332178372196,
        "support": 1079
    },
    "weighted avg": {
        "precision": 0.5617958861774397,
        "recall": 0.484708063021316,
        "f1-score": 0.4698604563967544,
        "support": 1079
    }
}