{
    "DOWN": {
        "precision": 0.8852982954545454,
        "recall": 0.7086412734508243,
        "f1-score": 0.787180296810862,
        "support": 3518
    },
    "UP": {
        "precision": 0.22758100979653353,
        "recall": 0.4832,
        "f1-score": 0.3094262295081967,
        "support": 625
    },
    "accuracy": 0.6746319092445088,
    "macro avg": {
        "precision": 0.5564396526255395,
        "recall": 0.5959206367254122,
        "f1-score": 0.5483032631595294,
        "support": 4143
    },
    "weighted avg": {
        "precision": 0.7860771263654175,
        "recall": 0.6746319092445088,
        "f1-score": 0.7151078150188837,
        "support": 4143
    }
}