{
    "DOWN": {
        "precision": 0.7823008849557522,
        "recall": 0.6696969696969697,
        "f1-score": 0.7216326530612245,
        "support": 660
    },
    "UP": {
        "precision": 0.35502958579881655,
        "recall": 0.49382716049382713,
        "f1-score": 0.41308089500860584,
        "support": 243
    },
    "accuracy": 0.6223698781838317,
    "macro avg": {
        "precision": 0.5686652353772844,
        "recall": 0.5817620650953984,
        "f1-score": 0.5673567740349151,
        "support": 903
    },
    "weighted avg": {
        "precision": 0.6673209007972413,
        "recall": 0.6223698781838317,
        "f1-score": 0.6386004523892573,
        "support": 903
    }
}