{
    "R2": 0.585943938404256,
    "RMSE": 21.502876851578904,
    "MSE": 462.37371289416785,
    "MAPE": 0.08147553316496917,
    "ACMAPE": 0.9545719798654767
}