{
    "R2": 0.9874339416801168,
    "RMSE": 33.93779466038705,
    "MSE": 1151.7739064105958,
    "MAPE": 0.04738416576096383,
    "ACMAPE": 1.196428751748225
}