{
    "R2": 0.973105138438873,
    "RMSE": 18.408697823738127,
    "MSE": 338.8801555657008,
    "MAPE": 0.04926597107580347,
    "ACMAPE": 0.38259930440913675
}