{
    "R2": 0.9237512868164031,
    "RMSE": 227.30350223843658,
    "MSE": 51666.88212985894,
    "MAPE": 0.0650176881862318,
    "ACMAPE": 1.0630683704474404
}