{
    "DOWN": {
        "precision": 0.6294642857142857,
        "recall": 0.4369834710743802,
        "f1-score": 0.5158536585365854,
        "support": 2904
    },
    "UP": {
        "precision": 0.3321078431372549,
        "recall": 0.5211538461538462,
        "f1-score": 0.40568862275449097,
        "support": 1560
    },
    "accuracy": 0.46639784946236557,
    "macro avg": {
        "precision": 0.4807860644257703,
        "recall": 0.4790686586141132,
        "f1-score": 0.46077114064553815,
        "support": 4464
    },
    "weighted avg": {
        "precision": 0.5255493998674738,
        "recall": 0.46639784946236557,
        "f1-score": 0.47735512452671364,
        "support": 4464
    }
}