{
    "R2": 0.9123190295208663,
    "RMSE": 46.09137000940999,
    "MSE": 2124.414389344339,
    "MAPE": 0.04177089862322706,
    "ACMAPE": 1.0766234455401171
}