{
    "DOWN": {
        "precision": 0.8084112149532711,
        "recall": 0.1917960088691796,
        "f1-score": 0.31003584229390685,
        "support": 902
    },
    "UP": {
        "precision": 0.1581986143187067,
        "recall": 0.7696629213483146,
        "f1-score": 0.2624521072796935,
        "support": 178
    },
    "accuracy": 0.28703703703703703,
    "macro avg": {
        "precision": 0.4833049146359889,
        "recall": 0.4807294651087471,
        "f1-score": 0.2862439747868002,
        "support": 1080
    },
    "weighted avg": {
        "precision": 0.7012465455894262,
        "recall": 0.28703703703703703,
        "f1-score": 0.30219333781934204,
        "support": 1080
    }
}