{
    "R2": 0.9322038246727902,
    "RMSE": 14.31102020073888,
    "MSE": 204.8052991859563,
    "MAPE": 0.03631916149894422,
    "ACMAPE": 0.941541598636275
}