{
    "DOWN": {
        "precision": 0.9746835443037974,
        "recall": 0.7623762376237624,
        "f1-score": 0.8555555555555555,
        "support": 101
    },
    "UP": {
        "precision": 0.1724137931034483,
        "recall": 0.7142857142857143,
        "f1-score": 0.2777777777777778,
        "support": 7
    },
    "accuracy": 0.7592592592592593,
    "macro avg": {
        "precision": 0.5735486687036229,
        "recall": 0.7383309759547383,
        "f1-score": 0.5666666666666667,
        "support": 108
    },
    "weighted avg": {
        "precision": 0.9226845789482193,
        "recall": 0.7592592592592593,
        "f1-score": 0.8181069958847736,
        "support": 108
    }
}