{
    "R2": 0.966681080449585,
    "RMSE": 45.085035746263756,
    "MSE": 2032.6604482418809,
    "MAPE": 0.018335542355020006,
    "ACMAPE": 1.0357188909369048
}