{
    "DOWN": {
        "precision": 0.7884615384615384,
        "recall": 0.8913043478260869,
        "f1-score": 0.836734693877551,
        "support": 46
    },
    "UP": {
        "precision": 0.5833333333333334,
        "recall": 0.3888888888888889,
        "f1-score": 0.4666666666666666,
        "support": 18
    },
    "accuracy": 0.75,
    "macro avg": {
        "precision": 0.6858974358974359,
        "recall": 0.6400966183574879,
        "f1-score": 0.6517006802721088,
        "support": 64
    },
    "weighted avg": {
        "precision": 0.7307692307692307,
        "recall": 0.75,
        "f1-score": 0.7326530612244897,
        "support": 64
    }
}