{
    "DOWN": {
        "precision": 0.6498054474708171,
        "recall": 0.2966252220248668,
        "f1-score": 0.4073170731707318,
        "support": 563
    },
    "UP": {
        "precision": 0.2,
        "recall": 0.5238095238095238,
        "f1-score": 0.2894736842105263,
        "support": 189
    },
    "accuracy": 0.3537234042553192,
    "macro avg": {
        "precision": 0.4249027237354086,
        "recall": 0.4102173729171953,
        "f1-score": 0.3483953786906291,
        "support": 752
    },
    "weighted avg": {
        "precision": 0.5367559400612634,
        "recall": 0.3537234042553192,
        "f1-score": 0.37769951929642487,
        "support": 752
    }
}