{
    "R2": 0.9426793852849201,
    "RMSE": 67.2253713960619,
    "MSE": 4519.250559338458,
    "MAPE": 0.07467705037786218,
    "ACMAPE": 0.9717358739072739
}