{
    "DOWN": {
        "precision": 0.7,
        "recall": 0.0945945945945946,
        "f1-score": 0.16666666666666669,
        "support": 74
    },
    "UP": {
        "precision": 0.30927835051546393,
        "recall": 0.9090909090909091,
        "f1-score": 0.4615384615384616,
        "support": 33
    },
    "accuracy": 0.34579439252336447,
    "macro avg": {
        "precision": 0.5046391752577319,
        "recall": 0.5018427518427518,
        "f1-score": 0.31410256410256415,
        "support": 107
    },
    "weighted avg": {
        "precision": 0.5794970613739281,
        "recall": 0.34579439252336447,
        "f1-score": 0.25760843517852866,
        "support": 107
    }
}