{
    "R2": -4.632678640125539,
    "RMSE": 19.324042311306215,
    "MSE": 373.4186112491529,
    "MAPE": 0.32630266270624037,
    "ACMAPE": 1.9334455198490976
}