{
    "R2": 0.9885138387301238,
    "RMSE": 19.72509806836947,
    "MSE": 389.0794938067929,
    "MAPE": 0.08063635103632392,
    "ACMAPE": 1.054448184208002
}