{
    "R2": 0.9877875775569425,
    "RMSE": 4.549414812312682,
    "MSE": 20.697175134490035,
    "MAPE": 0.026829840562024854,
    "ACMAPE": 0.9425237445827772
}