{
    "DOWN": {
        "precision": 0.6774628879892037,
        "recall": 0.5180598555211559,
        "f1-score": 0.5871345029239766,
        "support": 969
    },
    "UP": {
        "precision": 0.41697877652933835,
        "recall": 0.5828970331588132,
        "f1-score": 0.4861717612809316,
        "support": 573
    },
    "accuracy": 0.5421530479896238,
    "macro avg": {
        "precision": 0.5472208322592711,
        "recall": 0.5504784443399846,
        "f1-score": 0.5366531321024541,
        "support": 1542
    },
    "weighted avg": {
        "precision": 0.5806682084389425,
        "recall": 0.5421530479896238,
        "f1-score": 0.5496172195507829,
        "support": 1542
    }
}