{
    "R2": 0.7641318497195577,
    "RMSE": 9.316416111198961,
    "MSE": 86.79560915700759,
    "MAPE": 0.0722389429278389,
    "ACMAPE": 0.776210062061413
}