{
    "DOWN": {
        "precision": 0.811326124075128,
        "recall": 0.8216138328530259,
        "f1-score": 0.8164375715922108,
        "support": 3470
    },
    "UP": {
        "precision": 0.3106904231625835,
        "recall": 0.2961783439490446,
        "f1-score": 0.30326086956521736,
        "support": 942
    },
    "accuracy": 0.7094288304623754,
    "macro avg": {
        "precision": 0.5610082736188557,
        "recall": 0.5588960884010352,
        "f1-score": 0.559849220578714,
        "support": 4412
    },
    "weighted avg": {
        "precision": 0.7044360900180979,
        "recall": 0.7094288304623754,
        "f1-score": 0.7068699257831835,
        "support": 4412
    }
}