{
    "R2": 0.9932716512212825,
    "RMSE": 1070.6355852345412,
    "MSE": 1146260.5563705084,
    "MAPE": 0.01967775835377411,
    "ACMAPE": 1.3925849120828457
}