{
    "R2": 0.9976390769559499,
    "RMSE": 89.36834681989534,
    "MSE": 7986.701413321098,
    "MAPE": 0.02616184792001092,
    "ACMAPE": 0.9774173870632901
}