{
    "R2": 0.7178159314461157,
    "RMSE": 6.33854326507797,
    "MSE": 40.17713072326529,
    "MAPE": 0.061806522194300086,
    "ACMAPE": 0.8642258770330098
}