{
    "R2": 0.7267320806963259,
    "RMSE": 2813.92652678019,
    "MSE": 7918182.498117225,
    "MAPE": 0.07289728247557455,
    "ACMAPE": 1.1000577763027348
}