{
    "DOWN": {
        "precision": 0.696551724137931,
        "recall": 0.38113207547169814,
        "f1-score": 0.4926829268292683,
        "support": 265
    },
    "UP": {
        "precision": 0.36923076923076925,
        "recall": 0.6857142857142857,
        "f1-score": 0.48,
        "support": 140
    },
    "accuracy": 0.48641975308641977,
    "macro avg": {
        "precision": 0.5328912466843501,
        "recall": 0.5334231805929919,
        "f1-score": 0.48634146341463413,
        "support": 405
    },
    "weighted avg": {
        "precision": 0.5834037397255788,
        "recall": 0.48641975308641977,
        "f1-score": 0.48829870520927426,
        "support": 405
    }
}