{
    "R2": 0.9369300087687172,
    "RMSE": 10.99425192153306,
    "MSE": 120.87357531413336,
    "MAPE": 0.036119064623950516,
    "ACMAPE": 0.7682206812521261
}