{
    "DOWN": {
        "precision": 0.6893073301950235,
        "recall": 0.5224260958205912,
        "f1-score": 0.5943751812119454,
        "support": 1962
    },
    "UP": {
        "precision": 0.3757495003331113,
        "recall": 0.5497076023391813,
        "f1-score": 0.44637910565888406,
        "support": 1026
    },
    "accuracy": 0.5317938420348058,
    "macro avg": {
        "precision": 0.5325284152640675,
        "recall": 0.5360668490798862,
        "f1-score": 0.5203771434354147,
        "support": 2988
    },
    "weighted avg": {
        "precision": 0.5816398825918367,
        "recall": 0.5317938420348058,
        "f1-score": 0.5435572516545689,
        "support": 2988
    }
}