{
    "R2": 0.9628615113570415,
    "RMSE": 76.90633764877289,
    "MSE": 5914.584770547063,
    "MAPE": 0.035849876419965426,
    "ACMAPE": 1.076253916824006
}