{
    "R2": -0.02696892789705374,
    "RMSE": 90.1235188270326,
    "MSE": 8122.248645766499,
    "MAPE": 0.91398491273951,
    "ACMAPE": 2.1843711788339304
}