{
    "R2": 0.9643908694783391,
    "RMSE": 87.5280896967533,
    "MSE": 7661.16648596289,
    "MAPE": 0.03515502099447424,
    "ACMAPE": 1.229115532028156
}