{
    "R2": 0.9539309427054432,
    "RMSE": 14.414915351007838,
    "MSE": 207.78978457672144,
    "MAPE": 0.02014742100289009,
    "ACMAPE": 0.8716679934536952
}