{
    "R2": 0.9435390290285242,
    "RMSE": 13.869034462273827,
    "MSE": 192.35011691573908,
    "MAPE": 0.03259549633638129,
    "ACMAPE": 1.0297679751299722
}