{
    "R2": 0.11665148403341674,
    "RMSE": 43.51861689700767,
    "MSE": 1893.8700166285212,
    "MAPE": 0.00871246656293375,
    "ACMAPE": 0.8527491638106403
}