{
    "DOWN": {
        "precision": 0.8555657773689053,
        "recall": 0.23574144486692014,
        "f1-score": 0.3696343402225756,
        "support": 3945
    },
    "UP": {
        "precision": 0.10080524903071876,
        "recall": 0.6828282828282828,
        "f1-score": 0.17567567567567569,
        "support": 495
    },
    "accuracy": 0.2855855855855856,
    "macro avg": {
        "precision": 0.478185513199812,
        "recall": 0.4592848638476015,
        "f1-score": 0.2726550079491256,
        "support": 4440
    },
    "weighted avg": {
        "precision": 0.7714201779257965,
        "recall": 0.2855855855855856,
        "f1-score": 0.34801057018863063,
        "support": 4440
    }
}