{
    "R2": 0.9447232321618535,
    "RMSE": 35.7980851697755,
    "MSE": 1281.5029018225002,
    "MAPE": 0.02515049120444335,
    "ACMAPE": 1.2028883727125224
}