{
    "DOWN": {
        "precision": 0.8488023952095808,
        "recall": 0.6210295728368017,
        "f1-score": 0.7172675521821632,
        "support": 913
    },
    "UP": {
        "precision": 0.18009478672985782,
        "recall": 0.4293785310734463,
        "f1-score": 0.25375626043405675,
        "support": 177
    },
    "accuracy": 0.5899082568807339,
    "macro avg": {
        "precision": 0.5144485909697193,
        "recall": 0.525204051955124,
        "f1-score": 0.48551190630811,
        "support": 1090
    },
    "weighted avg": {
        "precision": 0.7402140954839744,
        "recall": 0.5899082568807339,
        "f1-score": 0.6420001222377459,
        "support": 1090
    }
}