{
    "DOWN": {
        "precision": 0.8083941605839416,
        "recall": 0.5097813578826237,
        "f1-score": 0.6252646436132675,
        "support": 869
    },
    "UP": {
        "precision": 0.1393939393939394,
        "recall": 0.39655172413793105,
        "f1-score": 0.2062780269058296,
        "support": 174
    },
    "accuracy": 0.49089165867689355,
    "macro avg": {
        "precision": 0.4738940499889405,
        "recall": 0.45316654101027737,
        "f1-score": 0.41577133525954857,
        "support": 1043
    },
    "weighted avg": {
        "precision": 0.6967872205196459,
        "recall": 0.49089165867689355,
        "f1-score": 0.5553665886687861,
        "support": 1043
    }
}