{
    "R2": 0.9656868264248968,
    "RMSE": 19.65521727187778,
    "MSE": 386.3275660047227,
    "MAPE": 0.044200268823699033,
    "ACMAPE": 0.7144705390939693
}