{
    "DOWN": {
        "precision": 0.7538461538461538,
        "recall": 0.784,
        "f1-score": 0.7686274509803921,
        "support": 125
    },
    "UP": {
        "precision": 0.509090909090909,
        "recall": 0.4666666666666667,
        "f1-score": 0.4869565217391304,
        "support": 60
    },
    "accuracy": 0.6810810810810811,
    "macro avg": {
        "precision": 0.6314685314685314,
        "recall": 0.6253333333333333,
        "f1-score": 0.6277919863597612,
        "support": 185
    },
    "weighted avg": {
        "precision": 0.6744660744660744,
        "recall": 0.6810810810810811,
        "f1-score": 0.6772747171724153,
        "support": 185
    }
}