{
    "R2": 0.9978055229898941,
    "RMSE": 10.184539872600089,
    "MSE": 103.72485241658103,
    "MAPE": 0.016677803571888854,
    "ACMAPE": 1.023820660714746
}