{
    "DOWN": {
        "precision": 0.6900584795321637,
        "recall": 0.2651685393258427,
        "f1-score": 0.38311688311688313,
        "support": 445
    },
    "UP": {
        "precision": 0.4010989010989011,
        "recall": 0.8051470588235294,
        "f1-score": 0.5354523227383864,
        "support": 272
    },
    "accuracy": 0.4700139470013947,
    "macro avg": {
        "precision": 0.5455786903155324,
        "recall": 0.5351577990746861,
        "f1-score": 0.45928460292763473,
        "support": 717
    },
    "weighted avg": {
        "precision": 0.5804392252311212,
        "recall": 0.4700139470013947,
        "f1-score": 0.44090661753396665,
        "support": 717
    }
}