{
    "R2": 0.988464381470816,
    "RMSE": 14.051443302520136,
    "MSE": 197.443058883938,
    "MAPE": 0.021993005333633877,
    "ACMAPE": 0.9351816530798776
}