{
    "R2": 0.9812967268654408,
    "RMSE": 12.829527110487973,
    "MSE": 164.59676587874588,
    "MAPE": 0.06359092076880878,
    "ACMAPE": 0.920733777911666
}