{
    "R2": 0.945981599789464,
    "RMSE": 21.45195788658333,
    "MSE": 460.1864971677447,
    "MAPE": 0.07527136321107751,
    "ACMAPE": 1.0456855643945095
}