{
    "R2": 0.9457502467824046,
    "RMSE": 4.203070169538417,
    "MSE": 17.665798850063698,
    "MAPE": 0.05070713902487628,
    "ACMAPE": 1.2102816071099827
}