{
    "DOWN": {
        "precision": 0.7661290322580645,
        "recall": 0.6258234519104084,
        "f1-score": 0.6889050036258159,
        "support": 759
    },
    "UP": {
        "precision": 0.36465324384787473,
        "recall": 0.5292207792207793,
        "f1-score": 0.4317880794701987,
        "support": 308
    },
    "accuracy": 0.5979381443298969,
    "macro avg": {
        "precision": 0.5653911380529696,
        "recall": 0.5775221155655939,
        "f1-score": 0.5603465415480073,
        "support": 1067
    },
    "weighted avg": {
        "precision": 0.6502391139540922,
        "recall": 0.5979381443298969,
        "f1-score": 0.6146856853128543,
        "support": 1067
    }
}