{
    "R2": 0.7694771831385221,
    "RMSE": 13.527320285940998,
    "MSE": 182.98839411843085,
    "MAPE": 0.146222181703275,
    "ACMAPE": 2.0459271964525376
}