{
    "DOWN": {
        "precision": 0.7702044790652386,
        "recall": 0.5373641304347826,
        "f1-score": 0.6330532212885155,
        "support": 1472
    },
    "UP": {
        "precision": 0.4272497897392767,
        "recall": 0.6827956989247311,
        "f1-score": 0.5256078634247283,
        "support": 744
    },
    "accuracy": 0.5861913357400722,
    "macro avg": {
        "precision": 0.5987271344022577,
        "recall": 0.6100799146797569,
        "f1-score": 0.579330542356622,
        "support": 2216
    },
    "weighted avg": {
        "precision": 0.6550608469088687,
        "recall": 0.5861913357400722,
        "f1-score": 0.5969795090815401,
        "support": 2216
    }
}