{
    "R2": 0.8883593706119648,
    "RMSE": 7.108593353976263,
    "MSE": 50.5320994721955,
    "MAPE": 0.024539443146289426,
    "ACMAPE": 0.932977504187582
}