{
    "R2": 0.9477572330964366,
    "RMSE": 10.312678020598424,
    "MSE": 106.35132795653384,
    "MAPE": 0.10374550190415859,
    "ACMAPE": 1.6078326953646491
}