{
    "R2": 0.9491674506446481,
    "RMSE": 9.234174173998092,
    "MSE": 85.26997267573336,
    "MAPE": 0.02614156064339761,
    "ACMAPE": 0.6808116549021809
}