{
    "R2": 0.8947277836588885,
    "RMSE": 11.578480324466707,
    "MSE": 134.06120662406266,
    "MAPE": 0.03692305462315831,
    "ACMAPE": 0.9552904015619337
}