{
    "DOWN": {
        "precision": 0.7082294264339152,
        "recall": 0.610752688172043,
        "f1-score": 0.6558891454965358,
        "support": 465
    },
    "UP": {
        "precision": 0.40460526315789475,
        "recall": 0.5125,
        "f1-score": 0.4522058823529412,
        "support": 240
    },
    "accuracy": 0.577304964539007,
    "macro avg": {
        "precision": 0.556417344795905,
        "recall": 0.5616263440860214,
        "f1-score": 0.5540475139247385,
        "support": 705
    },
    "weighted avg": {
        "precision": 0.6048680091484614,
        "recall": 0.577304964539007,
        "f1-score": 0.5865501622987164,
        "support": 705
    }
}