{
    "R2": 0.4381529936981198,
    "RMSE": 62.13404554670721,
    "MSE": 3860.639616000287,
    "MAPE": 0.0337984849598627,
    "ACMAPE": 0.8968690243789499
}