{
    "R2": 0.6452175374610426,
    "RMSE": 10.739314817137078,
    "MSE": 115.33288274157998,
    "MAPE": 0.028304941766920805,
    "ACMAPE": 0.8024984901540175
}