{
    "R2": 0.945145859658331,
    "RMSE": 41.95699924533713,
    "MSE": 1760.3897856732206,
    "MAPE": 0.045602841481871444,
    "ACMAPE": 0.9632200784907434
}