{
    "DOWN": {
        "precision": 0.6116071428571429,
        "recall": 0.40713224368499257,
        "f1-score": 0.4888492417484389,
        "support": 673
    },
    "UP": {
        "precision": 0.35852090032154343,
        "recall": 0.5617128463476071,
        "f1-score": 0.43768400392541706,
        "support": 397
    },
    "accuracy": 0.46448598130841123,
    "macro avg": {
        "precision": 0.48506402158934314,
        "recall": 0.48442254501629983,
        "f1-score": 0.463266622836928,
        "support": 1070
    },
    "weighted avg": {
        "precision": 0.5177050510004766,
        "recall": 0.46448598130841123,
        "f1-score": 0.46986550397671956,
        "support": 1070
    }
}