{
    "DOWN": {
        "precision": 0.6102941176470589,
        "recall": 0.31639135959339265,
        "f1-score": 0.4167364016736401,
        "support": 1574
    },
    "UP": {
        "precision": 0.3462940461725395,
        "recall": 0.6418918918918919,
        "f1-score": 0.44988161010260463,
        "support": 888
    },
    "accuracy": 0.4337936636880585,
    "macro avg": {
        "precision": 0.47829408190979916,
        "recall": 0.4791416257426423,
        "f1-score": 0.4333090058881224,
        "support": 2462
    },
    "weighted avg": {
        "precision": 0.5150739456448765,
        "recall": 0.4337936636880585,
        "f1-score": 0.4286912940720643,
        "support": 2462
    }
}