{
    "R2": 0.9783875821105205,
    "RMSE": 79.76137316106616,
    "MSE": 6361.876648538846,
    "MAPE": 0.03711767957825139,
    "ACMAPE": 0.9626840226203227
}