{
    "DOWN": {
        "precision": 0.7714285714285715,
        "recall": 0.5046728971962616,
        "f1-score": 0.6101694915254237,
        "support": 107
    },
    "UP": {
        "precision": 0.39080459770114945,
        "recall": 0.68,
        "f1-score": 0.4963503649635037,
        "support": 50
    },
    "accuracy": 0.5605095541401274,
    "macro avg": {
        "precision": 0.5811165845648605,
        "recall": 0.5923364485981308,
        "f1-score": 0.5532599282444637,
        "support": 157
    },
    "weighted avg": {
        "precision": 0.65021074540073,
        "recall": 0.5605095541401274,
        "f1-score": 0.5739213620471052,
        "support": 157
    }
}