{
    "DOWN": {
        "precision": 0.8280701754385965,
        "recall": 0.5784313725490197,
        "f1-score": 0.6810966810966812,
        "support": 408
    },
    "UP": {
        "precision": 0.2773109243697479,
        "recall": 0.5739130434782609,
        "f1-score": 0.3739376770538244,
        "support": 115
    },
    "accuracy": 0.5774378585086042,
    "macro avg": {
        "precision": 0.5526905499041722,
        "recall": 0.5761722080136402,
        "f1-score": 0.5275171790752529,
        "support": 523
    },
    "weighted avg": {
        "precision": 0.7069663248211633,
        "recall": 0.5774378585086042,
        "f1-score": 0.6135569383339116,
        "support": 523
    }
}