{
    "R2": 0.9032157888907395,
    "RMSE": 402.3214762744661,
    "MSE": 161862.57027166575,
    "MAPE": 0.040953460259130506,
    "ACMAPE": 1.0696341485956506
}