{
    "R2": 0.5616428748045943,
    "RMSE": 65.66761204529402,
    "MSE": 4312.235271731245,
    "MAPE": 0.04326243359970272,
    "ACMAPE": 0.9682624335997028
}