{
    "DOWN": {
        "precision": 0.8305853256389117,
        "recall": 0.6431535269709544,
        "f1-score": 0.724950530670984,
        "support": 3133
    },
    "UP": {
        "precision": 0.2644736842105263,
        "recall": 0.4944649446494465,
        "f1-score": 0.34462066009429915,
        "support": 813
    },
    "accuracy": 0.6125190065889509,
    "macro avg": {
        "precision": 0.5475295049247191,
        "recall": 0.5688092358102005,
        "f1-score": 0.5347855953826416,
        "support": 3946
    },
    "weighted avg": {
        "precision": 0.7139485378838998,
        "recall": 0.6125190065889509,
        "f1-score": 0.6465906257599743,
        "support": 3946
    }
}