{
    "R2": 0.9884581259220139,
    "RMSE": 20.926706813654896,
    "MSE": 437.92705806467023,
    "MAPE": 0.06396795140905975,
    "ACMAPE": 0.7142862725597318
}