{
    "R2": 0.97112923766085,
    "RMSE": 8.283504707735311,
    "MSE": 68.61645024307306,
    "MAPE": 0.11852284966027177,
    "ACMAPE": 0.36734471582426803
}