{
    "R2": 0.7136253140971125,
    "RMSE": 2.9789315367108538,
    "MSE": 8.874033100410488,
    "MAPE": 0.03858076640118493,
    "ACMAPE": 1.2041436803084697
}