{
    "DOWN": {
        "precision": 0.9189548272807795,
        "recall": 0.5537763544168668,
        "f1-score": 0.6910907577019151,
        "support": 3747
    },
    "UP": {
        "precision": 0.11907270811380401,
        "recall": 0.5525672371638142,
        "f1-score": 0.19592544429995667,
        "support": 409
    },
    "accuracy": 0.5536573628488932,
    "macro avg": {
        "precision": 0.5190137676972918,
        "recall": 0.5531717957903405,
        "f1-score": 0.44350810100093585,
        "support": 4156
    },
    "weighted avg": {
        "precision": 0.8402368805196406,
        "recall": 0.5536573628488932,
        "f1-score": 0.642360581286756,
        "support": 4156
    }
}