{
    "R2": 0.8798420112950672,
    "RMSE": 46.72367499596792,
    "MSE": 2183.1018051288374,
    "MAPE": 0.23388819720669865,
    "ACMAPE": 0.7826804677380996
}