{
    "DOWN": {
        "precision": 0.7955832389580973,
        "recall": 0.44251968503937006,
        "f1-score": 0.5687107872900222,
        "support": 3175
    },
    "UP": {
        "precision": 0.331318473743861,
        "recall": 0.7084006462035541,
        "f1-score": 0.4514800514800515,
        "support": 1238
    },
    "accuracy": 0.5171085429413098,
    "macro avg": {
        "precision": 0.5634508563509791,
        "recall": 0.5754601656214621,
        "f1-score": 0.5100954193850369,
        "support": 4413
    },
    "weighted avg": {
        "precision": 0.6653408235184362,
        "recall": 0.5171085429413098,
        "f1-score": 0.5358234881890153,
        "support": 4413
    }
}