{
    "DOWN": {
        "precision": 0.5835189309576837,
        "recall": 0.5336048879837068,
        "f1-score": 0.5574468085106382,
        "support": 491
    },
    "UP": {
        "precision": 0.4495192307692308,
        "recall": 0.5,
        "f1-score": 0.4734177215189873,
        "support": 374
    },
    "accuracy": 0.5190751445086705,
    "macro avg": {
        "precision": 0.5165190808634572,
        "recall": 0.5168024439918534,
        "f1-score": 0.5154322650148128,
        "support": 865
    },
    "weighted avg": {
        "precision": 0.5255814883328498,
        "recall": 0.5190751445086705,
        "f1-score": 0.5211151570252308,
        "support": 865
    }
}