{
    "DOWN": {
        "precision": 0.6158232359230221,
        "recall": 0.2998958694897605,
        "f1-score": 0.40336134453781514,
        "support": 2881
    },
    "UP": {
        "precision": 0.34788231490462335,
        "recall": 0.6662538699690402,
        "f1-score": 0.45709430756159725,
        "support": 1615
    },
    "accuracy": 0.4314946619217082,
    "macro avg": {
        "precision": 0.48185277541382276,
        "recall": 0.4830748697294004,
        "f1-score": 0.4302278260497062,
        "support": 4496
    },
    "weighted avg": {
        "precision": 0.5195766639824718,
        "recall": 0.4314946619217082,
        "f1-score": 0.4226626646631283,
        "support": 4496
    }
}