{
    "DOWN": {
        "precision": 0.5535714285714286,
        "recall": 0.547979797979798,
        "f1-score": 0.550761421319797,
        "support": 396
    },
    "UP": {
        "precision": 0.47041420118343197,
        "recall": 0.47604790419161674,
        "f1-score": 0.4732142857142857,
        "support": 334
    },
    "accuracy": 0.5150684931506849,
    "macro avg": {
        "precision": 0.5119928148774303,
        "recall": 0.5120138510857074,
        "f1-score": 0.5119878535170413,
        "support": 730
    },
    "weighted avg": {
        "precision": 0.5155241491911671,
        "recall": 0.5150684931506849,
        "f1-score": 0.5152809510564536,
        "support": 730
    }
}