{
    "R2": 0.9735473440319155,
    "RMSE": 29.70603477967651,
    "MSE": 882.4485023313505,
    "MAPE": 0.06027763687538818,
    "ACMAPE": 0.9681913059401365
}