{
    "R2": 0.9495860830796211,
    "RMSE": 34.3837885792766,
    "MSE": 1182.2449170643915,
    "MAPE": 0.03469906764753688,
    "ACMAPE": 0.945837991302105
}