{
    "R2": 0.9899404843914937,
    "RMSE": 21.80958532737899,
    "MSE": 475.6580121522249,
    "MAPE": 0.03480166504927983,
    "ACMAPE": 0.6273244423034426
}