{
    "R2": 0.9858682630493577,
    "RMSE": 147.53297896369432,
    "MSE": 21765.979881901872,
    "MAPE": 0.032694739426267286,
    "ACMAPE": 0.9199749876165466
}