{
    "DOWN": {
        "precision": 0.7754318618042226,
        "recall": 0.5658263305322129,
        "f1-score": 0.654251012145749,
        "support": 714
    },
    "UP": {
        "precision": 0.33476394849785407,
        "recall": 0.5714285714285714,
        "f1-score": 0.42219215155615697,
        "support": 273
    },
    "accuracy": 0.5673758865248227,
    "macro avg": {
        "precision": 0.5550979051510383,
        "recall": 0.5686274509803921,
        "f1-score": 0.538221581850953,
        "support": 987
    },
    "weighted avg": {
        "precision": 0.6535449921662909,
        "recall": 0.5673758865248227,
        "f1-score": 0.5900645187911809,
        "support": 987
    }
}