{
    "R2": 0.9863807260924438,
    "RMSE": 38.764818995169165,
    "MSE": 1502.711191728228,
    "MAPE": 0.03741530231321897,
    "ACMAPE": 0.919135732420746
}