{
    "R2": 0.9337549520273059,
    "RMSE": 18.82778908718624,
    "MSE": 354.4856419115692,
    "MAPE": 0.06200293034480639,
    "ACMAPE": 1.0552265508675558
}