{
    "DOWN": {
        "precision": 0.7052631578947368,
        "recall": 0.5075757575757576,
        "f1-score": 0.5903083700440529,
        "support": 132
    },
    "UP": {
        "precision": 0.25287356321839083,
        "recall": 0.44,
        "f1-score": 0.32116788321167883,
        "support": 50
    },
    "accuracy": 0.489010989010989,
    "macro avg": {
        "precision": 0.4790683605565638,
        "recall": 0.47378787878787876,
        "f1-score": 0.45573812662786584,
        "support": 182
    },
    "weighted avg": {
        "precision": 0.5809803022144221,
        "recall": 0.489010989010989,
        "f1-score": 0.5163686758593348,
        "support": 182
    }
}