{
    "R2": 0.9845044018902231,
    "RMSE": 117.90328753373231,
    "MSE": 13901.185211261958,
    "MAPE": 0.020189747864337537,
    "ACMAPE": 0.9866255496757388
}