{
    "DOWN": {
        "precision": 0.7724820143884892,
        "recall": 0.5073833431777909,
        "f1-score": 0.6124777183600713,
        "support": 1693
    },
    "UP": {
        "precision": 0.32250203086921203,
        "recall": 0.6107692307692307,
        "f1-score": 0.42211589580010633,
        "support": 650
    },
    "accuracy": 0.5360648740930432,
    "macro avg": {
        "precision": 0.5474920226288507,
        "recall": 0.5590762869735109,
        "f1-score": 0.5172968070800887,
        "support": 2343
    },
    "weighted avg": {
        "precision": 0.6476476186191634,
        "recall": 0.5360648740930432,
        "f1-score": 0.5596671401850916,
        "support": 2343
    }
}