{
    "R2": 0.9975423528777877,
    "RMSE": 80.25658853736934,
    "MSE": 6441.120003656603,
    "MAPE": 0.05494088695037592,
    "ACMAPE": 1.3815622870908584
}