{
    "R2": 0.9880066577639156,
    "RMSE": 37.46823105090897,
    "MSE": 1403.8683380842988,
    "MAPE": 0.04688396244287058,
    "ACMAPE": 0.8461117616706698
}