{
    "DOWN": {
        "precision": 0.6091476091476091,
        "recall": 0.6554809843400448,
        "f1-score": 0.6314655172413793,
        "support": 1788
    },
    "UP": {
        "precision": 0.43897996357012753,
        "recall": 0.3905996758508914,
        "f1-score": 0.4133790737564323,
        "support": 1234
    },
    "accuracy": 0.5473196558570483,
    "macro avg": {
        "precision": 0.5240637863588683,
        "recall": 0.523040330095468,
        "f1-score": 0.5224222954989058,
        "support": 3022
    },
    "weighted avg": {
        "precision": 0.5396615487099479,
        "recall": 0.5473196558570483,
        "f1-score": 0.5424123500473275,
        "support": 3022
    }
}