{
    "R2": 0.9988790708389494,
    "RMSE": 0.8638839003111852,
    "MSE": 0.7462953932168659,
    "MAPE": 0.041405894234077145,
    "ACMAPE": 0.752442523393761
}