{
    "R2": 0.878779142616114,
    "RMSE": 31.649588664882888,
    "MSE": 1001.6964626562833,
    "MAPE": 0.07817278412111478,
    "ACMAPE": 1.3627031708614463
}