{
    "DOWN": {
        "precision": 0.7066666666666667,
        "recall": 0.6757741347905283,
        "f1-score": 0.6908752327746741,
        "support": 549
    },
    "UP": {
        "precision": 0.4105960264900662,
        "recall": 0.4460431654676259,
        "f1-score": 0.4275862068965517,
        "support": 278
    },
    "accuracy": 0.5985489721886336,
    "macro avg": {
        "precision": 0.5586313465783664,
        "recall": 0.5609086501290771,
        "f1-score": 0.5592307198356129,
        "support": 827
    },
    "weighted avg": {
        "precision": 0.6071411068491396,
        "recall": 0.5985489721886336,
        "f1-score": 0.6023693691784008,
        "support": 827
    }
}