{
    "R2": 0.8844595387954097,
    "RMSE": 65.8717855481299,
    "MSE": 4339.092131298816,
    "MAPE": 0.1394054486683531,
    "ACMAPE": 1.2721657160991078
}