{
    "DOWN": {
        "precision": 0.9182903834066625,
        "recall": 0.8107658157602664,
        "f1-score": 0.861184792219275,
        "support": 3604
    },
    "UP": {
        "precision": 0.30761421319796955,
        "recall": 0.5381882770870338,
        "f1-score": 0.3914728682170543,
        "support": 563
    },
    "accuracy": 0.7739380849532037,
    "macro avg": {
        "precision": 0.612952298302316,
        "recall": 0.67447704642365,
        "f1-score": 0.6263288302181647,
        "support": 4167
    },
    "weighted avg": {
        "precision": 0.8357824199251425,
        "recall": 0.7739380849532037,
        "f1-score": 0.7977223940399493,
        "support": 4167
    }
}