{
    "DOWN": {
        "precision": 0.746875,
        "recall": 0.3182423435419441,
        "f1-score": 0.4463118580765639,
        "support": 751
    },
    "UP": {
        "precision": 0.29573590096286106,
        "recall": 0.7263513513513513,
        "f1-score": 0.42033235581622674,
        "support": 296
    },
    "accuracy": 0.43361986628462273,
    "macro avg": {
        "precision": 0.5213054504814305,
        "recall": 0.5222968474466477,
        "f1-score": 0.43332210694639534,
        "support": 1047
    },
    "weighted avg": {
        "precision": 0.6193323320773704,
        "recall": 0.43361986628462273,
        "f1-score": 0.4389671277336224,
        "support": 1047
    }
}