{
    "R2": 0.9925611610260414,
    "RMSE": 59.47103854001218,
    "MSE": 3536.804425027614,
    "MAPE": 0.024711927831626002,
    "ACMAPE": 0.5636884940678767
}