{
    "DOWN": {
        "precision": 0.8716417910447761,
        "recall": 0.4022038567493113,
        "f1-score": 0.5504241281809614,
        "support": 3630
    },
    "UP": {
        "precision": 0.12535268037081823,
        "recall": 0.591254752851711,
        "f1-score": 0.2068506817426006,
        "support": 526
    },
    "accuracy": 0.4261308950914341,
    "macro avg": {
        "precision": 0.4984972357077972,
        "recall": 0.49672930480051114,
        "f1-score": 0.378637404961781,
        "support": 4156
    },
    "weighted avg": {
        "precision": 0.777188453168332,
        "recall": 0.4261308950914341,
        "f1-score": 0.5069400971832285,
        "support": 4156
    }
}