{
    "DOWN": {
        "precision": 0.6210214655810511,
        "recall": 0.429156010230179,
        "f1-score": 0.5075620084694494,
        "support": 1955
    },
    "UP": {
        "precision": 0.2945638432364096,
        "recall": 0.47648261758691207,
        "f1-score": 0.3640625,
        "support": 978
    },
    "accuracy": 0.4449369246505285,
    "macro avg": {
        "precision": 0.45779265440873035,
        "recall": 0.4528193139085456,
        "f1-score": 0.4358122542347247,
        "support": 2933
    },
    "weighted avg": {
        "precision": 0.5121651564596534,
        "recall": 0.4449369246505285,
        "f1-score": 0.45971253036405507,
        "support": 2933
    }
}