{
    "R2": 0.9980315092382767,
    "RMSE": 24.86725023781913,
    "MSE": 618.3801343903156,
    "MAPE": 0.0353836132759451,
    "ACMAPE": 1.0910266578953678
}