{
    "R2": 0.9087573685448574,
    "RMSE": 12.873381235616078,
    "MSE": 165.72394443751216,
    "MAPE": 0.017236812528607665,
    "ACMAPE": 0.8720755222060269
}