{
    "R2": 0.8932597246377296,
    "RMSE": 19.02083686527614,
    "MSE": 361.792235055448,
    "MAPE": 0.027697122702573535,
    "ACMAPE": 0.7782212317172486
}