{
    "R2": 0.8769818584984761,
    "RMSE": 14.947835526956288,
    "MSE": 223.43778694093658,
    "MAPE": 0.01944830545131701,
    "ACMAPE": 0.8581579828706718
}