{
    "R2": 0.9258100736923692,
    "RMSE": 20.81340792916599,
    "MSE": 433.1979496258697,
    "MAPE": 0.037542787200346726,
    "ACMAPE": 0.966177148433827
}