{
    "DOWN": {
        "precision": 0.8151260504201681,
        "recall": 0.48743718592964824,
        "f1-score": 0.610062893081761,
        "support": 199
    },
    "UP": {
        "precision": 0.39644970414201186,
        "recall": 0.7528089887640449,
        "f1-score": 0.5193798449612403,
        "support": 89
    },
    "accuracy": 0.5694444444444444,
    "macro avg": {
        "precision": 0.60578787728109,
        "recall": 0.6201230873468466,
        "f1-score": 0.5647213690215007,
        "support": 288
    },
    "weighted avg": {
        "precision": 0.6857434295217101,
        "recall": 0.5694444444444444,
        "f1-score": 0.5820393122389612,
        "support": 288
    }
}