{
    "R2": 0.8147681555466573,
    "RMSE": 11.42318957088144,
    "MSE": 130.48925997229452,
    "MAPE": 0.031613057157038556,
    "ACMAPE": 0.9138863995115718
}