{
    "DOWN": {
        "precision": 0.7655555555555555,
        "recall": 0.8867438867438867,
        "f1-score": 0.8217054263565893,
        "support": 777
    },
    "UP": {
        "precision": 0.41721854304635764,
        "recall": 0.22992700729927007,
        "f1-score": 0.29647058823529415,
        "support": 274
    },
    "accuracy": 0.7155090390104663,
    "macro avg": {
        "precision": 0.5913870493009565,
        "recall": 0.5583354470215784,
        "f1-score": 0.5590880072959417,
        "support": 1051
    },
    "weighted avg": {
        "precision": 0.6747426712287047,
        "recall": 0.7155090390104663,
        "f1-score": 0.6847745551432355,
        "support": 1051
    }
}