{
    "DOWN": {
        "precision": 0.6451612903225806,
        "recall": 0.7017543859649122,
        "f1-score": 0.6722689075630253,
        "support": 228
    },
    "UP": {
        "precision": 0.33980582524271846,
        "recall": 0.2845528455284553,
        "f1-score": 0.3097345132743363,
        "support": 123
    },
    "accuracy": 0.5555555555555556,
    "macro avg": {
        "precision": 0.4924835577826495,
        "recall": 0.49315361574668376,
        "f1-score": 0.4910017104186808,
        "support": 351
    },
    "weighted avg": {
        "precision": 0.5381563837561333,
        "recall": 0.5555555555555556,
        "f1-score": 0.5452269403336557,
        "support": 351
    }
}