{
    "R2": 0.07251945604727794,
    "RMSE": 9.530245084990304,
    "MSE": 90.82557137998184,
    "MAPE": 0.024995279219226712,
    "ACMAPE": 0.5986386900719398
}