{
    "DOWN": {
        "precision": 0.7814070351758794,
        "recall": 0.8835227272727273,
        "f1-score": 0.8293333333333333,
        "support": 352
    },
    "UP": {
        "precision": 0.32786885245901637,
        "recall": 0.18691588785046728,
        "f1-score": 0.2380952380952381,
        "support": 107
    },
    "accuracy": 0.7211328976034859,
    "macro avg": {
        "precision": 0.5546379438174479,
        "recall": 0.5352193075615973,
        "f1-score": 0.5337142857142857,
        "support": 459
    },
    "weighted avg": {
        "precision": 0.6756802692702054,
        "recall": 0.7211328976034859,
        "f1-score": 0.6915065878203133,
        "support": 459
    }
}