{
    "R2": -0.053789767707117964,
    "RMSE": 2.535309209669088,
    "MSE": 6.427792788632896,
    "MAPE": 0.0373958075827474,
    "ACMAPE": 1.204062474249414
}