{
    "R2": 0.9802651176175414,
    "RMSE": 108.28474130636597,
    "MSE": 11725.585199786601,
    "MAPE": 0.021367378028827762,
    "ACMAPE": 0.9672497309700041
}