{
    "DOWN": {
        "precision": 0.7684210526315789,
        "recall": 0.08066298342541436,
        "f1-score": 0.146,
        "support": 905
    },
    "UP": {
        "precision": 0.13513513513513514,
        "recall": 0.8552631578947368,
        "f1-score": 0.2333931777378815,
        "support": 152
    },
    "accuracy": 0.19205298013245034,
    "macro avg": {
        "precision": 0.451778093883357,
        "recall": 0.4679630706600756,
        "f1-score": 0.18969658886894075,
        "support": 1057
    },
    "weighted avg": {
        "precision": 0.6773525006358745,
        "recall": 0.19205298013245034,
        "f1-score": 0.15856742007205107,
        "support": 1057
    }
}