{
    "R2": 0.9964634676126738,
    "RMSE": 301.65620770598053,
    "MSE": 90996.46764755365,
    "MAPE": 0.1443941956499907,
    "ACMAPE": 0.6141928533681115
}