{
    "DOWN": {
        "precision": 0.8790093382054405,
        "recall": 0.8009618941916389,
        "f1-score": 0.83817266744096,
        "support": 2703
    },
    "UP": {
        "precision": 0.45045965270684374,
        "recall": 0.5967523680649527,
        "f1-score": 0.5133876600698487,
        "support": 739
    },
    "accuracy": 0.7571179546775131,
    "macro avg": {
        "precision": 0.664734495456142,
        "recall": 0.6988571311282958,
        "f1-score": 0.6757801637554044,
        "support": 3442
    },
    "weighted avg": {
        "precision": 0.7869993970132666,
        "recall": 0.7571179546775131,
        "f1-score": 0.7684410810239781,
        "support": 3442
    }
}