{
    "R2": 0.9584787250272441,
    "RMSE": 7.413131196472741,
    "MSE": 54.954514136117375,
    "MAPE": 0.030769304198971077,
    "ACMAPE": 0.8068172083905879
}