{
    "R2": 0.9855307412954951,
    "RMSE": 70.28261247112657,
    "MSE": 4939.645615766555,
    "MAPE": 0.09935350237979333,
    "ACMAPE": 1.1003145787853674
}