{
    "DOWN": {
        "precision": 0.5669291338582677,
        "recall": 0.3380281690140845,
        "f1-score": 0.4235294117647059,
        "support": 213
    },
    "UP": {
        "precision": 0.37610619469026546,
        "recall": 0.6071428571428571,
        "f1-score": 0.4644808743169399,
        "support": 140
    },
    "accuracy": 0.4447592067988669,
    "macro avg": {
        "precision": 0.47151766427426656,
        "recall": 0.4725855130784708,
        "f1-score": 0.4440051430408229,
        "support": 353
    },
    "weighted avg": {
        "precision": 0.49124864806925833,
        "recall": 0.4447592067988669,
        "f1-score": 0.43977078501488365,
        "support": 353
    }
}