{
    "DOWN": {
        "precision": 0.7307692307692307,
        "recall": 0.4672131147540984,
        "f1-score": 0.57,
        "support": 610
    },
    "UP": {
        "precision": 0.38330170777988615,
        "recall": 0.6579804560260586,
        "f1-score": 0.4844124700239808,
        "support": 307
    },
    "accuracy": 0.5310796074154853,
    "macro avg": {
        "precision": 0.5570354692745585,
        "recall": 0.5625967853900785,
        "f1-score": 0.5272062350119904,
        "support": 917
    },
    "weighted avg": {
        "precision": 0.6144414995176181,
        "recall": 0.5310796074154853,
        "f1-score": 0.5413463776416163,
        "support": 917
    }
}