{
    "R2": 0.9802312269076501,
    "RMSE": 17.771365154068853,
    "MSE": 315.8214194392526,
    "MAPE": 0.060152752344734516,
    "ACMAPE": 1.088401339915356
}