{
    "R2": 0.994992254613034,
    "RMSE": 129.61408826565537,
    "MSE": 16799.8118769371,
    "MAPE": 0.05284489981494296,
    "ACMAPE": 1.3348152187287414
}