{
    "DOWN": {
        "precision": 0.6520488856937455,
        "recall": 0.5939751146037983,
        "f1-score": 0.6216586703221385,
        "support": 1527
    },
    "UP": {
        "precision": 0.36799184505606525,
        "recall": 0.4272189349112426,
        "f1-score": 0.3953997809419496,
        "support": 845
    },
    "accuracy": 0.5345699831365935,
    "macro avg": {
        "precision": 0.5100203653749054,
        "recall": 0.5105970247575204,
        "f1-score": 0.5085292256320441,
        "support": 2372
    },
    "weighted avg": {
        "precision": 0.5508565588223965,
        "recall": 0.5345699831365935,
        "f1-score": 0.5410563256651993,
        "support": 2372
    }
}