{
    "R2": 0.9916249841750951,
    "RMSE": 11.713410380068208,
    "MSE": 137.20398273188962,
    "MAPE": 0.044994570026392205,
    "ACMAPE": 0.8031263465067925
}