{
    "R2": 0.754976204349697,
    "RMSE": 2.039974079999241,
    "MSE": 4.161494247068749,
    "MAPE": 0.008373428205950505,
    "ACMAPE": 0.6847370645695868
}