{
    "DOWN": {
        "precision": 0.7146596858638743,
        "recall": 0.774468085106383,
        "f1-score": 0.7433628318584071,
        "support": 705
    },
    "UP": {
        "precision": 0.5253731343283582,
        "recall": 0.4467005076142132,
        "f1-score": 0.4828532235939643,
        "support": 394
    },
    "accuracy": 0.6569608735213831,
    "macro avg": {
        "precision": 0.6200164100961163,
        "recall": 0.6105842963602981,
        "f1-score": 0.6131080277261858,
        "support": 1099
    },
    "weighted avg": {
        "precision": 0.6467989931386756,
        "recall": 0.6569608735213831,
        "f1-score": 0.6499681224351218,
        "support": 1099
    }
}