{
    "DOWN": {
        "precision": 0.8641975308641975,
        "recall": 0.6004901960784313,
        "f1-score": 0.7086044830079536,
        "support": 816
    },
    "UP": {
        "precision": 0.34274193548387094,
        "recall": 0.6882591093117408,
        "f1-score": 0.45760430686406456,
        "support": 247
    },
    "accuracy": 0.6208842897460018,
    "macro avg": {
        "precision": 0.6034697331740342,
        "recall": 0.6443746526950861,
        "f1-score": 0.5831043949360091,
        "support": 1063
    },
    "weighted avg": {
        "precision": 0.7430314611944508,
        "recall": 0.6208842897460018,
        "f1-score": 0.6502817703950274,
        "support": 1063
    }
}