{
    "R2": 0.9783492334382088,
    "RMSE": 30.74287403498588,
    "MSE": 945.1243039310091,
    "MAPE": 0.03683344018441378,
    "ACMAPE": 1.0815310738391026
}