{
    "R2": 0.9011790398368281,
    "RMSE": 398.07547137914486,
    "MSE": 158464.08091372836,
    "MAPE": 0.034592833976437275,
    "ACMAPE": 0.9214288616900631
}