{
    "DOWN": {
        "precision": 0.7178899082568807,
        "recall": 0.5251677852348994,
        "f1-score": 0.6065891472868218,
        "support": 596
    },
    "UP": {
        "precision": 0.34186046511627904,
        "recall": 0.5444444444444444,
        "f1-score": 0.42,
        "support": 270
    },
    "accuracy": 0.5311778290993071,
    "macro avg": {
        "precision": 0.5298751866865798,
        "recall": 0.5348061148396719,
        "f1-score": 0.5132945736434109,
        "support": 866
    },
    "weighted avg": {
        "precision": 0.6006520911114275,
        "recall": 0.5311778290993071,
        "f1-score": 0.548414701827882,
        "support": 866
    }
}