{
    "DOWN": {
        "precision": 0.7073170731707317,
        "recall": 0.4915254237288136,
        "f1-score": 0.58,
        "support": 2242
    },
    "UP": {
        "precision": 0.3481989708404803,
        "recall": 0.571830985915493,
        "f1-score": 0.43283582089552236,
        "support": 1065
    },
    "accuracy": 0.5173873601451466,
    "macro avg": {
        "precision": 0.527758022005606,
        "recall": 0.5316782048221533,
        "f1-score": 0.5064179104477612,
        "support": 3307
    },
    "weighted avg": {
        "precision": 0.5916651895959758,
        "recall": 0.5173873601451466,
        "f1-score": 0.532606637210079,
        "support": 3307
    }
}