{
    "R2": 0.7807813792740217,
    "RMSE": 18.43038125930637,
    "MSE": 339.67895336339143,
    "MAPE": 0.017012208650386124,
    "ACMAPE": 0.9869692901954505
}