{
    "DOWN": {
        "precision": 0.6488294314381271,
        "recall": 0.9822784810126582,
        "f1-score": 0.7814702920443103,
        "support": 395
    },
    "UP": {
        "precision": 0.4166666666666667,
        "recall": 0.023255813953488372,
        "f1-score": 0.04405286343612335,
        "support": 215
    },
    "accuracy": 0.6442622950819672,
    "macro avg": {
        "precision": 0.5327480490523969,
        "recall": 0.5027671474830733,
        "f1-score": 0.4127615777402168,
        "support": 610
    },
    "weighted avg": {
        "precision": 0.567001571723596,
        "recall": 0.6442622950819672,
        "f1-score": 0.521560870485687,
        "support": 610
    }
}