{
    "R2": 0.9689581459331453,
    "RMSE": 64.36595100431003,
    "MSE": 4142.97564868924,
    "MAPE": 0.021477657381229056,
    "ACMAPE": 0.9653552084016374
}