{
    "R2": 0.9734522115712257,
    "RMSE": 59.19437998928235,
    "MSE": 3503.9746223155507,
    "MAPE": 0.019423990717453148,
    "ACMAPE": 0.9388194567124153
}