{
    "DOWN": {
        "precision": 0.9172661870503597,
        "recall": 0.9659090909090909,
        "f1-score": 0.940959409594096,
        "support": 264
    },
    "UP": {
        "precision": 0.47058823529411764,
        "recall": 0.25806451612903225,
        "f1-score": 0.3333333333333333,
        "support": 31
    },
    "accuracy": 0.8915254237288136,
    "macro avg": {
        "precision": 0.6939272111722387,
        "recall": 0.6119868035190617,
        "f1-score": 0.6371463714637147,
        "support": 295
    },
    "weighted avg": {
        "precision": 0.8703271480522461,
        "recall": 0.8915254237288136,
        "f1-score": 0.8771071778514395,
        "support": 295
    }
}