{
    "R2": 0.6394269322889161,
    "RMSE": 101.30772275629305,
    "MSE": 10263.254690065936,
    "MAPE": 0.12811287589966747,
    "ACMAPE": 0.998300879480688
}