{
    "DOWN": {
        "precision": 0.6458752515090543,
        "recall": 0.5245098039215687,
        "f1-score": 0.5788999098286745,
        "support": 1224
    },
    "UP": {
        "precision": 0.37687366167023556,
        "recall": 0.5,
        "f1-score": 0.4297924297924298,
        "support": 704
    },
    "accuracy": 0.5155601659751037,
    "macro avg": {
        "precision": 0.511374456589645,
        "recall": 0.5122549019607843,
        "f1-score": 0.5043461698105521,
        "support": 1928
    },
    "weighted avg": {
        "precision": 0.5476506045969546,
        "recall": 0.5155601659751037,
        "f1-score": 0.5244540250021619,
        "support": 1928
    }
}