{
    "R2": 0.9641404187315801,
    "RMSE": 89.07030133839007,
    "MSE": 7933.518580511612,
    "MAPE": 0.04887691880153212,
    "ACMAPE": 0.9673614193755848
}