{
    "R2": 0.9897694083336532,
    "RMSE": 216.98996947352956,
    "MSE": 47084.64685212329,
    "MAPE": 0.09007805719693904,
    "ACMAPE": 1.0165534940581327
}