{
    "DOWN": {
        "precision": 0.7357549857549858,
        "recall": 0.7104539202200826,
        "f1-score": 0.7228831350594823,
        "support": 1454
    },
    "UP": {
        "precision": 0.4103641456582633,
        "recall": 0.44126506024096385,
        "f1-score": 0.42525399129172714,
        "support": 664
    },
    "accuracy": 0.6260623229461756,
    "macro avg": {
        "precision": 0.5730595657066245,
        "recall": 0.5758594902305232,
        "f1-score": 0.5740685631756047,
        "support": 2118
    },
    "weighted avg": {
        "precision": 0.6337438819664005,
        "recall": 0.6260623229461756,
        "f1-score": 0.6295754148225656,
        "support": 2118
    }
}