{
    "DOWN": {
        "precision": 0.9134615384615384,
        "recall": 0.5864197530864198,
        "f1-score": 0.7142857142857143,
        "support": 162
    },
    "UP": {
        "precision": 0.25555555555555554,
        "recall": 0.71875,
        "f1-score": 0.3770491803278688,
        "support": 32
    },
    "accuracy": 0.6082474226804123,
    "macro avg": {
        "precision": 0.5845085470085469,
        "recall": 0.6525848765432098,
        "f1-score": 0.5456674473067915,
        "support": 194
    },
    "weighted avg": {
        "precision": 0.8049409639615825,
        "recall": 0.6082474226804124,
        "f1-score": 0.6586590695091624,
        "support": 194
    }
}