{
    "DOWN": {
        "precision": 0.9637058261700095,
        "recall": 0.2855121675155631,
        "f1-score": 0.44051517135996504,
        "support": 3534
    },
    "UP": {
        "precision": 0.05677997758685095,
        "recall": 0.8,
        "f1-score": 0.10603418207185211,
        "support": 190
    },
    "accuracy": 0.31176154672395273,
    "macro avg": {
        "precision": 0.5102429018784302,
        "recall": 0.5427560837577816,
        "f1-score": 0.27327467671590855,
        "support": 3724
    },
    "weighted avg": {
        "precision": 0.917434099201481,
        "recall": 0.31176154672395273,
        "f1-score": 0.42344981476363275,
        "support": 3724
    }
}