{
    "R2": 0.9784601574259814,
    "RMSE": 6.5965887586395215,
    "MSE": 43.514983250609305,
    "MAPE": 0.03729299148967767,
    "ACMAPE": 1.0817374359341219
}