{
    "DOWN": {
        "precision": 0.6947637292464879,
        "recall": 0.7705382436260623,
        "f1-score": 0.7306917394224312,
        "support": 706
    },
    "UP": {
        "precision": 0.4452054794520548,
        "recall": 0.3523035230352303,
        "f1-score": 0.39334341906202724,
        "support": 369
    },
    "accuracy": 0.6269767441860465,
    "macro avg": {
        "precision": 0.5699846043492713,
        "recall": 0.5614208833306463,
        "f1-score": 0.5620175792422292,
        "support": 1075
    },
    "weighted avg": {
        "precision": 0.6091014090844918,
        "recall": 0.6269767441860465,
        "f1-score": 0.6148949671312786,
        "support": 1075
    }
}