{
    "DOWN": {
        "precision": 0.8883572567783095,
        "recall": 0.6147902869757175,
        "f1-score": 0.7266797129810829,
        "support": 3624
    },
    "UP": {
        "precision": 0.2166105499438833,
        "recall": 0.5795795795795796,
        "f1-score": 0.315359477124183,
        "support": 666
    },
    "accuracy": 0.6093240093240093,
    "macro avg": {
        "precision": 0.5524839033610964,
        "recall": 0.5971849332776485,
        "f1-score": 0.521019595052633,
        "support": 4290
    },
    "weighted avg": {
        "precision": 0.7840721036893287,
        "recall": 0.6093240093240093,
        "f1-score": 0.6628244036382634,
        "support": 4290
    }
}