{
    "DOWN": {
        "precision": 0.6698473282442748,
        "recall": 0.4971671388101983,
        "f1-score": 0.5707317073170732,
        "support": 706
    },
    "UP": {
        "precision": 0.35571687840290384,
        "recall": 0.5311653116531165,
        "f1-score": 0.4260869565217391,
        "support": 369
    },
    "accuracy": 0.5088372093023256,
    "macro avg": {
        "precision": 0.5127821033235893,
        "recall": 0.5141662252316574,
        "f1-score": 0.4984093319194062,
        "support": 1075
    },
    "weighted avg": {
        "precision": 0.5620202249963996,
        "recall": 0.5088372093023256,
        "f1-score": 0.5210815556487214,
        "support": 1075
    }
}