{
    "R2": -0.0030110976264727807,
    "RMSE": 4956.458688034223,
    "MSE": 24566482.726189934,
    "MAPE": 0.06680710869251551,
    "ACMAPE": 1.2599787169584633
}