{
    "DOWN": {
        "precision": 0.6829268292682927,
        "recall": 0.12017167381974249,
        "f1-score": 0.20437956204379565,
        "support": 699
    },
    "UP": {
        "precision": 0.3787878787878788,
        "recall": 0.9057971014492754,
        "f1-score": 0.5341880341880342,
        "support": 414
    },
    "accuracy": 0.4123989218328841,
    "macro avg": {
        "precision": 0.5308573540280858,
        "recall": 0.5129843876345089,
        "f1-score": 0.36928379811591494,
        "support": 1113
    },
    "weighted avg": {
        "precision": 0.569796977068031,
        "recall": 0.4123989218328841,
        "f1-score": 0.327057646021976,
        "support": 1113
    }
}