{
    "DOWN": {
        "precision": 1.0,
        "recall": 0.7882011605415861,
        "f1-score": 0.881557598702001,
        "support": 1034
    },
    "UP": {
        "precision": 0.27483443708609273,
        "recall": 1.0,
        "f1-score": 0.4311688311688312,
        "support": 83
    },
    "accuracy": 0.8039391226499553,
    "macro avg": {
        "precision": 0.6374172185430463,
        "recall": 0.8941005802707931,
        "f1-score": 0.6563632149354162,
        "support": 1117
    },
    "weighted avg": {
        "precision": 0.946115719138895,
        "recall": 0.8039391226499553,
        "f1-score": 0.8480909311055345,
        "support": 1117
    }
}