{
    "R2": 0.9425571233079864,
    "RMSE": 4.390000589804701,
    "MSE": 19.272105178485624,
    "MAPE": 0.03790681260207443,
    "ACMAPE": 0.8228124729794329
}