{
    "DOWN": {
        "precision": 0.75,
        "recall": 0.6274509803921569,
        "f1-score": 0.6832740213523132,
        "support": 153
    },
    "UP": {
        "precision": 0.22972972972972974,
        "recall": 0.3469387755102041,
        "f1-score": 0.2764227642276422,
        "support": 49
    },
    "accuracy": 0.5594059405940595,
    "macro avg": {
        "precision": 0.48986486486486486,
        "recall": 0.48719487795118044,
        "f1-score": 0.4798483927899777,
        "support": 202
    },
    "weighted avg": {
        "precision": 0.6237958255284988,
        "recall": 0.5594059405940595,
        "f1-score": 0.5845823797725662,
        "support": 202
    }
}