{
    "DOWN": {
        "precision": 0.8381201044386423,
        "recall": 0.7001090512540894,
        "f1-score": 0.7629233511586453,
        "support": 917
    },
    "UP": {
        "precision": 0.21652421652421652,
        "recall": 0.38,
        "f1-score": 0.27586206896551724,
        "support": 200
    },
    "accuracy": 0.6427931960608774,
    "macro avg": {
        "precision": 0.5273221604814294,
        "recall": 0.5400545256270447,
        "f1-score": 0.5193927100620812,
        "support": 1117
    },
    "weighted avg": {
        "precision": 0.7268227207476081,
        "recall": 0.6427931960608774,
        "f1-score": 0.6757145271312276,
        "support": 1117
    }
}