{
    "DOWN": {
        "precision": 0.7469135802469136,
        "recall": 0.5307017543859649,
        "f1-score": 0.6205128205128205,
        "support": 228
    },
    "UP": {
        "precision": 0.3630952380952381,
        "recall": 0.5980392156862745,
        "f1-score": 0.45185185185185184,
        "support": 102
    },
    "accuracy": 0.5515151515151515,
    "macro avg": {
        "precision": 0.5550044091710759,
        "recall": 0.5643704850361198,
        "f1-score": 0.5361823361823361,
        "support": 330
    },
    "weighted avg": {
        "precision": 0.6282788199454866,
        "recall": 0.5515151515151515,
        "f1-score": 0.5683812483812484,
        "support": 330
    }
}