{
    "DOWN": {
        "precision": 0.6482558139534884,
        "recall": 0.5412621359223301,
        "f1-score": 0.58994708994709,
        "support": 412
    },
    "UP": {
        "precision": 0.3961661341853035,
        "recall": 0.5061224489795918,
        "f1-score": 0.4444444444444444,
        "support": 245
    },
    "accuracy": 0.528158295281583,
    "macro avg": {
        "precision": 0.522210974069396,
        "recall": 0.5236922924509609,
        "f1-score": 0.5171957671957672,
        "support": 657
    },
    "weighted avg": {
        "precision": 0.5542497689866616,
        "recall": 0.528158295281583,
        "f1-score": 0.5356881125526484,
        "support": 657
    }
}