{
    "R2": 0.9427244621035894,
    "RMSE": 18.481761948295297,
    "MSE": 341.57552471345593,
    "MAPE": 0.0187247642485725,
    "ACMAPE": 1.0357077812315896
}