{
    "R2": 0.9613645303862539,
    "RMSE": 15.179304795689927,
    "MSE": 230.4112940804552,
    "MAPE": 0.01517805075020513,
    "ACMAPE": 1.108085143657298
}