{
    "DOWN": {
        "precision": 0.762684124386252,
        "recall": 0.32249134948096886,
        "f1-score": 0.45330739299610895,
        "support": 1445
    },
    "UP": {
        "precision": 0.27157738095238093,
        "recall": 0.7156862745098039,
        "f1-score": 0.3937432578209277,
        "support": 510
    },
    "accuracy": 0.42506393861892583,
    "macro avg": {
        "precision": 0.5171307526693165,
        "recall": 0.5190888119953864,
        "f1-score": 0.4235253254085183,
        "support": 1955
    },
    "weighted avg": {
        "precision": 0.6345693217513291,
        "recall": 0.42506393861892583,
        "f1-score": 0.43776892295040953,
        "support": 1955
    }
}