{
    "R2": 0.8754432553710425,
    "RMSE": 11.233696135642289,
    "MSE": 126.19592886794449,
    "MAPE": 0.07506939255451574,
    "ACMAPE": 1.1257360592211825
}