{
    "R2": 0.9678875490366594,
    "RMSE": 16.584871638761012,
    "MSE": 275.05796727417936,
    "MAPE": 0.031174956076093073,
    "ACMAPE": 1.105667055398892
}