{
    "DOWN": {
        "precision": 0.9895783988630981,
        "recall": 0.5804390108363434,
        "f1-score": 0.7316987740805604,
        "support": 3599
    },
    "UP": {
        "precision": 0.027061855670103094,
        "recall": 0.65625,
        "f1-score": 0.05198019801980198,
        "support": 64
    },
    "accuracy": 0.5817635817635818,
    "macro avg": {
        "precision": 0.5083201272666006,
        "recall": 0.6183445054181718,
        "f1-score": 0.3918394860501812,
        "support": 3663
    },
    "weighted avg": {
        "precision": 0.9727612930033243,
        "recall": 0.5817635817635818,
        "f1-score": 0.719822719243572,
        "support": 3663
    }
}