{
    "R2": 0.8744484515914406,
    "RMSE": 13.34086685163701,
    "MSE": 177.9787283531072,
    "MAPE": 0.0391857355031335,
    "ACMAPE": 0.8560871439538378
}