{
    "DOWN": {
        "precision": 0.7158469945355191,
        "recall": 0.6717948717948717,
        "f1-score": 0.6931216931216931,
        "support": 195
    },
    "UP": {
        "precision": 0.36633663366336633,
        "recall": 0.4157303370786517,
        "f1-score": 0.38947368421052636,
        "support": 89
    },
    "accuracy": 0.5915492957746479,
    "macro avg": {
        "precision": 0.5410918140994427,
        "recall": 0.5437626044367617,
        "f1-score": 0.5412976886661097,
        "support": 284
    },
    "weighted avg": {
        "precision": 0.6063173391917812,
        "recall": 0.5915492957746479,
        "f1-score": 0.5979643945544613,
        "support": 284
    }
}