{
    "R2": 0.9723367433154534,
    "RMSE": 84.36296616050203,
    "MSE": 7117.11005939801,
    "MAPE": 0.05128519178324316,
    "ACMAPE": 0.8807871074920554
}