{
    "DOWN": {
        "precision": 0.7359550561797753,
        "recall": 0.9849624060150376,
        "f1-score": 0.842443729903537,
        "support": 133
    },
    "UP": {
        "precision": 0.5,
        "recall": 0.04081632653061224,
        "f1-score": 0.07547169811320753,
        "support": 49
    },
    "accuracy": 0.7307692307692307,
    "macro avg": {
        "precision": 0.6179775280898876,
        "recall": 0.5128893662728249,
        "f1-score": 0.45895771400837226,
        "support": 182
    },
    "weighted avg": {
        "precision": 0.6724286949006051,
        "recall": 0.7307692307692307,
        "f1-score": 0.6359512598061405,
        "support": 182
    }
}