{
    "R2": 0.9455605294255103,
    "RMSE": 85.44707133781779,
    "MSE": 7301.202000210123,
    "MAPE": 0.03870866148758694,
    "ACMAPE": 0.9082738788788913
}