{
    "DOWN": {
        "precision": 0.5901126408010012,
        "recall": 0.4265038444142922,
        "f1-score": 0.4951430821737989,
        "support": 2211
    },
    "UP": {
        "precision": 0.4301123595505618,
        "recall": 0.5936724565756824,
        "f1-score": 0.4988272087568412,
        "support": 1612
    },
    "accuracy": 0.4969918911849333,
    "macro avg": {
        "precision": 0.5101125001757816,
        "recall": 0.5100881504949872,
        "f1-score": 0.49698514546532,
        "support": 3823
    },
    "weighted avg": {
        "precision": 0.5226471808544387,
        "recall": 0.4969918911849333,
        "f1-score": 0.49669652503329775,
        "support": 3823
    }
}