{
    "DOWN": {
        "precision": 0.5945945945945946,
        "recall": 0.2851851851851852,
        "f1-score": 0.3854818523153943,
        "support": 540
    },
    "UP": {
        "precision": 0.4469914040114613,
        "recall": 0.7482014388489209,
        "f1-score": 0.5596412556053811,
        "support": 417
    },
    "accuracy": 0.48693834900731453,
    "macro avg": {
        "precision": 0.520792999303028,
        "recall": 0.516693312017053,
        "f1-score": 0.4725615539603877,
        "support": 957
    },
    "weighted avg": {
        "precision": 0.5302784707981822,
        "recall": 0.48693834900731453,
        "f1-score": 0.4613694919934764,
        "support": 957
    }
}