{
    "R2": 0.9784654323988216,
    "RMSE": 24.907901393143877,
    "MSE": 620.4035518105786,
    "MAPE": 0.049458639199392404,
    "ACMAPE": 0.9430205932595671
}