{
    "DOWN": {
        "precision": 0.708904109589041,
        "recall": 0.6034985422740525,
        "f1-score": 0.6519685039370079,
        "support": 343
    },
    "UP": {
        "precision": 0.32,
        "recall": 0.42953020134228187,
        "f1-score": 0.3667621776504298,
        "support": 149
    },
    "accuracy": 0.5508130081300813,
    "macro avg": {
        "precision": 0.5144520547945205,
        "recall": 0.5165143718081672,
        "f1-score": 0.5093653407937189,
        "support": 492
    },
    "weighted avg": {
        "precision": 0.591126239002116,
        "recall": 0.5508130081300813,
        "f1-score": 0.5655950433339588,
        "support": 492
    }
}