{
    "DOWN": {
        "precision": 0.8173913043478261,
        "recall": 0.9494949494949495,
        "f1-score": 0.8785046728971964,
        "support": 99
    },
    "UP": {
        "precision": 0.375,
        "recall": 0.125,
        "f1-score": 0.1875,
        "support": 24
    },
    "accuracy": 0.7886178861788617,
    "macro avg": {
        "precision": 0.5961956521739131,
        "recall": 0.5372474747474747,
        "f1-score": 0.5330023364485982,
        "support": 123
    },
    "weighted avg": {
        "precision": 0.7310710498409332,
        "recall": 0.7886178861788617,
        "f1-score": 0.7436744928196947,
        "support": 123
    }
}