{
    "R2": 0.9418106341569749,
    "RMSE": 207.58093355777743,
    "MSE": 43089.8439767184,
    "MAPE": 8514982649337.221,
    "ACMAPE": 8514982649338.244
}