{
    "DOWN": {
        "precision": 0.7236363636363636,
        "recall": 0.49014778325123154,
        "f1-score": 0.5844346549192364,
        "support": 406
    },
    "UP": {
        "precision": 0.4,
        "recall": 0.6448598130841121,
        "f1-score": 0.4937388193202146,
        "support": 214
    },
    "accuracy": 0.5435483870967742,
    "macro avg": {
        "precision": 0.5618181818181818,
        "recall": 0.5675037981676718,
        "f1-score": 0.5390867371197254,
        "support": 620
    },
    "weighted avg": {
        "precision": 0.6119296187683285,
        "recall": 0.5435483870967742,
        "f1-score": 0.5531299632769934,
        "support": 620
    }
}