{
    "R2": 0.9519121348034625,
    "RMSE": 70.6248816521766,
    "MSE": 4987.87390838395,
    "MAPE": 0.04491193056609699,
    "ACMAPE": 0.8513635434693227
}