{
    "DOWN": {
        "precision": 0.7269076305220884,
        "recall": 0.558641975308642,
        "f1-score": 0.631762652705061,
        "support": 324
    },
    "UP": {
        "precision": 0.38362068965517243,
        "recall": 0.5668789808917197,
        "f1-score": 0.4575835475578406,
        "support": 157
    },
    "accuracy": 0.5613305613305614,
    "macro avg": {
        "precision": 0.5552641600886304,
        "recall": 0.5627604781001809,
        "f1-score": 0.5446731001314509,
        "support": 481
    },
    "weighted avg": {
        "precision": 0.6148576311123051,
        "recall": 0.5613305613305614,
        "f1-score": 0.5749100133950535,
        "support": 481
    }
}