{
    "DOWN": {
        "precision": 0.5909090909090909,
        "recall": 0.1625,
        "f1-score": 0.25490196078431376,
        "support": 80
    },
    "UP": {
        "precision": 0.34951456310679613,
        "recall": 0.8,
        "f1-score": 0.48648648648648646,
        "support": 45
    },
    "accuracy": 0.392,
    "macro avg": {
        "precision": 0.4702118270079435,
        "recall": 0.48125,
        "f1-score": 0.3706942236354001,
        "support": 125
    },
    "weighted avg": {
        "precision": 0.5040070609002648,
        "recall": 0.392,
        "f1-score": 0.3382723900370959,
        "support": 125
    }
}