{
    "R2": -0.2655830768181271,
    "RMSE": 30.055651820606215,
    "MSE": 903.3422063615097,
    "MAPE": 0.01842177615847924,
    "ACMAPE": 1.2344217761584793
}