{
    "R2": 0.9954862249419545,
    "RMSE": 18.048263816505017,
    "MSE": 325.7398267901642,
    "MAPE": 0.02303269135707922,
    "ACMAPE": 0.9124876073020615
}