{
    "DOWN": {
        "precision": 0.7469707769066286,
        "recall": 0.38743068391866914,
        "f1-score": 0.5102239532619279,
        "support": 2705
    },
    "UP": {
        "precision": 0.34583497828661663,
        "recall": 0.7116165718927701,
        "f1-score": 0.46546227417640806,
        "support": 1231
    },
    "accuracy": 0.4888211382113821,
    "macro avg": {
        "precision": 0.5464028775966226,
        "recall": 0.5495236279057196,
        "f1-score": 0.487843113719168,
        "support": 3936
    },
    "weighted avg": {
        "precision": 0.621513925254892,
        "recall": 0.4888211382113821,
        "f1-score": 0.4962245561698865,
        "support": 3936
    }
}