{
    "R2": 0.9948567784679069,
    "RMSE": 19.284920091585157,
    "MSE": 371.9081429388249,
    "MAPE": 0.024433315915345873,
    "ACMAPE": 1.0467910394925817
}