{
    "DOWN": {
        "precision": 0.6572008113590264,
        "recall": 0.5320197044334976,
        "f1-score": 0.5880217785843921,
        "support": 609
    },
    "UP": {
        "precision": 0.41115702479338845,
        "recall": 0.5407608695652174,
        "f1-score": 0.46713615023474175,
        "support": 368
    },
    "accuracy": 0.5353121801432958,
    "macro avg": {
        "precision": 0.5341789180762074,
        "recall": 0.5363902869993575,
        "f1-score": 0.527578964409567,
        "support": 977
    },
    "weighted avg": {
        "precision": 0.5645251578726859,
        "recall": 0.5353121801432958,
        "f1-score": 0.5424886043441962,
        "support": 977
    }
}