{
    "DOWN": {
        "precision": 0.934984520123839,
        "recall": 0.3094262295081967,
        "f1-score": 0.4649730561970746,
        "support": 3904
    },
    "UP": {
        "precision": 0.05436688881094353,
        "recall": 0.6485355648535565,
        "f1-score": 0.10032362459546926,
        "support": 239
    },
    "accuracy": 0.32898865556360124,
    "macro avg": {
        "precision": 0.4946757044673913,
        "recall": 0.47898089718087655,
        "f1-score": 0.2826483403962719,
        "support": 4143
    },
    "weighted avg": {
        "precision": 0.8841837443855378,
        "recall": 0.32898865556360124,
        "f1-score": 0.44393728160069906,
        "support": 4143
    }
}