{
    "DOWN": {
        "precision": 0.8070175438596491,
        "recall": 0.3898305084745763,
        "f1-score": 0.5257142857142858,
        "support": 118
    },
    "UP": {
        "precision": 0.42857142857142855,
        "recall": 0.8307692307692308,
        "f1-score": 0.5654450261780105,
        "support": 65
    },
    "accuracy": 0.546448087431694,
    "macro avg": {
        "precision": 0.6177944862155388,
        "recall": 0.6102998696219035,
        "f1-score": 0.5455796559461481,
        "support": 183
    },
    "weighted avg": {
        "precision": 0.6725967925277674,
        "recall": 0.546448087431694,
        "f1-score": 0.5398262973544066,
        "support": 183
    }
}