{
    "R2": 0.9312885243652733,
    "RMSE": 10.548660539480371,
    "MSE": 111.27423917719034,
    "MAPE": 0.01283406814147174,
    "ACMAPE": 0.6873902811592231
}