{
    "DOWN": {
        "precision": 0.6511627906976745,
        "recall": 0.33136094674556216,
        "f1-score": 0.43921568627450985,
        "support": 169
    },
    "UP": {
        "precision": 0.37222222222222223,
        "recall": 0.6907216494845361,
        "f1-score": 0.4837545126353791,
        "support": 97
    },
    "accuracy": 0.462406015037594,
    "macro avg": {
        "precision": 0.5116925064599483,
        "recall": 0.5110412981150492,
        "f1-score": 0.4614850994549445,
        "support": 266
    },
    "weighted avg": {
        "precision": 0.5494438615919643,
        "recall": 0.462406015037594,
        "f1-score": 0.455457288368511,
        "support": 266
    }
}