{
    "R2": 0.9887719553840856,
    "RMSE": 139.44410732644508,
    "MSE": 19444.659068069137,
    "MAPE": 0.024229396932639074,
    "ACMAPE": 0.8887041363071377
}