{
    "R2": 0.9700961311254597,
    "RMSE": 55.582078726927975,
    "MSE": 3089.3674756064197,
    "MAPE": 0.06430344441003243,
    "ACMAPE": 0.9330534444100324
}