{
    "DOWN": {
        "precision": 0.810126582278481,
        "recall": 0.3595505617977528,
        "f1-score": 0.49805447470817127,
        "support": 178
    },
    "UP": {
        "precision": 0.2962962962962963,
        "recall": 0.7619047619047619,
        "f1-score": 0.4266666666666667,
        "support": 63
    },
    "accuracy": 0.46473029045643155,
    "macro avg": {
        "precision": 0.5532114392873886,
        "recall": 0.5607276618512573,
        "f1-score": 0.462360570687419,
        "support": 241
    },
    "weighted avg": {
        "precision": 0.6758058021254617,
        "recall": 0.46473029045643155,
        "f1-score": 0.4793929315271971,
        "support": 241
    }
}