{
    "R2": 0.9711486927622348,
    "RMSE": 13.536247921027243,
    "MSE": 183.23000777951435,
    "MAPE": 0.04418779049087507,
    "ACMAPE": 1.2792879680206748
}