{
    "DOWN": {
        "precision": 0.8585944115156647,
        "recall": 0.2893009985734665,
        "f1-score": 0.4327784891165173,
        "support": 3505
    },
    "UP": {
        "precision": 0.10137085137085138,
        "recall": 0.6272321428571429,
        "f1-score": 0.17453416149068327,
        "support": 448
    },
    "accuracy": 0.3275992916772072,
    "macro avg": {
        "precision": 0.47998263144325803,
        "recall": 0.4582665707153047,
        "f1-score": 0.30365632530360026,
        "support": 3953
    },
    "weighted avg": {
        "precision": 0.7727770184104594,
        "recall": 0.3275992916772072,
        "f1-score": 0.40351123417688317,
        "support": 3953
    }
}