{
    "DOWN": {
        "precision": 0.6905537459283387,
        "recall": 0.45689655172413796,
        "f1-score": 0.5499351491569391,
        "support": 464
    },
    "UP": {
        "precision": 0.3133514986376022,
        "recall": 0.5476190476190477,
        "f1-score": 0.3986135181975737,
        "support": 210
    },
    "accuracy": 0.48516320474777447,
    "macro avg": {
        "precision": 0.5019526222829704,
        "recall": 0.5022577996715928,
        "f1-score": 0.47427433367725635,
        "support": 674
    },
    "weighted avg": {
        "precision": 0.5730278231819668,
        "recall": 0.48516320474777447,
        "f1-score": 0.5027874599856235,
        "support": 674
    }
}