{
    "R2": 0.8428247858555218,
    "RMSE": 19.938157778566957,
    "MSE": 397.53013560303003,
    "MAPE": 0.03415157769867574,
    "ACMAPE": 0.8080823312628306
}