{
    "R2": 0.9425038097014684,
    "RMSE": 8.044316485383353,
    "MSE": 64.71102771701038,
    "MAPE": 0.06587889861753655,
    "ACMAPE": 1.0652051954960453
}