{
    "DOWN": {
        "precision": 0.7718120805369127,
        "recall": 0.5268784361637141,
        "f1-score": 0.6262479578870939,
        "support": 3274
    },
    "UP": {
        "precision": 0.3000451875282422,
        "recall": 0.565587734241908,
        "f1-score": 0.3920873929731326,
        "support": 1174
    },
    "accuracy": 0.5370953237410072,
    "macro avg": {
        "precision": 0.5359286340325775,
        "recall": 0.546233085202811,
        "f1-score": 0.5091676754301132,
        "support": 4448
    },
    "weighted avg": {
        "precision": 0.6472944698372322,
        "recall": 0.5370953237410072,
        "f1-score": 0.5644438879210438,
        "support": 4448
    }
}