{
    "DOWN": {
        "precision": 0.8266129032258065,
        "recall": 0.6074074074074074,
        "f1-score": 0.7002561912894961,
        "support": 675
    },
    "UP": {
        "precision": 0.28763440860215056,
        "recall": 0.5544041450777202,
        "f1-score": 0.37876106194690273,
        "support": 193
    },
    "accuracy": 0.5956221198156681,
    "macro avg": {
        "precision": 0.5571236559139785,
        "recall": 0.5809057762425638,
        "f1-score": 0.5395086266181994,
        "support": 868
    },
    "weighted avg": {
        "precision": 0.7067709107576433,
        "recall": 0.5956221198156681,
        "f1-score": 0.6287716752029517,
        "support": 868
    }
}