{
    "R2": 0.9906298573956116,
    "RMSE": 12.093075081653758,
    "MSE": 146.24246493051504,
    "MAPE": 0.041036149084705875,
    "ACMAPE": 0.9095893211522549
}