{
    "DOWN": {
        "precision": 0.6504065040650406,
        "recall": 0.450281425891182,
        "f1-score": 0.532150776053215,
        "support": 533
    },
    "UP": {
        "precision": 0.40325865580448067,
        "recall": 0.6055045871559633,
        "f1-score": 0.4841075794621027,
        "support": 327
    },
    "accuracy": 0.5093023255813953,
    "macro avg": {
        "precision": 0.5268325799347606,
        "recall": 0.5278930065235726,
        "f1-score": 0.5081291777576589,
        "support": 860
    },
    "weighted avg": {
        "precision": 0.5564328454822464,
        "recall": 0.5093023255813953,
        "f1-score": 0.5138831885121757,
        "support": 860
    }
}