{
    "R2": 0.9847525839901281,
    "RMSE": 11.223718635412679,
    "MSE": 125.97186000690985,
    "MAPE": 0.015440825904901697,
    "ACMAPE": 1.0864790772710218
}