{
    "DOWN": {
        "precision": 0.6606786427145709,
        "recall": 0.5338709677419354,
        "f1-score": 0.5905441570026762,
        "support": 620
    },
    "UP": {
        "precision": 0.32634032634032634,
        "recall": 0.45161290322580644,
        "f1-score": 0.37889039242219213,
        "support": 310
    },
    "accuracy": 0.5064516129032258,
    "macro avg": {
        "precision": 0.4935094845274486,
        "recall": 0.4927419354838709,
        "f1-score": 0.48471727471243414,
        "support": 930
    },
    "weighted avg": {
        "precision": 0.5492325372564894,
        "recall": 0.5064516129032257,
        "f1-score": 0.5199929021425148,
        "support": 930
    }
}