{
    "DOWN": {
        "precision": 0.6459770114942529,
        "recall": 0.4576547231270358,
        "f1-score": 0.5357483317445186,
        "support": 614
    },
    "UP": {
        "precision": 0.3134020618556701,
        "recall": 0.49673202614379086,
        "f1-score": 0.3843236409608091,
        "support": 306
    },
    "accuracy": 0.4706521739130435,
    "macro avg": {
        "precision": 0.4796895366749615,
        "recall": 0.47719337463541334,
        "f1-score": 0.46003598635266385,
        "support": 920
    },
    "weighted avg": {
        "precision": 0.5353596912883765,
        "recall": 0.4706521739130435,
        "f1-score": 0.4853831628534153,
        "support": 920
    }
}