{
    "DOWN": {
        "precision": 0.6532258064516129,
        "recall": 0.3944805194805195,
        "f1-score": 0.4919028340080971,
        "support": 616
    },
    "UP": {
        "precision": 0.325497287522604,
        "recall": 0.5825242718446602,
        "f1-score": 0.4176334106728538,
        "support": 309
    },
    "accuracy": 0.4572972972972973,
    "macro avg": {
        "precision": 0.48936154698710843,
        "recall": 0.4885023956625898,
        "f1-score": 0.4547681223404755,
        "support": 925
    },
    "weighted avg": {
        "precision": 0.5437467660742467,
        "recall": 0.4572972972972973,
        "f1-score": 0.4670928320507023,
        "support": 925
    }
}