{
    "DOWN": {
        "precision": 0.7456230690010298,
        "recall": 0.4220343923054503,
        "f1-score": 0.5389912525590917,
        "support": 3431
    },
    "UP": {
        "precision": 0.24914804998106777,
        "recall": 0.5711805555555556,
        "f1-score": 0.3469549169522805,
        "support": 1152
    },
    "accuracy": 0.45952432904211216,
    "macro avg": {
        "precision": 0.4973855594910488,
        "recall": 0.496607473930503,
        "f1-score": 0.4429730847556861,
        "support": 4583
    },
    "weighted avg": {
        "precision": 0.6208272536156935,
        "recall": 0.45952432904211216,
        "f1-score": 0.490720281880705,
        "support": 4583
    }
}