{
    "DOWN": {
        "precision": 0.7257769652650823,
        "recall": 0.8861607142857143,
        "f1-score": 0.7979899497487437,
        "support": 448
    },
    "UP": {
        "precision": 0.39285714285714285,
        "recall": 0.18032786885245902,
        "f1-score": 0.24719101123595502,
        "support": 183
    },
    "accuracy": 0.6814580031695721,
    "macro avg": {
        "precision": 0.5593170540611125,
        "recall": 0.5332442915690867,
        "f1-score": 0.5225904804923494,
        "support": 631
    },
    "weighted avg": {
        "precision": 0.6292249406998637,
        "recall": 0.6814580031695721,
        "f1-score": 0.6382495285952725,
        "support": 631
    }
}