{
    "R2": 0.5344994016945288,
    "RMSE": 6.496817538773857,
    "MSE": 42.20863813211959,
    "MAPE": 0.03343295985249607,
    "ACMAPE": 1.0200996265191626
}