{
    "DOWN": {
        "precision": 0.760914760914761,
        "recall": 0.4945945945945946,
        "f1-score": 0.5995085995085995,
        "support": 740
    },
    "UP": {
        "precision": 0.3888888888888889,
        "recall": 0.6742209631728046,
        "f1-score": 0.4932642487046632,
        "support": 353
    },
    "accuracy": 0.5526075022872827,
    "macro avg": {
        "precision": 0.574901824901825,
        "recall": 0.5844077788836995,
        "f1-score": 0.5463864241066313,
        "support": 1093
    },
    "weighted avg": {
        "precision": 0.6407636787325718,
        "recall": 0.5526075022872827,
        "f1-score": 0.5651954651684444,
        "support": 1093
    }
}