{
    "DOWN": {
        "precision": 0.6330645161290323,
        "recall": 0.4131578947368421,
        "f1-score": 0.5,
        "support": 380
    },
    "UP": {
        "precision": 0.32628398791540786,
        "recall": 0.542713567839196,
        "f1-score": 0.4075471698113208,
        "support": 199
    },
    "accuracy": 0.45768566493955093,
    "macro avg": {
        "precision": 0.47967425202222,
        "recall": 0.47793573128801903,
        "f1-score": 0.4537735849056604,
        "support": 579
    },
    "weighted avg": {
        "precision": 0.5276252672265948,
        "recall": 0.45768566493955093,
        "f1-score": 0.4682243295206439,
        "support": 579
    }
}