{
    "R2": 0.9489356790971242,
    "RMSE": 5.039758298258575,
    "MSE": 25.39916370486617,
    "MAPE": 0.03093772490252014,
    "ACMAPE": 0.7774815037043635
}