{
    "R2": 0.988528501470984,
    "RMSE": 3.0876560974518363,
    "MSE": 9.533620176131503,
    "MAPE": 0.02307518876221463,
    "ACMAPE": 1.164265387128609
}