{
    "DOWN": {
        "precision": 0.6844621513944223,
        "recall": 0.5085849615156898,
        "f1-score": 0.5835597826086957,
        "support": 1689
    },
    "UP": {
        "precision": 0.2199248120300752,
        "recall": 0.37142857142857144,
        "f1-score": 0.2762691853600944,
        "support": 630
    },
    "accuracy": 0.47132384648555414,
    "macro avg": {
        "precision": 0.45219348171224877,
        "recall": 0.4400067664721306,
        "f1-score": 0.429914483984395,
        "support": 2319
    },
    "weighted avg": {
        "precision": 0.5582618392773293,
        "recall": 0.47132384648555414,
        "f1-score": 0.500078507806359,
        "support": 2319
    }
}