{
    "R2": 0.9913410911475001,
    "RMSE": 33.56263004349853,
    "MSE": 1126.4501354367503,
    "MAPE": 0.1531599034289587,
    "ACMAPE": 0.9949695758158542
}