{
    "R2": 0.754402461175326,
    "RMSE": 10.201664090719035,
    "MSE": 104.07395021986625,
    "MAPE": 0.06999400414526988,
    "ACMAPE": 1.3803388317314766
}