{
    "DOWN": {
        "precision": 0.6972972972972973,
        "recall": 0.5029239766081871,
        "f1-score": 0.5843714609286522,
        "support": 513
    },
    "UP": {
        "precision": 0.375,
        "recall": 0.5773584905660377,
        "f1-score": 0.4546805349182763,
        "support": 265
    },
    "accuracy": 0.5282776349614395,
    "macro avg": {
        "precision": 0.5361486486486486,
        "recall": 0.5401412335871124,
        "f1-score": 0.5195259979234643,
        "support": 778
    },
    "weighted avg": {
        "precision": 0.5875173695546446,
        "recall": 0.5282776349614395,
        "f1-score": 0.5401965311179201,
        "support": 778
    }
}