{
    "R2": 0.7743575283284074,
    "RMSE": 54.37799680186922,
    "MSE": 2956.9665361840994,
    "MAPE": 0.03613029291766872,
    "ACMAPE": 0.9471472420702111
}