{
    "R2": 0.9671076605605479,
    "RMSE": 42.28310420573128,
    "MSE": 1787.8609012727297,
    "MAPE": 0.04495789956260904,
    "ACMAPE": 0.8939137033508557
}