{
    "R2": -37.790819855289236,
    "RMSE": 397.53539719070034,
    "MSE": 158034.39201956787,
    "MAPE": 1.1283133893915633,
    "ACMAPE": 1.968550075782096
}