{
    "DOWN": {
        "precision": 0.7222222222222222,
        "recall": 0.5855855855855856,
        "f1-score": 0.6467661691542289,
        "support": 111
    },
    "UP": {
        "precision": 0.4177215189873418,
        "recall": 0.5689655172413793,
        "f1-score": 0.48175182481751827,
        "support": 58
    },
    "accuracy": 0.5798816568047337,
    "macro avg": {
        "precision": 0.569971870604782,
        "recall": 0.5772755514134824,
        "f1-score": 0.5642589969858736,
        "support": 169
    },
    "weighted avg": {
        "precision": 0.6177190222954585,
        "recall": 0.5798816568047337,
        "f1-score": 0.5901340273108607,
        "support": 169
    }
}