{
    "DOWN": {
        "precision": 0.7667421546425105,
        "recall": 0.6950146627565983,
        "f1-score": 0.7291185971389017,
        "support": 3410
    },
    "UP": {
        "precision": 0.24198250728862974,
        "recall": 0.315289648622982,
        "f1-score": 0.27381443298969077,
        "support": 1053
    },
    "accuracy": 0.6054223616401524,
    "macro avg": {
        "precision": 0.5043623309655701,
        "recall": 0.5051521556897901,
        "f1-score": 0.5014665150642963,
        "support": 4463
    },
    "weighted avg": {
        "precision": 0.6429303893134413,
        "recall": 0.6054223616401524,
        "f1-score": 0.6216941550933899,
        "support": 4463
    }
}