{
    "R2": 0.9295919153331388,
    "RMSE": 83.05801474355806,
    "MSE": 6898.633813141108,
    "MAPE": 0.04555583736546975,
    "ACMAPE": 1.2837410925639574
}