{
    "R2": 0.9751808037922721,
    "RMSE": 49.313308102275805,
    "MSE": 2431.8023559899802,
    "MAPE": 0.022541614960447747,
    "ACMAPE": 1.0868138266806746
}