{
    "R2": 0.9958281046860492,
    "RMSE": 1.0281659639302627,
    "MSE": 1.0571252493846464,
    "MAPE": 0.02013559431675823,
    "ACMAPE": 1.0486935362568102
}