{
    "R2": 0.9512634989742594,
    "RMSE": 21.550401740399884,
    "MSE": 464.4198151726303,
    "MAPE": 0.05220270241290391,
    "ACMAPE": 1.0946956202599294
}