{
    "R2": 0.8273722845111025,
    "RMSE": 66.33345848495689,
    "MSE": 4400.127714575499,
    "MAPE": 0.1392556983386141,
    "ACMAPE": 1.2687893770950909
}