{
    "DOWN": {
        "precision": 0.6197916666666666,
        "recall": 0.268018018018018,
        "f1-score": 0.37421383647798745,
        "support": 444
    },
    "UP": {
        "precision": 0.3890977443609023,
        "recall": 0.7392857142857143,
        "f1-score": 0.5098522167487685,
        "support": 280
    },
    "accuracy": 0.45027624309392267,
    "macro avg": {
        "precision": 0.5044447055137844,
        "recall": 0.5036518661518662,
        "f1-score": 0.44203302661337796,
        "support": 724
    },
    "weighted avg": {
        "precision": 0.5305730226810119,
        "recall": 0.45027624309392267,
        "f1-score": 0.4266706686269083,
        "support": 724
    }
}