{
    "R2": 0.8887069459460357,
    "RMSE": 16.995193277042606,
    "MSE": 288.83659452403424,
    "MAPE": 0.09330410546300014,
    "ACMAPE": 0.9826170825622369
}