{
    "DOWN": {
        "precision": 0.7079207920792079,
        "recall": 0.39502762430939226,
        "f1-score": 0.5070921985815603,
        "support": 362
    },
    "UP": {
        "precision": 0.2980769230769231,
        "recall": 0.6118421052631579,
        "f1-score": 0.40086206896551724,
        "support": 152
    },
    "accuracy": 0.4591439688715953,
    "macro avg": {
        "precision": 0.5029988575780655,
        "recall": 0.5034348647862751,
        "f1-score": 0.45397713377353877,
        "support": 514
    },
    "weighted avg": {
        "precision": 0.5867218269267813,
        "recall": 0.4591439688715953,
        "f1-score": 0.4756778411853763,
        "support": 514
    }
}