{
    "R2": 0.4888433687208502,
    "RMSE": 105.41949170477467,
    "MSE": 11113.269231293056,
    "MAPE": 0.01459245741333126,
    "ACMAPE": 1.0629795541875247
}