{
    "R2": 0.9929947405038689,
    "RMSE": 111.55014463940947,
    "MSE": 12443.434769073172,
    "MAPE": 1668076599370121.0,
    "ACMAPE": 1668076599370122.5
}