{
    "DOWN": {
        "precision": 0.7337662337662337,
        "recall": 0.8129496402877698,
        "f1-score": 0.7713310580204777,
        "support": 139
    },
    "UP": {
        "precision": 0.543859649122807,
        "recall": 0.4305555555555556,
        "f1-score": 0.4806201550387597,
        "support": 72
    },
    "accuracy": 0.6824644549763034,
    "macro avg": {
        "precision": 0.6388129414445204,
        "recall": 0.6217525979216627,
        "f1-score": 0.6259756065296187,
        "support": 211
    },
    "weighted avg": {
        "precision": 0.6689639868736901,
        "recall": 0.6824644549763034,
        "f1-score": 0.6721311290409342,
        "support": 211
    }
}