{
    "R2": 0.9721417429189164,
    "RMSE": 26.899199083309696,
    "MSE": 723.5669113235292,
    "MAPE": 0.04004992417841781,
    "ACMAPE": 1.0013874372400688
}