{
    "R2": 0.9884443410591145,
    "RMSE": 42.87064171470252,
    "MSE": 1837.8919210303918,
    "MAPE": 0.0832346780528991,
    "ACMAPE": 1.074087436978836
}