{
    "R2": 0.9879335668421393,
    "RMSE": 32.310966250775884,
    "MSE": 1043.9985400587782,
    "MAPE": 0.020210262903287323,
    "ACMAPE": 1.0235033474257902
}