{
    "R2": 0.9828522005103528,
    "RMSE": 39.281016771697864,
    "MSE": 1542.9982786184087,
    "MAPE": 0.026274187629010425,
    "ACMAPE": 0.871590091768444
}