{
    "DOWN": {
        "precision": 0.7973856209150327,
        "recall": 0.3302255639097744,
        "f1-score": 0.4670353041259039,
        "support": 3325
    },
    "UP": {
        "precision": 0.16778774289985052,
        "recall": 0.6167582417582418,
        "f1-score": 0.26380728554641597,
        "support": 728
    },
    "accuracy": 0.38169257340241797,
    "macro avg": {
        "precision": 0.48258668190744164,
        "recall": 0.4734919028340081,
        "f1-score": 0.3654212948361599,
        "support": 4053
    },
    "weighted avg": {
        "precision": 0.6842972283181779,
        "recall": 0.38169257340241797,
        "f1-score": 0.4305314804086902,
        "support": 4053
    }
}