{
    "DOWN": {
        "precision": 0.7333333333333333,
        "recall": 0.7938144329896907,
        "f1-score": 0.7623762376237624,
        "support": 388
    },
    "UP": {
        "precision": 0.5,
        "recall": 0.4166666666666667,
        "f1-score": 0.45454545454545453,
        "support": 192
    },
    "accuracy": 0.6689655172413793,
    "macro avg": {
        "precision": 0.6166666666666667,
        "recall": 0.6052405498281787,
        "f1-score": 0.6084608460846085,
        "support": 580
    },
    "weighted avg": {
        "precision": 0.6560919540229885,
        "recall": 0.6689655172413793,
        "f1-score": 0.6604736335702536,
        "support": 580
    }
}