{
    "DOWN": {
        "precision": 0.775,
        "recall": 0.41471571906354515,
        "f1-score": 0.5403050108932462,
        "support": 299
    },
    "UP": {
        "precision": 0.4067796610169492,
        "recall": 0.7692307692307693,
        "f1-score": 0.532150776053215,
        "support": 156
    },
    "accuracy": 0.5362637362637362,
    "macro avg": {
        "precision": 0.5908898305084747,
        "recall": 0.5919732441471572,
        "f1-score": 0.5362278934732306,
        "support": 455
    },
    "weighted avg": {
        "precision": 0.6487530266343826,
        "recall": 0.5362637362637362,
        "f1-score": 0.5375092732338069,
        "support": 455
    }
}