{
    "R2": 0.9330461860540431,
    "RMSE": 19.118010791549146,
    "MSE": 365.49833662578965,
    "MAPE": 0.03260872174455354,
    "ACMAPE": 0.7148309439667758
}