{
    "DOWN": {
        "precision": 0.7987012987012987,
        "recall": 0.411371237458194,
        "f1-score": 0.543046357615894,
        "support": 299
    },
    "UP": {
        "precision": 0.4152823920265781,
        "recall": 0.8012820512820513,
        "f1-score": 0.5470459518599563,
        "support": 156
    },
    "accuracy": 0.545054945054945,
    "macro avg": {
        "precision": 0.6069918453639384,
        "recall": 0.6063266443701226,
        "f1-score": 0.5450461547379252,
        "support": 455
    },
    "weighted avg": {
        "precision": 0.6672433878413945,
        "recall": 0.545054945054945,
        "f1-score": 0.544417647071001,
        "support": 455
    }
}