{
    "DOWN": {
        "precision": 0.6358078602620088,
        "recall": 0.49389416553595655,
        "f1-score": 0.5559373806796487,
        "support": 1474
    },
    "UP": {
        "precision": 0.4309687261632342,
        "recall": 0.575356415478615,
        "f1-score": 0.49280418665503706,
        "support": 982
    },
    "accuracy": 0.5264657980456026,
    "macro avg": {
        "precision": 0.5333882932126215,
        "recall": 0.5346252905072858,
        "f1-score": 0.5243707836673429,
        "support": 2456
    },
    "weighted avg": {
        "precision": 0.5539055680449906,
        "recall": 0.5264657980456026,
        "f1-score": 0.5306943853489612,
        "support": 2456
    }
}