{
    "R2": 0.9946686709428312,
    "RMSE": 19.012685902613057,
    "MSE": 361.4822252314213,
    "MAPE": 0.04032361790094198,
    "ACMAPE": 0.9704577039983308
}