{
    "DOWN": {
        "precision": 0.625,
        "recall": 0.10638297872340426,
        "f1-score": 0.1818181818181818,
        "support": 94
    },
    "UP": {
        "precision": 0.3,
        "recall": 0.8571428571428571,
        "f1-score": 0.4444444444444444,
        "support": 42
    },
    "accuracy": 0.3382352941176471,
    "macro avg": {
        "precision": 0.4625,
        "recall": 0.4817629179331307,
        "f1-score": 0.3131313131313131,
        "support": 136
    },
    "weighted avg": {
        "precision": 0.5246323529411764,
        "recall": 0.3382352941176471,
        "f1-score": 0.26292335115864524,
        "support": 136
    }
}