{
    "DOWN": {
        "precision": 0.6218905472636815,
        "recall": 0.29205607476635514,
        "f1-score": 0.39745627980922094,
        "support": 428
    },
    "UP": {
        "precision": 0.35668789808917195,
        "recall": 0.6885245901639344,
        "f1-score": 0.46993006993006986,
        "support": 244
    },
    "accuracy": 0.43601190476190477,
    "macro avg": {
        "precision": 0.4892892226764267,
        "recall": 0.49029033246514475,
        "f1-score": 0.4336931748696454,
        "support": 672
    },
    "weighted avg": {
        "precision": 0.525596728218175,
        "recall": 0.43601190476190477,
        "f1-score": 0.4237711678888149,
        "support": 672
    }
}