{
    "DOWN": {
        "precision": 0.6113744075829384,
        "recall": 0.2986111111111111,
        "f1-score": 0.4012441679626749,
        "support": 432
    },
    "UP": {
        "precision": 0.3497854077253219,
        "recall": 0.6653061224489796,
        "f1-score": 0.45850914205344584,
        "support": 245
    },
    "accuracy": 0.43131462333825704,
    "macro avg": {
        "precision": 0.48057990765413017,
        "recall": 0.48195861678004537,
        "f1-score": 0.4298766550080604,
        "support": 677
    },
    "weighted avg": {
        "precision": 0.5167077828191038,
        "recall": 0.43131462333825704,
        "f1-score": 0.42196782919197906,
        "support": 677
    }
}