{
    "DOWN": {
        "precision": 0.5384615384615384,
        "recall": 0.5887850467289719,
        "f1-score": 0.5625,
        "support": 107
    },
    "UP": {
        "precision": 0.2,
        "recall": 0.16923076923076924,
        "f1-score": 0.18333333333333335,
        "support": 65
    },
    "accuracy": 0.43023255813953487,
    "macro avg": {
        "precision": 0.36923076923076925,
        "recall": 0.3790079079798706,
        "f1-score": 0.3729166666666667,
        "support": 172
    },
    "weighted avg": {
        "precision": 0.4105545617173524,
        "recall": 0.43023255813953487,
        "f1-score": 0.4192102713178295,
        "support": 172
    }
}