{
    "R2": 0.9694447901270172,
    "RMSE": 399.04471648206027,
    "MSE": 159236.68575224784,
    "MAPE": 1.026033829056465,
    "ACMAPE": 1.8382609032922728
}