{
    "R2": 0.9502859428447796,
    "RMSE": 33.15388273546173,
    "MSE": 1099.179940436747,
    "MAPE": 0.0369268774770052,
    "ACMAPE": 1.1392461134933762
}