{
    "DOWN": {
        "precision": 0.6186291739894552,
        "recall": 0.3791741472172352,
        "f1-score": 0.47016918967052534,
        "support": 2785
    },
    "UP": {
        "precision": 0.357487922705314,
        "recall": 0.5964042157470552,
        "f1-score": 0.44702602230483274,
        "support": 1613
    },
    "accuracy": 0.4588449295134152,
    "macro avg": {
        "precision": 0.4880585483473846,
        "recall": 0.4877891814821452,
        "f1-score": 0.45859760598767907,
        "support": 4398
    },
    "weighted avg": {
        "precision": 0.5228536309423156,
        "recall": 0.4588449295134152,
        "f1-score": 0.4616812567553679,
        "support": 4398
    }
}