{
    "DOWN": {
        "precision": 0.782608695652174,
        "recall": 0.6206896551724138,
        "f1-score": 0.6923076923076923,
        "support": 754
    },
    "UP": {
        "precision": 0.44573643410852715,
        "recall": 0.6388888888888888,
        "f1-score": 0.5251141552511417,
        "support": 360
    },
    "accuracy": 0.6265709156193896,
    "macro avg": {
        "precision": 0.6141725648803505,
        "recall": 0.6297892720306513,
        "f1-score": 0.608710923779417,
        "support": 1114
    },
    "weighted avg": {
        "precision": 0.6737451281874407,
        "recall": 0.6265709156193896,
        "f1-score": 0.638277464892649,
        "support": 1114
    }
}