{
    "DOWN": {
        "precision": 0.7765505522514868,
        "recall": 0.49405405405405406,
        "f1-score": 0.6038982490915097,
        "support": 1850
    },
    "UP": {
        "precision": 0.3352272727272727,
        "recall": 0.6421768707482993,
        "f1-score": 0.4405039664022398,
        "support": 735
    },
    "accuracy": 0.5361702127659574,
    "macro avg": {
        "precision": 0.5558889124893798,
        "recall": 0.5681154624011767,
        "f1-score": 0.5222011077468748,
        "support": 2585
    },
    "weighted avg": {
        "precision": 0.6510679176478902,
        "recall": 0.5361702127659574,
        "f1-score": 0.5574399133945607,
        "support": 2585
    }
}