{
    "DOWN": {
        "precision": 0.6798679867986799,
        "recall": 0.6058823529411764,
        "f1-score": 0.640746500777605,
        "support": 340
    },
    "UP": {
        "precision": 0.32663316582914576,
        "recall": 0.4012345679012346,
        "f1-score": 0.3601108033240997,
        "support": 162
    },
    "accuracy": 0.5398406374501992,
    "macro avg": {
        "precision": 0.5032505763139128,
        "recall": 0.5035584604212056,
        "f1-score": 0.5004286520508523,
        "support": 502
    },
    "weighted avg": {
        "precision": 0.5658758732587107,
        "recall": 0.5398406374501992,
        "f1-score": 0.5501827896471909,
        "support": 502
    }
}