{
    "R2": 0.9980924763875871,
    "RMSE": 19.701930142984295,
    "MSE": 388.1660513590332,
    "MAPE": 0.023973920294793526,
    "ACMAPE": 0.6071852428911819
}