{
    "R2": 0.9488039572390716,
    "RMSE": 23.571683654497008,
    "MSE": 555.6242703076814,
    "MAPE": 0.053597806386535954,
    "ACMAPE": 1.0993494403734638
}