{
    "R2": 0.8117454199757254,
    "RMSE": 15.579209410419482,
    "MSE": 242.71176585370296,
    "MAPE": 0.038889662542623785,
    "ACMAPE": 1.1356638560910108
}