{
    "DOWN": {
        "precision": 0.6899563318777293,
        "recall": 0.47305389221556887,
        "f1-score": 0.5612788632326821,
        "support": 334
    },
    "UP": {
        "precision": 0.41914191419141916,
        "recall": 0.6414141414141414,
        "f1-score": 0.5069860279441119,
        "support": 198
    },
    "accuracy": 0.5357142857142857,
    "macro avg": {
        "precision": 0.5545491230345743,
        "recall": 0.5572340168148552,
        "f1-score": 0.5341324455883969,
        "support": 532
    },
    "weighted avg": {
        "precision": 0.5891644997313207,
        "recall": 0.5357142857142857,
        "f1-score": 0.5410721313019736,
        "support": 532
    }
}