{
    "R2": 0.9867147887571506,
    "RMSE": 16.985575650742394,
    "MSE": 288.5097801870929,
    "MAPE": 0.033837691569449144,
    "ACMAPE": 1.4254523213642754
}