{
    "R2": -129.3152850552028,
    "RMSE": 3.136593690642875,
    "MSE": 9.83821998018069,
    "MAPE": 0.06250423625399863,
    "ACMAPE": 0.08523150898127134
}