{
    "DOWN": {
        "precision": 0.7428571428571429,
        "recall": 0.16774193548387098,
        "f1-score": 0.2736842105263158,
        "support": 155
    },
    "UP": {
        "precision": 0.37073170731707317,
        "recall": 0.8941176470588236,
        "f1-score": 0.5241379310344827,
        "support": 85
    },
    "accuracy": 0.425,
    "macro avg": {
        "precision": 0.556794425087108,
        "recall": 0.5309297912713473,
        "f1-score": 0.3989110707803992,
        "support": 240
    },
    "weighted avg": {
        "precision": 0.6110627177700348,
        "recall": 0.425,
        "f1-score": 0.36238656987295825,
        "support": 240
    }
}