{
    "R2": 0.9872026976613979,
    "RMSE": 6.0618523517825125,
    "MSE": 36.74605393481117,
    "MAPE": 0.010467802084178813,
    "ACMAPE": 1.5759902275414577
}