{
    "DOWN": {
        "precision": 0.6687054026503568,
        "recall": 0.870026525198939,
        "f1-score": 0.7561959654178674,
        "support": 754
    },
    "UP": {
        "precision": 0.3146853146853147,
        "recall": 0.12162162162162163,
        "f1-score": 0.17543859649122806,
        "support": 370
    },
    "accuracy": 0.6236654804270463,
    "macro avg": {
        "precision": 0.49169535866783576,
        "recall": 0.4958240734102803,
        "f1-score": 0.4658172809545477,
        "support": 1124
    },
    "weighted avg": {
        "precision": 0.5521685409536793,
        "recall": 0.6236654804270463,
        "f1-score": 0.5650213866786712,
        "support": 1124
    }
}