{
    "R2": 0.990288605059805,
    "RMSE": 72.17194988862678,
    "MSE": 5208.7903507264555,
    "MAPE": 0.06168170387547793,
    "ACMAPE": 1.1006427428365169
}