{
    "DOWN": {
        "precision": 0.7202643171806168,
        "recall": 0.6906019007391764,
        "f1-score": 0.7051212938005391,
        "support": 947
    },
    "UP": {
        "precision": 0.47771836007130125,
        "recall": 0.5134099616858238,
        "f1-score": 0.494921514312096,
        "support": 522
    },
    "accuracy": 0.627637848876787,
    "macro avg": {
        "precision": 0.598991338625959,
        "recall": 0.6020059312125001,
        "f1-score": 0.6000214040563175,
        "support": 1469
    },
    "weighted avg": {
        "precision": 0.6340771220743794,
        "recall": 0.627637848876787,
        "f1-score": 0.6304281114363681,
        "support": 1469
    }
}