{
    "DOWN": {
        "precision": 0.8308115543328748,
        "recall": 0.5340406719717065,
        "f1-score": 0.6501614639397201,
        "support": 3393
    },
    "UP": {
        "precision": 0.256,
        "recall": 0.5958378970427163,
        "f1-score": 0.358130348913759,
        "support": 913
    },
    "accuracy": 0.5471435206688342,
    "macro avg": {
        "precision": 0.5434057771664373,
        "recall": 0.5649392845072114,
        "f1-score": 0.5041459064267395,
        "support": 4306
    },
    "weighted avg": {
        "precision": 0.7089344179868659,
        "recall": 0.5471435206688342,
        "f1-score": 0.5882421866478709,
        "support": 4306
    }
}