{
    "R2": 0.8615592725351076,
    "RMSE": 6.003823238724956,
    "MSE": 36.04589348185382,
    "MAPE": 0.02883601713874632,
    "ACMAPE": 0.9797794133651614
}