{
    "DOWN": {
        "precision": 0.6843455945252352,
        "recall": 0.364797081623347,
        "f1-score": 0.4759071980963712,
        "support": 2193
    },
    "UP": {
        "precision": 0.2660695468914647,
        "recall": 0.5778032036613272,
        "f1-score": 0.36435786435786444,
        "support": 874
    },
    "accuracy": 0.4254972285621128,
    "macro avg": {
        "precision": 0.47520757070834996,
        "recall": 0.4713001426423371,
        "f1-score": 0.4201325312271178,
        "support": 3067
    },
    "weighted avg": {
        "precision": 0.5651498770058627,
        "recall": 0.4254972285621128,
        "f1-score": 0.44411909320968884,
        "support": 3067
    }
}