{
    "DOWN": {
        "precision": 0.6111111111111112,
        "recall": 0.38337801608579086,
        "f1-score": 0.4711696869851729,
        "support": 373
    },
    "UP": {
        "precision": 0.3882978723404255,
        "recall": 0.6160337552742616,
        "f1-score": 0.4763458401305057,
        "support": 237
    },
    "accuracy": 0.4737704918032787,
    "macro avg": {
        "precision": 0.49970449172576836,
        "recall": 0.4997058856800263,
        "f1-score": 0.4737577635578393,
        "support": 610
    },
    "weighted avg": {
        "precision": 0.5245426888346316,
        "recall": 0.4737704918032787,
        "f1-score": 0.47318074976458907,
        "support": 610
    }
}