{
    "R2": 0.8859014888539241,
    "RMSE": 25.9167421121862,
    "MSE": 671.6775217095656,
    "MAPE": 0.09129231225963041,
    "ACMAPE": 1.1339152630793023
}