{
    "DOWN": {
        "precision": 0.6410256410256411,
        "recall": 0.6097560975609756,
        "f1-score": 0.625,
        "support": 41
    },
    "UP": {
        "precision": 0.3333333333333333,
        "recall": 0.36363636363636365,
        "f1-score": 0.34782608695652173,
        "support": 22
    },
    "accuracy": 0.5238095238095238,
    "macro avg": {
        "precision": 0.4871794871794872,
        "recall": 0.4866962305986696,
        "f1-score": 0.48641304347826086,
        "support": 63
    },
    "weighted avg": {
        "precision": 0.5335775335775337,
        "recall": 0.5238095238095238,
        "f1-score": 0.5282091097308489,
        "support": 63
    }
}