{
    "R2": 0.9723075701867204,
    "RMSE": 4.386856077904403,
    "MSE": 19.2445062482468,
    "MAPE": 0.017475553940360957,
    "ACMAPE": 0.8976711529623659
}