{
    "DOWN": {
        "precision": 0.6451612903225806,
        "recall": 0.06389776357827476,
        "f1-score": 0.11627906976744184,
        "support": 313
    },
    "UP": {
        "precision": 0.006779661016949152,
        "recall": 0.15384615384615385,
        "f1-score": 0.012987012987012986,
        "support": 13
    },
    "accuracy": 0.06748466257668712,
    "macro avg": {
        "precision": 0.3259704756697649,
        "recall": 0.1088719587122143,
        "f1-score": 0.06463304137722742,
        "support": 326
    },
    "weighted avg": {
        "precision": 0.619704354184626,
        "recall": 0.06748466257668712,
        "f1-score": 0.11216006136822229,
        "support": 326
    }
}