{
    "DOWN": {
        "precision": 0.6724782067247821,
        "recall": 0.6451612903225806,
        "f1-score": 0.6585365853658537,
        "support": 837
    },
    "UP": {
        "precision": 0.38125,
        "recall": 0.4103139013452915,
        "f1-score": 0.3952483801295896,
        "support": 446
    },
    "accuracy": 0.5635229929851909,
    "macro avg": {
        "precision": 0.5268641033623911,
        "recall": 0.5277375958339361,
        "f1-score": 0.5268924827477217,
        "support": 1283
    },
    "weighted avg": {
        "precision": 0.5712406539584121,
        "recall": 0.5635229929851909,
        "f1-score": 0.5670116130078071,
        "support": 1283
    }
}