{
    "R2": 0.8640777281496488,
    "RMSE": 11.104992446174593,
    "MSE": 123.3208572295948,
    "MAPE": 0.0392955651227952,
    "ACMAPE": 1.0077640335912639
}