{
    "R2": 0.7678889488677016,
    "RMSE": 7.807763262130652,
    "MSE": 60.96116715747708,
    "MAPE": 0.07560447095851303,
    "ACMAPE": 0.726980617747504
}