{
    "DOWN": {
        "precision": 0.7453838678328474,
        "recall": 0.28250460405156536,
        "f1-score": 0.4097222222222222,
        "support": 2715
    },
    "UP": {
        "precision": 0.10765002290426019,
        "recall": 0.47283702213279677,
        "f1-score": 0.17537313432835822,
        "support": 497
    },
    "accuracy": 0.3119551681195517,
    "macro avg": {
        "precision": 0.4265169453685538,
        "recall": 0.3776708130921811,
        "f1-score": 0.2925476782752902,
        "support": 3212
    },
    "weighted avg": {
        "precision": 0.6467058725247814,
        "recall": 0.31195516811955165,
        "f1-score": 0.37346085961847053,
        "support": 3212
    }
}