{
    "DOWN": {
        "precision": 0.6266666666666667,
        "recall": 0.21266968325791855,
        "f1-score": 0.31756756756756754,
        "support": 221
    },
    "UP": {
        "precision": 0.116751269035533,
        "recall": 0.45098039215686275,
        "f1-score": 0.18548387096774194,
        "support": 51
    },
    "accuracy": 0.25735294117647056,
    "macro avg": {
        "precision": 0.37170896785109986,
        "recall": 0.33182503770739064,
        "f1-score": 0.25152571926765477,
        "support": 272
    },
    "weighted avg": {
        "precision": 0.5310575296108292,
        "recall": 0.25735294117647056,
        "f1-score": 0.2928018744551002,
        "support": 272
    }
}