{
    "R2": 0.9537215908953616,
    "RMSE": 10.801308015494266,
    "MSE": 116.66825484558069,
    "MAPE": 0.022710994694404612,
    "ACMAPE": 1.0124017163438892
}