,y_actual,y_predict
0,64.0,64.40639353448452
1,65.0,64.66717180580726
2,64.0,65.03346009632358
3,64.0,65.38389989565931
4,64.0,65.58814534829415
5,63.0,65.56717686617785
6,64.0,65.70888102261586
7,64.0,65.94166549973579
8,64.0,66.0713079285963
9,65.0,66.1814056427383
10,64.0,66.24710191197383
11,63.0,66.49385940749669
12,65.0,66.44965993658165
13,64.0,66.61591139507296
14,66.0,66.97673345352536
15,67.0,67.0044307538885
16,66.0,67.3818385583375
17,67.0,67.44663539659638
18,68.0,67.48631980360423
19,72.0,67.55399004524872
20,73.0,67.69369436068773
21,71.0,68.17460537871092
22,70.0,68.01007418145707
23,72.0,67.88023773817129
24,71.0,67.99068567322456
25,72.0,67.71966841497613
26,72.0,67.59165968707102
27,69.0,67.30278713202264
28,69.0,66.91527266843545
29,70.0,66.7460134888795
30,69.0,66.71477716641017
31,68.0,66.58136588297047
32,66.0,66.3352023700727
33,64.0,66.23074798834178
34,64.0,66.16733611459564
35,65.0,66.15587831910092
36,66.0,66.26243004651636
37,67.0,66.35201396875925
38,67.0,66.13610476685517
39,67.0,66.13460438863305
40,66.0,65.37913112058062
41,65.0,65.3247473847573
42,65.0,65.294825385651
43,65.0,65.26599683194662
44,65.0,65.2895989355178
45,65.0,64.38623195338822
46,63.0,64.43518129541229
47,63.0,64.71754690512067
48,59.0,64.96581373337759
49,59.0,65.16553019286445
50,57.0,65.57759394839648
51,60.0,66.02861381063225
52,60.0,66.59046665193453
