,y_actual,y_predict
0,64.0,65.68726980553173
1,65.0,65.51943936810241
2,64.0,65.41517601595946
3,64.0,65.36431339321845
4,64.0,65.22879282474499
5,63.0,65.09972646948569
6,64.0,64.87298031824777
7,64.0,64.81641466634943
8,64.0,64.72656310369423
9,65.0,64.72519206842229
10,64.0,64.73598723003376
11,63.0,64.75467728633528
12,65.0,64.7307528203344
13,64.0,64.83864871948597
14,66.0,64.85924907166714
15,67.0,65.01490435770108
16,66.0,65.11041517189969
17,67.0,65.14107542076782
18,68.0,65.18026235489035
19,72.0,65.34135899934395
20,73.0,65.94576069652776
21,71.0,66.39462749611587
22,70.0,66.84417583355686
23,72.0,67.1644429074521
24,71.0,67.84150549426595
25,72.0,68.11295157414152
26,72.0,68.53816552792414
27,69.0,69.10838785304907
28,69.0,69.63161640206211
29,70.0,69.73867853665789
30,69.0,69.40021390461759
31,68.0,68.97826188054403
32,66.0,68.58240479666999
33,64.0,68.19501271141257
34,64.0,67.496128973957
35,65.0,66.98228525092554
36,66.0,66.46882358707
37,67.0,66.04139488400193
38,67.0,65.96069980727395
39,67.0,65.83675145305884
40,66.0,65.64741327290555
41,65.0,65.46683857510008
42,65.0,65.30246258938645
43,65.0,65.27936293342944
44,65.0,65.32643381783853
45,65.0,65.32731235495402
46,63.0,65.34950362542243
47,63.0,65.21750218013973
48,59.0,65.01746236327742
49,59.0,64.81785335793377
50,57.0,64.64429402275711
51,60.0,64.54591975463059
52,60.0,64.66659274736875
