,y_actual,y_predict
0,64.0,64.80835560560722
1,65.0,64.88352475352504
2,64.0,65.11755689264137
3,64.0,65.23392077524687
4,64.0,65.41106490003517
5,63.0,65.42001045745901
6,64.0,65.69223160008993
7,64.0,65.69006361325569
8,64.0,65.89175603504304
9,65.0,66.00881339485069
10,64.0,65.90021207914774
11,63.0,65.93099072656257
12,65.0,65.95082795533764
13,64.0,66.17647170666169
14,66.0,66.67075778067962
15,67.0,66.94769795110068
16,66.0,67.18416074273469
17,67.0,67.19697365436903
18,68.0,67.2721238983172
19,72.0,67.39736468708838
20,73.0,67.66653035125765
21,71.0,68.64847019078643
22,70.0,67.98977629279018
23,72.0,67.83145355714514
24,71.0,67.82338255705369
25,72.0,67.71341020607879
26,72.0,67.7302297643315
27,69.0,67.51498817103953
28,69.0,67.21081335003866
29,70.0,67.26498914219593
30,69.0,67.24323664281238
31,68.0,67.26713325033167
32,66.0,67.23990954415534
33,64.0,66.66022130496852
34,64.0,66.60509931938338
35,65.0,65.91475321158569
36,66.0,66.04376384988183
37,67.0,66.28387212281947
38,67.0,66.42514944752187
39,67.0,66.39678354360085
40,66.0,64.76359498527755
41,65.0,64.58415950037947
42,65.0,64.67433840019321
43,65.0,64.77302806612902
44,65.0,64.61859656339294
45,65.0,64.77336137296217
46,63.0,64.73607975999043
47,63.0,64.84794847760418
48,59.0,65.2106877965566
49,59.0,65.33350290753896
50,57.0,65.40799151254966
51,60.0,65.84600146388851
52,60.0,66.41216640016076
