,y_actual,y_predict
0,1685.0,1636.1499799959784
1,1695.0,1640.1966096977844
2,1695.0,1625.4548628991965
3,1680.0,1618.6451806259165
4,1720.0,1617.5198109404644
5,1640.0,1631.6879213168568
6,1565.0,1645.5008504615273
7,1560.0,1696.530009141377
8,1475.0,1700.6923931017948
9,1515.0,1663.3548210501874
10,1485.0,1712.8010090512055
11,1575.0,1729.9472259087265
12,1665.0,1802.940602273807
13,1685.0,1801.6854233341403
14,1675.0,1783.4923931103654
15,1700.0,1804.437200980409
16,1725.0,1776.8055646433631
17,1770.0,1685.715162742216
18,1750.0,1648.627617780433
19,1755.0,1674.2762942201928
20,1690.0,1696.8742282497465
21,1660.0,1712.3230847239738
22,1615.0,1703.8639789513156
23,1640.0,1674.6939725591449
24,1615.0,1633.3926211211478
25,1580.0,1595.0904841387342
26,1490.0,1560.9821483724759
27,1505.0,1607.2403969619472
28,1525.0,1611.156184109037
29,1495.0,1570.8415502993425
30,1455.0,1519.930651807553
31,1455.0,1505.9359531548555
32,1500.0,1427.6515044568341
33,1500.0,1420.60110534213
34,1495.0,1401.4271249938747
35,1500.0,1394.6532848924276
36,1450.0,1379.2522431688085
37,1440.0,1403.795393510307
38,1420.0,1375.467748448763
39,1395.0,1357.8579460657884
40,1395.0,1474.1623141825987
41,1395.0,1595.835655473509
42,1325.0,1551.2144501078437
43,1300.0,1691.9642865224423
44,1345.0,1665.8868852693167
45,1315.0,1609.5606556659418
46,1280.0,1499.375493121689
47,1275.0,1228.212614080515
48,1220.0,1197.9005540658761
49,1190.0,1185.7421920780143
50,1170.0,1157.058444952328
51,1150.0,1133.7705227552824
52,1140.0,1109.0299628131256
53,1070.0,1089.884127602352
54,1045.0,1073.4124459736088
55,1080.0,1054.5711743284717
56,1155.0,1049.2463167594756
57,1095.0,1046.702401216222
58,1140.0,1043.088576810376
59,1105.0,1046.3547623752388
