,y_actual,y_predict
0,344.0,340.3922739451882
1,338.0,340.121014349576
2,340.0,339.8497258642896
3,340.0,339.4739723172072
4,338.0,339.3253782781177
5,336.0,339.16924403406995
6,336.0,338.9285208240546
7,342.0,338.08232782280004
8,344.0,338.0353098780896
9,344.0,337.8005957203015
10,338.0,337.54220647453167
11,336.0,337.28323943527846
12,330.0,337.2337658682636
13,326.0,337.1935658866571
14,324.0,336.87586613981784
15,318.0,336.83628728620596
16,322.0,336.9688908906428
17,324.0,336.3689679168441
18,328.0,336.4001543201098
19,330.0,336.4436043900604
20,322.0,336.44569889143764
21,326.0,336.13897722078264
22,326.0,336.04465243462005
23,330.0,335.90369971434825
24,324.0,335.9623890874231
25,332.0,335.9127710720374
26,328.0,336.1630134296915
27,332.0,336.3193499014584
28,332.0,336.4176614626564
29,334.0,336.71197501825566
30,342.0,336.920616245106
31,340.0,338.17211693011814
32,334.0,338.4767296545587
33,330.0,338.8387606064107
34,330.0,338.9984193907071
35,330.0,339.1551169834012
36,338.0,339.8638240252842
37,336.0,340.3783780119128
38,338.0,340.29669245819923
39,380.0,340.48463423350734
40,368.0,347.7963074241668
41,372.0,347.81647241673693
42,372.0,348.8990262872072
43,382.0,351.00251235314477
44,380.0,353.20634670230925
45,354.0,354.408460489329
46,334.0,357.83674034364606
47,340.0,359.2929243701473
48,330.0,358.260457972268
49,334.0,359.61450977816236
50,334.0,359.68527503504
51,342.0,359.8820137161326
52,334.0,360.34248623271634
53,332.0,360.68468442325116
54,332.0,360.22063680948895
55,332.0,360.3059624621478
56,330.0,359.30926148089003
57,330.0,358.93664968587353
58,332.0,358.47900113493984
59,330.0,358.3616801681385
60,332.0,358.1336828595947
61,332.0,357.7092068770259
62,332.0,356.92577669290404
63,334.0,356.76107666046516
64,332.0,356.473609957644
65,332.0,351.8903498197143
66,336.0,350.2865828927194
67,332.0,349.44855122441766
68,334.0,347.9492204695446
69,330.0,346.150578245441
70,330.0,345.0734122992033
71,332.0,342.77412646658365
72,332.0,339.94410842980056
73,332.0,339.40712161117955
74,330.0,338.3201909550726
75,324.0,338.0298786193458
76,324.0,337.9705247837651
77,328.0,337.4323823781773
78,332.0,337.00532076977026
79,334.0,337.03841389153115
80,330.0,337.68882157094066
81,330.0,337.5926478456312
82,334.0,337.381811003544
83,380.0,337.4598853479864
84,372.0,341.6331576749431
85,358.0,342.6269480215284
