,y_actual,y_predict
0,344.0,346.12486643543036
1,338.0,345.4769866025107
2,340.0,345.4057880005206
3,340.0,345.639693247432
4,338.0,345.04926053159784
5,336.0,344.4182089338817
6,336.0,343.59284538770316
7,342.0,343.4825012772137
8,344.0,343.44764588532854
9,344.0,343.3864142209268
10,338.0,343.6894091236139
11,336.0,344.31013266281457
12,330.0,344.16503427429944
13,326.0,343.19751908637113
14,324.0,341.0636699728817
15,318.0,338.73313995764795
16,322.0,336.4092545674731
17,324.0,334.8714427666066
18,328.0,333.62791563166525
19,330.0,333.3099414329214
20,322.0,332.95870077437155
21,326.0,333.83717798651026
22,326.0,334.0257120001388
23,330.0,334.26228954191083
24,324.0,334.618889235019
25,332.0,334.08534028762415
26,328.0,334.71311290732206
27,332.0,335.2767793400384
28,332.0,335.8649442164502
29,334.0,336.5317034514395
30,342.0,337.44250820897355
31,340.0,339.22627225088
32,334.0,339.4600763839318
33,330.0,340.555587273267
34,330.0,340.01210027795787
35,330.0,340.2395920172037
36,338.0,339.2183131456464
37,336.0,338.2489345737341
38,338.0,337.8482059033324
39,380.0,338.9598805653653
40,368.0,357.297608466718
41,372.0,365.4803558905103
42,372.0,375.97092604563926
43,382.0,386.5795032973311
44,380.0,398.2750473172226
45,354.0,379.7401257224091
46,334.0,379.3812654122972
47,340.0,381.76993589679654
48,330.0,377.807579858531
49,334.0,366.7890797976331
50,334.0,356.1782563737746
51,342.0,344.5083736069639
52,334.0,340.45291337126946
53,332.0,340.3682955156277
54,332.0,339.94402176077807
55,332.0,339.59347445440835
56,330.0,339.6542872185346
57,330.0,338.1884107063496
58,332.0,337.2930763693331
59,330.0,336.8339472225982
60,332.0,336.7890382241021
61,332.0,336.9212662627748
62,332.0,337.1608916651717
63,334.0,337.71236665538856
64,332.0,338.1273668248299
65,332.0,338.27926873161186
66,336.0,338.291922408898
67,332.0,338.9850001370555
68,334.0,338.96080503493874
69,330.0,338.866624697147
70,330.0,338.7879003350358
71,332.0,338.6806907541936
72,332.0,337.6795479855323
73,332.0,337.28566616790874
74,330.0,337.2079818340676
75,324.0,337.26927127781767
76,324.0,337.32421943808754
77,328.0,336.3801482207476
78,332.0,335.71331676157286
79,334.0,335.392785826665
80,330.0,336.62880164632236
81,330.0,336.9484081116568
82,334.0,337.85339159984585
83,380.0,338.945320169584
84,372.0,350.35685702513615
85,358.0,354.0455628472519
