,y_actual,y_predict
0,98.0,113.61371790952327
1,97.0,113.81604739870644
2,97.0,113.45736822307737
3,97.0,112.09396417532126
4,103.0,111.12234012357204
5,103.0,112.22324674317744
6,103.0,108.19232332852803
7,105.0,107.36927616404375
8,103.0,108.13102014542906
9,101.0,106.77050493167557
10,102.0,106.46447209878981
11,99.99999999999999,101.64548153138344
12,99.0,99.30228933578375
13,99.99999999999999,96.64986630042586
14,99.99999999999999,96.7623955633973
15,99.99999999999999,96.5080332463844
16,99.0,96.53447718840835
17,97.0,96.36312778694887
18,96.0,96.293737800973
19,98.0,96.36860594373644
20,99.99999999999999,96.64431085042082
21,99.0,97.04666069391553
22,98.0,96.46225633834297
23,98.0,96.66209795208911
24,101.0,96.71958478257594
25,103.0,97.82600820557764
26,101.0,97.2451496763561
27,101.0,96.61521961569883
28,99.99999999999999,96.64852333077246
29,99.99999999999999,96.85499283791592
30,99.0,97.10520064449027
31,96.0,96.85721501791792
32,96.0,96.84076122425085
33,96.0,97.46131948229095
34,96.0,97.15540258923137
35,95.0,97.23188422790932
36,95.0,97.05111471557174
37,94.0,97.58690163736117
38,94.0,97.41662467929396
39,95.0,97.58431231457621
40,97.0,97.82757339323123
41,96.0,98.29040517938938
