,y_actual,y_predict
0,98.0,103.66397458208046
1,97.0,103.90508111229875
2,97.0,104.12927975119737
3,97.0,103.90283960899237
4,103.0,103.22990553447008
5,103.0,103.62136669595492
6,103.0,103.63159838561636
7,105.0,103.84171999728486
8,103.0,104.64843896958044
9,101.0,105.2122833293083
10,102.0,105.39587404408321
11,99.99999999999999,105.86446417494224
12,99.0,106.31282280613077
13,99.99999999999999,105.98982411201226
14,99.99999999999999,105.9573126524176
15,99.99999999999999,105.79605001583683
16,99.0,102.97651904432763
17,97.0,102.40024979989286
18,96.0,101.8979694878729
19,98.0,101.28397149166484
20,99.99999999999999,101.450702623381
21,99.0,98.1624655811866
22,98.0,95.7259514871546
23,98.0,94.23592182589256
24,101.0,94.13781740962983
25,103.0,94.50507613239711
26,101.0,94.84663486035852
27,101.0,94.84057700444
28,99.99999999999999,94.7925392697878
29,99.99999999999999,94.81079979241302
30,99.0,94.29310914516172
31,96.0,94.2415835540716
32,96.0,94.24770904155541
33,96.0,93.99439984463042
34,96.0,94.12806880257753
35,95.0,94.27792102793059
36,95.0,94.06621490530414
37,94.0,93.94469064415063
38,94.0,93.98836131201625
39,95.0,93.92129012256423
40,97.0,94.01450574282254
41,96.0,94.22056946057431
