,y_actual,y_predict
0,98.0,105.589454907215
1,97.0,104.02360059962344
2,97.0,104.03003525997708
3,97.0,103.84925608598734
4,103.0,103.55544524311263
5,103.0,104.77079413282165
6,103.0,102.56183127099567
7,105.0,102.2149006644207
8,103.0,104.01362011291874
9,101.0,103.41897440603256
10,102.0,103.16504686336788
11,99.99999999999999,103.21917143889515
12,99.0,103.03254696533487
13,99.99999999999999,102.41313844390453
14,99.99999999999999,102.50670188364141
15,99.99999999999999,102.93924439020692
16,99.0,103.4378919210062
17,97.0,103.67527871513417
18,96.0,104.92081060626181
19,98.0,105.22382900366658
20,99.99999999999999,105.35686995422182
21,99.0,105.69510507383238
22,98.0,105.9564237804168
23,98.0,105.80049437584084
24,101.0,105.91403811229146
25,103.0,105.72666002986095
26,101.0,104.5692230833348
27,101.0,103.67884386478957
28,99.99999999999999,103.52996746630696
29,99.99999999999999,103.55530997998207
30,99.0,103.7162731053452
31,96.0,104.04417025712031
32,96.0,103.84335281650372
33,96.0,103.87222183322551
34,96.0,103.29487048374628
35,95.0,104.16761718705817
36,95.0,104.65695088515336
37,94.0,104.62864224425816
38,94.0,104.22421514554419
39,95.0,104.37594173142068
40,97.0,104.94473285706607
41,96.0,105.16284465508963
