,y_actual,y_predict
0,124.0,92.54483350504454
1,121.0,92.67691850194703
2,118.0,92.64622467428858
3,115.0,92.93545497337787
4,111.0,93.23536510967156
5,104.0,93.63922933146853
6,97.0,94.36373333920734
7,91.0,95.44332664212924
8,91.0,96.79391622655376
9,86.0,98.56258534873346
10,84.0,100.145433867
11,91.0,101.77084881545291
12,87.0,103.87468499354034
13,93.0,105.71884698558067
14,91.0,108.25854407986152
15,91.0,110.0273110699652
16,106.0,112.20680527003499
17,107.0,115.19519009529598
18,108.0,117.74506545367083
19,105.0,119.15093818165397
20,104.0,119.5049815133995
21,110.0,119.73536872319538
22,110.0,120.19868770881064
23,115.0,120.8538889928806
24,112.0,122.4387132198625
25,107.0,123.30872848032492
26,106.0,123.68600321052537
27,99.0,121.46820595170763
28,96.0,121.39567970329266
29,101.0,118.9829662403768
30,112.0,119.21426484521474
31,106.0,118.29209209801586
32,118.0,114.94056834082437
33,116.0,114.82684581315877
34,116.0,114.78757019191626
35,114.0,116.44944094205198
36,113.0,118.39298781089474
37,114.0,118.55053681826796
38,110.0,119.09505559706098
39,106.0,115.36119856134829
40,109.0,116.42771426292826
41,106.0,118.16222136289343
42,99.0,119.42958039471759
43,97.0,120.19641839632334
44,98.0,120.73641078363224
45,94.0,120.87089966141751
46,89.0,119.04973663151264
47,90.0,118.96248126053858
48,87.0,116.54674000872457
49,85.0,117.74836849610517
50,82.0,116.8514946072553
51,84.0,116.69163347017803
52,78.99999999999999,116.74727750170632
53,78.99999999999999,116.11272023285105
54,80.0,116.8380438844532
55,81.0,117.58458040857819
56,80.0,117.14999789214177
