,y_actual,y_predict
0,124.0,109.56053612328436
1,121.0,109.53620371068466
2,118.0,108.56757428332116
3,115.0,108.13915744609554
4,111.0,107.72515166067606
5,104.0,106.98578396198266
6,97.0,105.02489612035959
7,91.0,103.14257787145726
8,91.0,101.01431752959138
9,86.0,99.54993201655827
10,84.0,97.64032696710107
11,91.0,96.32816889307473
12,87.0,97.3228067212361
13,93.0,96.731770094826
14,91.0,98.49686092103515
15,91.0,98.26847388693562
16,106.0,101.22173024423279
17,107.0,103.84957575429404
18,108.0,108.44309240076294
19,105.0,107.42817144535655
20,104.0,109.24225740100854
21,110.0,107.34568713567654
22,110.0,103.82064354926723
23,115.0,102.71050322057286
24,112.0,106.84410790853006
25,107.0,107.67098788149798
26,106.0,110.22553643324291
27,99.0,108.7631327456704
28,96.0,107.15942000936022
29,101.0,101.46997835015516
30,112.0,100.59884984205746
31,106.0,101.51853307394009
32,118.0,102.18467109851491
33,116.0,106.65722299094362
34,116.0,108.67568163884837
35,114.0,112.984959250351
36,113.0,112.46955006219699
37,114.0,113.45548376186933
38,110.0,111.18624467550922
39,106.0,112.34326373979036
40,109.0,108.96942609593128
41,106.0,109.73545057041892
42,99.0,108.0260955269168
43,97.0,105.14785493335087
44,98.0,104.03427087708141
45,94.0,103.37060401758711
46,89.0,100.04786566353646
47,90.0,99.86687117162461
48,87.0,98.39271721642916
49,85.0,97.59367455108851
50,82.0,96.78450867236111
51,84.0,96.30543906773022
52,78.99999999999999,95.64837829310461
53,78.99999999999999,95.47784343556819
54,80.0,95.1579009585847
55,81.0,95.14526376290068
56,80.0,96.76934526088935
