,y_actual,y_predict
0,640.0,677.3968151683858
1,630.0,677.783126958129
2,630.0,678.9252403449583
3,635.0,682.1538959044104
4,650.0,688.6547201851167
5,640.0,689.9260726985701
6,630.0,692.6405152830614
7,625.0,692.9946413138068
8,620.0,693.9710754620037
9,620.0,695.233596058871
10,620.0,696.7219882246025
11,625.0,698.4983835528166
12,620.0,700.1201564503117
13,605.0,701.8413203546318
14,595.0,703.7365068400616
15,630.0,706.1566849969498
16,630.0,707.8792018757258
17,660.0,708.8505247870897
18,680.0,708.9643550379676
19,675.0,708.5441813042067
20,670.0,707.8770070504976
21,670.0,707.3477910921272
22,665.0,706.6308649610698
23,670.0,705.9480262697728
24,665.0,705.1275825598002
25,660.0,704.5080931391317
26,660.0,704.2411813451095
27,650.0,703.790197376381
28,655.0,703.2915060250375
29,675.0,702.4150266230223
30,670.0,701.6684402852848
31,650.0,700.7432087037137
32,650.0,699.7819955181441
33,660.0,699.3308010867225
34,665.0,699.0662720310473
35,630.0,698.4665134878586
36,645.0,697.5520455697356
37,650.0,697.1185224880112
38,635.0,696.9175230995586
39,640.0,697.0013098009939
40,640.0,697.6829082657066
41,640.0,698.2586590288303
42,640.0,698.8846352103616
43,625.0,699.4989833280982
44,625.0,700.0172026107531
45,615.0,700.6592340891594
46,615.0,701.4644568365047
47,625.0,702.281360263318
48,615.0,703.0818551165929
49,615.0,703.4166711952448
50,605.0,704.3564998678886
51,610.0,705.6233650160638
52,615.0,706.9646287262561
53,610.0,707.8452347003614
54,620.0,708.5955642674267
55,615.0,709.6763728783606
56,610.0,710.9794676758511
57,605.0,711.5750921304249
58,605.0,711.9721826166656
59,575.0,712.8877479474027
60,575.0,713.5405280562077
61,570.0,714.3478028148107
62,570.0,715.305753828637
63,595.0,716.5006106696667
