,y_actual,y_predict
0,129.0,128.83881054466838
1,130.0,128.79670999074528
2,131.0,128.8564898259408
3,132.0,128.87479831145757
4,131.0,129.12600923768994
5,132.0,129.81831904646555
6,132.0,129.17718391267988
7,133.0,129.24524027334613
8,135.0,129.47476990771284
9,135.0,129.8521593708552
10,134.0,129.90724461812374
11,131.0,130.36222084924256
12,130.0,130.21700729961273
13,130.0,129.8864623187972
14,130.0,129.90280940719822
15,131.0,129.99790434910582
16,131.0,130.06764190729984
17,130.0,130.04815920897016
18,129.0,130.207497714889
19,128.0,129.8320615008938
20,130.0,129.5303476544187
21,130.0,129.55627041662237
22,129.0,129.3754013562576
23,129.0,129.1567189314651
24,129.0,129.04937578204343
25,129.0,128.87543294768105
26,129.0,128.8197044635555
27,129.0,128.89941694601515
28,129.0,128.93944610524596
29,129.0,128.9108793272211
30,130.0,128.96440423849654
31,130.0,128.9742587538924
32,130.0,129.02037625635123
33,128.0,129.00077495981145
34,130.0,129.07951059136508
35,130.0,129.10002264973198
36,130.0,128.98903916899138
37,130.0,129.05686648120607
38,129.0,129.10440354086663
39,128.0,129.058391962
40,128.0,129.08190156749373
41,129.0,129.0781879044571
42,129.0,129.03220982279487
43,128.0,128.9303077057599
44,129.0,128.9104945620357
45,128.0,128.88806139373128
46,128.0,128.8083054554389
47,129.0,129.0530351252892
48,129.0,128.8758883285946
49,127.0,128.9219714285192
50,128.0,129.12454531932568
51,127.0,128.84767372388063
52,128.0,128.85247287740506
53,128.0,128.89033105566028
54,128.0,128.90434375104815
55,127.0,128.93368096477369
56,128.0,128.9497134510525
57,128.0,128.95463572943626
58,127.0,129.02507944491177
59,127.0,129.0083380853619
60,127.0,128.94020115033922
61,128.0,128.98465827785677
62,128.0,128.95484033398193
63,128.0,128.93384664013587
64,128.0,128.96465501486446
