,y_actual,y_predict
0,129.0,128.0723555793336
1,130.0,127.98053431015649
2,131.0,127.93560097913888
3,132.0,127.97784548050782
4,131.0,128.27181060881358
5,132.0,129.38294863853574
6,132.0,128.59974371301755
7,133.0,128.61108568535371
8,135.0,128.91582967083016
9,135.0,129.37666881804486
10,134.0,129.6321144246414
11,131.0,129.5751714405247
12,130.0,129.42662537172427
13,130.0,129.13209305426872
14,130.0,129.3281105463157
15,131.0,129.4312792198081
16,131.0,129.56358865044896
17,130.0,129.72156237162187
18,129.0,129.9742747874072
19,128.0,129.72569158105875
20,130.0,129.5206162638822
21,130.0,129.73280430500984
22,129.0,129.55305604299693
23,129.0,129.54384159580366
24,129.0,129.63735175781227
25,129.0,129.7590774298647
26,129.0,129.73156671910758
27,129.0,129.8262922864372
28,129.0,129.83996729379174
29,129.0,129.55406729643718
30,130.0,129.14645973362718
31,130.0,128.97236389852046
32,130.0,129.05620287442747
33,128.0,128.85014708502547
34,130.0,128.79869356844233
35,130.0,128.60929765890384
36,130.0,128.66551864246674
37,130.0,128.83931300273406
38,129.0,128.80250319644284
39,128.0,128.65120809355886
40,128.0,128.64504098663406
41,129.0,128.5336772673573
42,129.0,128.435214498415
43,128.0,128.39692447782227
44,129.0,128.5061217427727
45,128.0,128.65283768728534
46,128.0,128.53394705565202
47,129.0,128.82488204495638
48,129.0,128.6358002848752
49,127.0,128.5243686658598
50,128.0,128.8513140551996
51,127.0,128.47533056931124
52,128.0,128.44783751248613
53,128.0,128.3496789343728
54,128.0,128.3696541321398
55,127.0,128.3580287915612
56,128.0,128.45722306702072
57,128.0,128.42899669301872
58,127.0,128.4415337007543
59,127.0,128.54709606636484
60,127.0,128.47093247690947
61,128.0,128.43755568140202
62,128.0,128.54535602239693
63,128.0,128.64607125200112
64,128.0,128.70967972712396
