,y_actual,y_predict
0,400.0,408.0465608997427
1,408.0,406.73024091472735
2,400.0,405.60382262064473
3,396.0,404.01730815007176
4,400.0,402.4078271482264
5,406.0,401.50303588092237
6,396.0,401.79745780535166
7,392.0,401.2983635581125
8,388.0,401.865681912955
9,380.0,401.0526667059121
10,370.0,402.08974069010367
11,372.0,400.65041466553816
12,365.99999999999994,399.571077760564
13,382.0,396.6834867772025
14,396.0,396.37143466259056
15,398.0,395.05081408201346
16,408.0,394.6808727988708
17,408.0,396.0792643588743
18,408.0,398.53981295781193
19,418.0,400.81293664860107
20,420.0,403.1061222799429
21,418.0,404.7866869476971
22,418.0,405.88975593498606
23,418.0,406.65168186805147
24,420.0,406.8437901472829
25,408.0,406.9352509806442
26,416.0,406.66068835090334
27,412.0,405.8309661181702
28,416.0,405.28213356938124
29,424.0,404.86765522853585
30,408.0,404.10165386197997
31,410.0,404.6644689753965
32,420.0,404.3490394297151
33,416.0,404.7971119515982
34,412.0,405.0744891072302
35,416.0,404.0180962173213
36,416.0,403.95106546869584
37,420.0,404.57208497754294
38,430.0,404.4890226894411
39,430.0,405.8461195255685
40,430.0,407.0780262500543
41,434.0,408.05565744742313
42,426.0,409.1676203365284
43,424.0,409.8099626935274
44,424.0,409.11065433249
45,418.0,409.10489018346476
46,416.0,408.54101680831315
47,414.0,407.5541089336068
48,420.0,406.8590561357169
49,414.0,406.2639752974834
50,416.0,405.5352157375202
51,416.0,404.97535024723766
52,432.0,404.4924001205106
53,418.0,405.37136529823664
54,416.0,405.7225055484259
55,422.0,405.9886921491144
56,420.0,406.46425695990297
57,418.0,407.2633796671468
58,418.0,406.2943046284872
59,416.0,406.0066375661969
60,416.0,405.45611630187324
61,416.0,405.5806084110939
62,410.0,404.7238442135978
63,408.0,403.8524895138816
64,406.0,403.35373300974936
65,408.0,402.87677219411876
66,410.0,402.2857442731686
67,408.0,402.0584881946075
68,414.0,401.57281360681765
69,408.0,401.56934611091964
70,410.0,401.77944483964785
71,406.0,401.8294983680974
72,406.0,401.37442330579694
73,404.0,401.59057889424304
74,400.0,401.4803845765498
75,400.0,401.4340687384838
76,398.0,400.6426240578713
77,400.0,400.08120494929676
78,380.0,399.2453808244314
79,380.0,398.47167891503716
80,380.0,398.1765139557726
81,388.0,397.002744078096
82,386.0,396.1398104398463
83,388.0,395.5651518014795
84,382.0,395.0567583606957
