,y_actual,y_predict
0,177.0,181.9805926790861
1,180.0,181.72439086931595
2,179.0,181.45900912318774
3,191.0,181.30077459496815
4,190.0,182.54220841008777
5,188.0,183.1699762866777
6,185.0,183.47338852009847
7,185.0,183.6809426753965
8,185.0,183.61125832556712
9,178.0,184.0294735212723
10,182.0,184.03487143769092
11,184.0,184.5360459997019
12,188.0,185.23406110199846
13,187.0,184.94246451866445
14,187.0,184.96791409765507
15,180.0,184.82481081141734
16,185.0,184.83467853150188
17,185.0,185.38375920645
18,181.0,185.60153050758782
19,180.0,184.08103200296372
20,184.0,183.4358892864429
21,182.0,183.36822085443242
22,181.0,183.10347313422216
23,188.0,183.21861287336571
24,183.0,183.2164910210418
25,183.0,183.69370224935614
26,186.0,183.62212530844502
27,184.0,183.20252347750287
28,184.0,182.74461920800155
29,183.0,182.70646381285982
30,184.0,182.49260892618273
31,185.0,182.736345248828
32,186.0,182.15588740594563
33,185.0,182.18767250077966
34,186.0,182.5533995209287
35,186.0,182.75344655638034
36,186.0,182.55839267267152
37,189.0,182.85028334284027
38,185.0,183.09770049425603
39,186.0,182.85326057676417
40,186.0,183.34627660077868
41,185.0,183.48089563994486
42,187.0,183.20061349418896
43,182.0,183.4686246295978
44,183.0,183.46622766378334
45,184.0,183.6118196203324
46,186.0,183.59271346274525
47,184.0,183.77848780003907
48,180.0,183.67190503911976
49,181.0,183.49105112241608
50,180.0,183.18669180289842
51,184.0,183.04779585573215
52,182.0,183.14915304144245
53,182.0,182.83247527821732
54,182.0,182.82317201512208
55,183.0,182.54895817727905
56,183.0,182.36753980358608
57,183.0,182.44094450998634
58,180.0,182.11755492625824
59,181.0,182.1071322358565
60,170.0,181.98942002746486
61,173.0,181.25847194301153
62,165.0,180.7443148702468
63,175.0,180.14794471604728
64,165.0,180.39086518489287
65,177.0,180.3423171404777
66,174.0,180.93027103542232
67,172.0,181.14247840337998
68,170.0,181.76932449166526
