,y_actual,y_predict
0,177.0,182.53010341650227
1,180.0,181.61677089891492
2,179.0,180.9250660146695
3,191.0,181.3901042615817
4,190.0,186.3180825671462
5,188.0,186.37419623255232
6,185.0,185.6305265208277
7,185.0,185.77714778129842
8,185.0,185.72605572765139
9,178.0,185.90746303356025
10,182.0,184.92716725992105
11,184.0,184.45668524434183
12,188.0,185.908822789893
13,187.0,186.40100082453964
14,187.0,186.5212633666112
15,180.0,186.60642205972965
16,185.0,186.12074081435193
17,185.0,187.1313417619793
18,181.0,187.85480644326645
19,180.0,187.928139999626
20,184.0,188.80539154103508
21,182.0,190.21987648506524
22,181.0,190.57497052691457
23,188.0,189.1133731881787
24,183.0,189.37331274675188
25,183.0,188.08680617142568
26,186.0,188.0259934411115
27,184.0,188.50090573255625
28,184.0,187.79499297574563
29,183.0,184.96700812047058
30,184.0,183.76660099991162
31,185.0,182.9881705405411
32,186.0,182.61952162538864
33,185.0,182.78937732691722
34,186.0,182.49024358260854
35,186.0,183.5214922720375
36,186.0,183.40133092113487
37,189.0,182.31071779999732
38,185.0,181.69298049802944
39,186.0,182.0729897030084
40,186.0,182.17545524824112
41,185.0,182.75583561663473
42,187.0,181.49573835529213
43,182.0,181.4044386231081
44,183.0,182.22079047304217
45,184.0,181.95204570165845
46,186.0,181.59004536252834
47,184.0,182.08036084722153
48,180.0,182.10648714215446
49,181.0,181.01720847955744
50,180.0,181.78839428367604
51,184.0,181.68672878112284
52,182.0,181.73484201973395
53,182.0,182.09957768264968
54,182.0,182.11234832439342
55,183.0,182.4673522428579
56,183.0,182.0608198838303
57,183.0,182.35904448873043
58,180.0,182.28287125519225
59,181.0,182.31571411396416
60,170.0,181.9121210421721
61,173.0,182.09252434195156
62,165.0,181.15377228650186
63,175.0,180.4559279443029
64,165.0,181.1866926197625
65,177.0,181.3572029016652
66,174.0,182.68708412289413
67,172.0,182.9311398301664
68,170.0,183.08192415857212
