,y_actual,y_predict
0,177.0,181.92473357271436
1,180.0,181.09809342689982
2,179.0,180.59946129300866
3,191.0,180.2475753274374
4,190.0,181.9126538769211
5,188.0,181.97946060288348
6,185.0,182.72709416242924
7,185.0,183.68335861455515
8,185.0,183.7016362694465
9,178.0,184.37581294589558
10,182.0,184.51998980719137
11,184.0,184.67588112740498
12,188.0,185.32015423231766
13,187.0,186.12754117712768
14,187.0,185.33666894731252
15,180.0,184.9678524342865
16,185.0,184.54669637023375
17,185.0,184.37975465814853
18,181.0,184.37194712701933
19,180.0,183.95244964947014
20,184.0,184.266218166588
21,182.0,184.49471731274642
22,181.0,183.92813530890615
23,188.0,183.42343644821412
24,183.0,183.58911168957547
25,183.0,183.50889239039137
26,186.0,183.70215329307536
27,184.0,183.5565818909825
28,184.0,183.51224909119884
29,183.0,183.79890153726248
30,184.0,183.75047840069647
31,185.0,183.53006348026986
32,186.0,183.6694590588328
33,185.0,183.83596280288995
34,186.0,183.40108110543653
35,186.0,183.7376413522481
36,186.0,183.8417702273204
37,189.0,184.118499614379
38,185.0,184.4126465313929
39,186.0,184.52392203277222
40,186.0,184.6911119794438
41,185.0,184.8033456347041
42,187.0,184.83782494441135
43,182.0,184.88455154778546
44,183.0,184.81725783932254
45,184.0,184.47432887331524
46,186.0,184.4954635976174
47,184.0,184.25483416008126
48,180.0,183.88221981599565
49,181.0,183.67109392865615
50,180.0,183.39502386530773
51,184.0,183.06490664995658
52,182.0,183.14180087057352
53,182.0,182.77944161901607
54,182.0,182.820283323471
55,183.0,183.0079439273985
56,183.0,182.75642537141627
57,183.0,182.51078380879315
58,180.0,182.45126284699506
59,181.0,182.51642837868607
60,170.0,182.48834150485473
61,173.0,182.68343807858793
62,165.0,181.87890978430073
63,175.0,181.21645231010555
64,165.0,181.0941343224147
65,177.0,180.33721331089384
66,174.0,180.38108916930523
67,172.0,179.55258647353722
68,170.0,178.95629853716244
