,y_actual,y_predict
0,342.0,187.07696364022183
1,334.0,191.6823479184069
2,336.0,197.03636981235252
3,334.0,202.86513026354532
4,346.0,207.12695206799344
5,346.0,211.59521700969378
6,346.0,215.52612697887946
7,340.0,220.23445688894537
8,328.0,225.80846404656393
9,322.0,230.38808007792352
10,322.0,234.68649533997223
11,314.0,237.25224010089983
12,312.0,240.79586223517845
13,302.0,244.2650663518541
14,316.0,247.2757485015419
15,314.0,251.02853068871843
16,298.0,253.82725096624893
17,278.0,256.62236284018786
18,309.99999999999994,260.17540927561186
19,320.0,264.38467574304207
20,348.0,266.4583191576754
21,329.99999999999994,267.5320951629519
22,376.0,266.7616797702201
23,434.0,268.0284841417491
24,422.0,267.1790234844557
25,394.0,264.0534242933238
26,368.0,261.3264051177507
27,388.0,260.11593429405923
28,362.0,261.351239424823
29,349.99999999999994,259.42078595506973
30,386.0,259.2757705824903
31,368.0,259.55395727350697
32,363.99999999999994,258.4859971657843
33,349.99999999999994,257.2943324925766
34,328.0,256.2858898182135
35,328.0,255.62678306333396
36,320.0,256.20862752954406
37,346.0,257.49169094313913
38,408.0,259.5295474845043
39,380.0,260.9107594757937
40,354.0,261.60832756778007
41,329.99999999999994,271.4389349575905
42,343.99999999999994,281.36994087086424
43,343.99999999999994,284.6635218621414
44,332.0,284.3695430989352
45,324.00000000000006,284.44756952012983
46,326.0,284.9111432521461
47,326.0,284.7932970360218
48,332.0,283.8513338913599
49,309.99999999999994,283.5472091462899
50,304.00000000000006,281.5815206767588
51,304.00000000000006,279.0851421684058
52,309.99999999999994,278.05823295801457
53,316.0,273.3811051260651
54,316.0,268.41768230796936
55,294.0,266.25251279752763
56,274.0,256.2835125170236
57,264.0,244.2745755566134
58,254.0,250.14375012803316
59,238.0,256.10037542179305
60,222.0,265.60788210882185
61,222.0,258.70288344754897
