,y_actual,y_predict
0,342.0,377.44313462642424
1,334.0,367.19085343806825
2,336.0,354.9725866175324
3,334.0,343.79290325430213
4,346.0,332.26379906797433
5,346.0,325.74719198858935
6,346.0,322.62689927332775
7,340.0,322.38687675676914
8,328.0,323.96391893357054
9,322.0,324.8706046266477
10,322.0,325.8129922893792
11,314.0,323.0607142886642
12,312.0,319.44199490787116
13,302.0,315.18972475998936
14,316.0,311.2212024898361
15,314.0,308.92180036578304
16,298.0,306.4975050256502
17,278.0,305.14766491970516
18,309.99999999999994,303.0266028366961
19,320.0,303.9169021322862
20,348.0,302.28649803413464
21,329.99999999999994,301.42239150343954
22,376.0,306.9240607819963
23,434.0,320.77302886333246
24,422.0,338.33385558993444
25,394.0,357.24881005498463
26,368.0,369.11277409462235
27,388.0,381.0493731759707
28,362.0,390.0602361733605
29,349.99999999999994,376.40544265706484
30,386.0,355.670961293851
31,368.0,350.8039889811711
32,363.99999999999994,350.12688266014004
33,349.99999999999994,347.0611829686305
34,328.0,346.02658998117926
35,328.0,347.47126742387564
36,320.0,338.88148389973384
37,346.0,329.32995468888623
38,408.0,324.16883380577224
39,380.0,318.85386757423083
40,354.0,352.40858238069023
41,329.99999999999994,365.610372664903
42,343.99999999999994,382.6010291722092
43,343.99999999999994,378.80210187086595
44,332.0,359.01875324261766
45,324.00000000000006,317.3838464027786
46,326.0,308.8958198599228
47,326.0,305.93455161353785
48,332.0,307.39918140550594
49,309.99999999999994,300.5421532860992
50,304.00000000000006,307.1150090097077
51,304.00000000000006,299.4983482565374
52,309.99999999999994,296.3370046439443
53,316.0,293.4508760958806
54,316.0,293.49553539680375
55,294.0,284.29924290660745
56,274.0,298.5804128346155
57,264.0,296.28016167442325
58,254.0,284.0745879441688
59,238.0,264.7692042104966
60,222.0,262.98342649886695
61,222.0,250.75505614827443
