,y_actual,y_predict
0,342.0,275.23777735531985
1,334.0,276.41984792015427
2,336.0,278.8882506877198
3,334.0,281.64294844143166
4,346.0,283.8029812832311
5,346.0,285.56795760944965
6,346.0,286.6665679217984
7,340.0,288.2751942429789
8,328.0,289.6150157224811
9,322.0,291.0370239002602
10,322.0,293.161651935054
11,314.0,294.50983642052756
12,312.0,296.06760547696854
13,302.0,297.75137149647037
14,316.0,298.88852804953984
15,314.0,300.68861202011533
16,298.0,300.6164439482813
17,278.0,301.1301957161257
18,309.99999999999994,301.7564023206102
19,320.0,303.11698273371644
20,348.0,302.8082307416877
21,329.99999999999994,302.416273208015
22,376.0,301.0975502765725
23,434.0,302.1375770953148
24,422.0,301.3878781843801
25,394.0,298.61513841270977
26,368.0,296.1829470364821
27,388.0,295.4674218301512
28,362.0,296.44389829387256
29,349.99999999999994,294.60085309465234
30,386.0,294.02622543562563
31,368.0,294.5614153659854
32,363.99999999999994,294.06944137511215
33,349.99999999999994,292.7931277988239
34,328.0,290.9700349488754
35,328.0,290.27263666411693
36,320.0,290.42949609083854
37,346.0,292.2314479409203
38,408.0,295.0616674592161
39,380.0,297.84238817059514
40,354.0,301.95809085548285
41,329.99999999999994,310.2218869539696
42,343.99999999999994,308.848613450582
43,343.99999999999994,306.29191092453715
44,332.0,303.55750513455274
45,324.00000000000006,301.202024173504
46,326.0,298.7497955443907
47,326.0,294.9483635864367
48,332.0,289.57655438537427
49,309.99999999999994,284.18814652778997
50,304.00000000000006,274.2294195845706
51,304.00000000000006,265.68408310231723
52,309.99999999999994,261.82266674112714
53,316.0,266.29364859847294
54,316.0,261.81494051226014
55,294.0,283.8731965719449
56,274.0,282.48166879156395
57,264.0,280.55847458080103
58,254.0,280.224845829893
59,238.0,281.4782778822292
60,222.0,271.40968566259426
61,222.0,256.31479949875404
