,y_actual,y_predict
0,276.0,292.96823357021265
1,286.0,287.2482568207311
2,280.0,331.28916146553865
3,274.0,329.3403792767874
4,258.0,293.31864616342995
5,268.0,306.0031363621027
6,262.0,306.36743745681474
7,262.0,319.253168414553
8,266.0,385.3748729936698
9,262.0,351.3741435724056
10,280.0,340.5985449877618
11,284.0,348.84520550964714
12,280.0,326.31070373009914
13,268.0,337.0539713861234
14,264.0,302.0899862874936
15,254.0,364.969917691218
16,258.0,354.7774483118248
17,264.0,345.16324975329746
18,270.0,337.993518147691
19,264.0,281.24741363103965
20,270.0,278.56986082887215
21,268.0,315.76032688984435
22,270.0,323.3459232431005
23,262.0,319.65748964090443
24,264.0,317.23574697121285
25,268.0,315.6981266140268
26,264.0,308.9942816816963
27,256.0,297.8748779065985
28,254.0,292.7447997112772
29,262.0,318.12664511047376
30,260.0,327.63489202233666
31,262.0,339.37540461288285
32,266.0,342.61813003161467
33,264.0,343.87862814349
34,262.0,304.50930624283853
35,262.0,351.58004838048055
36,258.0,286.83008595996
37,260.0,266.0586400509
38,258.0,260.8503224334454
39,278.0,343.2726774873223
40,286.0,297.3771331874498
41,290.0,300.938924903348
42,290.0,309.7845659192703
43,294.0,321.3779536749521
44,290.0,297.8114079729951
45,282.0,336.24420178824334
46,300.0,296.32366702882666
47,304.0,292.7770334722091
48,298.0,308.39969316714325
49,300.0,313.6207591852237
50,300.0,311.3735296826352
51,288.0,364.83982959092975
52,284.0,349.956603043675
53,288.0,346.2649499520932
54,286.0,344.77196843063496
55,274.0,343.49947982609785
56,274.0,334.63806525553946
57,270.0,322.4930630146499
58,264.0,283.5014189603835
59,268.0,278.51511007577807
60,264.0,277.2836456689864
61,262.0,307.15751440332167
62,264.0,380.92833061421896
63,262.0,333.37277353773777
64,262.0,331.7949646249204
65,258.0,316.3325668362271
66,264.0,306.3014800304063
67,266.0,341.39051994310165
68,260.0,349.7251884786568
69,260.0,330.0584484888652
70,260.0,345.8776136375512
71,262.0,298.5266269329005
72,260.0,355.83094038183134
73,258.0,307.16321490766654
74,250.0,344.3062048364301
75,250.0,346.4786022638005
76,234.0,347.1349829498827
77,234.0,255.62921754828992
78,222.00000000000003,250.50524148375595
79,226.0,282.7635664070906
80,236.0,284.6169687935989
