,y_actual,y_predict
0,276.0,268.36166971760974
1,286.0,284.12184112417214
2,280.0,296.5574136183496
3,274.0,326.17364546768016
4,258.0,329.53229193783403
5,268.0,331.71676406986217
6,262.0,335.4267105981143
7,262.0,142.13798019186413
8,266.0,218.17845868551615
9,262.0,298.8045265197128
10,280.0,352.5026814865431
11,284.0,358.753828639741
12,280.0,325.9674167673129
13,268.0,211.79174317444395
14,264.0,296.5206324096335
15,254.0,227.59996724149525
16,258.0,302.3163092656765
17,264.0,244.5137004807
18,270.0,278.78973187259203
19,264.0,300.8083963095422
20,270.0,303.9886558607768
21,268.0,321.7048387320551
22,270.0,374.45087343852987
23,262.0,352.23847606585025
24,264.0,349.06512189828794
25,268.0,334.57813870361406
26,264.0,327.9616863895979
27,256.0,328.72795077477326
28,254.0,328.39844866794823
29,262.0,331.0053022605477
30,260.0,354.2198547749008
31,262.0,366.463456307419
32,266.0,320.35725246062026
33,264.0,312.91521812701285
34,262.0,319.946764325023
35,262.0,321.3493604633859
36,258.0,312.3435482310645
37,260.0,306.5336719369261
38,258.0,308.7768851750898
39,278.0,331.41764306005695
40,286.0,326.6607924310241
41,290.0,351.1980238995326
42,290.0,379.9901312445874
43,294.0,366.47411884168224
44,290.0,363.69971576626466
45,282.0,302.2497170103751
46,300.0,309.634824034684
47,304.0,306.15518435981033
48,298.0,300.5482071532741
49,300.0,297.722907643041
50,300.0,313.50174820133293
51,288.0,235.98126331145306
52,284.0,297.7219748332392
53,288.0,329.65661475531886
54,286.0,335.3591207545526
55,274.0,286.6416324685954
56,274.0,317.06632539094505
57,270.0,321.3367804867521
58,264.0,318.4438263544988
59,268.0,309.50683475645
60,264.0,305.04464837928003
61,262.0,214.20411887904157
62,264.0,249.0203767031433
63,262.0,316.17983218685976
64,262.0,337.1828805184675
65,258.0,348.74325717171587
66,264.0,361.5324423149588
67,266.0,357.7370918670672
68,260.0,344.4147735328164
69,260.0,361.9267682251691
70,260.0,358.0210093726708
71,262.0,335.68349888531304
72,260.0,347.8772857832721
73,258.0,341.91867814849945
74,250.0,360.68523724593217
75,250.0,347.2996886583743
76,234.0,351.23074349890294
77,234.0,349.74677913886296
78,222.00000000000003,349.4894791018424
79,226.0,347.8135567358348
80,236.0,340.97100169039453
