,y_actual,y_predict
0,276.0,280.9212022699046
1,286.0,276.33470603094145
2,280.0,288.48363384641397
3,274.0,297.5481612734875
4,258.0,299.13744892914474
5,268.0,300.8139024785117
6,262.0,295.13963340932264
7,262.0,348.88953340877435
8,266.0,360.7826510917709
9,262.0,347.5100243130082
10,280.0,362.8466093796719
11,284.0,352.01697260497707
12,280.0,332.823270830276
13,268.0,346.9850596856127
14,264.0,353.6747051798478
15,254.0,365.5527294820222
16,258.0,370.3909871998072
17,264.0,363.1001587439474
18,270.0,364.26005590982754
19,264.0,376.180555447217
20,270.0,368.317040073611
21,268.0,335.4574933215766
22,270.0,317.6401847987895
23,262.0,313.57107410758147
24,264.0,296.3685714562341
25,268.0,307.564452679395
26,264.0,290.7438708634621
27,256.0,288.9717524866349
28,254.0,287.65019419981104
29,262.0,295.41295963696734
30,260.0,319.1255159843031
31,262.0,332.1485643182942
32,266.0,317.9091838254087
33,264.0,325.7591022005831
34,262.0,327.7345083357632
35,262.0,347.1521686749133
36,258.0,359.2737988479889
37,260.0,375.5269213677737
38,258.0,335.12713613909983
39,278.0,335.99332129645654
40,286.0,328.2740740276966
41,290.0,295.3267783758263
42,290.0,292.5268201985445
43,294.0,295.4974955252634
44,290.0,300.89206416649483
45,282.0,291.7964949021252
46,300.0,296.8297940805007
47,304.0,302.7115355964595
48,298.0,307.973684112898
49,300.0,279.5719706256248
50,300.0,301.88608961163106
51,288.0,323.3783513394078
52,284.0,335.7582726599185
53,288.0,354.65497168040616
54,286.0,363.48310307900556
55,274.0,350.7261970416155
56,274.0,355.9066080991636
57,270.0,344.4325163525898
58,264.0,334.2157226620433
59,268.0,328.89627112124714
60,264.0,310.65561593885764
61,262.0,296.2684369151399
62,264.0,324.440251653323
63,262.0,353.78241232273655
64,262.0,362.6713123932214
65,258.0,368.63538732988843
66,264.0,363.44522711434144
67,266.0,364.2371955918355
68,260.0,346.4035175525944
69,260.0,336.96814640650393
70,260.0,325.73424022822445
71,262.0,362.9428831246417
72,260.0,362.028774863713
73,258.0,346.28449361301193
74,250.0,372.2370631426632
75,250.0,358.71084165470404
76,234.0,333.47708628940296
77,234.0,330.9586229033782
78,222.00000000000003,290.18224162857575
79,226.0,275.64569643533076
80,236.0,275.4572429439661
