,y_actual,y_predict
0,800.0,826.5625237490514
1,800.0,831.554307999703
2,810.0,830.8997702023997
3,820.0,824.507820935451
4,820.0,828.1542370180077
5,820.0,836.6635863709198
6,815.0,842.4528567185328
7,815.0,845.4257739858006
8,795.0,839.4612500103598
9,810.0,824.6948511330434
10,850.0,832.4993468622786
11,850.0,851.2588793430928
12,850.0,847.9415653044812
13,845.0,849.8527519754368
14,850.0,859.9607645016843
15,860.0,861.1029436358954
16,890.0,847.3192464244584
17,890.0,862.4458182326146
18,905.0,867.733288201894
19,905.0,885.4117093583768
20,910.0,919.1178691426738
21,900.0,951.2578562479965
22,900.0,996.5044645701098
23,900.0,949.6337419816716
24,900.0,934.1640541349946
25,900.0,954.8057392279738
26,900.0,971.1535638492701
27,900.0,977.8428977346515
28,900.0,978.7622185563117
29,895.0,993.978678713374
30,895.0,953.6677571940979
31,895.0,954.053572556325
32,915.0,973.8433080032848
33,915.0,977.1417937263478
34,900.0,941.5222839127605
35,900.0,938.637706349243
36,900.0,1008.7726463291112
37,895.0,951.4937363729484
38,895.0,942.4606691368632
39,950.0,963.909194305566
40,915.0,975.1432595338167
41,900.0,994.6141725536685
42,890.0,967.9961361876627
43,890.0,924.2351713821789
44,900.0,923.2995821675643
45,900.0,962.6650719247527
46,900.0,990.2137892511342
47,900.0,979.551296565138
48,900.0,972.5425880330592
49,900.0,856.0763728301112
50,950.0,906.9866999496116
51,940.0,953.9522557886701
52,930.0,971.7218095722882
53,930.0,934.1474817608762
54,930.0,902.001094077542
55,920.0,834.952848274217
56,900.0,896.9444769711215
57,885.0,897.523929877866
58,880.0,891.4056130361653
59,880.0,877.2424609211712
60,870.0,862.5817178725918
61,925.0,854.5545289373262
62,900.0,919.112054924268
63,900.0,951.1697047965407
64,900.0,961.8827262500306
65,850.0,937.2923381811481
66,820.0,967.8254931979975
67,795.0,892.5078147896819
68,780.0,826.3544833609566
69,780.0,888.5045279066962
70,815.0,904.5236686510293
71,830.0,908.2805363666769
72,835.0,838.1954415824459
73,835.0,862.0768313910704
74,845.0,860.0192646737119
75,875.0,869.776251478968
