,y_actual,y_predict
0,800.0,815.0042525795628
1,800.0,816.388987079921
2,810.0,818.7115266169827
3,820.0,820.0674739468052
4,820.0,818.527039368417
5,820.0,818.826638265887
6,815.0,817.4857264307954
7,815.0,815.2657813081083
8,795.0,815.5545911888338
9,810.0,817.2747233836402
10,850.0,832.8337199704686
11,850.0,828.5736384412276
12,850.0,827.2686488472416
13,845.0,828.1434480012633
14,850.0,829.3423744008915
15,860.0,832.5057906457347
16,890.0,836.4136120127095
17,890.0,865.7325551608416
18,905.0,879.1721271780153
19,905.0,850.5898492052197
20,910.0,859.598184410358
21,900.0,922.7212464301738
22,900.0,956.4317884809975
23,900.0,967.9928309711487
24,900.0,973.9851746237757
25,900.0,907.5747383954246
26,900.0,906.9983715918679
27,900.0,920.5171515334592
28,900.0,933.3623153878405
29,895.0,965.4058648546481
30,895.0,989.6809588767734
31,895.0,948.9563423319532
32,915.0,958.0900072736506
33,915.0,954.5023814568211
34,900.0,965.1077534589148
35,900.0,975.7707769546594
36,900.0,999.4156979641489
37,895.0,1024.4989914904518
38,895.0,996.1351764477421
39,950.0,981.7612342267129
40,915.0,1011.4825026176009
41,900.0,1005.618489936883
42,890.0,993.8901173888387
43,890.0,967.2810598471764
44,900.0,1002.9827309859321
45,900.0,1004.5214157438128
46,900.0,1006.675091429697
47,900.0,984.1713095376443
48,900.0,959.4693009740887
49,900.0,944.0544161478203
50,950.0,953.3922792791437
51,940.0,981.9007739254
52,930.0,979.2823881923448
53,930.0,944.5978881774985
54,930.0,915.9487991567905
55,920.0,899.113600146512
56,900.0,871.9168714053162
57,885.0,856.9224341912482
58,880.0,859.1313557533484
59,880.0,863.7653372004085
60,870.0,869.1024317089475
61,925.0,892.0761245035684
62,900.0,886.199924801362
63,900.0,882.9770455202965
64,900.0,912.48431502936
65,850.0,982.0891558361886
66,820.0,982.1244269095218
67,795.0,956.2831401487515
68,780.0,939.7933717543848
69,780.0,954.3568593471044
70,815.0,963.7199482858847
71,830.0,948.3359954718675
72,835.0,927.0851197818263
73,835.0,900.9030523911225
74,845.0,878.5672015755588
75,875.0,863.7107748960484
