,y_actual,y_predict
0,4460.0,4561.8967416794985
1,4360.0,4558.312700235738
2,4380.0,4555.8722210765445
3,4400.0,4557.210688364626
4,4350.0,4556.156708308513
5,4300.0,4551.173957264124
6,4250.0,4552.8224901724025
7,4360.0,4551.724066220002
8,4300.0,4540.602675609794
9,4400.0,4530.353959421492
10,4350.0,4524.896561453463
11,4270.0,4515.41450247613
12,4140.0,4497.964312608433
13,4150.0,4450.561367168159
14,4150.0,4439.949605689019
15,4260.0,4356.319068873483
16,4140.0,4361.333098467278
17,4200.0,4356.303762349306
18,4200.0,4337.373035186512
19,4400.0,4317.611994190463
20,4600.0,4307.373694540353
21,4650.0,4301.729666929708
22,4690.0,4314.464579305938
23,4690.0,4331.690987211466
24,4690.0,4359.793244774142
25,4590.0,4385.258555693383
26,4520.0,4408.821806738671
27,4530.0,4431.874994630465
28,4600.0,4465.065065599134
29,4770.0,4495.046640260709
30,4990.0,4545.629812680814
31,4930.0,4571.226429850938
32,5000.0,4602.24647550065
33,5150.0,4637.962007219266
34,5075.0,4661.216350037489
35,4940.0,4669.65762324042
36,4900.0,4671.342035335806
37,4900.0,4677.468232925451
38,4880.0,4673.213250682778
39,4970.0,4670.82259729794
40,4950.0,4671.254420675676
41,5000.0,4669.256181432412
42,5025.0,4663.268697409698
43,5000.0,4660.338525216143
44,5100.0,4650.760402608813
45,4750.0,4642.924503883836
46,4420.0,4635.90190531307
47,4450.0,4641.252128677028
48,4360.0,4477.083088669091
49,4310.0,4529.736837403241
50,4390.0,4543.802578272877
51,4530.0,4547.103347747459
52,4420.0,4561.275163697688
53,4400.0,4569.120784524977
54,4370.0,4572.516402366768
55,4450.0,4566.3844178114605
56,4450.0,4556.142356633671
57,4420.0,4552.682040515773
58,4550.0,4541.153363262238
59,4620.0,4520.085451810623
60,4470.0,4493.681495060923
61,4460.0,4466.0237343307845
62,4470.0,4470.237629117253
63,4490.0,4520.418954641754
