,y_actual,y_predict
0,482.0,483.53808959818826
1,482.0,484.85856423868506
2,482.0,486.8138667965459
3,482.0,487.2877939866626
4,482.0,486.77624111421187
5,476.0,485.25685465860647
6,480.0,480.7118042246974
7,480.0,477.41225875409145
8,468.0,476.24980039443005
9,478.0,474.6979341540248
10,484.0,475.6879493966223
11,472.0,475.89517034910176
12,482.0,474.6026039331277
13,484.0,476.25583615368714
14,482.0,476.7854897411407
15,482.0,477.26870454965166
16,482.0,477.2534913212742
17,480.0,477.2112732795101
18,482.0,476.7040520097158
19,484.0,476.28270275429065
20,484.0,476.4405646565922
21,482.0,478.08816299611726
22,484.0,478.7242267602709
23,486.0,479.33259663495386
24,484.0,480.12957995229215
25,482.0,481.97663360355534
26,484.0,481.956140225908
27,486.0,483.6781994745898
28,484.0,484.94245729330885
29,484.0,484.9173759996204
30,484.0,485.20372856465013
31,484.0,486.3645082733482
32,484.0,486.81659737599824
33,482.0,487.6587262268431
34,480.0,487.150973153548
35,470.0,486.94813010851533
36,464.0,473.52650586366394
37,470.0,465.58923454622914
38,476.0,462.1579382662528
39,476.0,469.37973672903576
40,476.0,470.7573538193912
41,470.0,471.61133342247734
42,468.0,474.355142246975
43,468.0,475.9645811274498
44,468.0,470.3872849998461
45,468.0,469.7809059972835
46,472.0,464.3049164633558
47,470.0,466.5212676553843
48,470.0,469.0828332199693
49,478.0,469.5241230165255
50,478.0,468.2775054520109
51,486.0,471.18725310525826
52,478.0,471.9302630445227
53,482.0,475.6973484505346
54,480.0,477.92013472217087
55,480.0,481.1337774400951
56,480.0,480.51186201107333
57,480.0,479.34592118915714
58,470.0,480.27125670796147
59,476.0,479.28268591757256
60,470.0,476.4120880290754
61,468.0,474.6863103654148
62,468.0,473.5622915152399
63,466.0,472.6137028065137
64,458.0,471.9012818584954
