,y_actual,y_predict
0,585.0,605.6114171232881
1,585.0,611.3671611008352
2,575.0,616.0153651636317
3,585.0,590.7557961269846
4,585.0,604.4901949356556
5,575.0,605.7657397736913
6,590.0,603.4455762522146
7,600.0,614.4807711843907
8,575.0,596.4457544134034
9,575.0,586.3404725495848
10,580.0,602.7186356554105
11,575.0,607.7166375300607
12,575.0,606.3070160083896
13,575.0,611.8597053091818
14,580.0,609.3973111309883
15,585.0,610.8360939692557
16,590.0,614.2909848186101
17,580.0,613.2940882119026
18,590.0,606.6280782091548
19,580.0,615.8115001784621
20,580.0,613.3358367106608
21,570.0,613.5215363035672
22,585.0,609.4903361028114
23,585.0,613.0755417691995
24,585.0,618.1535019031687
25,580.0,621.170933858244
26,585.0,617.2239029761168
27,600.0,616.2081441902001
28,605.0,650.5858632875355
29,580.0,659.7729580678096
30,585.0,632.7609756114691
31,585.0,625.522407481284
32,600.0,621.6275269918042
33,595.0,616.2999811011348
34,595.0,615.7105658918954
35,590.0,616.6644045884209
36,615.0,620.5393826114391
37,625.0,604.1544532346239
38,610.0,634.7037170705029
39,610.0,635.7983478327191
40,640.0,646.4812332905459
41,625.0,650.2615030923772
42,720.0,662.0023866195048
43,740.0,666.4780018403998
44,760.0,683.2153762322835
45,760.0,701.4454405019469
46,760.0,711.5955750895135
47,800.0,709.327940691791
48,800.0,715.8045988419661
49,805.0,727.3729532238266
50,845.0,741.3368689550666
51,835.0,756.438183683233
52,895.0,770.1290528804467
53,835.0,826.8554176414888
54,790.0,814.4171756464943
55,765.0,795.7058938708901
56,770.0,788.1058272661761
57,770.0,782.5970609874485
58,760.0,774.441600383313
59,710.0,772.7144299546073
60,710.0,762.5849954196834
61,795.0,749.6822470618517
