,y_actual,y_predict
0,585.0,580.9612460102768
1,585.0,596.538145230815
2,575.0,608.0899685381085
3,585.0,588.4475523597243
4,585.0,606.5234309876539
5,575.0,602.4721746750004
6,590.0,606.412816059978
7,600.0,617.6640491975784
8,575.0,623.4868726195439
9,575.0,610.22229513144
10,580.0,619.448481420924
11,575.0,622.6723756540828
12,575.0,614.4304850882774
13,575.0,611.0334529999071
14,580.0,610.2220504731022
15,585.0,609.8195209603906
16,590.0,615.8561777268402
17,580.0,617.0324519550061
18,590.0,619.4636639387331
19,580.0,622.7883270694222
20,580.0,621.6056349637398
21,570.0,622.4651480847186
22,585.0,621.0095865776466
23,585.0,616.1816095255181
24,585.0,581.9586064891928
25,580.0,585.5966798864746
26,585.0,585.902103526289
27,600.0,588.856339254083
28,605.0,668.7425829020668
29,580.0,688.116399456372
30,585.0,676.9261929159136
31,585.0,674.5648798192894
32,600.0,668.3357337017435
33,595.0,661.229657725469
34,595.0,656.5646143186
35,590.0,652.8993329568907
36,615.0,649.0630647760755
37,625.0,621.295895550847
38,610.0,644.7418074363843
39,610.0,643.2515778428492
40,640.0,639.935039326241
41,625.0,633.9425524421188
42,720.0,639.0387682472779
43,740.0,748.585825400603
44,760.0,760.9946692497301
45,760.0,763.3246230192512
46,760.0,772.2157340570158
47,800.0,774.1124350984007
48,800.0,774.1340746390604
49,805.0,761.063737277118
50,845.0,746.02803012881
51,835.0,760.4830240756366
52,895.0,780.495316686339
53,835.0,805.7252204102141
54,790.0,793.5974322304587
55,765.0,782.8117809737486
56,770.0,772.9263314768564
57,770.0,770.1284108969684
58,760.0,762.5055147334397
59,710.0,757.5416280174092
60,710.0,748.9635387287972
61,795.0,748.7166491069793
