,y_actual,y_predict
0,585.0,594.4752800754785
1,585.0,612.9254644302736
2,575.0,626.6196874039815
3,585.0,590.5960166170157
4,585.0,609.274762748229
5,575.0,587.145484600607
6,590.0,578.8478324850888
7,600.0,588.7297275856498
8,575.0,596.3927007421731
9,575.0,600.0971137370599
10,580.0,597.0150958953449
11,575.0,597.7423692274884
12,575.0,589.7878259648691
13,575.0,584.5464810356655
14,580.0,580.7047422944177
15,585.0,577.8992979813263
16,590.0,578.6336957642659
17,580.0,580.9492323072585
18,590.0,572.9181755747161
19,580.0,560.9367635425529
20,580.0,563.1560534527306
21,570.0,565.9501143026819
22,585.0,563.6228145868088
23,585.0,571.8656358329312
24,585.0,571.7497421569593
25,580.0,573.0817600111541
26,585.0,571.8789256738391
27,600.0,571.1729708906163
28,605.0,644.1687177887081
29,580.0,635.0311724382924
30,585.0,619.8969264532029
31,585.0,615.5583101151298
32,600.0,608.7989786146536
33,595.0,604.1662516383049
34,595.0,601.1401196327383
35,590.0,600.2019840869648
36,615.0,596.9034573171838
37,625.0,599.8538274432409
38,610.0,606.7719705853017
39,610.0,602.4192677987727
40,640.0,600.9838279720328
41,625.0,609.8102082854215
42,720.0,615.4601081728794
43,740.0,710.4755722790366
44,760.0,699.4804778270554
45,760.0,713.997407521407
46,760.0,729.1736855642683
47,800.0,729.3115084563717
48,800.0,733.1614520596353
49,805.0,735.7570225787812
50,845.0,752.1288069524243
51,835.0,777.0215284269747
52,895.0,785.8559570210429
53,835.0,796.921591364972
54,790.0,786.0714129396231
55,765.0,776.1958906994445
56,770.0,771.8692978507231
57,770.0,757.5819555405417
58,760.0,752.8840457112091
59,710.0,751.2329033502845
60,710.0,741.5065013456144
61,795.0,735.2536527283046
