,y_actual,y_predict
0,1840.0,1816.9731321930585
1,1825.0,1830.7786550214716
2,1930.0,1839.2173063456169
3,1950.0,1812.8796376235243
4,1960.0,1923.4453817342196
5,1925.0,1789.9465334802005
6,1880.0,1733.52990342876
7,1825.0,1706.0303163266708
8,1805.0,1706.8102134677586
9,1695.0,1664.3652130770683
10,1675.0,1866.1223435750849
11,1635.0,1681.5981306554595
12,1670.0,1869.8199610722006
13,1700.0,1875.042590494164
14,1725.0,1892.240195413454
15,1640.0,1762.2524344072058
16,1585.0,1697.227565244054
17,1510.0,1684.5170747848103
18,1515.0,1693.1468795019641
19,1420.0,1694.8072815487487
20,1375.0,1665.6831353607492
21,1380.0,1656.404771574998
22,1300.0,1625.7016722535818
23,1220.0,1557.8188028725508
24,1135.0,1537.68001514314
25,1060.0,1511.930595560742
26,1000.0,1633.7839879811136
27,1020.0,1811.5350914713338
28,1080.0,1910.3776310496298
29,1210.0,1945.0454159996236
30,1175.0,1902.0162678095553
31,1180.0,1774.395937088552
32,1100.0,1630.144907641268
33,1125.0,1634.5280149663645
34,1105.0,1571.0308908218144
35,1150.0,1404.0716799691816
36,1130.0,1507.5928426347336
37,1170.0,1564.3648275644439
38,1170.0,1573.8094477548273
39,1155.0,1534.4764281376654
40,1170.0,1571.5025330603905
41,1155.0,1512.65275779596
42,1155.0,1528.029882619428
43,1155.0,1522.0018760759865
44,1160.0,1524.967648231468
45,1150.0,1537.1708506547411
46,1160.0,1497.0763293766306
47,1170.0,1441.4786979360847
48,1160.0,1436.1633132949996
49,1145.0,1364.6318521359092
50,1160.0,1290.411754188063
51,1170.0,1488.426567168666
52,1170.0,1523.2285830553103
53,1150.0,1394.1885546023052
54,1100.0,1237.3907687676167
