,y_actual,y_predict
0,75.0,63.8266376841803
1,73.0,66.45895342994622
2,74.0,68.72673909584296
3,73.0,70.6251435619879
4,74.0,74.77483182362543
5,69.0,74.34775454848256
6,69.0,73.803157886332
7,68.0,73.60552783123447
8,69.0,73.03207708428604
9,70.0,72.38547655594917
10,68.0,71.78648822388996
11,69.0,71.56049725878594
12,68.0,71.34585200148504
13,68.0,71.46042174634799
14,69.0,71.3866376911134
15,69.0,71.313302465253
16,72.0,71.52780796729967
17,77.0,71.68938922960716
18,77.0,72.92948597727182
19,73.0,74.0446159954386
20,75.0,74.23633870344358
21,76.0,74.69326447577026
22,77.0,75.10386944412045
23,84.0,75.01612195766685
24,92.0,73.63303542790979
25,83.0,75.97531064431493
26,80.0,76.03900678903453
27,78.0,76.4204795058789
28,75.0,76.44087839779543
29,73.0,76.74064266772987
30,73.0,75.9945995570007
31,74.0,75.17548998051541
32,76.0,74.57014009678736
33,72.0,74.37236625503402
34,76.0,74.07052715709438
35,73.0,73.97687635494978
36,72.0,74.16486732890652
37,75.0,73.98356579394586
38,76.0,73.72615408504788
39,74.0,74.35490759865856
40,72.0,74.41628434367803
41,72.0,74.43043859457111
42,73.0,74.35047171313705
43,74.0,74.23587509226365
44,78.0,74.01706808474765
45,83.0,73.76327388685357
46,75.0,74.7110967086907
47,75.0,74.66279245514448
48,76.0,74.7396148433582
49,73.0,75.24134830027413
50,74.0,74.89873426311028
51,75.0,74.13221566383484
52,74.0,74.2467665954905
53,73.0,74.64419963112886
54,78.0,74.44783677992311
55,81.0,74.59176453477951
56,83.0,75.17265993661711
57,80.0,75.74262083361117
58,79.0,76.17744511876056
59,78.0,76.61056815244972
60,78.0,76.86959376577403
61,78.0,76.93174991509599
62,79.0,76.8940052460478
63,83.0,76.73329745407929
64,81.0,76.60200276792561
65,80.0,76.72701115523967
66,79.0,76.90080487668664
67,79.0,77.083056478616
68,78.0,77.21632923913735
69,78.0,77.28615042663401
70,78.0,77.04823323190158
71,78.0,76.93711974197994
72,77.0,76.75407261014185
73,78.0,76.6116351300638
74,76.0,76.5740087154615
75,76.0,76.51043351278882
76,75.0,76.40665986131569
77,76.0,76.22495652999909
78,75.0,76.10131075641385
79,76.0,75.90177250457577
80,76.0,75.70711493623182
81,74.0,75.77156360924347
82,74.0,75.78459578670109
83,74.0,75.70215631230745
84,74.0,75.54655227471963
85,74.0,75.35288374355952
86,74.0,75.08135406638254
87,73.0,75.00233590811668
88,72.0,74.92531732502681
89,71.0,74.71491713357335
90,72.0,74.5390445527196
91,72.0,74.21783725786342
92,76.0,73.90565223970867
93,76.0,73.81858874772051
94,76.0,74.20191322168353
95,76.0,74.7909345852747
