,y_actual,y_predict
0,107.0,112.18967609807993
1,114.0,109.69292152886342
2,114.0,112.2307452613002
3,115.0,114.43195436681214
4,114.0,116.65074586740033
5,119.0,117.55968161583817
6,117.0,121.20032676435065
7,115.0,120.32344021437277
8,117.0,119.4973944561055
9,113.0,119.48983424409624
10,112.0,118.26302099359796
11,113.0,115.59963673721501
12,124.0,115.26089784322704
13,124.0,118.89583470486221
14,120.0,119.43707616519018
15,123.0,119.85878130508948
16,120.0,121.40708875849415
17,112.0,123.5402777432773
18,105.0,121.30781467774443
19,116.0,117.08789824163554
20,119.0,122.68630059654936
21,118.0,120.7378901652257
22,121.0,118.5624228190479
23,124.99999999999999,118.60849218012441
24,122.0,125.56935585461318
25,121.0,124.62063639687017
26,116.0,124.65820868969423
27,116.0,125.81303652094594
28,120.0,124.1955868980561
29,118.0,119.96903621250394
30,118.0,117.28961646321378
31,122.0,117.24759955007303
32,121.0,118.78178879776587
33,124.0,118.99545738328382
34,128.0,118.7369504222182
35,129.0,120.57434338872011
36,130.0,122.66375068464856
37,129.0,124.00024147766722
38,124.99999999999999,124.5520824859563
39,126.0,124.73213318349075
40,121.0,125.50550801226993
41,121.0,124.64132348996176
42,117.0,122.67064638234575
43,116.0,121.5297624579699
44,108.0,151.5323875609416
45,110.0,137.04130217066222
46,114.0,132.2438901163481
