,y_actual,y_predict
0,114.0,123.32537053901657
1,113.0,122.69509863571572
2,111.0,120.66303933632156
3,149.0,120.5106007909079
4,139.0,126.63510937555361
5,130.0,126.82666594491243
6,170.0,124.99993827133032
7,159.0,126.14653465079527
8,166.0,136.20183464342904
9,155.0,129.28845221164497
10,173.0,126.38630122994257
11,161.0,125.5675703979163
12,150.0,130.1818988178934
13,141.0,137.25326036588476
14,143.0,133.74448861867677
15,138.0,130.7403014175344
16,140.0,128.29068269562933
17,145.0,126.60053502746302
18,144.0,125.51447452780737
19,163.0,125.96501987941582
20,152.0,129.52732199315093
21,142.0,129.10691705007525
22,137.0,134.60409344076157
23,128.0,134.40577659649998
24,138.0,126.93447017845027
25,129.0,132.81006403239942
26,120.0,132.15840393169302
27,120.0,129.98601081602422
28,123.0,138.15274580503097
29,119.0,137.62180304536312
30,119.0,129.92885340537802
31,123.0,122.24551421816528
32,123.0,120.80024603886957
33,122.0,121.9268173978315
34,121.0,122.1674383259513
35,121.0,123.50001622602335
36,120.0,123.8241931880414
37,123.0,122.22595149888538
38,122.0,123.29570058778306
39,120.0,122.32306330200873
40,122.0,121.38461109705612
41,123.0,123.1451386813361
42,125.0,121.06426118838719
43,123.0,122.37011570508574
44,124.0,123.5631394356131
45,124.0,120.49669319821788
46,123.0,118.72563167091147
47,126.0,118.4360991250924
48,124.0,118.68490689997269
49,122.0,118.47656883328737
50,123.0,118.05528525837622
51,125.0,117.61106309013721
52,131.0,116.96583813348137
53,128.0,118.4022669799278
54,126.0,119.1215224150472
55,128.0,119.46347480348493
56,125.0,118.99466873892827
57,125.0,118.67574762650148
58,124.0,118.43784007661108
59,124.0,118.08948590988868
60,123.0,117.92327545923303
61,122.0,117.12463915972208
62,123.0,116.7156149086653
63,127.0,116.24292358603455
64,126.0,116.29446627974069
65,124.0,116.61366840606254
66,122.0,119.49731658764857
67,126.0,120.03293722769608
68,123.0,124.63808172060827
69,124.0,123.66897490359726
70,122.0,124.38122612299208
71,122.0,123.53246925286395
72,114.0,124.63435216944174
73,108.0,124.04121784651431
74,115.0,125.70375684948914
75,112.0,128.3703239983603
76,113.0,125.41754568030038
