,y_actual,y_predict
0,114.0,115.17289607835696
1,113.0,115.26500487024845
2,111.0,117.22811529732614
3,149.0,114.40965492477781
4,139.0,119.9547753259522
5,130.0,121.87805889192465
6,170.0,122.85681323478127
7,159.0,128.52375292775451
8,166.0,129.8194794979198
9,155.0,129.78038946414492
10,173.0,131.5219463861244
11,161.0,137.72091790663288
12,150.0,146.74123186040225
13,141.0,150.00741558222506
14,143.0,136.81851778246963
15,138.0,133.41988123827855
16,140.0,131.25260476281105
17,145.0,127.6979663947732
18,144.0,127.19735682361888
19,163.0,130.0571640532747
20,152.0,131.3583855480122
21,142.0,124.52328087132585
22,137.0,125.29436538964207
23,128.0,128.06423413145438
24,138.0,124.5725391222598
25,129.0,127.01869704960855
26,120.0,132.49944877129818
27,120.0,134.87911855156582
28,123.0,137.6531357239308
29,119.0,139.19655226947728
30,119.0,135.18301617179853
31,123.0,130.34442902456993
32,123.0,132.02558000786178
33,122.0,126.3732237033621
34,121.0,126.3019084567816
35,121.0,123.83763440147024
36,120.0,122.34285921091923
37,123.0,122.62749811107247
38,122.0,123.48280171520159
39,120.0,122.59509290849634
40,122.0,122.08251466638173
41,123.0,122.68966075733493
42,125.0,122.4688572405081
43,123.0,122.83219115319821
44,124.0,123.8929756022591
45,124.0,123.9306173764284
46,123.0,123.47798925956612
47,126.0,123.46432634915939
48,124.0,123.4193229748396
49,122.0,124.2184653218001
50,123.0,124.53663236791748
51,125.0,123.8841522108313
52,131.0,123.79366425370125
53,128.0,125.75711427012969
54,126.0,125.53468639659945
55,128.0,125.29037836598197
56,125.0,124.99284433876852
57,125.0,125.1125731263095
58,124.0,124.85605989852455
59,124.0,124.75485003788678
60,123.0,124.82748953464292
61,122.0,124.75416122018625
62,123.0,124.60373574264877
63,127.0,124.32391115178466
64,126.0,123.85713854529445
65,124.0,124.01026145963985
66,122.0,124.5959837630372
67,126.0,125.17229284241174
68,123.0,126.51811324424011
69,124.0,126.43223791888084
70,122.0,125.25748324274316
71,122.0,125.54485164791267
72,114.0,125.28563912966612
73,108.0,125.35176173624521
74,115.0,125.71797029503327
75,112.0,126.46432633204626
76,113.0,124.05425718782936
