,y_actual,y_predict
0,61.0,58.85521032975416
1,61.0,62.30899987724062
2,59.0,60.21385403755096
3,57.0,57.101240085541654
4,57.0,55.72983647161079
5,54.0,55.19003219048148
6,54.0,55.29652020029068
7,54.0,55.16880017199676
8,54.0,54.883998443282756
9,54.0,54.71240323739353
10,54.0,54.63129299851706
11,51.0,54.51483933489731
12,51.0,54.49642706873844
13,51.0,54.080288947761034
14,53.0,53.70088600372123
15,52.0,53.34165292930797
16,52.0,52.942559768578356
17,53.0,52.643291741011126
18,53.0,52.3812731053049
19,52.0,52.04775077706165
20,51.0,51.48428080780195
21,52.0,52.6163553087778
22,51.0,52.39660598275035
23,54.0,52.3551063095061
24,52.0,52.461856484628704
25,52.0,52.42384925798715
26,51.0,52.41071823198419
27,51.0,52.38924427959289
28,51.0,52.40420877683911
29,51.0,52.44415063175805
30,52.0,52.438872763503284
31,51.0,52.46230579045522
32,56.0,52.4596285009524
33,55.0,52.72220940117323
34,57.0,52.60959296104744
35,54.0,52.601133704069866
36,51.0,52.563700543596894
37,51.0,52.56375702294095
38,53.0,52.52173554799573
39,51.0,52.577075189457005
40,51.0,52.57319328827298
41,50.0,52.62497051618296
42,50.0,52.63932975717509
43,50.0,52.63142686388513
44,50.0,52.57500484215886
45,50.0,52.591597124679005
46,51.0,52.5663306264838
47,50.0,52.576133586064486
48,50.0,52.5651411883577
49,50.0,52.55597130321549
50,50.0,52.55284639383673
51,50.0,52.53748232630576
52,50.0,52.585198099296164
53,50.0,52.50561533163478
54,50.0,52.55702417934554
55,50.0,52.57753123908579
56,50.0,52.63922185633871
57,51.0,52.688486174926304
58,50.0,52.7167258469491
59,50.0,52.68938815848046
60,50.0,52.716575797348504
61,50.0,52.72555938495289
62,50.0,52.74551935373366
63,50.0,52.7359397826033
64,50.0,52.73218264176134
65,50.0,52.723794194707644
66,50.0,52.71650498742463
67,51.0,52.704158771411315
68,50.0,52.72957869110826
69,50.0,52.73060037715278
70,50.0,52.744151204847306
71,50.0,52.75109563523906
72,50.0,52.75129036252972
73,50.0,52.763508446299824
74,50.0,52.75928851202681
75,50.0,52.75967375173172
