,y_actual,y_predict
0,61.0,61.6965584179327
1,61.0,63.42668414471115
2,59.0,63.33247285814027
3,57.0,62.4213085787017
4,57.0,61.166504831916455
5,54.0,59.24802079569017
6,54.0,56.52196348672674
7,54.0,54.65869812500844
8,54.0,53.64619629620412
9,54.0,53.13546454667846
10,54.0,52.734055732842975
11,51.0,52.514387332442816
12,51.0,52.31685293408154
13,51.0,52.18493404589671
14,53.0,52.028578147196384
15,52.0,52.010778724069176
16,52.0,51.906926697973866
17,53.0,51.76771607358016
18,53.0,51.73111071483633
19,52.0,51.81884168159541
20,51.0,51.7318145991987
21,52.0,51.69421874449586
22,51.0,51.6678251883456
23,54.0,51.62168577913677
24,52.0,51.79013500126513
25,52.0,51.96956819134743
26,51.0,52.18264873990107
27,51.0,52.196156575856094
28,51.0,52.2035697005059
29,51.0,51.93097003903161
30,52.0,51.70646127454921
31,51.0,51.54311120991536
32,56.0,51.50266947065286
33,55.0,52.28414127817573
34,57.0,52.95565623259466
35,54.0,53.7390744700489
36,51.0,54.30982605981406
37,51.0,54.755292976881535
38,53.0,53.678225142129676
39,51.0,53.05290354733777
40,51.0,52.28293666649452
41,50.0,51.958354091140876
42,50.0,51.733710450613
43,50.0,51.7151767960132
44,50.0,51.564824567287395
45,50.0,51.50929104151074
46,51.0,51.443110737893846
47,50.0,51.44794604412438
48,50.0,51.37262873140136
49,50.0,51.33652072807526
50,50.0,51.348177390306034
51,50.0,51.36714770610308
52,50.0,51.2976030881267
53,50.0,51.33348601705191
54,50.0,51.32648173541497
55,50.0,51.34345419978831
56,50.0,51.31298401516335
57,51.0,51.34868148952603
58,50.0,51.353118911422385
59,50.0,51.33586573627938
60,50.0,51.34125656322224
61,50.0,51.366066168813376
62,50.0,51.374101409222966
63,50.0,51.34832743990663
64,50.0,51.37378950836779
65,50.0,51.35906610205286
66,50.0,51.3615975568315
67,51.0,51.36026818480822
68,50.0,51.374377905116205
69,50.0,51.37034764028215
70,50.0,51.34691798523135
71,50.0,51.32607879322909
72,50.0,51.297891385673914
73,50.0,51.30000725363742
74,50.0,51.28310559918795
75,50.0,51.30436880775819
