,y_actual,y_predict
0,236.0,236.44930862852505
1,242.0,235.89502549990556
2,232.0,235.19475222380424
3,232.0,237.07937909803968
4,226.0,235.659675666051
5,220.0,230.86349977776885
6,222.0,230.24207121450428
7,218.0,217.3581819671553
8,216.0,220.12867178276457
9,216.0,219.41522891653568
10,214.0,218.00561374133875
11,214.0,217.4878640916811
12,212.0,215.54324400407268
13,218.0,211.92154044279374
14,224.0,209.26042470536694
15,220.0,211.17335151564993
16,224.0,211.26372165911593
17,220.0,212.70183050078197
18,222.0,212.97513926164717
19,218.0,214.2060116125213
20,218.0,213.87114144150263
21,220.0,214.33480359674195
22,216.0,216.04276464069991
23,210.0,217.19226817527175
24,208.0,213.18203927328594
25,204.0,210.83959580437187
26,202.0,209.52619021539877
27,206.0,208.26862589097558
28,216.0,207.98082507494755
29,212.0,211.85078907322406
30,210.0,217.12244620190842
31,212.0,217.21922117507293
32,212.0,216.08900197451183
33,216.0,214.90686709952095
34,214.0,216.49374255149922
35,212.0,213.4963475091457
36,214.0,208.80621353579596
37,214.0,208.1600991284788
38,218.0,207.89496986993657
39,216.0,208.40473068879137
40,216.0,209.55773258692219
41,214.0,210.83974772980767
42,216.0,210.47593423381522
43,220.0,210.2696561987929
44,220.0,211.3834164705959
45,220.0,212.7920609544177
46,218.0,214.5904920659538
47,220.0,214.46224660544857
48,220.0,213.23683541319346
49,216.0,213.97651447666397
50,216.0,213.94270036103987
51,216.0,213.57968217940942
52,214.0,214.45689862618107
53,216.0,214.91910270509007
54,218.0,213.7787666979909
55,218.0,215.08314954749056
56,218.0,214.601750862345
57,216.0,214.76877503543398
58,216.0,215.5836582092675
59,214.0,216.09734971641137
60,212.0,217.28563043411629
61,214.0,214.80806050601504
62,212.0,213.47639021682863
63,212.0,214.77278933369445
64,212.0,213.42628949055825
65,212.0,212.85713398336952
66,212.0,211.29782840963986
67,206.0,209.76709603381553
68,200.0,207.77846753187632
69,194.0,205.2930795616333
70,188.0,204.2763374456555
71,182.0,201.00331091664623
72,178.0,195.40239925008254
73,179.0,190.78937406302947
74,184.0,187.6908089160276
75,182.0,185.15982496163124
76,181.0,180.70990243608225
