,y_actual,y_predict
0,236.0,232.2841999017945
1,242.0,231.69474960350178
2,232.0,230.61104915568072
3,232.0,230.77080232016021
4,226.0,230.80562383397617
5,220.0,229.90248523717253
6,222.0,229.25581207053438
7,218.0,212.64618398628738
8,216.0,223.3834081207156
9,216.0,223.64270099540136
10,214.0,224.17091584772024
11,214.0,225.92776871462752
12,212.0,224.28228076089215
13,218.0,217.37184047168876
14,224.0,211.06534374675607
15,220.0,217.02809744736487
16,224.0,217.05469357533696
17,220.0,214.98520964271248
18,222.0,212.99801066735725
19,218.0,210.61277724650034
20,218.0,210.53917192193165
21,220.0,210.63881461515146
22,216.0,210.84780181717355
23,210.0,211.04999621883718
24,208.0,209.95826819412898
25,204.0,209.7960342606203
26,202.0,210.42926967344218
27,206.0,209.77127755201877
28,216.0,207.2673720123807
29,212.0,211.509186260241
30,210.0,214.85891780056312
31,212.0,215.2290601635362
32,212.0,212.41536132649338
33,216.0,212.59066594565124
34,214.0,212.5170076001251
35,212.0,208.21698959620628
36,214.0,207.4996180809559
37,214.0,207.8521901143317
38,218.0,207.31367766165707
39,216.0,208.4915596440789
40,216.0,208.71555891450052
41,214.0,207.38295362112186
42,216.0,206.97609526473724
43,220.0,206.70379594133146
44,220.0,207.47819557487196
45,220.0,208.00884665096845
46,218.0,208.34846423694793
47,220.0,208.89689262830257
48,220.0,208.0515101683204
49,216.0,209.0642186129956
50,216.0,210.22814078909684
51,216.0,210.66124349979347
52,214.0,210.9460384353867
53,216.0,210.97794583580958
54,218.0,211.32450610831575
55,218.0,211.78961410427982
56,218.0,212.4864970980047
57,216.0,213.0514904600323
58,216.0,214.0806068517757
59,214.0,213.91030047749283
60,212.0,214.32402402823553
61,214.0,212.49280965084455
62,212.0,210.91990522115861
63,212.0,212.81832060323666
64,212.0,212.409811459734
65,212.0,212.90950543410676
66,212.0,212.29150640911988
67,206.0,210.6317730241464
68,200.0,209.40583977938704
69,194.0,211.4783851624883
70,188.0,212.00937781590693
71,182.0,208.4536598558285
72,178.0,205.44918141748425
73,179.0,201.1051111549814
74,184.0,196.10282445161965
75,182.0,193.074091984136
76,181.0,190.68879738525123
