,y_actual,y_predict
0,63.0,53.55179396989512
1,59.0,53.02176185367758
2,57.00000000000001,53.258647278947684
3,58.0,53.67035394361191
4,54.99999999999999,54.019046306968654
5,53.0,54.38823831276812
6,52.00000000000001,54.643783283506025
7,56.0,54.96539735706531
8,54.0,56.09789285767947
9,54.0,56.62502050710328
10,54.99999999999999,54.724867818178225
11,54.0,54.16114869786445
12,53.0,54.12450911986402
13,53.0,53.72666932978851
14,53.0,53.38315449419449
15,52.00000000000001,53.3501169360894
16,51.0,53.25126283749282
17,51.0,53.27562307554956
18,51.0,52.96210903671316
19,52.00000000000001,52.70130235076922
20,51.0,52.516901783005714
21,53.0,52.25662427527678
22,53.0,52.32697491092867
23,53.0,52.12603151055739
24,52.00000000000001,51.88358971402971
25,51.0,51.96514930641766
26,50.0,51.860197631570884
27,51.0,51.68337393370407
28,51.0,51.76269053206704
29,51.0,51.49273748174781
30,51.0,51.4047555901141
31,51.0,51.42119619511215
32,51.0,51.16547082271004
33,50.0,50.9093726202019
34,50.0,50.76968761160648
35,51.0,50.47550661778426
36,50.0,50.60444570058175
37,50.0,50.66210808585109
38,50.0,50.755315612358
39,50.0,50.468476966268994
40,50.0,50.36182350238987
41,50.0,50.23598732821674
42,50.0,50.21015380990231
43,50.0,50.127006682869336
44,50.0,50.11217165268272
45,50.0,50.13876887137562
46,50.0,50.03135772050682
47,50.0,50.0882624187865
48,50.0,50.18442251919758
49,50.0,50.21343110680206
50,50.0,50.22747838305497
51,50.0,50.23370224047011
52,50.0,50.23382250824625
53,50.0,50.227003325339226
54,50.0,50.23007616701955
55,50.0,50.23165768827576
56,50.0,50.23193430416089
57,50.0,50.225620245913646
58,50.0,50.224826478591126
59,50.0,50.224994853477725
60,50.0,50.22503694719937
61,50.0,50.226871030785475
62,50.0,50.23571071233161
63,50.0,50.23615570310332
64,50.0,50.23638421187799
65,50.0,50.2383084962962
66,50.0,50.239294692060525
67,50.0,50.24194659652437
68,50.0,50.242968872621546
69,50.0,50.244580460821794
70,50.0,50.24529004070101
71,50.0,50.24656487912806
72,50.0,50.248224574438765
73,50.0,50.24831477527087
74,50.0,50.24886800704111
75,50.0,50.24800809244172
76,50.0,50.24729851256251
77,50.0,50.248417002880586
78,50.0,50.24898827481725
79,50.0,50.24904239531651
80,50.0,50.24949941286583
81,50.0,50.24934306475686
82,50.0,50.24923482375833
83,50.0,50.249697854696464
84,50.0,50.2505998630175
85,50.0,50.25127937595268
86,50.0,50.25219942444012
87,50.0,50.25229563866104
88,50.0,50.25212726377444
89,50.0,50.25191679516621
90,50.0,50.25205510310876
