,y_actual,y_predict
0,127.0,127.05809429369302
1,127.0,128.83937635494232
2,126.0,128.47446908937104
3,118.0,129.11962612032372
4,120.0,137.79379353922334
5,117.0,135.435405067883
6,128.0,131.30095781393626
7,140.0,129.95239241586165
8,154.0,129.72997834559771
9,169.0,135.39613809468585
10,163.0,133.479684935808
11,149.0,139.82239969524642
12,139.0,148.77314358862876
13,133.0,149.3249870158674
14,120.0,148.6602615368856
15,129.0,146.67798219401405
16,125.0,135.18128153984622
17,121.0,131.38010832260335
18,121.0,133.69672798133857
19,117.0,128.37266900406817
20,116.0,126.51100297305474
21,115.0,123.67293384933855
22,119.0,119.79314843748719
23,120.0,119.09414048069101
24,117.0,121.0211910560461
25,115.0,121.18302922921383
26,116.0,117.17004348093963
27,115.0,118.87215113836825
28,113.0,120.84815648894208
29,114.0,119.48136985832852
30,109.0,115.19263942250242
31,118.0,114.48445168811195
32,111.0,112.7497483487812
33,111.0,112.37844862479865
34,120.0,111.85658385531735
35,121.0,112.48909059003105
36,118.0,114.51619791413168
37,119.0,119.80142356475982
38,115.0,122.4139163807038
39,116.0,120.93263225134412
40,117.0,121.41615842482778
41,115.0,127.19300565773315
42,116.0,122.43126762772137
43,112.0,118.95206595539861
44,116.0,117.87773715778837
45,116.0,117.72384294525769
46,123.0,118.00258294079424
47,122.0,123.88335255250263
48,124.0,126.76614330718688
49,120.0,125.8077093699803
50,116.0,132.08133920178588
51,123.0,131.4460431285804
52,120.0,128.37392097549545
53,120.0,126.54005140257955
54,120.0,125.12821601297983
55,112.0,123.32389363885089
56,116.0,121.66891126291014
57,116.0,120.08129571940428
58,115.0,121.16435331565383
59,115.0,118.3768470100272
60,115.0,115.1923567192769
61,115.0,113.77670416302978
62,113.0,116.35696477264729
63,113.0,114.72795878451406
64,114.0,114.30125730556517
65,114.0,115.71715621748024
66,114.0,115.19794212728962
67,114.0,114.52453092825526
68,119.0,115.09688380140226
69,121.0,113.97247480049457
70,122.0,114.24607632835588
71,122.0,115.67151849344091
72,121.0,124.67448137464233
73,121.0,126.08663312261345
74,122.0,123.00932841361212
75,122.0,122.05595755655398
76,130.0,126.05984901130446
77,138.0,127.92046163625136
78,148.0,128.32219032384333
79,146.0,132.5308326186377
80,140.0,139.1078539989692
81,137.0,141.83577403706465
82,137.0,141.2680962002339
83,137.0,141.97507840729844
84,137.0,142.85314823127695
85,137.0,139.45099244307275
