,y_actual,y_predict
0,157.0,160.5389004568725
1,157.0,164.15178345063958
2,154.0,166.154060326562
3,144.0,167.30602746456526
4,134.0,170.43069259553647
5,125.0,173.80222392048057
6,123.0,161.65186895884403
7,144.0,149.1306782738405
8,134.0,147.90540228301592
9,128.0,142.2619509681502
10,122.0,146.8888199560402
11,124.0,148.62155027579678
12,123.0,151.86808212112427
13,118.0,153.3092077841149
14,111.0,152.9810184371513
15,106.0,152.26859328527917
16,103.0,152.46220246982654
17,96.0,153.52917725717128
18,90.0,145.5086330145518
19,84.0,146.54065386621795
20,79.0,147.95741476925588
21,74.00000000000003,150.0464005795411
22,69.0,152.24634206901231
23,69.0,154.85162261430668
24,65.0,157.2689372439815
25,61.00000000000003,159.35835220019283
26,56.99999999999997,161.5090599232954
27,54.0,162.86148112336696
28,51.0,164.35398628235654
29,50.0,166.8284309634397
30,50.0,168.75014642039025
31,62.0,170.57959550323528
32,57.99999999999997,217.48724611578822
33,54.0,264.7116211736735
34,51.0,262.2669312667023
35,50.0,265.95387625600904
36,57.99999999999997,268.65764880876924
37,56.99999999999997,266.61007457453917
38,54.0,252.9971182137444
39,53.0,247.42133985871766
40,52.0,248.92430008533117
41,51.0,250.08656538447917
42,50.0,260.26112412072376
43,51.0,267.72502854695927
44,51.0,267.24117824977196
45,53.0,267.41415557338297
46,52.0,267.4403214051442
47,51.0,253.57100500257286
48,50.0,229.6533829188561
49,50.0,225.34721199935765
50,50.0,216.7422005092105
51,50.0,211.32168513861512
52,50.0,209.09898282208988
53,50.0,206.07558003669945
54,50.0,204.65962378227294
55,50.0,203.01164441859152
56,50.0,192.55184546082683
57,50.0,190.43501344426355
58,50.0,185.80474883923347
59,50.0,184.15918342138622
60,50.0,181.5143624433284
61,50.0,180.61568259521687
62,50.0,177.8998916096349
