,y_actual,y_predict
0,55.0,57.25414875008039
1,56.0,56.99350273953429
2,57.0,56.689962891909225
3,56.0,56.45586550526097
4,55.0,56.25372640958186
5,55.0,55.98799322017331
6,54.0,55.80882341980349
7,55.0,55.65935739823992
8,53.0,55.57118156815683
9,54.0,55.5422099247437
10,54.0,55.42686373673847
11,55.0,55.44095153245751
12,55.0,55.402781711843616
13,55.0,55.34411500552178
14,56.0,55.24332727170259
15,56.0,55.29157848046766
16,55.0,55.279405276907596
17,56.0,55.3268488125009
18,55.0,55.347697239409506
19,54.0,55.435303630853504
20,54.0,55.352682732800695
21,53.0,55.32799640567661
22,53.0,55.28964645651362
23,52.0,55.24098560056431
24,53.0,55.137048522435066
25,56.0,55.06478792125462
26,55.0,55.11056962571753
27,55.0,55.101510902877365
28,53.0,55.112449354286355
29,55.0,55.03072619367986
30,55.0,55.051632726572045
31,55.0,55.121345380372496
32,55.0,55.12540698862476
33,58.0,55.29595967162962
34,56.0,55.563171658320286
35,56.0,55.67328249720493
36,56.0,55.633799481362125
37,55.0,55.68888685909542
38,55.0,55.64353223361182
39,54.0,55.70418325927293
40,54.0,55.66380831658217
41,55.0,55.74853846183894
42,56.0,55.868158344936504
43,56.0,55.773317758536756
44,56.0,55.65698667410984
45,55.0,55.59073423163159
46,54.0,55.54197750080938
47,54.0,55.441114229211536
48,54.0,55.382886223065725
49,54.0,55.32980931236431
50,54.0,55.3227232876667
51,54.0,55.20683671401417
52,53.0,55.16952686195727
53,56.0,55.04499702324718
54,54.0,55.15484638520571
55,53.0,55.12524719716991
56,53.0,55.07145848816964
57,54.0,55.02902949895931
58,53.0,55.03676050007467
59,52.0,55.04968036552375
60,52.0,54.99154242365249
61,52.0,54.78140794463274
62,52.0,54.824502247355056
63,51.0,54.847628428820016
64,50.0,54.558257725291
65,50.0,54.42721130052238
66,50.0,54.360732244708174
67,50.0,54.31224861200878
68,50.0,54.23480205179379
69,50.0,54.163511820539135
