,y_actual,y_predict
0,3500.0,3538.904083351394
1,3530.0,3522.173956286824
2,3540.0,3532.4824435871483
3,3540.0,3538.9871362652134
4,3540.0,3536.6400419748115
5,3540.0,3536.383938131646
6,3540.0,3532.5615837676114
7,3540.0,3535.1477254727456
8,3530.0,3535.8490520368496
9,3530.0,3532.032486973682
10,3540.0,3531.9965644776385
11,3530.0,3537.7834559248363
12,3530.0,3537.0605166572723
13,3490.0,3540.4608466905042
14,3600.0,3532.6434525647574
15,3620.0,3544.579472194606
16,3690.0,3545.6915379427805
17,3680.0,3539.95944020757
18,3500.0,3531.6199458729343
19,3580.0,3534.4158023634623
20,3570.0,3546.132539030361
21,3540.0,3534.508951159007
22,3540.0,3540.0117987578765
23,3500.0,3532.862380292705
24,3520.0,3529.7047529908937
25,3530.0,3536.885432136248
26,3530.0,3529.800496546454
27,3500.0,3525.491333798737
28,3540.0,3526.3000829126363
29,3530.0,3524.3765162663794
30,3530.0,3521.4548705467823
31,3530.0,3520.2942663116573
32,3530.0,3519.0460734810194
33,3480.0,3518.764549741872
34,3480.0,3519.9521080763216
35,3480.0,3514.815603008763
36,3480.0,3511.1924453850606
37,3480.0,3507.592825941496
38,3470.0,3505.8484393154545
39,3470.0,3496.667912599022
40,3470.0,3494.3449150829283
41,3450.0,3491.258480061065
42,3450.0,3479.9065647538528
43,3450.0,3482.946441949142
44,3450.0,3472.8090923287773
45,3450.0,3471.169590124183
46,3450.0,3465.050685232542
47,3450.0,3465.0768876751954
48,3450.0,3467.5050862352387
49,3450.0,3465.6607678844457
50,3460.0,3466.3160503291138
51,3600.0,3480.2877319110835
52,3600.0,3512.761273843408
53,3600.0,3513.2983273865507
54,3460.0,3510.849767168055
55,3450.0,3513.4048747196744
56,3450.0,3481.709471198153
57,3450.0,3477.070947041217
58,3450.0,3471.5104445440943
59,3450.0,3466.641314308517
60,3490.0,3463.9886200979936
61,3390.0,3515.9793503014066
62,3450.0,3483.87169141164
63,3450.0,3456.9288392650137
64,3450.0,3458.955781871042
65,3450.0,3442.2065931021934
66,3450.0,3445.9477608232532
67,3450.0,3448.067167496489
68,3450.0,3448.3354574447258
69,3470.0,3448.8221499909073
70,3470.0,3444.027198229514
71,3450.0,3490.6885960787195
72,3450.0,3463.865688193941
73,3500.0,3452.9781935818946
74,3490.0,3518.8760008625245
75,3580.0,3511.4242336497505
76,3580.0,3526.7023119016567
77,3580.0,3523.6503901804635
78,3580.0,3507.493228858413
79,3380.0,3498.2884419080888
80,3390.0,3502.4464515188797
81,3390.0,3469.830943650516
82,3390.0,3444.6980724017735
83,3420.0,3426.512145963684
84,3420.0,3418.520465308584
85,3420.0,3409.711347727033
