,y_actual,y_predict
0,6775.0,6625.464539275804
1,6800.0,6617.477097247176
2,6625.0,6616.267791572608
3,6575.0,6615.742531433402
4,6575.0,6617.250017056975
5,6550.0,6622.281148188343
6,6550.0,6622.514082218035
7,6925.0,6625.30538801468
8,7075.0,6643.626929977345
9,7100.0,6634.776900308921
10,7125.0,6636.949528444504
11,7000.0,6632.052425846449
12,7025.0,6635.709124247646
13,7025.0,6634.058097601588
14,6975.0,6638.620677663806
15,6975.0,6636.909893072959
16,7000.0,6638.569700478251
17,7050.0,6637.842360921663
18,6975.0,6635.920106379252
19,6975.0,6634.308593149749
20,7100.0,6636.926600906502
21,7000.0,6641.3906413373115
22,6950.0,6632.501708027279
23,6750.0,6631.42947976076
24,6850.0,6639.321187122734
25,6825.0,6636.131576330816
26,6750.0,6638.137613950922
27,6825.0,6638.931906796673
28,6750.0,6634.700556485576
29,6725.0,6635.963522355467
30,6775.0,6631.842907174716
31,6725.0,6632.831840183498
32,6725.0,6630.0133384242245
33,6725.0,6627.139713009757
34,6725.0,6626.924462453523
35,6775.0,6629.105993303329
36,6700.0,6631.001905568038
37,6700.0,6627.242521065793
38,6725.0,6626.832142526571
39,6600.0,6629.714548700274
40,6625.0,6630.57530701523
41,6600.0,6632.841596582647
42,6500.0,6635.792785370352
43,6425.0,6637.298441669083
44,6375.0,6640.276826419418
45,6500.0,6648.408663155456
46,6525.0,6651.255458472264
47,6550.0,6650.444701702948
48,6400.0,6652.186950681053
49,6400.0,6644.802698029837
50,6550.0,6649.101245540075
51,6500.0,6652.9916097009
52,6525.0,6651.935723402956
53,6525.0,6655.654862758708
54,6425.0,6657.6421193104525
55,6450.0,6655.959506322149
56,6525.0,6659.854748682548
57,6450.0,6664.444646662385
58,6500.0,6666.382511443435
59,6475.0,6674.113238219444
60,6500.0,6678.290684425239
61,6500.0,6683.6479231981775
62,6500.0,6687.934763029436
63,6500.0,6693.204072255039
64,6450.0,6692.0057425295145
65,6400.0,6694.325326427284
66,6400.0,6693.021139770988
67,6450.0,6695.291209943076
68,6400.0,6698.612654078501
69,6400.0,6701.424814178327
70,6425.0,6705.14200225425
71,6350.0,6706.914618024707
72,6375.0,6710.207036872663
73,6375.0,6714.574976771851
74,6375.0,6716.645284671355
75,6400.0,6718.115330113191
76,6375.0,6716.587965826351
