,y_actual,y_predict
0,6775.0,6510.2390262215595
1,6800.0,6505.712788746172
2,6625.0,6506.047921056954
3,6575.0,6503.5373556458335
4,6575.0,6509.939748677651
5,6550.0,6517.747185141972
6,6550.0,6523.8661547785
7,6925.0,6528.988142376947
8,7075.0,6545.833907013275
9,7100.0,6536.62362230626
10,7125.0,6535.52444198709
11,7000.0,6537.7106071264925
12,7025.0,6549.32706377373
13,7025.0,6561.529636099868
14,6975.0,6562.644792522645
15,6975.0,6562.6008887264725
16,7000.0,6564.8514461002615
17,7050.0,6557.098767426166
18,6975.0,6558.4228327457295
19,6975.0,6554.667716668114
20,7100.0,6562.6506463621345
21,7000.0,6562.479055692094
22,6950.0,6549.147911894349
23,6750.0,6544.301664526862
24,6850.0,6546.853694634367
25,6825.0,6550.364169003312
26,6750.0,6546.286360023829
27,6825.0,6546.900891215252
28,6750.0,6548.511184894861
29,6725.0,6549.7503695418245
30,6775.0,6558.575520392418
31,6725.0,6561.393412376745
32,6725.0,6554.533566179809
33,6725.0,6555.625063334649
34,6725.0,6558.76394085099
35,6775.0,6560.187887306846
36,6700.0,6566.779798392141
37,6700.0,6565.301703921006
38,6725.0,6565.6117135039785
39,6600.0,6567.238349152163
40,6625.0,6573.87209079881
41,6600.0,6581.384884008819
42,6500.0,6581.756114996454
43,6425.0,6581.583548686499
44,6375.0,6575.953008782389
45,6500.0,6581.57171905253
46,6525.0,6576.2535058761905
47,6550.0,6577.708184989367
48,6400.0,6575.70409864909
49,6400.0,6574.567844013152
50,6550.0,6573.2169485959275
51,6500.0,6580.111430009843
52,6525.0,6575.919837025281
53,6525.0,6577.093044022997
54,6425.0,6582.209543646923
55,6450.0,6583.14323104552
56,6525.0,6587.091645781285
57,6450.0,6593.294398495507
58,6500.0,6596.192658817827
59,6475.0,6596.128266583441
60,6500.0,6601.52940915255
61,6500.0,6605.197937187716
62,6500.0,6608.20522527053
63,6500.0,6612.908541390479
64,6450.0,6613.411971586588
65,6400.0,6620.234621511766
66,6400.0,6619.37581447664
67,6450.0,6621.187943663652
68,6400.0,6624.294625062801
69,6400.0,6624.7841523901225
70,6425.0,6629.5571048090005
71,6350.0,6628.772690317388
72,6375.0,6628.572196314868
73,6375.0,6626.284564624311
74,6375.0,6627.588629325619
75,6400.0,6627.541066879765
76,6375.0,6625.850038997195
