,y_actual,y_predict
0,139.0,80.00646817588344
1,139.0,80.32795984895424
2,139.0,80.5862625763618
3,139.0,81.00656382532851
4,138.0,81.42173415039719
5,135.0,81.90788687850936
6,137.0,81.18260536202482
7,135.0,80.28329769877149
8,136.0,80.23697146516236
9,133.0,80.01626777828331
10,146.0,79.3814291960231
11,132.0,143.5609182075865
12,119.0,141.90032473393708
13,108.0,159.59991647710487
14,98.0,151.66943164939235
15,104.0,150.98283313889044
16,108.0,150.84226200267307
17,111.0,150.02445051400025
18,100.0,149.54498185431743
19,90.0,149.65858443850584
20,81.0,149.3839193796856
21,73.0,149.08759465721198
22,69.0,148.64533444069787
23,68.0,148.10474422788639
24,66.0,147.6279496578207
25,70.00000000000001,146.99651782413065
26,71.0,146.33281895055745
27,68.0,145.6716994062952
28,68.0,144.94000192371112
29,63.0,144.21240224656455
30,62.0,143.62790218795269
31,61.0,143.37692142762126
32,59.999999999999986,143.58151586244205
33,62.0,144.12370428871094
34,59.0,145.0551541855904
35,62.0,146.0342638940471
36,58.0,151.81342224592825
37,58.0,152.31340304506836
38,59.0,144.01741558230418
39,58.0,143.00104196123124
40,59.0,142.20045835847554
41,59.0,144.62654638685362
42,58.0,145.60911600210102
43,57.0,146.86839726766044
44,58.0,149.87781240695747
45,58.0,154.04573584859756
46,58.0,144.29477899862488
47,63.0,139.1663304246831
48,69.0,131.7773747457431
49,74.0,127.16559402974494
50,66.99999999999999,128.35984661296416
51,66.0,129.18053326800145
52,71.0,128.48785623053928
53,64.0,129.30351827811967
54,58.0,139.1235704143058
55,53.000000000000014,148.65221611903408
56,48.0,145.0550686701921
57,51.0,160.7512853993033
58,47.0,149.05160191943534
59,46.0,147.53587730857467
60,46.0,147.45261997903458
61,48.0,147.63556052826945
62,47.0,147.49208186850984
63,47.0,146.9691089833618
64,48.0,146.84274958185117
65,46.0,146.70326934476887
66,47.0,146.66325276081812
67,47.0,146.6650277831396
68,46.0,146.48165965691322
69,46.0,145.3607122598535
70,46.0,145.6988586345501
71,46.0,145.74561706760468
72,46.0,145.6995889822761
73,46.0,146.01297055987024
74,46.0,146.1907270269865
75,46.0,147.17193301831506
76,45.0,147.86716858404532
77,47.0,148.04405256297625
78,45.0,148.75708226523398
79,45.0,151.12178872744803
80,45.0,157.5114045281658
81,45.0,157.35312130397875
82,44.0,155.1918340176656
83,44.0,152.77788224216525
84,42.999999999999986,141.2692742526989
85,42.0,136.65446351812852
86,40.0,134.29765451850886
87,39.0,132.89556484901436
88,39.0,130.5001560475834
