,y_actual,y_predict
0,760.0,755.8298516141509
1,755.0,755.3174938723452
2,765.0,742.1267468714881
3,760.0,750.8462843869738
4,765.0,754.996235815014
5,770.0,756.633394187625
6,765.0,757.3339836447084
7,760.0,757.6050451621838
8,800.0,757.3136570647157
9,755.0,757.4953969153036
10,745.0,755.8499885805243
11,720.0,756.3043240491772
12,720.0,741.0807451101517
13,705.0,726.5056902565218
14,695.0,710.8422097431836
15,695.0,700.8559612247278
16,700.0,696.3690052131343
17,700.0,693.0694410352704
18,695.0,691.0104211809083
19,690.0,689.244824104559
20,690.0,687.6295587732546
21,695.0,687.0635980197172
22,695.0,687.2168341397739
23,700.0,687.4399815597342
24,695.0,690.1654664873352
25,690.0,691.4069047758476
26,680.0,696.6236153473599
27,680.0,698.174232041561
28,680.0,698.6589269260329
29,675.0,699.4769655871143
30,680.0,699.8678386414664
31,675.0,700.2722222982416
32,675.0,700.2311565390203
33,665.0,700.4035178471778
34,670.0,700.3825521428788
35,665.0,700.6278019375814
36,665.0,700.7223761545426
37,670.0,700.726647770159
38,675.0,700.5596745226086
39,700.0,700.6750850009714
40,700.0,701.5380201220208
41,710.0,700.8323014901252
42,710.0,701.1010289903559
43,715.0,700.8958094116947
44,715.0,701.1031809785262
45,715.0,700.934067878077
46,705.0,700.7794483370536
47,700.0,700.6380724224772
48,695.0,700.4731743063768
49,690.0,700.4172873353957
50,700.0,699.8983224438197
51,690.0,700.055712871867
52,685.0,699.5948031198045
53,695.0,699.1347751974811
54,710.0,698.993172757834
55,730.0,698.5821834681976
56,720.0,699.631350512886
57,720.0,698.8294841238069
58,705.0,697.7430698853725
59,695.0,697.2677798364197
60,720.0,696.3888463822616
61,720.0,697.2836406364498
62,760.0,696.8158380500972
63,745.0,713.2425260221682
64,745.0,764.2349000256976
65,720.0,773.5297485215175
