,y_actual,y_predict
0,114.00000000000001,97.53711177342768
1,110.0,98.89807679699751
2,109.0,100.05262520316546
3,105.0,100.78883447769672
4,101.0,101.48477166029465
5,101.0,101.09956330885765
6,101.0,101.43673134758228
7,100.0,101.365713455513
8,100.0,101.40824787139252
9,93.0,101.4613034564675
10,94.0,101.70656117776451
11,91.0,101.74598830533242
12,85.0,99.41343691762691
13,80.0,99.44487776909571
14,81.0,95.46399170282655
15,81.0,94.25919517383008
16,81.0,94.48030326842459
17,82.0,94.49488571795715
18,83.0,94.7015885329667
19,88.0,95.14373657986818
20,89.0,95.42384226701074
21,89.0,95.26531604928866
22,90.0,95.02601396392222
23,90.0,95.10593123874361
24,90.0,95.13979795564865
25,90.0,95.46754873023588
26,90.0,95.46118424058008
27,89.0,95.89989791618979
28,91.0,96.13542491882677
29,91.0,96.19958769677001
30,101.0,96.34933718785754
31,97.0,97.65959072104363
32,101.0,94.75677015741277
33,100.0,94.73610941583209
34,96.0,94.97077782564611
35,94.0,93.91191481963523
36,94.0,94.0124519506648
37,94.0,94.0966349326859
38,92.0,94.1059022837907
39,90.0,94.14211309538695
40,90.0,94.24680690595616
41,90.0,94.19933898845909
42,90.0,94.10313570691676
43,89.0,94.30445528121103
44,90.0,94.15139407494925
45,88.0,94.20113794485002
46,88.0,94.24083764156808
47,87.0,94.5942099162686
48,85.0,94.86173653713215
49,83.0,95.76497618686992
50,83.0,95.9692122510707
51,80.0,96.14015399358172
52,79.0,96.33640378168334
53,81.0,96.47218410382618
54,80.0,96.84906546772635
55,78.0,96.1524877476256
56,73.0,96.30903783900919
57,68.0,96.23883765439032
58,64.0,96.38279505103739
59,60.0,96.48318226903436
60,56.0,97.39183241640245
61,58.0,97.26020877379929
62,58.0,97.72297667690896
