,y_actual,y_predict
0,228.0,206.88340295226382
1,226.0,208.45412984146168
2,224.0,209.02926478996423
3,218.0,210.09065140438895
4,220.0,211.07821252461434
5,220.0,211.94332177458733
6,218.0,209.60680656568593
7,216.0,207.82459334104095
8,208.0,206.93676436779583
9,199.0,206.04423059159467
10,196.0,205.78477703629264
11,194.0,205.8445485946696
12,202.0,203.8860927256157
13,197.0,202.9913093521142
14,202.0,201.42136861251055
15,200.0,199.37157425522054
16,198.0,197.19334724345765
17,197.0,197.7764283501661
18,197.0,196.80033291940677
19,206.0,196.57023298049103
20,199.0,200.53391457214877
21,199.0,200.9641681977461
22,198.0,201.06656115873747
23,198.0,201.30157150896463
24,197.0,201.59138253321166
25,197.0,194.91573882837957
26,197.0,193.9020896362361
27,199.0,193.56576274523115
28,197.0,194.01631112496779
29,197.0,194.07181328631785
30,196.0,194.08096890543789
31,196.0,194.25525222316594
32,198.0,194.19972587259764
33,196.0,193.44863855030553
34,196.0,193.36507689574736
35,193.0,193.28309963498674
36,194.0,193.26824745496106
37,194.0,193.44405469344093
38,193.0,195.63581557283305
39,192.0,196.20602801541506
40,192.0,196.30195036051578
41,191.0,196.4171515125879
42,194.0,196.0219359696733
43,190.0,192.91340371736055
44,189.0,192.90124863517343
45,185.0,192.68972601589888
46,179.0,191.86022934254288
47,184.0,191.47720516564283
48,182.0,190.438810403196
49,182.0,190.5722381312443
50,181.0,190.71407161264585
51,171.0,190.46696665327727
52,160.0,190.13991632748377
53,150.0,188.61837821366413
54,164.0,186.30535678301996
55,166.0,185.66183891443177
56,160.0,185.44360378708376
