,y_actual,y_predict
0,228.0,209.44888725412625
1,226.0,210.25881484989142
2,224.0,208.58755756950995
3,218.0,208.4002120739092
4,220.0,208.98782865904568
5,220.0,207.94457186372398
6,218.0,207.98263359869208
7,216.0,207.87077055874295
8,208.0,207.87415704930254
9,199.0,208.25494372351142
10,196.0,209.60806440503663
11,194.0,208.08882426695385
12,202.0,206.38973729093794
13,197.0,207.4094458822613
14,202.0,207.01941892666838
15,200.0,207.84764566606452
16,198.0,206.72584647897838
17,197.0,206.57410751268998
18,197.0,206.56313770219867
19,206.0,206.40435967338993
20,199.0,210.2704256746672
21,199.0,206.97973651407534
22,198.0,207.65381745996393
23,198.0,208.12011302080273
24,197.0,207.9906402299437
25,197.0,206.91833218346426
26,197.0,206.01197426901444
27,199.0,205.9058440737984
28,197.0,205.79920590499836
29,197.0,205.36126010798708
30,196.0,205.01808766820807
31,196.0,205.01536638115124
32,198.0,204.91720653335938
33,196.0,204.80545234489256
34,196.0,204.7145129787581
35,193.0,204.10583967910637
36,194.0,204.19243708055905
37,194.0,204.03486851266445
38,193.0,206.42261043858437
39,192.0,203.3619486492534
40,192.0,204.67122637264094
41,191.0,205.35798246890977
42,194.0,205.14416187389838
43,190.0,205.90209474496453
44,189.0,205.45927482046926
45,185.0,205.79321907347335
46,179.0,206.60442869780752
47,184.0,207.11074532029534
48,182.0,207.49841382710565
49,182.0,208.20888745190086
50,181.0,208.81999176799002
51,171.0,209.07587741359532
52,160.0,209.99440250484142
53,150.0,209.87595999751937
54,164.0,210.94449452594665
55,166.0,212.2513714694196
56,160.0,213.20850860034972
