,y_actual,y_predict
0,104.0,106.89708634922415
1,106.0,107.69944210709326
2,111.0,108.71626782901066
3,123.0,109.34888112443123
4,117.0,109.17362164722402
5,125.0,110.42908821135823
6,125.0,113.00037543652601
7,123.0,116.0917635915763
8,121.0,119.56543393245474
9,122.0,123.94824323138428
10,130.0,128.91208794836737
11,131.0,133.68382974977973
12,138.0,139.26403240967278
13,135.0,144.1180248877797
14,134.0,148.60091870429724
15,128.0,151.86288913037862
16,125.0,154.1592379751058
17,144.0,154.86973362352083
18,144.0,151.36261383870826
19,142.0,156.9917848136975
20,145.0,161.96128834557948
21,152.0,166.29143812886298
22,142.0,169.49371619203276
23,144.0,170.7007013981415
24,158.0,173.1333938257742
25,160.0,168.0623745841911
26,155.0,174.93202637671075
27,150.0,181.90994752282018
28,151.0,187.0867210891491
29,167.0,188.75211866800646
30,170.0,190.0960146575817
31,180.0,193.58210844950656
32,174.0,197.04769508316545
33,180.0,201.15511531903815
34,183.0,205.83108156836437
35,195.0,212.10111882678132
36,262.0,215.2469714263945
37,244.0,212.70590411948626
38,228.0,221.67562258431593
39,214.0,230.5433856490871
40,216.0,236.5812751926392
41,202.0,239.50515451225618
42,192.0,241.05306682763407
43,180.0,242.83333790924837
44,190.0,243.20521042586665
45,186.0,243.12075470203004
46,206.0,243.0501404306423
47,210.0,241.9811300586648
48,236.0,240.54155744733384
49,224.0,238.34244612513092
50,266.0,239.09279530753463
51,260.0,238.84099343369695
52,294.0,241.07781260094478
53,284.0,243.66415922085125
54,282.0,245.97510138853835
55,276.0,248.0056618091611
56,274.0,249.37271189295348
57,302.0,250.32515155739475
58,294.0,251.39657143253046
59,318.0,251.80766432902288
60,312.0,251.96509106456253
61,298.0,252.03936355972328
62,302.0,252.05359193968658
63,288.0,252.4270121663627
64,302.0,252.52847511322094
65,298.0,252.51306836309996
66,292.0,252.48281766651544
67,296.0,252.21181011786942
68,284.0,252.26239209657706
69,272.0,252.32718486763372
70,278.0,252.6602766947352
71,296.0,252.9244778366497
72,286.0,252.81079149785756
73,278.0,253.04233244002933
74,290.0,253.03888526762782
75,306.0,252.98074061477405
76,308.0,253.09922837226827
77,312.0,253.13007704773878
78,310.0,253.15531527424972
79,300.0,253.1595538892944
80,302.0,252.98420537478984
81,326.0,252.98469782799006
82,366.0,252.79322147117853
83,388.0,252.70030610486683
