,y_actual,y_predict
0,50.0,49.290994624684316
1,50.0,49.29127655967257
2,50.0,49.29138984089723
3,50.0,49.29150143135735
4,50.0,49.291504812886444
5,50.0,49.291482410256194
6,50.0,49.29158596958471
7,50.0,49.2916776935614
8,50.0,49.29177956212537
9,50.0,49.29190002909936
10,50.0,49.29201500108857
11,50.0,49.292075445921135
12,50.0,49.291671353194346
13,50.0,49.291743210687606
14,50.0,49.2917673040824
15,50.0,49.29180238744676
16,50.0,49.29187931723366
17,50.0,49.291969773136934
18,50.0,49.29200739264811
19,50.0,49.28995691794346
20,50.0,49.29008457066677
21,50.0,49.29024181176966
22,50.0,49.29029464816176
23,50.0,49.2902629463265
24,50.0,49.29034241226022
25,50.0,49.290473446512635
26,50.0,49.29013867513228
27,50.0,49.29017206773209
28,50.0,49.29012472632476
29,50.0,49.290065126874474
30,50.0,49.289996228219174
31,50.0,49.29001609470261
32,50.0,49.29021475953691
33,50.0,49.29017418118777
34,50.0,49.29022701757987
35,50.0,49.29021602761031
36,50.0,49.290148397028425
37,50.0,49.29005075537582
38,50.0,49.290186861921875
39,50.0,49.290229976417834
40,50.0,49.29004652846446
41,50.0,49.28991972112341
42,50.0,49.289942969135936
43,50.0,49.2899425464448
44,50.0,49.28987237971609
45,50.0,49.289748953904144
46,50.0,49.289649621486994
47,50.0,49.28968470485135
48,51.0,49.28966864258815
49,50.0,49.38919127074966
50,50.0,49.404537917853766
51,50.0,49.53327315317124
52,50.0,49.56262271225552
53,50.0,49.573678198938744
54,50.0,49.59639192986627
