,y_actual,y_predict
0,50.0,50.15832893979992
1,50.0,50.158322176741734
2,50.0,50.15838727117681
3,50.0,50.15846462365484
4,50.0,50.158415168791834
5,50.0,50.15842319992343
6,50.0,50.15871274335215
7,50.0,50.158515769282396
8,50.0,50.15858255448201
9,50.0,50.15863496818297
10,50.0,50.158641308550024
11,50.0,50.15856311068971
12,50.0,50.15857452335041
13,50.0,50.15864595815253
14,50.0,50.158596080598386
15,50.0,50.15862735974251
16,50.0,50.1586742784587
17,50.0,50.15859861674521
18,50.0,50.15856606952767
19,50.0,50.15856902836563
20,50.0,50.15870598029396
21,50.0,50.15873218714444
22,50.0,50.15865145313731
23,50.0,50.15867131962074
24,50.0,50.158249473866206
25,50.0,50.158322176741734
26,50.0,50.15834922897449
27,50.0,50.15827483533441
28,50.0,50.158283711848284
29,50.0,50.15833401209356
30,50.0,50.158312454845586
31,50.0,50.158198750929785
32,50.0,50.1583745904427
33,50.0,50.158245246954834
34,50.0,50.15819621478297
35,50.0,50.158184379431134
36,50.0,50.15820382322343
37,50.0,50.15819959631206
38,50.0,50.15831752713923
39,50.0,50.15821734933981
40,50.0,50.15820931820821
41,50.0,50.15825201001302
42,50.0,50.158197060165236
43,50.0,50.15819790554751
44,50.0,50.158211431663894
45,50.0,50.15821988548663
46,50.0,50.15819452401842
47,50.0,50.15815056414019
48,51.0,50.15814929606678
49,50.0,50.21063274106858
50,50.0,50.07600772745082
51,50.0,50.1738590348574
52,50.0,50.21692999362475
53,50.0,50.23606353062352
54,50.0,50.26079561172931
