,y_actual,y_predict
0,222.0,212.63606687383623
1,220.0,213.51048157789472
2,210.0,214.24023801601453
3,218.0,214.65902078563172
4,208.0,215.4302086074178
5,210.0,214.98951869094026
6,208.0,213.51547006336918
7,208.0,212.40256903337945
8,206.0,211.46236647977128
9,206.0,209.57325789124164
10,204.0,208.39103761712988
11,206.0,207.3114387317522
12,208.0,206.527051150829
13,214.0,206.23628143445939
14,216.0,206.53778987171327
15,214.0,207.34501041864905
16,214.0,207.62358822964222
17,214.0,207.8185063656781
18,218.0,208.19505303118444
19,212.0,208.9754287291145
20,208.0,209.7661837582157
21,218.0,210.4298593660414
22,214.0,211.37131587723556
23,216.0,212.2903066249501
24,218.0,211.8969858352251
25,210.0,211.7382644935558
26,212.0,211.64811236530286
27,210.0,211.74981184129456
28,210.0,211.0853354194342
29,208.0,210.45750112267186
30,212.0,209.80481815237556
31,208.0,209.52164249690045
32,212.0,208.82244590362524
33,210.0,208.58449084944385
34,210.0,208.24169947210083
35,212.0,207.78487608263237
36,210.0,207.50683344979893
37,212.0,207.47378912824198
38,212.0,207.42216982749088
39,210.0,207.44793650735724
40,210.0,207.61665435202505
41,208.0,207.55819102108507
42,206.0,207.49682132116075
43,204.0,207.25676852484952
44,204.0,207.24732282565049
45,195.0,206.81631689937743
46,200.0,206.47474432193107
47,195.0,205.93942943783628
48,200.0,204.8593969409569
49,200.0,204.05296548882603
50,202.0,203.68284096123665
51,204.0,203.35984726939435
52,206.0,203.37580886034857
53,202.0,203.4179160529319
54,199.0,203.25108109784802
55,197.0,202.70921125789883
56,199.0,202.88336682518246
57,192.0,202.62530157270632
58,194.0,202.7065197414604
59,194.0,202.40080019430718
60,194.0,202.2095579900109
61,198.0,201.877513146372
62,199.0,201.71747143814798
63,200.0,201.94234001908006
64,200.0,201.8401131777485
65,202.0,201.94727381481556
66,202.0,201.87969682952016
67,199.0,201.9283121010388
68,198.0,202.17201739063006
69,198.0,202.25643490911284
70,194.0,202.36454480379174
71,200.0,202.33907110466976
72,196.0,202.22998460750955
73,183.0,202.34893088332086
74,184.0,201.97162637428903
75,183.0,201.20075887811683
76,195.0,200.89038289033283
