,y_actual,y_predict
0,26.0,22.185364168076696
1,26.0,22.232149687754507
2,26.0,22.32920458859884
3,26.0,22.295068617686
4,26.0,22.315302415478385
5,26.0,22.30668670858323
6,26.0,22.17672497447488
7,26.0,22.20010794818601
8,25.0,22.254119544614582
9,26.0,22.254465973537904
10,25.0,22.30261372220231
11,26.0,22.279009582003418
12,26.0,22.234463128361064
13,26.0,22.175987100440473
14,25.0,22.191924788138614
15,25.0,22.14129723469543
16,25.0,22.190932474781995
17,25.0,22.10056932811179
18,25.0,21.985161523233863
19,25.0,21.834046095322066
20,26.0,21.708251294421295
21,26.0,21.780684297777903
22,25.0,21.87607555690009
23,25.0,21.913932213593874
24,24.0,21.97052930498122
25,25.0,21.99552503255005
26,25.0,21.7010173887683
27,25.0,21.458677634941893
28,25.0,21.390307831838427
29,24.0,21.401088230197928
30,24.0,21.504715494457507
31,24.0,21.450332025173395
32,24.0,21.33333299591888
33,24.0,21.187359199541284
34,24.0,21.04750369025006
35,24.0,20.848128951817195
36,23.0,20.763788188181145
37,24.0,20.932771128188776
38,23.0,20.989816424228323
39,23.0,21.016599098729287
40,23.0,20.91353551542968
41,23.0,20.802020632181573
42,23.0,20.440360579591868
