,y_actual,y_predict
0,26.0,26.841167303226122
1,26.0,26.802369221040163
2,26.0,26.839947951705067
3,26.0,26.86022676568523
4,26.0,26.847132926719176
5,26.0,26.8385974660718
6,26.0,26.82180838525703
7,26.0,26.825895072216838
8,25.0,26.803075779465686
9,26.0,26.820727996750414
10,25.0,26.840570349431704
11,26.0,26.838491775891804
12,26.0,26.850898628687887
13,26.0,26.836332956104126
14,25.0,26.809286056153173
15,25.0,26.8158153606062
16,25.0,26.80508389288559
17,25.0,26.78877433233191
18,25.0,26.760964114414328
19,25.0,26.764201365483064
20,26.0,26.745556834841718
21,26.0,26.75734324713672
22,25.0,26.80709592075661
23,25.0,26.7921016157762
24,24.0,26.78166960356558
25,25.0,26.759572527044394
26,25.0,26.732073507990126
27,25.0,26.709712206018953
28,25.0,26.690000987449878
29,24.0,26.662958001950035
30,24.0,26.644534637796454
31,24.0,26.57359108308756
32,24.0,26.55676872943835
33,24.0,26.53094900991067
34,24.0,26.50492769615078
35,24.0,26.51613868413248
36,23.0,26.494742294360147
37,24.0,26.475545826112157
38,23.0,26.523018331959932
39,23.0,26.491861258342503
40,23.0,26.474641587905534
41,23.0,26.46711409841922
42,23.0,26.455139792470895
