,y_actual,y_predict
0,1165.0,1128.4121192389812
1,1115.0,1128.0740740328417
2,1125.0,1124.2440560817222
3,1100.0,1120.1266280519017
4,1095.0,1115.6387714227249
5,1115.0,1110.612896660767
6,1065.0,1107.416395011238
7,1115.0,1103.9998574600443
8,1115.0,1102.3221309812457
9,1070.0,1100.7853429212337
10,1065.0,1099.4797766676115
11,1100.0,1093.70297341194
12,1100.0,1094.2700112050225
13,1100.0,1090.749277548427
14,1100.0,1091.0456244086608
15,1090.0,1091.9550265205612
16,1190.0,1094.2332887953821
17,1220.0,1105.325387169964
18,1205.0,1115.261993528694
19,1215.0,1127.3711931797086
20,1205.0,1143.2215803676297
21,1125.0,1165.2502492528756
22,1050.0,1153.7953255095517
23,1090.0,1136.7210172302543
24,1015.0,1123.195009294464
25,1025.0,1105.6047561356595
26,1010.0,1093.4906601633595
27,940.0,1087.5316381216417
28,975.0,1081.7246408847104
29,940.0,1077.5912301476048
30,955.0,1076.3616762963761
31,995.0,1072.315264828938
32,1020.0,1072.4386282408348
33,1005.0,1073.6079135520147
34,1020.0,1072.7671594568344
35,1020.0,1075.5710199275177
36,1005.0,1079.0118798551778
37,995.0,1080.2933824810193
38,1010.0,1079.0704167694062
39,1060.0,1079.8642577374744
40,1080.0,1079.4370437534553
41,1035.0,1080.2959699678775
42,1065.0,1081.7714943005874
43,1010.0,1084.7467658237479
44,1040.0,1087.4405585842364
45,1040.0,1084.4578629641674
46,1035.0,1082.080241193995
47,1025.0,1081.7901242059656
48,1040.0,1079.6981012736935
49,1065.0,1079.8573909454278
50,1065.0,1080.737693782047
51,1065.0,1081.4537509144116
52,1075.0,1081.659077948475
53,1080.0,1084.1816188864466
54,1055.0,1085.2162951697696
55,1070.0,1087.0162107395063
56,1090.0,1086.134912715634
57,1075.0,1087.923821514351
58,1080.0,1088.6288519719508
59,1090.0,1088.8306162356482
60,1145.0,1089.5512114218868
61,1105.0,1095.0985244969893
62,1105.0,1098.6487953112571
63,1105.0,1099.569204194177
64,1105.0,1101.3409758683954
65,1105.0,1102.8382549944583
66,1125.0,1096.7657019909047
67,1130.0,1099.0674506848993
68,1130.0,1100.3112158101026
69,1130.0,1101.8928868152302
70,1130.0,1104.2630446810042
71,1130.0,1106.9772785876717
72,1130.0,1108.0597238591445
73,1130.0,1106.5319720993907
74,1125.0,1106.182004549959
75,1110.0,1105.4640167543234
