,y_actual,y_predict
0,1165.0,1077.7396921820252
1,1115.0,1074.8161106847915
2,1125.0,1072.5248313606999
3,1100.0,1070.0520497853843
4,1095.0,1067.8267314724294
5,1115.0,1064.186018040598
6,1065.0,1063.8769924947594
7,1115.0,1061.3017265361175
8,1115.0,1060.1674519125022
9,1070.0,1058.3793392635878
10,1065.0,1056.7635930469135
11,1100.0,1056.0394948015437
12,1100.0,1056.1332016332976
13,1100.0,1055.021856123994
14,1100.0,1056.1485673244856
15,1090.0,1055.1193048598195
16,1190.0,1055.6636324797857
17,1220.0,1060.9614919180212
18,1205.0,1058.326514724192
19,1215.0,1057.5162332627024
20,1205.0,1056.634616778909
21,1125.0,1056.2747570681813
22,1050.0,1056.3860986180603
23,1090.0,1058.4499179435788
24,1015.0,1057.445654582711
25,1025.0,1058.2754815218523
26,1010.0,1059.3224583196238
27,940.0,1059.797918981674
28,975.0,1061.9707312151545
29,940.0,1063.933320093286
30,955.0,1065.8215883873545
31,995.0,1066.8945196686875
32,1020.0,1069.681203207382
33,1005.0,1070.4361920650883
34,1020.0,1071.3072993714886
35,1020.0,1072.7072889916867
36,1005.0,1072.794487298805
37,995.0,1073.5725246932939
38,1010.0,1074.0191249250036
39,1060.0,1075.3355586234297
40,1080.0,1077.232684084051
41,1035.0,1077.521049542515
42,1065.0,1078.5065038642988
43,1010.0,1080.198441617072
44,1040.0,1082.8222329061757
45,1040.0,1085.0372211754434
46,1035.0,1088.1958061906284
47,1025.0,1090.4324696382691
48,1040.0,1091.8050119940262
49,1065.0,1093.322971111209
50,1065.0,1094.0021466039727
51,1065.0,1093.8847145081047
52,1075.0,1093.3012163178557
53,1080.0,1092.5169689549077
54,1055.0,1090.8280167638939
55,1070.0,1089.9564516713572
56,1090.0,1087.1767941546696
57,1075.0,1085.745655173449
58,1080.0,1084.512259899423
59,1090.0,1083.7480357040076
60,1145.0,1083.080464094615
61,1105.0,1083.305933718682
62,1105.0,1082.2175969386706
63,1105.0,1080.1096311066035
64,1105.0,1078.8142157629632
65,1105.0,1077.3955166224064
66,1125.0,1076.7907015211958
67,1130.0,1078.2855921978512
68,1130.0,1075.6254765740084
69,1130.0,1075.2614768843075
70,1130.0,1074.3939721557635
71,1130.0,1072.9393467553691
72,1130.0,1072.3711346413281
73,1130.0,1069.942559283796
74,1125.0,1068.3481299780835
75,1110.0,1067.1611900450332
