,y_actual,y_predict
0,178.0,169.509916698963
1,179.0,168.8899632301066
2,171.0,168.2701582175406
3,166.0,166.1669374628692
4,165.0,165.76272472408084
5,167.0,165.74358061062793
6,166.0,163.77441588621932
7,172.0,161.44220130355203
8,166.0,160.5093154704851
9,165.0,160.00223601845167
10,170.0,160.16549744985093
11,160.0,161.31108065903192
12,165.0,160.69082352958145
13,165.0,160.83135090450455
14,155.0,160.79924385769138
15,159.0,159.55009888990557
16,158.0,159.50419215609514
17,161.0,160.53491068455872
18,157.0,161.66143075644527
19,168.0,160.71834192741753
20,164.0,162.24935815464693
21,164.0,162.894171304138
22,164.0,161.48017912185057
23,162.0,162.30769472877466
24,159.0,162.3116760565636
25,158.0,162.36240761981315
26,152.0,161.50275122600988
27,159.0,161.11295224342007
28,156.0,160.81145101357305
29,153.0,161.26040982790119
30,151.0,161.35378208657158
31,161.0,159.93881819038313
32,158.0,160.06755678624305
33,158.0,160.2418647152533
34,156.0,160.02374193652514
35,161.0,159.96473730909042
36,157.0,159.31814268411415
37,160.0,159.63352457711682
38,159.0,159.30497731035786
39,157.0,159.19801455309943
40,158.0,158.66425345686693
41,159.0,157.4801053522388
42,157.0,157.1471381368328
43,159.0,156.59966507777466
44,159.0,156.8461362599627
45,157.0,154.97477049088474
46,157.0,154.76234978331192
47,157.0,154.7882149179136
48,153.0,154.85977759791646
49,151.0,155.10006760001187
50,152.0,155.30560533411906
51,153.0,155.14884898744614
52,152.0,155.11794983499607
53,152.0,154.28660135657347
54,152.0,153.66496088441664
55,153.0,153.81456433709587
56,150.0,153.959410440468
57,149.0,152.50503139916907
58,144.0,151.78144869157583
59,140.0,151.19903442015985
60,141.0,151.51023254497755
61,142.0,151.09855650358818
62,140.0,151.94452117860544
63,141.0,152.19595889850984
64,140.0,152.40397315346206
65,139.0,153.1412408318281
66,139.0,153.46098194135902
67,139.0,153.68233027039753
68,138.0,154.19351251445755
69,137.0,154.48614010694445
70,136.0,154.96808995781518
71,149.0,154.76961064551682
72,156.0,156.1611791799354
73,148.0,160.17157066173235
74,156.0,162.69936965903452
75,152.0,165.08408378441018
