,y_actual,y_predict
0,204.0,209.4069534688372
1,202.0,206.9645640206283
2,204.0,205.82341769677436
3,206.0,205.67822255603204
4,208.0,205.05171256680197
5,204.0,204.8870394537835
6,206.0,204.3558434728335
7,204.0,204.2508376568949
8,202.0,203.9621053619777
9,204.0,202.81165813786734
10,204.0,202.52234622162982
11,204.0,203.3194333736064
12,206.0,202.48824292068957
13,202.0,202.30881642313386
14,204.0,202.38444352587118
15,204.0,201.48036232203162
16,202.0,200.75681967990886
17,204.0,200.16861187630002
18,200.0,199.4957052223125
19,204.0,199.22442222505032
20,202.0,199.21845077749438
21,202.0,199.0111148393866
22,202.0,198.9599598879762
23,202.0,198.47627263594478
24,197.0,198.06778788033458
25,192.0,199.86489704423064
26,179.0,199.10634123049033
27,167.0,199.72699434847198
28,163.0,196.75740561051026
29,162.0,193.63018009276755
30,160.0,190.38918704145334
31,174.0,187.06704026551034
32,173.0,188.07273717454282
33,176.0,184.5116987974481
34,178.0,182.2641025515664
35,179.0,180.50103603056544
36,179.0,178.9292715044041
37,178.0,177.56005093078366
38,178.0,176.285760197824
39,179.0,175.19616647256532
40,180.0,173.97292285449134
41,179.0,173.01901443645193
42,179.0,172.09418144138806
43,175.0,171.1812778618705
44,177.0,170.4035473660798
45,177.0,169.82141884655164
46,175.0,169.40959115867537
47,167.0,169.18438131659653
48,170.0,169.43214247190582
49,171.0,169.28212164668264
50,171.0,169.48183489044982
51,167.0,169.78414110791516
52,166.0,168.69958874018678
53,165.0,168.53294761059232
54,166.0,168.2403062416543
55,164.0,167.91971499346744
56,163.0,167.8136308122817
57,168.0,167.37453396321882
58,166.0,167.43873713411938
59,167.0,167.15352974560375
60,161.0,166.869704012561
61,162.0,166.64592974421737
62,161.0,166.2280564711744
63,162.0,166.0526940626438
64,159.0,165.93818515296493
65,158.0,165.69003309025356
66,158.0,165.43421115472202
67,159.0,165.47463637192354
68,158.0,165.56029901124185
69,157.0,165.5450266634295
70,149.0,165.79457386117934
71,144.0,165.77930151336696
72,150.0,165.61331414270356
73,149.0,165.77242019513375
74,147.0,165.9618552701393
75,146.0,165.86317137046194
