,y_actual,y_predict
0,204.0,216.62285473930913
1,202.0,214.33035806045035
2,204.0,211.52713412098853
3,206.0,207.53309839825994
4,208.0,203.9190988079659
5,204.0,202.29597713691032
6,206.0,200.0396730916581
7,204.0,199.65051803310257
8,202.0,199.0777645514416
9,204.0,198.32174963581485
10,204.0,197.86591790607315
11,204.0,198.7227869314371
12,206.0,197.40786878779207
13,202.0,197.47120926649495
14,204.0,197.02108613278023
15,204.0,196.41276007752975
16,202.0,195.84318777334778
17,204.0,195.64638611574782
18,200.0,195.1849334071555
19,204.0,194.86850060495286
20,202.0,194.56242684890537
21,202.0,193.7372348026757
22,202.0,193.27459589231154
23,202.0,192.52141842524125
24,197.0,192.27389990211256
25,192.0,195.22020269051922
26,179.0,193.98562275778488
27,167.0,196.12098814057225
28,163.0,192.9393253971982
29,162.0,189.52201288819657
30,160.0,185.8562652456062
31,174.0,182.4853426615793
32,173.0,184.34281332018304
33,176.0,179.090749960378
34,178.0,176.5431188038327
35,179.0,174.79503481998395
36,179.0,172.9574734797552
37,178.0,171.1807791179437
38,178.0,169.64805141372824
39,179.0,168.26792587154625
40,180.0,166.8427381416001
41,179.0,165.69780405981564
42,179.0,164.7012328166869
43,175.0,163.55620437794335
44,177.0,162.52283392075654
45,177.0,161.38470027981174
46,175.0,160.41961730189902
47,167.0,159.41681175968537
48,170.0,158.6250692554649
49,171.0,157.54266013866516
50,171.0,156.78329555098952
51,167.0,156.19955622337346
52,166.0,155.74809861266542
53,165.0,155.67339486017096
54,166.0,155.70763295676713
55,164.0,155.87326311894242
56,163.0,156.16351186498838
57,168.0,155.23582120201962
58,166.0,155.26959425360297
59,167.0,155.02408418574703
60,161.0,154.64297642784817
61,162.0,154.43005320980376
62,161.0,153.93121492605025
63,162.0,153.56180743108266
64,159.0,153.1229127755036
65,158.0,152.66937931169485
66,158.0,152.17750996335087
67,159.0,151.75968386878748
68,158.0,151.30550338583043
69,157.0,151.08039464049352
70,149.0,150.98324741129332
71,144.0,150.53817911467448
72,150.0,149.92981936051004
73,149.0,149.7364415125697
74,147.0,149.4605417640933
75,146.0,149.0663049093107
