,y_actual,y_predict
0,146.0,122.45090131381052
1,151.0,126.759160973829
2,150.0,128.85315073775294
3,151.0,127.99911583241226
4,149.0,130.5308578592739
5,146.0,132.2925496254386
6,147.0,133.51995857673253
7,147.0,135.59629091080765
8,144.0,138.26217056685073
9,134.0,139.60849290027835
10,128.0,140.24093656084818
11,133.0,139.92039996811496
12,133.0,141.28287201610408
13,134.0,142.41295978427766
14,134.0,140.8669142066695
15,138.0,141.99898161727322
16,139.0,138.0571335456209
17,140.0,134.0006807253593
18,140.0,133.2716329657692
19,142.0,132.95669820951002
20,144.0,132.55111666829276
21,144.0,132.82632373962304
22,147.0,133.03223719697513
23,148.0,134.09797739278392
24,147.0,134.6469083358528
25,149.0,136.82219214681425
26,151.0,138.47838061640903
27,154.0,138.79294150830833
28,149.0,140.56341602246795
29,141.0,141.37589682354792
30,138.0,141.32086521556016
31,142.0,140.32820017979572
32,145.0,140.30284482148795
33,146.0,141.3176230148
34,148.0,141.84488821176834
35,146.0,142.72890581298563
36,146.0,142.3859312297364
37,142.0,142.21664422180348
38,138.0,140.98120638015828
39,136.0,139.66020263149483
40,135.0,138.82296097772854
41,134.0,136.8291239597816
42,131.0,134.92244024015145
43,130.0,131.76045483641167
44,127.0,130.31938546791523
45,125.0,129.90244090172757
46,125.0,128.52747810676448
47,124.0,126.14537988663288
48,116.0,123.49886763021576
49,108.0,120.84290457309507
50,108.0,117.97567750802942
51,109.0,116.92620960526078
52,102.0,117.1435044743551
53,95.00000000000001,115.39329831163944
54,88.99999999999999,114.807955431489
55,83.0,113.86690206415811
56,78.0,113.46774976414578
57,73.0,112.53282532074714
58,73.0,112.2385082645961
