,y_actual,y_predict
0,640.0,621.8855300387262
1,635.0,619.7199963104047
2,635.0,618.7333206896823
3,645.0,618.0938945419281
4,650.0,617.9164794459098
5,655.0,616.4168856179256
6,645.0,615.0793202779496
7,610.0,614.3994386096227
8,620.0,613.3631693243021
9,620.0,613.6435996373633
10,620.0,613.8674184914412
11,620.0,614.5114793857545
12,620.0,614.9925923484101
13,600.0,615.8599467004302
14,630.0,615.744078036452
15,590.0,616.8768138483333
16,645.0,614.9403904661126
17,645.0,611.6614292425469
18,610.0,605.5352700275023
19,610.0,603.564583296225
20,600.0,602.2210697187624
21,600.0,603.4836347267674
22,600.0,604.5980567222854
23,600.0,605.3805595603769
24,595.0,606.2588158870967
25,625.0,606.1364735892607
26,655.0,604.0912931582276
27,650.0,595.3638965099915
28,715.0,412.5597442390307
29,785.0,391.92401367051065
30,755.0,329.6348133587384
31,735.0,419.5102503602917
32,725.0,489.945779163997
33,790.0,531.1624302010404
34,860.0,377.1863593084813
35,835.0,359.3407719692687
36,835.0,322.44268325158095
37,850.0,334.0127067669535
38,830.0,395.11202502941205
39,825.0,407.5478428331382
40,825.0,427.623927754644
41,840.0,372.27210657098425
42,850.0,358.1687182137789
43,855.0,397.724975987055
44,865.0,418.8572201993579
45,870.0,426.16013593651735
46,900.0,450.14710725793816
47,890.0,450.78101674379604
48,880.0,438.5705986743001
49,870.0,438.83564237935116
50,860.0,429.4516316163644
