,y_actual,y_predict
0,640.0,596.2029545145981
1,635.0,596.5671855488456
2,635.0,596.9566356089049
3,645.0,597.1369779132763
4,650.0,597.6538741216334
5,655.0,597.8363367756452
6,645.0,597.9062332571543
7,610.0,597.7502468274133
8,620.0,597.7826149967028
9,620.0,597.9554704027864
10,620.0,597.9234212241508
11,620.0,597.8475202126867
12,620.0,597.8430355793764
13,600.0,597.4501141504369
14,630.0,597.4147249520138
15,590.0,597.0650736670635
16,645.0,595.989531003005
17,645.0,593.3684035643372
18,610.0,594.2740180306653
19,610.0,593.8029251273722
20,600.0,593.5705310539521
21,600.0,593.629825787259
22,600.0,593.6602237201571
23,600.0,593.5149516235549
24,595.0,593.5094537258146
25,625.0,593.4219001734064
26,655.0,586.257764134835
27,650.0,587.0118580405763
28,715.0,289.4304448585186
29,785.0,301.07684992366575
30,755.0,295.2126524010313
31,735.0,446.7714449558605
32,725.0,512.6438593663906
33,790.0,541.5290447628737
34,860.0,298.04670141011616
35,835.0,301.7893343132335
36,835.0,271.4138058177284
37,850.0,306.74932702676773
38,830.0,395.7094429226754
39,825.0,287.11210522491683
40,825.0,319.06061416295154
41,840.0,457.8082307352339
42,850.0,329.452252192907
43,855.0,337.20913414306017
44,865.0,360.5917102370442
45,870.0,377.0249594197027
46,900.0,397.24230090840325
47,890.0,397.46236693125917
48,880.0,393.8877811192223
49,870.0,380.13487436087513
50,860.0,373.50953230084116
