,y_actual,y_predict
0,1000.0,1065.864239892549
1,995.0,1078.0817215668371
2,995.0,1078.0134267791668
3,1000.0,1081.4124237844424
4,1000.0,1067.4781545087621
5,1015.0,1049.385090388903
6,985.0,1060.4063836356268
7,1005.0,1065.6508386987898
8,1005.0,1058.3347863538809
9,995.0,1045.855161771723
10,1010.0,1030.9093868969017
11,1005.0,1020.9372426939118
12,1005.0,1013.1904904287686
13,1000.0,1008.0008534414844
14,1005.0,1004.2608279623901
15,1005.0,1001.3154841422099
16,1010.0,1000.2947094975281
17,1010.0,1000.2945290561986
18,1010.0,1001.7347215269925
19,1020.0,1002.4551606009154
20,1025.0,1002.9649163786033
21,1025.0,1006.7068545357895
22,1005.0,1009.2788111129937
23,1010.0,1008.6917542697806
24,1015.0,1007.0684228716884
25,1010.0,1005.9300816788207
26,1015.0,1003.4433204753038
27,1015.0,1002.0719483275521
28,1020.0,1001.3219349197368
29,1015.0,1001.7872028876553
30,1010.0,1002.3690900867804
31,1000.0,1002.2549068135211
32,1000.0,1002.958267115614
33,1005.0,1002.8610814155866
34,1005.0,1002.961253419616
35,1005.0,1000.6088578520545
36,1010.0,1000.2511509606053
37,1010.0,998.8915435875319
38,1000.0,997.454508840003
39,1000.0,998.7685637994633
40,1000.0,997.6023624653326
41,1000.0,995.8429241724562
42,1000.0,994.3149650390307
43,995.0,993.1497561322118
44,985.0,992.7921845717597
45,990.0,991.8321194123623
46,985.0,992.0977290492738
47,990.0,992.2343682459798
48,990.0,990.4807401639107
49,995.0,988.7479440333237
50,990.0,987.4360904580823
