,y_actual,y_predict
0,1000.0,1023.5083963072
1,995.0,1020.5857700503942
2,995.0,1020.8143711706408
3,1000.0,1021.1872351337616
4,1000.0,1020.6573962361089
5,1015.0,1015.3930745825763
6,985.0,1003.8155168055058
7,1005.0,1007.1094913182652
8,1005.0,1012.1275737115999
9,995.0,1008.3932140902494
10,1010.0,1011.6261633453978
11,1005.0,1017.0906305215269
12,1005.0,1013.4728811093164
13,1000.0,1013.3058195044697
14,1005.0,1008.2793014789844
15,1005.0,1007.277319798762
16,1010.0,1004.8889261859805
17,1010.0,1006.105903710211
18,1010.0,999.0945220390005
19,1020.0,1002.8899610503607
20,1025.0,1007.7065806993942
21,1025.0,995.03464625937
22,1005.0,994.5391814349723
23,1010.0,1000.3778207738605
24,1015.0,1009.6367525781711
25,1010.0,1011.2248528066934
26,1015.0,1012.1379761542412
27,1015.0,1010.5669276313494
28,1020.0,1008.4321984394714
29,1015.0,1007.8725325900649
30,1010.0,1007.2877763738021
31,1000.0,1006.1642313699472
32,1000.0,998.5837287236683
33,1005.0,1000.7677454646783
34,1005.0,1003.2117601172547
35,1005.0,1005.5176288880244
36,1010.0,999.4745856111653
37,1010.0,1003.0535040492838
38,1000.0,1005.1632421170366
39,1000.0,997.7798445569535
40,1000.0,1002.8388510438016
41,1000.0,1003.9482223812304
42,1000.0,1005.1935382162468
43,995.0,1003.4740496337047
44,985.0,997.7938287599839
45,990.0,995.8485268757347
46,985.0,993.8647188117866
47,990.0,993.3295388507829
48,990.0,993.8322393724903
49,995.0,993.38382462474
50,990.0,993.4027078098642
