,y_actual,y_predict
0,1000.0,994.6833360130488
1,995.0,1003.5245551618103
2,995.0,1027.7466924733644
3,1000.0,1052.2763830088545
4,1000.0,1037.9959268928505
5,1015.0,1021.2853501066356
6,985.0,1057.4269048269528
7,1005.0,1055.8729621420903
8,1005.0,1046.0709876458466
9,995.0,1037.0661442995636
10,1010.0,1023.3649364282418
11,1005.0,1013.1971396917579
12,1005.0,1009.4466937258893
13,1000.0,1007.917606834155
14,1005.0,1006.1103425669148
15,1005.0,1007.6119392221115
16,1010.0,1009.0869117591517
17,1010.0,1007.7114526152885
18,1010.0,1005.4332815885854
19,1020.0,1009.1152500699377
20,1025.0,1011.6470043189463
21,1025.0,1002.326478866837
22,1005.0,995.9109595757153
23,1010.0,1002.3420419314998
24,1015.0,1011.4603738519235
25,1010.0,1013.2804404314862
26,1015.0,1013.0541760264556
27,1015.0,1013.3597624399008
28,1020.0,1011.894831462843
29,1015.0,1007.8376893693533
30,1010.0,1005.9266262273622
31,1000.0,1012.0819671655881
32,1000.0,1012.5018812053561
33,1005.0,1012.5669212825468
34,1005.0,1013.9835932260503
35,1005.0,1016.6651588888127
36,1010.0,1011.9758586418207
37,1010.0,1014.899531458337
38,1000.0,1016.1497372533809
39,1000.0,1011.3003314147913
40,1000.0,1013.904180996971
41,1000.0,1016.0055104987727
42,1000.0,1016.5727999943473
43,995.0,1015.7634033450187
44,985.0,1010.8798850731016
45,990.0,1010.1889752227389
46,985.0,1008.906199767734
47,990.0,1009.7779659625779
48,990.0,1011.8541870533903
49,995.0,1012.2368038703664
50,990.0,1013.7302084892074
