,y_actual,y_predict
0,605.0,436.99612257769934
1,565.0,499.1873998411195
2,610.0,609.7094434165026
3,570.0,542.6180109519231
4,535.0,595.0353480225078
5,500.0,547.8079054476481
6,466.0,553.0928950397647
7,466.0,494.56258126289003
8,484.0,390.8761767683576
9,555.0,392.45143775883884
10,520.0,343.15586415544146
11,540.0,374.4262548561118
12,560.0,354.78203579076825
13,525.0,323.7275225622157
14,525.0,322.3374019838741
15,500.0,367.09763646838087
16,520.0,389.83227445830585
17,510.0,478.4734233806962
18,510.0,386.0234962695116
19,510.0,339.139810812767
20,496.0,275.5734374342812
21,462.0,291.91828956750317
22,430.0,308.2911677719157
23,400.0,317.3143531772141
24,372.0,343.05618237008764
25,346.0,403.2180383866295
26,386.0,499.54865297923993
27,390.0,382.8194377681521
28,364.0,382.7277820380721
29,340.0,379.28298350471664
30,318.0,343.4662266396847
31,322.0,344.3553418558722
32,316.0,344.03043881314426
33,300.0,334.8462224624928
34,300.0,342.4932866257913
35,292.0,344.6665394661261
36,294.0,353.66319067740443
37,274.0,356.25556750626833
38,264.0,345.39938465441173
39,262.0,347.76242183189873
40,264.0,355.3409094016924
41,260.0,373.79485276255446
42,286.0,373.43651345973603
43,286.0,378.51418367011524
44,278.0,387.53477255872724
45,260.0,391.0340754220622
46,260.0,394.0946223315207
47,242.0,396.39418993219726
48,226.0,406.12016631465093
49,212.0,544.1055030604862
50,212.0,426.83475676179853
51,226.0,386.50810870645324
52,228.0,372.76690370078114
53,220.0,368.12460731401706
54,206.0,368.18438256392676
55,194.0,370.8161429988636
56,193.0,371.5121281705789
57,187.0,366.86271370043426
58,189.0,370.51935326352265
59,176.0,368.1565606400699
60,164.0,370.0974559281793
61,164.0,360.4754722463432
62,153.0,365.0890673553825
63,146.0,355.91990408603226
