,y_actual,y_predict
0,605.0,690.2934943125522
1,565.0,734.999886584119
2,610.0,745.6815072866377
3,570.0,710.4093644510208
4,535.0,733.4665848219867
5,500.0,692.3230222266156
6,466.0,683.1965154247757
7,466.0,643.4366915881071
8,484.0,599.6666811039481
9,555.0,690.1507163827539
10,520.0,610.4757196616015
11,540.0,461.09411288576734
12,560.0,577.5777698300562
13,525.0,469.3070178483282
14,525.0,396.1711254332743
15,500.0,571.2714809645876
16,520.0,419.02186935342945
17,510.0,361.1255593087746
18,510.0,421.8225437801679
19,510.0,388.12420501738114
20,496.0,303.0261139677613
21,462.0,327.87674858474634
22,430.0,387.3362259025597
23,400.0,392.5258654376957
24,372.0,549.3234328144383
25,346.0,503.28327405959817
26,386.0,439.20369623526983
27,390.0,390.8359138084167
28,364.0,381.65366429659406
29,340.0,377.17414723766547
30,318.0,375.49460216303646
31,322.0,381.1319733054344
32,316.0,378.7947131638155
33,300.0,374.89840544386004
34,300.0,376.7391012205218
35,292.0,365.4526203420806
36,294.0,355.0321521285039
37,274.0,360.5509665970517
38,264.0,351.5167243087388
39,262.0,347.2300094878109
40,264.0,351.06911758013257
41,260.0,350.0022636138002
42,286.0,352.0449037867227
43,286.0,354.5104299176803
44,278.0,361.3150834820606
45,260.0,360.8392073477476
46,260.0,366.93407144566936
47,242.0,370.3644621041119
48,226.0,384.9781578549181
49,212.0,583.1353487146753
50,212.0,467.3371403055186
51,226.0,437.81388004865175
52,228.0,421.41447155267707
53,220.0,414.0331751853078
54,206.0,411.91721042832137
55,194.0,412.9091944372242
56,193.0,413.7918888091927
57,187.0,411.6219868794552
58,189.0,414.7021709575383
59,176.0,414.63071955331134
60,164.0,416.56962718948256
61,164.0,413.10397392060844
62,153.0,417.0167135903563
63,146.0,413.1994540595223
