,y_actual,y_predict
0,605.0,602.7099739457968
1,565.0,589.8346307099469
2,610.0,577.3123402471531
3,570.0,588.96630778995
4,535.0,562.2736616175498
5,500.0,568.5469825178872
6,466.0,519.2535058352518
7,466.0,566.8915910566009
8,484.0,559.6567669459304
9,555.0,611.887764248952
10,520.0,592.1182866885636
11,540.0,523.4413948099458
12,560.0,510.9485548968115
13,525.0,490.7362992491745
14,525.0,429.0367004733034
15,500.0,463.218309227482
16,520.0,479.8790887500462
17,510.0,408.08810823829566
18,510.0,449.1627274091104
19,510.0,437.5480237970079
20,496.0,434.9017306085023
21,462.0,488.7285418474389
22,430.0,509.5860038833765
23,400.0,479.4958049357317
24,372.0,503.3388658745385
25,346.0,503.10259545776466
26,386.0,537.7561726849851
27,390.0,626.9074405097643
28,364.0,626.4719053845522
29,340.0,543.8426751162456
30,318.0,492.91626431725854
31,322.0,414.1487711943601
32,316.0,295.36270565997523
33,300.0,279.9717885702171
34,300.0,210.9101221383312
35,292.0,168.12200130506446
36,294.0,74.26922900083994
37,274.0,128.1539527164038
38,264.0,177.2602883267681
39,262.0,216.75457851498703
40,264.0,254.66807142565094
41,260.0,276.41343371252066
42,286.0,297.9865193896175
43,286.0,319.4551583801502
44,278.0,333.22166822427306
45,260.0,326.2766731647021
46,260.0,343.82952726743247
47,242.0,335.00437347514764
48,226.0,346.7470933192772
49,212.0,460.17206092411254
50,212.0,493.58842368210264
51,226.0,468.4370923189153
52,228.0,450.26232559964905
53,220.0,431.91178176578944
54,206.0,417.08464757911156
55,194.0,415.02750066900694
56,193.0,413.8201113854035
57,187.0,408.5080959708607
58,189.0,407.1530480833284
59,176.0,421.50095002181865
60,164.0,422.9666195852807
61,164.0,418.92134203551035
62,153.0,422.6150133233208
63,146.0,425.10406347106476
