,y_actual,y_predict
0,575.0,569.8452355765567
1,580.0,568.1106059237015
2,580.0,567.9518784154856
3,580.0,567.6151065173264
4,580.0,568.7701090564137
5,575.0,569.989417834818
6,580.0,570.4348907955346
7,570.0,569.9613014059463
8,570.0,571.120970271829
9,565.0,571.3889977646594
10,560.0,568.7068339283302
11,560.0,567.0533922189251
12,560.0,563.6735763280947
13,560.0,560.5165067899641
14,560.0,557.6382365662744
15,560.0,555.7407768988057
16,565.0,554.7843005676974
17,560.0,555.7900552403567
18,560.0,555.635980895814
19,560.0,558.0483906764599
20,560.0,557.4799149209907
21,560.0,557.2095180661769
22,550.0,556.2300325975835
23,555.0,555.4242959534114
24,560.0,554.5395454747946
25,555.0,554.0402112121719
26,555.0,553.8060963096582
27,560.0,553.785934794261
28,555.0,554.1213355338649
29,555.0,553.8926438376692
30,550.0,553.6554531522843
31,550.0,553.781244335075
32,545.0,552.9243075335208
33,550.0,551.7733899500015
34,545.0,550.9235787852276
35,520.0,550.1390742570527
36,530.0,549.0079232952667
37,540.0,548.6134903406128
38,540.0,547.7138523708659
39,520.0,547.8890052616476
40,520.0,547.4982097164093
41,515.0,547.549510791061
42,520.0,545.9848016879406
43,520.0,545.1940753907052
44,520.0,543.6089853868186
45,505.0,543.1868659986161
46,500.0,542.7291359773419
