,y_actual,y_predict
0,575.0,568.3802086034802
1,580.0,568.5239520910039
2,580.0,569.454725232298
3,580.0,569.1229991976222
4,580.0,569.7414114507488
5,575.0,569.4338858161109
6,580.0,569.550934491953
7,570.0,569.8274214846061
8,570.0,572.1910224083906
9,565.0,572.6336609101417
10,560.0,572.0312835336242
11,560.0,571.2025487212356
12,560.0,570.0143158803287
13,560.0,570.2052447729844
14,560.0,569.7443731532284
15,560.0,569.3894822174559
16,565.0,568.8714760660904
17,560.0,569.0968155538501
18,560.0,568.8209713603277
19,560.0,571.533241450824
20,560.0,569.4178750718924
21,560.0,569.5312907260262
22,550.0,569.1985884264592
23,555.0,570.3978607391266
24,560.0,570.4796278599503
25,555.0,569.9228914155682
26,555.0,570.3842851725021
27,560.0,571.3688713509212
28,555.0,570.9678085704207
29,555.0,570.9170778977281
30,550.0,570.9869389745844
31,550.0,571.2592335128388
32,545.0,570.76756238115
33,550.0,570.8448672035714
34,545.0,570.7553513915199
35,520.0,571.0232582223973
36,530.0,572.1778614801134
37,540.0,572.3443069656055
38,540.0,571.3546683421418
39,520.0,572.473296787074
40,520.0,572.8076137629558
41,515.0,571.5834828941441
42,520.0,570.8146929399398
43,520.0,570.5057785959171
44,520.0,569.3527571067106
45,505.0,568.4769005109468
46,500.0,567.7963758721917
