,y_actual,y_predict
0,575.0,550.0893659201788
1,580.0,550.0638996665629
2,580.0,549.8326016721852
3,580.0,549.6536534145224
4,580.0,549.5972406607765
5,575.0,549.4249441674972
6,580.0,549.2929794804271
7,570.0,549.2192659964937
8,570.0,549.2573161948669
9,565.0,549.2115436315103
10,560.0,549.0842869544556
11,560.0,549.2069848035455
12,560.0,549.1275848508517
13,560.0,549.4165373201629
14,560.0,549.8925596934916
15,560.0,550.2598634534336
16,565.0,550.8668281780137
17,560.0,551.455825240885
18,560.0,551.9811259557648
19,560.0,552.74368317164
20,560.0,552.760571457334
21,560.0,553.302356788829
22,550.0,553.9493768940536
23,555.0,555.0606427660072
24,560.0,556.0431294264463
25,555.0,556.7690799996753
26,555.0,557.3368537219642
27,560.0,558.4858012248714
28,555.0,559.2104618121316
29,555.0,559.9728215811749
30,550.0,560.4528060542651
31,550.0,560.7072316542268
32,545.0,561.0754524450106
33,550.0,561.5141310408538
34,545.0,561.7962386866569
35,520.0,562.2121538566284
36,530.0,563.3304137341408
37,540.0,564.4349181490265
38,540.0,565.1053291222778
39,520.0,566.3311097690631
40,520.0,566.8428963452218
41,515.0,567.5936637913751
42,520.0,567.962917887246
43,520.0,568.7004432325357
44,520.0,568.8613097480979
45,505.0,569.1327004186327
46,500.0,569.5064212006135
