,y_actual,y_predict
0,52.0,54.80176482737343
1,51.0,54.683167629402845
2,51.0,54.65115125671619
3,50.0,54.53167494498726
4,51.0,54.40616363610624
5,50.0,54.20737700747338
6,50.0,54.02181272496307
7,50.0,53.79636756560342
8,50.0,53.60655027328909
9,50.0,53.75267323582921
10,50.0,53.91561815893493
11,50.0,53.890943574122275
12,50.0,53.90228889357152
13,50.0,53.752233678950034
14,50.0,53.613096106814254
15,50.0,53.46273201438575
16,50.0,53.230325224453026
17,50.0,53.02455320541583
18,50.0,52.99493657569124
19,50.0,52.94254614765856
20,50.0,52.90774987470897
21,50.0,53.0631748112059
22,50.0,53.07550616365441
23,50.0,53.04269383661898
24,50.0,53.04831303672316
25,50.0,53.04520049882191
26,50.0,53.0517700921784
27,50.0,53.063756927072944
28,50.0,53.07438945158296
29,50.0,53.06962560540586
30,50.0,53.07272626339147
31,50.0,53.21958578070212
32,50.0,53.20675547179616
33,50.0,53.18650021560666
34,50.0,53.22804428064754
35,50.0,53.189303875700915
36,50.0,53.19223821486736
37,50.0,53.1984870505012
38,50.0,53.199033526621264
39,50.0,53.200851153716286
40,50.0,53.20173026747466
41,50.0,53.20003143953619
42,50.0,53.2002809177649
43,50.0,53.200672954981485
44,50.0,53.18658337501623
45,50.0,53.157513221411705
46,50.0,53.14650053960074
47,50.0,53.142639567013305
48,50.0,53.12063796322272
49,50.0,53.128359908397584
50,50.0,53.12232491124553
51,50.0,53.12542556923114
52,50.0,53.128110430168874
53,50.0,53.127599593795765
54,50.0,53.127100637338316
55,50.0,53.13105664925098
56,50.0,53.128454947722815
57,50.0,53.11823822026068
58,50.0,53.10926888394215
59,50.0,53.14303160422986
60,50.0,53.16207510902271
61,50.0,53.16410657459949
62,50.0,53.185704261257854
63,50.0,53.210331326407896
64,50.0,53.227248326298735
65,50.0,53.228460077695416
66,50.0,53.22854323710499
67,50.0,53.22104701032751
68,50.0,53.20910769509558
69,50.0,53.207848424036285
70,50.0,53.212386551815996
71,50.0,53.19982948097007
72,50.0,53.20658915297702
73,50.0,53.20295389878697
74,50.0,53.196134827201774
75,50.0,53.20490220495418
76,50.0,53.20420128993061
77,50.0,53.20384489246101
78,50.0,53.2055674802308
79,50.0,53.205270482339444
80,50.0,53.20517544301421
81,50.0,53.20532988191772
82,50.0,53.22198552366416
83,50.0,53.22629793304645
84,50.0,53.225798976588976
85,50.0,53.22465850468623
86,50.0,53.25121011617219
87,50.0,53.25480973061525
88,50.0,53.26866171226743
