,y_actual,y_predict
0,142.0,144.63364949214883
1,145.0,144.4375892133856
2,143.0,144.53317475596134
3,141.0,143.70496704770812
4,141.0,143.49256276405228
5,142.0,143.4036061004308
6,145.0,143.85359039991266
7,143.0,143.38354549503381
8,142.0,143.28046574949585
9,143.0,143.21053717672393
10,142.0,143.2168994545478
11,140.0,143.19167853574538
12,142.0,142.99231963282634
13,144.0,143.01175892202957
14,143.0,143.06560105371278
15,144.0,143.08613837808025
16,147.0,143.2085015189401
17,146.0,143.43457475885813
18,147.0,143.31741937736757
19,149.0,143.4299770190245
20,148.0,143.69298581216134
21,149.0,143.74671271793227
22,148.0,143.77503343970847
23,148.0,143.8791344031358
24,148.0,144.0237293670733
25,148.0,144.43127438152564
26,148.0,144.42680994225722
27,149.0,144.6431590189104
28,150.0,144.89195209753458
29,150.0,145.15045578343393
30,149.0,145.37133707930394
31,148.0,145.4740169231463
32,146.0,145.48570896424658
33,148.0,145.53167054726163
34,146.0,145.57118851651478
35,146.0,145.49447517090726
36,144.0,145.38637519052395
37,146.0,145.21992119322505
38,146.0,145.29290890100174
39,147.0,145.09396345576798
40,145.0,145.0375637606982
41,146.0,145.0082511923436
42,146.0,144.8858654581676
43,145.0,144.73362039738652
44,145.0,144.56657219587328
45,146.0,144.35560484712363
46,145.0,144.41355670301195
47,144.0,144.1519080275065
48,145.0,144.09548347978895
49,143.0,143.96765501575584
50,144.0,143.86061014323604
51,145.0,143.78516428266377
52,145.0,143.84063087377714
53,142.0,143.99835255438956
54,142.0,143.87583577897996
55,145.0,143.59607178259682
56,145.0,143.60020410011805
57,145.0,143.5032810332271
58,140.0,143.43518025973057
59,141.0,143.40133547215913
60,139.0,143.2994531723764
61,137.0,143.09648385753883
62,136.0,142.88442073295658
63,138.0,142.76214570602966
