,y_actual,y_predict
0,142.0,145.40490622841853
1,145.0,145.32930899262814
2,143.0,145.58111827895644
3,141.0,145.45961820277296
4,141.0,145.49292301008876
5,142.0,145.28301076920266
6,145.0,145.54992142803613
7,143.0,145.54303950394117
8,142.0,144.87045681656298
9,143.0,144.79091478777528
10,142.0,144.7995002479069
11,140.0,144.8715232210846
12,142.0,144.45408007483312
13,144.0,144.4679478522773
14,143.0,144.43752595210043
15,144.0,144.41870120109607
16,147.0,144.38830415356696
17,146.0,144.5304771140147
18,147.0,144.46080384571513
19,149.0,144.5506258333446
20,148.0,144.74855232002068
21,149.0,144.9002099545822
22,148.0,144.81881301453978
23,148.0,144.91650651351097
24,148.0,145.07340127875278
25,148.0,145.42518824831362
26,148.0,145.29365673976585
27,149.0,145.25310625596532
28,150.0,145.44718284157182
29,150.0,145.63626630431233
30,149.0,145.79568926162975
31,148.0,145.9508081922233
32,146.0,146.1201586526508
33,148.0,146.1045060032319
34,146.0,146.24573456306516
35,146.0,146.40788227430858
36,144.0,146.37808169032544
37,146.0,146.16287357613712
38,146.0,146.338974919426
39,147.0,146.22215617834584
40,145.0,146.12558104852337
41,146.0,146.16254823238478
42,146.0,146.06784156980672
43,145.0,146.0258451137735
44,145.0,145.94396015810253
45,146.0,145.88027637791055
46,145.0,145.96191506643567
47,144.0,145.795097316747
48,145.0,145.5713263357432
49,143.0,145.4001277420558
50,144.0,145.17147886409828
51,145.0,145.08250864448712
52,145.0,145.05568134090748
53,142.0,145.24501107079385
54,142.0,144.99984196007784
55,145.0,144.85506850894288
56,145.0,144.967788822476
57,145.0,145.0117599343395
58,140.0,144.92896446802825
59,141.0,144.85371742863796
60,139.0,144.62465509299517
61,137.0,144.4354948129798
62,136.0,144.2049345404772
63,138.0,144.02470765766196
