,y_actual,y_predict
0,142.0,144.2321165591202
1,145.0,144.26062480542035
2,143.0,143.9588820311003
3,141.0,143.740949162986
4,141.0,143.5773328861938
5,142.0,143.51473584450795
6,145.0,144.24276930767823
7,143.0,143.5984147094801
8,142.0,143.49402455160626
9,143.0,143.5426589239202
10,142.0,143.59802610444257
11,140.0,143.72765751510332
12,142.0,143.50026256619134
13,144.0,143.3497978587218
14,143.0,143.39596730024527
15,144.0,143.55233338188953
16,147.0,143.76306801948294
17,146.0,143.96194342543671
18,147.0,143.7180689117353
19,149.0,143.8787570947563
20,148.0,144.21246263341368
21,149.0,144.49853694299352
22,148.0,144.8890285224266
23,148.0,145.12874586595905
24,148.0,145.45961142477813
25,148.0,146.19831119249613
26,148.0,146.015879202026
27,149.0,145.75163003583333
28,150.0,146.22609871201155
29,150.0,146.4245109549845
30,149.0,146.33918051860283
31,148.0,146.49066192529853
32,146.0,146.4113639043251
33,148.0,146.26528004085424
34,146.0,146.29117198114588
35,146.0,146.39466518436913
36,144.0,146.1145555102491
37,146.0,145.94484355676343
38,146.0,145.8049999672093
39,147.0,145.22798926641715
40,145.0,145.0199319367858
41,146.0,144.9634802770889
42,146.0,144.81447057917848
43,145.0,144.87894964409844
44,145.0,144.6663036119599
45,146.0,144.52273438457496
46,145.0,144.82471212938282
47,144.0,144.76030988173773
48,145.0,144.54240186627118
49,143.0,144.58974616023374
50,144.0,144.18999809917983
51,145.0,143.99688624817233
52,145.0,143.90927388686094
53,142.0,144.19441283315277
54,142.0,144.02854852140504
55,145.0,143.89399854582152
56,145.0,143.80869974008243
57,145.0,143.70713600605717
58,140.0,143.73814759178518
59,141.0,143.73050427293643
60,139.0,143.59743641889142
61,137.0,143.40859244530196
62,136.0,143.00335646775866
63,138.0,142.4950859313097
