,y_actual,y_predict
0,82.0,77.6294818083519
1,83.0,76.45380380814004
2,87.0,76.08612308919844
3,87.0,76.5658099309799
4,84.0,76.75648516031262
5,79.0,76.96948480286953
6,74.0,77.445688339527
7,69.0,76.77273611844882
8,73.0,75.83129699049869
9,70.0,75.58847936292516
10,69.0,75.15428984499411
11,71.0,75.44380609010827
12,67.0,75.41734190271745
13,63.0,75.57405937286694
14,59.0,75.32866945843261
15,68.0,75.24022030293776
16,64.0,75.8139608488431
17,69.0,74.82421095828853
18,76.0,75.17916421620012
19,90.0,75.43876422923007
20,106.0,76.69695636889858
21,110.0,78.97092047470825
22,111.0,83.85415253071918
23,104.0,90.32283324279861
24,102.0,97.37001501778616
25,107.0,99.31858930148024
26,105.0,94.16905410296356
27,105.0,88.60814503507805
28,106.0,87.33413958330173
29,105.0,86.61533724208493
30,103.0,87.35966595777455
31,100.0,87.17708271419144
32,97.0,86.50810949935106
33,100.0,86.25807517808474
34,96.0,85.34093433626242
35,96.0,83.86152552656499
36,93.0,82.53536427922045
37,93.0,81.51988705428208
38,87.0,81.17271764358989
39,87.0,81.20959602014631
40,84.0,80.09610394794947
41,79.0,79.39612931750548
42,78.0,78.69014821861049
43,75.0,77.42252882622819
44,78.0,77.02586522234456
45,75.0,76.65721989583017
46,76.0,76.18474974774149
47,72.0,76.39615064256202
48,69.0,76.36291633905839
49,67.0,76.33258925560057
50,68.0,76.21930145510612
51,67.0,76.24778863893434
52,63.0,76.05527797574783
53,59.0,76.08806570167144
54,59.999999999999986,75.76105926871625
55,56.0,75.77920818156747
56,53.0,75.8385136841915
57,50.0,75.79755358855388
58,51.0,76.17034315501068
59,50.0,75.58368758549176
60,51.0,75.8479855946633
61,51.0,75.22865394361575
62,59.0,75.42979695142367
63,61.0,75.90544226610614
