{
    "R2": 0.9963326943346248,
    "RMSE": 28.51556320914262,
    "MSE": 813.1373451346082,
    "MAPE": 0.04262141264182796,
    "ACMAPE": 1.0952181708290591
}