{
    "DOWN": {
        "precision": 0.5537340619307832,
        "recall": 0.769620253164557,
        "f1-score": 0.6440677966101694,
        "support": 395.0
    },
    "UP": {
        "precision": 0.48295454545454547,
        "recall": 0.25757575757575757,
        "f1-score": 0.3359683794466404,
        "support": 330.0
    },
    "accuracy": 0.5365517241379311,
    "macro avg": {
        "precision": 0.5183443036926644,
        "recall": 0.5135980053701572,
        "f1-score": 0.4900180880284049,
        "support": 725.0
    },
    "weighted avg": {
        "precision": 0.5215171785691854,
        "recall": 0.5365517241379311,
        "f1-score": 0.5038294412115977,
        "support": 725.0
    }
}