{
    "R2": 0.9832813609683015,
    "RMSE": 40.99752486107184,
    "MSE": 1680.7970447342034,
    "MAPE": 0.03824385642372597,
    "ACMAPE": 1.0059112929133334
}