{
    "DOWN": {
        "precision": 0.6039173014145811,
        "recall": 1.0,
        "f1-score": 0.7530529172320217,
        "support": 555.0
    },
    "UP": {
        "precision": 1.0,
        "recall": 0.00546448087431694,
        "f1-score": 0.010869565217391304,
        "support": 366.0
    },
    "accuracy": 0.6047774158523345,
    "macro avg": {
        "precision": 0.8019586507072906,
        "recall": 0.5027322404371585,
        "f1-score": 0.38196124122470654,
        "support": 921.0
    },
    "weighted avg": {
        "precision": 0.7613182435234446,
        "recall": 0.6047774158523345,
        "f1-score": 0.45811360470503504,
        "support": 921.0
    }
}