{
    "R2": 0.9479370371950439,
    "RMSE": 12.042823642901803,
    "MSE": 145.02960129403468,
    "MAPE": 0.04874056704154548,
    "ACMAPE": 0.7136341840628222
}