{
    "DOWN": {
        "precision": 0.7416666666666667,
        "recall": 0.2282051282051282,
        "f1-score": 0.3490196078431373,
        "support": 390.0
    },
    "UP": {
        "precision": 0.3882113821138211,
        "recall": 0.8603603603603603,
        "f1-score": 0.535014005602241,
        "support": 222.0
    },
    "accuracy": 0.45751633986928103,
    "macro avg": {
        "precision": 0.5649390243902439,
        "recall": 0.5442827442827443,
        "f1-score": 0.44201680672268917,
        "support": 612.0
    },
    "weighted avg": {
        "precision": 0.6134524948190658,
        "recall": 0.45751633986928103,
        "f1-score": 0.4164881638930082,
        "support": 612.0
    }
}