{
    "R2": 0.9250018998924991,
    "RMSE": 22.33572966156796,
    "MSE": 498.88481951464684,
    "MAPE": 0.038815762786876644,
    "ACMAPE": 0.6979917927494235
}