{
    "DOWN": {
        "precision": 0.7027649769585254,
        "recall": 0.7349397590361446,
        "f1-score": 0.71849234393404,
        "support": 415.0
    },
    "UP": {
        "precision": 0.34911242603550297,
        "recall": 0.31382978723404253,
        "f1-score": 0.33053221288515405,
        "support": 188.0
    },
    "accuracy": 0.603648424543947,
    "macro avg": {
        "precision": 0.5259387014970142,
        "recall": 0.5243847731350936,
        "f1-score": 0.524512278409597,
        "support": 603.0
    },
    "weighted avg": {
        "precision": 0.5925051435032547,
        "recall": 0.603648424543947,
        "f1-score": 0.5975362831758466,
        "support": 603.0
    }
}