{
    "DOWN": {
        "precision": 0.7162921348314607,
        "recall": 0.4503311258278146,
        "f1-score": 0.5529953917050692,
        "support": 2265.0
    },
    "UP": {
        "precision": 0.33741351782863227,
        "recall": 0.6107899807321773,
        "f1-score": 0.43469317792252316,
        "support": 1038.0
    },
    "accuracy": 0.5007568876778686,
    "macro avg": {
        "precision": 0.5268528263300465,
        "recall": 0.530560553279996,
        "f1-score": 0.49384428481379616,
        "support": 3303.0
    },
    "weighted avg": {
        "precision": 0.5972258301239415,
        "recall": 0.5007568876778686,
        "f1-score": 0.5158177659387104,
        "support": 3303.0
    }
}