{
    "DOWN": {
        "precision": 0.7223650385604113,
        "recall": 0.3663624511082138,
        "f1-score": 0.486159169550173,
        "support": 767.0
    },
    "UP": {
        "precision": 0.30472103004291845,
        "recall": 0.6635514018691588,
        "f1-score": 0.41764705882352937,
        "support": 321.0
    },
    "accuracy": 0.4540441176470588,
    "macro avg": {
        "precision": 0.5135430343016649,
        "recall": 0.5149569264886863,
        "f1-score": 0.4519031141868512,
        "support": 1088.0
    },
    "weighted avg": {
        "precision": 0.5991447014886143,
        "recall": 0.4540441176470588,
        "f1-score": 0.4659455780582129,
        "support": 1088.0
    }
}