{
    "DOWN": {
        "precision": 0.8286516853932584,
        "recall": 0.4314126937701082,
        "f1-score": 0.5674168109251779,
        "support": 3419.0
    },
    "UP": {
        "precision": 0.2391389432485323,
        "recall": 0.6670305676855895,
        "f1-score": 0.35205992509363293,
        "support": 916.0
    },
    "accuracy": 0.481199538638985,
    "macro avg": {
        "precision": 0.5338953143208953,
        "recall": 0.5492216307278489,
        "f1-score": 0.45973836800940543,
        "support": 4335.0
    },
    "weighted avg": {
        "precision": 0.7040856711361491,
        "recall": 0.481199538638985,
        "f1-score": 0.5219111806087546,
        "support": 4335.0
    }
}