{
    "DOWN": {
        "precision": 0.7592867756315007,
        "recall": 0.5146022155085599,
        "f1-score": 0.6134453781512604,
        "support": 993.0
    },
    "UP": {
        "precision": 0.3104434907010014,
        "recall": 0.5725593667546174,
        "f1-score": 0.40259740259740256,
        "support": 379.0
    },
    "accuracy": 0.5306122448979592,
    "macro avg": {
        "precision": 0.5348651331662511,
        "recall": 0.5435807911315886,
        "f1-score": 0.5080213903743315,
        "support": 1372.0
    },
    "weighted avg": {
        "precision": 0.6352987253482214,
        "recall": 0.5306122448979592,
        "f1-score": 0.5552009300937443,
        "support": 1372.0
    }
}