{
    "R2": 0.5630008712151033,
    "RMSE": 37.13897228880085,
    "MSE": 1379.3032626683178,
    "MAPE": 0.03487042702239551,
    "ACMAPE": 1.3075976997496683
}