{
    "R2": -0.8050576824873101,
    "RMSE": 2.3882116832626727,
    "MSE": 5.703555044072328,
    "MAPE": 0.016646017478449075,
    "ACMAPE": 1.422896017478449
}