{
    "R2": -0.9548992683321194,
    "RMSE": 46.09820996124522,
    "MSE": 2125.044961631048,
    "MAPE": 0.05984678042814452,
    "ACMAPE": 1.403243006843239
}