{
    "R2": 0.9769758564797335,
    "RMSE": 10.852773608401172,
    "MSE": 117.78269499520901,
    "MAPE": 0.025575041166719676,
    "ACMAPE": 1.0399080069881088
}