{
    "R2": 0.9918272831886368,
    "RMSE": 29.508021542935797,
    "MSE": 870.723335378363,
    "MAPE": 0.025107184049346788,
    "ACMAPE": 1.0976488283266173
}