{
    "R2": 0.971124379779156,
    "RMSE": 34.80599106762529,
    "MSE": 1211.4570141996114,
    "MAPE": 0.043756566946007255,
    "ACMAPE": 0.8275106833016604
}