{
    "DOWN": {
        "precision": 0.7647058823529411,
        "recall": 0.43333333333333335,
        "f1-score": 0.5531914893617021,
        "support": 150.0
    },
    "UP": {
        "precision": 0.3795620437956204,
        "recall": 0.7222222222222222,
        "f1-score": 0.4976076555023922,
        "support": 72.0
    },
    "accuracy": 0.527027027027027,
    "macro avg": {
        "precision": 0.5721339630742808,
        "recall": 0.5777777777777777,
        "f1-score": 0.5253995724320472,
        "support": 222.0
    },
    "weighted avg": {
        "precision": 0.6397943671451615,
        "recall": 0.527027027027027,
        "f1-score": 0.5351643000019259,
        "support": 222.0
    }
}