{
    "DOWN": {
        "precision": 0.6938168846611177,
        "recall": 0.4045060658578856,
        "f1-score": 0.5110575870374425,
        "support": 2885.0
    },
    "UP": {
        "precision": 0.3475123433345993,
        "recall": 0.6398601398601399,
        "f1-score": 0.4504061038641398,
        "support": 1430.0
    },
    "accuracy": 0.48250289687137893,
    "macro avg": {
        "precision": 0.5206646139978585,
        "recall": 0.5221831028590127,
        "f1-score": 0.4807318454507912,
        "support": 4315.0
    },
    "weighted avg": {
        "precision": 0.5790508373617154,
        "recall": 0.48250289687137893,
        "f1-score": 0.4909575590101371,
        "support": 4315.0
    }
}