{
    "DOWN": {
        "precision": 1.0,
        "recall": 0.17857142857142858,
        "f1-score": 0.30303030303030304,
        "support": 56.0
    },
    "UP": {
        "precision": 0.2923076923076923,
        "recall": 1.0,
        "f1-score": 0.4523809523809524,
        "support": 19.0
    },
    "accuracy": 0.38666666666666666,
    "macro avg": {
        "precision": 0.6461538461538462,
        "recall": 0.5892857142857143,
        "f1-score": 0.3777056277056277,
        "support": 75.0
    },
    "weighted avg": {
        "precision": 0.8207179487179487,
        "recall": 0.38666666666666666,
        "f1-score": 0.34086580086580087,
        "support": 75.0
    }
}