{
    "DOWN": {
        "precision": 0.5643322475570033,
        "recall": 0.3546571136131013,
        "f1-score": 0.4355751099937146,
        "support": 1954.0
    },
    "UP": {
        "precision": 0.42472627737226276,
        "recall": 0.6350613915416098,
        "f1-score": 0.5090213231273919,
        "support": 1466.0
    },
    "accuracy": 0.47485380116959064,
    "macro avg": {
        "precision": 0.494529262464633,
        "recall": 0.4948592525773555,
        "f1-score": 0.47229821656055326,
        "support": 3420.0
    },
    "weighted avg": {
        "precision": 0.5044894544895093,
        "recall": 0.47485380116959064,
        "f1-score": 0.467058194336981,
        "support": 3420.0
    }
}