{
    "DOWN": {
        "precision": 0.6748971193415638,
        "recall": 0.422680412371134,
        "f1-score": 0.5198098256735341,
        "support": 388.0
    },
    "UP": {
        "precision": 0.41361256544502617,
        "recall": 0.6666666666666666,
        "f1-score": 0.5105008077544426,
        "support": 237.0
    },
    "accuracy": 0.5152,
    "macro avg": {
        "precision": 0.544254842393295,
        "recall": 0.5446735395189003,
        "f1-score": 0.5151553167139884,
        "support": 625.0
    },
    "weighted avg": {
        "precision": 0.5758180165039968,
        "recall": 0.5152,
        "f1-score": 0.5162798460786147,
        "support": 625.0
    }
}