{
    "R2": 0.996421630976755,
    "RMSE": 104.61925484724512,
    "MSE": 10945.188484792821,
    "MAPE": 0.031058732732311887,
    "ACMAPE": 1.1090314422839689
}