{
    "DOWN": {
        "precision": 0.7428571428571429,
        "recall": 0.07624633431085044,
        "f1-score": 0.13829787234042554,
        "support": 682.0
    },
    "UP": {
        "precision": 0.09221902017291066,
        "recall": 0.7804878048780488,
        "f1-score": 0.16494845360824742,
        "support": 82.0
    },
    "accuracy": 0.1518324607329843,
    "macro avg": {
        "precision": 0.41753808151502675,
        "recall": 0.42836706959444965,
        "f1-score": 0.15162316297433648,
        "support": 764.0
    },
    "weighted avg": {
        "precision": 0.6730242553439137,
        "recall": 0.1518324607329843,
        "f1-score": 0.1411582750419457,
        "support": 764.0
    }
}