{
    "R2": 0.9829029962686857,
    "RMSE": 6.181989633701247,
    "MSE": 38.21699583118968,
    "MAPE": 0.041555724428501105,
    "ACMAPE": 1.3154918946412673
}