{
    "DOWN": {
        "precision": 0.7346938775510204,
        "recall": 0.07484407484407485,
        "f1-score": 0.13584905660377358,
        "support": 481.0
    },
    "UP": {
        "precision": 0.3678977272727273,
        "recall": 0.9522058823529411,
        "f1-score": 0.5307377049180328,
        "support": 272.0
    },
    "accuracy": 0.39176626826029215,
    "macro avg": {
        "precision": 0.5512958024118739,
        "recall": 0.513524978598508,
        "f1-score": 0.3332933807609032,
        "support": 753.0
    },
    "weighted avg": {
        "precision": 0.6021991194159664,
        "recall": 0.39176626826029215,
        "f1-score": 0.2784914368713413,
        "support": 753.0
    }
}