{
    "DOWN": {
        "precision": 0.6592920353982301,
        "recall": 0.45940390544707094,
        "f1-score": 0.5414900060569352,
        "support": 973.0
    },
    "UP": {
        "precision": 0.39816933638443935,
        "recall": 0.6010362694300518,
        "f1-score": 0.47900894700619406,
        "support": 579.0
    },
    "accuracy": 0.5122422680412371,
    "macro avg": {
        "precision": 0.5287306858913348,
        "recall": 0.5302200874385614,
        "f1-score": 0.5102494765315646,
        "support": 1552.0
    },
    "weighted avg": {
        "precision": 0.5618757707532657,
        "recall": 0.5122422680412371,
        "f1-score": 0.5181803841559177,
        "support": 1552.0
    }
}