{
    "DOWN": {
        "precision": 0.7,
        "recall": 0.7,
        "f1-score": 0.7,
        "support": 260.0
    },
    "UP": {
        "precision": 0.390625,
        "recall": 0.390625,
        "f1-score": 0.390625,
        "support": 128.0
    },
    "accuracy": 0.5979381443298969,
    "macro avg": {
        "precision": 0.5453125,
        "recall": 0.5453125,
        "f1-score": 0.5453125,
        "support": 388.0
    },
    "weighted avg": {
        "precision": 0.5979381443298969,
        "recall": 0.5979381443298969,
        "f1-score": 0.5979381443298969,
        "support": 388.0
    }
}