{
    "DOWN": {
        "precision": 0.7694013303769401,
        "recall": 0.458994708994709,
        "f1-score": 0.5749792874896438,
        "support": 756.0
    },
    "UP": {
        "precision": 0.3774733637747336,
        "recall": 0.7045454545454546,
        "f1-score": 0.491575817641229,
        "support": 352.0
    },
    "accuracy": 0.5370036101083032,
    "macro avg": {
        "precision": 0.5734373470758369,
        "recall": 0.5817700817700818,
        "f1-score": 0.5332775525654364,
        "support": 1108.0
    },
    "weighted avg": {
        "precision": 0.6448899186043979,
        "recall": 0.5370036101083032,
        "f1-score": 0.5484828782959236,
        "support": 1108.0
    }
}