{
    "R2": 0.9763347519136244,
    "RMSE": 14.166852030935686,
    "MSE": 200.6996964664266,
    "MAPE": 0.04324195065769281,
    "ACMAPE": 0.999598686900577
}