{
    "R2": 0.9903876701193339,
    "RMSE": 84.88335384775479,
    "MSE": 7205.183760443148,
    "MAPE": 0.09999712955592073,
    "ACMAPE": 1.195395020255825
}