{
    "DOWN": {
        "precision": 0.7773279352226721,
        "recall": 0.33507853403141363,
        "f1-score": 0.4682926829268293,
        "support": 573.0
    },
    "UP": {
        "precision": 0.3476027397260274,
        "recall": 0.7868217054263565,
        "f1-score": 0.4821852731591449,
        "support": 258.0
    },
    "accuracy": 0.4753309265944645,
    "macro avg": {
        "precision": 0.5624653374743498,
        "recall": 0.5609501197288851,
        "f1-score": 0.4752389780429871,
        "support": 831.0
    },
    "weighted avg": {
        "precision": 0.6439114485341831,
        "recall": 0.4753309265944645,
        "f1-score": 0.4726059058870428,
        "support": 831.0
    }
}