{
    "R2": 0.930049338866605,
    "RMSE": 10.441336820438995,
    "MSE": 109.0215145978551,
    "MAPE": 0.046394572512869374,
    "ACMAPE": 0.957979938366528
}