{
    "R2": 0.868257993829104,
    "RMSE": 11.57448105529052,
    "MSE": 133.96861169927914,
    "MAPE": 0.0396776647436398,
    "ACMAPE": 0.9647590979683954
}