{
    "R2": 0.8710822514188361,
    "RMSE": 345.10266039977205,
    "MSE": 119095.84621500038,
    "MAPE": 0.03009568377530692,
    "ACMAPE": 0.8735120538820685
}