{
    "DOWN": {
        "precision": 0.6920529801324503,
        "recall": 0.5173267326732673,
        "f1-score": 0.5920679886685551,
        "support": 404.0
    },
    "UP": {
        "precision": 0.42136498516320475,
        "recall": 0.6042553191489362,
        "f1-score": 0.4965034965034965,
        "support": 235.0
    },
    "accuracy": 0.5492957746478874,
    "macro avg": {
        "precision": 0.5567089826478275,
        "recall": 0.5607910259111017,
        "f1-score": 0.5442857425860258,
        "support": 639.0
    },
    "weighted avg": {
        "precision": 0.592504186990396,
        "recall": 0.5492957746478874,
        "f1-score": 0.5569229876375869,
        "support": 639.0
    }
}