{
    "DOWN": {
        "precision": 0.6688829787234043,
        "recall": 0.45479204339963836,
        "f1-score": 0.5414424111948332,
        "support": 1106.0
    },
    "UP": {
        "precision": 0.3201803833145434,
        "recall": 0.5328330206378987,
        "f1-score": 0.39999999999999997,
        "support": 533.0
    },
    "accuracy": 0.4801708358755339,
    "macro avg": {
        "precision": 0.4945316810189738,
        "recall": 0.4938125320187685,
        "f1-score": 0.4707212055974166,
        "support": 1639.0
    },
    "weighted avg": {
        "precision": 0.5554854904055746,
        "recall": 0.4801708358755339,
        "f1-score": 0.4954455807086549,
        "support": 1639.0
    }
}