{
    "R2": 0.9966890576155343,
    "RMSE": 165.75797349081077,
    "MSE": 27475.705775780327,
    "MAPE": 0.07492213355908686,
    "ACMAPE": 1.2953981102092889
}