{
    "DOWN": {
        "precision": 0.6124567474048442,
        "recall": 0.1822863027806385,
        "f1-score": 0.2809523809523809,
        "support": 2913.0
    },
    "UP": {
        "precision": 0.335935321996097,
        "recall": 0.7819597663854639,
        "f1-score": 0.46996879875195,
        "support": 1541.0
    },
    "accuracy": 0.389762011674899,
    "macro avg": {
        "precision": 0.4741960347004706,
        "recall": 0.4821230345830512,
        "f1-score": 0.37546058985216546,
        "support": 4454.0
    },
    "weighted avg": {
        "precision": 0.5167855492560164,
        "recall": 0.389762011674899,
        "f1-score": 0.3463484967649395,
        "support": 4454.0
    }
}