{
    "DOWN": {
        "precision": 0.5665509259259259,
        "recall": 0.3691553544494721,
        "f1-score": 0.44703196347031965,
        "support": 2652.0
    },
    "UP": {
        "precision": 0.38740388136213844,
        "recall": 0.5855008301051466,
        "f1-score": 0.46628470691934776,
        "support": 1807.0
    },
    "accuracy": 0.45682888540031397,
    "macro avg": {
        "precision": 0.4769774036440322,
        "recall": 0.4773280922773094,
        "f1-score": 0.4566583351948337,
        "support": 4459.0
    },
    "weighted avg": {
        "precision": 0.493951977837394,
        "recall": 0.45682888540031397,
        "f1-score": 0.4548340956552028,
        "support": 4459.0
    }
}