{
    "R2": 0.9936595618270764,
    "RMSE": 48.94912650325682,
    "MSE": 2396.0169854318397,
    "MAPE": 0.08435216181619541,
    "ACMAPE": 1.159649387707873
}