{
    "DOWN": {
        "precision": 0.7065527065527065,
        "recall": 0.41086812458581845,
        "f1-score": 0.5195893567986591,
        "support": 3018.0
    },
    "UP": {
        "precision": 0.2991722506897911,
        "recall": 0.5957613814756672,
        "f1-score": 0.39832065074783524,
        "support": 1274.0
    },
    "accuracy": 0.4657502329916123,
    "macro avg": {
        "precision": 0.5028624786212488,
        "recall": 0.5033147530307428,
        "f1-score": 0.45895500377324716,
        "support": 4292.0
    },
    "weighted avg": {
        "precision": 0.5856294305113845,
        "recall": 0.4657502329916123,
        "f1-score": 0.48359300742569794,
        "support": 4292.0
    }
}