{
    "DOWN": {
        "precision": 0.6522593320235757,
        "recall": 0.352067868504772,
        "f1-score": 0.4573002754820937,
        "support": 943.0
    },
    "UP": {
        "precision": 0.3486140724946695,
        "recall": 0.6488095238095238,
        "f1-score": 0.4535367545076283,
        "support": 504.0
    },
    "accuracy": 0.4554250172771251,
    "macro avg": {
        "precision": 0.5004367022591226,
        "recall": 0.5004386961571479,
        "f1-score": 0.45541851499486097,
        "support": 1447.0
    },
    "weighted avg": {
        "precision": 0.5464976106672739,
        "recall": 0.4554250172771251,
        "f1-score": 0.4559894153776496,
        "support": 1447.0
    }
}