{
    "R2": 0.6668845861977046,
    "RMSE": 10.21581422494132,
    "MSE": 104.36286027851345,
    "MAPE": 0.021088947384442756,
    "ACMAPE": 0.9377556140511095
}