{
    "DOWN": {
        "precision": 0.7221074380165289,
        "recall": 0.42621951219512194,
        "f1-score": 0.536042944785276,
        "support": 1640.0
    },
    "UP": {
        "precision": 0.3654753877275792,
        "recall": 0.6683107274969173,
        "f1-score": 0.4725370531822145,
        "support": 811.0
    },
    "accuracy": 0.5063239494084047,
    "macro avg": {
        "precision": 0.543791412872054,
        "recall": 0.5472651198460197,
        "f1-score": 0.5042899989837453,
        "support": 2451.0
    },
    "weighted avg": {
        "precision": 0.6041031161950935,
        "recall": 0.5063239494084047,
        "f1-score": 0.515029775429877,
        "support": 2451.0
    }
}