{
    "R2": 0.9950114020010566,
    "RMSE": 25.540373392682127,
    "MSE": 652.3106730376252,
    "MAPE": 0.05904891752572159,
    "ACMAPE": 1.257131178439171
}