{
    "R2": 0.9908792735245214,
    "RMSE": 8.739788623132231,
    "MSE": 76.3839051770316,
    "MAPE": 0.07972532294472164,
    "ACMAPE": 1.3278272088129557
}