{
    "R2": 0.4890109295669459,
    "RMSE": 7.489123668448596,
    "MSE": 56.086973321316954,
    "MAPE": 0.02515333717159294,
    "ACMAPE": 0.8077620328237668
}