{
    "R2": 0.8125278753744255,
    "RMSE": 10.678036003948993,
    "MSE": 114.02045290163097,
    "MAPE": 0.04020025930268178,
    "ACMAPE": 1.216516048776366
}