{
    "R2": 0.9771373785760331,
    "RMSE": 22.04138924971012,
    "MSE": 485.822840057237,
    "MAPE": 0.05461116751585899,
    "ACMAPE": 0.9614537066749688
}