{
    "DOWN": {
        "precision": 0.6594202898550725,
        "recall": 0.6190476190476191,
        "f1-score": 0.6385964912280702,
        "support": 147.0
    },
    "UP": {
        "precision": 0.4105263157894737,
        "recall": 0.45348837209302323,
        "f1-score": 0.430939226519337,
        "support": 86.0
    },
    "accuracy": 0.5579399141630901,
    "macro avg": {
        "precision": 0.5349733028222731,
        "recall": 0.5362679955703211,
        "f1-score": 0.5347678588737036,
        "support": 233.0
    },
    "weighted avg": {
        "precision": 0.5675538444918042,
        "recall": 0.5579399141630901,
        "f1-score": 0.5619504621939456,
        "support": 233.0
    }
}