{
    "DOWN": {
        "precision": 0.8123943661971831,
        "recall": 0.4256198347107438,
        "f1-score": 0.5585899670734069,
        "support": 3388.0
    },
    "UP": {
        "precision": 0.2773858150761233,
        "recall": 0.6916666666666667,
        "f1-score": 0.3959713755632123,
        "support": 1080.0
    },
    "accuracy": 0.48992837958818264,
    "macro avg": {
        "precision": 0.5448900906366532,
        "recall": 0.5586432506887052,
        "f1-score": 0.47728067131830965,
        "support": 4468.0
    },
    "weighted avg": {
        "precision": 0.6830726931419582,
        "recall": 0.48992837958818264,
        "f1-score": 0.5192819816591253,
        "support": 4468.0
    }
}