{
    "R2": 0.9688353054298015,
    "RMSE": 35.03209072224791,
    "MSE": 1227.247380371808,
    "MAPE": 0.03480467478653566,
    "ACMAPE": 1.154471688314111
}