{
    "DOWN": {
        "precision": 0.6777777777777778,
        "recall": 0.5304347826086957,
        "f1-score": 0.5951219512195123,
        "support": 115.0
    },
    "UP": {
        "precision": 0.39325842696629215,
        "recall": 0.546875,
        "f1-score": 0.45751633986928103,
        "support": 64.0
    },
    "accuracy": 0.5363128491620112,
    "macro avg": {
        "precision": 0.535518102372035,
        "recall": 0.5386548913043478,
        "f1-score": 0.5263191455443966,
        "support": 179.0
    },
    "weighted avg": {
        "precision": 0.576050188660822,
        "recall": 0.5363128491620112,
        "f1-score": 0.5459221795635637,
        "support": 179.0
    }
}