{
    "R2": 0.9744151538518342,
    "RMSE": 4.196344288061939,
    "MSE": 17.609305383950055,
    "MAPE": 0.051178277787371704,
    "ACMAPE": 1.2491980797675697
}