{
    "DOWN": {
        "precision": 0.6820512820512821,
        "recall": 0.4098613251155624,
        "f1-score": 0.5120307988450432,
        "support": 649.0
    },
    "UP": {
        "precision": 0.34974533106960953,
        "recall": 0.6242424242424243,
        "f1-score": 0.4483133841131665,
        "support": 330.0
    },
    "accuracy": 0.4821246169560776,
    "macro avg": {
        "precision": 0.5158983065604458,
        "recall": 0.5170518746789934,
        "f1-score": 0.4801720914791049,
        "support": 979.0
    },
    "weighted avg": {
        "precision": 0.5700380401473475,
        "recall": 0.4821246169560776,
        "f1-score": 0.4905530185983432,
        "support": 979.0
    }
}