{
    "DOWN": {
        "precision": 0.7040816326530612,
        "recall": 0.5073529411764706,
        "f1-score": 0.5897435897435896,
        "support": 408.0
    },
    "UP": {
        "precision": 0.38153846153846155,
        "recall": 0.5876777251184834,
        "f1-score": 0.4626865671641791,
        "support": 211.0
    },
    "accuracy": 0.5347334410339257,
    "macro avg": {
        "precision": 0.5428100470957614,
        "recall": 0.5475153331474769,
        "f1-score": 0.5262150784538844,
        "support": 619.0
    },
    "weighted avg": {
        "precision": 0.5941355759403302,
        "recall": 0.5347334410339257,
        "f1-score": 0.5464333607221751,
        "support": 619.0
    }
}