{
    "R2": 0.9277345590198327,
    "RMSE": 45.38321676663541,
    "MSE": 2059.636364087417,
    "MAPE": 0.04192695017161182,
    "ACMAPE": 0.6912023124904524
}