{
    "R2": 0.9884147965491611,
    "RMSE": 35.99580058723639,
    "MSE": 1295.6976599160876,
    "MAPE": 126196714339085.1,
    "ACMAPE": 126196714339086.34
}