{
    "DOWN": {
        "precision": 0.6470588235294118,
        "recall": 0.24600638977635783,
        "f1-score": 0.3564814814814815,
        "support": 313.0
    },
    "UP": {
        "precision": 0.2804878048780488,
        "recall": 0.6865671641791045,
        "f1-score": 0.3982683982683983,
        "support": 134.0
    },
    "accuracy": 0.378076062639821,
    "macro avg": {
        "precision": 0.4637733142037303,
        "recall": 0.46628677697773113,
        "f1-score": 0.3773749398749399,
        "support": 447.0
    },
    "weighted avg": {
        "precision": 0.5371695248732985,
        "recall": 0.378076062639821,
        "f1-score": 0.3690082082140248,
        "support": 447.0
    }
}