{
    "R2": 0.9865902854809113,
    "RMSE": 33.808150881551065,
    "MSE": 1142.991066029722,
    "MAPE": 0.04870710390199715,
    "ACMAPE": 1.0228450349364797
}