{
    "R2": 0.972372187980919,
    "RMSE": 29.12550361850971,
    "MSE": 848.2949610318224,
    "MAPE": 0.030021781252315423,
    "ACMAPE": 1.0256358163400348
}