{
    "DOWN": {
        "precision": 0.6357466063348416,
        "recall": 0.4895470383275261,
        "f1-score": 0.5531496062992126,
        "support": 574.0
    },
    "UP": {
        "precision": 0.37659574468085105,
        "recall": 0.5236686390532544,
        "f1-score": 0.43811881188118806,
        "support": 338.0
    },
    "accuracy": 0.5021929824561403,
    "macro avg": {
        "precision": 0.5061711755078463,
        "recall": 0.5066078386903903,
        "f1-score": 0.49563420909020034,
        "support": 912.0
    },
    "weighted avg": {
        "precision": 0.5397016598007969,
        "recall": 0.5021929824561403,
        "f1-score": 0.5105175794206026,
        "support": 912.0
    }
}