{
    "R2": 0.8639596739991902,
    "RMSE": 42.22275941564746,
    "MSE": 1782.761412671646,
    "MAPE": 0.025754918546146997,
    "ACMAPE": 0.928297291427503
}