{
    "DOWN": {
        "precision": 0.6860986547085202,
        "recall": 0.8063241106719368,
        "f1-score": 0.7413688673531192,
        "support": 759.0
    },
    "UP": {
        "precision": 0.35807860262008734,
        "recall": 0.2265193370165746,
        "f1-score": 0.27749576988155666,
        "support": 362.0
    },
    "accuracy": 0.6190900981266726,
    "macro avg": {
        "precision": 0.5220886286643037,
        "recall": 0.5164217238442557,
        "f1-score": 0.509432318617338,
        "support": 1121.0
    },
    "weighted avg": {
        "precision": 0.580172464828045,
        "recall": 0.6190900981266726,
        "f1-score": 0.5915722025139528,
        "support": 1121.0
    }
}