{
    "R2": 0.9712215487770876,
    "RMSE": 23.197767096666503,
    "MSE": 538.136398271183,
    "MAPE": 0.03418163646937873,
    "ACMAPE": 1.0081951109640852
}