{
    "R2": 0.9940481160700854,
    "RMSE": 43.22373547065607,
    "MSE": 1868.2913080372512,
    "MAPE": 0.11779950572250208,
    "ACMAPE": 1.3741416173436665
}