{
    "DOWN": {
        "precision": 0.5854545454545454,
        "recall": 0.9226361031518625,
        "f1-score": 0.7163515016685206,
        "support": 349.0
    },
    "UP": {
        "precision": 0.5846153846153846,
        "recall": 0.14285714285714285,
        "f1-score": 0.22960725075528696,
        "support": 266.0
    },
    "accuracy": 0.5853658536585366,
    "macro avg": {
        "precision": 0.5850349650349651,
        "recall": 0.5327466230045027,
        "f1-score": 0.4729793762119038,
        "support": 615.0
    },
    "weighted avg": {
        "precision": 0.5850915913354937,
        "recall": 0.5853658536585366,
        "f1-score": 0.5058247199727155,
        "support": 615.0
    }
}