{
    "DOWN": {
        "precision": 0.807909604519774,
        "recall": 0.9522752497225305,
        "f1-score": 0.8741721854304635,
        "support": 901.0
    },
    "UP": {
        "precision": 0.2711864406779661,
        "recall": 0.07272727272727272,
        "f1-score": 0.11469534050179213,
        "support": 220.0
    },
    "accuracy": 0.7796610169491526,
    "macro avg": {
        "precision": 0.53954802259887,
        "recall": 0.5125012612249016,
        "f1-score": 0.4944337629661278,
        "support": 1121.0
    },
    "weighted avg": {
        "precision": 0.7025758881547448,
        "recall": 0.7796610169491526,
        "f1-score": 0.7251223139904032,
        "support": 1121.0
    }
}