{
    "R2": 0.958839653380676,
    "RMSE": 3.562437635881428,
    "MSE": 12.690961909544457,
    "MAPE": 0.025305020507330876,
    "ACMAPE": 0.8003050205073308
}