{
    "DOWN": {
        "precision": 0.7191011235955056,
        "recall": 0.46545454545454545,
        "f1-score": 0.565121412803532,
        "support": 275.0
    },
    "UP": {
        "precision": 0.3900414937759336,
        "recall": 0.6527777777777778,
        "f1-score": 0.48831168831168825,
        "support": 144.0
    },
    "accuracy": 0.5298329355608592,
    "macro avg": {
        "precision": 0.5545713086857196,
        "recall": 0.5591161616161616,
        "f1-score": 0.5267165505576101,
        "support": 419.0
    },
    "weighted avg": {
        "precision": 0.606011417881858,
        "recall": 0.5298329355608592,
        "f1-score": 0.5387237986583637,
        "support": 419.0
    }
}