{
    "R2": 0.991953853557187,
    "RMSE": 59.012942436451404,
    "MSE": 3482.527375007927,
    "MAPE": 0.039199357874282255,
    "ACMAPE": 1.0111895298644542
}