{
    "R2": 0.9703711200986401,
    "RMSE": 7.89022817787253,
    "MSE": 62.25570069889366,
    "MAPE": 0.04016659603118955,
    "ACMAPE": 1.0691812469935567
}