,y_actual,y_predict
0,1685.0,1656.7632846801562
1,1695.0,1650.0104761100142
2,1695.0,1650.8438364794656
3,1680.0,1656.8234410454331
4,1720.0,1655.4767833796957
5,1640.0,1664.7880018171393
6,1565.0,1666.4143113683842
7,1560.0,1650.6339007461916
8,1475.0,1615.3421195887186
9,1515.0,1571.0629577769648
10,1485.0,1526.9664441301275
11,1575.0,1496.8247170254426
12,1665.0,1500.3288007004282
13,1685.0,1531.8943174872306
14,1675.0,1559.4936192507462
15,1700.0,1586.9680252093726
16,1725.0,1611.2287400803373
17,1770.0,1639.9438447130929
18,1750.0,1671.0987616208442
19,1755.0,1691.5526111673587
20,1690.0,1703.662724348109
21,1660.0,1699.9166058463652
22,1615.0,1681.059897956995
23,1640.0,1655.3211416129323
24,1615.0,1631.6923005427936
25,1580.0,1615.4499483621876
26,1490.0,1599.7681863062833
27,1505.0,1570.7722559024157
28,1525.0,1532.7241351121042
29,1495.0,1509.2761146005519
30,1455.0,1488.7495368659868
31,1455.0,1467.739711900754
32,1500.0,1441.9285682875138
33,1500.0,1436.824935435507
34,1495.0,1434.7856641754922
35,1500.0,1443.760420287586
36,1450.0,1448.5175670964484
37,1440.0,1444.4456039592067
38,1420.0,1425.6965842582028
39,1395.0,1406.2030258553848
40,1395.0,1392.2696644828236
41,1395.0,1374.7317292041482
42,1325.0,1356.2344974213752
43,1300.0,1341.2402808668103
44,1345.0,1320.2796325703641
45,1315.0,1307.1987792581886
46,1280.0,1295.1581713520184
47,1275.0,1286.2012133138767
48,1220.0,1261.8204387655423
49,1190.0,1237.985528052443
50,1170.0,1211.6326256889552
51,1150.0,1183.9396661302833
52,1140.0,1161.6806019459561
53,1070.0,1135.489709854366
54,1045.0,1107.1431982720926
55,1080.0,1078.7601907972603
56,1155.0,1069.9911669238818
57,1095.0,1069.3413263469806
58,1140.0,1063.4622260706524
59,1105.0,1064.3968920648258
