,y_actual,y_predict
0,98.0,112.34058750893585
1,97.0,105.88966176383461
2,97.0,102.44450016688944
3,97.0,99.67121952437864
4,103.0,99.08403261297747
5,103.0,104.83602960835897
6,103.0,105.55628645527193
7,105.0,104.64386900809804
8,103.0,109.58947552735818
9,101.0,107.84807866125985
10,102.0,105.46292591023088
11,99.99999999999999,106.74969373287412
12,99.0,108.8221374493591
13,99.99999999999999,105.58610231390762
14,99.99999999999999,104.17990680863451
15,99.99999999999999,102.07611103081679
16,99.0,100.65193519083175
17,97.0,99.38649063455564
18,96.0,98.92101155569944
19,98.0,98.25252184118118
20,99.99999999999999,100.17604085092265
21,99.0,103.67792600783221
22,98.0,102.49516587093531
23,98.0,101.8694386289775
24,101.0,100.32770946688603
25,103.0,105.53247048264167
26,101.0,106.8062047364905
27,101.0,104.83554652574983
28,99.99999999999999,103.2363595181281
29,99.99999999999999,103.1521099110953
30,99.0,103.90174784229572
31,96.0,103.16210005945217
32,96.0,102.12550139677455
33,96.0,103.51264412394345
34,96.0,101.53471068910923
35,95.0,100.8640374411977
36,95.0,99.44273111191092
37,94.0,100.37876163701922
38,94.0,98.61912357160004
39,95.0,97.4985651514551
40,97.0,97.41960046816622
41,96.0,99.32965113476506
