,y_actual,y_predict
0,640.0,651.0071912227678
1,630.0,645.7564025913119
2,630.0,640.4016754555546
3,635.0,636.617420935845
4,650.0,634.7113956217195
5,640.0,635.6775546805774
6,630.0,636.8551986799199
7,625.0,636.1483296589836
8,620.0,633.0407878628962
9,620.0,628.041306720073
10,620.0,627.1176460921754
11,625.0,625.4590196738104
12,620.0,624.9356290221247
13,605.0,624.6141923575351
14,595.0,622.5452087867383
15,630.0,617.9005827775616
16,630.0,620.7465044130536
17,660.0,625.0793299423758
18,680.0,631.1836951249209
19,675.0,641.4427592331625
20,670.0,650.0488794157534
21,670.0,653.7631250239024
22,665.0,655.8930676104559
23,670.0,656.0082508357896
24,665.0,655.7905121467094
25,660.0,656.4692392989658
26,660.0,655.7154671635633
27,650.0,653.770746780003
28,655.0,649.9526678988993
29,675.0,647.8369916763293
30,670.0,650.496984555501
31,650.0,654.3058030781074
32,650.0,652.5404119421335
33,660.0,649.6679118751106
34,665.0,648.3554364547268
35,630.0,649.0766770709931
36,645.0,646.1989605357908
37,650.0,642.8787461883076
38,635.0,641.9455095078732
39,640.0,640.0855003582932
40,640.0,638.7988366839154
41,640.0,638.4031968869524
42,640.0,636.4607915930166
43,625.0,636.5206682292086
44,625.0,634.8791343881346
45,615.0,632.9301145524151
46,615.0,629.0895913283953
47,625.0,626.0366796342216
48,615.0,625.4265182207731
49,615.0,624.2520161287779
50,605.0,623.0812121669617
51,610.0,621.1234731625273
52,615.0,619.0206201311878
53,610.0,618.9614951474712
54,620.0,619.1302711943024
55,615.0,619.7697771203914
56,610.0,620.5134169804253
57,605.0,619.1707401635791
58,605.0,618.5692077205484
59,575.0,618.1562197844526
60,575.0,612.8496585393204
61,570.0,608.1993801035285
62,570.0,605.0295864494267
63,595.0,602.389873154042
