,y_actual,y_predict
0,50.0,47.65505191088407
1,50.0,47.654543386605766
2,50.0,47.65478609137496
3,50.0,47.65548646799462
4,50.0,47.655061156780036
5,50.0,47.655359336925045
6,50.0,47.655227582907486
7,50.0,47.65491784539252
8,50.0,47.65450871449588
9,50.0,47.654836943802785
10,50.0,47.65193835541647
11,50.0,47.655359336925045
12,50.0,47.6554610417807
13,50.0,47.65608745123261
14,50.0,47.65536858282101
15,50.0,47.655458730306705
16,50.0,47.65521371406353
17,50.0,47.65433766542046
18,50.0,47.655132812473795
19,50.0,47.6551027633119
20,50.0,47.654480976807974
21,50.0,47.65366964943669
22,50.0,47.65542174672284
23,50.0,47.655625156434155
24,50.0,47.65541018935287
25,50.0,47.655033419092135
26,50.0,47.65489935360058
27,50.0,47.6548323208548
28,50.0,47.65459886198158
29,50.0,47.65472368157717
30,50.0,47.65472830452515
31,50.0,47.654409321114215
32,50.0,47.65466589472736
33,50.0,47.65418279666297
34,50.0,47.654855435594726
35,50.0,47.65460579640356
36,50.0,47.655033419092135
37,50.0,47.65500799287821
38,50.0,47.65480920611488
39,50.0,47.65452258333984
40,50.0,47.65475373073906
41,50.0,47.65003832379482
42,50.0,47.655625156434155
43,50.0,47.656517385395176
44,50.0,47.656570549296994
45,50.0,47.65625387736005
46,50.0,47.65580313993156
47,50.0,47.65535702545105
48,50.0,47.655031107618136
49,50.0,47.65395627221173
50,50.0,47.65491091097054
51,50.0,47.65504035351411
52,50.0,47.65493633718445
53,50.0,47.654825386432826
54,50.0,47.6544139440622
55,50.0,47.654642779987434
