,y_actual,y_predict
0,50.0,53.135767090706416
1,50.0,53.136186623236014
2,50.0,53.1362513445078
3,50.0,53.13575668907345
4,50.0,53.13582141034524
5,50.0,53.13542961550354
6,50.0,53.13519384515633
7,50.0,53.13514645993949
8,50.0,53.135364894231756
9,50.0,53.13516957467941
10,50.0,53.13785319598445
11,50.0,53.13673559830918
12,50.0,53.13666047540443
13,50.0,53.135953164362796
14,50.0,53.13597743483972
15,50.0,53.13561337768593
16,50.0,53.135441172873506
17,50.0,53.13597743483972
18,50.0,53.135542877729165
19,50.0,53.13537182865374
20,50.0,53.13574513170349
21,50.0,53.13673790978317
22,50.0,53.13597627910272
23,50.0,53.13555212362513
24,50.0,53.13528399264203
25,50.0,53.13521233694827
26,50.0,53.135110632092605
27,50.0,53.13501008297395
28,50.0,53.13509214030067
29,50.0,53.134993902656
30,50.0,53.134926869910224
31,50.0,53.13516032878344
32,50.0,53.13507595998273
33,50.0,53.13554518920316
34,50.0,53.13528630411602
35,50.0,53.13548046793137
36,50.0,53.13519846810431
37,50.0,53.135038976398846
38,50.0,53.135017017395924
39,50.0,53.13518228778637
40,50.0,53.135052845242804
41,50.0,53.13951514578489
42,50.0,53.13779309766065
43,50.0,53.13709387677798
44,50.0,53.136435106690186
45,50.0,53.13587919719504
46,50.0,53.135471222035406
47,50.0,53.13521233694827
48,50.0,53.135052845242804
49,50.0,53.13578442676136
50,50.0,53.13537182865374
51,50.0,53.135151082887475
52,50.0,53.13503319771387
53,50.0,53.134951140387145
54,50.0,53.135203091052304
55,50.0,53.13514068125451
