,y_actual,y_predict
0,129.0,129.1340603360285
1,130.0,129.09381299230432
2,131.0,129.59539469867008
3,132.0,129.9825974847002
4,131.0,130.33517909934673
5,132.0,130.3326835576206
6,132.0,130.6197473564948
7,133.0,131.5364178188698
8,135.0,131.92618087771015
9,135.0,132.88916394112624
10,134.0,133.71092663853972
11,131.0,134.2788061023419
12,130.0,133.71379676049042
13,130.0,132.21699545814474
14,130.0,130.99245535899297
15,131.0,130.49970107131048
16,131.0,130.332579897353
17,130.0,130.36934443715182
18,129.0,130.66711285614915
19,128.0,130.47589949694074
20,130.0,130.01878306606116
21,130.0,129.47984428151108
22,129.0,129.81452073508814
23,129.0,129.76200707725295
24,129.0,129.33675644636443
25,129.0,129.33836612283426
26,129.0,129.34738320812065
27,129.0,129.05936157026724
28,129.0,129.03100482876715
29,129.0,129.2403324802399
30,130.0,129.30464711264423
31,130.0,129.59749461125259
32,130.0,129.7203170904159
33,128.0,129.70697524444543
34,130.0,129.6560287125772
35,130.0,129.4543320863935
36,130.0,129.54188563066697
37,130.0,129.56114154386972
38,129.0,129.6706642749005
39,128.0,129.49395339452775
40,128.0,129.37970710501486
41,129.0,128.8993499516064
42,129.0,128.78103510975643
43,128.0,128.8622042679416
44,129.0,128.7329630001557
45,128.0,128.45995354184237
46,128.0,128.53281720400167
47,129.0,127.8301173772251
48,129.0,127.94392096044231
49,127.0,128.27835614361487
50,128.0,128.4808639453424
51,127.0,128.34058942269854
52,128.0,128.16697431774114
53,128.0,127.93812141743581
54,128.0,127.78069723148064
55,127.0,127.77754487294979
56,128.0,127.63967943303153
57,128.0,127.50097113102476
58,127.0,127.5367941277816
59,127.0,127.51241540563375
60,127.0,127.50042612245625
61,128.0,127.39321515119241
62,128.0,127.11004155467522
63,128.0,127.04989687155096
64,128.0,127.17599302344476
