,y_actual,y_predict
0,129.0,129.19659327929187
1,130.0,129.1873634414912
2,131.0,129.47919380201526
3,132.0,130.03296551079552
4,131.0,130.60894315008838
5,132.0,130.63759321845924
6,132.0,130.89403604588338
7,133.0,131.4966263087241
8,135.0,132.10244497780292
9,135.0,133.03270715718642
10,134.0,133.897017188803
11,131.0,134.25795545061183
12,130.0,133.56230542736188
13,130.0,132.26157480519177
14,130.0,131.2048031908388
15,131.0,130.63310821439208
16,131.0,130.5192883352376
17,130.0,130.5466193380199
18,129.0,130.58660006210383
19,128.0,130.4374754875305
20,130.0,129.93459689615744
21,130.0,129.80739126253485
22,129.0,129.8502708527922
23,129.0,129.79474380455784
24,129.0,129.53582987931347
25,129.0,129.35067906143243
26,129.0,129.3368972251558
27,129.0,129.22696256904416
28,129.0,129.15886184721538
29,129.0,129.1519677604226
30,130.0,129.23610006320038
31,130.0,129.47226304936365
32,130.0,129.65468927706704
33,128.0,129.83523106069174
34,130.0,129.57311679443458
35,130.0,129.62993710635686
36,130.0,129.63876724102965
37,130.0,129.68482861303792
38,129.0,129.7241217391023
39,128.0,129.60518221965717
40,128.0,129.31158556059955
41,129.0,129.0194582518853
42,129.0,128.87707340536568
43,128.0,128.88815554803546
44,129.0,128.7732049119008
45,128.0,128.70651469397524
46,128.0,128.55778348522088
47,129.0,128.41729802072243
48,129.0,128.30585101109963
49,127.0,128.45531191571152
50,128.0,128.37009593310566
51,127.0,128.44565295156283
52,128.0,128.23382568437964
53,128.0,128.15473787951512
54,128.0,128.04473849231934
55,127.0,127.95811743778933
56,128.0,127.76491552156972
57,128.0,127.73521979722436
58,127.0,127.72345684650887
59,127.0,127.62563324043929
60,127.0,127.51726344696998
61,128.0,127.45286190290025
62,128.0,127.45119428532017
63,128.0,127.40600384062573
64,128.0,127.46564878167388
