,y_actual,y_predict
0,400.0,421.83582388914044
1,408.0,416.7874650885675
2,400.0,412.5197882215991
3,396.0,411.84272587320595
4,400.0,410.0953781351048
5,406.0,407.2291550323095
6,396.0,407.7116323186869
7,392.0,407.9597609212573
8,388.0,410.80873660939113
9,380.0,407.01146834177854
10,370.0,405.11720235215546
11,372.0,401.1069307650949
12,365.99999999999994,394.6919057403644
13,382.0,390.21599898985954
14,396.0,386.24864329358843
15,398.0,389.022459882323
16,408.0,392.57988551158894
17,408.0,397.4261613531719
18,408.0,403.3519091969718
19,418.0,407.7537151098125
20,420.0,412.516478339151
21,418.0,414.8763794922184
22,418.0,418.8483735271583
23,418.0,420.4099175240243
24,420.0,420.165278933559
25,408.0,423.0145473323856
26,416.0,421.3235801769374
27,412.0,418.2512887464902
28,416.0,417.4887773920394
29,424.0,416.5980812703987
30,408.0,418.092707099675
31,410.0,418.7786408336773
32,420.0,415.95945408757615
33,416.0,414.47484797047264
34,412.0,415.2276773558576
35,416.0,415.6766280098187
36,416.0,416.7490074067898
37,420.0,417.82377352171665
38,430.0,419.6109299140233
39,430.0,420.8910213217668
40,430.0,423.5010325036321
41,434.0,424.7528435552205
42,426.0,427.2483373076236
43,424.0,428.55328660803843
44,424.0,427.96306927054496
45,418.0,424.00118501260636
46,416.0,423.37755362373224
47,414.0,422.03907769090114
48,420.0,420.90324762223827
49,414.0,419.4296969628355
50,416.0,419.1402286039748
51,416.0,418.48538975201876
52,432.0,418.1935571914094
53,418.0,418.64894748060965
54,416.0,421.3126823326866
55,422.0,421.46104162146486
56,420.0,420.881001609594
57,418.0,421.18972132555075
58,418.0,421.08725006690304
59,416.0,419.47094665429734
60,416.0,419.413642907152
61,416.0,417.3750930622411
62,410.0,416.10529156115587
63,408.0,415.79958901695454
64,406.0,414.7973701213999
65,408.0,413.10237256487557
66,410.0,412.80921154804554
67,408.0,413.36529431553026
68,414.0,412.82765232168487
69,408.0,412.51197509772504
70,410.0,412.8824567698388
71,406.0,412.4745756776824
72,406.0,412.15804283785167
73,404.0,411.312626808749
74,400.0,410.8743488369674
75,400.0,410.8605238857897
76,398.0,408.40979235316064
77,400.0,406.3795059562664
78,380.0,404.56755921990987
79,380.0,401.38165100828564
80,380.0,396.96923996188684
81,388.0,395.0782163060904
82,386.0,393.9358565373599
83,388.0,393.7808549674783
84,382.0,393.19746004074517
