,y_actual,y_predict
0,400.0,421.75967407662745
1,408.0,417.32384617481364
2,400.0,413.37418821734656
3,396.0,411.70132409243075
4,400.0,411.42718927062543
5,406.0,408.4250358253875
6,396.0,408.44687654630343
7,392.0,408.93133525890823
8,388.0,413.36835651969994
9,380.0,409.0792892559582
10,370.0,409.8254313278256
11,372.0,406.96614321682625
12,365.99999999999994,399.7763805371735
13,382.0,395.0919511924396
14,396.0,391.00814167289315
15,398.0,393.30841990948085
16,408.0,395.77106251568154
17,408.0,398.4224584862514
18,408.0,404.5750120844698
19,418.0,407.32523168813236
20,420.0,410.2354289434521
21,418.0,412.72853597789947
22,418.0,416.3443911646673
23,418.0,418.6897018155146
24,420.0,419.3443155053993
25,408.0,422.91838061173416
26,416.0,421.6462599413146
27,412.0,418.25450856410976
28,416.0,417.9420736739766
29,424.0,416.9628213096944
30,408.0,417.1418026401692
31,410.0,419.59633941180317
32,420.0,417.20804532154506
33,416.0,415.12313460615394
34,412.0,416.6396236725532
35,416.0,416.71075237087626
36,416.0,417.67019047288426
37,420.0,418.0179082595898
38,430.0,418.6259584331301
39,430.0,418.9537268603186
40,430.0,422.16487574013536
41,434.0,423.52438181042567
42,426.0,425.27332819923305
43,424.0,426.6299071625965
44,424.0,426.2396112282085
45,418.0,424.04968492276396
46,416.0,423.77050647056154
47,414.0,422.3777889947548
48,420.0,421.48898423451294
49,414.0,419.7420417881401
50,416.0,419.46477721354375
51,416.0,418.39654079868455
52,432.0,418.00117871769237
53,418.0,417.5673814711296
54,416.0,421.1557218527848
55,422.0,421.0951307393985
56,420.0,420.2545106624144
57,418.0,420.5978828211439
58,418.0,420.77483769297703
59,416.0,419.68966909035623
60,416.0,419.31049616229035
61,416.0,417.7790113019426
62,410.0,416.8422245043072
63,408.0,416.88536555716786
64,406.0,416.00061371420946
65,408.0,413.9649009113969
66,410.0,414.06397222276803
67,408.0,414.75621049476666
68,414.0,413.54886895225957
69,408.0,412.85658564784666
70,410.0,413.4220576737045
71,406.0,413.0419615811463
72,406.0,412.71543154534993
73,404.0,412.0792361128974
74,400.0,411.71136632081067
75,400.0,412.2117439918563
76,398.0,409.5685664368888
77,400.0,407.78814239051394
78,380.0,405.85195122321517
79,380.0,404.57109426442923
80,380.0,403.23178523193434
81,388.0,401.79547637912424
82,386.0,399.4372189091773
83,388.0,399.3602134807934
84,382.0,398.01331648649574
