,y_actual,y_predict
0,400.0,426.2023694216158
1,408.0,422.34072731781913
2,400.0,419.2571327513927
3,396.0,417.23195753351695
4,400.0,415.9642275234877
5,406.0,413.7324435889888
6,396.0,413.4352521710826
7,392.0,413.17509991390483
8,388.0,414.74276831911016
9,380.0,412.0320871751676
10,370.0,411.387042873313
11,372.0,408.20466970620816
12,365.99999999999994,403.30854298203985
13,382.0,399.37437617507805
14,396.0,397.09861808805465
15,398.0,398.55546172176713
16,408.0,400.6161675144937
17,408.0,403.66366860089107
18,408.0,408.14723086182005
19,418.0,410.9314949706628
20,420.0,414.30235130765124
21,418.0,417.10359263666993
22,418.0,420.0095568450493
23,418.0,421.9987061315174
24,420.0,422.78238272067017
25,408.0,424.74057222233483
26,416.0,423.9508838058784
27,412.0,422.27425947437195
28,416.0,421.6628543859693
29,424.0,420.9886966282959
30,408.0,421.49591922630896
31,410.0,422.44155489334634
32,420.0,420.9324961752999
33,416.0,419.9860949572201
34,412.0,420.48509913963073
35,416.0,420.15764593934205
36,416.0,420.70704139330917
37,420.0,421.1135940292449
38,430.0,421.91785043171427
39,430.0,423.44462940477194
40,430.0,425.79601943154427
41,434.0,427.1778615793074
42,426.0,428.6963996205555
43,424.0,429.7002396830234
44,424.0,429.6424180631141
45,418.0,428.62936887193007
46,416.0,427.35977001670904
47,414.0,425.97529347271177
48,420.0,424.84941556760026
49,414.0,423.8102475761456
50,416.0,423.1489916051576
51,416.0,422.38479153517216
52,432.0,422.01241850165945
53,418.0,422.7420111612864
54,416.0,424.36970777469986
55,422.0,424.2884692993755
56,420.0,424.0769745658053
57,418.0,424.31976682728595
58,418.0,424.3322858384501
59,416.0,423.76793962294875
60,416.0,423.02639085733585
61,416.0,422.27027410571
62,410.0,421.35985378662355
63,408.0,420.6555017951891
64,406.0,419.67368258329407
65,408.0,418.1646013490405
66,410.0,417.76334002178027
67,408.0,417.9441901974468
68,414.0,417.23596541838606
69,408.0,417.16893466976063
70,410.0,417.33253743076574
71,406.0,417.1712763553021
72,406.0,416.7265812644885
73,404.0,416.2672956714548
74,400.0,415.7853587740485
75,400.0,415.56882041008123
76,398.0,413.8128939970636
77,400.0,412.36579988103836
78,380.0,411.03083647651954
79,380.0,409.1888531198518
80,380.0,407.09439553263763
81,388.0,404.5289439246822
82,386.0,402.7485198783074
83,388.0,402.50054888918686
84,382.0,401.81844291039664
