,y_actual,y_predict
0,400.0,427.10731830236966
1,408.0,422.80010297568134
2,400.0,420.1334635328846
3,396.0,417.3475782571285
4,400.0,414.46735007349844
5,406.0,413.79132347063324
6,396.0,414.04125336977404
7,392.0,413.48654409092427
8,388.0,412.77370348940184
9,380.0,412.51161483841094
10,370.0,408.82517134229124
11,372.0,404.3456394824385
12,365.99999999999994,401.1072459919947
13,382.0,395.2223875803425
14,396.0,394.07210210670235
15,398.0,395.4050615687866
16,408.0,399.9467381603176
17,408.0,406.74361554176244
18,408.0,411.4825341077505
19,418.0,416.5274704448397
20,420.0,420.7067261664094
21,418.0,423.75213324554363
22,418.0,425.72806551842655
23,418.0,426.9950074612062
24,420.0,427.40149254852054
25,408.0,427.78287206488517
26,416.0,427.3663222329838
27,412.0,426.4883027359572
28,416.0,424.2488858072413
29,424.0,423.6491441141319
30,408.0,424.9111099751359
31,410.0,424.46465862016623
32,420.0,423.80232187123596
33,416.0,423.9770476385632
34,412.0,423.0920481173263
35,416.0,422.5872347534762
36,416.0,422.98579413588084
37,420.0,424.33730695264006
38,430.0,425.8866246490346
39,430.0,429.6700679654695
40,430.0,431.64043873519137
41,434.0,433.2607725488733
42,426.0,434.9711937072816
43,424.0,435.4730349317906
44,424.0,435.27932800185295
45,418.0,434.1009423017147
46,416.0,431.15706080052877
47,414.0,429.25590485152395
48,420.0,427.5586106418723
49,414.0,427.1192068597342
50,416.0,426.165285228473
51,416.0,425.61368318620714
52,432.0,425.12222193318496
53,418.0,428.1856194618159
54,416.0,428.2720816971944
55,422.0,428.7874551621884
56,420.0,428.9362872913164
57,418.0,428.9924427118981
58,418.0,428.5966303067633
59,416.0,427.7006428764471
60,416.0,426.2788344610286
61,416.0,425.61156666273695
62,410.0,424.14828339378533
63,408.0,422.57489587196903
64,406.0,421.66598413876034
65,408.0,420.2000889897817
66,410.0,418.9365469942786
67,408.0,419.04584066368665
68,414.0,419.3790580130006
69,408.0,419.9520729682469
70,410.0,419.8651153763116
71,406.0,419.86869545324527
72,406.0,419.06317814317663
73,404.0,418.86634146044787
74,400.0,418.24674047265
75,400.0,416.82013610511285
76,398.0,415.44847128297243
77,400.0,413.3263187609886
78,380.0,412.13235184551655
79,380.0,408.21198747352537
80,380.0,403.6892244959834
81,388.0,400.27340329335675
82,386.0,399.88285968069033
83,388.0,399.6277510539097
84,382.0,400.4536230152237
