,y_actual,y_predict
0,342.0,414.7870128186259
1,334.0,401.30529531931097
2,336.0,387.56114074936204
3,334.0,374.32891251955806
4,346.0,365.0796401742742
5,346.0,360.46631740818736
6,346.0,359.5340332755126
7,340.0,360.23211078918246
8,328.0,361.5480743531725
9,322.0,361.29828792101284
10,322.0,359.5868008715654
11,314.0,356.1489261884271
12,312.0,353.01912426840613
13,302.0,349.4044802610814
14,316.0,345.8858197892959
15,314.0,345.21032663692944
16,298.0,344.153021932754
17,278.0,342.28730746861646
18,309.99999999999994,336.6222411850661
19,320.0,331.89523247993725
20,348.0,335.6534909502117
21,329.99999999999994,342.92030636221483
22,376.0,350.7906166619783
23,434.0,361.31501393295554
24,422.0,380.42274205341647
25,394.0,406.0668597953063
26,368.0,418.85648548573283
27,388.0,419.51185648159975
28,362.0,415.6735339033965
29,349.99999999999994,408.4370715333706
30,386.0,396.78519672131097
31,368.0,392.43762226680127
32,363.99999999999994,393.36999130308993
33,349.99999999999994,391.38528442404026
34,328.0,388.29776450375266
35,328.0,382.3177482643572
36,320.0,373.94145487742327
37,346.0,365.46909305133613
38,408.0,362.9508094105912
39,380.0,373.9368276304645
40,354.0,395.1283451474226
41,329.99999999999994,402.3848023185272
42,343.99999999999994,400.0601838211392
43,343.99999999999994,390.4347884661791
44,332.0,381.9444695257474
45,324.00000000000006,372.05009952188124
46,326.0,366.4755404907721
47,326.0,362.7353664902632
48,332.0,361.0212474287841
49,309.99999999999994,359.72935403934105
50,304.00000000000006,360.27906248768153
51,304.00000000000006,357.76621267822765
52,309.99999999999994,351.8240209988346
53,316.0,347.82701356621044
54,316.0,347.2275091483044
55,294.0,347.46358364681566
56,274.0,349.7923624212858
57,264.0,346.2589287206779
58,254.0,335.5066501499329
59,238.0,322.61280527341665
60,222.0,311.63769716793234
61,222.0,302.4329992199577
