,y_actual,y_predict
0,342.0,369.23015334087006
1,334.0,359.6458513350484
2,336.0,347.174401937796
3,334.0,333.41751182575865
4,346.0,319.85140013420494
5,346.0,309.49456014530347
6,346.0,302.88825239780954
7,340.0,299.50764520226187
8,328.0,298.1907476985187
9,322.0,297.69329742454744
10,322.0,295.8287291591979
11,314.0,294.3677926744354
12,312.0,293.16368962178814
13,302.0,291.19273712819387
14,316.0,288.5271032654866
15,314.0,283.6981253200369
16,298.0,282.29186676264044
17,278.0,282.2848197626849
18,309.99999999999994,279.9838044699673
19,320.0,272.69338585329376
20,348.0,266.01601378094676
21,329.99999999999994,267.52589719913556
22,376.0,275.1794061207482
23,434.0,281.71036191088604
24,422.0,288.8604773055528
25,394.0,306.4661331403059
26,368.0,331.9965649431536
27,388.0,347.2169811001781
28,362.0,349.70788332543304
29,349.99999999999994,348.7605288012871
30,386.0,345.5701481527325
31,368.0,337.50672458310254
32,363.99999999999994,334.81332723864267
33,349.99999999999994,334.5512297824643
34,328.0,332.9548720334956
35,328.0,329.9184640887893
36,320.0,322.486596051321
37,346.0,314.936287472431
38,408.0,306.4035591768451
39,380.0,298.7589651346943
40,354.0,313.23146535667644
41,329.99999999999994,324.24078961857145
42,343.99999999999994,326.2769480876581
43,343.99999999999994,320.1940286681887
44,332.0,313.2515450613691
45,324.00000000000006,311.2276551644942
46,326.0,309.4090197542767
47,326.0,305.22607340716246
48,332.0,301.1656854267452
49,309.99999999999994,296.74640987027806
50,304.00000000000006,296.26564315644254
51,304.00000000000006,292.8329051419465
52,309.99999999999994,287.9875407990098
53,316.0,282.0010718849563
54,316.0,277.9388584768397
55,294.0,276.3678869084338
56,274.0,281.80532660305823
57,264.0,279.7680219351836
58,254.0,272.41193037314105
59,238.0,262.9048482041818
60,222.0,256.019419825918
61,222.0,246.7784680347985
