,y_actual,y_predict
0,276.0,291.372843783768
1,286.0,284.7162871261165
2,280.0,259.4587386330215
3,274.0,254.29220312127643
4,258.0,258.41679008431333
5,268.0,261.21253766179495
6,262.0,260.1183258527977
7,262.0,259.3175993277192
8,266.0,259.7615001921924
9,262.0,260.1372282069776
10,280.0,260.1555734664147
11,284.0,261.78164233078803
12,280.0,264.4231005758992
13,268.0,268.4195039253267
14,264.0,269.5851534183185
15,254.0,268.38614301921757
16,258.0,264.85324249579446
17,264.0,261.07496117170825
18,270.0,259.585523031928
19,264.0,260.3542619542167
20,270.0,261.2080161253941
21,268.0,262.38799461339823
22,270.0,263.3218279149293
23,262.0,264.6787552400748
24,264.0,264.9037437820133
25,268.0,264.2348932426767
26,264.0,263.9771786235219
27,256.0,263.96348445740256
28,254.0,263.07794997450253
29,262.0,260.57234511248294
30,260.0,259.016962501986
31,262.0,258.04151551873736
32,266.0,258.0453892705535
33,264.0,258.25681320328965
34,262.0,258.5761450921358
35,262.0,259.02395857550016
36,258.0,259.9195078080787
37,260.0,259.7601398445646
38,258.0,258.70387525653587
39,278.0,257.6772921581754
40,286.0,258.6038702723585
41,290.0,260.1425789076468
42,290.0,263.92570566042616
43,294.0,269.9449459323215
44,290.0,275.8600742657728
45,282.0,279.68828682564344
46,300.0,281.58396363414556
47,304.0,281.5689220760902
48,298.0,282.12282971872753
49,300.0,284.56052084489306
50,300.0,288.09599955096303
51,288.0,290.9727590686002
52,284.0,291.085525409095
53,288.0,288.25690924178855
54,286.0,285.57909732578725
55,274.0,283.774499029886
56,274.0,281.03819216589136
57,270.0,276.9429109774637
58,264.0,272.9443051604484
59,268.0,267.9013799031451
60,264.0,264.6841318521273
61,262.0,263.10755373002075
62,264.0,262.46767211730946
63,262.0,262.0078098406707
64,262.0,260.9290930389381
65,258.0,260.08273656771735
66,264.0,259.3100850265374
67,266.0,258.9644660392464
68,260.0,259.2587934431253
69,260.0,260.01553539490635
70,260.0,259.4921513618974
71,262.0,258.18129447641184
72,260.0,257.6822541880938
73,258.0,257.33208775301864
74,250.0,256.57048741685276
75,250.0,254.83862237411532
76,234.0,252.44801223156176
77,234.0,248.64863904139952
78,222.00000000000003,243.53308417646593
79,226.0,236.73290072070716
80,236.0,231.84521056126795
