,y_actual,y_predict
0,276.0,275.9546119480558
1,286.0,270.50106899823834
2,280.0,184.94547707612617
3,274.0,221.92835408910327
4,258.0,247.73640287792045
5,268.0,240.41407913555528
6,262.0,249.59755276806112
7,262.0,257.6053621578966
8,266.0,260.65342183109703
9,262.0,261.664963371402
10,280.0,259.727685836874
11,284.0,254.40862296682863
12,280.0,261.06440228297856
13,268.0,266.72904527323976
14,264.0,263.70694880619186
15,254.0,266.921566851796
16,258.0,259.7892901508736
17,264.0,260.5242406292273
18,270.0,261.510103988597
19,264.0,262.94639788105303
20,270.0,265.1859835255427
21,268.0,264.9658922350641
22,270.0,266.84749916238775
23,262.0,267.10648343932843
24,264.0,265.0536929576667
25,268.0,267.1378750803003
26,264.0,268.1033073138703
27,256.0,268.0186030015823
28,254.0,265.2966769553667
29,262.0,262.2372162734765
30,260.0,260.4450295302171
31,262.0,261.9986372109521
32,266.0,260.0742635453502
33,264.0,257.218259045805
34,262.0,256.9466429694638
35,262.0,260.715350037389
36,258.0,258.53191436069625
37,260.0,258.6761500763131
38,258.0,257.75452103635666
39,278.0,258.9032892630727
40,286.0,248.4275890297356
41,290.0,236.8808028970731
42,290.0,249.93284606907284
43,294.0,262.4699782304308
44,290.0,266.6623364167132
45,282.0,277.3318926648508
46,300.0,277.41973225452847
47,304.0,265.38833847409376
48,298.0,264.8199204567604
49,300.0,275.10929193217044
50,300.0,282.94416874928936
51,288.0,288.05338828098513
52,284.0,286.9595392313553
53,288.0,285.26743520642333
54,286.0,282.07370173582814
55,274.0,282.7018584475574
56,274.0,274.54723515945824
57,270.0,272.0491186872372
58,264.0,261.6975858030847
59,268.0,257.9979066604991
60,264.0,261.4966300692364
61,262.0,265.19301846613195
62,264.0,265.70125729555195
63,262.0,264.58726214533965
64,262.0,261.5501111645446
65,258.0,261.6139309018238
66,264.0,260.9935216937268
67,266.0,259.0071420876828
68,260.0,262.29152653305306
69,260.0,261.4702522809497
70,260.0,258.01498226215034
71,262.0,257.8187424000783
72,260.0,259.29540622784936
73,258.0,257.1318704935969
74,250.0,258.15240328393674
75,250.0,252.19795442619747
76,234.0,251.4926465704371
77,234.0,243.58285994394998
78,222.00000000000003,233.4781977650053
79,226.0,230.31516928372224
80,236.0,229.98692387899143
