,y_actual,y_predict
0,800.0,819.2845666013029
1,800.0,815.2381298235458
2,810.0,818.9470456678615
3,820.0,820.5639045055921
4,820.0,828.431702383415
5,820.0,831.9422064815818
6,815.0,834.8299966785178
7,815.0,838.9688684189554
8,795.0,831.4376162659665
9,810.0,817.0306866879631
10,850.0,815.957500476618
11,850.0,827.7829911489303
12,850.0,840.20829683682
13,845.0,849.6325276519567
14,850.0,851.2380666631943
15,860.0,851.4165174939247
16,890.0,853.1112819205275
17,890.0,862.9873182423556
18,905.0,873.1901852361827
19,905.0,880.3425379841883
20,910.0,890.6270385795386
21,900.0,896.1609153717434
22,900.0,890.7975951583146
23,900.0,889.0218637284771
24,900.0,889.6591810699925
25,900.0,892.1635106014337
26,900.0,896.4348255462783
27,900.0,897.2196894812016
28,900.0,895.1588514944639
29,895.0,892.8152955946935
30,895.0,889.3176173413751
31,895.0,890.1158070698632
32,915.0,892.082574459231
33,915.0,903.1234110516366
34,900.0,907.5056837504948
35,900.0,908.292633891173
36,900.0,899.3911025451575
37,895.0,892.0995727155893
38,895.0,889.629918639566
39,950.0,890.2561939038754
40,915.0,913.2952812250455
41,900.0,916.4338296504017
42,890.0,905.1459751866394
43,890.0,894.8960759802305
44,900.0,889.7507580959868
45,900.0,889.9598045537208
46,900.0,890.9214898568913
47,900.0,891.2233971595458
48,900.0,890.6579798500993
49,900.0,891.5577640955293
50,950.0,893.9962917348006
51,940.0,914.8563803503791
52,930.0,923.1835878931482
53,930.0,916.6261062234133
54,930.0,904.3286886516253
55,920.0,902.4507701730338
56,900.0,897.387048857075
57,885.0,889.6566196043466
58,880.0,876.8353915662899
59,880.0,868.7050527180758
60,870.0,867.5025340943371
61,925.0,870.7051561940779
62,900.0,895.2954300771424
63,900.0,898.2802967359532
64,900.0,901.2197483002527
65,850.0,897.0345171177282
66,820.0,873.9914610678586
67,795.0,847.5518892271662
68,780.0,817.9898105254878
69,780.0,797.2782560563371
70,815.0,780.6134469752625
71,830.0,799.0756148973147
72,835.0,818.3672532897664
73,835.0,823.2626276768317
74,845.0,832.490495918336
75,875.0,842.6710318694963
