,y_actual,y_predict
0,800.0,824.1830888136197
1,800.0,819.424095498629
2,810.0,820.5957407460771
3,820.0,822.990791363639
4,820.0,830.9913904338387
5,820.0,835.4808681852339
6,815.0,838.8923083710729
7,815.0,841.9639192182859
8,795.0,835.5936590845411
9,810.0,822.3995063372724
10,850.0,821.1257727963725
11,850.0,834.6704081104712
12,850.0,847.6318192997298
13,845.0,857.4430474546144
14,850.0,858.3144518951295
15,860.0,858.3289195468739
16,890.0,860.4048053727552
17,890.0,872.2726867584548
18,905.0,881.0033467431691
19,905.0,888.9920087662384
20,910.0,899.1677489130449
21,900.0,904.0880590138675
22,900.0,894.8238364768109
23,900.0,895.7972613165078
24,900.0,895.4269597950057
25,900.0,897.492525691827
26,900.0,900.637579622703
27,900.0,900.1423835051913
28,900.0,897.223658209901
29,895.0,895.9848593570867
30,895.0,893.1209432544115
31,895.0,894.6300415410309
32,915.0,896.0280462850966
33,915.0,909.4682910727653
34,900.0,909.929404266671
35,900.0,909.0206888386156
36,900.0,901.0630236359643
37,895.0,895.2903256624699
38,895.0,893.8102552624347
39,950.0,894.6919364265651
40,915.0,926.0617803091702
41,900.0,915.5881386216471
42,890.0,903.3268840070135
43,890.0,898.4502916439492
44,900.0,894.4498624925154
45,900.0,895.040295754402
46,900.0,894.3229866182593
47,900.0,894.3801782825353
48,900.0,894.3348372545004
49,900.0,896.3620367164912
50,950.0,898.9120899527626
51,940.0,925.4815188433905
52,930.0,923.6445838151329
53,930.0,915.4533376344048
54,930.0,907.660828329951
55,920.0,910.8573337731737
56,900.0,902.1404810141214
57,885.0,893.7767957316727
58,880.0,880.5719095175172
59,880.0,873.0838134315062
60,870.0,870.8943096306634
61,925.0,871.4685717118462
62,900.0,902.6012732532956
63,900.0,897.3587431186367
64,900.0,902.8089433090079
65,850.0,899.7682675601492
66,820.0,873.015919161375
67,795.0,849.3868244605582
68,780.0,821.2289103649082
69,780.0,799.8812112734536
70,815.0,785.1468214584008
71,830.0,794.2985987397072
72,835.0,817.4865658508625
73,835.0,829.6730194964305
74,845.0,840.120503373334
75,875.0,850.1608438288796
