,y_actual,y_predict
0,4460.0,4453.561040819321
1,4360.0,4442.517484897273
2,4380.0,4409.2934733749935
3,4400.0,4400.927054572907
4,4350.0,4390.6073901855825
5,4300.0,4367.092315629436
6,4250.0,4317.1330070425765
7,4360.0,4282.902902605042
8,4300.0,4318.065026797352
9,4400.0,4324.43618664349
10,4350.0,4368.4260086708455
11,4270.0,4378.062434957225
12,4140.0,4334.138121381171
13,4150.0,4204.33254643446
14,4150.0,4163.635970826326
15,4260.0,4213.68486164164
16,4140.0,4220.573376218006
17,4200.0,4186.662799089528
18,4200.0,4187.377474881433
19,4400.0,4220.183276862696
20,4600.0,4318.888512011127
21,4650.0,4460.610375171448
22,4690.0,4543.431402295284
23,4690.0,4567.346269374226
24,4690.0,4609.301596818441
25,4590.0,4640.230266280343
26,4520.0,4602.338372515371
27,4530.0,4549.838557067844
28,4600.0,4530.516168069012
29,4770.0,4573.575880040259
30,4990.0,4653.914067416253
31,4930.0,4816.29742342971
32,5000.0,4809.6344269052115
33,5150.0,4846.256313185889
34,5075.0,4954.117830079681
35,4940.0,4949.663718348562
36,4900.0,4918.721391647697
37,4900.0,4878.943178555374
38,4880.0,4858.137416648271
39,4970.0,4854.790988014613
40,4950.0,4870.984075331443
41,5000.0,4884.721000812136
42,5025.0,4965.295932953382
43,5000.0,4953.498971971732
44,5100.0,4925.692949181321
45,4750.0,4946.965371999448
46,4420.0,4826.895730213684
47,4450.0,4640.965210919481
48,4360.0,4481.054567463957
49,4310.0,4372.470981929625
50,4390.0,4337.099601058959
51,4530.0,4372.832840892502
52,4420.0,4436.875627398752
53,4400.0,4445.277404561036
54,4370.0,4432.441162416057
55,4450.0,4400.404433703926
56,4450.0,4431.302924139898
57,4420.0,4430.512048477631
58,4550.0,4422.811130726734
59,4620.0,4505.545006147692
60,4470.0,4556.298894054841
61,4460.0,4528.689570227298
62,4470.0,4492.84290586677
63,4490.0,4477.151143385282
