,y_actual,y_predict
0,4460.0,4461.254753797968
1,4360.0,4452.391726537554
2,4380.0,4411.743558897187
3,4400.0,4400.297085490886
4,4350.0,4399.329707375913
5,4300.0,4378.293537430958
6,4250.0,4334.15047655286
7,4360.0,4296.638120930864
8,4300.0,4343.521194310846
9,4400.0,4343.626603890389
10,4350.0,4386.651160045238
11,4270.0,4386.31794656239
12,4140.0,4339.4256719070045
13,4150.0,4223.084601032424
14,4150.0,4182.954757439033
15,4260.0,4216.074328698518
16,4140.0,4228.513700738362
17,4200.0,4191.20293406522
18,4200.0,4195.02885620626
19,4400.0,4211.647068488072
20,4600.0,4318.527058135847
21,4650.0,4474.400424996922
22,4690.0,4554.222704384103
23,4690.0,4566.244720460368
24,4690.0,4597.685478513745
25,4590.0,4622.198428493906
26,4520.0,4584.199475864179
27,4530.0,4531.2773855322575
28,4600.0,4516.512463471277
29,4770.0,4563.2754283789345
30,4990.0,4652.839196414099
31,4930.0,4816.451125237707
32,5000.0,4811.0845826305795
33,5150.0,4842.979733227777
34,5075.0,4941.128175474989
35,4940.0,4938.553554451739
36,4900.0,4886.431627861973
37,4900.0,4848.3662408664395
38,4880.0,4832.750114026161
39,4970.0,4832.321878567135
40,4950.0,4864.836176620564
41,5000.0,4876.941582872026
42,5025.0,4947.144304977733
43,5000.0,4939.576805720184
44,5100.0,4909.352294240096
45,4750.0,4937.402179763526
46,4420.0,4837.202489667581
47,4450.0,4652.794405299871
48,4360.0,4487.113520512603
49,4310.0,4380.718854740115
50,4390.0,4335.77910229926
51,4530.0,4368.386715173997
52,4420.0,4445.71235290023
53,4400.0,4440.566496228643
54,4370.0,4422.035185435876
55,4450.0,4395.263119800384
56,4450.0,4426.429633551014
57,4420.0,4433.63093362144
58,4550.0,4425.712368091975
59,4620.0,4505.951309006857
60,4470.0,4565.427890257104
61,4460.0,4524.950090885841
62,4470.0,4486.224121759932
63,4490.0,4472.036275914817
