,y_actual,y_predict
0,482.0,476.4524126317154
1,482.0,477.5755430087263
2,482.0,478.97771999615424
3,482.0,479.7186020198279
4,482.0,480.2389532701613
5,476.0,480.97410870090505
6,480.0,480.07901652445764
7,480.0,480.0125410868648
8,468.0,480.33186687211605
9,478.0,477.67995224259874
10,484.0,476.66063641615904
11,472.0,478.288610235977
12,482.0,478.7734391639964
13,484.0,478.97344241575314
14,482.0,480.5270710299244
15,482.0,481.2890009194162
16,482.0,480.4223024662019
17,480.0,480.9216140359074
18,482.0,481.0652533663253
19,484.0,480.8581250234264
20,484.0,481.60967609173844
21,482.0,481.8023264702028
22,484.0,482.2302786162514
23,486.0,482.64809936772684
24,484.0,483.3448943199188
25,482.0,484.2584644463226
26,484.0,484.56971308587964
27,486.0,484.415664999872
28,484.0,484.8009077588816
29,484.0,485.04592558110164
30,484.0,485.14573625818565
31,484.0,484.957823935537
32,484.0,484.89076898647767
33,482.0,484.34892062031525
34,480.0,482.90029209381794
35,470.0,482.24026080650015
36,464.0,478.3446004449173
37,470.0,472.1156922143257
38,476.0,468.6050940698428
39,476.0,469.2864606400862
40,476.0,469.3604786135216
41,470.0,469.50999678140727
42,468.0,469.89228398516514
43,468.0,470.83956914388557
44,468.0,468.43082248360196
45,468.0,467.9369210907594
46,472.0,466.60149468024656
47,470.0,467.73889374391814
48,470.0,468.9091271134403
49,478.0,469.8199278392039
50,478.0,471.32298694511366
51,486.0,473.4014268028296
52,478.0,476.9723615507173
53,482.0,478.4766764402014
54,480.0,478.70386574884225
55,480.0,479.4414931070279
56,480.0,479.57314253697103
57,480.0,479.6321848864075
58,470.0,479.10503127528875
59,476.0,477.2851804020839
60,470.0,475.492175666507
61,468.0,474.40274520844366
62,468.0,472.248231725238
63,466.0,470.2595731141167
64,458.0,467.93057406041197
