,y_actual,y_predict
0,585.0,574.8454726091901
1,585.0,577.7533289452083
2,575.0,577.9506018561249
3,585.0,577.0737933479319
4,585.0,577.7329459697713
5,575.0,580.5304124637844
6,590.0,575.6556753315066
7,600.0,578.3747767812962
8,575.0,589.0246015579393
9,575.0,585.0337425811828
10,580.0,574.6928958406853
11,575.0,574.9268244424011
12,575.0,571.6987749320335
13,575.0,570.2923770286212
14,580.0,571.3029490577771
15,585.0,571.8412013154207
16,590.0,574.9406975487864
17,580.0,581.935863050113
18,590.0,580.7524017386166
19,580.0,580.5277897264035
20,580.0,579.9804948965957
21,570.0,576.2549081905244
22,585.0,571.9942047680664
23,585.0,573.136348179479
24,585.0,578.1015306060664
25,580.0,578.8943958599345
26,585.0,577.2014815130512
27,600.0,578.0823650505182
28,605.0,594.6596585133608
29,580.0,597.5976959019272
30,585.0,590.003066584112
31,585.0,581.0589214477843
32,600.0,580.8976505005883
33,595.0,588.8588876153292
34,595.0,590.8325796997126
35,590.0,591.7136237330492
36,615.0,589.4665288920997
37,625.0,609.0598352916584
38,610.0,620.5045530504732
39,610.0,615.0479107412923
40,640.0,610.47407987728
41,625.0,626.8001738170266
42,720.0,632.5477383770251
43,740.0,700.9440748925734
44,760.0,730.3463153618346
45,760.0,750.7658525407343
46,760.0,756.9107853011506
47,800.0,756.1648239865343
48,800.0,779.8455511156035
49,805.0,789.4386006253179
50,845.0,795.3076449004564
51,835.0,819.8201086000997
52,895.0,822.857034931529
53,835.0,859.2801554720504
54,790.0,840.6913672757378
55,765.0,790.0024656750265
56,770.0,752.0056557315206
57,770.0,759.0691572424885
58,760.0,761.9009855107257
59,710.0,762.3563631816638
60,710.0,735.5583521794392
61,795.0,719.2351706525455
