,y_actual,y_predict
0,107.0,98.3451304523957
1,114.0,102.74953131267847
2,114.0,115.99970703410224
3,115.0,117.51845994113646
4,114.0,115.39335406487038
5,119.0,117.94317173595584
6,117.0,125.97582074004427
7,115.0,127.88282430415296
8,117.0,121.07991894974222
9,113.0,117.63884596839037
10,112.0,113.15569471529079
11,113.0,112.50898067185969
12,124.0,109.23521278566358
13,124.0,118.51249709622599
14,120.0,125.22612876559954
15,123.0,121.0656809135807
16,120.0,121.89984246139682
17,112.0,121.27701825216784
18,105.0,123.8081968414841
19,116.0,112.78484126077936
20,119.0,125.48002770118975
21,118.0,121.61170469822002
22,121.0,118.42242817274979
23,124.99999999999999,120.30998652297302
24,122.0,131.328320118467
25,121.0,137.50373876978716
26,116.0,130.62084114335346
27,116.0,128.859181021071
28,120.0,120.60210047834485
29,118.0,117.73314163863833
30,118.0,116.08869748353104
31,122.0,116.99920192149241
32,121.0,120.1345765319457
33,124.0,119.72946246249322
34,128.0,119.03817149176837
35,129.0,122.64016587340933
36,130.0,126.6934090476428
37,129.0,130.7119013914591
38,124.99999999999999,127.41645508754195
39,126.0,125.46129057632533
40,121.0,128.43902278334076
41,121.0,128.4189675235295
42,117.0,126.04244647008545
43,116.0,123.27309941512328
44,108.0,132.99415945568694
45,110.0,106.42379434917441
46,114.0,118.4198027965333
