,y_actual,y_predict
0,107.0,87.85607705961277
1,114.0,91.77469617043079
2,114.0,100.8262961694721
3,115.0,104.43909707894184
4,114.0,105.97685945277163
5,119.0,108.22790713168749
6,117.0,112.68411832095583
7,115.0,114.53467084957182
8,117.0,112.26394918954833
9,113.0,110.88614957240995
10,112.0,108.39526669522945
11,113.0,106.56007425153138
12,124.0,104.10815805786254
13,124.0,107.72098075468679
14,120.0,112.27526772020772
15,123.0,112.50285842524701
16,120.0,113.76132870182437
17,112.0,113.66787184472443
18,105.0,113.73530370688187
19,116.0,107.59856850346495
20,119.0,111.36408787425702
21,118.0,110.08725085784161
22,121.0,110.27743267521552
23,124.99999999999999,111.86878104742215
24,122.0,117.43636518940485
25,121.0,121.64322010649491
26,116.0,119.75155483994965
27,116.0,118.74867201893574
28,120.0,114.40758521081113
29,118.0,112.27002786145201
30,118.0,110.65459356885285
31,122.0,109.97075387336477
32,121.0,110.83573363411196
33,124.0,111.16215177913384
34,128.0,111.71863349393004
35,129.0,113.88593058217282
36,130.0,116.6851045254366
37,129.0,119.59479482436876
38,124.99999999999999,119.5733669612244
39,126.0,118.90221839972881
40,121.0,119.17123775933752
41,121.0,118.37675098405413
42,117.0,116.89103860010934
43,116.0,114.87435749348026
44,108.0,108.61371760505872
45,110.0,101.95469593972317
46,114.0,112.61879983218427
