,y_actual,y_predict
0,107.0,94.90498343360983
1,114.0,96.03339409753815
2,114.0,112.12361683925556
3,115.0,110.87276124307368
4,114.0,108.5549353226352
5,119.0,112.93964041445582
6,117.0,123.00759871326525
7,115.0,123.76946981887187
8,117.0,115.44672218970226
9,113.0,112.54445048497513
10,112.0,107.78922964263774
11,113.0,108.31929419011055
12,124.0,103.94749810582735
13,124.0,115.5627071713485
14,120.0,120.44321619570087
15,123.0,114.11041658919677
16,120.0,116.80099146398763
17,112.0,116.21004215438268
18,105.0,120.49680219407767
19,116.0,107.32001717626531
20,119.0,126.74809530742152
21,118.0,115.66159997339457
22,121.0,111.42910134006567
23,124.99999999999999,114.53948585491489
24,122.0,128.4312555914638
25,121.0,134.0693762936193
26,116.0,124.98476845252034
27,116.0,124.94853608199762
28,120.0,115.40139359867848
29,118.0,113.08199898871646
30,118.0,111.20653262023714
31,122.0,112.53722797696054
32,121.0,115.87716405875346
33,124.0,114.34179829391795
34,128.0,113.10962535421424
35,129.0,117.75614908498349
36,130.0,121.91944018676372
37,129.0,126.25774910719039
38,124.99999999999999,121.67239337416171
39,126.0,120.67946737415136
40,121.0,125.50181505568328
41,121.0,124.8356122236577
42,117.0,121.53337915881582
43,116.0,118.78287816549056
44,108.0,169.5392983458401
45,110.0,112.60683857456732
46,114.0,115.8225867357472
