,y_actual,y_predict
0,114.0,113.47386679086722
1,113.0,113.55121011915426
2,111.0,112.68077588164941
3,149.0,112.69123938583672
4,139.0,128.71854694957415
5,130.0,129.51813046610602
6,170.0,127.34342825407134
7,159.0,141.24174099775442
8,166.0,144.33975681065525
9,155.0,152.20228536072932
10,173.0,153.01169138801242
11,161.0,158.14241045958934
12,150.0,159.40172344015994
13,141.0,150.82051112175563
14,143.0,144.3022536897798
15,138.0,141.47371314862133
16,140.0,139.48429344439808
17,145.0,137.71693625856838
18,144.0,139.61894877804667
19,163.0,140.45299876002605
20,152.0,149.11706717270613
21,142.0,151.40665717037993
22,137.0,145.03708648880732
23,128.0,139.76515163254373
24,138.0,135.3122425246039
25,129.0,139.33236354154906
26,120.0,133.95494578222767
27,120.0,124.35334865484904
28,123.0,118.74558439892171
29,119.0,117.45660406223271
30,119.0,117.91166120685278
31,123.0,118.22985420412142
32,123.0,119.58210270611647
33,122.0,120.19282746082817
34,121.0,120.72391554694308
35,121.0,120.86421266087521
36,120.0,121.13247786750745
37,123.0,120.66503386766112
38,122.0,120.87714449027791
39,120.0,121.10701682227729
40,122.0,120.7236434305856
41,123.0,120.98567887799292
42,125.0,121.47916003862736
43,123.0,122.22222305991104
44,124.0,122.71379162069775
45,124.0,123.0665823220931
46,123.0,123.53888845549302
47,126.0,123.12803538973401
48,124.0,124.30458421725046
49,122.0,124.44209417753747
50,123.0,123.42768295285208
51,125.0,122.93786980208263
52,131.0,123.72605483152043
53,128.0,126.39330618712863
54,126.0,126.81770464165224
55,128.0,126.22743235997787
56,125.0,126.41047509807034
57,125.0,126.18197261612666
58,124.0,125.6562799597237
59,124.0,125.04313062602303
60,123.0,124.51160952641284
61,122.0,123.70433520084023
62,123.0,123.00765430146961
63,127.0,122.90795665148875
64,126.0,124.29763042090546
65,124.0,124.81544968338204
66,122.0,125.29753865934484
67,126.0,123.65516110578251
68,123.0,124.15585149623648
69,124.0,123.25264799857642
70,122.0,123.50023903519345
71,122.0,122.72751792605968
72,114.0,122.88970409461666
73,108.0,119.88900176235754
74,115.0,115.18039670253204
75,112.0,111.98999923992078
76,113.0,111.79898245450812
