,y_actual,y_predict
0,114.0,113.66729925773127
1,113.0,113.61845622521747
2,111.0,113.53196326245825
3,149.0,112.753990752502
4,139.0,129.9481988764488
5,130.0,128.5207571453898
6,170.0,127.28591939069095
7,159.0,140.9153155538452
8,166.0,140.21407837377512
9,155.0,145.6642338734967
10,173.0,148.76174252675577
11,161.0,155.1375844893953
12,150.0,154.72165426625799
13,141.0,148.30813123199152
14,143.0,143.97117928248807
15,138.0,141.16646338110755
16,140.0,138.82107618384418
17,145.0,137.11257991637547
18,144.0,138.95923863021997
19,163.0,138.81496357553067
20,152.0,148.03454974665868
21,142.0,149.91980597850028
22,137.0,143.8813764357512
23,128.0,138.86465780580576
24,138.0,135.26617626527474
25,129.0,140.0602851782658
26,120.0,134.95438282190636
27,120.0,126.87360972388488
28,123.0,121.11357727331537
29,119.0,119.28009358823391
30,119.0,117.86858155430268
31,123.0,117.56496124065772
32,123.0,119.4191606175964
33,122.0,119.68266119285764
34,121.0,120.24157781065892
35,121.0,120.75198801945128
36,120.0,121.20199581149795
37,123.0,120.55315845458696
38,122.0,120.6494757817511
39,120.0,120.9993217689401
40,122.0,120.72539772841064
41,123.0,121.21737891250235
42,125.0,121.5031566974651
43,123.0,122.3658448870501
44,124.0,122.34196278400863
45,124.0,122.88451312290354
46,123.0,123.2319541798324
47,126.0,122.8533947266991
48,124.0,124.16539262236192
49,122.0,124.22070379396148
50,123.0,123.42389334330691
51,125.0,122.87892732296058
52,131.0,123.62921922279261
53,128.0,126.29788473077902
54,126.0,126.16965916558537
55,128.0,125.76880470767541
56,125.0,126.0625945398584
57,125.0,125.82530573956015
58,124.0,125.4181054837061
59,124.0,124.90352603709874
60,123.0,124.43428658831607
61,122.0,123.64336408315127
62,123.0,123.04619732204904
63,127.0,122.85995480700643
64,126.0,124.21721670069384
65,124.0,124.48852227006134
66,122.0,125.3106688296893
67,126.0,123.56907891267463
68,123.0,124.29009457731081
69,124.0,123.08644496253541
70,122.0,123.62570803202738
71,122.0,122.38396175647418
72,114.0,122.8038187595276
73,108.0,119.96865251872217
74,115.0,116.69957783864919
75,112.0,113.54839404851201
76,113.0,112.29266974142969
