,y_actual,y_predict
0,61.0,59.00153693000997
1,61.0,59.38095462611725
2,59.0,59.775681807105855
3,57.0,59.68829034864252
4,57.0,58.849933304474675
5,54.0,57.80254536501879
6,54.0,56.867435832599696
7,54.0,55.84484021774161
8,54.0,54.83664599263987
9,54.0,54.083725757994976
10,54.0,53.50366266323985
11,51.0,53.20182187510505
12,51.0,52.99580545943353
13,51.0,52.29083955978448
14,53.0,51.565126352439165
15,52.0,51.19666016973738
16,52.0,51.156026232110065
17,53.0,51.18245097834585
18,53.0,51.19618473167706
19,52.0,51.28262173137478
20,51.0,51.27742900362372
21,52.0,51.23168326387264
22,51.0,51.12212766700401
23,54.0,51.0155385001607
24,52.0,51.00495073059036
25,52.0,51.24826711663994
26,51.0,51.55291079759491
27,51.0,51.32632072713567
28,51.0,51.00631803650143
29,51.0,50.79077684309303
30,52.0,50.595873370593935
31,51.0,50.52799362880397
32,56.0,50.54077229113811
33,55.0,51.333385702993084
34,57.0,52.10639403866195
35,54.0,52.86208344711565
36,51.0,53.489890976020845
37,51.0,53.685313721295046
38,53.0,52.959115803161275
39,51.0,52.2601561024126
40,51.0,51.709702514517204
41,50.0,51.32570282625231
42,50.0,51.00320998662836
43,50.0,50.70956966205887
44,50.0,50.34264022330029
45,50.0,50.03599616199577
46,51.0,49.836724391573625
47,50.0,49.7980891483453
48,50.0,49.81661015831583
49,50.0,49.7874406845545
50,50.0,49.80328946287392
51,50.0,49.78965096574983
52,50.0,49.734077820134814
53,50.0,49.71612413253059
54,50.0,49.69902353591404
55,50.0,49.685181038771155
56,50.0,49.66210880524089
57,51.0,49.637177811208815
58,50.0,49.680513484622196
59,50.0,49.7594581199934
60,50.0,49.792578618912074
61,50.0,49.75445084680487
62,50.0,49.742342349821726
63,50.0,49.72086081065286
64,50.0,49.70560801585941
65,50.0,49.690495997938434
66,50.0,49.69292208080654
67,51.0,49.69932026321409
68,50.0,49.71670409952616
69,50.0,49.72027409985501
70,50.0,49.68842817956614
71,50.0,49.63719635666507
72,50.0,49.59938048541305
73,50.0,49.65334776311155
74,50.0,49.63459577791312
75,50.0,49.63715673682671
