,y_actual,y_predict
0,236.0,237.69198222097057
1,242.0,235.73884105371704
2,232.0,236.9566692294207
3,232.0,234.52903229783016
4,226.0,231.91474936035297
5,220.0,226.60030865243704
6,222.0,220.93797679500082
7,218.0,222.15964261740953
8,216.0,217.01601784576675
9,216.0,215.47828313483856
10,214.0,214.27646830792352
11,214.0,214.10451624469158
12,212.0,212.91717308026344
13,218.0,212.99611414849406
14,224.0,215.5065698156468
15,220.0,220.2578313449692
16,224.0,220.98728246181767
17,220.0,221.97979400023343
18,222.0,221.34030236933899
19,218.0,220.9555611445628
20,218.0,219.56735878892874
21,220.0,218.06878770234286
22,216.0,218.49682232324935
23,210.0,217.13138991976254
24,208.0,212.77016635788556
25,204.0,209.20469763980233
26,202.0,207.77414224530764
27,206.0,204.45594797833994
28,216.0,203.26570293612428
29,212.0,209.09269290642254
30,210.0,210.98551967565686
31,212.0,210.61274461821884
32,212.0,211.80600675684107
33,216.0,211.99427296083184
34,214.0,213.15164093088322
35,212.0,213.96905075726679
36,214.0,213.1583470623689
37,214.0,212.293524264405
38,218.0,213.63531237976326
39,216.0,215.8992960475991
40,216.0,216.5344580584812
41,214.0,215.87591890352547
42,216.0,215.53704463058432
43,220.0,215.31412821125556
44,220.0,216.64438783708323
45,220.0,218.7038895548309
46,218.0,218.36964085061175
47,220.0,218.66444604101122
48,220.0,219.06009607287763
49,216.0,218.59999753776034
50,216.0,217.25770725275683
51,216.0,216.88526714502126
52,214.0,216.37904292599282
53,216.0,215.7915809136051
54,218.0,214.74444759266115
55,218.0,215.12975394946957
56,218.0,218.4796455722979
57,216.0,218.18541953389538
58,216.0,217.55069443609548
59,214.0,215.92659368362382
60,212.0,215.26065759528467
61,214.0,212.97054581138977
62,212.0,213.10423101820425
63,212.0,212.0371638565206
64,212.0,212.37479315659513
65,212.0,212.05308645790123
66,212.0,210.60490261468283
67,206.0,209.96730622810938
68,200.0,208.53132128364336
69,194.0,204.7756480377205
70,188.0,198.54891369604223
71,182.0,192.17880252830494
72,178.0,187.04965094859975
73,179.0,181.83754400240343
74,184.0,180.10612832220326
75,182.0,181.78161912788215
76,181.0,182.8675046509311
