,y_actual,y_predict
0,236.0,235.93796431838283
1,242.0,234.41163676056337
2,232.0,234.28821926608896
3,232.0,232.649422531695
4,226.0,230.9830788608128
5,220.0,228.0281018589745
6,222.0,223.88592189235519
7,218.0,222.30306073863736
8,216.0,218.94122257642147
9,216.0,216.75859701873304
10,214.0,214.99207381743676
11,214.0,213.5875374381848
12,212.0,212.56001575370058
13,218.0,212.4571601943851
14,224.0,213.29049772031829
15,220.0,215.86274013669373
16,224.0,217.77810540120328
17,220.0,218.5185675434302
18,222.0,218.98451826672783
19,218.0,219.18952940675686
20,218.0,218.33136073895494
21,220.0,217.24382952695694
22,216.0,216.98310814532098
23,210.0,215.95670041076045
24,208.0,213.73841061192252
25,204.0,210.63395504047293
26,202.0,208.85990235339952
27,206.0,206.40439067305493
28,216.0,204.4093466352623
29,212.0,205.3655347392785
30,210.0,207.59072236075605
31,212.0,208.3607610205449
32,212.0,209.1292977597502
33,216.0,209.62183798340024
34,214.0,210.71784643079005
35,212.0,212.03985467011202
36,214.0,211.6879260256624
37,214.0,211.01830090224416
38,218.0,211.41764863607693
39,216.0,212.83170839499687
40,216.0,213.64846565575007
41,214.0,213.7394475794945
42,216.0,213.4225423363527
43,220.0,213.84674568326537
44,220.0,214.15378800868467
45,220.0,215.87644299529737
46,218.0,216.28329829278061
47,220.0,216.0705873881303
48,220.0,217.20134495533642
49,216.0,216.90865295598215
50,216.0,216.11580916668
51,216.0,215.59434397146453
52,214.0,214.80348846806737
53,216.0,214.28354864501287
54,218.0,213.19290143212993
55,218.0,213.30478992725682
56,218.0,214.1478302884063
57,216.0,215.33867487529483
58,216.0,215.40043919257397
59,214.0,214.00306574074895
60,212.0,213.52854958373604
61,214.0,212.796695190027
62,212.0,212.22172878982673
63,212.0,211.10515126984143
64,212.0,210.7084637605861
65,212.0,210.11522042456696
66,212.0,209.6765862005193
67,206.0,209.3573827027981
68,200.0,208.35376123452556
69,194.0,206.1736577410351
70,188.0,202.1544285315194
71,182.0,197.35611345153023
72,178.0,192.7110982737167
73,179.0,187.93650803292607
74,184.0,185.09011871670393
75,182.0,184.41000258114394
76,181.0,184.4493849169358
