,y_actual,y_predict
0,63.0,59.753455966947556
1,59.0,62.30922438393339
2,57.00000000000001,63.35656428565308
3,58.0,64.73624313986915
4,54.99999999999999,63.928657049880464
5,53.0,62.567956450738954
6,52.00000000000001,61.08783896997568
7,56.0,59.04375581995754
8,54.0,59.6387565888448
9,54.0,59.30097852617257
10,54.99999999999999,58.43455142670839
11,54.0,57.87463276812057
12,53.0,58.213469187222806
13,53.0,57.819399791929214
14,53.0,57.114143539267495
15,52.00000000000001,57.11846115243085
16,51.0,56.79726801608804
17,51.0,56.06848738641374
18,51.0,55.44261989278068
19,52.00000000000001,55.10722313207598
20,51.0,54.69888396514362
21,53.0,54.67461392791898
22,53.0,55.483853699829574
23,53.0,56.15622874249518
24,52.00000000000001,56.19156942851331
25,51.0,56.02926806461516
26,50.0,56.31227618203416
27,51.0,55.51492487979481
28,51.0,55.94506859454098
29,51.0,55.08838318494397
30,51.0,54.64107124515411
31,51.0,54.38692739400821
32,51.0,54.667764678067925
33,50.0,54.45219070272947
34,50.0,54.232629850612035
35,51.0,54.193115872761915
36,50.0,53.9885644391065
37,50.0,53.96990489363869
38,50.0,54.32783983559164
39,50.0,53.97234632949429
40,50.0,53.68378785420652
41,50.0,53.497889952630096
42,50.0,53.389125789279746
43,50.0,53.34011065711473
44,50.0,53.34143961604105
45,50.0,53.33857724296897
46,50.0,53.33585317783944
47,50.0,53.447864571145516
48,50.0,53.435206387707
49,50.0,53.40314299858862
50,50.0,53.37431481264836
51,50.0,53.358541693807865
52,50.0,53.36033368367232
53,50.0,53.347483071791984
54,50.0,53.338120225419644
55,50.0,53.33911243457278
56,50.0,53.334608406356416
57,50.0,53.338607309913
58,50.0,53.33899216679664
59,50.0,53.33783158275691
60,50.0,53.33374247836822
61,50.0,53.33388078631078
62,50.0,53.33402510764215
63,50.0,53.33071774379835
64,50.0,53.33180015378359
65,50.0,53.32907608865407
66,50.0,53.32772307617252
67,50.0,53.331607725341776
68,50.0,53.33059747602221
69,50.0,53.32841461588531
70,50.0,53.32849880332861
71,50.0,53.327145790847055
72,50.0,53.32668877329773
73,50.0,53.32820414727707
74,50.0,53.32977364175567
75,50.0,53.33012843169528
76,50.0,53.33044112791323
77,50.0,53.32858900416071
78,50.0,53.32743443350979
79,50.0,53.32670080007534
80,50.0,53.32674289379699
81,50.0,53.32672485363057
82,50.0,53.32724801845677
83,50.0,53.326676746520114
84,50.0,53.326989442738075
85,50.0,53.32648431807829
86,50.0,53.326249795914826
87,50.0,53.32675492057461
88,50.0,53.32725403184558
89,50.0,53.32679100090745
90,50.0,53.32636405030216
