,y_actual,y_predict
0,53.0,54.691284198554555
1,58.0,59.358569092927
2,54.0,57.97637133087309
3,52.0,61.777993893244464
4,56.0,57.36563536888673
5,61.0,55.07327956481435
6,66.0,55.16838752456973
7,70.0,57.061115290566754
8,64.0,59.88210203490064
9,63.0,65.09184093183562
10,65.0,64.84764231639137
11,67.0,64.90062234426512
12,70.0,65.9948586015765
13,75.0,67.47025687306635
14,82.0,70.19734864789653
15,90.0,72.2119468804886
16,87.0,77.03503819010035
17,89.0,82.93006102242829
18,89.0,84.20390813262526
19,83.0,85.84388616487708
20,75.0,85.61901437311846
21,68.0,84.7696153038184
22,62.0,85.55904609279146
23,56.0,76.66703255655784
24,56.0,68.04536769496742
25,59.0,63.316576125870284
26,63.0,59.634263125920285
27,65.0,59.3397485637003
28,69.0,60.578321401493845
29,65.0,62.669466329706545
30,65.0,63.934478915755875
31,63.0,64.56751961233743
32,64.0,64.13544639989657
33,64.0,63.84125988738478
34,64.0,63.67081954504151
35,63.0,63.629815977079105
36,63.0,63.418184231859854
37,62.0,63.33450510064809
38,61.0,62.67970730083904
39,61.0,62.05053706170176
40,63.0,61.48229411917551
41,62.0,61.49324410096766
42,62.0,61.73303256428639
43,62.0,61.79079576855062
44,59.0,61.699605886358455
45,62.0,61.20572969623065
46,61.0,60.73072165544846
47,59.0,60.58427656192248
48,57.0,60.212834343130396
49,56.0,60.02083531472185
50,58.0,59.20308411349046
51,57.0,58.42705871869195
52,57.0,57.73031023966618
53,60.0,57.37562765717591
54,59.0,57.628530172136024
55,58.0,57.76027916784723
56,58.0,57.72019625551751
57,58.0,57.77485621536468
58,56.0,57.4111099369044
59,56.0,57.11714036048997
60,57.0,56.79739771748481
61,57.0,56.62805528343913
62,57.0,56.586855943876664
63,57.0,56.50989918612078
64,58.0,56.450268214969554
65,54.0,56.67397695146233
66,55.0,56.50144661501039
67,57.0,55.94369332645994
68,56.0,55.80374308804381
69,61.0,55.75907806204798
70,65.0,56.5826495000377
71,62.0,58.17995792155503
72,63.0,59.53513655723948
73,58.0,60.21314651946561
74,60.0,60.78857480882623
75,61.0,60.6681858570424
