,y_actual,y_predict
0,127.0,123.25194701416261
1,127.0,123.26900478830798
2,126.0,122.90363779344379
3,118.0,122.78040341882337
4,120.0,121.65534150808531
5,117.0,121.58368970247508
6,128.0,120.57981862589872
7,140.0,125.62058339329009
8,154.0,133.05300768856418
9,169.0,137.29680770531087
10,163.0,154.04850693530386
11,149.0,166.360842237819
12,139.0,166.88160311851496
13,133.0,157.1413704182524
14,120.0,147.57003808697212
15,129.0,140.56631606907038
16,125.0,135.58866807815244
17,121.0,130.65906432248102
18,121.0,127.00054735972734
19,117.0,124.96678843259203
20,116.0,122.15444866791249
21,115.0,119.78874365199246
22,119.0,119.15257254499373
23,120.0,118.58472811519081
24,117.0,117.89870296747506
25,115.0,116.73701348835667
26,116.0,118.13967919690586
27,115.0,116.96657927712327
28,113.0,115.8267252566615
29,114.0,114.79524484459881
30,109.0,121.22125743633292
31,118.0,118.54443886693711
32,111.0,120.46048555579043
33,111.0,118.67689609773859
34,120.0,115.92072407914596
35,121.0,116.23119549243805
36,118.0,116.96952342928616
37,119.0,117.11023290186105
38,115.0,117.65898544050071
39,116.0,118.1656071213033
40,117.0,117.15719125382529
41,115.0,116.56827466407466
42,116.0,116.70840796055184
43,112.0,115.70842876504678
44,116.0,114.67426267234165
45,116.0,114.71107736333317
46,123.0,114.70620544441343
47,122.0,116.38478546244986
48,124.0,118.26931747268718
49,120.0,119.46268586753351
50,116.0,119.23019611969156
51,123.0,118.49621104286973
52,120.0,119.83052449631222
53,120.0,119.61081831908699
54,120.0,118.95599822264498
55,112.0,118.41291186436818
56,116.0,117.52703707550518
57,116.0,119.31122963377146
58,115.0,117.31196723117841
59,115.0,116.38499950917773
60,115.0,115.74236796037302
61,115.0,115.29076032725607
62,113.0,114.71068023261161
63,113.0,113.92736344293704
64,114.0,113.6135170916146
65,114.0,113.24247045432918
66,114.0,113.53796532769806
67,114.0,113.25536441382444
68,119.0,112.92722674134919
69,121.0,116.42168631061485
70,122.0,117.81731001643699
71,122.0,119.36595155479073
72,121.0,119.36981247312778
73,121.0,119.18086979166216
74,122.0,119.30529421224144
75,122.0,119.3036047239175
76,130.0,121.86027980729187
77,138.0,125.84385297736267
78,148.0,130.02124949815678
79,146.0,132.91474157958123
80,140.0,135.01394327446064
81,137.0,136.0693683552421
82,137.0,135.60428726308652
83,137.0,134.9191944470499
84,137.0,134.33853430596596
85,137.0,133.91732383234555
