,y_actual,y_predict
0,127.0,125.41290085348726
1,127.0,126.68270546948425
2,126.0,125.46342261229884
3,118.0,124.78410830067452
4,120.0,125.28059170532774
5,117.0,125.46522316260422
6,128.0,124.15189503883303
7,140.0,124.4788938211712
8,154.0,127.88154821036184
9,169.0,134.95831619829252
10,163.0,142.9549806255199
11,149.0,148.2117999868069
12,139.0,150.69890315258732
13,133.0,149.17345674078436
14,120.0,143.66491236957063
15,129.0,139.10530007822297
16,125.0,134.3045214058702
17,121.0,130.9316743697443
18,121.0,129.1187753182355
19,117.0,127.48114553551815
20,116.0,125.90612711312076
21,115.0,124.65221378391242
22,119.0,122.26511621105576
23,120.0,121.1713926259692
24,117.0,121.59799987050958
25,115.0,120.46472206555568
26,116.0,120.35033630189393
27,115.0,120.33653365345953
28,113.0,120.37367547246913
29,114.0,120.31303563059569
30,109.0,119.69909307435763
31,118.0,118.7944925623187
32,111.0,119.10040033782745
33,111.0,119.35113925197946
34,120.0,119.26033901456086
35,121.0,119.86488370785924
36,118.0,121.17953313265826
37,119.0,122.12507311036958
38,115.0,121.82906129395977
39,116.0,121.91562367540728
40,117.0,121.38449970218737
41,115.0,121.78734372131429
42,116.0,120.67089483551365
43,112.0,120.23602323334732
44,116.0,120.29697808738632
45,116.0,120.36057419727516
46,123.0,120.8528049376931
47,122.0,121.29812444335103
48,124.0,122.31033661128598
49,120.0,122.46756133705442
50,116.0,123.22903324463152
51,123.0,123.37862767572268
52,120.0,123.22109601502368
53,120.0,123.3227507100963
54,120.0,123.14498961430279
55,112.0,123.04366070104243
56,116.0,122.61410526572166
57,116.0,121.74911955281269
58,115.0,120.52972899916043
59,115.0,120.77105928072605
60,115.0,120.63245796649001
61,115.0,120.31081573717248
62,113.0,120.47832547552639
63,113.0,119.90776440234684
64,114.0,119.90944177481825
65,114.0,119.24202657657654
66,114.0,119.3658680900289
67,114.0,119.24584710873852
68,119.0,118.6407329703716
69,121.0,119.53799800681128
70,122.0,121.00786496447756
71,122.0,122.66941009386782
72,121.0,123.59073990582819
73,121.0,124.02247080977962
74,122.0,124.14728428384544
75,122.0,124.22090693479927
76,130.0,124.58093083870119
77,138.0,125.3519513842716
78,148.0,127.05772677949984
79,146.0,130.15966503598747
80,140.0,134.14073628251245
81,137.0,135.94915482444827
82,137.0,136.6928557106834
83,137.0,136.6799241849462
84,137.0,136.55675796068155
85,137.0,136.41843975984312
