,y_actual,y_predict
0,157.0,151.45603766020622
1,157.0,146.079000136246
2,154.0,140.53417728383977
3,144.0,135.9154835258414
4,134.0,132.07344733620005
5,125.0,126.43580021998443
6,123.0,118.78982527028879
7,144.0,110.21719552242581
8,134.0,112.79104112863541
9,128.0,113.11519650389391
10,122.0,111.78995096959088
11,124.0,107.56330347235564
12,123.0,102.85918821777264
13,118.0,99.35515808815379
14,111.0,96.19489530261492
15,106.0,93.45900419472053
16,103.0,89.36247374227031
17,96.0,86.28445677346315
18,90.0,81.99390944783579
19,84.0,76.87246050879591
20,79.0,70.94342330877737
21,74.00000000000003,64.97644960889409
22,69.0,59.384077387879074
23,69.0,54.20312736618931
24,65.0,50.19168582223102
25,61.00000000000003,47.00720847781355
26,56.99999999999997,43.76544015226543
27,54.0,40.54023685946373
28,51.0,37.546450507296356
29,50.0,34.95983780978611
30,50.0,32.9233258176113
31,62.0,31.33329724692183
32,57.99999999999997,140.36774376506088
33,54.0,166.4232957519314
34,51.0,151.664302178129
35,50.0,125.64841400347564
36,57.99999999999997,115.84761152978712
37,56.99999999999997,142.97517003998558
38,54.0,142.30636757149864
39,53.0,126.86035428464749
40,52.0,110.46496292284351
41,51.0,95.01903546517755
42,50.0,76.90250072362093
43,51.0,64.16540672321057
44,51.0,56.07062023538063
45,53.0,49.91016609472777
46,52.0,49.76756090349403
47,51.0,44.186088989001234
48,50.0,41.63803505294857
49,50.0,39.401476687335304
50,50.0,38.2093736765961
51,50.0,36.27278831330719
52,50.0,36.35915393092918
53,50.0,35.43895777894923
54,50.0,34.064575036110966
55,50.0,32.667705046746505
56,50.0,31.214295081622055
57,50.0,30.41041893290395
58,50.0,29.66799648079933
59,50.0,29.235717789466975
60,50.0,28.858090831819908
61,50.0,28.648817820970862
62,50.0,28.756447619229732
