,y_actual,y_predict
0,55.0,51.55633701148013
1,56.0,51.04355461168327
2,57.0,50.61303866343938
3,56.0,50.383153960600694
4,55.0,50.58572013525911
5,55.0,50.70705123957311
6,54.0,50.61559242141774
7,55.0,50.40910409286765
8,53.0,50.02702529253629
9,54.0,49.77515909610917
10,54.0,49.5629095592871
11,55.0,49.39443125989605
12,55.0,49.21433757438731
13,55.0,49.20578437360429
14,56.0,49.307603488632026
15,56.0,49.493995862760876
16,55.0,49.74103926255083
17,56.0,49.98948882714342
18,55.0,50.01121174910491
19,54.0,50.03063367411662
20,54.0,49.96039806646395
21,53.0,49.71274745914558
22,53.0,49.404896147538864
23,52.0,48.99682654075204
24,53.0,48.567068875593876
25,56.0,48.28468251129121
26,55.0,48.23064394656154
27,55.0,48.53782703935709
28,53.0,49.07779141827281
29,55.0,49.40134296664293
30,55.0,49.24628133886057
31,55.0,49.23058400739636
32,55.0,49.24672294433578
33,58.0,49.57636690508429
34,56.0,49.86241975695087
35,56.0,50.44628030116232
36,56.0,50.686882652672395
37,55.0,50.707638110007274
38,55.0,50.678986049503834
39,54.0,50.51077503763726
40,54.0,50.336567488265196
41,55.0,50.31372602611979
42,56.0,50.245320756949894
43,56.0,50.080392733155605
44,56.0,50.03588936033146
45,55.0,50.01368125340707
46,54.0,50.03283008029596
47,54.0,49.879970669291296
48,54.0,49.63696854065935
49,54.0,49.306002668784394
50,54.0,49.015260664042884
51,54.0,48.997067680583896
52,53.0,49.02258782857236
53,56.0,48.951303407916065
54,54.0,49.02474065526401
55,53.0,49.31050588251186
56,53.0,49.387673534005664
57,54.0,49.194694846637994
58,53.0,48.894516430163044
59,52.0,48.6922030165332
60,52.0,48.39535697821658
61,52.0,48.07456546406653
62,52.0,48.02676457667421
63,51.0,47.86178135219552
64,50.0,47.57415382817392
65,50.0,47.13809747439565
66,50.0,46.68014097540597
67,50.0,46.34082527369052
68,50.0,46.187312170370575
69,50.0,46.01936263543011
