,y_actual,y_predict
0,55.0,55.029965005294954
1,56.0,54.60862108655922
2,57.0,54.223334835934224
3,56.0,54.09638778830719
4,55.0,54.117323374191166
5,55.0,54.112401797381914
6,54.0,53.90761306885155
7,55.0,53.72886163156351
8,53.0,53.3846534060306
9,54.0,53.160384646504944
10,54.0,52.852178888398385
11,55.0,52.66515896964687
12,55.0,52.65983355625173
13,55.0,52.780865414750295
14,56.0,52.878047672288325
15,56.0,53.171915778946456
16,55.0,53.353993783794465
17,56.0,53.50283516603455
18,55.0,53.56147572466378
19,54.0,53.47954338251639
20,54.0,53.31436259769353
21,53.0,53.07812110025115
22,53.0,52.755818830528014
23,52.0,52.62385433121882
24,53.0,52.29604942485063
25,56.0,51.95664656415981
26,55.0,52.18737670905959
27,55.0,52.47986770390687
28,53.0,52.83888133405603
29,55.0,52.85990698421456
30,55.0,52.698514709521135
31,55.0,52.77128664335709
32,55.0,52.82588302552912
33,58.0,53.141314262693896
34,56.0,53.591763468605
35,56.0,54.014199779832055
36,56.0,54.09261961527201
37,55.0,54.06976653192988
38,55.0,53.95585265641991
39,54.0,53.88024515058523
40,54.0,53.69959364763412
41,55.0,53.654474351384025
42,56.0,53.592338717842445
43,56.0,53.488055909110905
44,56.0,53.54946231255855
45,55.0,53.49810243367194
46,54.0,53.53909329978865
47,54.0,53.417012628286464
48,54.0,53.22435061852931
49,54.0,52.916632950684814
50,54.0,52.679409462119935
51,54.0,52.691321188753896
52,53.0,52.78433143667086
53,56.0,52.57716617341206
54,54.0,52.92175499313742
55,53.0,53.04156081538243
56,53.0,52.98091560031969
57,54.0,52.71719868854137
58,53.0,52.43616909895531
59,52.0,52.39353673880245
60,52.0,52.032416766748504
61,52.0,51.648894032725174
62,52.0,51.69001854260412
63,51.0,51.51800449411222
64,50.0,51.31728027913329
65,50.0,50.77947744280676
66,50.0,50.39101279487993
67,50.0,50.11261250105087
68,50.0,49.8800258699757
69,50.0,49.72640236528695
