,y_actual,y_predict
0,116.99999999999999,107.56175268552819
1,115.0,105.11222051796076
2,115.0,101.87938944142363
3,116.99999999999999,100.99097133904183
4,116.99999999999999,101.42638632331666
5,110.0,100.87833706373094
6,115.0,98.51301728220194
7,114.0,96.56630177338106
8,116.99999999999999,96.33528196987118
9,112.0,98.8157354810912
10,111.0,97.95321473546413
11,105.0,96.10714615218453
12,104.0,94.55301216862902
13,101.0,94.37519145433383
14,101.0,92.02989238598353
15,98.0,91.01075031170683
16,99.0,87.91984477518963
17,98.0,84.48459133137823
18,96.0,81.7928043546591
19,98.0,82.19898658987928
20,96.0,83.6381205938109
21,95.0,82.96123658202896
22,92.0,80.62349439247346
23,101.99999999999999,78.15108260404169
24,101.0,79.88612191281638
25,107.0,79.96554437457449
26,103.0,84.98211650309257
27,101.99999999999999,86.51081289574923
28,101.99999999999999,85.74101438418394
29,101.99999999999999,86.75366122082396
30,103.0,86.42897457340294
31,97.0,88.93749887996911
32,98.0,87.39790185683856
33,103.0,85.3064269784497
34,101.0,85.99259826052037
35,98.0,85.12851431098332
36,99.0,86.33450522908882
37,96.0,85.60270845535665
38,96.0,85.6876397480061
39,94.0,86.5263446222987
40,92.0,84.44443287371209
41,93.0,83.77661878835974
42,92.0,85.27216188311799
43,90.0,82.50375283667199
44,93.0,80.9348979863492
45,91.0,78.16695706513828
46,91.0,78.20031098813743
47,89.0,76.39965891203936
48,91.0,77.05719932035764
49,93.0,75.64251650057952
50,93.0,74.060612659329
51,95.0,75.85525434178385
52,95.0,75.24155887735796
53,91.0,77.14482233310878
54,92.0,76.46100839597187
55,92.0,77.95075008156687
56,90.0,76.8331930359947
57,89.0,74.7783405978713
58,89.0,76.39220234579494
59,90.0,75.2100523771615
60,89.0,73.12850008188042
61,89.0,74.55346493807178
62,89.0,73.75193422307174
63,88.0,74.92135285718695
64,89.0,73.6314672094525
65,86.99999999999999,71.77764948165657
66,86.99999999999999,72.8033703873619
67,86.99999999999999,71.72239398515921
68,86.0,72.81419578342303
69,86.0,71.64099035053124
70,84.0,72.5249779819382
71,85.0,70.95200195767092
72,81.0,71.61368861807128
73,80.0,69.6397967674784
74,77.0,70.47971375175464
75,79.0,67.88020596199982
76,74.0,68.42209435911681
77,69.0,66.06107965787467
78,65.0,62.573504859664354
79,65.0,58.9911764982472
80,62.99999999999997,55.637192938996634
81,66.0,52.33734471943089
82,67.0,50.659918252087294
83,67.0,49.63122976676675
84,65.0,49.079928708673066
85,67.0,48.572196734958226
86,70.0,48.37924554431504
87,71.0,48.54792109776787
88,69.0,49.18617641827689
