,y_actual,y_predict
0,3500.0,3555.6582119461045
1,3530.0,3549.93446480761
2,3540.0,3555.8781333023917
3,3540.0,3556.0463036117094
4,3540.0,3553.4392442281196
5,3540.0,3550.5059349592875
6,3540.0,3547.856731318784
7,3540.0,3545.797511236734
8,3530.0,3542.0559033331715
9,3530.0,3536.045764706334
10,3540.0,3542.262217644379
11,3530.0,3549.738158856461
12,3530.0,3553.4753597866643
13,3490.0,3553.7402312415475
14,3600.0,3546.6622253084606
15,3620.0,3566.7173777341554
16,3690.0,3588.59068468049
17,3680.0,3618.260684304117
18,3500.0,3624.84877998267
19,3580.0,3573.0707042630015
20,3570.0,3564.3555489136675
21,3540.0,3567.510869762132
22,3540.0,3554.3536036784703
23,3500.0,3547.8314787436366
24,3520.0,3535.943920375738
25,3530.0,3532.1144484408283
26,3530.0,3531.7005018450723
27,3500.0,3532.6356528397114
28,3540.0,3526.583140855126
29,3530.0,3528.3040536551966
30,3530.0,3529.0635100513077
31,3530.0,3530.2052585154893
32,3530.0,3530.8481901084183
33,3480.0,3531.0217532969336
34,3480.0,3518.6519608395465
35,3480.0,3502.2233961146576
36,3480.0,3492.6010802938695
37,3480.0,3485.739207187256
38,3470.0,3482.0848902411835
39,3470.0,3478.28468851207
40,3470.0,3474.3535241223985
41,3450.0,3472.5327259325763
42,3450.0,3467.1048831153967
43,3450.0,3459.0969182818676
44,3450.0,3454.308417382179
45,3450.0,3452.369099409997
46,3450.0,3452.0799252474712
47,3450.0,3452.1953148431467
48,3450.0,3452.8337545152162
49,3450.0,3453.3745148583807
50,3460.0,3453.7756910132284
51,3600.0,3459.0464002607387
52,3600.0,3523.7904608862837
53,3600.0,3556.4430805156976
54,3460.0,3573.27209161918
55,3450.0,3547.2735487087048
56,3450.0,3508.8747596619146
57,3450.0,3475.5778814566465
58,3450.0,3456.664729763468
59,3450.0,3448.6706113725204
60,3490.0,3446.999946306077
61,3390.0,3467.9886807718185
62,3450.0,3445.0951118707635
63,3450.0,3428.3895526530036
64,3450.0,3434.4102196215695
65,3450.0,3424.7083861831284
66,3450.0,3433.2073166795303
67,3450.0,3445.2520073300147
68,3450.0,3453.3854833826113
69,3470.0,3457.3522407749915
70,3470.0,3467.8742320340652
71,3450.0,3476.1605402238065
72,3450.0,3461.0577048041755
73,3500.0,3455.464480787278
74,3490.0,3477.8433888211543
75,3580.0,3490.889263472654
76,3580.0,3521.4163944773904
77,3580.0,3534.621581248
78,3580.0,3550.1763129156916
79,3380.0,3561.5086080853407
80,3390.0,3531.5671780301254
81,3390.0,3470.814225126687
82,3390.0,3418.842395742134
83,3420.0,3392.12347743411
84,3420.0,3401.8750592178426
85,3420.0,3413.7221362405044
