,y_actual,y_predict
0,6775.0,6846.145385321091
1,6800.0,6823.966163134753
2,6625.0,6807.193205627076
3,6575.0,6773.330207639368
4,6575.0,6733.284945375652
5,6550.0,6684.745152237518
6,6550.0,6640.463905373108
7,6925.0,6616.134006949272
8,7075.0,6653.924687324551
9,7100.0,6745.278364895024
10,7125.0,6858.798459377954
11,7000.0,6955.898534092436
12,7025.0,7006.519367169139
13,7025.0,7014.03179451418
14,6975.0,7000.576988357216
15,6975.0,6986.10434585899
16,7000.0,6971.459990735735
17,7050.0,6973.598593429285
18,6975.0,6986.160201244121
19,6975.0,6987.476827309332
20,7100.0,6988.5968619316845
21,7000.0,7000.204049999729
22,6950.0,7000.138194305471
23,6750.0,6997.216152760225
24,6850.0,6951.103751730462
25,6825.0,6906.549691554837
26,6750.0,6866.2501531382895
27,6825.0,6831.546397453882
28,6750.0,6814.831002701187
29,6725.0,6815.566147377094
30,6775.0,6801.902310368355
31,6725.0,6790.644645299837
32,6725.0,6781.244354719386
33,6725.0,6769.333254817837
34,6725.0,6764.204559694974
35,6775.0,6766.00827398772
36,6700.0,6770.269137406243
37,6700.0,6763.575028039859
38,6725.0,6757.72996930945
39,6600.0,6751.2344026657565
40,6625.0,6728.624191546993
41,6600.0,6711.290728908183
42,6500.0,6687.979764420513
43,6425.0,6657.156982362749
44,6375.0,6617.140135611554
45,6500.0,6573.022430387887
46,6525.0,6543.96445898126
47,6550.0,6545.027296713599
48,6400.0,6567.20993363964
49,6400.0,6565.261092909546
50,6550.0,6554.94028606935
51,6500.0,6544.449839838943
52,6525.0,6535.925673902109
53,6525.0,6541.870613768809
54,6425.0,6549.667562104044
55,6450.0,6547.86945774081
56,6525.0,6543.219923771171
57,6450.0,6538.046837032179
58,6500.0,6527.669686986894
59,6475.0,6524.807159476459
60,6500.0,6524.488613044231
61,6500.0,6529.175465240615
62,6500.0,6529.596209953934
63,6500.0,6533.054121722461
64,6450.0,6538.4381905930595
65,6400.0,6543.5859106942635
66,6400.0,6534.528679498904
67,6450.0,6514.902828924953
68,6400.0,6502.958679221285
69,6400.0,6486.021570297919
70,6425.0,6475.291360558416
71,6350.0,6473.096292704789
72,6375.0,6463.293916524394
73,6375.0,6455.526603251576
74,6375.0,6449.114087955641
75,6400.0,6448.377235909882
76,6375.0,6454.516937894601
