,y_actual,y_predict
0,139.0,129.8437329165467
1,139.0,131.0647448857531
2,139.0,131.44205269041743
3,139.0,129.94021739809966
4,138.0,130.26383539999307
5,135.0,130.12301002880776
6,137.0,128.36194058460904
7,135.0,128.06020527977267
8,136.0,127.52495284567405
9,133.0,126.3640743800619
10,146.0,124.94508733010858
11,132.0,101.54702043554954
12,119.0,140.12513600411086
13,108.0,110.65818227700106
14,98.0,139.09080646062174
15,104.0,140.61469316956618
16,108.0,129.8756255376589
17,111.0,149.47836998149518
18,100.0,144.09136097833746
19,90.0,129.27720495893988
20,81.0,130.8417577066167
21,73.0,132.5786794513169
22,69.0,135.04049904882277
23,68.0,140.86884955576963
24,66.0,127.48641544699123
25,70.00000000000001,111.5346827524049
26,71.0,95.24390692705336
27,68.0,83.14887709374035
28,68.0,74.41010938839132
29,63.0,67.8499504599653
30,62.0,62.76261630279029
31,61.0,59.10494244176731
32,59.999999999999986,57.10080356719345
33,62.0,55.21117212217115
34,59.0,53.75259375403162
35,62.0,52.83227241506614
36,58.0,54.569945308535196
37,58.0,53.825776445161125
38,59.0,52.66977466847908
39,58.0,51.627309606016524
40,59.0,50.812648319718946
41,59.0,50.41769660828092
42,58.0,50.1805184954806
43,57.0,49.956301743590274
44,58.0,49.68109932449693
45,58.0,49.509846650105445
46,58.0,49.59197841210576
47,63.0,49.63814748228019
48,69.0,53.690948707991765
49,74.0,55.152420732311626
50,66.99999999999999,62.82941076254403
51,66.0,64.74690636005046
52,71.0,63.50597161426701
53,64.0,61.921070824248574
54,58.0,80.09508061833876
55,53.000000000000014,91.11567187513269
56,48.0,96.94959706155797
57,51.0,100.91833433951302
58,47.0,111.37116806594616
59,46.0,100.34573247739985
60,46.0,92.69304268764671
61,48.0,79.91002529641617
62,47.0,68.63952106615606
63,47.0,60.46586684750146
64,48.0,54.93315000616086
65,46.0,50.9873863243979
66,47.0,47.93947885534416
67,47.0,45.78468496123439
68,46.0,44.516468492166055
69,46.0,50.46946809265752
70,46.0,49.25301386305787
71,46.0,46.9636788239244
72,46.0,45.0277396351088
73,46.0,43.752358362399065
74,46.0,43.12141188637504
75,46.0,42.88303193554455
76,45.0,42.6210959593227
77,47.0,42.341659372399974
78,45.0,42.19710599209415
79,45.0,42.33788744996683
80,45.0,42.180650055988735
81,45.0,41.883583429654195
82,44.0,41.73824423217479
83,44.0,41.43723927506446
84,42.999999999999986,41.57742905882996
85,42.0,41.3161679608866
86,40.0,41.30880901417878
87,39.0,40.61502489899266
88,39.0,39.98125872605169
