,y_actual,y_predict
0,139.0,132.55228755041975
1,139.0,133.34454611358953
2,139.0,133.72493709504664
3,139.0,132.7650429277108
4,138.0,132.84292434329288
5,135.0,132.25740272235535
6,137.0,131.13774961240506
7,135.0,130.98510231521144
8,136.0,130.24467532831974
9,133.0,129.4959048120263
10,146.0,128.5184453196341
11,132.0,71.53425890071846
12,119.0,100.28578849441809
13,108.0,76.7788489416874
14,98.0,96.85557172551292
15,104.0,101.77780569452014
16,108.0,90.59405568022254
17,111.0,110.34581532805166
18,100.0,111.14623945614566
19,90.0,92.50052210257518
20,81.0,91.84840940985825
21,73.0,91.99290269826257
22,69.0,94.20393336727642
23,68.0,105.2666675368437
24,66.0,105.13435903708373
25,70.00000000000001,106.04258803648409
26,71.0,98.9240366694247
27,68.0,92.12337146134557
28,68.0,87.59838656339558
29,63.0,81.80242096890787
30,62.0,76.16997006087891
31,61.0,71.44584984623748
32,59.999999999999986,66.0352489936702
33,62.0,65.35047866371036
34,59.0,64.18952161638084
35,62.0,62.20447347667087
36,58.0,57.75835688822389
37,58.0,60.16278178610813
38,59.0,60.72035142793624
39,58.0,60.64371114124302
40,59.0,60.65124574120139
41,59.0,59.84854736575798
42,58.0,58.99627779402398
43,57.0,58.47259998464669
44,58.0,58.50969980014729
45,58.0,58.07218453262536
46,58.0,57.632755569163066
47,63.0,57.44739516527898
48,69.0,53.15745280639878
49,74.0,56.905301499316295
50,66.99999999999999,56.936919084417724
51,66.0,64.06076778371781
52,71.0,70.69876883686723
53,64.0,68.11029631202415
54,58.0,63.2448029654029
55,53.000000000000014,72.25515833084684
56,48.0,79.40009466512247
57,51.0,81.53077783936541
58,47.0,92.73799605242908
59,46.0,85.89788744469053
60,46.0,88.81735540795067
61,48.0,84.38490279341595
62,47.0,78.73989730042565
63,47.0,70.77692528846005
64,48.0,67.49887508153644
65,46.0,64.42430529802874
66,47.0,61.55844855582215
67,47.0,58.909449618798064
68,46.0,55.61035800143854
69,46.0,49.252801230175606
70,46.0,55.49220807816479
71,46.0,56.44446132910112
72,46.0,55.6215998094746
73,46.0,54.08294204889398
74,46.0,52.025681933386565
75,46.0,50.68062178965067
76,45.0,50.87476485606294
77,47.0,50.65603957947971
78,45.0,51.259158882651306
79,45.0,49.38614053716914
80,45.0,51.01423353701034
81,45.0,50.7782572622402
82,44.0,50.29080100211068
83,44.0,50.22465368591165
84,42.999999999999986,48.15457088311311
85,42.0,48.16083893068584
86,40.0,46.72073188857925
87,39.0,47.66839042027716
88,39.0,48.811098019363925
