,y_actual,y_predict
0,760.0,765.2505565290319
1,755.0,759.7303428138665
2,765.0,757.9019457067934
3,760.0,759.0718930875443
4,765.0,758.7381963767847
5,770.0,764.6091659608138
6,765.0,766.2870381697686
7,760.0,764.938680047949
8,800.0,761.2593122060117
9,755.0,782.8941149321852
10,745.0,767.8126541818513
11,720.0,748.134549290979
12,720.0,725.1797945225032
13,705.0,711.2804467627368
14,695.0,706.2038095866451
15,695.0,698.9050059642974
16,700.0,694.711905555405
17,700.0,696.253331803886
18,695.0,699.3915251846054
19,690.0,698.3902601021606
20,690.0,694.1267912981331
21,695.0,693.8114683999053
22,695.0,696.0721643336103
23,700.0,699.4821311677413
24,695.0,702.1703972172301
25,690.0,699.9868249798717
26,680.0,694.7833094937198
27,680.0,688.0091136642595
28,680.0,687.6513011349384
29,675.0,685.518539279926
30,680.0,683.8065315631278
31,675.0,683.0034556919754
32,675.0,682.0310766011182
33,665.0,680.5581296904875
34,670.0,675.7207919809055
35,665.0,677.3192823217164
36,665.0,674.9694892236491
37,670.0,673.2458680518938
38,675.0,677.9258112883379
39,700.0,681.5715745405657
40,700.0,698.1026460741716
41,710.0,706.3194263646258
42,710.0,711.7741824245785
43,715.0,713.7094508238723
44,715.0,715.532508411425
45,715.0,716.9197600788426
46,705.0,714.6294095863461
47,700.0,708.2337937810693
48,695.0,703.346547744333
49,690.0,695.9557708982449
50,700.0,693.6628032321653
51,690.0,696.6669099514718
52,685.0,696.5224597680806
53,695.0,690.3947503096533
54,710.0,696.0705867482975
55,730.0,711.9660532044385
56,720.0,727.4628375589286
57,720.0,726.248744082506
58,705.0,717.9191623970911
59,695.0,709.1565760167441
60,720.0,699.4906622637023
61,720.0,711.1669779278359
62,760.0,717.5263841050919
63,745.0,746.7539258204434
64,745.0,745.7807365737954
65,720.0,741.3716472911182
