,y_actual,y_predict
0,1455.0,1450.1434409239284
1,1450.0,1453.520764686254
2,1500.0,1450.9604192850197
3,1515.0,1463.0854338772065
4,1500.0,1480.919939535627
5,1490.0,1489.7440256401349
6,1545.0,1482.1904908464412
7,1610.0,1493.7483952905297
8,1610.0,1532.47931193989
9,1560.0,1564.8046863554616
10,1535.0,1566.3571131959702
11,1565.0,1551.2045999370437
12,1530.0,1552.4022110358837
13,1500.0,1542.0644235849877
14,1500.0,1517.7699104687058
15,1485.0,1496.0273930188669
16,1485.0,1476.3248021552236
17,1500.0,1464.4626122610512
18,1580.0,1465.984567368268
19,1620.0,1490.6900889816275
20,1620.0,1534.6343592948529
21,1615.0,1566.9289740552433
22,1615.0,1579.225542106514
23,1585.0,1585.6554617269362
24,1575.0,1576.7043060952524
25,1550.0,1564.4880682511161
26,1510.0,1543.920847953691
27,1510.0,1525.3616908867045
28,1500.0,1505.8456734073739
29,1480.0,1489.3179972178284
30,1480.0,1475.4466403926413
31,1500.0,1466.2701378955428
32,1590.0,1472.5512018991599
33,1590.0,1503.6213328510357
34,1550.0,1538.7933429998402
35,1550.0,1549.4968392372193
36,1530.0,1539.2641912629254
37,1485.0,1526.8377224525666
38,1465.0,1507.6830469443971
39,1495.0,1484.265687864085
40,1495.0,1480.5597492520235
41,1485.0,1483.2805151326193
42,1580.0,1482.7406615900481
43,1565.0,1502.1215477293003
44,1590.0,1521.29834523597
45,1545.0,1544.94944890347
