,y_actual,y_predict
0,1455.0,1450.4782460942856
1,1450.0,1456.077031194056
2,1500.0,1459.0261191329232
3,1515.0,1470.8499194418464
4,1500.0,1483.1920751256007
5,1490.0,1493.1011948702044
6,1545.0,1491.081710738154
7,1610.0,1509.2009711451626
8,1610.0,1537.1923053470093
9,1560.0,1562.4675284054715
10,1535.0,1570.8033949595685
11,1565.0,1565.7954255767884
12,1530.0,1564.3611426848852
13,1500.0,1542.9101941350161
14,1500.0,1523.24930395835
15,1485.0,1507.7328574312583
16,1485.0,1492.1919375435698
17,1500.0,1482.004829214778
18,1580.0,1481.5954522750737
19,1620.0,1500.5998325569913
20,1620.0,1538.105257671224
21,1615.0,1570.4586564840279
22,1615.0,1591.6620881830008
23,1585.0,1605.217114825732
24,1575.0,1597.4653937981877
25,1550.0,1585.0372454434741
26,1510.0,1564.071541251159
27,1510.0,1547.0734006943808
28,1500.0,1523.4271437120185
29,1480.0,1506.9225492606042
30,1480.0,1492.4918081913502
31,1500.0,1484.991970830024
32,1590.0,1490.0552212155635
33,1590.0,1513.3924420366675
34,1550.0,1540.6579731423903
35,1550.0,1552.9022353837586
36,1530.0,1548.7645578985848
37,1485.0,1542.84272443894
38,1465.0,1523.7929964594464
39,1495.0,1499.0718790770793
40,1495.0,1493.370257875822
41,1485.0,1489.005458006916
42,1580.0,1487.923255598732
43,1565.0,1508.906283091391
44,1590.0,1525.5753769155995
45,1545.0,1551.87948884573
