,y_actual,y_predict
0,27.0,27.638162151338133
1,27.0,27.334471080450697
2,26.0,27.110833047746965
3,27.0,26.826403733459546
4,28.0,26.639496905107617
5,28.0,26.622731028450975
6,28.0,26.76694084888275
7,28.0,26.86506077110099
8,28.0,26.957392922339427
9,28.0,27.1278214651393
10,28.0,27.16925683827326
11,27.0,27.177620946231638
12,27.0,27.128055988837684
13,28.0,26.99262968005847
14,27.0,27.00529567162295
15,27.0,27.003731039065855
16,27.0,27.007028065657718
17,27.0,26.909075904917156
18,27.0,26.810082938274288
19,27.0,26.760911706797323
20,27.0,26.738145789536073
21,27.0,26.726392214987932
22,27.0,26.61700488413645
23,26.0,26.519429330794754
24,27.0,26.411834308791494
25,27.0,26.36056434699178
26,27.0,26.335555903855482
27,27.0,26.3226913374807
28,27.0,26.310657019235222
29,27.0,26.273249633417276
30,26.0,26.263199351423083
31,27.0,26.23198030990918
32,26.0,26.244291948148362
33,27.0,26.19930961805784
34,27.0,26.21027745262381
35,26.0,26.22957173440827
36,27.0,26.217468942090274
37,26.0,26.075510206792607
38,26.0,25.9762228016379
39,26.0,25.92545612427121
40,26.0,25.79566351980862
41,26.0,25.521455672696696
42,26.0,25.505453281948657
43,26.0,25.443412348541468
44,25.0,25.50156737833312
45,24.0,25.361438612623566
46,24.0,25.18839436025341
47,25.0,24.951409018963624
48,25.0,24.68532219685263
49,25.0,24.524438939762113
50,24.0,24.440274033523554
