,y_actual,y_predict
0,114.00000000000001,113.32659290200742
1,110.0,135.1182988431594
2,109.0,135.6275738575119
3,105.0,128.5744450581129
4,101.0,120.2388102650122
5,101.0,115.90239862775641
6,101.0,110.4460139810281
7,100.0,106.7185899674752
8,100.0,103.47616187122597
9,93.0,100.97749321496693
10,94.0,98.64499634109146
11,91.0,97.24063830881914
12,85.0,94.7274689737726
13,80.0,93.01592550929121
14,81.0,90.85413869414913
15,81.0,88.60934094433156
16,81.0,86.63181087468493
17,82.0,84.8881178789444
18,83.0,83.61211265947355
19,88.0,82.91594379309802
20,89.0,81.89635800162247
21,89.0,82.77682449886598
22,90.0,84.59779084867154
23,90.0,85.61383324119524
24,90.0,86.24374054717146
25,90.0,86.43387115785242
26,90.0,86.8109569486152
27,89.0,86.81578142257271
28,91.0,86.64096919812968
29,91.0,86.67959224670469
30,101.0,86.9737079881645
31,97.0,84.52827208692804
32,101.0,91.43522886533509
33,100.0,94.14051856585863
34,96.0,95.13012175081863
35,94.0,98.17071239138832
36,94.0,98.14909765778214
37,94.0,96.87486413778723
38,92.0,95.40570279006886
39,90.0,93.79246138958587
40,90.0,92.11733316356333
41,90.0,90.94393660066314
42,90.0,90.13450162394645
43,89.0,88.99897854445837
44,90.0,88.95246461898677
45,88.0,88.98765329627
46,88.0,88.63843770110915
47,87.0,88.09096893459312
48,85.0,87.04266798315021
49,83.0,86.18710067777212
50,83.0,85.4861345943541
51,80.0,84.70181686482292
52,79.0,83.67683420417458
53,81.0,82.63210390859851
54,80.0,80.61934427629612
55,78.0,81.70543694040612
56,73.0,81.32558457276937
57,68.0,80.8038872193992
58,64.0,79.8594623710751
59,60.0,78.19234767806671
60,56.0,74.6456233825999
61,58.0,73.8954858244964
62,58.0,72.13689692470064
