,y_actual,y_predict
0,228.0,216.5876033064609
1,226.0,217.7782026776481
2,224.0,221.3017433007354
3,218.0,222.86834592821606
4,220.0,222.51769901998762
5,220.0,220.79869827002037
6,218.0,220.25698677388016
7,216.0,219.71069142087538
8,208.0,218.6693637157117
9,199.0,216.66900607328733
10,196.0,211.66513971702977
11,194.0,210.64633822139206
12,202.0,206.9108335257966
13,197.0,203.2241063888685
14,202.0,202.40320898261206
15,200.0,201.8900830951776
16,198.0,202.32143733020683
17,197.0,201.7769380266595
18,197.0,200.80790584763878
19,206.0,199.8040290996816
20,199.0,201.82368369099115
21,199.0,203.57218923995893
22,198.0,202.8492339785298
23,198.0,201.8749285499234
24,197.0,200.75548781161982
25,197.0,199.9343727023988
26,197.0,199.24802782284078
27,199.0,198.9078427515197
28,197.0,199.06581044151596
29,197.0,199.2797398880096
30,196.0,199.1989358043357
31,196.0,199.01637977395492
32,198.0,198.4724005386007
33,196.0,198.23036322046235
34,196.0,198.43285116670822
35,193.0,197.78809964798756
36,194.0,197.35262115124115
37,194.0,196.8799759206031
38,193.0,197.89731396853472
39,192.0,198.42605399637074
40,192.0,196.0996075495796
41,191.0,195.58557456645957
42,194.0,194.99630101987066
43,190.0,194.92868006016093
44,189.0,194.835732988909
45,185.0,193.86521317296388
46,179.0,191.3744130825498
47,184.0,188.36558878799903
48,182.0,187.2466318340611
49,182.0,188.04470671286768
50,181.0,185.56012325155228
51,171.0,185.01521273129418
52,160.0,183.38640752899917
53,150.0,179.86512255051676
54,164.0,173.13435161721804
55,166.0,167.45151809297874
56,160.0,168.34749883278522
