,y_actual,y_predict
0,104.0,104.8154284129498
1,106.0,104.14900128021146
2,111.0,104.6405492679017
3,123.0,107.1210964948007
4,117.0,113.34528504120672
5,125.0,116.54564715364441
6,125.0,120.37987897669873
7,123.0,123.7528470350371
8,121.0,124.69040977623803
9,122.0,123.88801884314032
10,130.0,123.3394105889401
11,131.0,125.70937239329206
12,138.0,128.3051173945865
13,135.0,132.06908230163538
14,134.0,134.08179788910576
15,128.0,134.97970715543056
16,125.0,133.56690289305408
17,144.0,130.83689844114787
18,144.0,134.39977316172212
19,142.0,137.4989922020365
20,145.0,140.32524707161477
21,152.0,143.160673882047
22,142.0,146.2116456994512
23,144.0,146.923957269042
24,158.0,146.33937574825654
25,160.0,149.6802090368292
26,155.0,152.3022321323297
27,150.0,154.7492716563222
28,151.0,154.64954988327898
29,167.0,153.92849287248083
30,170.0,157.95613129301537
31,180.0,161.04317091043163
32,174.0,167.4229944541712
33,180.0,170.1506047920817
34,183.0,173.2029616341115
35,195.0,176.2430862904003
36,262.0,181.72273616247475
37,244.0,200.04367482757795
38,228.0,203.68346678081232
39,214.0,212.58979068992164
40,216.0,213.1443281685905
41,202.0,210.40312260483125
42,192.0,206.28307446189592
43,180.0,200.5405073437504
44,190.0,193.603837946966
45,186.0,190.53579295298653
46,206.0,187.612300560884
47,210.0,191.68561841264193
48,236.0,194.10641281920522
49,224.0,202.90400130294597
50,266.0,205.72006854694484
51,260.0,217.72226105584568
52,294.0,219.75233781707536
53,284.0,229.70794758873222
54,282.0,231.49591325159986
55,276.0,237.09919525834934
56,274.0,238.51229851016882
57,302.0,239.13983338196215
58,294.0,242.668313324334
59,318.0,241.33066973164009
60,312.0,247.03375265569707
61,298.0,246.24077989005346
62,302.0,246.26781205322231
63,288.0,247.32257645762223
64,302.0,244.2413495467299
65,298.0,245.92207473144393
66,292.0,243.2768096036548
67,296.0,243.08227300195622
68,284.0,242.43709775302665
69,272.0,240.5786673134928
70,278.0,238.22543572723737
71,296.0,238.0097412255439
72,286.0,239.35609948112017
73,278.0,237.43657846333838
74,290.0,237.27309279467468
75,306.0,238.7424500308114
76,308.0,240.6790134468434
77,312.0,241.21230508744594
78,310.0,242.88404300125606
79,300.0,243.62557199509166
80,302.0,243.43318108233686
81,326.0,243.81613379595996
82,366.0,247.30753904740143
83,388.0,251.62754957104482
