,y_actual,y_predict
0,50.0,49.636539134040326
1,50.0,49.63801982109256
2,50.0,49.638412078467525
3,50.0,49.63819608329661
4,50.0,49.638221444764824
5,50.0,49.63811492659835
6,50.0,49.6368362859095
7,50.0,49.63758487191279
8,50.0,49.63762883179102
9,50.0,49.63754048934342
10,50.0,49.637591212279844
11,50.0,49.63784694041761
12,50.0,49.637905694485625
13,50.0,49.637599666102574
14,50.0,49.63775690720547
15,50.0,49.63768927662358
16,50.0,49.63752611784477
17,50.0,49.637454683042655
18,50.0,49.6376711009047
19,50.0,49.637753102985236
20,50.0,49.63723107943128
21,50.0,49.637138932763456
22,50.0,49.63764320328967
23,50.0,49.63775859797002
24,50.0,49.637594593808934
25,50.0,49.63729194695498
26,50.0,49.637243337474246
27,50.0,49.63770238004882
28,50.0,49.63775690720547
29,50.0,49.63759543919121
30,50.0,49.63770914310701
31,50.0,49.63777127870412
32,50.0,49.637044672639945
33,50.0,49.637491457171556
34,50.0,49.637753102985236
35,50.0,49.63782791931645
36,50.0,49.63776493833707
37,50.0,49.637773814850945
38,50.0,49.63716978921644
39,50.0,49.63757557270778
40,50.0,49.63773281381067
41,50.0,49.63754091203456
42,50.0,49.63768843124131
43,50.0,49.63773323650181
44,50.0,49.637693926226085
45,50.0,49.637450033440146
46,50.0,49.63739001129872
47,50.0,49.637647430201035
48,51.0,49.63773830879545
49,50.0,49.42133101402802
50,50.0,49.75241483690268
51,50.0,49.84364806918025
52,50.0,49.81184351997338
53,50.0,49.772973688414766
54,50.0,49.70341098533908
