,y_actual,y_predict
0,50.0,51.27206175391292
1,50.0,51.27229212058248
2,50.0,51.27233185354934
3,50.0,51.27227352217246
4,50.0,51.272257037218125
5,50.0,51.272224912691726
6,50.0,51.272026247857426
7,50.0,51.27214925097824
8,50.0,51.27215728210984
9,50.0,51.272144601375736
10,50.0,51.27215347788961
11,50.0,51.27219067470965
12,50.0,51.27219532431215
13,50.0,51.27214502406687
14,50.0,51.2721682720794
15,50.0,51.2721568594187
16,50.0,51.27213234333277
17,50.0,51.27212431220117
18,50.0,51.272159395565524
19,50.0,51.27217123091735
20,50.0,51.27209218767477
21,50.0,51.27208415654317
22,50.0,51.27216531324144
23,50.0,51.27218053012236
24,50.0,51.272152632507336
25,50.0,51.272106136482286
26,50.0,51.27210275495319
27,50.0,51.272175035137586
28,50.0,51.272180107431225
29,50.0,51.27215178712506
30,50.0,51.27216742669712
31,50.0,51.272173767064174
32,50.0,51.27206344467747
33,50.0,51.272138261008685
34,50.0,51.272177993975546
35,50.0,51.272186447798276
36,50.0,51.27217249899076
37,50.0,51.27217038553508
38,50.0,51.272078661558396
39,50.0,51.27214671483142
40,50.0,51.27217038553508
41,50.0,51.27213995177323
42,50.0,51.27216277709462
43,50.0,51.272167004005986
44,50.0,51.272159395565524
45,50.0,51.27212177605435
46,50.0,51.272115858378434
47,50.0,51.272157704800975
48,51.0,51.27216996284395
49,50.0,51.238403704071146
50,50.0,51.31569785073019
51,50.0,51.3784890417942
52,50.0,51.369902916732215
53,50.0,51.34704631620044
54,50.0,51.31958787726224
