,y_actual,y_predict
0,193.0,184.21569844846383
1,194.0,183.89336814894403
2,194.0,183.79497717196824
3,189.0,183.9631764384634
4,188.0,183.7081581803616
5,188.0,183.44176000572128
6,186.0,183.24025781475115
7,181.0,182.71952494010313
8,185.0,181.73898478193374
9,181.0,181.4171750730154
10,179.0,180.83677540178192
11,177.0,179.92596463617113
12,168.0,179.03496072620416
13,169.0,177.76412550637323
14,166.0,176.9298495216236
15,174.0,175.90410944825086
16,171.0,175.47090062595882
17,166.0,174.92435001430954
18,165.0,174.55875507897989
19,176.0,174.3887437691739
20,179.0,174.37934145022442
21,179.0,174.6560169240425
22,181.0,175.4802953462256
23,181.0,176.4233022558425
24,177.0,177.1935892890405
25,178.0,177.49340400462944
26,178.0,177.6709452047978
27,175.0,177.70607060056307
28,173.0,177.56875399726852
29,175.0,177.11014136408932
30,175.0,177.09803229736053
31,170.0,177.0374531738298
32,170.0,176.63589883678625
33,171.0,176.02800989013807
34,172.0,175.58886774963796
35,171.0,175.52318926332458
36,170.0,175.55585971872105
37,170.0,175.60953568153744
38,169.0,175.5823412895762
39,169.0,175.34662336216346
40,168.0,175.23204395757207
41,172.0,175.04002395255677
42,176.0,175.0625917168033
43,190.0,175.3551167493237
44,185.0,176.18788512309249
45,192.0,176.32931075447115
46,216.0,178.25540475518903
47,212.0,180.97482697553426
48,208.0,182.70952184019868
49,194.0,184.80924093062038
50,187.0,185.5205287195911
51,181.0,185.52448585485845
52,181.0,184.3870387193704
53,183.0,182.84251236793006
54,187.0,181.47544953225312
55,189.0,180.61315878074117
56,183.0,180.45395570785678
57,183.0,180.19543397201176
58,179.0,180.21629219432674
59,176.0,180.01311958655722
60,178.0,179.54336772915556
61,178.0,179.22412136308995
62,179.0,179.24673423441033
63,179.0,179.30697626744296
