,y_actual,y_predict
0,193.0,177.52737949335972
1,194.0,177.5021614864318
2,194.0,177.26209949721232
3,189.0,176.903727170409
4,188.0,177.01067230379735
5,188.0,176.4931218625488
6,186.0,175.99423350306174
7,181.0,175.67959036238491
8,185.0,175.04372499604997
9,181.0,173.99052364719572
10,179.0,173.5623094228696
11,177.0,172.90190176650697
12,168.0,171.6899678163988
13,169.0,171.277802333266
14,166.0,170.16078627712116
15,174.0,169.29030188223004
16,171.0,167.7160242629397
17,166.0,167.4045086673055
18,165.0,167.54298641398498
19,176.0,167.3774347225486
20,179.0,169.1694291516288
21,179.0,169.00764770020038
22,181.0,169.06615691023106
23,181.0,169.58319650174266
24,177.0,170.33397351294414
25,178.0,170.7295848616475
26,178.0,170.73326973773075
27,175.0,170.42009859931431
28,173.0,170.49203775346936
29,175.0,170.34027427596257
30,175.0,170.14407564216313
31,170.0,169.78746137973062
32,170.0,169.90555460920763
33,171.0,168.75520200037505
34,172.0,168.5528849719418
35,171.0,168.56318037861874
36,170.0,168.64519506267493
37,170.0,168.55927174558133
38,169.0,168.67454085188257
39,169.0,168.45688159807224
40,168.0,168.3732385324826
41,172.0,168.11094882006702
42,176.0,169.4136372327198
43,190.0,170.08563304186157
44,185.0,174.7624114156561
45,192.0,175.57093097830685
46,216.0,175.28904410155496
47,212.0,179.03793698470787
48,208.0,181.44056511173363
49,194.0,182.27421303302398
50,187.0,183.62014086032707
51,181.0,182.25548987887132
52,181.0,181.06278415280366
53,183.0,177.8578911490271
54,187.0,175.19795626701654
55,189.0,173.7256054372652
56,183.0,173.96303031982387
57,183.0,173.79486047801493
58,179.0,173.59101433594552
59,176.0,173.28728981518194
60,178.0,173.17524287369022
61,178.0,172.68326632448185
62,179.0,172.34866560748168
63,179.0,171.96361157749692
