,y_actual,y_predict
0,222.0,218.62754653501514
1,220.0,219.44516985158162
2,210.0,219.64223065346147
3,218.0,218.44171861487513
4,208.0,216.86290983913597
5,210.0,214.74445397069505
6,208.0,213.21117244942872
7,208.0,212.21570982101917
8,206.0,211.26837806929757
9,206.0,209.915404710947
10,204.0,208.82459052267416
11,206.0,207.7872550862768
12,208.0,207.30759482438583
13,214.0,207.18501949375406
14,216.0,207.89650565265384
15,214.0,209.54222146438622
16,214.0,211.25443609227466
17,214.0,212.460794073314
18,218.0,213.2117896621969
19,212.0,213.31233284085076
20,208.0,213.75914019527107
21,218.0,213.21371161588007
22,214.0,212.65200893274084
23,216.0,213.0521698462448
24,218.0,213.13255204327487
25,210.0,213.71954873067955
26,212.0,214.00254078488817
27,210.0,213.57595691465042
28,210.0,212.9400129108834
29,208.0,211.80544693144873
30,212.0,210.81013274661638
31,208.0,210.36920063272348
32,212.0,210.2054556478904
33,210.0,210.02368648766262
34,210.0,209.96687556812097
35,212.0,210.20788543486384
36,210.0,210.2188233826543
37,212.0,210.35059049583998
38,212.0,210.54625475617158
39,210.0,210.87213137853863
40,210.0,211.05523653096083
41,208.0,210.86800230324772
42,206.0,210.29558433768375
43,204.0,209.3467525245509
44,204.0,208.43313699689338
45,195.0,206.68518262459963
46,200.0,205.11634496019445
47,195.0,203.458679440501
48,200.0,202.4497514170794
49,200.0,201.29809489422212
50,202.0,201.39658720766528
51,204.0,200.96435857508564
52,206.0,201.85752014037502
53,202.0,202.84720909491517
54,199.0,203.52035384039945
55,197.0,203.75700806007578
56,199.0,203.36211298715094
57,192.0,202.3554272430264
58,194.0,201.53434675367618
59,194.0,199.99020150640794
60,194.0,199.0629955786208
61,198.0,198.32795376787226
62,199.0,197.73538653991432
63,200.0,198.57400680982855
64,200.0,200.01431186846605
65,202.0,201.3136150608548
66,202.0,202.11146803679003
67,199.0,202.34691126938955
68,198.0,202.41341789836545
69,198.0,201.9520161964647
70,194.0,201.334170589881
71,200.0,200.6610219379868
72,196.0,199.62396776310402
73,183.0,199.8119129574235
74,184.0,199.7909433489452
75,183.0,196.9392250394767
76,195.0,194.12182063479077
