,y_actual,y_predict
0,222.0,219.544798930313
1,220.0,220.15777715012993
2,210.0,219.84417837415768
3,218.0,218.76154811467802
4,208.0,216.61809903553592
5,210.0,215.21524277564598
6,208.0,214.0879270930324
7,208.0,212.75950942747141
8,206.0,212.20665085640272
9,206.0,211.00955497329596
10,204.0,209.99230239032386
11,206.0,209.37167151346353
12,208.0,208.70600363657599
13,214.0,208.37591981071952
14,216.0,210.27533350863172
15,214.0,211.47344896472896
16,214.0,212.4669232304866
17,214.0,213.23075137597363
18,218.0,213.87829351080842
19,212.0,214.55921201204382
20,208.0,215.0232466342341
21,218.0,214.30283823506525
22,214.0,214.4761226729356
23,216.0,214.34189061508712
24,218.0,214.73002759884142
25,210.0,215.18778852669192
26,212.0,215.06104505667
27,210.0,214.1249989232222
28,210.0,213.25259211386523
29,208.0,212.33989849895005
30,212.0,211.48567993420465
31,208.0,211.18394101876515
32,212.0,210.90394127455923
33,210.0,210.9094493125537
34,210.0,210.76190030327035
35,212.0,210.80363638691082
36,210.0,210.96975256256846
37,212.0,210.96208427988537
38,212.0,211.32088803151163
39,210.0,211.45396379202225
40,210.0,211.45775300964965
41,208.0,211.35875286291622
42,206.0,210.96763528838903
43,204.0,210.15982096714464
44,204.0,209.13310315292387
45,195.0,206.9906013781886
46,200.0,205.32180259020842
47,195.0,203.87959510993733
48,200.0,202.5423684899951
49,200.0,202.10861635754466
50,202.0,201.7450624114494
51,204.0,203.05722941172172
52,206.0,203.49186439281524
53,202.0,204.5028081237582
54,199.0,204.7666587693335
55,197.0,204.32041784435233
56,199.0,203.31102105173971
57,192.0,202.69212071447623
58,194.0,201.34944855909833
59,194.0,200.11080800643745
60,194.0,199.061940847941
61,198.0,198.36877965800016
62,199.0,199.42699876185745
63,200.0,200.4615684600278
64,200.0,200.99646535826056
65,202.0,201.5655238112889
66,202.0,202.53915742103663
67,199.0,202.9598738635668
68,198.0,202.8804526433783
69,198.0,202.55010708805685
70,194.0,202.1053466924373
71,200.0,201.10077040967235
72,196.0,200.80464500529536
73,183.0,200.49689412498105
74,184.0,198.48874941321185
75,183.0,195.4009550327359
76,195.0,193.36956718191198
