,y_actual,y_predict
0,26.0,26.53937486592694
1,26.0,26.616203797881116
2,26.0,26.778365806827956
3,26.0,26.867390211218225
4,26.0,26.860281568000783
5,26.0,26.87964244319543
6,26.0,26.915886346031506
7,26.0,26.890111642691604
8,25.0,26.723857075108292
9,26.0,26.68519404148566
10,25.0,26.542449667274575
11,26.0,26.60629240766825
12,26.0,26.636353434974616
13,26.0,26.745130159670627
14,25.0,26.71150502462776
15,25.0,26.762921339969793
16,25.0,26.53694790623817
17,25.0,26.28830784334872
18,25.0,26.115015092667957
19,25.0,25.94130545294388
20,26.0,25.90931264401427
21,26.0,25.87497703609477
22,25.0,25.985243209438487
23,25.0,26.050217226203216
24,24.0,26.099758519463116
25,25.0,26.136399739086954
26,25.0,26.065397467611394
27,25.0,26.030106733620826
28,25.0,26.046251887227847
29,24.0,25.947274990888044
30,24.0,25.874663880005894
31,24.0,25.580498750696357
32,24.0,25.394253081289538
33,24.0,25.26341059568123
34,24.0,25.119065210965775
35,24.0,25.068373069079264
36,23.0,25.035814621964125
37,24.0,24.996041841451547
38,23.0,24.90791776081679
39,23.0,24.867000003354264
40,23.0,24.62329019163903
41,23.0,24.506756982066715
42,23.0,24.42673972968269
