,y_actual,y_predict
0,940.0,931.7439979192291
1,935.0,925.8079762628931
2,935.0,922.5314672426828
3,945.0,924.0313984116642
4,940.0,931.7510403025153
5,940.0,933.7578944401064
6,940.0,929.6301895952897
7,935.0,928.3897332698574
8,945.0,927.2596397729121
9,950.0,927.8539011570725
10,930.0,930.7612799592755
11,930.0,927.6024977208515
12,935.0,924.1137846490137
13,915.0,922.0935210418775
14,910.0,919.9689079654988
15,850.0,913.8990167127203
16,830.0,906.437933190881
17,845.0,885.8830010916961
18,850.0,861.0102037204632
19,820.0,845.2051983628921
20,835.0,835.5636772104046
21,815.0,830.7971252991149
22,780.0,830.4576277578122
23,825.0,824.6405870063136
24,885.0,814.3274508030208
25,875.0,817.9223462931756
26,855.0,830.59088637123
27,860.0,846.2291094415204
28,865.0,854.8004616689989
29,855.0,860.2421819797383
30,830.0,860.4482440441161
31,825.0,856.0462238996467
32,835.0,847.6283409609077
33,820.0,839.9908762868977
34,815.0,833.4896792540839
35,800.0,826.5676757021616
36,830.0,820.827377634283
37,820.0,817.3065557966399
38,795.0,814.4450328783013
39,795.0,812.6050896559962
40,770.0,808.3545289876847
41,725.0,800.9425492068419
42,745.0,788.9216672136188
43,750.0,770.0872070376315
44,780.0,755.6042403178095
45,745.0,752.080090230531
46,750.0,752.9633305069402
47,745.0,751.7410670049976
48,745.0,753.0088085460392
49,730.0,750.2998143241518
50,745.0,745.2768585629376
51,730.0,740.8085065640215
52,725.0,738.2394354940728
53,715.0,733.4304443803077
54,725.0,728.6883961040141
55,730.0,724.0636726469905
56,735.0,721.5109051767048
57,725.0,722.8561611693978
58,710.0,724.6683448603242
59,715.0,725.832468503903
60,720.0,722.2412951866496
61,715.0,718.5843608017226
62,720.0,715.9628939177688
63,730.0,714.596193224829
