,y_actual,y_predict
0,178.0,184.3805876194507
1,179.0,182.83199956584434
2,171.0,180.7531796269099
3,166.0,177.30822441531373
4,165.0,172.4093422793031
5,167.0,167.68569929812455
6,166.0,164.9720600172506
7,172.0,162.6865889220307
8,166.0,162.2283650855768
9,165.0,162.22210292932573
10,170.0,161.5219965596608
11,160.0,161.92087162000678
12,165.0,161.0348777306777
13,165.0,160.62164964625197
14,155.0,160.07049217198573
15,159.0,158.48476305371787
16,158.0,157.26053849868552
17,161.0,155.91887826990592
18,157.0,155.74017738430143
19,168.0,155.0462521947292
20,164.0,156.1846622658769
21,164.0,156.53775205665008
22,164.0,156.6121691462372
23,162.0,157.10026643713456
24,159.0,157.25566643315398
25,158.0,156.87677223989795
26,152.0,156.31246963591502
27,159.0,154.8501819231438
28,156.0,153.97472843043562
29,153.0,153.47016598732637
30,151.0,152.5388591893486
31,161.0,151.23765329971255
32,158.0,151.82609354691755
33,158.0,152.1350243392995
34,156.0,152.46721553318736
35,161.0,152.16752277087835
36,157.0,152.88582853214794
37,160.0,152.9188195686905
38,159.0,153.2804523441769
39,157.0,153.3212305879541
40,158.0,153.00172565888522
41,159.0,152.98694076196057
42,157.0,153.05739001978515
43,159.0,152.83395655466734
44,159.0,152.84762802941373
45,157.0,152.83120336528108
46,157.0,152.4144460699509
47,157.0,151.79661822525298
48,153.0,151.4824914627058
49,151.0,150.7734102354828
50,152.0,149.8635553714729
51,153.0,149.1985859065487
52,152.0,148.83828923767624
53,152.0,148.41205773181105
54,152.0,148.20786285233095
55,153.0,147.78287972890803
56,150.0,147.58112763020694
57,149.0,147.28826385725796
58,144.0,146.8311804350351
59,140.0,145.81262182636078
60,141.0,143.78871047084772
61,142.0,141.7877356122068
62,140.0,140.3250227746039
63,141.0,139.03559891601782
64,140.0,138.3311130857851
65,139.0,137.79763540610702
66,139.0,137.23308312563566
67,139.0,136.7576181154517
68,138.0,136.34100927641197
69,137.0,135.86538231391114
70,136.0,135.28579546002663
71,149.0,134.3999972630804
72,156.0,136.38928456285612
73,148.0,141.74410970685852
74,156.0,144.35932246717408
75,152.0,146.0197116035044
