,y_actual,y_predict
0,178.0,176.45366277147764
1,179.0,175.20665017586356
2,171.0,173.34202567197397
3,166.0,170.2614496772372
4,165.0,166.2096658824617
5,167.0,162.04690426257284
6,166.0,159.00899595530973
7,172.0,156.42350144513398
8,166.0,155.57886612871744
9,165.0,155.30441768379558
10,170.0,154.57532184941667
11,160.0,154.6148584587648
12,165.0,153.93961851774776
13,165.0,153.5241973290315
14,155.0,153.0027648529183
15,159.0,151.59631020137704
16,158.0,150.54571877403478
17,161.0,149.3281342639928
18,157.0,148.9583633845853
19,168.0,148.52922348503023
20,164.0,148.50208972394665
21,164.0,148.72878922745406
22,164.0,149.21003053693858
23,162.0,149.83681299515501
24,159.0,150.03427335745994
25,158.0,149.82472055549778
26,152.0,149.62544497764162
27,159.0,148.35823557851518
28,156.0,147.11828815272312
29,153.0,146.56208316458213
30,151.0,146.05069848012607
31,161.0,145.03750454194704
32,158.0,144.75176667093893
33,158.0,145.10086163789674
34,156.0,145.23949282111022
35,161.0,145.39898211312976
36,157.0,145.79119688444575
37,160.0,146.09358210402218
38,159.0,146.2643338300752
39,157.0,146.30878299303407
40,158.0,146.25817964203534
41,159.0,146.15271494370768
42,157.0,146.0668802157835
43,159.0,145.90069689466793
44,159.0,145.7238989487863
45,157.0,145.5543686131228
46,157.0,145.16726883581362
47,157.0,144.87902070389453
48,153.0,144.5266664465603
49,151.0,144.03051877591346
50,152.0,143.51463991466517
51,153.0,142.81482370956792
52,152.0,142.24846296155852
53,152.0,141.88290284238883
54,152.0,141.57208935432362
55,153.0,141.1775667624927
56,150.0,141.00464892420197
57,149.0,140.75329218045596
58,144.0,140.44202657550625
59,140.0,139.34548792627442
60,141.0,137.84159196410218
61,142.0,136.2490473525007
62,140.0,134.85533969789725
63,141.0,133.70094358347495
64,140.0,133.06588806107337
65,139.0,132.40038550310624
66,139.0,131.86092233571839
67,139.0,131.36912713358652
68,138.0,130.7732100877542
69,137.0,130.32226735754477
70,136.0,129.4332301142618
71,149.0,129.11220013420936
72,156.0,129.9334468368692
73,148.0,136.70100228469033
74,156.0,138.69097788181264
75,152.0,139.4647388155729
