,y_actual,y_predict
0,178.0,189.8546838967912
1,179.0,188.7945845188479
2,171.0,186.4891190605117
3,166.0,183.57502329947135
4,165.0,179.71408006604997
5,167.0,175.74753717403695
6,166.0,173.1736087584887
7,172.0,170.93834288148864
8,166.0,170.53680235592805
9,165.0,171.3190320462563
10,170.0,171.1848140636767
11,160.0,171.51071610926064
12,165.0,170.94591415230082
13,165.0,170.25211717497942
14,155.0,169.7260015777043
15,159.0,168.6213113285249
16,158.0,167.45280511849808
17,161.0,166.3158391221755
18,157.0,165.75441791982968
19,168.0,165.4276318845163
20,164.0,166.36200228048756
21,164.0,166.5884048714141
22,164.0,167.2086889929174
23,162.0,167.65390940793185
24,159.0,168.1415005978391
25,158.0,167.66550924262538
26,152.0,167.4629541303533
27,159.0,166.26628171322304
28,156.0,164.95097922400885
29,153.0,164.18600420343705
30,151.0,163.59896754297802
31,161.0,162.71518700197905
32,158.0,162.95563220837806
33,158.0,163.36394099117985
34,156.0,163.6130911346089
35,161.0,163.709297558824
36,157.0,164.58507495616584
37,160.0,164.55995210301634
38,159.0,164.65535551366042
39,157.0,164.80573498785782
40,158.0,164.65718422523804
41,159.0,164.4123393142316
42,157.0,164.36143230263878
43,159.0,164.1928736808763
44,159.0,164.08838744446285
45,157.0,164.08683540142653
46,157.0,163.90917370985505
47,157.0,163.39574437739896
48,153.0,163.18692710887575
49,151.0,162.5328624332853
50,152.0,162.08214238751154
51,153.0,161.4207831096502
52,152.0,160.85994223643968
53,152.0,160.3870887073647
54,152.0,160.2982713576054
55,153.0,160.1124648140996
56,150.0,159.93642264569655
57,149.0,159.7276391172394
58,144.0,159.39672329784665
59,140.0,158.62908956007345
60,141.0,157.1263542561719
61,142.0,155.57983109460525
62,140.0,154.20964701402255
63,141.0,152.90451378070316
64,140.0,152.61448417329882
65,139.0,152.22277550297298
66,139.0,151.93771918129823
67,139.0,151.67866295448923
68,138.0,151.29424888643427
69,137.0,150.90000296314463
70,136.0,150.3598245063574
71,149.0,149.73806931797617
72,156.0,150.86110066703748
73,148.0,158.99590480969863
74,156.0,160.68609317232713
75,152.0,161.90875218829672
