,y_actual,y_predict
0,204.0,200.2033689361714
1,202.0,198.96447554244853
2,204.0,197.44478257815763
3,206.0,196.6980955219185
4,208.0,196.8685109298779
5,204.0,197.00422993601114
6,206.0,197.0140969780223
7,204.0,197.3443665543021
8,202.0,197.21850785039726
9,204.0,196.83353819695714
10,204.0,196.301526702289
11,204.0,195.77132146940983
12,206.0,195.6266115930287
13,202.0,195.56735542269928
14,204.0,195.29479860648894
15,204.0,195.7291641280301
16,202.0,195.34042019622507
17,204.0,194.83184966611626
18,200.0,194.78072167383704
19,204.0,194.59484520414702
20,202.0,194.6589000998261
21,202.0,194.5150663952083
22,202.0,194.64373558853845
23,202.0,194.32980998553535
24,197.0,193.95153967619297
25,192.0,192.08650698129375
26,179.0,190.1719503624204
27,167.0,186.62443872939429
28,163.0,181.82479676923688
29,162.0,174.87757020008564
30,160.0,167.4471079443502
31,174.0,161.51929374221828
32,173.0,158.542769767761
33,176.0,158.26281940982508
34,178.0,160.13246211615575
35,179.0,162.3001110585289
36,179.0,164.13560328543974
37,178.0,166.00066293947015
38,178.0,167.03546223060937
39,179.0,168.27488806717298
40,180.0,168.87191150667707
41,179.0,169.08871683961112
42,179.0,169.26600682602094
43,175.0,169.56856241544966
44,177.0,169.34246292204196
45,177.0,169.00568271558265
46,175.0,168.53102677249586
47,167.0,167.90224547646403
48,170.0,166.2874474371597
49,171.0,165.1028295142811
50,171.0,163.79697637849472
51,167.0,163.02014901359848
52,166.0,162.11067598352332
53,165.0,161.0254698568639
54,166.0,160.15077410600847
55,164.0,159.05880797720613
56,163.0,157.64721438915655
57,168.0,156.87833322817505
58,166.0,156.41381391841122
59,167.0,156.4287290577355
60,161.0,157.23310191491294
61,162.0,156.7343984268153
62,161.0,156.40207995656596
63,162.0,155.3247661155589
64,159.0,154.42282816264802
65,158.0,153.2628711050146
66,158.0,152.36422890589023
67,159.0,151.34064461332105
68,158.0,150.6706967239803
69,157.0,150.30414689691762
70,149.0,150.0857779343752
71,144.0,148.81385960495922
72,150.0,146.53677006956872
73,149.0,143.98197452391284
74,147.0,141.1767690883094
75,146.0,139.90357020016245
