,y_actual,y_predict
0,146.0,124.07821642276043
1,151.0,128.37372179207588
2,150.0,135.69700138886253
3,151.0,139.97435288549065
4,149.0,143.65612619900145
5,146.0,145.1248860458238
6,147.0,144.33758286425757
7,147.0,142.78140617538938
8,144.0,142.40019323572676
9,134.0,141.5376881575117
10,128.0,138.8372965308061
11,133.0,134.2186926785537
12,133.0,129.33851248179644
13,134.0,127.1089876940345
14,134.0,126.95461235802875
15,138.0,127.53489274701114
16,139.0,129.47342235539332
17,140.0,130.72485668850172
18,140.0,131.96087677792048
19,142.0,133.13126834987258
20,144.0,134.37029161201815
21,144.0,135.5394757859556
22,147.0,136.4707841642342
23,148.0,137.82621407862518
24,147.0,139.45196018304844
25,149.0,140.42178271931738
26,151.0,141.13104631245415
27,154.0,142.26793718619254
28,149.0,144.311032365783
29,141.0,144.56161342075345
30,138.0,143.21727072975594
31,142.0,139.59066998948333
32,145.0,136.566438280045
33,146.0,135.25693852160236
34,148.0,135.94087740105107
35,146.0,137.7991426216164
36,146.0,139.96295921590058
37,142.0,140.6853387062524
38,138.0,140.38993683056535
39,136.0,138.7496590474987
40,135.0,136.06075302424213
41,134.0,133.39101827504567
42,131.0,131.48871673602707
43,130.0,129.75725282269627
44,127.0,127.90181303606371
45,125.0,126.18918943490067
46,125.0,124.33068518630199
47,124.0,122.74776800231736
48,116.0,121.45848143500335
49,108.0,119.36696162742409
50,108.0,115.84415421394431
51,109.0,111.85473343472982
52,102.0,109.78750255269412
53,95.00000000000001,107.80626047342801
54,88.99999999999999,104.09137258391122
55,83.0,99.8511010770733
56,78.0,95.0966128523188
57,73.0,90.52258466382574
58,73.0,86.7200286463819
