,y_actual,y_predict
0,138.0,139.6162493429036
1,140.0,138.4773916549059
2,143.0,139.20625002147656
3,142.0,141.0662712912257
4,141.0,142.05243239336846
5,142.0,142.1981548421124
6,140.0,142.57861154546657
7,140.0,142.24176781134148
8,139.0,141.57994937146663
9,140.0,141.00633742348913
10,141.0,140.1308745038759
11,143.0,140.94571244278643
12,143.0,142.12993746369648
13,143.0,142.6601234958118
14,142.0,143.09562902055234
15,142.0,143.16452766702028
16,141.0,143.35110257109446
17,137.0,142.96644208944213
18,140.0,140.5275201838893
19,139.0,138.7657570632797
20,140.0,138.9468522881952
21,139.0,139.09224788579274
22,137.0,139.29418479374618
23,137.0,138.96078481055483
24,137.0,138.1559197695741
25,137.0,137.0158826608735
26,132.0,137.40771811588345
27,130.0,135.95988173847985
28,129.0,133.1960717624209
29,129.0,131.18821335639052
30,128.0,130.34932429246268
31,125.0,129.4901389537351
32,123.0,127.8799166260713
33,122.0,125.94743875791758
34,120.0,124.30079812421036
35,117.0,122.8904708693266
36,116.0,121.00104284131848
37,115.0,118.70433859510877
38,113.0,116.79314149315948
39,110.0,115.25282199319643
40,103.0,113.9889713074726
41,96.0,111.17959906920319
42,90.0,107.01234540216228
43,90.0,102.13489538761856
44,89.00000000000001,98.46164375560386
45,89.00000000000001,95.55630723316791
46,89.00000000000001,94.5814638442138
