,y_actual,y_predict
0,138.0,137.2414020759356
1,140.0,135.5358475075871
2,143.0,134.88806791514358
3,142.0,135.39323802066494
4,141.0,136.28514588470262
5,142.0,136.63714291052915
6,140.0,136.8889935327019
7,140.0,137.00256839911606
8,139.0,136.57895356156175
9,140.0,136.07075122251385
10,141.0,135.34030388681595
11,143.0,135.26808750431408
12,143.0,135.7003186106425
13,143.0,136.3856703330558
14,142.0,136.6966928266179
15,142.0,136.85664905209123
16,141.0,137.09355706372315
17,137.0,137.17485242595933
18,140.0,136.14393043760953
19,139.0,134.65993959785897
20,140.0,134.1538283185547
21,139.0,133.71807273299737
22,137.0,133.48514994257175
23,137.0,133.22952084238767
24,137.0,132.70247927581906
25,137.0,131.76299881812247
26,132.0,131.57144435652322
27,130.0,131.55586970250056
28,129.0,130.06615306074013
29,129.0,128.72132598799524
30,128.0,128.12252681191936
31,125.0,127.36409432355087
32,123.0,125.74801624101178
33,122.0,123.96095956723212
34,120.0,122.2583407522525
35,117.0,121.02205976382645
36,116.0,119.22350029247401
37,115.0,117.28283933176425
38,113.0,115.31677061688146
39,110.0,113.59298917466597
40,103.0,112.19746867050921
41,96.0,110.85202333716214
42,90.0,108.68272803058574
43,90.0,105.5452838766073
44,89.00000000000001,102.5699618291926
45,89.00000000000001,100.81550757277164
46,89.00000000000001,99.19853163407144
