,y_actual,y_predict
0,138.0,139.72089487227694
1,140.0,138.19691596064945
2,143.0,138.69096328228028
3,142.0,140.598405534012
4,141.0,141.54684092552588
5,142.0,141.53521408203613
6,140.0,141.84380488182856
7,140.0,141.5730815594273
8,139.0,140.88546747576598
9,140.0,140.22495053352816
10,141.0,139.31075772205324
11,143.0,140.25366224085542
12,143.0,141.27686975455785
13,143.0,141.95059069551576
14,142.0,142.10849130293605
15,142.0,142.1041181921163
16,141.0,142.37224245720907
17,137.0,142.13707699536351
18,140.0,139.9496158533872
19,139.0,138.28805426795006
20,140.0,138.47591491779878
21,139.0,138.35919558583794
22,137.0,138.33268717027445
23,137.0,137.94162946347421
24,137.0,137.19228973771973
25,137.0,136.06339116477216
26,132.0,136.5028189032691
27,130.0,135.72576771345456
28,129.0,133.1956543380653
29,129.0,131.54715498458597
30,128.0,130.9550149083716
31,125.0,130.19160089349523
32,123.0,128.14309480634677
33,122.0,126.06077340842899
34,120.0,124.2343607062542
35,117.0,122.9050925356695
36,116.0,120.8363886228618
37,115.0,118.52928420945264
38,113.0,116.54375800644695
39,110.0,114.82431620234345
40,103.0,113.40454570590563
41,96.0,111.35181811961372
42,90.0,108.07841964060903
43,90.0,103.86918332210521
44,89.00000000000001,100.27187929501628
45,89.00000000000001,97.60148967733404
46,89.00000000000001,95.9673993400542
