,y_actual,y_predict
0,640.0,637.4391390381518
1,635.0,639.2993424182544
2,635.0,636.6254314084497
3,645.0,628.1317423245614
4,650.0,632.8389185262695
5,655.0,641.4321139300082
6,645.0,647.7933129644844
7,610.0,651.1055242726766
8,620.0,641.5953057956951
9,620.0,629.0388579233781
10,620.0,622.207935769005
11,620.0,620.0062810401721
12,620.0,619.3042951959478
13,600.0,608.9968815466409
14,630.0,611.8422594149772
15,590.0,611.4959481498145
16,645.0,607.5676720682247
17,645.0,604.3417571139814
18,610.0,621.8770111118523
19,610.0,626.1068084179707
20,600.0,625.9623807083934
21,600.0,619.0084407465644
22,600.0,610.7015676009055
23,600.0,607.0735930736971
24,595.0,604.5310499208172
25,625.0,601.9054753771513
26,655.0,581.5300599463427
27,650.0,589.7966276846778
28,715.0,598.5098949233632
29,785.0,618.2525079535244
30,755.0,661.7582734510286
31,735.0,726.0622858731199
32,725.0,732.951132977404
33,790.0,724.0068602128507
34,860.0,681.150803620649
35,835.0,706.552629841062
36,835.0,721.5800168465439
37,850.0,754.9286508210247
38,830.0,778.4051995679463
39,825.0,741.8608046380907
40,825.0,744.1893613546943
41,840.0,786.6891992073074
42,850.0,740.2206297525317
43,855.0,714.9039177442328
44,865.0,715.0881067006069
45,870.0,717.0316979904615
46,900.0,751.7439607177547
47,890.0,715.7289776883814
48,880.0,754.9622011321491
49,870.0,775.8353733320828
50,860.0,760.9042464474442
