,y_actual,y_predict
0,1000.0,1035.7221045021863
1,995.0,1028.2884089215265
2,995.0,1018.4544692437753
3,1000.0,1009.8377100867501
4,1000.0,1004.7254734077221
5,1015.0,1002.6673415601845
6,985.0,1005.4442433993479
7,1005.0,1005.5989447731291
8,1005.0,1004.5653768381911
9,995.0,1004.9435096881311
10,1010.0,1004.1691547449765
11,1005.0,1004.9143052589639
12,1005.0,1006.3389978195603
13,1000.0,1006.6816288379362
14,1005.0,1006.3947271241527
15,1005.0,1005.6674944341771
16,1010.0,1005.239000409195
17,1010.0,1005.3486906933516
18,1010.0,1007.1394355568831
19,1020.0,1007.5027992840097
20,1025.0,1009.3565632818422
21,1025.0,1013.5942820357526
22,1005.0,1017.9955528106524
23,1010.0,1019.0767482344917
24,1015.0,1018.3377868581035
25,1010.0,1017.4825310449019
26,1015.0,1016.701373463628
27,1015.0,1016.1255761593711
28,1020.0,1016.266329418388
29,1015.0,1017.4125198090856
30,1010.0,1018.4737042894918
31,1000.0,1018.2545943831728
32,1000.0,1015.7466403455153
33,1005.0,1013.2449385999222
34,1005.0,1011.6035089364887
35,1005.0,1010.2770486356305
36,1010.0,1010.1142454461581
37,1010.0,1009.6277575778994
38,1000.0,1010.2854932898475
39,1000.0,1009.307023114849
40,1000.0,1007.2289795666095
41,1000.0,1005.0991403347589
42,1000.0,1003.4724256617399
43,995.0,1001.9219564724689
44,985.0,1000.3893960851431
45,990.0,997.2358500370075
46,985.0,994.3628000354609
47,990.0,990.3358096881178
48,990.0,987.9159110192189
49,995.0,986.190720490667
50,990.0,987.026317221028
