,y_actual,y_predict
0,1000.0,1035.9106566693674
1,995.0,1029.249168780042
2,995.0,1019.909710521443
3,1000.0,1010.8192116760829
4,1000.0,1006.2199336083402
5,1015.0,1004.281524582875
6,985.0,1005.8141481246661
7,1005.0,1007.9844332805069
8,1005.0,1005.7126679209982
9,995.0,1006.5234178802975
10,1010.0,1005.9515451749556
11,1005.0,1005.8191102612252
12,1005.0,1007.5844940959062
13,1000.0,1007.5508688541681
14,1005.0,1007.465619348082
15,1005.0,1006.4935638623444
16,1010.0,1006.0316250369538
17,1010.0,1005.5676472245406
18,1010.0,1007.3578688082167
19,1020.0,1008.3702439090139
20,1025.0,1009.9503596087092
21,1025.0,1013.909810766449
22,1005.0,1018.2772578141485
23,1010.0,1019.5945697396048
24,1015.0,1018.2673425630966
25,1010.0,1017.3206210400102
26,1015.0,1016.9110102001523
27,1015.0,1016.5538626768243
28,1020.0,1016.5694979180189
29,1015.0,1017.3459189143954
30,1010.0,1018.4740741942171
31,1000.0,1018.1070835963691
32,1000.0,1015.8308523139572
33,1005.0,1013.2555936604247
34,1005.0,1011.647689995998
35,1005.0,1010.6644200816369
36,1010.0,1011.049581121358
37,1010.0,1010.2018948219256
38,1000.0,1010.7909545638952
39,1000.0,1009.8015676884665
40,1000.0,1007.8039107524852
41,1000.0,1005.8273293637804
42,1000.0,1004.2270583675885
43,995.0,1002.6583555819792
44,985.0,1001.2595112418227
45,990.0,998.5754554887143
46,985.0,995.092685212979
47,990.0,991.634103097453
48,990.0,989.2857494156705
49,995.0,987.6598828168999
50,990.0,988.4618633275892
