,y_actual,y_predict
0,1000.0,1033.750007080518
1,995.0,1026.3309362696077
2,995.0,1017.7741332553168
3,1000.0,1009.0934256911439
4,1000.0,1003.4525861375698
5,1015.0,1000.759255700129
6,985.0,1003.5546888638241
7,1005.0,1004.5003999154658
8,1005.0,1003.728571150923
9,995.0,1002.919454185655
10,1010.0,1002.0096509585687
11,1005.0,1003.0188863802339
12,1005.0,1004.101074231385
13,1000.0,1004.543967474455
14,1005.0,1004.2341767780342
15,1005.0,1003.5330810146256
16,1010.0,1003.1046952544413
17,1010.0,1003.5855713973549
18,1010.0,1005.0201792090031
19,1020.0,1005.8038268806231
20,1025.0,1008.342347679485
21,1025.0,1012.0757780279889
22,1005.0,1015.7800039473257
23,1010.0,1016.4313069258799
24,1015.0,1015.7356153802874
25,1010.0,1015.0997762236648
26,1015.0,1014.0037755887463
27,1015.0,1013.6102059830743
28,1020.0,1013.4338245835627
29,1015.0,1014.2353720350615
30,1010.0,1015.1328240531487
31,1000.0,1014.9273194230683
32,1000.0,1012.8039219466781
33,1005.0,1010.255765580825
34,1005.0,1008.7469963827837
35,1005.0,1007.5992993069854
36,1010.0,1007.2245046216398
37,1010.0,1007.0352036229415
38,1000.0,1007.5071569421152
39,1000.0,1006.8383511546069
40,1000.0,1004.9492657665397
41,1000.0,1002.8702658792542
42,1000.0,1001.1764811640885
43,995.0,1000.0434088580399
44,985.0,998.6243099786557
45,990.0,996.0214708679207
46,985.0,993.366763897043
47,990.0,990.0162120054429
48,990.0,987.516179342147
49,995.0,986.1130585424831
50,990.0,986.4125640831268
