,y_actual,y_predict
0,605.0,643.8773051119886
1,565.0,598.2809234736435
2,610.0,567.3958302556124
3,570.0,624.0516737827087
4,535.0,579.3229906710815
5,500.0,574.3068231986838
6,466.0,532.2968941155901
7,466.0,548.2305156319849
8,484.0,509.1609793783608
9,555.0,481.5403807278191
10,520.0,540.156590206775
11,540.0,542.9087700888444
12,560.0,518.9539843793152
13,525.0,539.6200906883483
14,525.0,538.1869832343863
15,500.0,512.3475288515217
16,520.0,541.665936080103
17,510.0,526.9123762348007
18,510.0,494.2221828602883
19,510.0,495.7965280739603
20,496.0,513.3966968782263
21,462.0,514.6709170557921
22,430.0,490.2696068993402
23,400.0,478.9900671928506
24,372.0,449.16825328962955
25,346.0,418.3688164229227
26,386.0,391.9579381242261
27,390.0,403.0333532612558
28,364.0,422.59495989251025
29,340.0,417.46304031274053
30,318.0,399.8527251176908
31,322.0,399.5281654912663
32,316.0,370.13727660954754
33,300.0,357.0709939089792
34,300.0,373.8340230342571
35,292.0,409.65719814186946
36,294.0,309.56261956204094
37,274.0,354.77639023487063
38,264.0,331.0042733807516
39,262.0,293.2941453610582
40,264.0,289.7595434643505
41,260.0,297.3911025116302
42,286.0,277.6170740348114
43,286.0,295.46426192598534
44,278.0,323.08882417302937
45,260.0,283.67073858287375
46,260.0,278.26803004455616
47,242.0,257.4601708513578
48,226.0,313.7556627081303
49,212.0,154.09775362274408
50,212.0,270.31385284370384
51,226.0,293.04815782388
52,228.0,293.9494265950794
53,220.0,251.44202387431596
54,206.0,246.87550281523596
55,194.0,284.5496397656723
56,193.0,278.9942072329498
57,187.0,132.86570765217937
58,189.0,191.0733870152398
59,176.0,193.6216712720516
60,164.0,248.4934618994462
61,164.0,95.3871670996673
62,153.0,201.12660791521762
63,146.0,131.83479272233083
