,y_actual,y_predict
0,605.0,550.8679528424834
1,565.0,543.1529494871522
2,610.0,524.2257992732449
3,570.0,500.1164970402723
4,535.0,502.9245809339216
5,500.0,486.9406333192393
6,466.0,477.22828952337716
7,466.0,447.65815814436667
8,484.0,441.4609403781848
9,555.0,442.79963956836207
10,520.0,443.2443428682209
11,540.0,450.093468843898
12,560.0,462.45159590708784
13,525.0,467.98162864154835
14,525.0,467.7801889631881
15,500.0,468.35983405719367
16,520.0,451.9011081997139
17,510.0,457.71739403293225
18,510.0,460.74224645994127
19,510.0,453.6812638446993
20,496.0,447.5207395902133
21,462.0,444.53246620279907
22,430.0,437.86204158357197
23,400.0,420.79976677605566
24,372.0,405.4418878956726
25,346.0,385.24400890328457
26,386.0,362.5642810989704
27,390.0,348.7310665403603
28,364.0,347.8231674930295
29,340.0,348.857451544946
30,318.0,346.36684561728185
31,322.0,335.3146449020377
32,316.0,332.28223731635273
33,300.0,324.5356643766715
34,300.0,312.61991377276166
35,292.0,305.35836026387034
36,294.0,319.08222258361576
37,274.0,305.74288522242927
38,264.0,305.4648572043029
39,262.0,303.0622269888307
40,264.0,295.0965684313559
41,260.0,292.26205058807625
42,286.0,291.17880889980876
43,286.0,291.83571875963264
44,278.0,293.3335289671312
45,260.0,301.4047708020608
46,260.0,297.8667035226546
47,242.0,297.58329661659354
48,226.0,283.3095660955519
49,212.0,294.9988092569737
50,212.0,264.6108423578509
51,226.0,257.84822607097936
52,228.0,260.5475094357628
53,220.0,266.443418420247
54,206.0,271.38347755521175
55,194.0,262.97948483452876
56,193.0,259.4547639614612
57,187.0,270.07772031377914
58,189.0,254.51649995717355
59,176.0,251.1911530613682
60,164.0,240.93247555293522
61,164.0,251.2892920749951
62,153.0,234.08223607591054
63,146.0,236.5506812454475
