,y_actual,y_predict
0,575.0,569.0140984943793
1,580.0,567.8933968577114
2,580.0,568.0043948850807
3,580.0,569.2042507628291
4,580.0,570.533133757559
5,575.0,571.592350450753
6,580.0,571.1270582158146
7,570.0,570.1297718183929
8,570.0,569.1449399283608
9,565.0,569.1950870359724
10,560.0,568.1722312738113
11,560.0,565.639563209377
12,560.0,561.7557620861043
13,560.0,558.3838528439671
14,560.0,555.8907180229994
15,560.0,554.596489141133
16,565.0,554.1495528800062
17,560.0,554.1588460442307
18,560.0,554.2089229485242
19,560.0,552.524776062895
20,560.0,552.0960926644565
21,560.0,551.6867151784767
22,550.0,551.7385383903062
23,555.0,549.9663740946946
24,560.0,548.8948345253323
25,555.0,548.3837894717204
26,555.0,548.5690033755176
27,560.0,547.7566456809136
28,555.0,547.9510167300066
29,555.0,548.8814783440768
30,550.0,549.6228999735171
31,550.0,549.5415343279184
32,545.0,549.2226971836626
33,550.0,546.8620140852838
34,545.0,545.5064494419946
35,520.0,544.4078728197753
36,530.0,540.3567815773404
37,540.0,535.3695905168557
38,540.0,532.2982743317009
39,520.0,529.965558480143
40,520.0,527.5555048983585
41,515.0,526.5585563544049
42,520.0,524.6036659850789
43,520.0,522.3416185485347
44,520.0,521.1709694449411
45,505.0,519.8448901952253
46,500.0,519.0902922805319
