,y_actual,y_predict
0,575.0,565.9430302146912
1,580.0,564.9970931567024
2,580.0,565.6119118774873
3,580.0,566.5126248355415
4,580.0,567.2285758236585
5,575.0,567.4410461656814
6,580.0,566.6601483329705
7,570.0,566.5667252674997
8,570.0,566.4479500288048
9,565.0,566.4523465115966
10,560.0,565.5420288620941
11,560.0,562.596552124511
12,560.0,559.3899804717535
13,560.0,557.192142744964
14,560.0,555.6802133738813
15,560.0,554.4082652700753
16,565.0,553.5026161412219
17,560.0,552.978535208993
18,560.0,553.0178008023096
19,560.0,551.5187142507193
20,560.0,550.7027981254327
21,560.0,550.4174216376337
22,550.0,550.0589591080563
23,555.0,548.8859538056013
24,560.0,547.2832120549372
25,555.0,547.5409591493833
26,555.0,548.0878210583135
27,560.0,546.383617962264
28,555.0,546.8505884952741
29,555.0,547.7672770958881
30,550.0,548.2730349621106
31,550.0,548.696804128287
32,545.0,546.8881121687621
33,550.0,545.7656620307046
34,545.0,545.0829303751387
35,520.0,544.4931874020134
36,530.0,540.2303717278095
37,540.0,535.4567040591184
38,540.0,533.5254546571396
39,520.0,531.8340197895573
40,520.0,531.1182706359796
41,515.0,528.0110191274073
42,520.0,525.9363267958603
43,520.0,524.7451695479866
44,520.0,523.1684293512385
45,505.0,522.1511481713
46,500.0,521.1985417980981
