,y_actual,y_predict
0,52.0,45.35238487711979
1,51.0,45.5879517246164
2,51.0,45.58646673515969
3,50.0,45.22395110898799
4,51.0,45.022384580092165
5,50.0,44.59044272684042
6,50.0,44.09300689858998
7,50.0,44.26260457446176
8,50.0,44.36506884697465
9,50.0,44.29506050402759
10,50.0,44.18215378565512
11,50.0,44.014278697553124
12,50.0,43.9177425029514
13,50.0,43.89094141323673
14,50.0,43.92585648534285
15,50.0,43.928826464256275
16,50.0,43.51755566424191
17,50.0,43.86392648504028
18,50.0,44.04004623460594
19,50.0,43.933364592035986
20,50.0,44.112810717984644
21,50.0,44.106573762266464
22,50.0,44.05570396343745
23,50.0,44.01492021299842
24,50.0,43.95801541701735
25,50.0,43.92390817917567
26,50.0,43.92798299024486
27,50.0,43.93176080342275
28,50.0,43.9233854628869
29,50.0,43.91743362514441
30,50.0,43.929776857508585
31,50.0,43.93160636451924
32,50.0,43.91966704928731
33,50.0,43.93028769388167
34,50.0,43.85657281725065
35,50.0,43.906931779706554
36,50.0,43.928565106111904
37,50.0,43.93294879498811
38,50.0,43.93935206952543
39,50.0,43.93475454216747
40,50.0,43.91982148819079
41,50.0,43.93178456325404
42,50.0,43.92997881607468
43,50.0,43.91708910759044
44,50.0,43.84734212278775
45,50.0,43.85936459742928
46,50.0,43.907157498104
47,50.0,43.886878482083176
48,50.0,43.86922492742181
49,50.0,43.87707755166889
50,50.0,43.92386065951305
51,50.0,43.94345064042594
52,50.0,43.9439020772208
53,50.0,43.939518388344595
54,50.0,43.936358330780706
55,50.0,43.927210795727376
56,50.0,43.93260427743414
57,50.0,43.87085247586637
58,50.0,43.912147062678514
59,50.0,43.934802061830084
60,50.0,43.92030856473261
61,50.0,43.93758196209302
62,50.0,43.93657216926246
63,50.0,43.931653884181856
64,50.0,43.934136786553466
65,50.0,43.9334121116986
66,50.0,43.93614449229895
67,50.0,43.894042071222344
68,50.0,43.91427356758052
69,50.0,43.93329331254205
70,50.0,43.93880559340536
71,50.0,43.86981892320449
72,50.0,43.91025815608958
73,50.0,43.898402000267225
74,50.0,43.932319159458444
75,50.0,43.94030246277774
76,50.0,43.93869867416447
77,50.0,43.93932830969413
78,50.0,43.93579997474498
79,50.0,43.93350715102383
80,50.0,43.93560989609452
81,50.0,43.93612073246763
82,50.0,43.93629893120243
83,50.0,43.93657216926246
84,50.0,43.93313887363857
85,50.0,43.929420460038955
86,50.0,43.934552583601345
87,50.0,43.935241618709256
88,50.0,43.93656028934683
