,y_actual,y_predict
0,142.0,141.86782091743666
1,145.0,141.32399076072156
2,143.0,142.02665192987132
3,141.0,142.1279535814294
4,141.0,141.97170272569747
5,142.0,141.49539043492257
6,145.0,141.76045747915936
7,143.0,141.53973433650228
8,142.0,141.26358527070087
9,143.0,141.15357389577244
10,142.0,141.29041257428054
11,140.0,141.11473824466663
12,142.0,141.30528123562948
13,144.0,140.9928992687411
14,143.0,140.9417208890303
15,144.0,141.2007329245427
16,147.0,142.2834453017392
17,146.0,142.78442045640793
18,147.0,142.7413869671641
19,149.0,143.06980566984566
20,148.0,143.73252637473058
21,149.0,144.36987930425823
22,148.0,145.06543939414652
23,148.0,145.28330900097566
24,148.0,145.19757188490354
25,148.0,145.67306855696592
26,148.0,145.75361824765326
27,149.0,145.87147402194404
28,150.0,146.03798450253328
29,150.0,146.13152083133548
30,149.0,146.25155911996498
31,148.0,146.4047915086612
32,146.0,146.50537921142939
33,148.0,145.97475710732724
34,146.0,145.8043989850001
35,146.0,145.3797982761968
36,144.0,144.89321280457494
37,146.0,144.2680534877658
38,146.0,144.0149496044229
39,147.0,143.63027806322643
40,145.0,144.09489831290105
41,146.0,144.40029216710863
42,146.0,144.29896340357118
43,145.0,144.38157586402173
44,145.0,144.30953933485435
45,146.0,143.88164677989008
46,145.0,143.88847448002633
47,144.0,143.68716577392473
48,145.0,143.44425825415394
49,143.0,143.2832492460438
50,144.0,142.97394222948148
51,145.0,142.61692264790358
52,145.0,142.47022650556545
53,142.0,142.270232730463
54,142.0,142.07936665507938
55,145.0,141.87128221346867
56,145.0,142.01820202963654
57,145.0,142.03605074938383
58,140.0,142.14246978704665
59,141.0,141.9888126440071
60,139.0,141.56661360470906
61,137.0,140.8908452597557
62,136.0,139.92363443330862
63,138.0,138.9693605396809
