,y_actual,y_predict
0,142.0,142.80121180896006
1,145.0,142.43751816179568
2,143.0,142.5291611707057
3,141.0,143.25536005660575
4,141.0,143.05107355143747
5,142.0,142.5701025188754
6,145.0,141.9779678522619
7,143.0,141.96271962320185
8,142.0,142.30177525912018
9,143.0,142.2483059171532
10,142.0,142.39371198113997
11,140.0,142.28109107819785
12,142.0,142.19666889312484
13,144.0,141.69235896499444
14,143.0,142.02260998561465
15,144.0,142.55584387706207
16,147.0,143.40368291770565
17,146.0,143.94978596202404
18,147.0,144.71266509667055
19,149.0,145.12138948222523
20,148.0,145.85979327750184
21,149.0,146.8348710966274
22,148.0,147.3360563691362
23,148.0,147.44843100493244
24,148.0,147.26612101836946
25,148.0,147.7641206333031
26,148.0,147.839738203078
27,149.0,148.00232196532284
28,150.0,147.78804695509092
29,150.0,148.009167740112
30,149.0,148.37177690810185
31,148.0,148.75992330132004
32,146.0,148.65800259289983
33,148.0,147.9551358245732
34,146.0,147.3731071482673
35,146.0,146.76817788672614
36,144.0,146.54299708279547
37,146.0,145.882413705617
38,146.0,145.19956913404994
39,147.0,145.12396060160148
40,145.0,145.5221971698059
41,146.0,145.85064750313006
42,146.0,145.80691588041762
43,145.0,145.90208570597645
44,145.0,145.94899168960598
45,146.0,145.46875945848151
46,145.0,145.1133191497015
47,144.0,145.03241926261407
48,145.0,144.87451909480419
49,143.0,144.57925834288352
50,144.0,144.43506328064163
51,145.0,143.9780818311525
52,145.0,143.7723109451141
53,142.0,143.33968734975102
54,142.0,143.51771590290625
55,145.0,143.12914701467633
56,145.0,143.0148429096821
57,145.0,143.41170580426547
58,140.0,143.80080337609297
59,141.0,143.34538312474885
60,139.0,142.72136251107293
61,137.0,141.7734260426213
62,136.0,140.6456580743868
63,138.0,139.39584327171832
