,y_actual,y_predict
0,50.0,49.7588439382678
1,50.0,49.758866452321314
2,50.0,49.758891336275184
3,50.0,49.75890318577703
4,50.0,49.75887237707224
5,50.0,49.758753882053796
6,50.0,49.758705299096235
7,50.0,49.75871003889697
8,50.0,49.75872070344863
9,50.0,49.75878469075859
10,50.0,49.758849863018725
11,50.0,49.75886171252057
12,50.0,49.758800095110985
13,50.0,49.75873966265158
14,50.0,49.75876928640619
15,50.0,49.758776396107294
16,50.0,49.758785875708774
17,50.0,49.75884749311836
18,50.0,49.75886408242094
19,50.0,49.75883090381578
20,50.0,49.758828533915406
21,50.0,49.75885341786928
22,50.0,49.758877116872966
23,50.0,49.75890081587666
24,50.0,49.75888185667371
25,50.0,49.75883208876596
26,50.0,49.75883327371615
27,50.0,49.75885460281947
28,50.0,49.758063056096304
29,50.0,49.75748598535652
30,50.0,49.757803552005925
31,50.0,49.75820880496899
32,50.0,49.75853111141913
33,50.0,49.75865197633794
34,50.0,49.75851689201692
35,50.0,49.758634202085176
36,50.0,49.75874203255195
37,50.0,49.75881194461283
38,50.0,49.75888659647444
39,50.0,49.75888896637481
40,50.0,49.758905555677394
41,50.0,49.75891503527887
42,50.0,49.75892569983053
43,50.0,49.758923329930155
44,50.0,49.7582680524782
