,y_actual,y_predict
0,50.0,50.390104819888684
1,50.0,50.390065716532604
2,50.0,50.39003609277799
3,50.0,50.390010023873934
4,50.0,50.389855980349964
5,50.0,50.38967468297176
6,50.0,50.38999817437209
7,50.0,50.389893898755865
8,50.0,50.390026613176516
9,50.0,50.39009297038684
10,50.0,50.390049127230014
11,50.0,50.39000172922265
12,50.0,50.38973393048097
13,50.0,50.38995551616546
14,50.0,50.39005386703076
15,50.0,50.389904563307525
16,50.0,50.390045572379464
17,50.0,50.390076381084256
18,50.0,50.38997210546803
19,50.0,50.389880864303834
20,50.0,50.39002542822633
21,50.0,50.39003846267836
22,50.0,50.390024243276144
23,50.0,50.39001831852522
24,50.0,50.389880864303834
25,50.0,50.38991285795882
26,50.0,50.39001594862486
27,50.0,50.39001120882412
28,50.0,50.38713177987609
29,50.0,50.389933002111945
30,50.0,50.390473339396024
31,50.0,50.39063212272073
32,50.0,50.39042475643846
33,50.0,50.38950878994594
34,50.0,50.39014510819496
35,50.0,50.390216205206016
36,50.0,50.39016288244772
37,50.0,50.39006453158241
38,50.0,50.39003016802707
39,50.0,50.390026613176516
40,50.0,50.39002542822633
41,50.0,50.39000054427245
42,50.0,50.390002914172825
43,50.0,50.38996618071711
44,50.0,50.38766619240924
