,y_actual,y_predict
0,82.0,79.10183469228532
1,83.0,78.13583379743518
2,87.0,79.7794134570923
3,87.0,83.29084850285847
4,84.0,84.64591225118062
5,79.0,84.42535651597011
6,74.0,84.56832386243138
7,69.0,78.38520718388313
8,73.0,72.50311952046142
9,70.0,70.17164961967512
10,69.0,68.37946233872132
11,71.0,68.80424246704176
12,67.0,68.3370731948277
13,63.0,69.82976768753014
14,59.0,66.70897191409338
15,68.0,63.37661894368313
16,64.0,67.31612092875852
17,69.0,63.490639131408784
18,76.0,64.62334297109722
19,90.0,69.13093182991514
20,106.0,80.88759125608712
21,110.0,98.5168396405542
22,111.0,109.16995674301175
23,104.0,110.96680852678867
24,102.0,110.00337991879933
25,107.0,105.8473458625092
26,105.0,104.58109746329748
27,105.0,104.71874383789307
28,106.0,105.27239062558627
29,105.0,104.51958140165246
30,103.0,105.06692697969186
31,100.0,104.55597747442246
32,97.0,102.80064400825819
33,100.0,100.4806958090359
34,96.0,98.70176741643229
35,96.0,96.31444405771535
36,93.0,94.69327812679845
37,93.0,92.88645649854804
38,87.0,92.14322636370522
39,87.0,91.67286406179416
40,84.0,88.05203983780694
41,79.0,85.07729726190928
42,78.0,83.38716188953713
43,75.0,78.8622324232878
44,78.0,75.62797468410038
45,75.0,74.87040047738796
46,76.0,74.04101213003568
47,72.0,73.63921288398207
48,69.0,73.11853022035658
49,67.0,71.70846151150579
50,68.0,68.70933133396431
51,67.0,67.32960757167453
52,63.0,66.40943893385982
53,59.0,67.4416092287386
54,59.999999999999986,63.25867333902926
55,56.0,60.8422063274415
56,53.0,59.55622366496958
57,50.0,58.07987391169516
58,51.0,59.578266734318404
59,50.0,54.68447311854045
60,51.0,60.54934075047734
61,51.0,53.00107213607471
62,59.0,51.08810348283404
63,61.0,57.625481224044904
