{
    "R2": 0.6634182861837706,
    "RMSE": 376.28731493526533,
    "MSE": 141592.14338119156,
    "MAPE": 0.034932744077656286,
    "ACMAPE": 0.7134374169748525
}