{
    "DOWN": {
        "precision": 0.5935483870967742,
        "recall": 0.3129251700680272,
        "f1-score": 0.40979955456570155,
        "support": 294
    },
    "UP": {
        "precision": 0.38414634146341464,
        "recall": 0.6666666666666666,
        "f1-score": 0.4874274661508704,
        "support": 189
    },
    "accuracy": 0.45134575569358176,
    "macro avg": {
        "precision": 0.4888473642800944,
        "recall": 0.4897959183673469,
        "f1-score": 0.448613510358286,
        "support": 483
    },
    "weighted avg": {
        "precision": 0.511608456196764,
        "recall": 0.45134575569358176,
        "f1-score": 0.4401756938816372,
        "support": 483
    }
}