{
    "R2": 0.9507742317014437,
    "RMSE": 201.5173979239919,
    "MSE": 40609.26166605649,
    "MAPE": 0.01714729495988257,
    "ACMAPE": 0.9947830777074864
}