{
    "DOWN": {
        "precision": 0.5826446280991735,
        "recall": 0.5271028037383177,
        "f1-score": 0.5534838076545634,
        "support": 535
    },
    "UP": {
        "precision": 0.3706467661691542,
        "recall": 0.42450142450142453,
        "f1-score": 0.3957503320053121,
        "support": 351
    },
    "accuracy": 0.48645598194130923,
    "macro avg": {
        "precision": 0.4766456971341638,
        "recall": 0.47580211411987117,
        "f1-score": 0.4746170698299378,
        "support": 886
    },
    "weighted avg": {
        "precision": 0.4986590191404412,
        "recall": 0.48645598194130923,
        "f1-score": 0.49099571515694806,
        "support": 886
    }
}