{
    "DOWN": {
        "precision": 0.7014925373134329,
        "recall": 0.2186046511627907,
        "f1-score": 0.33333333333333337,
        "support": 860
    },
    "UP": {
        "precision": 0.17444717444717445,
        "recall": 0.6396396396396397,
        "f1-score": 0.27413127413127414,
        "support": 222
    },
    "accuracy": 0.3049907578558225,
    "macro avg": {
        "precision": 0.4379698558803037,
        "recall": 0.4291221454012152,
        "f1-score": 0.30373230373230375,
        "support": 1082
    },
    "weighted avg": {
        "precision": 0.5933556883704483,
        "recall": 0.3049907578558225,
        "f1-score": 0.321186515271543,
        "support": 1082
    }
}