{
    "R2": -1.1823912068370488,
    "RMSE": 78.2272391060122,
    "MSE": 6119.5009381492055,
    "MAPE": 0.18997308638910368,
    "ACMAPE": 1.61009142958437
}