{
    "R2": 0.9931510609458043,
    "RMSE": 56.56933645648266,
    "MSE": 3200.089827126738,
    "MAPE": 0.06147269562820477,
    "ACMAPE": 1.1684655298263762
}