{
    "DOWN": {
        "precision": 0.9009364218827008,
        "recall": 0.577202399747395,
        "f1-score": 0.703618167821401,
        "support": 3167
    },
    "UP": {
        "precision": 0.16625155666251556,
        "recall": 0.5705128205128205,
        "f1-score": 0.25747348119575697,
        "support": 468
    },
    "accuracy": 0.5763411279229711,
    "macro avg": {
        "precision": 0.5335939892726083,
        "recall": 0.5738576101301077,
        "f1-score": 0.48054582450857897,
        "support": 3635
    },
    "weighted avg": {
        "precision": 0.8063470086989191,
        "recall": 0.5763411279229711,
        "f1-score": 0.6461778065171915,
        "support": 3635
    }
}