{
    "DOWN": {
        "precision": 0.5666666666666667,
        "recall": 0.598343685300207,
        "f1-score": 0.5820745216515609,
        "support": 483
    },
    "UP": {
        "precision": 0.4550561797752809,
        "recall": 0.42297650130548303,
        "f1-score": 0.4384303112313938,
        "support": 383
    },
    "accuracy": 0.5207852193995381,
    "macro avg": {
        "precision": 0.5108614232209738,
        "recall": 0.510660093302845,
        "f1-score": 0.5102524164414773,
        "support": 866
    },
    "weighted avg": {
        "precision": 0.5173054467135481,
        "recall": 0.5207852193995381,
        "f1-score": 0.5185459620777456,
        "support": 866
    }
}