{
    "DOWN": {
        "precision": 0.7771084337349398,
        "recall": 0.5699558173784978,
        "f1-score": 0.6576040781648257,
        "support": 679
    },
    "UP": {
        "precision": 0.4448669201520912,
        "recall": 0.6782608695652174,
        "f1-score": 0.5373134328358209,
        "support": 345
    },
    "accuracy": 0.6064453125,
    "macro avg": {
        "precision": 0.6109876769435155,
        "recall": 0.6241083434718575,
        "f1-score": 0.5974587555003232,
        "support": 1024
    },
    "weighted avg": {
        "precision": 0.6651715956625933,
        "recall": 0.6064453125,
        "f1-score": 0.617076468166284,
        "support": 1024
    }
}