{
    "R2": 0.8001314048723438,
    "RMSE": 39.721194727678935,
    "MSE": 1577.773310594189,
    "MAPE": 0.06797945856751753,
    "ACMAPE": 1.0858656374293063
}