{
    "DOWN": {
        "precision": 0.5283018867924528,
        "recall": 0.3373493975903614,
        "f1-score": 0.4117647058823529,
        "support": 83
    },
    "UP": {
        "precision": 0.46601941747572817,
        "recall": 0.6575342465753424,
        "f1-score": 0.5454545454545454,
        "support": 73
    },
    "accuracy": 0.48717948717948717,
    "macro avg": {
        "precision": 0.4971606521340905,
        "recall": 0.4974418220828519,
        "f1-score": 0.47860962566844917,
        "support": 156
    },
    "weighted avg": {
        "precision": 0.49915688512501116,
        "recall": 0.48717948717948717,
        "f1-score": 0.47432469491293017,
        "support": 156
    }
}