{
    "DOWN": {
        "precision": 0.687392055267703,
        "recall": 0.5566433566433566,
        "f1-score": 0.615146831530139,
        "support": 715
    },
    "UP": {
        "precision": 0.3078602620087336,
        "recall": 0.43788819875776397,
        "f1-score": 0.36153846153846153,
        "support": 322
    },
    "accuracy": 0.5197685631629702,
    "macro avg": {
        "precision": 0.4976261586382183,
        "recall": 0.4972657777005603,
        "f1-score": 0.48834264653430026,
        "support": 1037
    },
    "weighted avg": {
        "precision": 0.5695432245739824,
        "recall": 0.5197685631629702,
        "f1-score": 0.5363986202116047,
        "support": 1037
    }
}