{
    "R2": 0.7436971239967168,
    "RMSE": 58.00196303174598,
    "MSE": 3364.227715536027,
    "MAPE": 0.03864864395560836,
    "ACMAPE": 0.9755855808925453
}