{
    "R2": 0.9579442520561823,
    "RMSE": 36.19547097181696,
    "MSE": 1310.1121188716443,
    "MAPE": 0.031627769004535004,
    "ACMAPE": 0.8915626224247304
}