{
    "R2": 0.9802077037958561,
    "RMSE": 7.425265341404171,
    "MSE": 55.134565390258004,
    "MAPE": 0.030095521175731468,
    "ACMAPE": 0.8793863013175753
}