{
    "R2": 0.8189583881397692,
    "RMSE": 10.601735022249288,
    "MSE": 112.39678548198712,
    "MAPE": 0.049411333391645974,
    "ACMAPE": 1.0690191765289008
}