{
    "DOWN": {
        "precision": 0.6717171717171717,
        "recall": 0.34102564102564104,
        "f1-score": 0.45238095238095233,
        "support": 390
    },
    "UP": {
        "precision": 0.37922705314009664,
        "recall": 0.7072072072072072,
        "f1-score": 0.4937106918238994,
        "support": 222
    },
    "accuracy": 0.4738562091503268,
    "macro avg": {
        "precision": 0.5254721124286341,
        "recall": 0.5241164241164241,
        "f1-score": 0.47304582210242585,
        "support": 612
    },
    "weighted avg": {
        "precision": 0.5656178149784288,
        "recall": 0.4738562091503268,
        "f1-score": 0.4673731127671194,
        "support": 612
    }
}