{
    "R2": -1.3973997989473483,
    "RMSE": 21.58800763447107,
    "MSE": 466.0420736259811,
    "MAPE": 0.054583465558548906,
    "ACMAPE": 1.0663481714409018
}