{
    "DOWN": {
        "precision": 0.7,
        "recall": 0.5283018867924528,
        "f1-score": 0.6021505376344085,
        "support": 53
    },
    "UP": {
        "precision": 0.4444444444444444,
        "recall": 0.625,
        "f1-score": 0.5194805194805195,
        "support": 32
    },
    "accuracy": 0.5647058823529412,
    "macro avg": {
        "precision": 0.5722222222222222,
        "recall": 0.5766509433962264,
        "f1-score": 0.5608155285574641,
        "support": 85
    },
    "weighted avg": {
        "precision": 0.6037908496732025,
        "recall": 0.5647058823529412,
        "f1-score": 0.5710277072705915,
        "support": 85
    }
}