{
    "DOWN": {
        "precision": 0.80078125,
        "recall": 0.26383526383526384,
        "f1-score": 0.3969022265246854,
        "support": 777
    },
    "UP": {
        "precision": 0.20555555555555555,
        "recall": 0.7437185929648241,
        "f1-score": 0.32208922742110985,
        "support": 199
    },
    "accuracy": 0.36168032786885246,
    "macro avg": {
        "precision": 0.5031684027777777,
        "recall": 0.503776928400044,
        "f1-score": 0.3594957269728976,
        "support": 976
    },
    "weighted avg": {
        "precision": 0.6794186340220856,
        "recall": 0.36168032786885246,
        "f1-score": 0.38164834658450963,
        "support": 976
    }
}