{
    "R2": 0.9350768133040869,
    "RMSE": 104.27328801382832,
    "MSE": 10872.918593214792,
    "MAPE": 0.04718858022840522,
    "ACMAPE": 1.3238279244907
}