{
    "R2": 0.9908589361781965,
    "RMSE": 17.751952420367417,
    "MSE": 315.13181473498855,
    "MAPE": 0.0053103267794103555,
    "ACMAPE": 0.11303025496612486
}