{
    "DOWN": {
        "precision": 0.9929805615550756,
        "recall": 0.9523562920766442,
        "f1-score": 0.972244250594766,
        "support": 3862
    },
    "UP": {
        "precision": 0.05641025641025641,
        "recall": 0.2972972972972973,
        "f1-score": 0.09482758620689655,
        "support": 37
    },
    "accuracy": 0.9461400359066428,
    "macro avg": {
        "precision": 0.524695408982666,
        "recall": 0.6248267946869708,
        "f1-score": 0.5335359184008313,
        "support": 3899
    },
    "weighted avg": {
        "precision": 0.9840928720730653,
        "recall": 0.9461400359066428,
        "f1-score": 0.9639179062545888,
        "support": 3899
    }
}