{
    "R2": 0.9936632057768982,
    "RMSE": 16.932753100188222,
    "MSE": 286.7181275519339,
    "MAPE": 39937364898837.06,
    "ACMAPE": 39937364898838.0
}