{
    "R2": 0.8736954704994164,
    "RMSE": 1800.0944865012827,
    "MSE": 3240340.160332317,
    "MAPE": 0.20603627965777027,
    "ACMAPE": 1.2842485701605635
}