{
    "R2": 0.9954413975143763,
    "RMSE": 274.147659630124,
    "MSE": 75156.93928067431,
    "MAPE": 0.08097530035126234,
    "ACMAPE": 0.7873523150674502
}