{
    "R2": 0.9418240275565062,
    "RMSE": 19.671924068476788,
    "MSE": 386.9845965559163,
    "MAPE": 0.036005855048829444,
    "ACMAPE": 1.1202755179701778
}