{
    "R2": 0.9827671152791002,
    "RMSE": 34.22078481563659,
    "MSE": 1171.0621133981037,
    "MAPE": 0.1459891060298227,
    "ACMAPE": 1.315790962061927
}