{
    "R2": 0.6269953819124208,
    "RMSE": 21.65279331158375,
    "MSE": 468.843458194166,
    "MAPE": 0.07360453752113391,
    "ACMAPE": 0.9979073263657555
}