{
    "DOWN": {
        "precision": 0.893491124260355,
        "recall": 0.22844175491679275,
        "f1-score": 0.363855421686747,
        "support": 661
    },
    "UP": {
        "precision": 0.2682926829268293,
        "recall": 0.9121951219512195,
        "f1-score": 0.4146341463414634,
        "support": 205
    },
    "accuracy": 0.3903002309468822,
    "macro avg": {
        "precision": 0.5808919035935922,
        "recall": 0.5703184384340061,
        "f1-score": 0.3892447840141052,
        "support": 866
    },
    "weighted avg": {
        "precision": 0.7454938026975689,
        "recall": 0.3903002309468822,
        "f1-score": 0.375875789532263,
        "support": 866
    }
}