{
    "DOWN": {
        "precision": 0.6460905349794238,
        "recall": 0.4361111111111111,
        "f1-score": 0.5207296849087895,
        "support": 360
    },
    "UP": {
        "precision": 0.35555555555555557,
        "recall": 0.5656565656565656,
        "f1-score": 0.4366471734892788,
        "support": 198
    },
    "accuracy": 0.482078853046595,
    "macro avg": {
        "precision": 0.5008230452674897,
        "recall": 0.5008838383838383,
        "f1-score": 0.4786884291990341,
        "support": 558
    },
    "weighted avg": {
        "precision": 0.5429974777645028,
        "recall": 0.482078853046595,
        "f1-score": 0.49089395505025346,
        "support": 558
    }
}