{
    "R2": 0.8036392613372598,
    "RMSE": 275.02695355925204,
    "MSE": 75639.82518408296,
    "MAPE": 0.07022327191163813,
    "ACMAPE": 0.976163865971044
}