{
    "DOWN": {
        "precision": 0.6415094339622641,
        "recall": 0.5396825396825397,
        "f1-score": 0.5862068965517241,
        "support": 63
    },
    "UP": {
        "precision": 0.4423076923076923,
        "recall": 0.5476190476190477,
        "f1-score": 0.4893617021276596,
        "support": 42
    },
    "accuracy": 0.5428571428571428,
    "macro avg": {
        "precision": 0.5419085631349783,
        "recall": 0.5436507936507937,
        "f1-score": 0.5377842993396919,
        "support": 105
    },
    "weighted avg": {
        "precision": 0.5618287373004355,
        "recall": 0.5428571428571428,
        "f1-score": 0.5474688187820984,
        "support": 105
    }
}