{
    "R2": 0.7902939011268527,
    "RMSE": 13.968377983217653,
    "MSE": 195.11558348203968,
    "MAPE": 0.07927110844040558,
    "ACMAPE": 1.4854335734264
}