{
    "R2": 0.9300416149483185,
    "RMSE": 19.566761845828253,
    "MSE": 382.8581691313603,
    "MAPE": 0.022853920108935038,
    "ACMAPE": 1.08088099941261
}