{
    "R2": 0.9817489545233581,
    "RMSE": 69.64301819205018,
    "MSE": 4850.149982898231,
    "MAPE": 0.14068020032662296,
    "ACMAPE": 1.1022094715333135
}