{
    "DOWN": {
        "precision": 0.5705521472392638,
        "recall": 0.5602409638554217,
        "f1-score": 0.5653495440729482,
        "support": 498
    },
    "UP": {
        "precision": 0.5056433408577878,
        "recall": 0.5161290322580645,
        "f1-score": 0.5108323831242874,
        "support": 434
    },
    "accuracy": 0.5396995708154506,
    "macro avg": {
        "precision": 0.5380977440485258,
        "recall": 0.538184998056743,
        "f1-score": 0.5380909635986177,
        "support": 932
    },
    "weighted avg": {
        "precision": 0.5403263725938126,
        "recall": 0.5396995708154506,
        "f1-score": 0.5399627974509323,
        "support": 932
    }
}