{
    "R2": 0.9556346680155616,
    "RMSE": 230.1349627822768,
    "MSE": 52962.101094799924,
    "MAPE": 0.0257799874381336,
    "ACMAPE": 0.9721319187686056
}