{
    "R2": 0.9578927309282596,
    "RMSE": 111.47751119069225,
    "MSE": 12427.235501270918,
    "MAPE": 0.09836119725326643,
    "ACMAPE": 1.2198935618503604
}