{
    "R2": 0.9921917177144216,
    "RMSE": 13.232030824410057,
    "MSE": 175.0866397381379,
    "MAPE": 0.020964418314862655,
    "ACMAPE": 0.9093816408739893
}