{
    "DOWN": {
        "precision": 0.6013513513513513,
        "recall": 0.16270566727605118,
        "f1-score": 0.25611510791366904,
        "support": 547
    },
    "UP": {
        "precision": 0.32448377581120946,
        "recall": 0.7885304659498208,
        "f1-score": 0.45977011494252873,
        "support": 279
    },
    "accuracy": 0.37409200968523004,
    "macro avg": {
        "precision": 0.4629175635812804,
        "recall": 0.475618066612936,
        "f1-score": 0.3579426114280989,
        "support": 826
    },
    "weighted avg": {
        "precision": 0.5078331266834342,
        "recall": 0.37409200968523004,
        "f1-score": 0.3249041478180901,
        "support": 826
    }
}