{
    "DOWN": {
        "precision": 0.7208333333333333,
        "recall": 0.4938154138915319,
        "f1-score": 0.5861095426312818,
        "support": 1051
    },
    "UP": {
        "precision": 0.40492170022371365,
        "recall": 0.6429840142095915,
        "f1-score": 0.49691146190803026,
        "support": 563
    },
    "accuracy": 0.5458488228004956,
    "macro avg": {
        "precision": 0.5628775167785235,
        "recall": 0.5683997140505617,
        "f1-score": 0.541510502269656,
        "support": 1614
    },
    "weighted avg": {
        "precision": 0.6106361527628774,
        "recall": 0.5458488228004956,
        "f1-score": 0.554995218314559,
        "support": 1614
    }
}