{
    "DOWN": {
        "precision": 0.6741293532338308,
        "recall": 0.4847942754919499,
        "f1-score": 0.5639958376690947,
        "support": 559
    },
    "UP": {
        "precision": 0.30935251798561153,
        "recall": 0.49615384615384617,
        "f1-score": 0.38109305760709006,
        "support": 260
    },
    "accuracy": 0.4884004884004884,
    "macro avg": {
        "precision": 0.4917409356097212,
        "recall": 0.490474060822898,
        "f1-score": 0.47254444763809234,
        "support": 819
    },
    "weighted avg": {
        "precision": 0.5583271833137613,
        "recall": 0.4884004884004884,
        "f1-score": 0.505931463046236,
        "support": 819
    }
}