{
    "R2": 0.7442262308475477,
    "RMSE": 9.83349731067381,
    "MSE": 96.69766935902904,
    "MAPE": 0.04834372944245578,
    "ACMAPE": 1.0538890159489251
}