{
    "R2": 0.9808058270316592,
    "RMSE": 44.48523118809223,
    "MSE": 1978.9357938580138,
    "MAPE": 0.04729117695038013,
    "ACMAPE": 1.0352874835062433
}