{
    "DOWN": {
        "precision": 0.6699507389162561,
        "recall": 0.6071428571428571,
        "f1-score": 0.6370023419203746,
        "support": 224
    },
    "UP": {
        "precision": 0.37142857142857144,
        "recall": 0.4369747899159664,
        "f1-score": 0.4015444015444015,
        "support": 119
    },
    "accuracy": 0.5481049562682215,
    "macro avg": {
        "precision": 0.5206896551724138,
        "recall": 0.5220588235294117,
        "f1-score": 0.5192733717323881,
        "support": 343
    },
    "weighted avg": {
        "precision": 0.5663818236654268,
        "recall": 0.5481049562682215,
        "f1-score": 0.5553128524021799,
        "support": 343
    }
}