{
    "DOWN": {
        "precision": 0.8823016564952049,
        "recall": 0.24993825635959496,
        "f1-score": 0.3895304080061586,
        "support": 4049
    },
    "UP": {
        "precision": 0.02032258064516129,
        "recall": 0.3181818181818182,
        "f1-score": 0.038204972710733774,
        "support": 198
    },
    "accuracy": 0.25311984930539205,
    "macro avg": {
        "precision": 0.45131211857018305,
        "recall": 0.28406003727070656,
        "f1-score": 0.2138676903584462,
        "support": 4247
    },
    "weighted avg": {
        "precision": 0.8421152055843717,
        "recall": 0.25311984930539205,
        "f1-score": 0.37315121417792835,
        "support": 4247
    }
}