{
    "DOWN": {
        "precision": 0.8241701244813278,
        "recall": 0.470954356846473,
        "f1-score": 0.5993964541682384,
        "support": 3374
    },
    "UP": {
        "precision": 0.22526041666666666,
        "recall": 0.6048951048951049,
        "f1-score": 0.3282732447817837,
        "support": 858
    },
    "accuracy": 0.498109640831758,
    "macro avg": {
        "precision": 0.5247152705739973,
        "recall": 0.537924730870789,
        "f1-score": 0.4638348494750111,
        "support": 4232
    },
    "weighted avg": {
        "precision": 0.7027465589555766,
        "recall": 0.498109640831758,
        "f1-score": 0.5444286579362965,
        "support": 4232
    }
}