{
    "DOWN": {
        "precision": 0.5838926174496645,
        "recall": 0.37339055793991416,
        "f1-score": 0.45549738219895286,
        "support": 233
    },
    "UP": {
        "precision": 0.45318352059925093,
        "recall": 0.6612021857923497,
        "f1-score": 0.5377777777777777,
        "support": 183
    },
    "accuracy": 0.5,
    "macro avg": {
        "precision": 0.5185380690244576,
        "recall": 0.5172963718661319,
        "f1-score": 0.4966375799883653,
        "support": 416
    },
    "weighted avg": {
        "precision": 0.526393183017872,
        "recall": 0.5,
        "f1-score": 0.49169284467713786,
        "support": 416
    }
}