{
    "DOWN": {
        "precision": 0.6540385989992852,
        "recall": 0.4595680562531391,
        "f1-score": 0.5398230088495576,
        "support": 1991
    },
    "UP": {
        "precision": 0.3740546829552065,
        "recall": 0.5705412599822538,
        "f1-score": 0.45186226282501757,
        "support": 1127
    },
    "accuracy": 0.4996792815907633,
    "macro avg": {
        "precision": 0.5140466409772458,
        "recall": 0.5150546581176965,
        "f1-score": 0.4958426358372876,
        "support": 3118
    },
    "weighted avg": {
        "precision": 0.5528385113207487,
        "recall": 0.4996792815907633,
        "f1-score": 0.5080296282306812,
        "support": 3118
    }
}