{
    "DOWN": {
        "precision": 0.654140127388535,
        "recall": 0.5189489641232946,
        "f1-score": 0.5787545787545787,
        "support": 1979
    },
    "UP": {
        "precision": 0.3789954337899543,
        "recall": 0.5169039145907474,
        "f1-score": 0.43733534060971024,
        "support": 1124
    },
    "accuracy": 0.5182081856268128,
    "macro avg": {
        "precision": 0.5165677805892447,
        "recall": 0.517926439357021,
        "f1-score": 0.5080449596821445,
        "support": 3103
    },
    "weighted avg": {
        "precision": 0.5544744375384529,
        "recall": 0.5182081856268128,
        "f1-score": 0.5275282739931118,
        "support": 3103
    }
}