{
    "DOWN": {
        "precision": 0.6542239685658153,
        "recall": 0.5027679919476598,
        "f1-score": 0.5685828116107,
        "support": 1987
    },
    "UP": {
        "precision": 0.3770491803278688,
        "recall": 0.5310834813499112,
        "f1-score": 0.4410029498525074,
        "support": 1126
    },
    "accuracy": 0.5130099582396402,
    "macro avg": {
        "precision": 0.5156365744468421,
        "recall": 0.5169257366487855,
        "f1-score": 0.5047928807316037,
        "support": 3113
    },
    "weighted avg": {
        "precision": 0.553967363504483,
        "recall": 0.5130099582396402,
        "f1-score": 0.5224360321890087,
        "support": 3113
    }
}