{
    "R2": 0.5329388378139428,
    "RMSE": 22.532467193628207,
    "MSE": 507.7120778319314,
    "MAPE": 0.02473886322139079,
    "ACMAPE": 0.6926633915232776
}