{
    "R2": 0.9791368155461028,
    "RMSE": 169.36054975970336,
    "MSE": 28682.995814908954,
    "MAPE": 0.022686712960564896,
    "ACMAPE": 1.1295294500554027
}