{
    "DOWN": {
        "precision": 0.5934291581108829,
        "recall": 0.6768149882903981,
        "f1-score": 0.6323851203501093,
        "support": 427
    },
    "UP": {
        "precision": 0.3893805309734513,
        "recall": 0.3076923076923077,
        "f1-score": 0.34375,
        "support": 286
    },
    "accuracy": 0.5287517531556802,
    "macro avg": {
        "precision": 0.49140484454216715,
        "recall": 0.4922536479913529,
        "f1-score": 0.48806756017505465,
        "support": 713
    },
    "weighted avg": {
        "precision": 0.5115807606896972,
        "recall": 0.5287517531556802,
        "f1-score": 0.5166072179375829,
        "support": 713
    }
}