{
    "R2": -1.4031310624010391,
    "RMSE": 22.90514323255958,
    "MSE": 524.64558650407,
    "MAPE": 0.048883521469447494,
    "ACMAPE": 1.215550188136114
}