{
    "DOWN": {
        "precision": 0.6072423398328691,
        "recall": 0.4351297405189621,
        "f1-score": 0.5069767441860465,
        "support": 501
    },
    "UP": {
        "precision": 0.38074398249452956,
        "recall": 0.5523809523809524,
        "f1-score": 0.4507772020725389,
        "support": 315
    },
    "accuracy": 0.4803921568627451,
    "macro avg": {
        "precision": 0.49399316116369935,
        "recall": 0.4937553464499572,
        "f1-score": 0.4788769731292927,
        "support": 816
    },
    "weighted avg": {
        "precision": 0.5198073121838777,
        "recall": 0.4803921568627451,
        "f1-score": 0.4852820680025234,
        "support": 816
    }
}