{
    "DOWN": {
        "precision": 0.6079734219269103,
        "recall": 0.3652694610778443,
        "f1-score": 0.456359102244389,
        "support": 501
    },
    "UP": {
        "precision": 0.3825242718446602,
        "recall": 0.6253968253968254,
        "f1-score": 0.4746987951807229,
        "support": 315
    },
    "accuracy": 0.46568627450980393,
    "macro avg": {
        "precision": 0.49524884688578524,
        "recall": 0.49533314323733485,
        "f1-score": 0.46552894871255596,
        "support": 816
    },
    "weighted avg": {
        "precision": 0.5209434191378064,
        "recall": 0.46568627450980393,
        "f1-score": 0.4634387631205473,
        "support": 816
    }
}