{
    "R2": 0.9776519824705426,
    "RMSE": 25.405622154414264,
    "MSE": 645.4456370528649,
    "MAPE": 0.021809950614279018,
    "ACMAPE": 0.9703248020994275
}