{
    "R2": 0.9509265968744651,
    "RMSE": 37.64726415063564,
    "MSE": 1417.3164980277359,
    "MAPE": 0.0341247308531828,
    "ACMAPE": 0.9390752259026877
}