{
    "R2": 0.9906179202148645,
    "RMSE": 31.615963931612217,
    "MSE": 999.5691753250046,
    "MAPE": 0.024127101381774717,
    "ACMAPE": 1.0547557956321778
}