{
    "DOWN": {
        "precision": 0.7890625,
        "recall": 0.5372340425531915,
        "f1-score": 0.639240506329114,
        "support": 188
    },
    "UP": {
        "precision": 0.4,
        "recall": 0.6823529411764706,
        "f1-score": 0.5043478260869565,
        "support": 85
    },
    "accuracy": 0.5824175824175825,
    "macro avg": {
        "precision": 0.59453125,
        "recall": 0.6097934918648311,
        "f1-score": 0.5717941662080352,
        "support": 273
    },
    "weighted avg": {
        "precision": 0.6679258241758241,
        "recall": 0.5824175824175825,
        "f1-score": 0.5972409538727647,
        "support": 273
    }
}