{
    "R2": 0.8365524909930764,
    "RMSE": 36.520700292975,
    "MSE": 1333.7615498893044,
    "MAPE": 0.02852507543019194,
    "ACMAPE": 0.9112230226442682
}