{
    "R2": 0.8297837215760007,
    "RMSE": 24.40460219004943,
    "MSE": 595.5846080545655,
    "MAPE": 0.12759404502553826,
    "ACMAPE": 1.1259520089007433
}