{
    "R2": 0.9758928576571287,
    "RMSE": 38.23634066198473,
    "MSE": 1462.0177472193466,
    "MAPE": 0.02589238390415998,
    "ACMAPE": 1.071369156520297
}