{
    "DOWN": {
        "precision": 0.5206349206349207,
        "recall": 0.592057761732852,
        "f1-score": 0.5540540540540542,
        "support": 277
    },
    "UP": {
        "precision": 0.4321608040201005,
        "recall": 0.3628691983122363,
        "f1-score": 0.39449541284403666,
        "support": 237
    },
    "accuracy": 0.48638132295719844,
    "macro avg": {
        "precision": 0.4763978623275106,
        "recall": 0.47746348002254413,
        "f1-score": 0.4742747334490454,
        "support": 514
    },
    "weighted avg": {
        "precision": 0.4798404349584375,
        "recall": 0.48638132295719844,
        "f1-score": 0.48048324088912386,
        "support": 514
    }
}