{
    "DOWN": {
        "precision": 0.7136337706788363,
        "recall": 0.462819089900111,
        "f1-score": 0.5614901256732495,
        "support": 2703
    },
    "UP": {
        "precision": 0.2621951219512195,
        "recall": 0.5068762278978389,
        "f1-score": 0.34561286001339586,
        "support": 1018
    },
    "accuracy": 0.4748723461435098,
    "macro avg": {
        "precision": 0.4879144463150279,
        "recall": 0.48484765889897496,
        "f1-score": 0.4535514928433227,
        "support": 3721
    },
    "weighted avg": {
        "precision": 0.5901281151011114,
        "recall": 0.4748723461435098,
        "f1-score": 0.5024299116335476,
        "support": 3721
    }
}