{
    "R2": 0.9833761662637082,
    "RMSE": 13.312056699573628,
    "MSE": 177.21085357266313,
    "MAPE": 0.032057842104525426,
    "ACMAPE": 0.7880652358198674
}