{
    "R2": 0.7866726861705576,
    "RMSE": 21.084972468620016,
    "MSE": 444.576064002464,
    "MAPE": 0.06738525577711799,
    "ACMAPE": 1.0788998704803952
}