{
    "DOWN": {
        "precision": 0.6389776357827476,
        "recall": 0.4759071980963712,
        "f1-score": 0.5455165359699966,
        "support": 1681
    },
    "UP": {
        "precision": 0.36297903109182933,
        "recall": 0.5262054507337526,
        "f1-score": 0.42961061189559263,
        "support": 954
    },
    "accuracy": 0.49411764705882355,
    "macro avg": {
        "precision": 0.5009783334372885,
        "recall": 0.5010563244150619,
        "f1-score": 0.4875635739327946,
        "support": 2635
    },
    "weighted avg": {
        "precision": 0.5390525242551817,
        "recall": 0.49411764705882355,
        "f1-score": 0.5035528731362277,
        "support": 2635
    }
}