{
    "R2": 0.8867399162429799,
    "RMSE": 10.93823013334502,
    "MSE": 119.644878450017,
    "MAPE": 0.026935057111209536,
    "ACMAPE": 0.8818968891722784
}