{
    "DOWN": {
        "precision": 0.7834179357021996,
        "recall": 0.3206371191135734,
        "f1-score": 0.45503685503685504,
        "support": 1444
    },
    "UP": {
        "precision": 0.19325657894736842,
        "recall": 0.6473829201101928,
        "f1-score": 0.2976567447751742,
        "support": 363
    },
    "accuracy": 0.38627559490868846,
    "macro avg": {
        "precision": 0.48833725732478406,
        "recall": 0.4840100196118831,
        "f1-score": 0.3763467999060146,
        "support": 1807
    },
    "weighted avg": {
        "precision": 0.6648631086396629,
        "recall": 0.38627559490868846,
        "f1-score": 0.4234214814757094,
        "support": 1807
    }
}