{
    "DOWN": {
        "precision": 0.7991137370753324,
        "recall": 0.3728463128876637,
        "f1-score": 0.5084586466165413,
        "support": 1451
    },
    "UP": {
        "precision": 0.2052401746724891,
        "recall": 0.633423180592992,
        "f1-score": 0.3100263852242744,
        "support": 371
    },
    "accuracy": 0.42590559824368823,
    "macro avg": {
        "precision": 0.5021769558739108,
        "recall": 0.5031347467403278,
        "f1-score": 0.40924251592040783,
        "support": 1822
    },
    "weighted avg": {
        "precision": 0.6781877811744241,
        "recall": 0.42590559824368823,
        "f1-score": 0.4680533947084562,
        "support": 1822
    }
}