{
    "DOWN": {
        "precision": 0.7514018691588785,
        "recall": 0.4140061791967044,
        "f1-score": 0.5338645418326693,
        "support": 971
    },
    "UP": {
        "precision": 0.28247162673392184,
        "recall": 0.6274509803921569,
        "f1-score": 0.3895652173913044,
        "support": 357
    },
    "accuracy": 0.4713855421686747,
    "macro avg": {
        "precision": 0.5169367479464002,
        "recall": 0.5207285797944307,
        "f1-score": 0.4617148796119869,
        "support": 1328
    },
    "weighted avg": {
        "precision": 0.6253415554949406,
        "recall": 0.4713855421686747,
        "f1-score": 0.49507323247606744,
        "support": 1328
    }
}