{
    "DOWN": {
        "precision": 0.5758928571428571,
        "recall": 0.6386138613861386,
        "f1-score": 0.6056338028169014,
        "support": 202
    },
    "UP": {
        "precision": 0.33636363636363636,
        "recall": 0.2803030303030303,
        "f1-score": 0.30578512396694213,
        "support": 132
    },
    "accuracy": 0.49700598802395207,
    "macro avg": {
        "precision": 0.4561282467532467,
        "recall": 0.45945844584458445,
        "f1-score": 0.45570946339192175,
        "support": 334
    },
    "weighted avg": {
        "precision": 0.4812286142001711,
        "recall": 0.49700598802395207,
        "f1-score": 0.487130732133684,
        "support": 334
    }
}