{
    "DOWN": {
        "precision": 0.6117216117216118,
        "recall": 0.8267326732673267,
        "f1-score": 0.7031578947368422,
        "support": 202
    },
    "UP": {
        "precision": 0.4262295081967213,
        "recall": 0.19696969696969696,
        "f1-score": 0.2694300518134715,
        "support": 132
    },
    "accuracy": 0.5778443113772455,
    "macro avg": {
        "precision": 0.5189755599591666,
        "recall": 0.5118511851185118,
        "f1-score": 0.4862939732751569,
        "support": 334
    },
    "weighted avg": {
        "precision": 0.5384133552387209,
        "recall": 0.5778443113772455,
        "f1-score": 0.5317444957371867,
        "support": 334
    }
}