{
    "R2": -0.31661540311628045,
    "RMSE": 18.920837782971347,
    "MSE": 357.99810240951604,
    "MAPE": 0.02106375803339775,
    "ACMAPE": 0.9724151093847492
}