{
    "DOWN": {
        "precision": 0.7358490566037735,
        "recall": 0.624,
        "f1-score": 0.6753246753246753,
        "support": 125
    },
    "UP": {
        "precision": 0.4050632911392405,
        "recall": 0.5333333333333333,
        "f1-score": 0.46043165467625896,
        "support": 60
    },
    "accuracy": 0.5945945945945946,
    "macro avg": {
        "precision": 0.570456173871507,
        "recall": 0.5786666666666667,
        "f1-score": 0.5678781650004672,
        "support": 185
    },
    "weighted avg": {
        "precision": 0.6285671867233844,
        "recall": 0.5945945945945946,
        "f1-score": 0.6056296416008646,
        "support": 185
    }
}