{
    "DOWN": {
        "precision": 0.7043650793650794,
        "recall": 0.49719887955182074,
        "f1-score": 0.5829228243021346,
        "support": 714
    },
    "UP": {
        "precision": 0.3623445825932504,
        "recall": 0.5779036827195467,
        "f1-score": 0.44541484716157204,
        "support": 353
    },
    "accuracy": 0.5238987816307404,
    "macro avg": {
        "precision": 0.5333548309791649,
        "recall": 0.5375512811356837,
        "f1-score": 0.5141688357318533,
        "support": 1067
    },
    "weighted avg": {
        "precision": 0.5912130312296946,
        "recall": 0.5238987816307404,
        "f1-score": 0.5374304944702522,
        "support": 1067
    }
}