{
    "R2": 0.9549491732643581,
    "RMSE": 17.12106386178472,
    "MSE": 293.1308277593107,
    "MAPE": 0.05276664811554227,
    "ACMAPE": 0.9487366574876135
}