{
    "DOWN": {
        "precision": 0.6776429809358753,
        "recall": 0.617693522906793,
        "f1-score": 0.6462809917355372,
        "support": 633
    },
    "UP": {
        "precision": 0.39650872817955113,
        "recall": 0.4608695652173913,
        "f1-score": 0.42627345844504017,
        "support": 345
    },
    "accuracy": 0.5623721881390593,
    "macro avg": {
        "precision": 0.5370758545577132,
        "recall": 0.5392815440620922,
        "f1-score": 0.5362772250902887,
        "support": 978
    },
    "weighted avg": {
        "precision": 0.5784698549635524,
        "recall": 0.5623721881390593,
        "f1-score": 0.5686709723232453,
        "support": 978
    }
}