{
    "R2": 0.9255351152880853,
    "RMSE": 95.73030168299026,
    "MSE": 9164.290660316328,
    "MAPE": 0.03789815891034691,
    "ACMAPE": 0.8979537659539056
}