{
    "R2": 0.22425980597123907,
    "RMSE": 37.46337125157225,
    "MSE": 1403.5041855331299,
    "MAPE": 0.034555882959155744,
    "ACMAPE": 0.9145558829591557
}