{
    "DOWN": {
        "precision": 0.6157894736842106,
        "recall": 0.6464088397790055,
        "f1-score": 0.6307277628032345,
        "support": 181
    },
    "UP": {
        "precision": 0.3786407766990291,
        "recall": 0.3482142857142857,
        "f1-score": 0.3627906976744186,
        "support": 112
    },
    "accuracy": 0.5324232081911263,
    "macro avg": {
        "precision": 0.4972151251916198,
        "recall": 0.4973115627466456,
        "f1-score": 0.49675923023882657,
        "support": 293
    },
    "weighted avg": {
        "precision": 0.5251387772257112,
        "recall": 0.5324232081911263,
        "f1-score": 0.5283081338120148,
        "support": 293
    }
}