{
    "DOWN": {
        "precision": 0.8886373924852875,
        "recall": 0.5592592592592592,
        "f1-score": 0.6864836509879348,
        "support": 3510
    },
    "UP": {
        "precision": 0.19594594594594594,
        "recall": 0.6051364365971108,
        "f1-score": 0.29603455045151156,
        "support": 623
    },
    "accuracy": 0.5661746915073796,
    "macro avg": {
        "precision": 0.5422916692156168,
        "recall": 0.5821978479281851,
        "f1-score": 0.49125910071972323,
        "support": 4133
    },
    "weighted avg": {
        "precision": 0.7842224950272643,
        "recall": 0.5661746915073796,
        "f1-score": 0.6276281490198266,
        "support": 4133
    }
}