{
    "R2": 0.9408229901953543,
    "RMSE": 21.49775845319337,
    "MSE": 462.15361851184707,
    "MAPE": 0.19638303687018183,
    "ACMAPE": 0.8740214903707042
}