{
    "R2": 0.0,
    "RMSE": 1.1282982599653735,
    "MSE": 1.2730569634408895,
    "MAPE": 0.022565924801615,
    "ACMAPE": 2.022565924801615
}