{
    "DOWN": {
        "precision": 0.7021276595744681,
        "recall": 0.32673267326732675,
        "f1-score": 0.44594594594594594,
        "support": 101
    },
    "UP": {
        "precision": 0.3761467889908257,
        "recall": 0.7454545454545455,
        "f1-score": 0.5,
        "support": 55
    },
    "accuracy": 0.47435897435897434,
    "macro avg": {
        "precision": 0.5391372242826469,
        "recall": 0.5360936093609361,
        "f1-score": 0.47297297297297297,
        "support": 156
    },
    "weighted avg": {
        "precision": 0.5871985064840813,
        "recall": 0.47435897435897434,
        "f1-score": 0.46500346500346507,
        "support": 156
    }
}