{
    "R2": 0.0,
    "RMSE": 5.165363693687574,
    "MSE": 26.68098208806574,
    "MAPE": 0.10327221214243551,
    "ACMAPE": 0.10327221214243551
}