{
    "R2": 0.7476464908230889,
    "RMSE": 33.552627849040896,
    "MSE": 1125.7788355762348,
    "MAPE": 0.2556275901969899,
    "ACMAPE": 1.2111070422517844
}