{
    "DOWN": {
        "precision": 0.7908496732026143,
        "recall": 0.3793103448275862,
        "f1-score": 0.5127118644067796,
        "support": 319
    },
    "UP": {
        "precision": 0.2413793103448276,
        "recall": 0.6631578947368421,
        "f1-score": 0.3539325842696629,
        "support": 95
    },
    "accuracy": 0.4444444444444444,
    "macro avg": {
        "precision": 0.5161144917737209,
        "recall": 0.5212341197822141,
        "f1-score": 0.43332222433822126,
        "support": 414
    },
    "weighted avg": {
        "precision": 0.6647634788270352,
        "recall": 0.4444444444444444,
        "f1-score": 0.4762770054381176,
        "support": 414
    }
}