{
    "DOWN": {
        "precision": 0.6724137931034483,
        "recall": 0.5032258064516129,
        "f1-score": 0.5756457564575646,
        "support": 155
    },
    "UP": {
        "precision": 0.42105263157894735,
        "recall": 0.5957446808510638,
        "f1-score": 0.49339207048458145,
        "support": 94
    },
    "accuracy": 0.5381526104417671,
    "macro avg": {
        "precision": 0.5467332123411979,
        "recall": 0.5494852436513383,
        "f1-score": 0.534518913471073,
        "support": 249
    },
    "weighted avg": {
        "precision": 0.5775224309215082,
        "recall": 0.5381526104417671,
        "f1-score": 0.5445941641625429,
        "support": 249
    }
}