{
    "R2": -2.7355992801859097,
    "RMSE": 327.83112986223,
    "MSE": 107473.24970674631,
    "MAPE": 1.209791295236183,
    "ACMAPE": 2.4361287437958534
}