{
    "DOWN": {
        "precision": 0.6699346405228758,
        "recall": 0.4261954261954262,
        "f1-score": 0.5209656925031766,
        "support": 481
    },
    "UP": {
        "precision": 0.3825503355704698,
        "recall": 0.6286764705882353,
        "f1-score": 0.4756606397774687,
        "support": 272
    },
    "accuracy": 0.49933598937583,
    "macro avg": {
        "precision": 0.5262424880466727,
        "recall": 0.5274359483918307,
        "f1-score": 0.4983131661403226,
        "support": 753
    },
    "weighted avg": {
        "precision": 0.5661251704736667,
        "recall": 0.49933598937583,
        "f1-score": 0.504600520735059,
        "support": 753
    }
}