{
    "R2": 0.7697287804144539,
    "RMSE": 90.10380286317297,
    "MSE": 8118.695290405538,
    "MAPE": 0.06708941671233384,
    "ACMAPE": 0.8814606741973637
}