{
    "DOWN": {
        "precision": 0.6699029126213593,
        "recall": 0.6160714285714286,
        "f1-score": 0.6418604651162791,
        "support": 112
    },
    "UP": {
        "precision": 0.328125,
        "recall": 0.38181818181818183,
        "f1-score": 0.35294117647058826,
        "support": 55
    },
    "accuracy": 0.5389221556886228,
    "macro avg": {
        "precision": 0.49901395631067963,
        "recall": 0.4989448051948052,
        "f1-score": 0.49740082079343373,
        "support": 167
    },
    "weighted avg": {
        "precision": 0.5573413246322888,
        "recall": 0.5389221556886228,
        "f1-score": 0.5467074059814707,
        "support": 167
    }
}