{
    "DOWN": {
        "precision": 0.8018867924528302,
        "recall": 0.6219512195121951,
        "f1-score": 0.7005494505494506,
        "support": 410
    },
    "UP": {
        "precision": 0.4745762711864407,
        "recall": 0.6896551724137931,
        "f1-score": 0.5622489959839357,
        "support": 203
    },
    "accuracy": 0.6443719412724307,
    "macro avg": {
        "precision": 0.6382315318196354,
        "recall": 0.6558031959629942,
        "f1-score": 0.6313992232666932,
        "support": 613
    },
    "weighted avg": {
        "precision": 0.6934952168947925,
        "recall": 0.6443719412724307,
        "f1-score": 0.6547501156770207,
        "support": 613
    }
}