{
    "R2": 0.8445217645413656,
    "RMSE": 50.34846721295298,
    "MSE": 2534.9681506938014,
    "MAPE": 0.09996033666108231,
    "ACMAPE": 1.106411949564308
}