{
    "DOWN": {
        "precision": 0.664375,
        "recall": 0.33961661341853033,
        "f1-score": 0.44947145877378436,
        "support": 3130
    },
    "UP": {
        "precision": 0.24230205278592376,
        "recall": 0.5517529215358932,
        "f1-score": 0.336729495669893,
        "support": 1198
    },
    "accuracy": 0.39833641404805914,
    "macro avg": {
        "precision": 0.4533385263929619,
        "recall": 0.44568476747721175,
        "f1-score": 0.3931004772218387,
        "support": 4328
    },
    "weighted avg": {
        "precision": 0.5475442720049761,
        "recall": 0.39833641404805914,
        "f1-score": 0.4182642333120326,
        "support": 4328
    }
}