{
    "DOWN": {
        "precision": 0.6327433628318584,
        "recall": 0.4294294294294294,
        "f1-score": 0.5116279069767442,
        "support": 666
    },
    "UP": {
        "precision": 0.39968404423380727,
        "recall": 0.60381861575179,
        "f1-score": 0.48098859315589354,
        "support": 419
    },
    "accuracy": 0.4967741935483871,
    "macro avg": {
        "precision": 0.5162137035328328,
        "recall": 0.5166240225906097,
        "f1-score": 0.49630825006631885,
        "support": 1085
    },
    "weighted avg": {
        "precision": 0.5427416536221041,
        "recall": 0.4967741935483871,
        "f1-score": 0.4997957664321023,
        "support": 1085
    }
}