{
    "R2": 0.7812377895673375,
    "RMSE": 59.7224483506883,
    "MSE": 3566.7708370006317,
    "MAPE": 0.10997294875002908,
    "ACMAPE": 1.0832448381509507
}