{
    "DOWN": {
        "precision": 0.6526548672566371,
        "recall": 0.44294294294294295,
        "f1-score": 0.5277280858676208,
        "support": 666
    },
    "UP": {
        "precision": 0.41390205371248023,
        "recall": 0.6252983293556086,
        "f1-score": 0.4980988593155892,
        "support": 419
    },
    "accuracy": 0.5133640552995392,
    "macro avg": {
        "precision": 0.5332784604845586,
        "recall": 0.5341206361492757,
        "f1-score": 0.512913472591605,
        "support": 1085
    },
    "weighted avg": {
        "precision": 0.5604544719801379,
        "recall": 0.5133640552995392,
        "f1-score": 0.5162860158903846,
        "support": 1085
    }
}