{
    "DOWN": {
        "precision": 0.6666666666666666,
        "recall": 0.4460694698354662,
        "f1-score": 0.5345016429353778,
        "support": 547
    },
    "UP": {
        "precision": 0.32062780269058294,
        "recall": 0.539622641509434,
        "f1-score": 0.40225035161744016,
        "support": 265
    },
    "accuracy": 0.4766009852216749,
    "macro avg": {
        "precision": 0.4936472346786248,
        "recall": 0.4928460556724501,
        "f1-score": 0.468375997276409,
        "support": 812
    },
    "weighted avg": {
        "precision": 0.5537352640143733,
        "recall": 0.4766009852216749,
        "f1-score": 0.49134081510378486,
        "support": 812
    }
}