{
    "DOWN": {
        "precision": 0.7542372881355932,
        "recall": 0.6402877697841727,
        "f1-score": 0.6926070038910506,
        "support": 139
    },
    "UP": {
        "precision": 0.5535714285714286,
        "recall": 0.6813186813186813,
        "f1-score": 0.6108374384236454,
        "support": 91
    },
    "accuracy": 0.6565217391304348,
    "macro avg": {
        "precision": 0.6539043583535109,
        "recall": 0.660803225551427,
        "f1-score": 0.6517222211573479,
        "support": 230
    },
    "weighted avg": {
        "precision": 0.6748434045689019,
        "recall": 0.6565217391304348,
        "f1-score": 0.6602546975539467,
        "support": 230
    }
}