{
    "R2": 0.9146977081658528,
    "RMSE": 18.063386975382684,
    "MSE": 326.28594902242486,
    "MAPE": 0.021767530849647575,
    "ACMAPE": 0.708724052588778
}