{
    "DOWN": {
        "precision": 0.6506550218340611,
        "recall": 0.5,
        "f1-score": 0.5654648956356736,
        "support": 298
    },
    "UP": {
        "precision": 0.41796875,
        "recall": 0.5721925133689839,
        "f1-score": 0.48306997742663654,
        "support": 187
    },
    "accuracy": 0.5278350515463918,
    "macro avg": {
        "precision": 0.5343118859170306,
        "recall": 0.536096256684492,
        "f1-score": 0.524267436531155,
        "support": 485
    },
    "weighted avg": {
        "precision": 0.5609388716629901,
        "recall": 0.5278350515463918,
        "f1-score": 0.5336961333571377,
        "support": 485
    }
}