{
    "R2": 0.9907058862152199,
    "RMSE": 1258.3209250734535,
    "MSE": 1583371.5504777117,
    "MAPE": 0.02242775003738591,
    "ACMAPE": 1.1457154212702627
}