{
    "DOWN": {
        "precision": 0.6955177743431221,
        "recall": 0.6607929515418502,
        "f1-score": 0.6777108433734941,
        "support": 681
    },
    "UP": {
        "precision": 0.39528795811518325,
        "recall": 0.4339080459770115,
        "f1-score": 0.4136986301369863,
        "support": 348
    },
    "accuracy": 0.5840621963070942,
    "macro avg": {
        "precision": 0.5454028662291527,
        "recall": 0.5473504987594309,
        "f1-score": 0.5457047367552402,
        "support": 1029
    },
    "weighted avg": {
        "precision": 0.5939823262893584,
        "recall": 0.5840621963070942,
        "f1-score": 0.5884239141156663,
        "support": 1029
    }
}