{
    "R2": 0.9409671804695696,
    "RMSE": 67.18752558052327,
    "MSE": 4514.16359363347,
    "MAPE": 0.019782103290775763,
    "ACMAPE": 0.7097723851177923
}