{
    "DOWN": {
        "precision": 0.7241379310344828,
        "recall": 0.6231454005934718,
        "f1-score": 0.6698564593301436,
        "support": 337
    },
    "UP": {
        "precision": 0.38349514563106796,
        "recall": 0.4968553459119497,
        "f1-score": 0.4328767123287671,
        "support": 159
    },
    "accuracy": 0.5826612903225806,
    "macro avg": {
        "precision": 0.5538165383327753,
        "recall": 0.5600003732527108,
        "f1-score": 0.5513665858294554,
        "support": 496
    },
    "weighted avg": {
        "precision": 0.6149399413587914,
        "recall": 0.5826612903225806,
        "f1-score": 0.5938891614002668,
        "support": 496
    }
}