{
    "R2": 0.5567690999392403,
    "RMSE": 5.379476284163769,
    "MSE": 28.938765091880434,
    "MAPE": 0.03899235014346746,
    "ACMAPE": 0.8851461962973137
}