{
    "R2": 0.5358881887044346,
    "RMSE": 5.504733429801592,
    "MSE": 30.302090133175202,
    "MAPE": 0.043058542506223374,
    "ACMAPE": 0.8342673337150146
}