{
    "R2": 0.9301265459048602,
    "RMSE": 171.96973168476717,
    "MSE": 29573.588615730812,
    "MAPE": 0.09139815872207978,
    "ACMAPE": 0.8608701921773856
}