{
    "R2": 0.9843403454305688,
    "RMSE": 7.253559798627183,
    "MSE": 52.61412975226042,
    "MAPE": 0.029055974533515345,
    "ACMAPE": 1.0344524045874794
}