{
    "R2": 0.0,
    "RMSE": 46.71901677111662,
    "MSE": 2182.666528059876,
    "MAPE": 0.9343803354223326,
    "ACMAPE": 0.9343803354223326
}