{
    "R2": 0.468666676642562,
    "RMSE": 5.4148123976179985,
    "MSE": 29.320193301397573,
    "MAPE": 0.06338526873276808,
    "ACMAPE": 1.087775512635207
}