{
    "R2": 0.9835017594682911,
    "RMSE": 45.15961114462401,
    "MSE": 2039.3904787336492,
    "MAPE": 0.045400193620760476,
    "ACMAPE": 0.9330813530410502
}