{
    "DOWN": {
        "precision": 0.5904059040590406,
        "recall": 0.5015673981191222,
        "f1-score": 0.5423728813559322,
        "support": 319
    },
    "UP": {
        "precision": 0.43416370106761565,
        "recall": 0.5236051502145923,
        "f1-score": 0.47470817120622566,
        "support": 233
    },
    "accuracy": 0.5108695652173914,
    "macro avg": {
        "precision": 0.5122848025633281,
        "recall": 0.5125862741668572,
        "f1-score": 0.5085405262810789,
        "support": 552
    },
    "weighted avg": {
        "precision": 0.5244558437383847,
        "recall": 0.5108695652173914,
        "f1-score": 0.5138115091369437,
        "support": 552
    }
}