{
    "R2": 0.9861102804958408,
    "RMSE": 13.404348683943761,
    "MSE": 179.67656364074483,
    "MAPE": 0.04564448561518026,
    "ACMAPE": 0.847096720695734
}