{
    "R2": 0.4573659076486034,
    "RMSE": 34.10849682534092,
    "MSE": 1163.389555684292,
    "MAPE": 0.006356137678842452,
    "ACMAPE": 0.8320442110733378
}