{
    "R2": 0.8834873564144743,
    "RMSE": 51.972667144758326,
    "MSE": 2701.1581301398414,
    "MAPE": 0.033944040227281154,
    "ACMAPE": 1.1452546326868862
}