{
    "R2": 0.9870893058905942,
    "RMSE": 159.51673643449394,
    "MSE": 25445.589202711802,
    "MAPE": 0.07629395147412212,
    "ACMAPE": 1.0986493328984135
}