{
    "R2": 0.9594782604659339,
    "RMSE": 455.2396278087949,
    "MSE": 207243.1187274901,
    "MAPE": 0.04615333881962003,
    "ACMAPE": 0.5312923608713938
}