{
    "DOWN": {
        "precision": 0.6755555555555556,
        "recall": 0.300990099009901,
        "f1-score": 0.4164383561643836,
        "support": 505
    },
    "UP": {
        "precision": 0.3185328185328185,
        "recall": 0.6932773109243697,
        "f1-score": 0.43650793650793646,
        "support": 238
    },
    "accuracy": 0.4266487213997308,
    "macro avg": {
        "precision": 0.49704418704418707,
        "recall": 0.4971337049671354,
        "f1-score": 0.42647314633616007,
        "support": 743
    },
    "weighted avg": {
        "precision": 0.561192956078555,
        "recall": 0.4266487213997308,
        "f1-score": 0.42286710464589855,
        "support": 743
    }
}