{
    "DOWN": {
        "precision": 0.5277777777777778,
        "recall": 0.24152542372881355,
        "f1-score": 0.33139534883720934,
        "support": 236
    },
    "UP": {
        "precision": 0.21145374449339208,
        "recall": 0.48484848484848486,
        "f1-score": 0.294478527607362,
        "support": 99
    },
    "accuracy": 0.31343283582089554,
    "macro avg": {
        "precision": 0.3696157611355849,
        "recall": 0.3631869542886492,
        "f1-score": 0.31293693822228563,
        "support": 335
    },
    "weighted avg": {
        "precision": 0.43429694406089964,
        "recall": 0.31343283582089554,
        "f1-score": 0.3204856016677917,
        "support": 335
    }
}