{
    "R2": 0.8297830928060113,
    "RMSE": 62.92421174769311,
    "MSE": 3959.456424068519,
    "MAPE": 0.061542636425097094,
    "ACMAPE": 0.8668433499826913
}