{
    "R2": 0.13119340885153674,
    "RMSE": 6.338709045940068,
    "MSE": 40.179232369082456,
    "MAPE": 0.038526028546767385,
    "ACMAPE": 1.0143714391747867
}