{
    "DOWN": {
        "precision": 0.6444906444906445,
        "recall": 0.603112840466926,
        "f1-score": 0.6231155778894473,
        "support": 514
    },
    "UP": {
        "precision": 0.34824281150159747,
        "recall": 0.3892857142857143,
        "f1-score": 0.3676222596964587,
        "support": 280
    },
    "accuracy": 0.5277078085642317,
    "macro avg": {
        "precision": 0.496366727996121,
        "recall": 0.4961992773763202,
        "f1-score": 0.495368918792953,
        "support": 794
    },
    "weighted avg": {
        "precision": 0.5400203759302753,
        "recall": 0.5277078085642317,
        "f1-score": 0.5330171785266805,
        "support": 794
    }
}