{
    "R2": 0.997248041675753,
    "RMSE": 82.52605009578087,
    "MSE": 6810.5489444113355,
    "MAPE": 0.11508730504673303,
    "ACMAPE": 0.9778448327804891
}