{
    "R2": 0.9790555965495522,
    "RMSE": 278.3943771754986,
    "MSE": 77503.4292429338,
    "MAPE": 0.037138881753865434,
    "ACMAPE": 0.7298564661233148
}