{
    "R2": 0.7266694840727075,
    "RMSE": 39.118996934440894,
    "MSE": 1530.295921156796,
    "MAPE": 0.10122317592632832,
    "ACMAPE": 1.757889842592995
}