{
    "DOWN": {
        "precision": 0.6831683168316832,
        "recall": 0.46938775510204084,
        "f1-score": 0.5564516129032259,
        "support": 735
    },
    "UP": {
        "precision": 0.3229166666666667,
        "recall": 0.5375722543352601,
        "f1-score": 0.403470715835141,
        "support": 346
    },
    "accuracy": 0.49121184088806663,
    "macro avg": {
        "precision": 0.5030424917491749,
        "recall": 0.5034800047186505,
        "f1-score": 0.47996116436918346,
        "support": 1081
    },
    "weighted avg": {
        "precision": 0.5678611281572191,
        "recall": 0.49121184088806663,
        "f1-score": 0.507486404405948,
        "support": 1081
    }
}