{
    "DOWN": {
        "precision": 0.8816276202219482,
        "recall": 0.17121647509578544,
        "f1-score": 0.28674553839983963,
        "support": 4176
    },
    "UP": {
        "precision": 0.04760594386351128,
        "recall": 0.6431226765799256,
        "f1-score": 0.08864975659748911,
        "support": 269
    },
    "accuracy": 0.19977502812148482,
    "macro avg": {
        "precision": 0.4646167820427297,
        "recall": 0.4071695758378555,
        "f1-score": 0.18769764749866436,
        "support": 4445
    },
    "weighted avg": {
        "precision": 0.8311547673669606,
        "recall": 0.19977502812148482,
        "f1-score": 0.27475728973733515,
        "support": 4445
    }
}