{
    "R2": 0.8946678570730762,
    "RMSE": 24.6644877777183,
    "MSE": 608.3369573372154,
    "MAPE": 0.037832099057821665,
    "ACMAPE": 0.7584670196927424
}