{
    "R2": 0.9744913808102693,
    "RMSE": 9.735989783019365,
    "MSE": 94.78949705505745,
    "MAPE": 0.04177330670817136,
    "ACMAPE": 0.9516502604826975
}