{
    "DOWN": {
        "precision": 0.7385321100917431,
        "recall": 0.29981378026070765,
        "f1-score": 0.4264900662251656,
        "support": 537
    },
    "UP": {
        "precision": 0.2958801498127341,
        "recall": 0.7348837209302326,
        "f1-score": 0.4218958611481976,
        "support": 215
    },
    "accuracy": 0.4242021276595745,
    "macro avg": {
        "precision": 0.5172061299522386,
        "recall": 0.5173487505954701,
        "f1-score": 0.4241929636866816,
        "support": 752
    },
    "weighted avg": {
        "precision": 0.6119760310226117,
        "recall": 0.4242021276595745,
        "f1-score": 0.42517656344385163,
        "support": 752
    }
}