{
    "R2": 0.20328098140160167,
    "RMSE": 12.653023368376642,
    "MSE": 160.0990003606854,
    "MAPE": 0.06387020583731003,
    "ACMAPE": 0.9586070479425731
}