{
    "DOWN": {
        "precision": 0.8531232414181205,
        "recall": 0.4335144409493852,
        "f1-score": 0.5748957148274555,
        "support": 3497
    },
    "UP": {
        "precision": 0.19797570850202428,
        "recall": 0.652,
        "f1-score": 0.30372670807453417,
        "support": 750
    },
    "accuracy": 0.4720979514951731,
    "macro avg": {
        "precision": 0.5255494749600724,
        "recall": 0.5427572204746927,
        "f1-score": 0.43931121145099483,
        "support": 4247
    },
    "weighted avg": {
        "precision": 0.7374273031824076,
        "recall": 0.4720979514951731,
        "f1-score": 0.5270085579956469,
        "support": 4247
    }
}