{
    "R2": 0.8685395684359509,
    "RMSE": 492.56780560131244,
    "MSE": 242623.04311489232,
    "MAPE": 0.6688170262574887,
    "ACMAPE": 1.3710787985971256
}