{
    "DOWN": {
        "precision": 0.6129032258064516,
        "recall": 0.029548989113530325,
        "f1-score": 0.05637982195845698,
        "support": 643
    },
    "UP": {
        "precision": 0.03554868624420402,
        "recall": 0.6571428571428571,
        "f1-score": 0.06744868035190615,
        "support": 35
    },
    "accuracy": 0.061946902654867256,
    "macro avg": {
        "precision": 0.32422595602532783,
        "recall": 0.34334592312819373,
        "f1-score": 0.061914251155181566,
        "support": 678
    },
    "weighted avg": {
        "precision": 0.5830987879234447,
        "recall": 0.061946902654867256,
        "f1-score": 0.05695122320295656,
        "support": 678
    }
}