{
    "DOWN": {
        "precision": 0.7017543859649122,
        "recall": 0.7272727272727273,
        "f1-score": 0.7142857142857142,
        "support": 55
    },
    "UP": {
        "precision": 0.21052631578947367,
        "recall": 0.19047619047619047,
        "f1-score": 0.2,
        "support": 21
    },
    "accuracy": 0.5789473684210527,
    "macro avg": {
        "precision": 0.45614035087719296,
        "recall": 0.4588744588744589,
        "f1-score": 0.4571428571428571,
        "support": 76
    },
    "weighted avg": {
        "precision": 0.5660203139427515,
        "recall": 0.5789473684210527,
        "f1-score": 0.5721804511278195,
        "support": 76
    }
}