{
    "DOWN": {
        "precision": 0.7647058823529411,
        "recall": 0.47794117647058826,
        "f1-score": 0.588235294117647,
        "support": 136
    },
    "UP": {
        "precision": 0.2604166666666667,
        "recall": 0.5555555555555556,
        "f1-score": 0.35460992907801414,
        "support": 45
    },
    "accuracy": 0.4972375690607735,
    "macro avg": {
        "precision": 0.5125612745098039,
        "recall": 0.516748366013072,
        "f1-score": 0.47142261159783055,
        "support": 181
    },
    "weighted avg": {
        "precision": 0.6393301104972375,
        "recall": 0.4972375690607735,
        "f1-score": 0.5301516398260255,
        "support": 181
    }
}