{
    "R2": 0.9946444507238469,
    "RMSE": 116.3773402488719,
    "MSE": 13543.6853234017,
    "MAPE": 0.022188322239911067,
    "ACMAPE": 0.9745692746208634
}