{
    "R2": 0.9703757486831311,
    "RMSE": 8.693907370504776,
    "MSE": 75.58402536691727,
    "MAPE": 0.03858971816437105,
    "ACMAPE": 0.9783060302211086
}