{
    "R2": -2.4329075559607243,
    "RMSE": 4.186162278230527,
    "MSE": 17.523954619680197,
    "MAPE": 0.07584050629044549,
    "ACMAPE": 1.8980627285126677
}