{
    "R2": 0.0,
    "RMSE": 3.572835490909586,
    "MSE": 12.765153445103142,
    "MAPE": 0.0714272419941474,
    "ACMAPE": 0.0714272419941474
}