{
    "R2": 0.8198832461220871,
    "RMSE": 4.854935744261375,
    "MSE": 23.570401080906755,
    "MAPE": 0.0356917004607207,
    "ACMAPE": 1.120437463172585
}