{
    "R2": 0.9228259766299048,
    "RMSE": 11.720447500694544,
    "MSE": 137.36888961653696,
    "MAPE": 0.07377771844031994,
    "ACMAPE": 1.0463804581663472
}