{
    "R2": 0.9814077132471526,
    "RMSE": 60.21411927264664,
    "MSE": 3625.740159780516,
    "MAPE": 0.08298982754330361,
    "ACMAPE": 1.0052042634227711
}