{
    "R2": 0.23887336613735566,
    "RMSE": 8.945592366447931,
    "MSE": 80.0236227866515,
    "MAPE": 0.03650298570385704,
    "ACMAPE": 0.849002985703857
}