{
    "R2": 0.6896752743506049,
    "RMSE": 5.7120083640959685,
    "MSE": 32.62703955150231,
    "MAPE": 0.021336063118172245,
    "ACMAPE": 0.7588360631181723
}