{
    "R2": 0.96458265912208,
    "RMSE": 28.387407707001746,
    "MSE": 805.8449163235422,
    "MAPE": 0.11369950560844357,
    "ACMAPE": 1.1897255204099686
}