{
    "R2": 0.9858726099612178,
    "RMSE": 17.93147572142554,
    "MSE": 321.5378215480735,
    "MAPE": 0.07291214057915045,
    "ACMAPE": 1.125898220507305
}