{
    "R2": 0.7152159660872782,
    "RMSE": 10.031742207647277,
    "MSE": 100.63585172069185,
    "MAPE": 0.08647063244932346,
    "ACMAPE": 0.19746962336758794
}