{
    "R2": 0.8304411498739459,
    "RMSE": 20.07452273731329,
    "MSE": 402.9864631309083,
    "MAPE": 0.10548203986028426,
    "ACMAPE": 1.8792803433475604
}