{
    "R2": 0.9915838569216845,
    "RMSE": 20.044465002991608,
    "MSE": 401.7805772561553,
    "MAPE": 0.012751325828543337,
    "ACMAPE": 1.102440160483821
}