{
    "DOWN": {
        "precision": 0.7527272727272727,
        "recall": 0.6097201767304861,
        "f1-score": 0.6737184703010578,
        "support": 679
    },
    "UP": {
        "precision": 0.46028513238289204,
        "recall": 0.6243093922651933,
        "f1-score": 0.5298944900351699,
        "support": 362
    },
    "accuracy": 0.6147934678194045,
    "macro avg": {
        "precision": 0.6065062025550824,
        "recall": 0.6170147844978398,
        "f1-score": 0.6018064801681138,
        "support": 1041
    },
    "weighted avg": {
        "precision": 0.6510326955854228,
        "recall": 0.6147934678194045,
        "f1-score": 0.6237047518992792,
        "support": 1041
    }
}