{
    "R2": 0.9755593282197224,
    "RMSE": 26.16725090294918,
    "MSE": 684.7250198178948,
    "MAPE": 0.026531186957487768,
    "ACMAPE": 0.7631827706678951
}