{
    "R2": 0.9804604370564128,
    "RMSE": 164.36988495464607,
    "MSE": 27017.45908000358,
    "MAPE": 0.04056534035087062,
    "ACMAPE": 1.0141195397115215
}