{
    "DOWN": {
        "precision": 0.7614678899082569,
        "recall": 0.1204644412191582,
        "f1-score": 0.2080200501253133,
        "support": 689
    },
    "UP": {
        "precision": 0.37136929460580914,
        "recall": 0.9322916666666666,
        "f1-score": 0.5311572700296737,
        "support": 384
    },
    "accuracy": 0.4109972041006524,
    "macro avg": {
        "precision": 0.5664185922570331,
        "recall": 0.5263780539429124,
        "f1-score": 0.3695886600774935,
        "support": 1073
    },
    "weighted avg": {
        "precision": 0.6218613096695431,
        "recall": 0.4109972041006524,
        "f1-score": 0.3236628203427172,
        "support": 1073
    }
}