{
    "DOWN": {
        "precision": 0.6362586605080831,
        "recall": 0.6018569087930092,
        "f1-score": 0.6185798484423238,
        "support": 1831
    },
    "UP": {
        "precision": 0.38532883642495785,
        "recall": 0.4204231830726771,
        "f1-score": 0.4021117465904092,
        "support": 1087
    },
    "accuracy": 0.5342700479780672,
    "macro avg": {
        "precision": 0.5107937484665205,
        "recall": 0.5111400459328432,
        "f1-score": 0.5103457975163666,
        "support": 2918
    },
    "weighted avg": {
        "precision": 0.5427834313174192,
        "recall": 0.5342700479780672,
        "f1-score": 0.5379421422349794,
        "support": 2918
    }
}