{
    "DOWN": {
        "precision": 0.6491846628470692,
        "recall": 0.5077559462254395,
        "f1-score": 0.569825918762089,
        "support": 2901
    },
    "UP": {
        "precision": 0.3419354838709677,
        "recall": 0.48244473342002603,
        "f1-score": 0.4002157497303128,
        "support": 1538
    },
    "accuracy": 0.49898625816625364,
    "macro avg": {
        "precision": 0.49556007335901847,
        "recall": 0.49510033982273277,
        "f1-score": 0.4850208342462009,
        "support": 4439
    },
    "weighted avg": {
        "precision": 0.5427306783313576,
        "recall": 0.49898625816625364,
        "f1-score": 0.5110603319247671,
        "support": 4439
    }
}