{
    "DOWN": {
        "precision": 0.7575757575757576,
        "recall": 0.211864406779661,
        "f1-score": 0.3311258278145695,
        "support": 118
    },
    "UP": {
        "precision": 0.3716216216216216,
        "recall": 0.873015873015873,
        "f1-score": 0.5213270142180095,
        "support": 63
    },
    "accuracy": 0.4419889502762431,
    "macro avg": {
        "precision": 0.5645986895986896,
        "recall": 0.542440139897767,
        "f1-score": 0.4262264210162895,
        "support": 181
    },
    "weighted avg": {
        "precision": 0.6232381301442075,
        "recall": 0.4419889502762431,
        "f1-score": 0.39732845070637457,
        "support": 181
    }
}