{
    "R2": 0.7710496209693569,
    "RMSE": 21.412137187504452,
    "MSE": 458.47961893651114,
    "MAPE": 0.07238032046364262,
    "ACMAPE": 1.3897341076160874
}