{
    "R2": 0.9361868798762626,
    "RMSE": 38.68418904682922,
    "MSE": 1496.4664822108216,
    "MAPE": 0.039897539617145455,
    "ACMAPE": 0.8559175646484345
}