{
    "R2": 0.9104330324531688,
    "RMSE": 45.83027280388342,
    "MSE": 2100.4139052783758,
    "MAPE": 0.04882631485535502,
    "ACMAPE": 0.8298025351306991
}