{
    "DOWN": {
        "precision": 0.7468085106382979,
        "recall": 0.49506346967559944,
        "f1-score": 0.5954198473282443,
        "support": 709
    },
    "UP": {
        "precision": 0.30078125,
        "recall": 0.5641025641025641,
        "f1-score": 0.3923566878980892,
        "support": 273
    },
    "accuracy": 0.5142566191446029,
    "macro avg": {
        "precision": 0.523794880319149,
        "recall": 0.5295830168890818,
        "f1-score": 0.49388826761316673,
        "support": 982
    },
    "weighted avg": {
        "precision": 0.6228111153691988,
        "recall": 0.5142566191446029,
        "f1-score": 0.5389674618654822,
        "support": 982
    }
}