{
    "R2": 0.842241191815734,
    "RMSE": 51.45424513796939,
    "MSE": 2647.539342718246,
    "MAPE": 0.04287622102127895,
    "ACMAPE": 0.9517121256496099
}