{
    "DOWN": {
        "precision": 0.8141263940520446,
        "recall": 0.4187380497131931,
        "f1-score": 0.5530303030303031,
        "support": 523
    },
    "UP": {
        "precision": 0.3153153153153153,
        "recall": 0.7368421052631579,
        "f1-score": 0.4416403785488959,
        "support": 190
    },
    "accuracy": 0.5035063113604488,
    "macro avg": {
        "precision": 0.5647208546836799,
        "recall": 0.5777900774881755,
        "f1-score": 0.4973353407895995,
        "support": 713
    },
    "weighted avg": {
        "precision": 0.6812033856930284,
        "recall": 0.5035063113604488,
        "f1-score": 0.5233471534490024,
        "support": 713
    }
}