{
    "R2": 0.81875501637711,
    "RMSE": 55.15150911407693,
    "MSE": 3041.688957560111,
    "MAPE": 0.04537626271782953,
    "ACMAPE": 0.9654323636995967
}