{
    "DOWN": {
        "precision": 0.9306569343065694,
        "recall": 0.258751902587519,
        "f1-score": 0.4049225883287018,
        "support": 3942
    },
    "UP": {
        "precision": 0.03881578947368421,
        "recall": 0.6082474226804123,
        "f1-score": 0.07297464440321584,
        "support": 194
    },
    "accuracy": 0.2751450676982592,
    "macro avg": {
        "precision": 0.4847363618901268,
        "recall": 0.43349966263396567,
        "f1-score": 0.23894861636595882,
        "support": 4136
    },
    "weighted avg": {
        "precision": 0.8888249270295917,
        "recall": 0.2751450676982592,
        "f1-score": 0.3893524961813265,
        "support": 4136
    }
}