{
    "DOWN": {
        "precision": 0.6410256410256411,
        "recall": 0.45454545454545453,
        "f1-score": 0.5319148936170213,
        "support": 55
    },
    "UP": {
        "precision": 0.34782608695652173,
        "recall": 0.5333333333333333,
        "f1-score": 0.4210526315789474,
        "support": 30
    },
    "accuracy": 0.4823529411764706,
    "macro avg": {
        "precision": 0.4944258639910814,
        "recall": 0.4939393939393939,
        "f1-score": 0.4764837625979843,
        "support": 85
    },
    "weighted avg": {
        "precision": 0.5375434454718343,
        "recall": 0.4823529411764706,
        "f1-score": 0.49278703642711286,
        "support": 85
    }
}