{
    "DOWN": {
        "precision": 0.59375,
        "recall": 0.2695035460992908,
        "f1-score": 0.3707317073170732,
        "support": 141
    },
    "UP": {
        "precision": 0.3941176470588235,
        "recall": 0.7204301075268817,
        "f1-score": 0.5095057034220533,
        "support": 93
    },
    "accuracy": 0.44871794871794873,
    "macro avg": {
        "precision": 0.49393382352941173,
        "recall": 0.49496682681308624,
        "f1-score": 0.4401187053695632,
        "support": 234
    },
    "weighted avg": {
        "precision": 0.5144089366515837,
        "recall": 0.44871794871794873,
        "f1-score": 0.42588547499982166,
        "support": 234
    }
}