{
    "R2": 0.9608397369134102,
    "RMSE": 5.111836725330766,
    "MSE": 26.130874706440377,
    "MAPE": 0.020030244468277447,
    "ACMAPE": 0.8340207055175619
}