{
    "R2": 0.7416746513207587,
    "RMSE": 46.873044053150345,
    "MSE": 2197.082258808573,
    "MAPE": 0.12218620776563101,
    "ACMAPE": 1.0572511428305662
}