{
    "R2": 0.8242305221499826,
    "RMSE": 7.3762863005787995,
    "MSE": 54.40959958810647,
    "MAPE": 0.07761923763339476,
    "ACMAPE": 1.3963005563147135
}