{
    "R2": 0.9659822320336829,
    "RMSE": 21.512709286311733,
    "MSE": 462.796660837363,
    "MAPE": 0.04686511447947948,
    "ACMAPE": 1.082579400193765
}