{
    "DOWN": {
        "precision": 0.6507462686567164,
        "recall": 0.7100977198697068,
        "f1-score": 0.6791277258566978,
        "support": 307
    },
    "UP": {
        "precision": 0.46060606060606063,
        "recall": 0.39378238341968913,
        "f1-score": 0.42458100558659223,
        "support": 193
    },
    "accuracy": 0.588,
    "macro avg": {
        "precision": 0.5556761646313885,
        "recall": 0.551940051644698,
        "f1-score": 0.551854365721645,
        "support": 500
    },
    "weighted avg": {
        "precision": 0.5773521483491633,
        "recall": 0.588,
        "f1-score": 0.5808726918324371,
        "support": 500
    }
}