{
    "DOWN": {
        "precision": 0.5439870863599677,
        "recall": 0.4104750304506699,
        "f1-score": 0.46789309267615414,
        "support": 1642
    },
    "UP": {
        "precision": 0.45372460496614,
        "recall": 0.587289992695398,
        "f1-score": 0.5119388729703915,
        "support": 1369
    },
    "accuracy": 0.4908668216539356,
    "macro avg": {
        "precision": 0.49885584566305385,
        "recall": 0.498882511573034,
        "f1-score": 0.48991598282327287,
        "support": 3011
    },
    "weighted avg": {
        "precision": 0.5029477847896754,
        "recall": 0.4908668216539356,
        "f1-score": 0.4879192212788812,
        "support": 3011
    }
}