{
    "R2": 0.9716989034296233,
    "RMSE": 103.41581094456491,
    "MSE": 10694.82995332199,
    "MAPE": 0.2613703484449381,
    "ACMAPE": 1.3736556853009487
}