{
    "DOWN": {
        "precision": 0.6082474226804123,
        "recall": 0.47580645161290325,
        "f1-score": 0.5339366515837104,
        "support": 124
    },
    "UP": {
        "precision": 0.375,
        "recall": 0.5064935064935064,
        "f1-score": 0.43093922651933697,
        "support": 77
    },
    "accuracy": 0.48756218905472637,
    "macro avg": {
        "precision": 0.49162371134020616,
        "recall": 0.49114997905320484,
        "f1-score": 0.48243793905152366,
        "support": 201
    },
    "weighted avg": {
        "precision": 0.5188939323998564,
        "recall": 0.48756218905472637,
        "f1-score": 0.49447992655904993,
        "support": 201
    }
}