{
    "DOWN": {
        "precision": 0.7659574468085106,
        "recall": 0.3435114503816794,
        "f1-score": 0.47430830039525695,
        "support": 524
    },
    "UP": {
        "precision": 0.3147410358565737,
        "recall": 0.7417840375586855,
        "f1-score": 0.441958041958042,
        "support": 213
    },
    "accuracy": 0.45861601085481685,
    "macro avg": {
        "precision": 0.5403492413325421,
        "recall": 0.5426477439701825,
        "f1-score": 0.4581331711766495,
        "support": 737
    },
    "weighted avg": {
        "precision": 0.6355516184058477,
        "recall": 0.45861601085481685,
        "f1-score": 0.4649587684452885,
        "support": 737
    }
}