{
    "DOWN": {
        "precision": 0.6078098471986417,
        "recall": 0.5524691358024691,
        "f1-score": 0.5788197251414713,
        "support": 648
    },
    "UP": {
        "precision": 0.43907156673114117,
        "recall": 0.49563318777292575,
        "f1-score": 0.46564102564102555,
        "support": 458
    },
    "accuracy": 0.5289330922242315,
    "macro avg": {
        "precision": 0.5234407069648914,
        "recall": 0.5240511617876975,
        "f1-score": 0.5222303753912484,
        "support": 1106
    },
    "weighted avg": {
        "precision": 0.5379345013992609,
        "recall": 0.5289330922242315,
        "f1-score": 0.5319518730879413,
        "support": 1106
    }
}