{
    "R2": 0.9108230030011619,
    "RMSE": 64.07319581801114,
    "MSE": 4105.3744223332005,
    "MAPE": 0.1695076460504815,
    "ACMAPE": 1.2458046958978874
}