{
    "DOWN": {
        "precision": 0.597864768683274,
        "recall": 0.38009049773755654,
        "f1-score": 0.4647302904564315,
        "support": 442
    },
    "UP": {
        "precision": 0.42557651991614254,
        "recall": 0.6424050632911392,
        "f1-score": 0.5119798234552333,
        "support": 316
    },
    "accuracy": 0.4894459102902375,
    "macro avg": {
        "precision": 0.5117206442997082,
        "recall": 0.5112477805143478,
        "f1-score": 0.48835505695583237,
        "support": 758
    },
    "weighted avg": {
        "precision": 0.5260401161629396,
        "recall": 0.4894459102902375,
        "f1-score": 0.4844279849519742,
        "support": 758
    }
}