{
    "DOWN": {
        "precision": 0.6136950904392765,
        "recall": 0.5289532293986637,
        "f1-score": 0.5681818181818181,
        "support": 1796
    },
    "UP": {
        "precision": 0.4299191374663073,
        "recall": 0.5161812297734628,
        "f1-score": 0.46911764705882353,
        "support": 1236
    },
    "accuracy": 0.5237467018469657,
    "macro avg": {
        "precision": 0.5218071139527919,
        "recall": 0.5225672295860633,
        "f1-score": 0.5186497326203208,
        "support": 3032
    },
    "weighted avg": {
        "precision": 0.5387785080268128,
        "recall": 0.5237467018469657,
        "f1-score": 0.5277981389245552,
        "support": 3032
    }
}