{
    "R2": 0.8398436415214244,
    "RMSE": 194.80539445771203,
    "MSE": 37949.14170982478,
    "MAPE": 0.035855574038563855,
    "ACMAPE": 1.0147473946190386
}