{
    "DOWN": {
        "precision": 0.8158584534731324,
        "recall": 0.3448753462603878,
        "f1-score": 0.4848130841121495,
        "support": 3610
    },
    "UP": {
        "precision": 0.12049088880624767,
        "recall": 0.5355371900826447,
        "f1-score": 0.19672131147540983,
        "support": 605
    },
    "accuracy": 0.37224199288256227,
    "macro avg": {
        "precision": 0.46817467113969,
        "recall": 0.4402062681715162,
        "f1-score": 0.3407671977937797,
        "support": 4215
    },
    "weighted avg": {
        "precision": 0.7160488742030339,
        "recall": 0.37224199288256227,
        "f1-score": 0.44346183323546445,
        "support": 4215
    }
}