{
    "R2": 0.703591078643013,
    "RMSE": 42.582518384064755,
    "MSE": 1813.2708719292127,
    "MAPE": 0.22404534116074895,
    "ACMAPE": 1.3270072593553894
}