{
    "DOWN": {
        "precision": 0.7837837837837838,
        "recall": 0.5132743362831859,
        "f1-score": 0.6203208556149734,
        "support": 113
    },
    "UP": {
        "precision": 0.375,
        "recall": 0.673469387755102,
        "f1-score": 0.48175182481751816,
        "support": 49
    },
    "accuracy": 0.5617283950617284,
    "macro avg": {
        "precision": 0.5793918918918919,
        "recall": 0.5933718620191439,
        "f1-score": 0.5510363402162458,
        "support": 162
    },
    "weighted avg": {
        "precision": 0.6601393059726393,
        "recall": 0.5617283950617284,
        "f1-score": 0.5784080006206813,
        "support": 162
    }
}