{
    "DOWN": {
        "precision": 0.7044673539518901,
        "recall": 0.5401844532279315,
        "f1-score": 0.6114839671886652,
        "support": 759
    },
    "UP": {
        "precision": 0.3855633802816901,
        "recall": 0.5601023017902813,
        "f1-score": 0.456725755995829,
        "support": 391
    },
    "accuracy": 0.5469565217391305,
    "macro avg": {
        "precision": 0.5450153671167901,
        "recall": 0.5501433775091065,
        "f1-score": 0.534104861592247,
        "support": 1150
    },
    "weighted avg": {
        "precision": 0.596040002904022,
        "recall": 0.5469565217391305,
        "f1-score": 0.5588661753831009,
        "support": 1150
    }
}