{
    "DOWN": {
        "precision": 0.6976744186046512,
        "recall": 0.6016042780748663,
        "f1-score": 0.6460875807609476,
        "support": 748
    },
    "UP": {
        "precision": 0.39183673469387753,
        "recall": 0.49612403100775193,
        "f1-score": 0.43785632839224625,
        "support": 387
    },
    "accuracy": 0.5656387665198238,
    "macro avg": {
        "precision": 0.5447555766492643,
        "recall": 0.5488641545413091,
        "f1-score": 0.541971954576597,
        "support": 1135
    },
    "weighted avg": {
        "precision": 0.5933931995090834,
        "recall": 0.5656387665198238,
        "f1-score": 0.575087144931267,
        "support": 1135
    }
}