{
    "DOWN": {
        "precision": 0.8020833333333334,
        "recall": 0.2857142857142857,
        "f1-score": 0.4213406292749658,
        "support": 539
    },
    "UP": {
        "precision": 0.2961608775137112,
        "recall": 0.81,
        "f1-score": 0.43373493975903615,
        "support": 200
    },
    "accuracy": 0.42760487144790255,
    "macro avg": {
        "precision": 0.5491221054235222,
        "recall": 0.5478571428571428,
        "f1-score": 0.427537784517001,
        "support": 739
    },
    "weighted avg": {
        "precision": 0.6651625063185507,
        "recall": 0.42760487144790255,
        "f1-score": 0.42469497582004573,
        "support": 739
    }
}