{
    "R2": 0.9037595302631832,
    "RMSE": 59.05332184029981,
    "MSE": 3487.29482037403,
    "MAPE": 0.20434679011597345,
    "ACMAPE": 0.8844743140267066
}