{
    "DOWN": {
        "precision": 0.7262443438914027,
        "recall": 0.3333333333333333,
        "f1-score": 0.4569395017793594,
        "support": 963
    },
    "UP": {
        "precision": 0.18527918781725888,
        "recall": 0.5468164794007491,
        "f1-score": 0.27677725118483415,
        "support": 267
    },
    "accuracy": 0.3796747967479675,
    "macro avg": {
        "precision": 0.4557617658543308,
        "recall": 0.44007490636704116,
        "f1-score": 0.36685837648209674,
        "support": 1230
    },
    "weighted avg": {
        "precision": 0.6088153222070154,
        "recall": 0.3796747967479675,
        "f1-score": 0.41783111079664537,
        "support": 1230
    }
}