{
    "DOWN": {
        "precision": 0.6737683089214381,
        "recall": 0.35608726249120337,
        "f1-score": 0.46593001841620624,
        "support": 2842
    },
    "UP": {
        "precision": 0.2993874425727412,
        "recall": 0.6147798742138365,
        "f1-score": 0.4026776519052523,
        "support": 1272
    },
    "accuracy": 0.4360719494409334,
    "macro avg": {
        "precision": 0.48657787574708966,
        "recall": 0.48543356835251994,
        "f1-score": 0.43430383516072923,
        "support": 4114
    },
    "weighted avg": {
        "precision": 0.5580141859278692,
        "recall": 0.4360719494409334,
        "f1-score": 0.44637313698647035,
        "support": 4114
    }
}