{
    "DOWN": {
        "precision": 0.6972477064220184,
        "recall": 0.5232358003442341,
        "f1-score": 0.5978367748279253,
        "support": 581
    },
    "UP": {
        "precision": 0.38852097130242824,
        "recall": 0.5714285714285714,
        "f1-score": 0.4625492772667542,
        "support": 308
    },
    "accuracy": 0.5399325084364455,
    "macro avg": {
        "precision": 0.5428843388622233,
        "recall": 0.5473321858864028,
        "f1-score": 0.5301930260473398,
        "support": 889
    },
    "weighted avg": {
        "precision": 0.5902872627585383,
        "recall": 0.5399325084364455,
        "f1-score": 0.5509655158303541,
        "support": 889
    }
}