{
    "R2": 0.9852891371515494,
    "RMSE": 64.4188187212027,
    "MSE": 4149.784205435175,
    "MAPE": 0.1280230050351403,
    "ACMAPE": 1.0481579881622494
}