{
    "R2": 0.8161860478674368,
    "RMSE": 16.17662773605569,
    "MSE": 261.6832849109262,
    "MAPE": 0.03354185206162977,
    "ACMAPE": 0.8008002347046277
}