{
    "R2": 0.9852645484587101,
    "RMSE": 34.96507328412704,
    "MSE": 1222.5563497643743,
    "MAPE": 0.1283001670183915,
    "ACMAPE": 1.3350835368214549
}