{
    "DOWN": {
        "precision": 0.9152542372881356,
        "recall": 0.6666666666666666,
        "f1-score": 0.7714285714285714,
        "support": 162
    },
    "UP": {
        "precision": 0.14285714285714285,
        "recall": 0.47368421052631576,
        "f1-score": 0.21951219512195122,
        "support": 19
    },
    "accuracy": 0.6464088397790055,
    "macro avg": {
        "precision": 0.5290556900726392,
        "recall": 0.5701754385964912,
        "f1-score": 0.4954703832752613,
        "support": 181
    },
    "weighted avg": {
        "precision": 0.8341738793091917,
        "recall": 0.6464088397790055,
        "f1-score": 0.7134925982251139,
        "support": 181
    }
}