{
    "R2": 0.6394447812730064,
    "RMSE": 193.36769514086816,
    "MSE": 37391.065524091726,
    "MAPE": 0.02078735828273947,
    "ACMAPE": 0.8384669162937891
}