{
    "R2": 0.45465035140060783,
    "RMSE": 95.53650202931422,
    "MSE": 9127.22321999716,
    "MAPE": 0.08337874744932011,
    "ACMAPE": 0.9673343478529528
}