{
    "DOWN": {
        "precision": 0.722567287784679,
        "recall": 0.5109809663250366,
        "f1-score": 0.5986277873070326,
        "support": 683
    },
    "UP": {
        "precision": 0.3425196850393701,
        "recall": 0.564935064935065,
        "f1-score": 0.42647058823529416,
        "support": 308
    },
    "accuracy": 0.5277497477295661,
    "macro avg": {
        "precision": 0.5325434864120245,
        "recall": 0.5379580156300507,
        "f1-score": 0.5125491877711634,
        "support": 991
    },
    "weighted avg": {
        "precision": 0.6044495666489019,
        "recall": 0.5277497477295661,
        "f1-score": 0.545121816253455,
        "support": 991
    }
}