{
    "R2": 0.364566749941046,
    "RMSE": 103.12567051046221,
    "MSE": 10634.903918232416,
    "MAPE": 0.10051683606251287,
    "ACMAPE": 1.0429991771321394
}