{
    "DOWN": {
        "precision": 0.6593659942363113,
        "recall": 0.49225473321858865,
        "f1-score": 0.5636856368563685,
        "support": 2324
    },
    "UP": {
        "precision": 0.3123543123543124,
        "recall": 0.4755989352262644,
        "f1-score": 0.37706647907140345,
        "support": 1127
    },
    "accuracy": 0.486815415821501,
    "macro avg": {
        "precision": 0.48586015329531185,
        "recall": 0.48392683422242655,
        "f1-score": 0.470376057963886,
        "support": 3451
    },
    "weighted avg": {
        "precision": 0.5460416924452325,
        "recall": 0.486815415821501,
        "f1-score": 0.5027410437460655,
        "support": 3451
    }
}