{
    "DOWN": {
        "precision": 0.7717647058823529,
        "recall": 0.4254215304798962,
        "f1-score": 0.5484949832775919,
        "support": 771
    },
    "UP": {
        "precision": 0.36075036075036077,
        "recall": 0.7204610951008645,
        "f1-score": 0.4807692307692308,
        "support": 347
    },
    "accuracy": 0.516994633273703,
    "macro avg": {
        "precision": 0.5662575333163569,
        "recall": 0.5729413127903804,
        "f1-score": 0.5146321070234113,
        "support": 1118
    },
    "weighted avg": {
        "precision": 0.6441958527868241,
        "recall": 0.516994633273703,
        "f1-score": 0.5274745574096121,
        "support": 1118
    }
}