{
    "DOWN": {
        "precision": 0.7653429602888087,
        "recall": 0.7491166077738516,
        "f1-score": 0.7571428571428571,
        "support": 283
    },
    "UP": {
        "precision": 0.5034965034965035,
        "recall": 0.5255474452554745,
        "f1-score": 0.5142857142857143,
        "support": 137
    },
    "accuracy": 0.6761904761904762,
    "macro avg": {
        "precision": 0.6344197318926561,
        "recall": 0.637332026514663,
        "f1-score": 0.6357142857142857,
        "support": 420
    },
    "weighted avg": {
        "precision": 0.6799311398589377,
        "recall": 0.6761904761904762,
        "f1-score": 0.6779251700680273,
        "support": 420
    }
}