{
    "R2": 0.828906680299969,
    "RMSE": 15.048141710888283,
    "MSE": 226.44656895097572,
    "MAPE": 0.0740150761983431,
    "ACMAPE": 1.1027575911684029
}