{
    "DOWN": {
        "precision": 0.6911544227886057,
        "recall": 0.6671490593342981,
        "f1-score": 0.678939617083947,
        "support": 691
    },
    "UP": {
        "precision": 0.4772727272727273,
        "recall": 0.5048076923076923,
        "f1-score": 0.49065420560747663,
        "support": 416
    },
    "accuracy": 0.6061427280939476,
    "macro avg": {
        "precision": 0.5842135750306665,
        "recall": 0.5859783758209952,
        "f1-score": 0.5847969113457119,
        "support": 1107
    },
    "weighted avg": {
        "precision": 0.6107797296227472,
        "recall": 0.6061427280939476,
        "f1-score": 0.6081837623646953,
        "support": 1107
    }
}