{
    "R2": 0.2829504908391963,
    "RMSE": 115.37973664273736,
    "MSE": 13312.483627747428,
    "MAPE": 0.11432981048024525,
    "ACMAPE": 0.9974786419685602
}