{
    "R2": 0.9725807011361803,
    "RMSE": 241.8851360788242,
    "MSE": 58508.419055871294,
    "MAPE": 0.05111637664378858,
    "ACMAPE": 1.0756628014036604
}