{
    "R2": 0.8565088723911946,
    "RMSE": 229.28262948060524,
    "MSE": 52570.5241815405,
    "MAPE": 0.04311707572702551,
    "ACMAPE": 0.9576469902569401
}