{
    "DOWN": {
        "precision": 0.6475,
        "recall": 0.4868421052631579,
        "f1-score": 0.5557939914163089,
        "support": 532
    },
    "UP": {
        "precision": 0.4647058823529412,
        "recall": 0.626984126984127,
        "f1-score": 0.5337837837837838,
        "support": 378
    },
    "accuracy": 0.545054945054945,
    "macro avg": {
        "precision": 0.5561029411764706,
        "recall": 0.5569131161236425,
        "f1-score": 0.5447888876000464,
        "support": 910
    },
    "weighted avg": {
        "precision": 0.5715701357466063,
        "recall": 0.545054945054945,
        "f1-score": 0.546651289784337,
        "support": 910
    }
}