{
    "R2": 0.9660588667107712,
    "RMSE": 23.285957576092166,
    "MSE": 542.2358202355641,
    "MAPE": 0.0854627157055485,
    "ACMAPE": 1.1589090433891645
}