{
    "DOWN": {
        "precision": 0.7206611570247934,
        "recall": 0.7147540983606557,
        "f1-score": 0.7176954732510289,
        "support": 610
    },
    "UP": {
        "precision": 0.36727272727272725,
        "recall": 0.37407407407407406,
        "f1-score": 0.37064220183486235,
        "support": 270
    },
    "accuracy": 0.6102272727272727,
    "macro avg": {
        "precision": 0.5439669421487603,
        "recall": 0.5444140862173649,
        "f1-score": 0.5441688375429456,
        "support": 880
    },
    "weighted avg": {
        "precision": 0.6122351615326822,
        "recall": 0.6102272727272727,
        "f1-score": 0.6112132195210688,
        "support": 880
    }
}