{
    "DOWN": {
        "precision": 0.7954545454545454,
        "recall": 0.45064377682403434,
        "f1-score": 0.5753424657534246,
        "support": 233
    },
    "UP": {
        "precision": 0.3155080213903743,
        "recall": 0.686046511627907,
        "f1-score": 0.4322344322344322,
        "support": 86
    },
    "accuracy": 0.5141065830721003,
    "macro avg": {
        "precision": 0.5554812834224598,
        "recall": 0.5683451442259706,
        "f1-score": 0.5037884489939284,
        "support": 319
    },
    "weighted avg": {
        "precision": 0.6660645734497845,
        "recall": 0.5141065830721003,
        "f1-score": 0.5367616165915646,
        "support": 319
    }
}