{
    "R2": 0.6480764397360237,
    "RMSE": 42.87775647781222,
    "MSE": 1838.5020005705678,
    "MAPE": 0.007208406016086235,
    "ACMAPE": 0.8521932084476971
}