{
    "R2": 0.0354777292412074,
    "RMSE": 61.307939758296605,
    "MSE": 3758.6634774069257,
    "MAPE": 0.012007266993923425,
    "ACMAPE": 0.9296543258174529
}