{
    "R2": 0.9934879675447638,
    "RMSE": 147.79155717518137,
    "MSE": 21842.344372264903,
    "MAPE": 0.04555971502368887,
    "ACMAPE": 1.319554013408231
}