{
    "DOWN": {
        "precision": 0.6571428571428571,
        "recall": 0.5006596306068601,
        "f1-score": 0.5683264694870835,
        "support": 1516
    },
    "UP": {
        "precision": 0.370216306156406,
        "recall": 0.5291319857312723,
        "f1-score": 0.4356338717572198,
        "support": 841
    },
    "accuracy": 0.5108188375053033,
    "macro avg": {
        "precision": 0.5136795816496316,
        "recall": 0.5148958081690662,
        "f1-score": 0.5019801706221516,
        "support": 2357
    },
    "weighted avg": {
        "precision": 0.5547647369139197,
        "recall": 0.5108188375053033,
        "f1-score": 0.5209804895588632,
        "support": 2357
    }
}