{
    "R2": 0.9916574590663753,
    "RMSE": 11.772710299196827,
    "MSE": 138.59670778881505,
    "MAPE": 0.037608523525056343,
    "ACMAPE": 0.8614792238980361
}