{
    "R2": 0.9588294711346308,
    "RMSE": 451.31770911310673,
    "MSE": 203687.6745591028,
    "MAPE": 0.03592328651307043,
    "ACMAPE": 1.0768154798216207
}