{
    "R2": 0.9738952113853602,
    "RMSE": 359.3761423120583,
    "MSE": 129151.21166309678,
    "MAPE": 0.027141575786137306,
    "ACMAPE": 0.9936843267155053
}