{
    "R2": -7.194563174371689,
    "RMSE": 9.358030937905392,
    "MSE": 87.57274303479446,
    "MAPE": 0.08914569074970069,
    "ACMAPE": 1.6421930948129062
}