{
    "DOWN": {
        "precision": 0.7098445595854922,
        "recall": 0.7405405405405405,
        "f1-score": 0.7248677248677249,
        "support": 185
    },
    "UP": {
        "precision": 0.4146341463414634,
        "recall": 0.37777777777777777,
        "f1-score": 0.39534883720930236,
        "support": 90
    },
    "accuracy": 0.6218181818181818,
    "macro avg": {
        "precision": 0.5622393529634778,
        "recall": 0.5591591591591591,
        "f1-score": 0.5601082810385136,
        "support": 275
    },
    "weighted avg": {
        "precision": 0.6132302425238101,
        "recall": 0.6218181818181818,
        "f1-score": 0.6170251798158776,
        "support": 275
    }
}