{
    "R2": 0.9911725536367904,
    "RMSE": 13.813471574961152,
    "MSE": 190.81199695225973,
    "MAPE": 0.06400583422851792,
    "ACMAPE": 1.0000152793288721
}