{
    "R2": 0.8890290793744174,
    "RMSE": 421.83778499198604,
    "MSE": 177947.11684694505,
    "MAPE": 0.02991756142539737,
    "ACMAPE": 0.8451600556517253
}