{
    "DOWN": {
        "precision": 0.855379188712522,
        "recall": 0.5637895960476605,
        "f1-score": 0.6796286565072692,
        "support": 3441
    },
    "UP": {
        "precision": 0.16564758198999444,
        "recall": 0.476038338658147,
        "f1-score": 0.24577319587628862,
        "support": 626
    },
    "accuracy": 0.5502827637078928,
    "macro avg": {
        "precision": 0.5105133853512582,
        "recall": 0.5199139673529037,
        "f1-score": 0.46270092619177894,
        "support": 4067
    },
    "weighted avg": {
        "precision": 0.7492144516069645,
        "recall": 0.5502827637078928,
        "f1-score": 0.6128488388640447,
        "support": 4067
    }
}