{
    "R2": 0.9842839736126039,
    "RMSE": 13.229771361394295,
    "MSE": 175.02685027476866,
    "MAPE": 0.027427949330636258,
    "ACMAPE": 0.9294357407600639
}