{
    "DOWN": {
        "precision": 0.7231638418079096,
        "recall": 0.6481012658227848,
        "f1-score": 0.6835781041388518,
        "support": 395
    },
    "UP": {
        "precision": 0.45703125,
        "recall": 0.5441860465116279,
        "f1-score": 0.4968152866242039,
        "support": 215
    },
    "accuracy": 0.6114754098360655,
    "macro avg": {
        "precision": 0.5900975459039548,
        "recall": 0.5961436561672064,
        "f1-score": 0.5901966953815279,
        "support": 610
    },
    "weighted avg": {
        "precision": 0.6293630102690562,
        "recall": 0.6114754098360655,
        "f1-score": 0.617751865178771,
        "support": 610
    }
}