{
    "R2": 0.9775833015013607,
    "RMSE": 76.7392170537085,
    "MSE": 5888.907434016186,
    "MAPE": 0.15884663709841865,
    "ACMAPE": 1.347477128054491
}