{
    "R2": 0.0,
    "RMSE": 12.733976897506471,
    "MSE": 162.1541676262285,
    "MAPE": 0.24764892098391406,
    "ACMAPE": 2.247648920983914
}