{
    "DOWN": {
        "precision": 0.9110032362459547,
        "recall": 0.5598276433543254,
        "f1-score": 0.6934920960788339,
        "support": 3017
    },
    "UP": {
        "precision": 0.17103620474406991,
        "recall": 0.6241457858769932,
        "f1-score": 0.2684958353748163,
        "support": 439
    },
    "accuracy": 0.5679976851851852,
    "macro avg": {
        "precision": 0.5410197204950123,
        "recall": 0.5919867146156593,
        "f1-score": 0.48099396572682507,
        "support": 3456
    },
    "weighted avg": {
        "precision": 0.8170085814920983,
        "recall": 0.5679976851851851,
        "f1-score": 0.639506749305378,
        "support": 3456
    }
}