{
    "DOWN": {
        "precision": 0.9188248936992656,
        "recall": 0.78656518861681,
        "f1-score": 0.8475664111249777,
        "support": 3022
    },
    "UP": {
        "precision": 0.2620137299771167,
        "recall": 0.5216400911161732,
        "f1-score": 0.3488194973343488,
        "support": 439
    },
    "accuracy": 0.7529615718000577,
    "macro avg": {
        "precision": 0.5904193118381911,
        "recall": 0.6541026398664915,
        "f1-score": 0.5981929542296632,
        "support": 3461
    },
    "weighted avg": {
        "precision": 0.8355136828139655,
        "recall": 0.7529615718000577,
        "f1-score": 0.7843043784309336,
        "support": 3461
    }
}