{
    "DOWN": {
        "precision": 0.8986657050126217,
        "recall": 0.8270826418851643,
        "f1-score": 0.861389561009333,
        "support": 3013
    },
    "UP": {
        "precision": 0.23156342182890854,
        "recall": 0.3584474885844749,
        "f1-score": 0.28136200716845877,
        "support": 438
    },
    "accuracy": 0.7676035931614025,
    "macro avg": {
        "precision": 0.565114563420765,
        "recall": 0.5927650652348196,
        "f1-score": 0.5713757840888959,
        "support": 3451
    },
    "weighted avg": {
        "precision": 0.8139972610733385,
        "recall": 0.7676035931614025,
        "f1-score": 0.7877726185050434,
        "support": 3451
    }
}