{
    "DOWN": {
        "precision": 0.75,
        "recall": 0.11297071129707113,
        "f1-score": 0.19636363636363635,
        "support": 956
    },
    "UP": {
        "precision": 0.13203684749232344,
        "recall": 0.7818181818181819,
        "f1-score": 0.22591943957968477,
        "support": 165
    },
    "accuracy": 0.21141837644959857,
    "macro avg": {
        "precision": 0.44101842374616174,
        "recall": 0.4473944465576265,
        "f1-score": 0.21114153797166058,
        "support": 1121
    },
    "weighted avg": {
        "precision": 0.6590419980697889,
        "recall": 0.21141837644959857,
        "f1-score": 0.20071395530266223,
        "support": 1121
    }
}