{
    "R2": 0.9896364611630188,
    "RMSE": 33.596884534742436,
    "MSE": 1128.7506504408154,
    "MAPE": 0.036372426549757225,
    "ACMAPE": 0.9616854855837466
}