{
    "R2": 0.9739055682825782,
    "RMSE": 12.897384941282688,
    "MSE": 166.34253832362543,
    "MAPE": 0.0745718899635253,
    "ACMAPE": 1.160402952633825
}