{
    "DOWN": {
        "precision": 0.771551724137931,
        "recall": 0.31239092495637,
        "f1-score": 0.44472049689441,
        "support": 573
    },
    "UP": {
        "precision": 0.1146067415730337,
        "recall": 0.49038461538461536,
        "f1-score": 0.18579234972677594,
        "support": 104
    },
    "accuracy": 0.3397341211225997,
    "macro avg": {
        "precision": 0.4430792328554824,
        "recall": 0.40138777017049265,
        "f1-score": 0.315256423310593,
        "support": 677
    },
    "weighted avg": {
        "precision": 0.6706325539950221,
        "recall": 0.3397341211225997,
        "f1-score": 0.4049442379498991,
        "support": 677
    }
}