{
    "DOWN": {
        "precision": 0.8117776554760594,
        "recall": 0.4365196803788103,
        "f1-score": 0.5677444187836798,
        "support": 3379
    },
    "UP": {
        "precision": 0.27906096175691025,
        "recall": 0.6830398517145505,
        "f1-score": 0.39623655913978495,
        "support": 1079
    },
    "accuracy": 0.4961866307761328,
    "macro avg": {
        "precision": 0.5454193086164848,
        "recall": 0.5597797660466803,
        "f1-score": 0.48199048896173236,
        "support": 4458
    },
    "weighted avg": {
        "precision": 0.6828406181223219,
        "recall": 0.4961866307761328,
        "f1-score": 0.5262332073534953,
        "support": 4458
    }
}