{
    "R2": 0.6824480461834475,
    "RMSE": 34.858879064185366,
    "MSE": 1215.1414496115008,
    "MAPE": 0.05019694068223534,
    "ACMAPE": 0.9776580805786084
}