{
    "R2": 0.9537059241428207,
    "RMSE": 19.892266867697906,
    "MSE": 395.7022811357118,
    "MAPE": 0.043533248493421155,
    "ACMAPE": 1.1472293470560495
}