{
    "R2": 0.9949423270214295,
    "RMSE": 62.84692592001462,
    "MSE": 3949.7360975958054,
    "MAPE": 0.05231076305295663,
    "ACMAPE": 1.0919544156142038
}