{
    "DOWN": {
        "precision": 0.6358695652173914,
        "recall": 0.36,
        "f1-score": 0.45972495088408644,
        "support": 650
    },
    "UP": {
        "precision": 0.3648854961832061,
        "recall": 0.6407506702412868,
        "f1-score": 0.4649805447470818,
        "support": 373
    },
    "accuracy": 0.46236559139784944,
    "macro avg": {
        "precision": 0.5003775307002987,
        "recall": 0.5003753351206435,
        "f1-score": 0.4623527478155841,
        "support": 1023
    },
    "weighted avg": {
        "precision": 0.5370650121873316,
        "recall": 0.46236559139784944,
        "f1-score": 0.4616412133580818,
        "support": 1023
    }
}