{
    "DOWN": {
        "precision": 0.8295687885010267,
        "recall": 0.7137809187279152,
        "f1-score": 0.7673314339981007,
        "support": 566
    },
    "UP": {
        "precision": 0.4022140221402214,
        "recall": 0.5677083333333334,
        "f1-score": 0.470842332613391,
        "support": 192
    },
    "accuracy": 0.6767810026385225,
    "macro avg": {
        "precision": 0.615891405320624,
        "recall": 0.6407446260306242,
        "f1-score": 0.6190868833057458,
        "support": 758
    },
    "weighted avg": {
        "precision": 0.7213206154914296,
        "recall": 0.6767810026385225,
        "f1-score": 0.6922312922225542,
        "support": 758
    }
}