{
    "R2": 0.7769192968029416,
    "RMSE": 183.79003003382974,
    "MSE": 33778.77513983604,
    "MAPE": 0.023774284032401293,
    "ACMAPE": 0.9649507546206366
}