{
    "DOWN": {
        "precision": 0.6326530612244898,
        "recall": 0.36046511627906974,
        "f1-score": 0.45925925925925926,
        "support": 602
    },
    "UP": {
        "precision": 0.3572621035058431,
        "recall": 0.6294117647058823,
        "f1-score": 0.45580404685835996,
        "support": 340
    },
    "accuracy": 0.4575371549893843,
    "macro avg": {
        "precision": 0.49495758236516646,
        "recall": 0.49493844049247604,
        "f1-score": 0.4575316530588096,
        "support": 942
    },
    "weighted avg": {
        "precision": 0.5332550510075685,
        "recall": 0.4575371549893843,
        "f1-score": 0.458012154995665,
        "support": 942
    }
}