{
    "DOWN": {
        "precision": 0.6621621621621622,
        "recall": 0.22091974752028856,
        "f1-score": 0.33130493576741044,
        "support": 1109
    },
    "UP": {
        "precision": 0.15707317073170732,
        "recall": 0.5629370629370629,
        "f1-score": 0.24561403508771928,
        "support": 286
    },
    "accuracy": 0.2910394265232975,
    "macro avg": {
        "precision": 0.40961766644693476,
        "recall": 0.3919284052286757,
        "f1-score": 0.28845948542756483,
        "support": 1395
    },
    "weighted avg": {
        "precision": 0.5586098671448789,
        "recall": 0.2910394265232975,
        "f1-score": 0.3137367654488501,
        "support": 1395
    }
}