{
    "DOWN": {
        "precision": 0.7731481481481481,
        "recall": 0.5,
        "f1-score": 0.6072727272727273,
        "support": 668
    },
    "UP": {
        "precision": 0.332,
        "recall": 0.6287878787878788,
        "f1-score": 0.4345549738219896,
        "support": 264
    },
    "accuracy": 0.5364806866952789,
    "macro avg": {
        "precision": 0.5525740740740741,
        "recall": 0.5643939393939394,
        "f1-score": 0.5209138505473585,
        "support": 932
    },
    "weighted avg": {
        "precision": 0.6481877285010332,
        "recall": 0.5364806866952789,
        "f1-score": 0.5583483850935483,
        "support": 932
    }
}