{
    "DOWN": {
        "precision": 0.6919831223628692,
        "recall": 0.13613724405091313,
        "f1-score": 0.22751445086705205,
        "support": 3614
    },
    "UP": {
        "precision": 0.12524516671336508,
        "recall": 0.6711711711711712,
        "f1-score": 0.21109799291617473,
        "support": 666
    },
    "accuracy": 0.21939252336448598,
    "macro avg": {
        "precision": 0.4086141445381171,
        "recall": 0.40365420761104215,
        "f1-score": 0.2193062218916134,
        "support": 4280
    },
    "weighted avg": {
        "precision": 0.6037944591706801,
        "recall": 0.21939252336448598,
        "f1-score": 0.224959927270023,
        "support": 4280
    }
}