{
    "R2": 0.9538220121141783,
    "RMSE": 5.257424940296007,
    "MSE": 27.64051700284647,
    "MAPE": 0.03172820500209872,
    "ACMAPE": 0.3844587332026358
}