{
    "R2": 0.9868184446066367,
    "RMSE": 27.553165064320076,
    "MSE": 759.1769050616683,
    "MAPE": 0.07123008293842864,
    "ACMAPE": 0.8607513114840475
}