{
    "R2": -0.7182435998568804,
    "RMSE": 15.732401806056014,
    "MSE": 247.50846658719453,
    "MAPE": 0.09661916534608249,
    "ACMAPE": 1.0321030363138244
}