{
    "DOWN": {
        "precision": 0.8592592592592593,
        "recall": 0.5068664169787765,
        "f1-score": 0.6376128778955634,
        "support": 1602
    },
    "UP": {
        "precision": 0.2889288928892889,
        "recall": 0.7070484581497798,
        "f1-score": 0.41022364217252394,
        "support": 454
    },
    "accuracy": 0.5510700389105059,
    "macro avg": {
        "precision": 0.5740940760742741,
        "recall": 0.6069574375642781,
        "f1-score": 0.5239182600340437,
        "support": 2056
    },
    "weighted avg": {
        "precision": 0.7333205499538281,
        "recall": 0.5510700389105059,
        "f1-score": 0.5874014416026355,
        "support": 2056
    }
}