{
    "R2": 0.5852355163721941,
    "RMSE": 10.150978142761092,
    "MSE": 103.04235725481342,
    "MAPE": 0.03937146499265247,
    "ACMAPE": 1.075085750706938
}