{
    "R2": 0.6183239023942733,
    "RMSE": 9.737659715193745,
    "MSE": 94.82201672890712,
    "MAPE": 0.0376113724089707,
    "ACMAPE": 0.7876113724089707
}