{
    "DOWN": {
        "precision": 0.674074074074074,
        "recall": 0.6842105263157895,
        "f1-score": 0.6791044776119404,
        "support": 133
    },
    "UP": {
        "precision": 0.391304347826087,
        "recall": 0.38028169014084506,
        "f1-score": 0.3857142857142857,
        "support": 71
    },
    "accuracy": 0.5784313725490197,
    "macro avg": {
        "precision": 0.5326892109500805,
        "recall": 0.5322461082283173,
        "f1-score": 0.532409381663113,
        "support": 204
    },
    "weighted avg": {
        "precision": 0.575659120330902,
        "recall": 0.5784313725490197,
        "f1-score": 0.576993185333835,
        "support": 204
    }
}