{
    "DOWN": {
        "precision": 0.6674698795180722,
        "recall": 0.4697569248162804,
        "f1-score": 0.5514266755142668,
        "support": 1769
    },
    "UP": {
        "precision": 0.3118121790168745,
        "recall": 0.5065554231227652,
        "f1-score": 0.3860127157129882,
        "support": 839
    },
    "accuracy": 0.4815950920245399,
    "macro avg": {
        "precision": 0.4896410292674734,
        "recall": 0.4881561739695228,
        "f1-score": 0.4687196956136275,
        "support": 2608
    },
    "weighted avg": {
        "precision": 0.5530539244872038,
        "recall": 0.4815950920245399,
        "f1-score": 0.4982125987223677,
        "support": 2608
    }
}