{
    "R2": 0.957056425882063,
    "RMSE": 33.763937616373546,
    "MSE": 1140.0034833623645,
    "MAPE": 0.02519532567934987,
    "ACMAPE": 1.0359922408464448
}