{
    "DOWN": {
        "precision": 0.64,
        "recall": 0.5128205128205128,
        "f1-score": 0.5693950177935942,
        "support": 312
    },
    "UP": {
        "precision": 0.36134453781512604,
        "recall": 0.48863636363636365,
        "f1-score": 0.41545893719806765,
        "support": 176
    },
    "accuracy": 0.5040983606557377,
    "macro avg": {
        "precision": 0.500672268907563,
        "recall": 0.5007284382284383,
        "f1-score": 0.492426977495831,
        "support": 488
    },
    "weighted avg": {
        "precision": 0.5395013087202094,
        "recall": 0.5040983606557377,
        "f1-score": 0.5138770870870109,
        "support": 488
    }
}