{
    "R2": -7.782108692404197,
    "RMSE": 0.3959438433301079,
    "MSE": 0.15677152707101705,
    "MAPE": 0.007816195364275863,
    "ACMAPE": 1.933742121290202
}