{
    "R2": 0.6506283222592766,
    "RMSE": 53.20822288040649,
    "MSE": 2831.1149820910127,
    "MAPE": 0.13301185223843995,
    "ACMAPE": 1.2239209431475309
}