{
    "R2": 0.4390989403410819,
    "RMSE": 59.79602456116913,
    "MSE": 3575.5645533199427,
    "MAPE": 0.10429363731316292,
    "ACMAPE": 0.9986694946519832
}