{
    "DOWN": {
        "precision": 0.5478547854785478,
        "recall": 0.25,
        "f1-score": 0.34332988624612204,
        "support": 664
    },
    "UP": {
        "precision": 0.3464566929133858,
        "recall": 0.6583541147132169,
        "f1-score": 0.4539982803095443,
        "support": 401
    },
    "accuracy": 0.40375586854460094,
    "macro avg": {
        "precision": 0.44715573919596685,
        "recall": 0.45417705735660846,
        "f1-score": 0.3986640832778332,
        "support": 1065
    },
    "weighted avg": {
        "precision": 0.4720232032075337,
        "recall": 0.40375586854460094,
        "f1-score": 0.38499939424558904,
        "support": 1065
    }
}