{
    "R2": 0.9959216941355261,
    "RMSE": 63.45329819015482,
    "MSE": 4026.321051208705,
    "MAPE": 0.4651728478982221,
    "ACMAPE": 1.5811630896369668
}