{
    "R2": 0.940205329746289,
    "RMSE": 85.24318784306138,
    "MSE": 7266.4010736474465,
    "MAPE": 0.057913229086396206,
    "ACMAPE": 1.1462524517012371
}