{
    "R2": -0.2889820941992376,
    "RMSE": 21.633567946859657,
    "MSE": 468.0112621113935,
    "MAPE": 0.05359208948224403,
    "ACMAPE": 1.1858997817899364
}