{
    "DOWN": {
        "precision": 0.8738461538461538,
        "recall": 0.5498547918683446,
        "f1-score": 0.6749851455733809,
        "support": 1033
    },
    "UP": {
        "precision": 0.2779503105590062,
        "recall": 0.685823754789272,
        "f1-score": 0.39558011049723757,
        "support": 261
    },
    "accuracy": 0.5772797527047914,
    "macro avg": {
        "precision": 0.5758982322025801,
        "recall": 0.6178392733288083,
        "f1-score": 0.5352826280353092,
        "support": 1294
    },
    "weighted avg": {
        "precision": 0.7536538701537693,
        "recall": 0.5772797527047914,
        "f1-score": 0.6186291068138188,
        "support": 1294
    }
}