{
    "R2": 0.8626981454518527,
    "RMSE": 50.29628943543989,
    "MSE": 2529.7167309735423,
    "MAPE": 0.08274094445651618,
    "ACMAPE": 0.9281814390469334
}