{
    "DOWN": {
        "precision": 0.6994219653179191,
        "recall": 0.8120805369127517,
        "f1-score": 0.7515527950310559,
        "support": 149
    },
    "UP": {
        "precision": 0.2222222222222222,
        "recall": 0.13333333333333333,
        "f1-score": 0.16666666666666669,
        "support": 60
    },
    "accuracy": 0.6172248803827751,
    "macro avg": {
        "precision": 0.46082209377007066,
        "recall": 0.4727069351230425,
        "f1-score": 0.4591097308488613,
        "support": 209
    },
    "weighted avg": {
        "precision": 0.5624268237593458,
        "recall": 0.6172248803827751,
        "f1-score": 0.5836429017207049,
        "support": 209
    }
}