{
    "R2": 0.9171197050574657,
    "RMSE": 96.49152703485244,
    "MSE": 9310.614789517658,
    "MAPE": 0.05701608538620613,
    "ACMAPE": 1.0037245493360494
}