{
    "DOWN": {
        "precision": 0.5891038696537678,
        "recall": 0.5232926277702397,
        "f1-score": 0.554251497005988,
        "support": 2211
    },
    "UP": {
        "precision": 0.43302850995158687,
        "recall": 0.4993796526054591,
        "f1-score": 0.4638432728320369,
        "support": 1612
    },
    "accuracy": 0.5132095213183364,
    "macro avg": {
        "precision": 0.5110661898026774,
        "recall": 0.5113361401878493,
        "f1-score": 0.5090473849190125,
        "support": 3823
    },
    "weighted avg": {
        "precision": 0.5232933857824846,
        "recall": 0.5132095213183364,
        "f1-score": 0.5161301113485438,
        "support": 3823
    }
}