{
    "DOWN": {
        "precision": 0.7506617257808365,
        "recall": 0.5389585708855948,
        "f1-score": 0.6274336283185842,
        "support": 2631
    },
    "UP": {
        "precision": 0.31930415263748596,
        "recall": 0.5471153846153847,
        "f1-score": 0.40326009922041106,
        "support": 1040
    },
    "accuracy": 0.5412694088804141,
    "macro avg": {
        "precision": 0.5349829392091612,
        "recall": 0.5430369777504898,
        "f1-score": 0.5153468637694976,
        "support": 3671
    },
    "weighted avg": {
        "precision": 0.628457455535921,
        "recall": 0.5412694088804141,
        "f1-score": 0.5639249194484943,
        "support": 3671
    }
}