{
    "DOWN": {
        "precision": 0.8013856812933026,
        "recall": 0.6343692870201096,
        "f1-score": 0.7081632653061223,
        "support": 547
    },
    "UP": {
        "precision": 0.41002949852507375,
        "recall": 0.6177777777777778,
        "f1-score": 0.4929078014184397,
        "support": 225
    },
    "accuracy": 0.6295336787564767,
    "macro avg": {
        "precision": 0.6057075899091882,
        "recall": 0.6260735323989437,
        "f1-score": 0.600535533362281,
        "support": 772
    },
    "weighted avg": {
        "precision": 0.687324617662666,
        "recall": 0.6295336787564767,
        "f1-score": 0.6454268930590645,
        "support": 772
    }
}