{
    "DOWN": {
        "precision": 0.9183673469387755,
        "recall": 0.45454545454545453,
        "f1-score": 0.6081081081081081,
        "support": 99
    },
    "UP": {
        "precision": 0.2702702702702703,
        "recall": 0.8333333333333334,
        "f1-score": 0.4081632653061225,
        "support": 24
    },
    "accuracy": 0.5284552845528455,
    "macro avg": {
        "precision": 0.5943188086045229,
        "recall": 0.6439393939393939,
        "f1-score": 0.5081356867071153,
        "support": 123
    },
    "weighted avg": {
        "precision": 0.791909380759555,
        "recall": 0.5284552845528455,
        "f1-score": 0.569094480244306,
        "support": 123
    }
}