{
    "R2": 0.9311775346921503,
    "RMSE": 224.83285857013036,
    "MSE": 50549.81429281624,
    "MAPE": 7350747644734.108,
    "ACMAPE": 7350747644734.907
}