{
    "R2": 0.3213969450832225,
    "RMSE": 12.42024940992551,
    "MSE": 154.262595404755,
    "MAPE": 0.021572586882155423,
    "ACMAPE": 1.0215725868821555
}