{
    "R2": 0.9893803949149259,
    "RMSE": 27.683414649008725,
    "MSE": 766.3714466289508,
    "MAPE": 0.03707458099738753,
    "ACMAPE": 0.9846038728975404
}