{
    "DOWN": {
        "precision": 0.6330532212885154,
        "recall": 0.3698854337152209,
        "f1-score": 0.4669421487603306,
        "support": 611
    },
    "UP": {
        "precision": 0.38596491228070173,
        "recall": 0.6487935656836461,
        "f1-score": 0.48400000000000004,
        "support": 373
    },
    "accuracy": 0.47560975609756095,
    "macro avg": {
        "precision": 0.5095090667846085,
        "recall": 0.5093394996994335,
        "f1-score": 0.47547107438016534,
        "support": 984
    },
    "weighted avg": {
        "precision": 0.5393906813902283,
        "recall": 0.47560975609756095,
        "f1-score": 0.4734081838339045,
        "support": 984
    }
}