{
    "R2": 0.972141102195772,
    "RMSE": 18.050522198413056,
    "MSE": 325.82135163540244,
    "MAPE": 0.0342943304877735,
    "ACMAPE": 0.9861878821766169
}