{
    "R2": 0.9863211573729583,
    "RMSE": 39.128864534470075,
    "MSE": 1531.06803975691,
    "MAPE": 111004080450103.56,
    "ACMAPE": 111004080450104.89
}