{
    "R2": -34.813958460306075,
    "RMSE": 94.23559813891403,
    "MSE": 8880.347956598896,
    "MAPE": 0.6515756983715564,
    "ACMAPE": 1.8236687216273704
}