{
    "R2": 0.8899244375921637,
    "RMSE": 78.65320761775777,
    "MSE": 6186.327068562108,
    "MAPE": 0.045077760289925974,
    "ACMAPE": 0.8338445490567148
}