{
    "R2": 0.8780810063233588,
    "RMSE": 36.558364596113385,
    "MSE": 1336.5140219423565,
    "MAPE": 0.07549039346139512,
    "ACMAPE": 1.1028127978329798
}