{
    "DOWN": {
        "precision": 0.7280385078219013,
        "recall": 0.5560661764705882,
        "f1-score": 0.6305367378843147,
        "support": 1088
    },
    "UP": {
        "precision": 0.32729805013927576,
        "recall": 0.5097613882863341,
        "f1-score": 0.3986429177268872,
        "support": 461
    },
    "accuracy": 0.5422853453841188,
    "macro avg": {
        "precision": 0.5276682789805885,
        "recall": 0.5329137823784611,
        "f1-score": 0.5145898278056009,
        "support": 1549
    },
    "weighted avg": {
        "precision": 0.60877359433469,
        "recall": 0.5422853453841188,
        "f1-score": 0.5615225021886568,
        "support": 1549
    }
}