{
    "R2": 0.9427302471170146,
    "RMSE": 9.835390263059619,
    "MSE": 96.73490162668796,
    "MAPE": 0.03533527608999441,
    "ACMAPE": 0.953995563171334
}