{
    "R2": 0.9490478772677028,
    "RMSE": 218.50168600843773,
    "MSE": 47742.98678852991,
    "MAPE": 0.026924007323198502,
    "ACMAPE": 0.8422106315270202
}