{
    "DOWN": {
        "precision": 0.6998468606431854,
        "recall": 0.553939393939394,
        "f1-score": 0.6184032476319351,
        "support": 825
    },
    "UP": {
        "precision": 0.3698630136986301,
        "recall": 0.5242718446601942,
        "f1-score": 0.43373493975903615,
        "support": 412
    },
    "accuracy": 0.5440582053354891,
    "macro avg": {
        "precision": 0.5348549371709077,
        "recall": 0.5391056192997941,
        "f1-score": 0.5260690936954856,
        "support": 1237
    },
    "weighted avg": {
        "precision": 0.5899411654603586,
        "recall": 0.5440582053354891,
        "f1-score": 0.5568969074188111,
        "support": 1237
    }
}