{
    "R2": 0.9442048854524829,
    "RMSE": 10.503961627210817,
    "MSE": 110.33320986591733,
    "MAPE": 0.03444127510663551,
    "ACMAPE": 1.0302918975132744
}