{
    "R2": 0.750879279088424,
    "RMSE": 22.195246147998756,
    "MSE": 492.62895157025366,
    "MAPE": 0.10440187094330781,
    "ACMAPE": 1.5400865182462125
}