{
    "DOWN": {
        "precision": 0.6570680628272252,
        "recall": 0.38794435857805254,
        "f1-score": 0.48785228377065115,
        "support": 647
    },
    "UP": {
        "precision": 0.4150664697193501,
        "recall": 0.6820388349514563,
        "f1-score": 0.5160697887970616,
        "support": 412
    },
    "accuracy": 0.502360717658168,
    "macro avg": {
        "precision": 0.5360672662732876,
        "recall": 0.5349915967647545,
        "f1-score": 0.5019610362838564,
        "support": 1059
    },
    "weighted avg": {
        "precision": 0.5629182456785523,
        "recall": 0.502360717658168,
        "f1-score": 0.4988301988517475,
        "support": 1059
    }
}