{
    "R2": 0.7430304464734984,
    "RMSE": 16.249063688215674,
    "MSE": 264.03207074368913,
    "MAPE": 0.046259820115257186,
    "ACMAPE": 0.9882123267115633
}