{
    "DOWN": {
        "precision": 0.8241401687216093,
        "recall": 0.36567808810826374,
        "f1-score": 0.5065815715995213,
        "support": 3473
    },
    "UP": {
        "precision": 0.14579294300116324,
        "recall": 0.5811437403400309,
        "f1-score": 0.23310601363918168,
        "support": 647
    },
    "accuracy": 0.3995145631067961,
    "macro avg": {
        "precision": 0.48496655586138626,
        "recall": 0.47341091422414733,
        "f1-score": 0.3698437926193515,
        "support": 4120
    },
    "weighted avg": {
        "precision": 0.717613310701918,
        "recall": 0.3995145631067961,
        "f1-score": 0.46363528858973013,
        "support": 4120
    }
}