{
    "DOWN": {
        "precision": 0.8,
        "recall": 0.0547945205479452,
        "f1-score": 0.10256410256410256,
        "support": 146
    },
    "UP": {
        "precision": 0.03496503496503497,
        "recall": 0.7142857142857143,
        "f1-score": 0.06666666666666667,
        "support": 7
    },
    "accuracy": 0.08496732026143791,
    "macro avg": {
        "precision": 0.4174825174825175,
        "recall": 0.38454011741682975,
        "f1-score": 0.08461538461538462,
        "support": 153
    },
    "weighted avg": {
        "precision": 0.764998400292518,
        "recall": 0.08496732026143791,
        "f1-score": 0.10092173621585386,
        "support": 153
    }
}