{
    "R2": -3012.1990234281034,
    "RMSE": 7.248395394804192,
    "MSE": 52.53923579941863,
    "MAPE": 0.14187411486783247,
    "ACMAPE": 2.1299693529630708
}