{
    "R2": 0.9880388414063933,
    "RMSE": 12.970339799925883,
    "MSE": 168.2297145255414,
    "MAPE": 0.06658473090145649,
    "ACMAPE": 1.2986050612699445
}