{
    "R2": 0.9890547918147952,
    "RMSE": 33.36496306390035,
    "MSE": 1113.2207602554345,
    "MAPE": 0.057461829478146674,
    "ACMAPE": 1.0777458051373758
}