{
    "R2": 0.9881966126028644,
    "RMSE": 30.724740635190905,
    "MSE": 944.0096870997513,
    "MAPE": 0.03232130204306855,
    "ACMAPE": 0.9861420826917766
}