{
    "DOWN": {
        "precision": 0.6312849162011173,
        "recall": 0.39372822299651566,
        "f1-score": 0.48497854077253216,
        "support": 574
    },
    "UP": {
        "precision": 0.37184115523465705,
        "recall": 0.6094674556213018,
        "f1-score": 0.4618834080717489,
        "support": 338
    },
    "accuracy": 0.47368421052631576,
    "macro avg": {
        "precision": 0.5015630357178872,
        "recall": 0.5015978393089087,
        "f1-score": 0.47343097442214055,
        "support": 912
    },
    "weighted avg": {
        "precision": 0.5351314170710036,
        "recall": 0.47368421052631576,
        "f1-score": 0.4764191604514086,
        "support": 912
    }
}