{
    "DOWN": {
        "precision": 0.9534883720930233,
        "recall": 0.23808371642874426,
        "f1-score": 0.38102613746369796,
        "support": 4133
    },
    "UP": {
        "precision": 0.03817959682345754,
        "recall": 0.7225433526011561,
        "f1-score": 0.0725268349289237,
        "support": 173
    },
    "accuracy": 0.2575476079888528,
    "macro avg": {
        "precision": 0.4958339844582404,
        "recall": 0.4803135345149502,
        "f1-score": 0.22677648619631083,
        "support": 4306
    },
    "weighted avg": {
        "precision": 0.9167144709964987,
        "recall": 0.2575476079888528,
        "f1-score": 0.3686317158802061,
        "support": 4306
    }
}