{
    "DOWN": {
        "precision": 0.8167770419426048,
        "recall": 0.5481481481481482,
        "f1-score": 0.6560283687943262,
        "support": 675
    },
    "UP": {
        "precision": 0.26506024096385544,
        "recall": 0.5699481865284974,
        "f1-score": 0.36184210526315796,
        "support": 193
    },
    "accuracy": 0.5529953917050692,
    "macro avg": {
        "precision": 0.5409186414532301,
        "recall": 0.5590481673383227,
        "f1-score": 0.5089352370287421,
        "support": 868
    },
    "weighted avg": {
        "precision": 0.694102684121293,
        "recall": 0.5529953917050692,
        "f1-score": 0.5906159853133176,
        "support": 868
    }
}