{
    "DOWN": {
        "precision": 0.7767820773930754,
        "recall": 0.5768300060496068,
        "f1-score": 0.6620378406526645,
        "support": 3306
    },
    "UP": {
        "precision": 0.26830543933054396,
        "recall": 0.48350612629594725,
        "f1-score": 0.34510595358224017,
        "support": 1061
    },
    "accuracy": 0.5541561712846348,
    "macro avg": {
        "precision": 0.5225437583618097,
        "recall": 0.530168066172777,
        "f1-score": 0.5035718971174523,
        "support": 4367
    },
    "weighted avg": {
        "precision": 0.6532433292858288,
        "recall": 0.5541561712846348,
        "f1-score": 0.585036528039493,
        "support": 4367
    }
}