{
    "R2": 0.9891849185097038,
    "RMSE": 17.68349060781513,
    "MSE": 312.7058400766859,
    "MAPE": 0.06835549434447478,
    "ACMAPE": 1.1003839640953645
}