{
    "R2": 0.9424961160713546,
    "RMSE": 66.81119919354103,
    "MSE": 4463.736337679017,
    "MAPE": 0.1801112844623416,
    "ACMAPE": 1.6132098760116373
}