{
    "DOWN": {
        "precision": 0.7071129707112971,
        "recall": 0.37723214285714285,
        "f1-score": 0.4919941775836973,
        "support": 448
    },
    "UP": {
        "precision": 0.288265306122449,
        "recall": 0.6174863387978142,
        "f1-score": 0.3930434782608696,
        "support": 183
    },
    "accuracy": 0.4469096671949287,
    "macro avg": {
        "precision": 0.497689138416873,
        "recall": 0.4973592408274785,
        "f1-score": 0.4425188279222835,
        "support": 631
    },
    "weighted avg": {
        "precision": 0.5856405101411558,
        "recall": 0.4469096671949287,
        "f1-score": 0.46329690662319417,
        "support": 631
    }
}