{
    "R2": 0.461011589961035,
    "RMSE": 231.04260316962643,
    "MSE": 53380.684479397474,
    "MAPE": 0.1377829418685918,
    "ACMAPE": 1.1775066033539112
}