{
    "R2": 0.6668221210836467,
    "RMSE": 11.077152609201525,
    "MSE": 122.70330992754016,
    "MAPE": 0.04930546821152673,
    "ACMAPE": 1.2493054682115268
}