{
    "DOWN": {
        "precision": 0.6795720835455935,
        "recall": 0.4728819567529245,
        "f1-score": 0.5576923076923078,
        "support": 2821
    },
    "UP": {
        "precision": 0.3090148698884758,
        "recall": 0.5139103554868625,
        "f1-score": 0.3859547301218804,
        "support": 1294
    },
    "accuracy": 0.4857837181044957,
    "macro avg": {
        "precision": 0.49429347671703466,
        "recall": 0.4933961561198935,
        "f1-score": 0.4718235189070941,
        "support": 4115
    },
    "weighted avg": {
        "precision": 0.5630469232850078,
        "recall": 0.4857837181044957,
        "f1-score": 0.5036878300796389,
        "support": 4115
    }
}