{
    "DOWN": {
        "precision": 0.8253012048192772,
        "recall": 0.24640287769784172,
        "f1-score": 0.37950138504155123,
        "support": 556
    },
    "UP": {
        "precision": 0.3401574803149606,
        "recall": 0.8816326530612245,
        "f1-score": 0.4909090909090909,
        "support": 245
    },
    "accuracy": 0.44069912609238454,
    "macro avg": {
        "precision": 0.582729342567119,
        "recall": 0.5640177653795331,
        "f1-score": 0.43520523797532107,
        "support": 801
    },
    "weighted avg": {
        "precision": 0.6769114264128383,
        "recall": 0.44069912609238454,
        "f1-score": 0.41357739994485615,
        "support": 801
    }
}