{
    "DOWN": {
        "precision": 0.6819672131147541,
        "recall": 0.43333333333333335,
        "f1-score": 0.5299363057324841,
        "support": 480
    },
    "UP": {
        "precision": 0.3414043583535109,
        "recall": 0.592436974789916,
        "f1-score": 0.43317972350230416,
        "support": 238
    },
    "accuracy": 0.4860724233983287,
    "macro avg": {
        "precision": 0.5116857857341325,
        "recall": 0.5128851540616246,
        "f1-score": 0.4815580146173941,
        "support": 718
    },
    "weighted avg": {
        "precision": 0.5690786902273225,
        "recall": 0.4860724233983287,
        "f1-score": 0.49786378961718764,
        "support": 718
    }
}