{
    "R2": 0.49647012628237674,
    "RMSE": 83.00539654729867,
    "MSE": 6889.895855974302,
    "MAPE": 0.11172352611769057,
    "ACMAPE": 1.324321951314541
}