{
    "DOWN": {
        "precision": 0.8484848484848485,
        "recall": 0.30434782608695654,
        "f1-score": 0.448,
        "support": 92
    },
    "UP": {
        "precision": 0.3191489361702128,
        "recall": 0.8571428571428571,
        "f1-score": 0.46511627906976744,
        "support": 35
    },
    "accuracy": 0.4566929133858268,
    "macro avg": {
        "precision": 0.5838168923275306,
        "recall": 0.5807453416149069,
        "f1-score": 0.4565581395348837,
        "support": 127
    },
    "weighted avg": {
        "precision": 0.7026048726501064,
        "recall": 0.4566929133858268,
        "f1-score": 0.45271708478300676,
        "support": 127
    }
}