{
    "R2": 0.9771622703817059,
    "RMSE": 21.561762431978572,
    "MSE": 464.90959917308254,
    "MAPE": 0.022295024218748755,
    "ACMAPE": 0.9847574866812112
}