{
    "R2": 0.5450493480193161,
    "RMSE": 11.705495052372143,
    "MSE": 137.0186144211087,
    "MAPE": 0.0766017279412734,
    "ACMAPE": 1.4679060757673603
}