{
    "R2": 0.6505593341982494,
    "RMSE": 10.258748004324286,
    "MSE": 105.24191061622751,
    "MAPE": 0.06920994176402734,
    "ACMAPE": 1.417036028720549
}