{
    "DOWN": {
        "precision": 0.7,
        "recall": 0.18421052631578946,
        "f1-score": 0.29166666666666663,
        "support": 38
    },
    "UP": {
        "precision": 0.1388888888888889,
        "recall": 0.625,
        "f1-score": 0.2272727272727273,
        "support": 8
    },
    "accuracy": 0.2608695652173913,
    "macro avg": {
        "precision": 0.4194444444444444,
        "recall": 0.40460526315789475,
        "f1-score": 0.25946969696969696,
        "support": 46
    },
    "weighted avg": {
        "precision": 0.6024154589371981,
        "recall": 0.2608695652173913,
        "f1-score": 0.28046772068511194,
        "support": 46
    }
}