{
    "R2": 0.6296219551562978,
    "RMSE": 19.529116210892475,
    "MSE": 381.38637997854323,
    "MAPE": 0.06969050348135125,
    "ACMAPE": 1.124235958026806
}