{
    "DOWN": {
        "precision": 0.6059523809523809,
        "recall": 0.4453193350831146,
        "f1-score": 0.513363590519415,
        "support": 1143
    },
    "UP": {
        "precision": 0.38266796494644595,
        "recall": 0.5428176795580111,
        "f1-score": 0.4488863506567675,
        "support": 724
    },
    "accuracy": 0.48312801285484736,
    "macro avg": {
        "precision": 0.49431017294941343,
        "recall": 0.49406850732056284,
        "f1-score": 0.4811249705880913,
        "support": 1867
    },
    "weighted avg": {
        "precision": 0.5193653872789492,
        "recall": 0.48312801285484736,
        "f1-score": 0.48836009739646014,
        "support": 1867
    }
}