{
    "R2": 0.12247996264197736,
    "RMSE": 646.5441656771576,
    "MSE": 418019.35817117186,
    "MAPE": 0.39572689063826666,
    "ACMAPE": 1.5542634760041205
}