{
    "DOWN": {
        "precision": 0.7911832946635731,
        "recall": 0.5074404761904762,
        "f1-score": 0.6183136899365368,
        "support": 672
    },
    "UP": {
        "precision": 0.34325396825396826,
        "recall": 0.6577946768060836,
        "f1-score": 0.45110821382007815,
        "support": 263
    },
    "accuracy": 0.5497326203208556,
    "macro avg": {
        "precision": 0.5672186314587706,
        "recall": 0.5826175764982799,
        "f1-score": 0.5347109518783075,
        "support": 935
    },
    "weighted avg": {
        "precision": 0.6651882007109249,
        "recall": 0.5497326203208556,
        "f1-score": 0.5712815613604635,
        "support": 935
    }
}