{
    "R2": 0.977971044702381,
    "RMSE": 441.58128606357485,
    "MSE": 194994.0322015607,
    "MAPE": 0.14689103878188883,
    "ACMAPE": 1.258664511211099
}