{
    "R2": 0.46942102928928775,
    "RMSE": 90.94472776396456,
    "MSE": 8270.943508061628,
    "MAPE": 0.13430907437156597,
    "ACMAPE": 0.8286957687582603
}