{
    "DOWN": {
        "precision": 0.7407407407407407,
        "recall": 0.06289308176100629,
        "f1-score": 0.11594202898550725,
        "support": 318
    },
    "UP": {
        "precision": 0.3436123348017621,
        "recall": 0.9570552147239264,
        "f1-score": 0.5056726094003241,
        "support": 163
    },
    "accuracy": 0.3659043659043659,
    "macro avg": {
        "precision": 0.5421765377712514,
        "recall": 0.5099741482424663,
        "f1-score": 0.31080731919291565,
        "support": 481
    },
    "weighted avg": {
        "precision": 0.6061629233435402,
        "recall": 0.3659043659043659,
        "f1-score": 0.2480128909556011,
        "support": 481
    }
}