{
    "DOWN": {
        "precision": 0.6584845250800427,
        "recall": 0.45234604105571846,
        "f1-score": 0.5362885701868753,
        "support": 2728
    },
    "UP": {
        "precision": 0.3631713554987212,
        "recall": 0.5710455764075067,
        "f1-score": 0.44398124022928614,
        "support": 1492
    },
    "accuracy": 0.4943127962085308,
    "macro avg": {
        "precision": 0.5108279402893819,
        "recall": 0.5116958087316126,
        "f1-score": 0.4901349052080807,
        "support": 4220
    },
    "weighted avg": {
        "precision": 0.5540752243655092,
        "recall": 0.4943127962085308,
        "f1-score": 0.5036528980786471,
        "support": 4220
    }
}