{
    "DOWN": {
        "precision": 0.6857887874837028,
        "recall": 0.7305555555555555,
        "f1-score": 0.7074646940147947,
        "support": 720
    },
    "UP": {
        "precision": 0.3333333333333333,
        "recall": 0.2869822485207101,
        "f1-score": 0.3084260731319555,
        "support": 338
    },
    "accuracy": 0.5888468809073724,
    "macro avg": {
        "precision": 0.509561060408518,
        "recall": 0.5087689020381327,
        "f1-score": 0.5079453835733752,
        "support": 1058
    },
    "weighted avg": {
        "precision": 0.5731895970273465,
        "recall": 0.5888468809073724,
        "f1-score": 0.5799835467006174,
        "support": 1058
    }
}