{
    "DOWN": {
        "precision": 0.6316793893129771,
        "recall": 0.5131782945736434,
        "f1-score": 0.5662959794696322,
        "support": 645
    },
    "UP": {
        "precision": 0.4163568773234201,
        "recall": 0.5371702637889688,
        "f1-score": 0.46910994764397906,
        "support": 417
    },
    "accuracy": 0.5225988700564972,
    "macro avg": {
        "precision": 0.5240181333181986,
        "recall": 0.5251742791813061,
        "f1-score": 0.5177029635568056,
        "support": 1062
    },
    "weighted avg": {
        "precision": 0.5471318492944787,
        "recall": 0.5225988700564972,
        "f1-score": 0.5281353624533447,
        "support": 1062
    }
}