{
    "R2": 0.9944361167361195,
    "RMSE": 13.149944494679525,
    "MSE": 172.92104021315237,
    "MAPE": 0.03247415693664616,
    "ACMAPE": 0.9062971324545369
}