{
    "R2": -0.14103818266406387,
    "RMSE": 115.71707137511676,
    "MSE": 13390.440607633866,
    "MAPE": 0.10787465241316699,
    "ACMAPE": 1.1878746524131671
}