{
    "R2": 0.9978263127965721,
    "RMSE": 145.10386702009126,
    "MSE": 21055.132224184326,
    "MAPE": 0.060843720651127906,
    "ACMAPE": 1.218659351913653
}