{
    "R2": 0.940296784782948,
    "RMSE": 35.685986096100194,
    "MSE": 1273.4896036510563,
    "MAPE": 0.10119553021141137,
    "ACMAPE": 0.893932465552421
}