{
    "R2": 0.8999203596590467,
    "RMSE": 101.98197287707889,
    "MSE": 10400.322791901253,
    "MAPE": 0.09068080719605474,
    "ACMAPE": 1.1271391405293882
}