{
    "DOWN": {
        "precision": 0.7149321266968326,
        "recall": 0.42702702702702705,
        "f1-score": 0.5346869712351947,
        "support": 370
    },
    "UP": {
        "precision": 0.30033003300330036,
        "recall": 0.5909090909090909,
        "f1-score": 0.3982494529540482,
        "support": 154
    },
    "accuracy": 0.4751908396946565,
    "macro avg": {
        "precision": 0.5076310798500665,
        "recall": 0.508968058968059,
        "f1-score": 0.4664682120946214,
        "support": 524
    },
    "weighted avg": {
        "precision": 0.5930834197716341,
        "recall": 0.4751908396946565,
        "f1-score": 0.49458892196936155,
        "support": 524
    }
}