{
    "R2": 0.45889023003690954,
    "RMSE": 781.1467241155957,
    "MSE": 610190.2045965266,
    "MAPE": 0.1080292501825035,
    "ACMAPE": 1.0292413713946247
}