{
    "DOWN": {
        "precision": 0.7627118644067796,
        "recall": 0.40540540540540543,
        "f1-score": 0.5294117647058822,
        "support": 333
    },
    "UP": {
        "precision": 0.36741214057507987,
        "recall": 0.732484076433121,
        "f1-score": 0.48936170212765956,
        "support": 157
    },
    "accuracy": 0.5102040816326531,
    "macro avg": {
        "precision": 0.5650620024909297,
        "recall": 0.5689447409192632,
        "f1-score": 0.5093867334167709,
        "support": 490
    },
    "weighted avg": {
        "precision": 0.636054605954582,
        "recall": 0.5102040816326531,
        "f1-score": 0.5165793977165334,
        "support": 490
    }
}