{
    "DOWN": {
        "precision": 0.7417218543046358,
        "recall": 0.8057553956834532,
        "f1-score": 0.7724137931034483,
        "support": 139
    },
    "UP": {
        "precision": 0.55,
        "recall": 0.4583333333333333,
        "f1-score": 0.5,
        "support": 72
    },
    "accuracy": 0.6872037914691943,
    "macro avg": {
        "precision": 0.6458609271523179,
        "recall": 0.6320443645083933,
        "f1-score": 0.6362068965517241,
        "support": 211
    },
    "weighted avg": {
        "precision": 0.676300178902106,
        "recall": 0.6872037914691943,
        "f1-score": 0.6794574276842621,
        "support": 211
    }
}