{
    "R2": 0.9717983633317825,
    "RMSE": 7.443868400877406,
    "MSE": 55.41117676958115,
    "MAPE": 0.03639632404015533,
    "ACMAPE": 0.9871580816025313
}