{
    "DOWN": {
        "precision": 0.650692225772098,
        "recall": 0.5008196721311475,
        "f1-score": 0.5660027790643817,
        "support": 1220
    },
    "UP": {
        "precision": 0.3867069486404834,
        "recall": 0.5393258426966292,
        "f1-score": 0.4504398826979472,
        "support": 712
    },
    "accuracy": 0.5150103519668737,
    "macro avg": {
        "precision": 0.5186995872062907,
        "recall": 0.5200727574138884,
        "f1-score": 0.5082213308811645,
        "support": 1932
    },
    "weighted avg": {
        "precision": 0.5534057261252503,
        "recall": 0.5150103519668737,
        "f1-score": 0.5234143824738531,
        "support": 1932
    }
}