{
    "R2": 0.7832727786159761,
    "RMSE": 2.7998078724989925,
    "MSE": 7.8389241229073345,
    "MAPE": 0.013724062838687177,
    "ACMAPE": 1.9723161953438633
}