{
    "DOWN": {
        "precision": 0.989517819706499,
        "recall": 0.9915966386554622,
        "f1-score": 0.9905561385099686,
        "support": 476
    },
    "UP": {
        "precision": 0.3333333333333333,
        "recall": 0.2857142857142857,
        "f1-score": 0.30769230769230765,
        "support": 7
    },
    "accuracy": 0.9813664596273292,
    "macro avg": {
        "precision": 0.6614255765199162,
        "recall": 0.6386554621848739,
        "f1-score": 0.6491242231011382,
        "support": 483
    },
    "weighted avg": {
        "precision": 0.9800078996141343,
        "recall": 0.9813664596273292,
        "f1-score": 0.9806595612517416,
        "support": 483
    }
}