{
    "DOWN": {
        "precision": 0.622478386167147,
        "recall": 0.5368682684341343,
        "f1-score": 0.5765124555160143,
        "support": 1207
    },
    "UP": {
        "precision": 0.3618721461187215,
        "recall": 0.44647887323943664,
        "f1-score": 0.39974779319041615,
        "support": 710
    },
    "accuracy": 0.5033907146583203,
    "macro avg": {
        "precision": 0.4921752661429343,
        "recall": 0.4916735708367854,
        "f1-score": 0.48813012435321523,
        "support": 1917
    },
    "weighted avg": {
        "precision": 0.525957556519582,
        "recall": 0.5033907146583203,
        "f1-score": 0.5110440620620891,
        "support": 1917
    }
}