{
    "DOWN": {
        "precision": 0.7508361204013378,
        "recall": 0.5647798742138365,
        "f1-score": 0.6446518305814788,
        "support": 795
    },
    "UP": {
        "precision": 0.2791666666666667,
        "recall": 0.4734982332155477,
        "f1-score": 0.3512450851900394,
        "support": 283
    },
    "accuracy": 0.5408163265306123,
    "macro avg": {
        "precision": 0.5150013935340023,
        "recall": 0.519139053714692,
        "f1-score": 0.4979484578857591,
        "support": 1078
    },
    "weighted avg": {
        "precision": 0.627011950265056,
        "recall": 0.5408163265306123,
        "f1-score": 0.5676257554926316,
        "support": 1078
    }
}