{
    "R2": 0.9200741773078485,
    "RMSE": 162.27925511583416,
    "MSE": 26334.556640949984,
    "MAPE": 0.04958815777223971,
    "ACMAPE": 0.9398573089109561
}