{
    "R2": 0.9473126842333326,
    "RMSE": 26.05015700465942,
    "MSE": 678.6106799674063,
    "MAPE": 0.022566203152572333,
    "ACMAPE": 0.986183666770036
}