{
    "DOWN": {
        "precision": 0.5495495495495496,
        "recall": 0.7408906882591093,
        "f1-score": 0.6310344827586207,
        "support": 247
    },
    "UP": {
        "precision": 0.49206349206349204,
        "recall": 0.29245283018867924,
        "f1-score": 0.3668639053254438,
        "support": 212
    },
    "accuracy": 0.5337690631808278,
    "macro avg": {
        "precision": 0.5208065208065208,
        "recall": 0.5166717592238943,
        "f1-score": 0.49894919404203225,
        "support": 459
    },
    "weighted avg": {
        "precision": 0.5229982550243989,
        "recall": 0.5337690631808278,
        "f1-score": 0.509021057016064,
        "support": 459
    }
}