{
    "R2": 0.9873964753905194,
    "RMSE": 14.229469080674045,
    "MSE": 202.47779031785865,
    "MAPE": 0.039361003048478664,
    "ACMAPE": 1.0223365766976273
}