{
    "DOWN": {
        "precision": 0.6213592233009708,
        "recall": 0.5714285714285714,
        "f1-score": 0.5953488372093023,
        "support": 112
    },
    "UP": {
        "precision": 0.48936170212765956,
        "recall": 0.5411764705882353,
        "f1-score": 0.5139664804469274,
        "support": 85
    },
    "accuracy": 0.5583756345177665,
    "macro avg": {
        "precision": 0.5553604627143152,
        "recall": 0.5563025210084034,
        "f1-score": 0.5546576588281149,
        "support": 197
    },
    "weighted avg": {
        "precision": 0.564405978124669,
        "recall": 0.5583756345177665,
        "f1-score": 0.5602346223625924,
        "support": 197
    }
}