{
    "DOWN": {
        "precision": 0.6757775683317625,
        "recall": 0.4929529047782743,
        "f1-score": 0.5700655933214073,
        "support": 2909
    },
    "UP": {
        "precision": 0.2613920881321983,
        "recall": 0.43140495867768597,
        "f1-score": 0.32553788587464916,
        "support": 1210
    },
    "accuracy": 0.4748725418790969,
    "macro avg": {
        "precision": 0.4685848282319804,
        "recall": 0.46217893172798014,
        "f1-score": 0.4478017395980282,
        "support": 4119
    },
    "weighted avg": {
        "precision": 0.5540474321235874,
        "recall": 0.4748725418790969,
        "f1-score": 0.4982329820054137,
        "support": 4119
    }
}