{
    "R2": 0.9941235615333436,
    "RMSE": 42.967509313437525,
    "MSE": 1846.2068566003402,
    "MAPE": 0.09348713192927258,
    "ACMAPE": 1.1491233196409318
}