{
    "R2": 0.9900782365035343,
    "RMSE": 169.82645808268674,
    "MSE": 28841.025864910556,
    "MAPE": 0.011153830811990817,
    "ACMAPE": 1.6538534338115496
}