{
    "DOWN": {
        "precision": 0.8352490421455939,
        "recall": 0.6184397163120567,
        "f1-score": 0.7106764466177671,
        "support": 705
    },
    "UP": {
        "precision": 0.2336182336182336,
        "recall": 0.4880952380952381,
        "f1-score": 0.3159922928709056,
        "support": 168
    },
    "accuracy": 0.5933562428407789,
    "macro avg": {
        "precision": 0.5344336378819138,
        "recall": 0.5532674772036474,
        "f1-score": 0.5133343697443363,
        "support": 873
    },
    "weighted avg": {
        "precision": 0.7194712920509817,
        "recall": 0.5933562428407789,
        "f1-score": 0.6347234823228384,
        "support": 873
    }
}