{
    "R2": 0.8103646438166383,
    "RMSE": 11.52138875187277,
    "MSE": 132.7423987717804,
    "MAPE": 0.0520930281109291,
    "ACMAPE": 0.764101529704978
}