{
    "DOWN": {
        "precision": 0.8571428571428571,
        "recall": 0.36363636363636365,
        "f1-score": 0.5106382978723404,
        "support": 66
    },
    "UP": {
        "precision": 0.373134328358209,
        "recall": 0.8620689655172413,
        "f1-score": 0.5208333333333334,
        "support": 29
    },
    "accuracy": 0.5157894736842106,
    "macro avg": {
        "precision": 0.6151385927505331,
        "recall": 0.6128526645768024,
        "f1-score": 0.5157358156028369,
        "support": 95
    },
    "weighted avg": {
        "precision": 0.7093928851980698,
        "recall": 0.5157894736842106,
        "f1-score": 0.5137504665920118,
        "support": 95
    }
}