{
    "R2": 0.7450682158874715,
    "RMSE": 26.241251270065344,
    "MSE": 688.603268218706,
    "MAPE": 0.02902445523491119,
    "ACMAPE": 0.9227574252621592
}