{
    "DOWN": {
        "precision": 0.8,
        "recall": 0.48484848484848486,
        "f1-score": 0.6037735849056605,
        "support": 66
    },
    "UP": {
        "precision": 0.38181818181818183,
        "recall": 0.7241379310344828,
        "f1-score": 0.5000000000000001,
        "support": 29
    },
    "accuracy": 0.5578947368421052,
    "macro avg": {
        "precision": 0.5909090909090909,
        "recall": 0.6044932079414838,
        "f1-score": 0.5518867924528303,
        "support": 95
    },
    "weighted avg": {
        "precision": 0.6723444976076556,
        "recall": 0.5578947368421052,
        "f1-score": 0.572095332671301,
        "support": 95
    }
}