{
    "R2": 0.0,
    "RMSE": 51.37293469355121,
    "MSE": 2639.1784190278777,
    "MAPE": 1.0273392420957153,
    "ACMAPE": 3.0273392420957155
}