{
    "R2": 0.893610988283291,
    "RMSE": 29.188606097571625,
    "MSE": 851.9747259191954,
    "MAPE": 0.030076849445481016,
    "ACMAPE": 1.033822167797541
}