{
    "R2": 0.9842636627197365,
    "RMSE": 287.1519672886333,
    "MSE": 82456.2523177323,
    "MAPE": 0.1742282662747458,
    "ACMAPE": 1.2367282662747459
}