{
    "R2": 0.981087841683661,
    "RMSE": 151.42735146987778,
    "MSE": 22930.242773181893,
    "MAPE": 211572577059237.12,
    "ACMAPE": 211572577059238.25
}