{
    "DOWN": {
        "precision": 0.9590254706533776,
        "recall": 0.20046296296296295,
        "f1-score": 0.33161018571702083,
        "support": 4320
    },
    "UP": {
        "precision": 0.025119954840530624,
        "recall": 0.7063492063492064,
        "f1-score": 0.0485145816298719,
        "support": 126
    },
    "accuracy": 0.21479982006297796,
    "macro avg": {
        "precision": 0.49207271274695413,
        "recall": 0.4534060846560847,
        "f1-score": 0.19006238367344636,
        "support": 4446
    },
    "weighted avg": {
        "precision": 0.9325585127153618,
        "recall": 0.21479982006297796,
        "f1-score": 0.3235872333744701,
        "support": 4446
    }
}