{
    "DOWN": {
        "precision": 0.9903746097814776,
        "recall": 0.8802312138728323,
        "f1-score": 0.9320602276900477,
        "support": 4325
    },
    "UP": {
        "precision": 0.14662273476112025,
        "recall": 0.7063492063492064,
        "f1-score": 0.242837653478854,
        "support": 126
    },
    "accuracy": 0.8753089193439676,
    "macro avg": {
        "precision": 0.5684986722712989,
        "recall": 0.7932902101110193,
        "f1-score": 0.5874489405844509,
        "support": 4451
    },
    "weighted avg": {
        "precision": 0.9664894746988972,
        "recall": 0.8753089193439676,
        "f1-score": 0.9125495459667022,
        "support": 4451
    }
}