{
    "DOWN": {
        "precision": 0.7166666666666667,
        "recall": 0.30882974228981835,
        "f1-score": 0.43165042810746973,
        "support": 2367
    },
    "UP": {
        "precision": 0.3303315595579206,
        "recall": 0.7363138686131386,
        "f1-score": 0.45606103419044924,
        "support": 1096
    },
    "accuracy": 0.44412359226104536,
    "macro avg": {
        "precision": 0.5234991131122937,
        "recall": 0.5225718054514785,
        "f1-score": 0.4438557311489595,
        "support": 3463
    },
    "weighted avg": {
        "precision": 0.5943960119189953,
        "recall": 0.44412359226104536,
        "f1-score": 0.4393761064981557,
        "support": 3463
    }
}