{
    "DOWN": {
        "precision": 0.7863894139886578,
        "recall": 0.5459317585301837,
        "f1-score": 0.6444616576297444,
        "support": 762
    },
    "UP": {
        "precision": 0.4044750430292599,
        "recall": 0.6752873563218391,
        "f1-score": 0.5059203444564048,
        "support": 348
    },
    "accuracy": 0.5864864864864865,
    "macro avg": {
        "precision": 0.5954322285089588,
        "recall": 0.6106095574260114,
        "f1-score": 0.5751910010430745,
        "support": 1110
    },
    "weighted avg": {
        "precision": 0.6666540976878736,
        "recall": 0.5864864864864865,
        "f1-score": 0.6010270837699947,
        "support": 1110
    }
}