{
    "R2": 0.9546382065802341,
    "RMSE": 41.65916113914697,
    "MSE": 1735.4857068174126,
    "MAPE": 0.12486121712626079,
    "ACMAPE": 1.159868827476337
}