{
    "DOWN": {
        "precision": 0.7606382978723404,
        "recall": 0.46378378378378377,
        "f1-score": 0.5762256548018804,
        "support": 1850
    },
    "UP": {
        "precision": 0.3191489361702128,
        "recall": 0.6326530612244898,
        "f1-score": 0.42427007299270075,
        "support": 735
    },
    "accuracy": 0.511798839458414,
    "macro avg": {
        "precision": 0.5398936170212766,
        "recall": 0.5482184225041368,
        "f1-score": 0.5002478638972906,
        "support": 2585
    },
    "weighted avg": {
        "precision": 0.635108440676571,
        "recall": 0.511798839458414,
        "f1-score": 0.5330197156801213,
        "support": 2585
    }
}