{
    "R2": 0.9927389468136382,
    "RMSE": 18.889978478853497,
    "MSE": 356.8312869315482,
    "MAPE": 0.02924084914800964,
    "ACMAPE": 1.074202089458087
}