{
    "R2": 0.9404125110559378,
    "RMSE": 99.5254600660606,
    "MSE": 9905.317201361024,
    "MAPE": 0.03672115579380355,
    "ACMAPE": 1.1528187167694135
}