{
    "R2": 0.9972085497724323,
    "RMSE": 23.833551245111764,
    "MSE": 568.0381649533686,
    "MAPE": 0.038827732691823484,
    "ACMAPE": 1.4868511587533166
}