{
    "DOWN": {
        "precision": 0.8063260340632603,
        "recall": 0.49492234169653526,
        "f1-score": 0.6133629465111976,
        "support": 3348
    },
    "UP": {
        "precision": 0.3023927392739274,
        "recall": 0.6480990274093722,
        "f1-score": 0.4123769338959213,
        "support": 1131
    },
    "accuracy": 0.5336012502790801,
    "macro avg": {
        "precision": 0.5543593866685939,
        "recall": 0.5715106845529537,
        "f1-score": 0.5128699402035595,
        "support": 4479
    },
    "weighted avg": {
        "precision": 0.6790769703421763,
        "recall": 0.5336012502790801,
        "f1-score": 0.56261162249515,
        "support": 4479
    }
}