{
    "DOWN": {
        "precision": 0.7142857142857143,
        "recall": 0.2903225806451613,
        "f1-score": 0.41284403669724773,
        "support": 155
    },
    "UP": {
        "precision": 0.3785310734463277,
        "recall": 0.788235294117647,
        "f1-score": 0.5114503816793893,
        "support": 85
    },
    "accuracy": 0.4666666666666667,
    "macro avg": {
        "precision": 0.546408393866021,
        "recall": 0.5392789373814042,
        "f1-score": 0.46214720918831853,
        "support": 240
    },
    "weighted avg": {
        "precision": 0.5953726123217649,
        "recall": 0.4666666666666667,
        "f1-score": 0.4477671172117562,
        "support": 240
    }
}