{
    "R2": 0.9405446077700537,
    "RMSE": 46.80568537127749,
    "MSE": 2190.7721830750197,
    "MAPE": 0.02446936602292453,
    "ACMAPE": 0.7384057963407729
}