{
    "R2": 0.8026982779434784,
    "RMSE": 201.08933239619333,
    "MSE": 40436.919603546725,
    "MAPE": 0.16399972061501425,
    "ACMAPE": 1.2055645127910535
}