{
    "DOWN": {
        "precision": 0.49214659685863876,
        "recall": 0.3805668016194332,
        "f1-score": 0.4292237442922375,
        "support": 247
    },
    "UP": {
        "precision": 0.32894736842105265,
        "recall": 0.436046511627907,
        "f1-score": 0.375,
        "support": 172
    },
    "accuracy": 0.4033412887828162,
    "macro avg": {
        "precision": 0.4105469826398457,
        "recall": 0.40830665662367005,
        "f1-score": 0.40211187214611877,
        "support": 419
    },
    "weighted avg": {
        "precision": 0.425153118836527,
        "recall": 0.4033412887828162,
        "f1-score": 0.40696483255413524,
        "support": 419
    }
}