{
    "DOWN": {
        "precision": 0.6297198538367844,
        "recall": 0.9538745387453874,
        "f1-score": 0.7586206896551725,
        "support": 542
    },
    "UP": {
        "precision": 0.4318181818181818,
        "recall": 0.058823529411764705,
        "f1-score": 0.10354223433242507,
        "support": 323
    },
    "accuracy": 0.6196531791907515,
    "macro avg": {
        "precision": 0.5307690178274831,
        "recall": 0.506349034078576,
        "f1-score": 0.43108146199379876,
        "support": 865
    },
    "weighted avg": {
        "precision": 0.555821310412497,
        "recall": 0.6196531791907515,
        "f1-score": 0.5140075785924587,
        "support": 865
    }
}