{
    "R2": 0.9908439855132289,
    "RMSE": 55.22209819889582,
    "MSE": 3049.4801294884933,
    "MAPE": 0.020551192637695424,
    "ACMAPE": 1.1338889793221754
}