{
    "DOWN": {
        "precision": 0.5875,
        "recall": 0.45410628019323673,
        "f1-score": 0.5122615803814713,
        "support": 621
    },
    "UP": {
        "precision": 0.47685185185185186,
        "recall": 0.6094674556213018,
        "f1-score": 0.535064935064935,
        "support": 507
    },
    "accuracy": 0.523936170212766,
    "macro avg": {
        "precision": 0.532175925925926,
        "recall": 0.5317868679072693,
        "f1-score": 0.5236632577232032,
        "support": 1128
    },
    "weighted avg": {
        "precision": 0.5377671887312845,
        "recall": 0.523936170212766,
        "f1-score": 0.5225109605450494,
        "support": 1128
    }
}