{
    "R2": 0.9962959837272604,
    "RMSE": 483.72406300545424,
    "MSE": 233988.96913050467,
    "MAPE": 0.26857355533246663,
    "ACMAPE": 1.2625828741698308
}