{
    "DOWN": {
        "precision": 0.7736842105263158,
        "recall": 0.6702127659574468,
        "f1-score": 0.7182410423452769,
        "support": 658
    },
    "UP": {
        "precision": 0.21660649819494585,
        "recall": 0.31746031746031744,
        "f1-score": 0.2575107296137339,
        "support": 189
    },
    "accuracy": 0.5914994096812278,
    "macro avg": {
        "precision": 0.4951453543606308,
        "recall": 0.49383654170888214,
        "f1-score": 0.4878758859795054,
        "support": 847
    },
    "weighted avg": {
        "precision": 0.6493776135598117,
        "recall": 0.5914994096812278,
        "f1-score": 0.6154334519010483,
        "support": 847
    }
}