{
    "R2": -5.583621183586722,
    "RMSE": 15.576099032510706,
    "MSE": 242.614861070581,
    "MAPE": 0.1108682052957155,
    "ACMAPE": 0.6540780818389254
}