{
    "DOWN": {
        "precision": 0.6363636363636364,
        "recall": 0.5947712418300654,
        "f1-score": 0.6148648648648649,
        "support": 306
    },
    "UP": {
        "precision": 0.36082474226804123,
        "recall": 0.40229885057471265,
        "f1-score": 0.3804347826086956,
        "support": 174
    },
    "accuracy": 0.525,
    "macro avg": {
        "precision": 0.49859418931583876,
        "recall": 0.498535046202389,
        "f1-score": 0.49764982373678024,
        "support": 480
    },
    "weighted avg": {
        "precision": 0.5364807872539832,
        "recall": 0.525,
        "f1-score": 0.5298839600470036,
        "support": 480
    }
}