{
    "R2": 0.9792561930770324,
    "RMSE": 8.11983778761258,
    "MSE": 65.93176569714115,
    "MAPE": 0.033001923419174774,
    "ACMAPE": 0.7736647324670443
}