{
    "DOWN": {
        "precision": 0.8052459016393443,
        "recall": 0.5751756440281031,
        "f1-score": 0.6710382513661203,
        "support": 2135
    },
    "UP": {
        "precision": 0.33795620437956203,
        "recall": 0.6092105263157894,
        "f1-score": 0.43474178403755864,
        "support": 760
    },
    "accuracy": 0.5841105354058722,
    "macro avg": {
        "precision": 0.5716010530094532,
        "recall": 0.5921930851719462,
        "f1-score": 0.5528900177018394,
        "support": 2895
    },
    "weighted avg": {
        "precision": 0.6825722678163962,
        "recall": 0.5841105354058722,
        "f1-score": 0.6090053273005911,
        "support": 2895
    }
}