{
    "R2": 0.7880979459281743,
    "RMSE": 22.123899536773454,
    "MSE": 489.4669307132447,
    "MAPE": 0.07233401003716249,
    "ACMAPE": 1.1262373557620695
}