{
    "DOWN": {
        "precision": 0.62531328320802,
        "recall": 0.5368477676169984,
        "f1-score": 0.5777134587554269,
        "support": 1859
    },
    "UP": {
        "precision": 0.40166782487838776,
        "recall": 0.4914965986394558,
        "f1-score": 0.4420650095602294,
        "support": 1176
    },
    "accuracy": 0.5192751235584844,
    "macro avg": {
        "precision": 0.5134905540432039,
        "recall": 0.5141721831282271,
        "f1-score": 0.5098892341578282,
        "support": 3035
    },
    "weighted avg": {
        "precision": 0.5386552736542647,
        "recall": 0.5192751235584844,
        "f1-score": 0.5251524781117524,
        "support": 3035
    }
}