{
    "DOWN": {
        "precision": 0.6200527704485488,
        "recall": 0.5053763440860215,
        "f1-score": 0.5568720379146919,
        "support": 465
    },
    "UP": {
        "precision": 0.3963254593175853,
        "recall": 0.511864406779661,
        "f1-score": 0.4467455621301775,
        "support": 295
    },
    "accuracy": 0.5078947368421053,
    "macro avg": {
        "precision": 0.5081891148830671,
        "recall": 0.5086203754328413,
        "f1-score": 0.5018088000224347,
        "support": 760
    },
    "weighted avg": {
        "precision": 0.5332112483648195,
        "recall": 0.5078947368421053,
        "f1-score": 0.5141255769193869,
        "support": 760
    }
}