{
    "R2": 0.0,
    "RMSE": 0.5843909572194483,
    "MSE": 0.34151279087986314,
    "MAPE": 0.011687664047397314,
    "ACMAPE": 0.011687664047397314
}