{
    "DOWN": {
        "precision": 0.875,
        "recall": 0.1761006289308176,
        "f1-score": 0.2931937172774869,
        "support": 159
    },
    "UP": {
        "precision": 0.06428571428571428,
        "recall": 0.6923076923076923,
        "f1-score": 0.1176470588235294,
        "support": 13
    },
    "accuracy": 0.21511627906976744,
    "macro avg": {
        "precision": 0.46964285714285714,
        "recall": 0.43420416061925493,
        "f1-score": 0.20542038805050813,
        "support": 172
    },
    "weighted avg": {
        "precision": 0.8137250830564784,
        "recall": 0.21511627906976744,
        "f1-score": 0.27992565588271107,
        "support": 172
    }
}