{
    "R2": 0.8860198822683732,
    "RMSE": 7.726872169430095,
    "MSE": 59.70455352271335,
    "MAPE": 0.08933123913129934,
    "ACMAPE": 1.4162543160543761
}