{
    "DOWN": {
        "precision": 0.6716417910447762,
        "recall": 0.4787234042553192,
        "f1-score": 0.5590062111801243,
        "support": 188
    },
    "UP": {
        "precision": 0.36363636363636365,
        "recall": 0.56,
        "f1-score": 0.44094488188976383,
        "support": 100
    },
    "accuracy": 0.5069444444444444,
    "macro avg": {
        "precision": 0.5176390773405699,
        "recall": 0.5193617021276596,
        "f1-score": 0.499975546534944,
        "support": 288
    },
    "weighted avg": {
        "precision": 0.5646954620835218,
        "recall": 0.5069444444444444,
        "f1-score": 0.5180126940654158,
        "support": 288
    }
}