{
    "R2": 0.6877249571276935,
    "RMSE": 4.277944444076551,
    "MSE": 18.30080866660543,
    "MAPE": 0.021552179374090534,
    "ACMAPE": 1.8743129155704095
}