{
    "DOWN": {
        "precision": 0.6492537313432836,
        "recall": 0.525679758308157,
        "f1-score": 0.5809682804674458,
        "support": 331
    },
    "UP": {
        "precision": 0.3458333333333333,
        "recall": 0.4689265536723164,
        "f1-score": 0.3980815347721823,
        "support": 177
    },
    "accuracy": 0.5059055118110236,
    "macro avg": {
        "precision": 0.49754353233830845,
        "recall": 0.4973031559902367,
        "f1-score": 0.48952490761981404,
        "support": 508
    },
    "weighted avg": {
        "precision": 0.5435344194382419,
        "recall": 0.5059055118110236,
        "f1-score": 0.5172459300972457,
        "support": 508
    }
}