{
    "DOWN": {
        "precision": 0.6078629032258065,
        "recall": 0.5071488645920942,
        "f1-score": 0.5529573590096286,
        "support": 1189
    },
    "UP": {
        "precision": 0.42717497556207235,
        "recall": 0.5290556900726392,
        "f1-score": 0.47268793942671716,
        "support": 826
    },
    "accuracy": 0.5161290322580645,
    "macro avg": {
        "precision": 0.5175189393939394,
        "recall": 0.5181022773323667,
        "f1-score": 0.5128226492181729,
        "support": 2015
    },
    "weighted avg": {
        "precision": 0.5337943035978937,
        "recall": 0.5161290322580645,
        "f1-score": 0.5200528723716709,
        "support": 2015
    }
}