{
    "DOWN": {
        "precision": 0.6381909547738693,
        "recall": 0.5639431616341031,
        "f1-score": 0.5987741631305988,
        "support": 1126
    },
    "UP": {
        "precision": 0.36726804123711343,
        "recall": 0.4418604651162791,
        "f1-score": 0.4011259676284307,
        "support": 645
    },
    "accuracy": 0.5194805194805194,
    "macro avg": {
        "precision": 0.5027294980054914,
        "recall": 0.502901813375191,
        "f1-score": 0.4999500653795148,
        "support": 1771
    },
    "weighted avg": {
        "precision": 0.5395205543045257,
        "recall": 0.5194805194805195,
        "f1-score": 0.5267904894440385,
        "support": 1771
    }
}