{
    "DOWN": {
        "precision": 0.6805896805896806,
        "recall": 0.4268104776579353,
        "f1-score": 0.5246212121212122,
        "support": 649
    },
    "UP": {
        "precision": 0.1895424836601307,
        "recall": 0.4009216589861751,
        "f1-score": 0.257396449704142,
        "support": 217
    },
    "accuracy": 0.42032332563510394,
    "macro avg": {
        "precision": 0.43506608212490566,
        "recall": 0.4138660683220552,
        "f1-score": 0.3910088309126771,
        "support": 866
    },
    "weighted avg": {
        "precision": 0.5575443668094123,
        "recall": 0.42032332563510394,
        "f1-score": 0.4576607347026161,
        "support": 866
    }
}