{
    "DOWN": {
        "precision": 0.6758409785932722,
        "recall": 0.3442367601246106,
        "f1-score": 0.45614035087719296,
        "support": 642
    },
    "UP": {
        "precision": 0.20415879017013233,
        "recall": 0.5046728971962616,
        "f1-score": 0.29071332436069985,
        "support": 214
    },
    "accuracy": 0.38434579439252337,
    "macro avg": {
        "precision": 0.43999988438170223,
        "recall": 0.4244548286604361,
        "f1-score": 0.3734268376189464,
        "support": 856
    },
    "weighted avg": {
        "precision": 0.5579204314874872,
        "recall": 0.38434579439252337,
        "f1-score": 0.41478359424806965,
        "support": 856
    }
}