,y_actual,y_predict
0,129.0,131.12431936734862
1,130.0,131.0346373926024
2,131.0,130.977085121498
3,132.0,130.93492209981537
4,131.0,131.3327991774187
5,132.0,132.05892622467286
6,132.0,132.3650820720473
7,133.0,132.45491976352736
8,135.0,132.7633049856526
9,135.0,133.18847232619507
10,134.0,134.05377980497173
11,131.0,134.87674048010663
12,130.0,135.22393345833143
13,130.0,134.0606358679109
14,130.0,132.76477026201164
15,131.0,131.76495566438803
16,131.0,131.57364000290679
17,130.0,131.70490377757318
18,129.0,131.91888889844915
19,128.0,131.7315191171106
20,130.0,131.48361445548323
21,130.0,131.17080760238022
22,129.0,131.05692797145576
23,129.0,131.01950525685746
24,129.0,131.1242510149451
25,129.0,131.0210121783895
26,129.0,130.8323323847608
27,129.0,130.7351379829356
28,129.0,130.81192489199137
29,129.0,130.85962807967903
30,130.0,130.9811980349976
31,130.0,131.2670876210589
32,130.0,131.60012769093564
33,128.0,131.66187571322075
34,130.0,131.57738127850376
35,130.0,131.2318684793107
36,130.0,131.1168553754165
37,130.0,131.00845706405698
38,129.0,131.14965366515105
39,128.0,131.2589097765416
40,128.0,131.229936505415
41,129.0,130.89169259957177
42,129.0,130.5303781732111
43,128.0,130.48824548007838
44,129.0,130.55489631615555
45,128.0,130.48444897936065
46,128.0,130.428560251852
47,129.0,130.43226486159014
48,129.0,130.39562027799622
49,127.0,130.47528523063886
50,128.0,130.58280763537041
51,127.0,130.48808116271096
52,128.0,130.128960803237
53,128.0,130.0949253802651
54,128.0,130.23768412801198
55,127.0,130.11038343475536
56,128.0,130.1050750331914
57,128.0,129.90077105704538
58,127.0,129.82706181680803
59,127.0,129.8733277933619
60,127.0,129.91208858547563
61,128.0,129.78767408377453
62,128.0,129.80706489112464
63,128.0,129.71638433755606
64,128.0,129.77342328663664
