,y_actual,y_predict
0,400.0,410.39011528643385
1,408.0,407.7723360131088
2,400.0,401.5788929827427
3,396.0,395.8746595846858
4,400.0,392.8149547140241
5,406.0,390.32894028482264
6,396.0,389.22051244023675
7,392.0,388.4066866497372
8,388.0,388.1986143796507
9,380.0,388.2995545362136
10,370.0,385.26837769998536
11,372.0,380.479270508305
12,365.99999999999994,373.00303412533975
13,382.0,367.0448179108587
14,396.0,361.5710378927753
15,398.0,360.0944700616171
16,408.0,363.6631087620337
17,408.0,368.383676619211
18,408.0,379.404481877171
19,418.0,387.01340626875214
20,420.0,393.4054872784174
21,418.0,399.845505293062
22,418.0,402.35063598211667
23,418.0,405.85233399873636
24,420.0,405.8912194884495
25,408.0,405.78507808803965
26,416.0,405.69593642401276
27,412.0,403.9772743337949
28,416.0,403.87748250379565
29,424.0,402.5935183084258
30,408.0,400.46494866741
31,410.0,403.55169550283455
32,420.0,402.59617522086717
33,416.0,401.5390167799158
34,412.0,401.4130836334388
35,416.0,399.270463879174
36,416.0,399.38556673002154
37,420.0,400.6492888551817
38,430.0,401.1659457439821
39,430.0,404.15533249977744
40,430.0,409.15073318118107
41,434.0,413.08499005297136
42,426.0,415.4067262349538
43,424.0,417.16226987245017
44,424.0,416.4313487566026
45,418.0,416.1402367146213
46,416.0,415.14954611711715
47,414.0,412.138318640406
48,420.0,409.7218792912356
49,414.0,407.3258846581391
50,416.0,407.3327521013137
51,416.0,406.34751042593496
52,432.0,405.5449427390003
53,418.0,404.5439622348378
54,416.0,407.6932140612547
55,422.0,409.0950280847419
56,420.0,409.88631515190457
57,418.0,410.2034784455349
58,418.0,408.69016416434096
59,416.0,408.76201338129215
60,416.0,407.8260596833205
61,416.0,406.0856019046011
62,410.0,403.7089712096362
63,408.0,400.96937925573894
64,406.0,399.8126766630668
65,408.0,397.76066212629223
66,410.0,396.94469729611535
67,408.0,395.7628441000792
68,414.0,394.7517988513297
69,408.0,394.3702842377223
70,410.0,396.07690015712564
71,406.0,396.2051749891441
72,406.0,396.141319025724
73,404.0,395.52703186280877
74,400.0,395.0054889570611
75,400.0,394.88680602927997
76,398.0,393.95900319828934
77,400.0,391.5054571397691
78,380.0,388.04131615664187
79,380.0,385.1581833822921
80,380.0,380.6926791194812
81,388.0,373.9973723483989
82,386.0,367.2083306070353
83,388.0,363.81004952976275
84,382.0,365.1856546881509
