,y_actual,y_predict
0,585.0,571.2935659212067
1,585.0,572.472419826886
2,575.0,583.1364152144531
3,585.0,581.9617420304497
4,585.0,585.9062372735641
5,575.0,591.2022760634944
6,590.0,591.9279444369421
7,600.0,585.0080554129828
8,575.0,597.4103345895907
9,575.0,614.8836099452412
10,580.0,606.4666565524227
11,575.0,590.772816518227
12,575.0,589.1023559349516
13,575.0,590.959136564678
14,580.0,597.0858706592971
15,585.0,598.1156904492027
16,590.0,599.9307852127054
17,580.0,601.248796866379
18,590.0,609.4217652211659
19,580.0,606.3932649228896
20,580.0,604.6620860119779
21,570.0,601.5810428890805
22,585.0,598.4729053232245
23,585.0,594.6675893580382
24,585.0,596.7922219359633
25,580.0,606.379867432313
26,585.0,607.2654718970657
27,600.0,606.4580915533338
28,605.0,602.851442072956
29,580.0,621.3491566923478
30,585.0,622.6652629468869
31,585.0,592.5059566103744
32,600.0,583.0942556896873
33,595.0,598.4273597270638
34,595.0,614.7615264133237
35,590.0,622.4917365742349
36,615.0,614.4126661322204
37,625.0,610.6111727089035
38,610.0,633.9420714438268
39,610.0,647.6460134700029
40,640.0,624.0991893171494
41,625.0,611.0131972468059
42,720.0,637.7301641960084
43,740.0,648.0848267928402
44,760.0,682.9368571805577
45,760.0,704.048581728697
46,760.0,699.8114829426678
47,800.0,708.8052408753633
48,800.0,772.780679517944
49,805.0,833.7505237544646
50,845.0,831.0368909078409
51,835.0,814.3128455021994
52,895.0,807.8150488716403
53,835.0,830.4264429106195
54,790.0,867.6731499631671
55,765.0,793.7915147966507
56,770.0,738.3957547432443
57,770.0,674.1235514087399
58,760.0,697.5042569540927
59,710.0,770.2536603077767
60,710.0,796.5555198591227
61,795.0,751.845152032872
