,y_actual,y_predict
0,1840.0,1790.4124103866784
1,1825.0,1783.0547588309357
2,1930.0,1782.4464619046557
3,1950.0,1774.8128358671584
4,1960.0,1866.2441498131395
5,1925.0,1938.5716823173998
6,1880.0,1943.4520631334426
7,1825.0,1954.3595003689168
8,1805.0,1909.737651991773
9,1695.0,1894.9053833455982
10,1675.0,1810.2228529348629
11,1635.0,1836.7914068905084
12,1670.0,1782.5931515336058
13,1700.0,1733.968857322138
14,1725.0,1787.15782602735
15,1640.0,1746.7216087534598
16,1585.0,1721.2004143973231
17,1510.0,1720.321690761685
18,1515.0,1679.459695553858
19,1420.0,1621.8221612482657
20,1375.0,1567.6215059359024
21,1380.0,1550.561929049934
22,1300.0,1527.686172284261
23,1220.0,1507.2185243690171
24,1135.0,1465.129759293515
25,1060.0,1436.073705892814
26,1000.0,1392.4340375882628
27,1020.0,1307.3056321661354
28,1080.0,1215.8278012364096
29,1210.0,1147.268457157542
30,1175.0,1101.643740139911
31,1180.0,1091.760410810814
32,1100.0,1129.6820186611799
33,1125.0,1197.2089875650013
34,1105.0,1238.9671791720186
35,1150.0,1221.9190377678767
36,1130.0,1196.4854655816468
37,1170.0,1163.156923766112
38,1170.0,1163.132693054322
39,1155.0,1176.733764152953
40,1170.0,1192.0636190321457
41,1155.0,1207.2851291798333
42,1155.0,1218.1329822519724
43,1155.0,1221.6297377543858
44,1160.0,1220.9359126703293
45,1150.0,1224.4447699311563
46,1160.0,1219.824617713449
47,1170.0,1221.7666100017914
48,1160.0,1222.7701041264213
49,1145.0,1223.1767775990425
50,1160.0,1221.1497194672897
51,1170.0,1223.4795391190833
52,1170.0,1223.9176227736543
53,1150.0,1221.209602775215
54,1100.0,1217.9806904607008
