,y_actual,y_predict
0,108.0,101.11074255729173
1,103.0,110.21024120703242
2,103.0,113.11905172206757
3,113.0,108.13574764256988
4,106.0,103.58925174180742
5,116.0,104.90922197451422
6,113.0,105.35670073680716
7,124.0,109.01580334125575
8,120.0,111.1350072053469
9,124.0,112.45635754290234
10,136.0,117.16302413465857
11,146.0,120.57369684480071
12,142.0,128.5595517977651
13,139.0,134.7885026247205
14,135.0,135.90431343397688
15,122.0,133.54176681024722
16,114.0,128.01414483205568
17,125.0,123.06666974856117
18,137.0,116.41106090256343
19,150.0,114.94484880845704
20,139.0,121.03503417429972
21,140.0,133.28017580626363
22,154.0,134.14462361093376
23,159.0,132.19252506000322
24,167.0,136.0551433604348
25,168.0,137.41177506067442
26,184.0,145.35355758627867
27,175.0,146.01598035974865
28,172.0,146.10117694955647
29,165.0,147.2497520747703
30,181.0,144.4786668619652
31,199.0,143.98823539301662
32,218.0,146.85778163234798
33,238.0,151.161267486545
34,216.0,152.7523606427977
35,195.0,161.13146178272132
36,192.0,155.60116156761862
37,196.0,151.9197706315091
38,214.0,149.7499192959948
39,234.0,151.87541990998432
40,212.0,156.740641157808
41,191.0,159.152046317452
42,173.0,153.23973363132302
43,178.0,149.09882667702962
44,195.0,144.2655265965062
