,y_actual,y_predict
0,53.0,56.07837360504762
1,58.0,56.517743277933704
2,54.0,58.21048506335245
3,52.0,59.29443008385024
4,56.0,60.13133780070301
5,61.0,63.607162028278395
6,66.0,62.06709034415488
7,70.0,65.23471716200389
8,64.0,61.09374040431395
9,63.0,63.07308122996136
10,65.0,64.7074037116995
11,67.0,64.71156253541953
12,70.0,64.44676292741298
13,75.0,65.47236007440853
14,82.0,64.82198830009797
15,90.0,65.9046264128873
16,87.0,68.52498562781841
17,89.0,71.85165173786979
18,89.0,76.00812752149093
19,83.0,77.6131728895536
20,75.0,80.89691210795014
21,68.0,81.70684302742806
22,62.0,76.29717899784457
23,56.0,70.50802759493169
24,56.0,67.65759838928716
25,59.0,66.88766440136867
26,63.0,67.9285846444116
27,65.0,61.15023109317784
28,69.0,59.802552626225136
29,65.0,61.39642446249289
30,65.0,62.84753382776539
31,63.0,64.92444298597965
32,64.0,65.86056457506459
33,64.0,65.68864800903444
34,64.0,64.66370431589311
35,63.0,64.73527206352323
36,63.0,64.80736627802375
37,62.0,64.98508191631493
38,61.0,64.53952427352988
39,61.0,64.08199281639565
40,63.0,63.61346375735036
41,62.0,63.19233259001515
42,62.0,62.90293719058033
43,62.0,63.160159908552416
44,59.0,63.58054238179554
45,62.0,63.772432942155405
46,61.0,63.322377843693474
47,59.0,62.95257851900453
48,57.0,62.6235340794347
49,56.0,62.445659707413746
50,58.0,62.250316688431326
51,57.0,61.42858920726914
52,57.0,60.71607582331478
53,60.0,60.26075341058656
54,59.0,60.04683854522075
55,58.0,60.363459424873724
56,58.0,60.65796869596938
57,58.0,61.05063625999422
58,56.0,61.23711664573101
59,56.0,60.84426389235477
60,57.0,60.48503887963085
61,57.0,60.14790960209126
62,57.0,59.88232690768449
63,57.0,59.76635869027483
64,58.0,59.91630386254231
65,54.0,60.00087454820295
66,55.0,60.024621114176924
67,57.0,59.98274715626293
68,56.0,59.64718669708593
69,61.0,59.27355659838514
70,65.0,58.96484065847485
71,62.0,59.4172820540077
72,63.0,60.18854014578871
73,58.0,61.495961093308935
74,60.0,63.24572532558631
75,61.0,63.61662784969717
