,y_actual,y_predict
0,3500.0,3538.2785248094
1,3530.0,3570.7603948144815
2,3540.0,3533.9039035771334
3,3540.0,3657.012086564221
4,3540.0,3719.617364763916
5,3540.0,3586.668327892574
6,3540.0,3522.857333186656
7,3540.0,3543.458927141382
8,3530.0,3569.8047405822226
9,3530.0,3586.414607727756
10,3540.0,3573.5121069205848
11,3530.0,3661.3481776695953
12,3530.0,3865.993399200499
13,3490.0,3923.176308548463
14,3600.0,3637.543663950293
15,3620.0,3574.920629148827
16,3690.0,3583.736094625415
17,3680.0,3607.2401413129587
18,3500.0,3640.552370561233
19,3580.0,3578.4166615509525
20,3570.0,3508.3404875058714
21,3540.0,3505.0141287264055
22,3540.0,3486.9583515122026
23,3500.0,3516.784106882783
24,3520.0,3521.3893811722323
25,3530.0,3513.4516061416143
26,3530.0,3518.9064661252028
27,3500.0,3513.4020122463244
28,3540.0,3511.70951824642
29,3530.0,3517.218090791989
30,3530.0,3516.84682130565
31,3530.0,3517.7122973307146
32,3530.0,3518.715578794919
33,3480.0,3524.6739612264537
34,3480.0,3524.7032964299588
35,3480.0,3550.387796153596
36,3480.0,3535.4765083380025
37,3480.0,3498.997309493487
38,3470.0,3491.824208694844
39,3470.0,3491.991915332388
40,3470.0,3489.0824638425756
41,3450.0,3485.538114894933
42,3450.0,3484.7384950631704
43,3450.0,3479.505701360257
44,3450.0,3471.013943135772
45,3450.0,3466.852460330586
46,3450.0,3465.815156105349
47,3450.0,3467.997956781456
48,3450.0,3467.7683102234455
49,3450.0,3467.9088442792677
50,3460.0,3468.136083991431
51,3600.0,3468.4192191589214
52,3600.0,3473.738526099216
53,3600.0,3528.8702879518437
54,3460.0,3571.3063292326765
55,3450.0,3617.4531785127247
56,3450.0,3655.2418321371947
57,3450.0,3631.020910918789
58,3450.0,3517.355950288629
59,3450.0,3463.424810666361
60,3490.0,3465.069250122651
61,3390.0,3467.9492458253376
62,3450.0,3490.7081216156566
63,3450.0,3453.3825694259276
64,3450.0,3401.8893201012593
65,3450.0,3421.5878268815336
66,3450.0,3395.749325061995
67,3450.0,3449.9194245773283
68,3450.0,3456.122962921131
69,3470.0,3481.541650331963
70,3470.0,3467.9520825570207
71,3450.0,3465.7659303158944
72,3450.0,3471.4204117773174
73,3500.0,3453.8031985583893
74,3490.0,3458.0894383518053
75,3580.0,3488.6077777728965
76,3580.0,3506.759120281617
77,3580.0,3516.930450832806
78,3580.0,3548.3504461916737
79,3380.0,3566.1128501339513
80,3390.0,3548.4499377339225
81,3390.0,4081.198882126534
82,3390.0,4012.9356885270627
83,3420.0,3723.13421187783
84,3420.0,3454.126712104449
85,3420.0,3410.3779899692677
