,y_actual,y_predict
0,6775.0,6727.867704747945
1,6800.0,6717.934104998991
2,6625.0,6706.455823354707
3,6575.0,6695.403896353251
4,6575.0,6677.269433344276
5,6550.0,6653.715168652818
6,6550.0,6623.312521533424
7,6925.0,6590.8668844321455
8,7075.0,6572.36240998543
9,7100.0,6598.2466247487555
10,7125.0,6656.161097919573
11,7000.0,6740.431751662569
12,7025.0,6821.854634448842
13,7025.0,6842.720157489715
14,6975.0,6834.786497611399
15,6975.0,6816.337878549813
16,7000.0,6803.383331759234
17,7050.0,6799.631508466331
18,6975.0,6800.303480457746
19,6975.0,6796.5631209338435
20,7100.0,6801.240826506026
21,7000.0,6805.161435504213
22,6950.0,6812.710693256043
23,6750.0,6815.582977165627
24,6850.0,6819.363825746001
25,6825.0,6801.215215958258
26,6750.0,6761.516671729313
27,6825.0,6731.693920584363
28,6750.0,6712.086241303828
29,6725.0,6706.899983425983
30,6775.0,6702.445821349313
31,6725.0,6692.321240087008
32,6725.0,6685.290412994979
33,6725.0,6675.538526180182
34,6725.0,6666.431171484192
35,6775.0,6666.042257023099
36,6700.0,6661.347355797418
37,6700.0,6663.993047336757
38,6725.0,6664.936856999472
39,6600.0,6661.843590649154
40,6625.0,6653.876880968719
41,6600.0,6641.534548224766
42,6500.0,6627.311669544765
43,6425.0,6612.83122192722
44,6375.0,6590.787125869099
45,6500.0,6571.732512465346
46,6525.0,6552.5309432994045
47,6550.0,6534.4918490921145
48,6400.0,6532.775942391713
49,6400.0,6544.65862678074
50,6550.0,6553.233160128183
51,6500.0,6540.269222803424
52,6525.0,6526.581482616768
53,6525.0,6518.999784837766
54,6425.0,6527.523340999653
55,6450.0,6538.365261509418
56,6525.0,6533.350228436645
57,6450.0,6523.990792777633
58,6500.0,6518.49391554187
59,6475.0,6511.162103536082
60,6500.0,6511.695046839618
61,6500.0,6516.209942500994
62,6500.0,6515.698097410618
63,6500.0,6520.367022223565
64,6450.0,6520.858378875728
65,6400.0,6526.21073944909
66,6400.0,6530.814052477757
67,6450.0,6525.8456062109235
68,6400.0,6511.446258661308
69,6400.0,6491.709429047032
70,6425.0,6478.7050026658035
71,6350.0,6478.704148980878
72,6375.0,6479.250019513287
73,6375.0,6473.352886002419
74,6375.0,6468.0391851606855
75,6400.0,6460.841523643203
76,6375.0,6455.544774544991
