,y_actual,y_predict
0,1165.0,1178.558012624057
1,1115.0,1177.8450007646873
2,1125.0,1170.7397021410816
3,1100.0,1155.1483820988926
4,1095.0,1139.6237794101528
5,1115.0,1127.597837124734
6,1065.0,1112.2545575535125
7,1115.0,1124.5817231167055
8,1115.0,1104.6165152895671
9,1070.0,1110.347121952949
10,1065.0,1128.264612584324
11,1100.0,1121.8181279222833
12,1100.0,1105.0562487292304
13,1100.0,1098.2626825607917
14,1100.0,1106.214547173136
15,1090.0,1114.8132038850272
16,1190.0,1128.6403554836118
17,1220.0,1119.7001106989596
18,1205.0,1152.3621563463346
19,1215.0,1193.71674467106
20,1205.0,1257.5592111352385
21,1125.0,1252.9763937383693
22,1050.0,1235.7770700363353
23,1090.0,1187.5966615242976
24,1015.0,1111.2319628434425
25,1025.0,1087.5499893745894
26,1010.0,1062.8927124939344
27,940.0,1055.2402002073286
28,975.0,1041.5711838632647
29,940.0,982.1214838862275
30,955.0,969.2728999136352
31,995.0,955.6348537968886
32,1020.0,954.6613218183971
33,1005.0,982.7769540186218
34,1020.0,1021.971169950531
35,1020.0,1041.9149215404923
36,1005.0,1053.9337183814334
37,995.0,1043.240232309216
38,1010.0,1023.4738230877609
39,1060.0,1007.8810699759275
40,1080.0,1014.0095923105965
41,1035.0,1038.800104860699
42,1065.0,1079.147523877778
43,1010.0,1080.2705329816877
44,1040.0,1083.9164412909804
45,1040.0,1061.6890932225217
46,1035.0,1052.2596939992166
47,1025.0,1057.1596775736548
48,1040.0,1061.8160791160199
49,1065.0,1060.5470959458223
50,1065.0,1062.6040285755494
51,1065.0,1080.6212966809221
52,1075.0,1091.0942691615933
53,1080.0,1088.6244930517823
54,1055.0,1088.4047557062936
55,1070.0,1094.0699387596553
56,1090.0,1082.7350146953124
57,1075.0,1084.7221249873608
58,1080.0,1095.9173446651107
59,1090.0,1107.7129409089225
60,1145.0,1108.4879927416519
61,1105.0,1122.2739037804668
62,1105.0,1139.286669680031
63,1105.0,1149.5910574400239
64,1105.0,1135.4327672348365
65,1105.0,1132.0214842723394
66,1125.0,1124.025453249702
67,1130.0,1123.0273600498035
68,1130.0,1124.8172640357736
69,1130.0,1148.4896837069969
70,1130.0,1166.1415787642593
71,1130.0,1171.2980021900814
72,1130.0,1148.4571410838198
73,1130.0,1142.7130197775407
74,1125.0,1153.7283295036716
75,1110.0,1162.096660077701
