,y_actual,y_predict
0,178.0,192.69315467388134
1,179.0,190.5455657324095
2,171.0,184.39954953654714
3,166.0,180.86976505099378
4,165.0,174.98171190380177
5,167.0,169.75834480497952
6,166.0,165.56758567831727
7,172.0,164.5347752657612
8,166.0,166.0402570110358
9,165.0,168.66411397626257
10,170.0,170.43649313968643
11,160.0,168.89528741252263
12,165.0,169.1970315708449
13,165.0,167.43144090870186
14,155.0,165.8700316300125
15,159.0,164.70257811004512
16,158.0,160.9478958405092
17,161.0,160.14961937478756
18,157.0,158.5218703783134
19,168.0,159.0224514936337
20,164.0,161.35320850544946
21,164.0,162.00854855553501
22,164.0,163.74197143874608
23,162.0,164.83695129692836
24,159.0,166.3116216139245
25,158.0,164.75183860641675
26,152.0,164.91912860169734
27,159.0,163.15707389847194
28,156.0,160.3590304684725
29,153.0,158.90924007615064
30,151.0,159.67307468249135
31,161.0,158.8177302691239
32,158.0,158.46305469524833
33,158.0,157.64448020581636
34,156.0,159.0408263335816
35,161.0,160.61543472609327
36,157.0,161.28242184696478
37,160.0,160.92811066580214
38,159.0,161.78927861456256
39,157.0,162.05385471617046
40,158.0,162.1308562948138
41,159.0,160.77752875120865
42,157.0,161.07605410723377
43,159.0,161.19102675616244
44,159.0,161.05732837059935
45,157.0,161.19936730047962
46,157.0,161.0578344715895
47,157.0,160.37673050710026
48,153.0,159.86598688389836
49,151.0,159.6338349857241
50,152.0,159.08769803327988
51,153.0,157.72277740299438
52,152.0,156.876171666723
53,152.0,156.30457446046915
54,152.0,157.17348912838503
55,153.0,156.4002747836941
56,150.0,155.83036458074065
57,149.0,155.81572814010642
58,144.0,156.2963216403236
59,140.0,155.41577339764822
60,141.0,152.7986711936362
61,142.0,149.13564718741748
62,140.0,146.42063805986362
63,141.0,145.32350558547
64,140.0,146.02523822631647
65,139.0,147.31445289649332
66,139.0,147.14264848038084
67,139.0,146.53893747930067
68,138.0,146.6549223302096
69,137.0,145.10928315837234
70,136.0,144.74425613224557
71,149.0,143.94939416120394
72,156.0,142.79323681533606
73,148.0,144.7303552250503
74,156.0,153.80282954213834
75,152.0,164.25658167351247
