,y_actual,y_predict
0,204.0,203.41421493904568
1,202.0,202.57470085437762
2,204.0,201.5001975027959
3,206.0,202.538838470128
4,208.0,203.04908046636984
5,204.0,204.43630299983445
6,206.0,206.61711473800528
7,204.0,205.62623861133793
8,202.0,204.05654319849452
9,204.0,203.02154171387144
10,204.0,200.93050388252362
11,204.0,201.05122687193904
12,206.0,202.24531418964392
13,202.0,204.33573870075745
14,204.0,206.58220940291247
15,204.0,204.67784333562443
16,202.0,201.3526838767723
17,204.0,201.24411271573535
18,200.0,200.44223357819192
19,204.0,201.72839306865274
20,202.0,199.41849427061848
21,202.0,199.7554160125165
22,202.0,200.80539329450897
23,202.0,200.0587197178354
24,197.0,200.34718242144083
25,192.0,200.01062462781374
26,179.0,197.5085207040454
27,167.0,193.30432507421813
28,163.0,185.13839076081365
29,162.0,174.03403246508924
30,160.0,165.7139256202601
31,174.0,161.56225985753335
32,173.0,161.3652223075356
33,176.0,167.42700317227414
34,178.0,176.4315821383662
35,179.0,184.0400285781393
36,179.0,189.28709101911085
37,178.0,179.71146373640477
38,178.0,180.75910905355036
39,179.0,180.55080258672018
40,180.0,178.52722998114547
41,179.0,178.5141817616553
42,179.0,179.8522510591995
43,175.0,181.18817036603224
44,177.0,180.2529446258992
45,177.0,177.8210355399358
46,175.0,176.07199450693025
47,167.0,175.6441665746998
48,170.0,175.70336882676685
49,171.0,172.1989109262321
50,171.0,167.87556267638053
51,167.0,167.10030568087544
52,166.0,169.691617369712
53,165.0,170.63059716886156
54,166.0,166.296687679371
55,164.0,164.1352595565172
56,163.0,163.49826920504165
57,168.0,163.56107050112098
58,166.0,164.2459267900032
59,167.0,166.42721031296963
60,161.0,168.57013099226967
61,162.0,169.6109421696616
62,161.0,167.6078113253027
63,162.0,163.19583493170322
64,159.0,161.75482893153833
65,158.0,161.25475052775064
66,158.0,161.34779322922896
67,159.0,159.8342267274983
68,158.0,159.0935515575119
69,157.0,158.93764016212629
70,149.0,160.39146522916633
71,144.0,161.03659049847488
72,150.0,158.3782314503984
73,149.0,154.5017914578686
74,147.0,151.67139271417926
75,146.0,150.48941004637334
