,y_actual,y_predict
0,575.0,578.151216099819
1,580.0,576.515647716414
2,580.0,576.8748078914642
3,580.0,578.185802203218
4,580.0,579.6678425116487
5,575.0,580.4335808153724
6,580.0,579.6986573805573
7,570.0,578.726440149234
8,570.0,578.0899242154699
9,565.0,577.543053531125
10,560.0,577.6552888919745
11,560.0,575.042455219909
12,560.0,573.8743356296183
13,560.0,570.9657485418072
14,560.0,571.2755053256463
15,560.0,572.5579532132055
16,565.0,573.491892085372
17,560.0,572.6118210966727
18,560.0,572.488917025336
19,560.0,573.5509681774956
20,560.0,572.566450008541
21,560.0,570.3877010026952
22,550.0,572.4151772151585
23,555.0,573.1249810252403
24,560.0,571.1239890145044
25,555.0,569.7893756739403
26,555.0,570.649449686269
27,560.0,574.2540412444612
28,555.0,571.426214298631
29,555.0,570.2539461310153
30,550.0,572.8176769698249
31,550.0,572.8780408540638
32,545.0,570.1431960091128
33,550.0,569.6166404099233
34,545.0,568.0725974085485
35,520.0,569.4635423302719
36,530.0,570.0257634088753
37,540.0,567.1397203615672
38,540.0,562.1358867270017
39,520.0,564.1573868820176
40,520.0,571.9830604356974
41,515.0,569.1597221145139
42,520.0,564.575000094744
43,520.0,562.2292483645691
44,520.0,565.0887523638075
45,505.0,566.3430443331285
46,500.0,566.6126031358334
