,y_actual,y_predict
0,82.0,79.87372171043675
1,83.0,78.99036446254146
2,87.0,81.91693918066031
3,87.0,85.72562966100203
4,84.0,90.1403214516283
5,79.0,91.3912120478638
6,74.0,88.31254640332429
7,69.0,82.13955363851463
8,73.0,75.91593237346035
9,70.0,73.05061470199013
10,69.0,75.73696640827524
11,71.0,77.51631458380405
12,67.0,78.38706494661592
13,63.0,80.55499367183035
14,59.0,77.58565468465068
15,68.0,71.5462466713465
16,64.0,68.25033443146425
17,69.0,69.24759575691441
18,76.0,65.17039604082173
19,90.0,65.18904065478674
20,106.0,77.2700717061919
21,110.0,83.95555690180984
22,111.0,97.23725196902788
23,104.0,99.11566444912813
24,102.0,101.12613215252236
25,107.0,104.54554765504156
26,105.0,99.0657906649937
27,105.0,101.51770923776976
28,106.0,105.54266384277823
29,105.0,105.91165749980503
30,103.0,105.90781693261702
31,100.0,107.56988936986195
32,97.0,109.13228345836293
33,100.0,106.01245899116269
34,96.0,102.26474421359418
35,96.0,101.0432227919074
36,93.0,99.34203015865445
37,93.0,99.90129042652828
38,87.0,100.70535559220662
39,87.0,100.47318437414029
40,84.0,97.89195703018724
41,79.0,91.22497800948452
42,78.0,89.46946814517614
43,75.0,87.34780039147394
44,78.0,83.44056363655355
45,75.0,81.80722846658165
46,76.0,84.38317726353908
47,72.0,87.02263832392416
48,69.0,85.89080977629253
49,67.0,86.37943710122559
50,68.0,82.86707317409304
51,67.0,79.01968674644428
52,63.0,78.28084646921286
53,59.0,80.41125821193145
54,59.999999999999986,78.72905405738013
55,56.0,71.67723680711217
56,53.0,68.59987963488204
57,50.0,71.52542722456688
58,51.0,69.48011977126895
59,50.0,60.958968501508366
60,51.0,52.90414693811147
61,51.0,48.84052318045079
62,59.0,47.66803374416013
63,61.0,53.09685409543317
