,y_actual,y_predict
0,64.0,66.5625285746949
1,65.0,65.59884698500318
2,64.0,64.85955750485603
3,64.0,64.2685298687212
4,64.0,64.1526704236214
5,63.0,63.87049086877214
6,64.0,63.6447794611357
7,64.0,63.36693488500912
8,64.0,63.642378656991134
9,65.0,63.85854654479557
10,64.0,64.23891530785802
11,63.0,64.54465617350188
12,65.0,64.59627495502858
13,64.0,63.89118972058459
14,66.0,63.78873020512381
15,67.0,63.72584366274457
16,66.0,63.94809663888226
17,67.0,64.01554003289104
18,68.0,64.92566170185752
19,72.0,65.54985088052788
20,73.0,65.99016512627153
21,71.0,65.75522758650393
22,70.0,67.0296695432524
23,72.0,69.01000065062752
24,71.0,70.01381934765273
25,72.0,69.17634961380435
26,72.0,68.64016836327619
27,69.0,69.04623160086547
28,69.0,68.8822635429178
29,70.0,67.7114541426937
30,69.0,67.69801640511541
31,68.0,67.64254320367323
32,66.0,67.54835069262072
33,64.0,68.39596588849236
34,64.0,67.2672844820888
35,65.0,65.74091529159324
36,66.0,64.60384947718049
37,67.0,64.81549533645736
38,67.0,64.97262314223185
39,67.0,65.67356940226998
40,66.0,66.24101682364058
41,65.0,66.83867179355367
42,65.0,66.95524660466255
43,65.0,66.61139732611154
44,65.0,65.88812249308866
45,65.0,65.29138585812188
46,63.0,65.08279448236088
47,63.0,65.04659039565874
48,59.0,63.79315970369471
49,59.0,63.32961944388117
50,57.0,62.024809752321154
51,60.0,61.130149540630455
52,60.0,60.257061743138834
