,y_actual,y_predict
0,64.0,66.51422395753019
1,65.0,66.50009970737015
2,64.0,65.82952715181821
3,64.0,65.08124734168754
4,64.0,64.43043938386941
5,63.0,64.04281050151859
6,64.0,63.69979001279452
7,64.0,63.71733986124289
8,64.0,63.783871884925766
9,65.0,63.65090733213708
10,64.0,64.06489630773531
11,63.0,64.3784952550757
12,65.0,64.47390060502262
13,64.0,64.37572731594177
14,66.0,64.76977857324209
15,67.0,64.98485401059037
16,66.0,64.67899972112866
17,67.0,65.63945171684887
18,68.0,65.58428296881252
19,72.0,66.31647152099458
20,73.0,66.48178275573262
21,71.0,66.90261695823287
22,70.0,68.97660330594437
23,72.0,69.82725109652492
24,71.0,71.20119409748514
25,72.0,70.39517808175697
26,72.0,69.72854750134832
27,69.0,69.94309760732969
28,69.0,69.77274100258872
29,70.0,69.4215475318317
30,69.0,68.83992462059388
31,68.0,68.28126356532381
32,66.0,68.52805886878595
33,64.0,68.72964483137585
34,64.0,68.34396504778971
35,65.0,67.19932471122506
36,66.0,65.98400143722242
37,67.0,65.2056314821502
38,67.0,65.1561408896269
39,67.0,65.53857715000073
40,66.0,66.05719163800242
41,65.0,66.57771244210068
42,65.0,66.91367876531088
43,65.0,66.45645143641205
44,65.0,65.83742801618288
45,65.0,65.37952312921426
46,63.0,65.10849492656236
47,63.0,65.08181545572258
48,59.0,64.99749977133524
49,59.0,64.57578205699066
50,57.0,63.42645851068359
51,60.0,61.90644702366242
52,60.0,60.74536719812944
