,y_actual,y_predict
0,1685.0,1692.909313638656
1,1695.0,1678.7195144956052
2,1695.0,1641.861706678756
3,1680.0,1633.6332536115106
4,1720.0,1622.572601190222
5,1640.0,1619.7779732047702
6,1565.0,1629.7963276775595
7,1560.0,1639.2108761651982
8,1475.0,1618.411514127373
9,1515.0,1606.28538830347
10,1485.0,1611.698800428409
11,1575.0,1581.6835577402692
12,1665.0,1575.6539892289422
13,1685.0,1526.4053127527818
14,1675.0,1505.3993819948828
15,1700.0,1544.704628828528
16,1725.0,1589.0788121109308
17,1770.0,1573.5962450864843
18,1750.0,1599.7341647115252
19,1755.0,1619.4491868260063
20,1690.0,1610.2347049974599
21,1660.0,1634.9339750950694
22,1615.0,1640.8686978671253
23,1640.0,1635.84988000734
24,1615.0,1624.1317602673505
25,1580.0,1608.9544386462867
26,1490.0,1564.4769112551787
27,1505.0,1533.4491184261879
28,1525.0,1496.376166198024
29,1495.0,1531.5346445614903
30,1455.0,1545.8303921522665
31,1455.0,1529.938328841822
32,1500.0,1512.3416992829339
33,1500.0,1479.9129477924398
34,1495.0,1476.9500324102721
35,1500.0,1488.969721253219
36,1450.0,1492.1004390134995
37,1440.0,1480.3535977371087
38,1420.0,1477.0139986318216
39,1395.0,1477.1582670638084
40,1395.0,1481.2171276695153
41,1395.0,1453.4156645288833
42,1325.0,1441.0384677707714
43,1300.0,1422.6573592825034
44,1345.0,1401.7461688250487
45,1315.0,1390.9214814687261
46,1280.0,1381.6933347682354
47,1275.0,1360.0978885008353
48,1220.0,1344.3247742454523
49,1190.0,1344.0855546353678
50,1170.0,1304.884439187001
51,1150.0,1272.3698323745284
52,1140.0,1280.962815582799
53,1070.0,1233.801040599315
54,1045.0,1200.062415535102
55,1080.0,1203.6527903458832
56,1155.0,1162.3680630962342
57,1095.0,1127.8953026277775
58,1140.0,1101.5100656907593
59,1105.0,1102.7128555920513
