,y_actual,y_predict
0,344.0,336.72325643601874
1,338.0,337.13491984809355
2,340.0,336.9174383809474
3,340.0,338.1759737016197
4,338.0,336.7063848663039
5,336.0,336.2305430430621
6,336.0,336.3483117998131
7,342.0,335.25199199960116
8,344.0,335.1085692121879
9,344.0,333.95555342641876
10,338.0,333.97137052302645
11,336.0,335.76066693753626
12,330.0,336.27858657120555
13,326.0,336.1359293601578
14,324.0,334.36490566456
15,318.0,327.7982971707256
16,322.0,326.95349087383124
17,324.0,324.8378855895796
18,328.0,322.00580194109347
19,330.0,320.8031970296129
20,322.0,320.22062230515274
21,326.0,323.16063777633525
22,326.0,322.46506109136214
23,330.0,324.9441851456854
24,324.0,324.9398228048858
25,332.0,324.01629214588024
26,328.0,323.7334477909261
27,332.0,323.9770599683584
28,332.0,324.2106329840168
29,334.0,325.1951786348679
30,342.0,326.6396912330048
31,340.0,326.9866706646146
32,334.0,323.91932395453114
33,330.0,325.27393188665326
34,330.0,326.8880702066749
35,330.0,326.53840403536736
36,338.0,328.4129105438394
37,336.0,327.3264276776821
38,338.0,326.17855425391514
39,380.0,327.5050669779077
40,368.0,328.03886148753304
41,372.0,319.21946509165434
42,372.0,298.7857985517408
43,382.0,341.9376837303612
44,380.0,378.90317741688875
45,354.0,370.568426972455
46,334.0,361.5383381828599
47,340.0,368.69643386563564
48,330.0,361.36457401515037
49,334.0,344.2576256800119
50,334.0,329.76487507077513
51,342.0,324.7764661422958
52,334.0,326.564794752721
53,332.0,333.7787341756658
54,332.0,332.7302556758782
55,332.0,329.7129169917817
56,330.0,329.9804209297519
57,330.0,331.5784677012613
58,332.0,326.71130873527034
59,330.0,328.0076028600819
60,332.0,328.01593753107966
61,332.0,328.3301416273445
62,332.0,328.8633294538123
63,334.0,328.30255198851285
64,332.0,329.9609637341989
65,332.0,330.34513862130166
66,336.0,330.0175730507336
67,332.0,330.61021582664165
68,334.0,329.50911478535465
69,330.0,327.75967167636134
70,330.0,329.9754519057948
71,332.0,331.7643294200292
72,332.0,330.31112102996735
73,332.0,329.154306252045
74,330.0,329.38933819624896
75,324.0,328.81730820286066
76,324.0,329.0926123528566
77,328.0,329.65723214482045
78,332.0,325.55882740847335
79,334.0,323.5264243858293
80,330.0,324.7550733385735
81,330.0,325.13669148951226
82,334.0,323.9498025607797
83,380.0,328.64888140245387
84,372.0,330.03573021094894
85,358.0,317.69716704581674
