,y_actual,y_predict
0,344.0,348.01875791527004
1,338.0,349.88165077472604
2,340.0,350.4327213095046
3,340.0,350.62082197802056
4,338.0,349.978936752491
5,336.0,350.31059021195404
6,336.0,350.77463060329774
7,342.0,350.08935308716593
8,344.0,350.1590783157734
9,344.0,349.7062471180074
10,338.0,350.05004868545865
11,336.0,350.21935662092756
12,330.0,349.37486811044903
13,326.0,347.86792492643235
14,324.0,346.9618436306249
15,318.0,346.26199127387474
16,322.0,345.5110908628675
17,324.0,343.82471391258565
18,328.0,344.2643425292563
19,330.0,341.86725070473653
20,322.0,339.6990951031711
21,326.0,338.80523413953733
22,326.0,338.3561874890875
23,330.0,336.04251459873154
24,324.0,335.1791900206946
25,332.0,335.8267954017097
26,328.0,336.75907963198864
27,332.0,337.9186100392829
28,332.0,339.1397476767431
29,334.0,338.8706259170194
30,342.0,339.39274899828035
31,340.0,338.92618076044687
32,334.0,340.1065406228172
33,330.0,341.06752674438326
34,330.0,342.1742757169703
35,330.0,340.3001736639366
36,338.0,339.2324835308264
37,336.0,338.2680595380342
38,338.0,340.04855904675946
39,380.0,341.8836455948276
40,368.0,339.1512024325512
41,372.0,349.3511063534448
42,372.0,336.3653567075729
43,382.0,353.2003665397562
44,380.0,316.6485874321695
45,354.0,319.69948147281355
46,334.0,325.8294658760909
47,340.0,334.51074073976645
48,330.0,338.941217835852
49,334.0,359.85637413030736
50,334.0,347.95353947583294
51,342.0,347.70975396035567
52,334.0,340.9932513920941
53,332.0,347.4127247753845
54,332.0,343.66323507881657
55,332.0,346.0893465810393
56,330.0,338.70211244759014
57,330.0,340.45847463354704
58,332.0,338.3260411140919
59,330.0,341.2646554360772
60,332.0,340.99921710981005
61,332.0,341.92978240447593
62,332.0,339.7166889147402
63,334.0,339.93622154875237
64,332.0,340.513769469907
65,332.0,341.77369149493944
66,336.0,342.6252435307524
67,332.0,342.26626043952524
68,334.0,342.7487757775001
69,330.0,342.8351414584291
70,330.0,342.7982060100037
71,332.0,341.79709213101654
72,332.0,341.8974404142434
73,332.0,341.4706677025781
74,330.0,341.0676278582429
75,324.0,341.58820534193575
76,324.0,341.9850339063246
77,328.0,341.0230366461626
78,332.0,340.2823487349742
79,334.0,340.518724049027
80,330.0,339.4199775161849
81,330.0,340.45808462294576
82,334.0,339.9550576163107
83,380.0,340.78878472316126
84,372.0,333.5711329770856
85,358.0,337.43697583637015
