,y_actual,y_predict
0,98.0,109.60077966041187
1,97.0,109.01394056848928
2,97.0,102.72527744096973
3,97.0,95.02027407338528
4,103.0,95.61587628383757
5,103.0,95.74106231116829
6,103.0,94.79624934422594
7,105.0,97.8053032849502
8,103.0,96.4971735493311
9,101.0,97.14778920731143
10,102.0,97.44100102775081
11,99.99999999999999,93.6141172147209
12,99.0,99.08812915350292
13,99.99999999999999,104.99675119241752
14,99.99999999999999,108.87197225131727
15,99.99999999999999,109.10836389527041
16,99.0,107.68978215189914
17,97.0,101.8979694878729
18,96.0,99.61358776910907
19,98.0,101.35190256816112
20,99.99999999999999,100.43374609959073
21,99.0,98.09928803756418
22,98.0,99.54694169235309
23,98.0,104.07205378531947
24,101.0,102.90167022486855
25,103.0,102.0946034330944
26,101.0,101.50016062090404
27,101.0,100.81481132332704
28,99.99999999999999,101.91147647762426
29,99.99999999999999,105.57159051232925
30,99.0,104.1794623726341
31,96.0,101.781237406202
32,96.0,103.15852524814458
33,96.0,102.34690781819239
34,96.0,101.64485352399157
35,95.0,100.8004057999227
36,95.0,100.60340471191824
37,94.0,101.07829424000037
38,94.0,98.01739587366396
39,95.0,100.16638886039216
40,97.0,100.38858753728898
41,96.0,100.24501538585466
