,y_actual,y_predict
0,124.0,117.4374665685994
1,121.0,115.82741688421147
2,118.0,115.56212140928072
3,115.0,117.7728660608266
4,111.0,116.85625955180411
5,104.0,115.49640309832766
6,97.0,115.69450000995515
7,91.0,114.80749243119158
8,91.0,110.90995740936637
9,86.0,110.58096214941466
10,84.0,110.15983035578034
11,91.0,108.8537523265313
12,87.0,107.60751441605123
13,93.0,105.8443075473787
14,91.0,104.30583601589218
15,91.0,102.48076438577334
16,106.0,100.23345383113016
17,107.0,98.61855968450519
18,108.0,96.73193524694773
19,105.0,97.69275970737375
20,104.0,96.41119759308188
21,110.0,93.03772083719248
22,110.0,89.06134708585554
23,115.0,89.60896093774446
24,112.0,92.66352282985217
25,107.0,93.3412704369092
26,106.0,93.64513810737886
27,99.0,92.92968688260825
28,96.0,86.15274908561985
29,101.0,90.24591597073727
30,112.0,91.77730431122569
31,106.0,92.92674472814359
32,118.0,96.28050721409612
33,116.0,97.57900047923665
34,116.0,97.57536713255887
35,114.0,94.10056649162317
36,113.0,96.36741393059101
37,114.0,97.56246080008391
38,110.0,94.77622217180512
39,106.0,97.41288191176987
40,109.0,99.05352755589227
41,106.0,101.28053663305471
42,99.0,97.54882045817911
43,97.0,95.29377833754144
44,98.0,97.2900760174098
45,94.0,98.08434762145639
46,89.0,99.3756170104581
47,90.0,102.14922455979814
48,87.0,100.49684699828855
49,85.0,97.36475536015234
50,82.0,98.74344527224984
51,84.0,98.01847639187211
52,78.99999999999999,94.61412842271203
53,78.99999999999999,96.01738930047394
54,80.0,93.98595091915124
55,81.0,93.61035217714895
56,80.0,93.13175356190222
