,y_actual,y_predict
0,640.0,634.280383059263
1,630.0,635.9106571462552
2,630.0,663.402015707723
3,635.0,650.0848084040786
4,650.0,655.0136041481132
5,640.0,641.7209307812667
6,630.0,637.581189739831
7,625.0,633.5906066156178
8,620.0,633.6920195676018
9,620.0,623.0200276554623
10,620.0,618.1994698678884
11,625.0,620.3715500922142
12,620.0,615.5058330239169
13,605.0,616.5347700975219
14,595.0,621.3440530979645
15,630.0,611.7740137808926
16,630.0,607.3597842884823
17,660.0,607.9315963926347
18,680.0,617.2311159838023
19,675.0,631.7648277197685
20,670.0,646.9570170903033
21,670.0,655.2809819666703
22,665.0,659.9708273887684
23,670.0,653.6861257443201
24,665.0,648.0764380888997
25,660.0,648.4536473671654
26,660.0,654.3197387150018
27,650.0,656.239834963467
28,655.0,656.8644130713942
29,675.0,651.9336930970223
30,670.0,651.3147072835125
31,650.0,656.9758079682517
32,650.0,661.6496131265242
33,660.0,657.8683501836667
34,665.0,656.5240948966222
35,630.0,649.6327946714589
36,645.0,647.8190422152162
37,650.0,642.6379167351824
38,635.0,642.3729742706457
39,640.0,638.7862089223283
40,640.0,641.8653833539933
41,640.0,641.1714126895353
42,640.0,634.3595621310241
43,625.0,636.6276885086592
44,625.0,636.5825141948864
45,615.0,631.8532070178287
46,615.0,628.4731160341532
47,625.0,622.542187143787
48,615.0,622.827063431972
49,615.0,619.7236857905984
50,605.0,618.5981613739017
51,610.0,617.5245761432566
52,615.0,610.8769165514766
53,610.0,610.6526384858602
54,620.0,609.3720180973849
55,615.0,609.7849459012825
56,610.0,612.5184353595009
57,605.0,610.1673566146783
58,605.0,609.819431716855
59,575.0,606.8957140501568
60,575.0,599.1412010891694
61,570.0,587.4455787699013
62,570.0,583.7300252864452
63,595.0,577.8593338254593
