,y_actual,y_predict
0,50.0,53.49424319053571
1,50.0,53.493909182543824
2,50.0,53.49407792014526
3,50.0,53.49305624864068
4,50.0,53.49294414215205
5,50.0,53.492476068668616
6,50.0,53.493695371199536
7,50.0,53.49417731352693
8,50.0,53.49444775598403
9,50.0,53.49472860007408
10,50.0,53.49391033828082
11,50.0,53.493795920318206
12,50.0,53.49275460128468
13,50.0,53.49373235478342
14,50.0,53.49376240394532
15,50.0,53.493699994147526
16,50.0,53.49324232229705
17,50.0,53.49342839595343
18,50.0,53.49410219062218
19,50.0,53.49407560867127
20,50.0,53.49415882173499
21,50.0,53.493287396039904
22,50.0,53.49237089660197
23,50.0,53.49171443798816
24,50.0,53.493535879494075
25,50.0,53.493747379364365
26,50.0,53.49402475624344
27,50.0,53.49450091988585
28,50.0,53.49377974000026
29,50.0,53.49380978916216
30,50.0,53.49377858426326
31,50.0,53.4940663627753
32,50.0,53.493853707168014
33,50.0,53.49358442044791
34,50.0,53.4931984042912
35,50.0,53.49397390381561
36,50.0,53.494295198700534
37,50.0,53.49397390381561
38,50.0,53.49447780514593
39,50.0,53.494043248035375
40,50.0,53.493985461185574
41,50.0,53.49439805929319
42,50.0,53.49485573114366
43,50.0,53.493257346878
44,50.0,53.49386410880098
45,50.0,53.4935266335981
46,50.0,53.4936768794076
47,50.0,53.49275460128468
48,50.0,53.4926887242759
49,50.0,53.493969280867624
50,50.0,53.49449629693787
51,50.0,53.49379014163323
52,50.0,53.49214321641372
53,50.0,53.49092506961979
54,50.0,53.49036106996568
55,50.0,53.49331513372781
