,y_actual,y_predict
0,196.0,199.35073674409117
1,194.0,201.0825527138315
2,194.0,200.39340448977424
3,194.0,199.84511077300124
4,197.0,200.09036939127418
5,194.0,199.09668785322157
6,196.0,199.44355935262482
7,204.0,199.61134094582846
8,204.0,199.55931009730284
9,204.0,201.81086345035317
10,206.0,205.09774551823205
11,208.0,207.30689764215316
12,208.0,210.78944826071626
13,206.0,207.74173367509286
14,210.0,209.63338525684554
15,208.0,211.53901585669118
16,212.0,212.42270711558405
17,218.0,214.0076472845767
18,216.0,214.34336529894668
19,220.0,216.76476739937723
20,220.0,218.97519677673114
21,224.0,218.52796307237531
22,226.0,218.29001080420426
23,234.0,220.2301561417739
24,238.0,222.72130074523113
25,238.0,228.19713807740231
26,240.0,232.00935853057908
27,224.0,236.07980235789904
28,224.0,236.48500413335606
29,246.0,237.76326750182787
30,230.0,237.7801150092417
31,230.0,241.95259818992457
32,220.0,241.44711363224235
33,212.0,235.61079291954036
34,214.0,227.66337470224616
35,214.0,221.44610426837963
36,214.0,219.72000057356792
37,210.0,217.82930189070993
38,216.0,216.45973684348172
39,216.0,211.71755320321552
40,216.0,212.91245855633838
41,210.0,216.40971875847114
42,208.0,212.86010321807058
43,212.0,214.04947988406246
44,208.0,212.45631003713248
45,208.0,208.3060763454761
46,208.0,212.0928191002485
47,208.0,211.8799766981812
48,208.0,211.53754669075374
49,210.0,210.39901911255026
