,y_actual,y_predict
0,196.0,198.33053110547516
1,194.0,198.9015922587107
2,194.0,199.06442677401648
3,194.0,198.8519570715959
4,197.0,198.05689663184344
5,194.0,197.92031920839895
6,196.0,198.34946894490432
7,204.0,198.4962223666635
8,204.0,198.67884890201495
9,204.0,201.6306461740779
10,206.0,210.48472643363257
11,208.0,207.37844484896257
12,208.0,205.9524008169192
13,206.0,206.87367231448607
14,210.0,208.7378034576479
15,208.0,207.4255521064669
16,212.0,208.59241351088158
17,218.0,208.99893178757827
18,216.0,209.91214172379804
19,220.0,212.6265441547113
20,220.0,214.21815583280312
21,224.0,214.18090317424978
22,226.0,217.14242277706404
23,234.0,219.6149078972778
24,238.0,222.75198573140278
25,238.0,231.2825472457041
26,240.0,240.03157688708853
27,224.0,236.22834819918643
28,224.0,235.83630649152076
29,246.0,222.7148770844874
30,230.0,224.66631543767943
31,230.0,227.63859790168493
32,220.0,225.06929368580788
33,212.0,219.7195154420885
34,214.0,218.0665077552145
35,214.0,219.32264130956716
36,214.0,213.83697309709993
37,210.0,214.96659574966452
38,216.0,215.53555668167354
39,216.0,212.23113949716526
40,216.0,215.5222980308082
41,210.0,219.11371688935827
42,208.0,214.91093216121575
43,212.0,212.1392390575751
44,208.0,210.90051028313874
45,208.0,209.47308608805864
46,208.0,210.78843399849356
47,208.0,210.7068980703064
48,208.0,210.30474093574458
49,210.0,209.5055900710136
