,y_actual,y_predict
0,129.0,129.52514743977162
1,130.0,129.23059203640494
2,131.0,128.8229328697936
3,132.0,129.15466564336975
4,131.0,129.84679031219144
5,132.0,130.23672402570816
6,132.0,129.89657756918928
7,133.0,129.80140341091996
8,135.0,131.34988908896005
9,135.0,131.89406022736685
10,134.0,132.40403660474848
11,131.0,133.15519624863322
12,130.0,133.77174285007874
13,130.0,134.1704510204826
14,130.0,132.41744816111725
15,131.0,130.7889367564901
16,131.0,130.19631598593594
17,130.0,130.2081427624057
18,129.0,130.12764762229244
19,128.0,130.55324725783734
20,130.0,130.9228617482448
21,130.0,130.34298892728077
22,129.0,129.3982713462137
23,129.0,129.38841773614772
24,129.0,129.7674254763934
25,129.0,129.50400527183047
26,129.0,129.4027024831549
27,129.0,129.482519531212
28,129.0,129.42249344629784
29,129.0,129.15331851255587
30,130.0,128.98228178700566
31,130.0,128.9283893118119
32,130.0,129.33916371843037
33,128.0,129.583390930215
34,130.0,130.02774537889178
35,130.0,130.43861891912857
36,130.0,129.8882584932157
37,130.0,129.61376746260606
38,129.0,129.64717141800895
39,128.0,129.93426690342784
40,128.0,129.6810248696814
41,129.0,129.334983810522
42,129.0,128.86971216837134
43,128.0,128.8358329147982
44,129.0,128.89866009026218
45,128.0,128.87256395739263
46,128.0,128.66778196708682
47,129.0,128.56976733641932
48,129.0,127.75086480232824
49,127.0,127.47422768731384
50,128.0,127.57925590831407
51,127.0,127.87321379398104
52,128.0,128.8522021837805
53,128.0,128.6724163505789
54,128.0,127.96976179029474
55,127.0,127.59621454702744
56,128.0,127.53158757582555
57,128.0,127.55703549252394
58,127.0,127.49225552057774
59,127.0,127.3521756438512
60,127.0,127.6108265707747
61,128.0,127.92634036012335
62,128.0,127.71677460690053
63,128.0,127.46427539629441
64,128.0,127.3017125581218
