,y_actual,y_predict
0,342.0,374.09385686441397
1,334.0,364.16798761978254
2,336.0,357.8405457922167
3,334.0,336.5242199627927
4,346.0,317.73437097285716
5,346.0,298.680556647237
6,346.0,288.0236672867338
7,340.0,284.8793043969252
8,328.0,287.27260991797635
9,322.0,290.9071638227659
10,322.0,294.09461529664014
11,314.0,292.80616050356093
12,312.0,285.73797709632925
13,302.0,276.505515666602
14,316.0,279.5153063283436
15,314.0,276.89437421836647
16,298.0,265.43497589906895
17,278.0,262.03280318558495
18,309.99999999999994,268.9706170936389
19,320.0,271.74335686530924
20,348.0,260.7028729771047
21,329.99999999999994,254.9970105070646
22,376.0,241.24164866007789
23,434.0,274.9821750256065
24,422.0,284.6878467475302
25,394.0,304.12568011892137
26,368.0,295.585777467959
27,388.0,333.75334807062865
28,362.0,410.1893547693078
29,349.99999999999994,383.10866787985117
30,386.0,360.2459076264449
31,368.0,345.3185362928735
32,363.99999999999994,346.0797396434947
33,349.99999999999994,332.0837609546519
34,328.0,330.86123381778344
35,328.0,339.3800379206861
36,320.0,330.04297523860646
37,346.0,322.8821195367784
38,408.0,308.23361412313517
39,380.0,281.4655423401408
40,354.0,328.32877127351344
41,329.99999999999994,269.50466082521075
42,343.99999999999994,322.4190552264457
43,343.99999999999994,280.8038460250367
44,332.0,296.07936462749683
45,324.00000000000006,287.57006972935346
46,326.0,289.51924444597665
47,326.0,307.19167697307967
48,332.0,322.84030450692165
49,309.99999999999994,296.3052506923373
50,304.00000000000006,307.1835262261431
51,304.00000000000006,257.11140765638083
52,309.99999999999994,281.17440784800095
53,316.0,230.94317990574814
54,316.0,250.5140572401557
55,294.0,304.5499859294985
56,274.0,285.9245103361167
57,264.0,250.79449387694137
58,254.0,293.1008184956786
59,238.0,212.401207016659
60,222.0,196.6711993688724
61,222.0,175.5199261649135
