,y_actual,y_predict
0,276.0,265.45433476757734
1,286.0,274.9849561589939
2,280.0,275.2464279287396
3,274.0,269.66247298634164
4,258.0,250.10010404882792
5,268.0,271.50652136344763
6,262.0,274.44590869472825
7,262.0,293.7000617268683
8,266.0,348.4124918849508
9,262.0,289.1344500629141
10,280.0,234.4267098652244
11,284.0,231.08039721356218
12,280.0,242.25679307641695
13,268.0,258.60469943662684
14,264.0,249.12197523739889
15,254.0,283.45615177360855
16,258.0,307.63769120453486
17,264.0,300.3449323506128
18,270.0,261.5636628180554
19,264.0,301.98111961019833
20,270.0,328.67174898420956
21,268.0,340.2376706735024
22,270.0,322.15551542328365
23,262.0,266.23215562974275
24,264.0,257.5420606482852
25,268.0,292.31193709612637
26,264.0,284.65093861721766
27,256.0,260.551421670399
28,254.0,268.27876624646694
29,262.0,267.69123858388656
30,260.0,270.3287842101064
31,262.0,265.8392483677728
32,266.0,263.2811988657804
33,264.0,263.6821386566
34,262.0,270.53555704952475
35,262.0,270.1948741807688
36,258.0,266.3607279141029
37,260.0,262.02309755686827
38,258.0,260.4460659855525
39,278.0,264.91057143153546
40,286.0,263.3059312812221
41,290.0,255.91663956849646
42,290.0,252.7971033442264
43,294.0,257.8580499686745
44,290.0,260.8270280997816
45,282.0,258.93972066811307
46,300.0,261.22939301668737
47,304.0,272.72846333684504
48,298.0,261.14621747601905
49,300.0,247.70039901070595
50,300.0,250.42609516320417
51,288.0,255.22471494225482
52,284.0,258.76229247037907
53,288.0,271.2267432013399
54,286.0,275.76806294337
55,274.0,271.8434470816127
56,274.0,256.9298912601049
57,270.0,254.2829527574077
58,264.0,263.4687584144183
59,268.0,272.80812788506455
60,264.0,282.17427677044
61,262.0,285.27298024246784
62,264.0,282.75865619993897
63,262.0,274.0920498875206
64,262.0,278.31503532896494
65,258.0,273.0483264090505
66,264.0,272.3114196212512
67,266.0,269.67450882392427
68,260.0,274.0517965534308
69,260.0,270.72009792199816
70,260.0,275.28612416808653
71,262.0,276.7984550150881
72,260.0,273.4852052886261
73,258.0,271.09716037302775
74,250.0,264.8838956623398
75,250.0,265.0411907151831
76,234.0,267.2987718154342
77,234.0,269.14813202613425
78,222.00000000000003,268.65291366686563
79,226.0,263.9205881622074
80,236.0,257.66558021288506
