,y_actual,y_predict
0,800.0,815.8850140849434
1,800.0,819.8742715428373
2,810.0,831.8100348542554
3,820.0,828.5916489394314
4,820.0,834.9675257809781
5,820.0,846.6634618414673
6,815.0,828.415580580362
7,815.0,847.5923665565772
8,795.0,844.4020148031109
9,810.0,813.0631430520984
10,850.0,804.2382581648546
11,850.0,834.7646453574132
12,850.0,839.2700967789085
13,845.0,845.5587726887812
14,850.0,858.3304749428805
15,860.0,858.9739644907716
16,890.0,864.7595562033846
17,890.0,881.2195591325052
18,905.0,894.0320226375087
19,905.0,881.1759092890172
20,910.0,890.9368092731155
21,900.0,912.6648705824645
22,900.0,892.670304294725
23,900.0,889.9498796458689
24,900.0,892.5883065330256
25,900.0,896.0325273069252
26,900.0,903.8827837742289
27,900.0,908.5492680600627
28,900.0,899.2520612521351
29,895.0,900.7322983017425
30,895.0,896.7329431142181
31,895.0,899.453478862789
32,915.0,905.3579287535763
33,915.0,912.3247449779325
34,900.0,910.921746918909
35,900.0,895.8960104463105
36,900.0,887.612940351333
37,895.0,893.6936375951748
38,895.0,890.7246705399873
39,950.0,901.7557797351451
40,915.0,928.4667928678222
41,900.0,906.1629017368713
42,890.0,853.4356066767381
43,890.0,861.3853591108158
44,900.0,888.6331998930077
45,900.0,881.9294492765846
46,900.0,901.1682844434932
47,900.0,913.4049921933713
48,900.0,907.9526132141494
49,900.0,911.5764143325462
50,950.0,919.8047431291786
51,940.0,930.5869704466545
52,930.0,927.075040568815
53,930.0,890.4653761501497
54,930.0,880.0771701432773
55,920.0,891.9291395809407
56,900.0,895.4887435808251
57,885.0,896.6083200952891
58,880.0,897.9229198146016
59,880.0,881.509393599489
60,870.0,873.6888501336774
61,925.0,879.1729048760186
62,900.0,898.1542541095579
63,900.0,883.1996770042632
64,900.0,855.2719738620092
65,850.0,860.2245646021759
66,820.0,868.9245240323781
67,795.0,838.7760733806083
68,780.0,826.457188875046
69,780.0,812.6294961765639
70,815.0,791.5256733034206
71,830.0,808.5586544947978
72,835.0,841.4964486518134
73,835.0,807.2312597916685
74,845.0,858.2720364929166
75,875.0,854.8219336063412
