,y_actual,y_predict
0,4460.0,4473.1093529576165
1,4360.0,4475.449486132222
2,4380.0,4513.98975153002
3,4400.0,4478.761829538128
4,4350.0,4455.633642571347
5,4300.0,4446.170391232417
6,4250.0,4464.934743132414
7,4360.0,4454.05229633441
8,4300.0,4379.335162315381
9,4400.0,4443.090857455114
10,4350.0,4436.7030311478675
11,4270.0,4433.443812086743
12,4140.0,4443.607112661866
13,4150.0,4377.658649428124
14,4150.0,4376.573709105717
15,4260.0,4306.191446390331
16,4140.0,4351.802891935634
17,4200.0,4368.339522469019
18,4200.0,4327.475066987015
19,4400.0,4281.81223318663
20,4600.0,4243.199023086655
21,4650.0,4332.841551724486
22,4690.0,4391.3705752171545
23,4690.0,4449.328743482045
24,4690.0,4461.497922095107
25,4590.0,4558.049971994659
26,4520.0,4515.57225516009
27,4530.0,4534.600145476357
28,4600.0,4521.810199056677
29,4770.0,4576.267455639549
30,4990.0,4554.573973199817
31,4930.0,4608.925559789691
32,5000.0,4666.710321628505
33,5150.0,4655.149179497602
34,5075.0,4591.4828351076985
35,4940.0,4751.483176530992
36,4900.0,4746.828257091383
37,4900.0,4748.389406818158
38,4880.0,4807.294814557516
39,4970.0,4790.66973025398
40,4950.0,4815.772719253091
41,5000.0,4825.657724649504
42,5025.0,4869.157708968356
43,5000.0,4837.394443318607
44,5100.0,4820.31514008022
45,4750.0,4754.432619320202
46,4420.0,4744.443737890147
47,4450.0,4733.404753670972
48,4360.0,4654.894553008452
49,4310.0,4578.495726767897
50,4390.0,4498.740923400342
51,4530.0,4515.823583078813
52,4420.0,4437.4827090315775
53,4400.0,4523.901376968482
54,4370.0,4444.780767167879
55,4450.0,4506.2115488527
56,4450.0,4462.760580133009
57,4420.0,4335.272106237568
58,4550.0,4432.876023950766
59,4620.0,4550.0411587356875
60,4470.0,4563.49105071952
61,4460.0,4682.253764180062
62,4470.0,4711.791825793263
63,4490.0,4643.058935096176
