,y_actual,y_predict
0,482.0,476.53796815693545
1,482.0,475.30484507701937
2,482.0,476.0240587682247
3,482.0,474.5337703422368
4,482.0,474.69399649287976
5,476.0,476.68572618736596
6,480.0,476.60995784023805
7,480.0,477.69611249748294
8,468.0,477.0356527739235
9,478.0,477.55027158476247
10,484.0,480.2871168002277
11,472.0,479.87541553081195
12,482.0,476.8086664579998
13,484.0,478.58851654053575
14,482.0,481.4635643661535
15,482.0,481.4730166238021
16,482.0,478.50164360895224
17,480.0,481.62100439498204
18,482.0,481.2219969523987
19,484.0,480.0391469306946
20,484.0,481.4688945620149
21,482.0,481.53011978474774
22,484.0,480.0213574721658
23,486.0,479.0439568939183
24,484.0,480.72049736442017
25,482.0,484.3453312974791
26,484.0,481.67538866960416
27,486.0,482.44944667235393
28,484.0,484.63483726550095
29,484.0,483.90324215863376
30,484.0,484.724120384806
31,484.0,485.849156537192
32,484.0,484.94688665052263
33,482.0,484.02551019128913
34,480.0,483.9988143103671
35,470.0,484.2418181080715
36,464.0,482.79028734699017
37,470.0,479.55961826412675
38,476.0,476.74342733492176
39,476.0,472.51912106279514
40,476.0,471.30507681349496
41,470.0,470.20147135996604
42,468.0,467.5847455647274
43,468.0,466.7469272689071
44,468.0,463.57830075848415
45,468.0,464.4421835062679
46,472.0,462.6970607302144
47,470.0,463.88751479361883
48,470.0,463.796779855434
49,478.0,464.89641479012585
50,478.0,466.1414327346118
51,486.0,468.81535289720114
52,478.0,473.5025791495195
53,482.0,475.8574949709701
54,480.0,477.99972669320454
55,480.0,477.9229135942455
56,480.0,478.3154064439447
57,480.0,477.80350359614704
58,470.0,478.9592761901342
59,476.0,477.83315690322144
60,470.0,476.3353100387357
61,468.0,474.06120060744985
62,468.0,471.5501526336342
63,466.0,469.8706708734977
64,458.0,466.5109384130708
