,y_actual,y_predict
0,482.0,475.45606459515477
1,482.0,475.3173515799274
2,482.0,476.06994701273567
3,482.0,476.4791699307968
4,482.0,476.10867824386276
5,476.0,476.0199369841493
6,480.0,475.7675479742738
7,480.0,476.05301585179006
8,468.0,476.0396762280669
9,478.0,475.6502325078832
10,484.0,475.4425209701822
11,472.0,475.3371620788491
12,482.0,474.93930336924535
13,484.0,475.47299285474276
14,482.0,475.3027133611618
15,482.0,475.2065767820982
16,482.0,475.57759543450095
17,480.0,475.4560140808381
18,482.0,475.1806135341651
19,484.0,475.5954058237304
20,484.0,475.4329703148542
21,482.0,475.6555839852391
22,484.0,475.66963661211116
23,486.0,475.83259079895106
24,484.0,475.9265885585813
25,482.0,475.84737500643047
26,484.0,475.98629061973185
27,486.0,476.14148747891426
28,484.0,476.06545517036454
29,484.0,476.12720315269377
30,484.0,476.1345525765131
31,484.0,476.05930693051596
32,484.0,476.0086924767904
33,482.0,475.986819733813
34,480.0,475.8809072459102
35,470.0,475.77002256190246
36,464.0,475.6069827228937
37,470.0,475.3098267007094
38,476.0,474.48017231359944
39,476.0,473.8401485544247
40,476.0,473.8896441657313
41,470.0,474.5483699152114
42,468.0,474.72363190946703
43,468.0,474.3345052777052
44,468.0,474.10913331515246
45,468.0,474.4797773197064
46,472.0,474.139351400351
47,470.0,473.59897566683776
48,470.0,473.5741591055867
49,478.0,473.8542689429785
50,478.0,473.77963450778935
51,486.0,474.1675917097335
52,478.0,474.7786969580516
53,482.0,475.197470465667
54,480.0,475.872036312163
55,480.0,475.8259559422366
56,480.0,475.56695258247134
57,480.0,476.03145455529994
58,470.0,475.71984997690026
59,476.0,475.54379422382453
60,470.0,475.63001649125243
61,468.0,475.30410835143533
62,468.0,475.17022968493984
63,466.0,475.0680496291541
64,458.0,474.5610879468205
