,y_actual,y_predict
0,482.0,475.5682696965066
1,482.0,475.50650898693743
2,482.0,475.13723880809374
3,482.0,474.77586605155363
4,482.0,474.8763050004515
5,476.0,475.05532037214124
6,480.0,475.1576892719582
7,480.0,475.2929732771462
8,468.0,475.030974459327
9,478.0,474.7883319793044
10,484.0,475.1172018132659
11,472.0,474.87774290450795
12,482.0,474.85370744426507
13,484.0,475.2371205794013
14,482.0,475.3334955813624
15,482.0,475.14111449565576
16,482.0,475.04655707364526
17,480.0,475.14890188561674
18,482.0,475.03295340445595
19,484.0,475.26746921838355
20,484.0,475.2097650306143
21,482.0,475.0050932386929
22,484.0,474.8103306134305
23,486.0,475.04301779740064
24,484.0,474.98758710467644
25,482.0,474.924460462259
26,484.0,475.0292891286638
27,486.0,474.9610873175254
28,484.0,475.1440030492791
29,484.0,475.2470868085291
30,484.0,475.1617831533048
31,484.0,475.0910704766054
32,484.0,475.12163385989936
33,482.0,475.0872161874692
34,480.0,475.14160338537357
35,470.0,475.1528770817054
36,464.0,475.1321864409741
37,470.0,475.1185915416315
38,476.0,474.97997008360306
39,476.0,474.8702002517341
40,476.0,474.75656794553873
41,470.0,474.4177414123494
42,468.0,474.61656365809085
43,468.0,474.88292541615186
44,468.0,475.03447210803284
45,468.0,474.8783921070225
46,472.0,474.8203441412646
47,470.0,474.8566914138199
48,470.0,474.89016439836905
49,478.0,474.8423336547501
50,478.0,474.6918147888963
51,486.0,474.4873524793785
52,478.0,474.7646234589446
53,482.0,474.70534163422894
54,480.0,474.8221373995072
55,480.0,475.0926608590622
56,480.0,475.66376631062747
57,480.0,475.26650278128295
58,470.0,474.8673700468238
59,476.0,475.15804158593085
60,470.0,475.20033002033074
61,468.0,475.0623005854167
62,468.0,474.76587848246555
63,466.0,474.99345834161045
64,458.0,474.93181181544463
