,y_actual,y_predict
0,585.0,581.8949326888362
1,585.0,575.0696579372621
2,575.0,580.601422099741
3,585.0,573.7408343423255
4,585.0,579.808666452808
5,575.0,576.3907033543243
6,590.0,582.1473300591541
7,600.0,588.5254437454058
8,575.0,588.4049700653509
9,575.0,590.2937285184582
10,580.0,598.4319299448135
11,575.0,589.8376540605741
12,575.0,581.5335155632048
13,575.0,583.2834998925914
14,580.0,578.5649487286172
15,585.0,579.248582842368
16,590.0,580.8612101091263
17,580.0,584.2543041768918
18,590.0,592.8985882253728
19,580.0,595.1133255332012
20,580.0,589.4757906781346
21,570.0,592.5253452943266
22,585.0,590.1338628887545
23,585.0,588.1597754364972
24,585.0,589.2590899379318
25,580.0,589.177256617112
26,585.0,590.7204204886086
27,600.0,593.5950424360232
28,605.0,593.7708089004158
29,580.0,595.2520096226536
30,585.0,606.5073676998288
31,585.0,599.535840108465
32,600.0,596.3601318242481
33,595.0,592.6976317385227
34,595.0,596.5355851259684
35,590.0,601.2062478455395
36,615.0,600.9250336375649
37,625.0,597.3669811321365
38,610.0,597.5187241050261
39,610.0,613.390325058384
40,640.0,615.5313164714062
41,625.0,617.1688205979497
42,720.0,621.0722386847846
43,740.0,624.0019523073831
44,760.0,671.099347310875
45,760.0,746.0732429896312
46,760.0,779.354919156825
47,800.0,777.9006386808095
48,800.0,779.3202833652625
49,805.0,781.8629137346468
50,845.0,801.5363095303935
51,835.0,810.8138476477104
52,895.0,827.5981612096466
53,835.0,843.1415363661092
54,790.0,839.0856256732378
55,765.0,828.9829822049338
56,770.0,820.454075114015
57,770.0,796.6598500034177
58,760.0,799.424293493631
59,710.0,780.9745495238438
60,710.0,760.4199452843575
61,795.0,752.8516255455535
