,y_actual,y_predict
0,1840.0,1768.9681216728125
1,1825.0,1770.9984160051297
2,1930.0,1852.9398573427495
3,1950.0,1848.0869978289866
4,1960.0,1869.5201638030971
5,1925.0,1897.8398557986661
6,1880.0,1899.4727501406521
7,1825.0,1880.3721777045332
8,1805.0,1812.5581387741645
9,1695.0,1793.649562774899
10,1675.0,1764.7888813857996
11,1635.0,1760.68366578733
12,1670.0,1752.7906813903044
13,1700.0,1710.1339818122651
14,1725.0,1753.8729593219548
15,1640.0,1778.397267929404
16,1585.0,1819.1970002700673
17,1510.0,1816.1165996470058
18,1515.0,1841.3199664737508
19,1420.0,1811.038810596527
20,1375.0,1708.4809088079355
21,1380.0,1639.1818617428905
22,1300.0,1559.3846344364517
23,1220.0,1513.0641869876881
24,1135.0,1517.6439019955053
25,1060.0,1455.678051415971
26,1000.0,1452.776325097397
27,1020.0,1428.29053475528
28,1080.0,1366.2853194671984
29,1210.0,1279.070122177688
30,1175.0,1213.3905886768068
31,1180.0,1186.7865724897651
32,1100.0,1152.0636905452864
33,1125.0,1167.2470189653054
34,1105.0,1208.0897193470773
35,1150.0,1244.4491941484732
36,1130.0,1186.5512272823248
37,1170.0,1153.6907107753234
38,1170.0,1140.6171131737474
39,1155.0,1142.8766610418543
40,1170.0,1152.9206310157801
41,1155.0,1165.250011267366
42,1155.0,1157.9007901500686
43,1155.0,1163.8447931533312
44,1160.0,1139.133736736835
45,1150.0,1129.0352408626413
46,1160.0,1129.5705193139988
47,1170.0,1121.9117923259043
48,1160.0,1128.195487608591
49,1145.0,1119.7490585251062
50,1160.0,1128.6674289917573
51,1170.0,1124.4419572681084
52,1170.0,1135.449907085822
53,1150.0,1134.2790279656065
54,1100.0,1114.4801704715437
