,y_actual,y_predict
0,1840.0,1735.5942730493744
1,1825.0,1726.4441471103628
2,1930.0,1693.5722631089416
3,1950.0,1781.1320749661295
4,1960.0,1813.6816442693093
5,1925.0,1886.8482773485143
6,1880.0,1861.2491422292019
7,1825.0,1858.4497471559994
8,1805.0,1875.6047919586215
9,1695.0,1870.7025735875086
10,1675.0,1819.830234977168
11,1635.0,1807.7828392940992
12,1670.0,1697.823488462293
13,1700.0,1644.5178261720193
14,1725.0,1596.9045114986723
15,1640.0,1633.2149877759746
16,1585.0,1684.2090102470377
17,1510.0,1689.9939227183468
18,1515.0,1738.8861688975644
19,1420.0,1748.6297433132067
20,1375.0,1703.1077144748333
21,1380.0,1730.1623783892258
22,1300.0,1622.694194923073
23,1220.0,1521.9718103450066
24,1135.0,1509.3608245546961
25,1060.0,1424.6705928704537
26,1000.0,1448.5366406063526
27,1020.0,1450.151817430122
28,1080.0,1404.6325964716502
29,1210.0,1417.1746413317621
30,1175.0,1366.8430337628056
31,1180.0,1372.5552540987453
32,1100.0,1362.5860838698002
33,1125.0,1247.431910465419
34,1105.0,1243.472813401682
35,1150.0,1211.5765758830582
36,1130.0,1195.3868434773974
37,1170.0,1240.8841520946519
38,1170.0,1278.3078881648914
39,1155.0,1294.5991529638939
40,1170.0,1357.1556441401576
41,1155.0,1391.5482092686123
42,1155.0,1364.2617830831186
43,1155.0,1309.162245868996
44,1160.0,1253.6629019103407
45,1150.0,1224.2192421052605
46,1160.0,1200.324442495018
47,1170.0,1177.7471300490529
48,1160.0,1205.7197055403733
49,1145.0,1223.4258018727346
50,1160.0,1212.319705434539
51,1170.0,1205.0118478555496
52,1170.0,1229.0529835602265
53,1150.0,1243.0607825214038
54,1100.0,1274.4336937747885
