,y_actual,y_predict
0,75.0,76.87646596164103
1,73.0,76.41927814821267
2,74.0,73.86794788467611
3,73.0,73.93617935615583
4,74.0,74.84232958002039
5,69.0,75.28886374291423
6,69.0,78.31077413587651
7,68.0,81.50248850653742
8,69.0,79.47624157777857
9,70.0,77.14573939774239
10,68.0,73.14367837379697
11,69.0,70.83196386885204
12,68.0,69.37849309917982
13,68.0,67.07548239021271
14,69.0,66.61234960327718
15,69.0,66.45384564416395
16,72.0,67.26244938817206
17,77.0,67.32479232576651
18,77.0,69.4410255126478
19,73.0,71.92063714235132
20,75.0,73.38438664221258
21,76.0,74.1515663913446
22,77.0,74.17763477766138
23,84.0,75.18618797646715
24,92.0,76.88507972298392
25,83.0,82.5077184866535
26,80.0,85.19410204640239
27,78.0,83.54604089841229
28,75.0,81.25260073675938
29,73.0,79.8891538516242
30,73.0,82.30424021168635
31,74.0,82.29983254597579
32,76.0,82.28253783326394
33,72.0,80.07092974816895
34,76.0,77.22233871506955
35,73.0,74.84225029578963
36,72.0,70.22810425990235
37,75.0,70.60222638789406
38,76.0,68.58985957472188
39,74.0,69.2069327741996
40,72.0,70.50485325830488
41,72.0,72.66325759315221
42,73.0,73.72913732220563
43,74.0,75.00169222766687
44,78.0,73.15788100150883
45,83.0,74.19278612854143
46,75.0,75.35832882327267
47,75.0,77.1911061033486
48,76.0,77.59715961933244
49,73.0,75.5800344085136
50,74.0,76.11604956053378
51,75.0,77.23232315294437
52,74.0,76.25607357487519
53,73.0,77.2719383923185
54,78.0,76.9345745837922
55,81.0,75.0845308108154
56,83.0,75.07048540776456
57,80.0,76.24474533647886
58,79.0,76.42633041334956
59,78.0,75.76009292799186
60,78.0,77.82935222384323
61,78.0,77.80529819450818
62,79.0,80.39841662286216
63,83.0,80.32321754567842
64,81.0,81.43275063467311
65,80.0,81.64915358305615
66,79.0,80.35110946930288
67,79.0,78.87881742952639
68,78.0,78.09003608701109
69,78.0,77.88528926435163
70,78.0,78.22015897911001
71,78.0,78.38186387106548
72,77.0,79.23266698285059
73,78.0,78.38436334003549
74,76.0,77.54909993748113
75,76.0,76.32000891608763
76,75.0,75.40851170994797
77,76.0,74.31721936923228
78,75.0,73.42398709978099
79,76.0,73.55234692559569
80,76.0,72.81291800103338
81,74.0,73.16151329431847
82,74.0,73.11966197087654
83,74.0,72.92828193200455
84,74.0,72.32011544238341
85,74.0,72.56789075774165
86,74.0,72.56656577042743
87,73.0,72.17904326363522
88,72.0,72.14317185251402
89,71.0,72.22341421305498
90,72.0,71.78074482046102
91,72.0,71.16681073900156
92,76.0,70.47713871634923
93,76.0,69.72971283488343
94,76.0,70.3209017487158
95,76.0,71.08356498429501
