,y_actual,y_predict
0,75.0,68.57239151174277
1,73.0,76.87789307779488
2,74.0,82.28433315076069
3,73.0,79.42185528307199
4,74.0,73.75799543840508
5,69.0,71.66565368099572
6,69.0,71.07738081429503
7,68.0,70.74500250570352
8,69.0,68.17487381667156
9,70.0,68.74474333523017
10,68.0,67.54048171607262
11,69.0,66.47662709440512
12,68.0,67.17878302390228
13,68.0,67.87802156246724
14,69.0,66.50672822608696
15,69.0,65.35938999702061
16,72.0,66.01555166606802
17,77.0,66.48628498875323
18,77.0,68.9535806866771
19,73.0,71.18881009733921
20,75.0,73.924445290002
21,76.0,75.9630524959577
22,77.0,76.88561455559149
23,84.0,74.07366761891315
24,92.0,73.16333011262356
25,83.0,77.51111338433907
26,80.0,81.91829801430744
27,78.0,84.87426139667659
28,75.0,90.24806324257594
29,73.0,85.55338592903558
30,73.0,77.52540067148377
31,74.0,72.83484076274131
32,76.0,75.09347245948553
33,72.0,72.38084178795049
34,76.0,71.18020171119841
35,73.0,71.42403431582653
36,72.0,74.1692333368009
37,75.0,74.2864664942975
38,76.0,73.56747140046528
39,74.0,72.16009567628193
40,72.0,72.08838779285307
41,72.0,73.4519005242138
42,73.0,74.22643086219848
43,74.0,71.67897611936597
44,78.0,69.8735330856981
45,83.0,71.3212174503247
46,75.0,73.90865429007373
47,75.0,77.02240538587814
48,76.0,77.55331947111867
49,73.0,80.72901305196213
50,74.0,77.3009187943654
51,75.0,75.43183471179931
52,74.0,76.2920632404423
53,73.0,73.28353844447477
54,78.0,71.01735458879966
55,81.0,72.1285580218426
56,83.0,73.6947508106607
57,80.0,76.17758756161584
58,79.0,78.73630200901809
59,78.0,80.1514449002158
60,78.0,80.07414949421849
61,78.0,78.8021159833596
62,79.0,75.97811381220279
63,83.0,75.3737287772492
64,81.0,75.16175768298609
65,80.0,77.43108737568207
66,79.0,79.51700442279807
67,79.0,79.98369828111561
68,78.0,78.76161383564127
69,78.0,76.9595692734923
70,78.0,76.58007463101559
71,78.0,75.91287767208554
72,77.0,75.21650949143452
73,78.0,75.07310716258203
74,76.0,75.14764508990919
75,76.0,74.91384261237363
76,75.0,75.17331302367056
77,76.0,74.30794714563385
78,75.0,73.34776807800142
79,76.0,72.40319859722686
80,76.0,72.58298970040134
81,74.0,72.81342327002947
82,74.0,73.25780735208889
83,74.0,72.69643065282622
84,74.0,71.89769712364861
85,74.0,71.23907226824528
86,74.0,70.65667046602306
87,73.0,70.77107492342188
88,72.0,70.8285318023201
89,71.0,70.58354352924349
90,72.0,70.6626261899344
91,72.0,69.61216254046376
92,76.0,68.51482712880282
93,76.0,69.13330863122707
94,76.0,71.06377080261316
95,76.0,72.60932281542085
