,y_actual,y_predict
0,107.0,97.04156035201675
1,114.0,91.25160357639592
2,114.0,103.43663911134055
3,115.0,94.03927379648712
4,114.0,91.8968687607532
5,119.0,103.66956771823075
6,117.0,101.04460546149716
7,115.0,95.26720909574183
8,117.0,111.20103131322753
9,113.0,124.64651977400847
10,112.0,127.82630790659678
11,113.0,132.30787957649557
12,124.0,128.57739427172908
13,124.0,126.54235731893924
14,120.0,133.33016403668597
15,123.0,136.73493928545162
16,120.0,135.36434038897335
17,112.0,130.6813773078137
18,105.0,122.10031880376891
19,116.0,137.97485762967773
20,119.0,122.83264625668232
21,118.0,115.49611412233907
22,121.0,110.57813084825784
23,124.99999999999999,129.71623018478255
24,122.0,120.4710604347436
25,121.0,121.18737418210426
26,116.0,131.82466873486106
27,116.0,123.58353653562418
28,120.0,131.0909251039056
29,118.0,127.9623917227633
30,118.0,134.38691609168512
31,122.0,108.62560260693493
32,121.0,132.76248362168008
33,124.0,152.36236593669494
34,128.0,149.92124537717763
35,129.0,134.64617471648074
36,130.0,124.44601075060461
37,129.0,139.84170709945488
38,124.99999999999999,136.42428429140577
39,126.0,133.46267472671553
40,121.0,131.71808499667878
41,121.0,126.87539881972715
42,117.0,126.80095142942281
43,116.0,130.64903398006805
44,108.0,135.40730505203456
45,110.0,81.1736122008422
46,114.0,117.523296733834
