,y_actual,y_predict
0,107.0,92.25845169592765
1,114.0,119.07442564964558
2,114.0,106.46265209591363
3,115.0,90.6872239455958
4,114.0,102.21469533457156
5,119.0,112.51648641548269
6,117.0,133.2083727250672
7,115.0,147.86141441497415
8,117.0,138.69277274759366
9,113.0,131.24263045324398
10,112.0,133.89176577978816
11,113.0,118.1230590283316
12,124.0,124.10413447756956
13,124.0,116.45522614817548
14,120.0,113.54264902477294
15,123.0,125.11371691009023
16,120.0,125.49544225449392
17,112.0,132.32513516125445
18,105.0,124.1948134469716
19,116.0,136.4231513489721
20,119.0,114.98913327695212
21,118.0,92.11174654444554
22,121.0,60.820987681753536
23,124.99999999999999,63.740297097694565
24,122.0,115.15427053033576
25,121.0,146.81810515769752
26,116.0,153.01582316634182
27,116.0,141.1058203008461
28,120.0,144.25266595344021
29,118.0,114.13805384837181
30,118.0,119.58962032767656
31,122.0,120.50573500942002
32,121.0,130.11028717182958
33,124.0,141.0817343804535
34,128.0,132.67408143082264
35,129.0,132.33166047392524
36,130.0,138.13207517970298
37,129.0,144.42191012314584
38,124.99999999999999,142.59192485717176
39,126.0,138.47011687834717
40,121.0,138.69670536507977
41,121.0,152.035283277361
42,117.0,146.32518804963615
43,116.0,135.90041824628636
44,108.0,142.89640313621868
45,110.0,141.1503645471081
46,114.0,72.21032724324039
