,y_actual,y_predict
0,61.0,57.34920758772215
1,61.0,57.42884725621522
2,59.0,57.918705673239614
3,57.0,58.52921914270052
4,57.0,58.779646446760495
5,54.0,58.50498276030268
6,54.0,58.28410384739433
7,54.0,57.981837778228616
8,54.0,57.90020405170062
9,54.0,57.60005090008491
10,54.0,58.1197666587026
11,51.0,57.78549871882043
12,51.0,56.99690166270732
13,51.0,56.82383967982348
14,53.0,56.14404417918723
15,52.0,55.40980259089103
16,52.0,54.83516319911485
17,53.0,55.06699994774334
18,53.0,54.61985045200848
19,52.0,54.45238329608629
20,51.0,53.83641535504856
21,52.0,53.4286092017808
22,51.0,52.707700953555786
23,54.0,52.33754966326076
24,52.0,52.15713103507116
25,52.0,52.223475718868485
26,51.0,52.37466417907628
27,51.0,52.477489461275354
28,51.0,52.41857223270767
29,51.0,51.69295596752004
30,52.0,51.56822934446053
31,51.0,51.743383591999915
32,56.0,51.48186652658782
33,55.0,51.31283480853804
34,57.0,51.684066793147494
35,54.0,51.75572812206266
36,51.0,51.94301446989315
37,51.0,52.260682961965266
38,53.0,51.975854258042176
39,51.0,51.47324794728152
40,51.0,51.8480406594917
41,50.0,51.532265489908035
42,50.0,51.659451071871736
43,50.0,52.07130182055339
44,50.0,52.36856946777106
45,50.0,52.077517920299535
46,51.0,52.02084806383969
47,50.0,52.09202215304056
48,50.0,51.70426448095842
49,50.0,51.481090146351015
50,50.0,51.72857335923071
51,50.0,52.159654060096955
52,50.0,52.08953031810028
53,50.0,51.592535693806965
54,50.0,51.09458176364016
55,50.0,51.25572829088095
56,50.0,51.09787863997691
57,51.0,51.01817448387459
58,50.0,50.94420087375469
59,50.0,50.88818769504128
60,50.0,50.8735637598099
61,50.0,50.84795754257513
62,50.0,50.751608839485044
63,50.0,50.812491043440346
64,50.0,50.77555692433567
65,50.0,50.741005053384306
66,50.0,50.758585302937604
67,51.0,50.74716298783584
68,50.0,50.796912017211895
69,50.0,50.81919859777723
70,50.0,50.817164498416304
71,50.0,50.82020679621721
72,50.0,50.76661970037191
73,50.0,50.73960655738772
74,50.0,50.79350639706347
75,50.0,50.80574892711682
