,y_actual,y_predict
0,236.0,234.3752042253475
1,242.0,234.33919585779134
2,232.0,233.43392622635108
3,232.0,233.20197789084472
4,226.0,232.83005371781064
5,220.0,230.48411596387277
6,222.0,231.89440409737603
7,218.0,229.3251976406324
8,216.0,228.7675181118337
9,216.0,224.98005920817016
10,214.0,222.84703791864933
11,214.0,218.7949255191666
12,212.0,218.73558334197324
13,218.0,217.16018845673707
14,224.0,214.88350321068668
15,220.0,214.11099805674183
16,224.0,211.55875269840152
17,220.0,211.47231120395702
18,222.0,212.58610002550637
19,218.0,210.81719648910996
20,218.0,211.7046398628698
21,220.0,214.81445055102353
22,216.0,213.4367254424749
23,210.0,212.358510624484
24,208.0,212.43973057425188
25,204.0,211.7626345939999
26,202.0,211.02848704388046
27,206.0,213.11767896835852
28,216.0,210.78804821774293
29,212.0,209.71393130798387
30,210.0,209.0467013043558
31,212.0,207.23915670593829
32,212.0,206.80571445718712
33,216.0,207.5052505380529
34,214.0,209.31347931074848
35,212.0,210.02470651273555
36,214.0,206.91092435094086
37,214.0,207.65104593547943
38,218.0,207.72266297414313
39,216.0,207.97808633856766
40,216.0,208.48289479606836
41,214.0,209.71928948358936
42,216.0,210.99278456646354
43,220.0,212.5078461904552
44,220.0,213.24311329848422
45,220.0,213.631926175922
46,218.0,215.3514855543257
47,220.0,217.7254346879465
48,220.0,217.59196819258153
49,216.0,219.35655052094444
50,216.0,220.06413406155642
51,216.0,219.93537980378628
52,214.0,218.4179368250607
53,216.0,218.36548737233792
54,218.0,217.65186046220862
55,218.0,216.4549954475632
56,218.0,215.72655682707554
57,216.0,215.68958082704563
58,216.0,216.2654220730441
59,214.0,216.77873988440123
60,212.0,216.05209428994635
61,214.0,215.37687341624783
62,212.0,214.79668751063855
63,212.0,214.90915311849477
64,212.0,214.8705334687834
65,212.0,212.9557468464539
66,212.0,211.22770819339078
67,206.0,209.80530375147274
68,200.0,209.98558928173105
69,194.0,209.05329833502515
70,188.0,207.7745052349395
71,182.0,205.6491112124838
72,178.0,202.55424937543418
73,179.0,199.24261543231913
74,184.0,193.9883935317539
75,182.0,189.32971526105482
76,181.0,185.03073116580657
