,y_actual,y_predict
0,236.0,238.71539376161738
1,242.0,239.09136842991174
2,232.0,241.88771921752513
3,232.0,238.54184291259105
4,226.0,235.22947075460667
5,220.0,229.7843040720648
6,222.0,225.22756662171068
7,218.0,223.69054119354286
8,216.0,219.97661634363874
9,216.0,217.09579246462675
10,214.0,215.09105986649098
11,214.0,213.03256503711827
12,212.0,213.995525548817
13,218.0,211.3163673913447
14,224.0,213.00692328638058
15,220.0,216.44168463815467
16,224.0,221.13607966114384
17,220.0,220.83583650879424
18,222.0,222.05695223876924
19,218.0,222.7537712504733
20,218.0,222.33874027429385
21,220.0,218.86596085674887
22,216.0,218.3865902232264
23,210.0,218.00764077332803
24,208.0,213.28971158266046
25,204.0,210.1560251495062
26,202.0,206.8577259771939
27,206.0,204.30790530802386
28,216.0,202.604176763959
29,212.0,203.7505755136177
30,210.0,209.75960886284102
31,212.0,208.3676292738044
32,212.0,208.52903016650055
33,216.0,211.88650888441555
34,214.0,213.8801825343844
35,212.0,213.8242729543701
36,214.0,213.28844417785027
37,214.0,214.34528543217948
38,218.0,213.30720136118774
39,216.0,214.50054303124614
40,216.0,216.4342657826446
41,214.0,215.20701364156824
42,216.0,214.88041473991427
43,220.0,215.59177143539364
44,220.0,216.5271126166045
45,220.0,218.58266427302098
46,218.0,219.87909958688658
47,220.0,218.6027378035909
48,220.0,219.62814068904407
49,216.0,220.3617789320817
50,216.0,220.02090566708068
51,216.0,217.4562411690877
52,214.0,216.58414991159881
53,216.0,215.67776734986865
54,218.0,215.12978759738488
55,218.0,215.15792541165868
56,218.0,216.44317534276652
57,216.0,217.8366028117955
58,216.0,217.45843949955494
59,214.0,216.76938423449295
60,212.0,217.07058354843608
61,214.0,215.3625047367745
62,212.0,212.32555300124977
63,212.0,212.76517728971473
64,212.0,212.89601262006542
65,212.0,210.99873107077013
66,212.0,209.93381533639908
67,206.0,211.3434672184127
68,200.0,209.09119098583892
69,194.0,203.76441602278396
70,188.0,198.36149480773713
71,182.0,192.79267509531365
72,178.0,187.99679286156515
73,179.0,181.13800996080528
74,184.0,177.02939149553671
75,182.0,177.47088885128755
76,181.0,183.10520168178735
