,y_actual,y_predict
0,63.0,56.34675695345291
1,59.0,59.010646101186765
2,57.00000000000001,55.25406407335161
3,58.0,53.2556886916547
4,54.99999999999999,55.28930253176002
5,53.0,56.852152215728594
6,52.00000000000001,56.11128467455243
7,56.0,56.06534839745654
8,54.0,58.55991254316577
9,54.0,58.92722235826867
10,54.99999999999999,58.7440665619882
11,54.0,59.1459052556203
12,53.0,56.468618277624685
13,53.0,55.0938072616478
14,53.0,52.803584080985736
15,52.00000000000001,53.751558746060255
16,51.0,54.674902570581715
17,51.0,54.17615210293766
18,51.0,54.89709728699657
19,52.00000000000001,54.76165171751001
20,51.0,54.92211298443326
21,53.0,54.06931823739432
22,53.0,52.75225980751887
23,53.0,53.823256380804885
24,52.00000000000001,52.8195977353785
25,51.0,51.46148590011836
26,50.0,53.179992153353474
27,51.0,53.779190267627946
28,51.0,53.86366034019843
29,51.0,53.601927592378225
30,51.0,53.53671239076743
31,51.0,52.307816254189895
32,51.0,51.65484641720415
33,50.0,52.89537244773422
34,50.0,52.95346779699765
35,51.0,52.27827247498161
36,50.0,52.64554019636286
37,50.0,52.87241934265829
38,50.0,52.37389137040008
39,50.0,53.060361796429056
40,50.0,52.31420848649163
41,50.0,51.05757860073669
42,50.0,50.649672397798426
43,50.0,50.96349913285278
44,50.0,50.33653720245686
45,50.0,50.16665295527321
46,50.0,51.301842454072855
47,50.0,51.423842086187186
48,50.0,51.61465292641885
49,50.0,51.922033308672205
50,50.0,51.516297939093235
51,50.0,51.349775176252635
52,50.0,50.907153679732154
53,50.0,50.70708823412668
54,50.0,50.71706444615732
55,50.0,50.82866091563572
56,50.0,51.045389461625106
57,50.0,51.063345440602504
58,50.0,51.28870921291859
59,50.0,51.27232874180861
60,50.0,51.19725158255449
61,50.0,51.0862744921232
62,50.0,51.093310157027275
63,50.0,51.07217309537103
64,50.0,51.05484250882955
65,50.0,51.15862758624779
66,50.0,51.154785030800184
67,50.0,51.153600393205224
68,50.0,51.15641465916685
69,50.0,51.160106879894286
70,50.0,51.16631871053181
71,50.0,51.16161022709601
72,50.0,51.165711358262314
73,50.0,51.16171245470573
74,50.0,51.16364876590155
75,50.0,51.16619844275567
76,50.0,51.16514609971447
77,50.0,51.161183276490725
78,50.0,51.16693808957892
79,50.0,51.166968156522955
80,50.0,51.164983738216684
81,50.0,51.16245210152898
82,50.0,51.16435834578076
83,50.0,51.163312016128366
84,50.0,51.16463496166588
85,50.0,51.169169056826284
86,50.0,51.16963208776441
87,50.0,51.16877818655383
88,50.0,51.16794232550967
89,50.0,51.16622850969971
90,50.0,51.16415389056133
