,y_actual,y_predict
0,108.0,85.4408771152593
1,103.0,86.51526066941345
2,103.0,88.1611447114465
3,113.0,90.74782559783223
4,106.0,92.53542681012522
5,116.0,93.92995335834756
6,113.0,96.5607762456346
7,124.0,98.2608387885164
8,120.0,98.4419722974426
9,124.0,99.2543276881225
10,136.0,102.15034054634837
11,146.0,103.04224802888604
12,142.0,102.6651177605624
13,139.0,107.23127783055956
14,135.0,113.7395264721471
15,122.0,113.28843367437206
16,114.0,112.88271384698399
17,125.0,111.14197351447308
18,137.0,109.72774869909237
19,150.0,105.41776701823068
20,139.0,108.53934926561078
21,140.0,113.82206273506424
22,154.0,119.35601246126656
23,159.0,122.89757297889074
24,167.0,126.39798040249569
25,168.0,131.85127855101467
26,184.0,133.5941412209544
27,175.0,131.8315637515297
28,172.0,134.29909064924635
29,165.0,133.8252411038897
30,181.0,136.481564416129
31,199.0,134.74350989784563
32,218.0,136.14110319265453
33,238.0,141.44001971988175
34,216.0,143.4848012491876
35,195.0,145.3495925832795
36,192.0,147.0963596376875
37,196.0,150.29338095793952
38,214.0,144.87018817618122
39,234.0,139.80012864624558
40,212.0,139.40543863609557
41,191.0,142.89816266090753
42,173.0,144.30084240153744
43,178.0,142.06690350191124
44,195.0,142.0142590632027
