,y_actual,y_predict
0,53.0,54.509967950159705
1,58.0,54.72672414928844
2,54.0,54.853822246717314
3,52.0,54.2090484819434
4,56.0,55.5212102768595
5,61.0,54.40658996308317
6,66.0,57.4971806563114
7,70.0,58.58221829398245
8,64.0,59.22694443863744
9,63.0,64.20006425572481
10,65.0,62.33923403272558
11,67.0,59.449510292275846
12,70.0,61.8506860047938
13,75.0,59.42472137480971
14,82.0,59.37003231377874
15,90.0,57.80352881808592
16,87.0,61.409937994020865
17,89.0,65.30374516995764
18,89.0,70.73257100628685
19,83.0,77.9247281790552
20,75.0,82.6366040236829
21,68.0,79.26193352679562
22,62.0,74.40467081350707
23,56.0,72.74228949946948
24,56.0,68.75846574815978
25,59.0,63.725381619088665
26,63.0,59.770218565470465
27,65.0,61.27607519414151
28,69.0,65.90628782592557
29,65.0,65.24890795744555
30,65.0,66.8125582143457
31,63.0,72.33414804235399
32,64.0,74.72045040439225
33,64.0,69.81168124135468
34,64.0,65.06008624919463
35,63.0,64.03826431940549
36,63.0,61.827084944738786
37,62.0,63.07998350164431
38,61.0,64.47879274851891
39,61.0,68.17623704125948
40,63.0,67.34008992352854
41,62.0,63.9162695113888
42,62.0,61.214891278000685
43,62.0,60.56492162913888
44,59.0,60.01789344959673
45,62.0,60.95653890498505
46,61.0,60.87961389397511
47,59.0,60.254232099855074
48,57.0,60.36728755332341
49,56.0,59.899673858786464
50,58.0,59.8477785113995
51,57.0,59.35775161421867
52,57.0,58.902074696160625
53,60.0,57.87550662785129
54,59.0,58.4297915844062
55,58.0,58.50703670843785
56,58.0,58.50889389307619
57,58.0,58.9974683766296
58,56.0,58.45164921899588
59,56.0,58.68142422952813
60,57.0,58.438701837770765
61,57.0,57.56474566838909
62,57.0,57.88795928895195
63,57.0,57.46418785057818
64,58.0,57.25868587289031
65,54.0,57.55934078489033
66,55.0,57.1947505721001
67,57.0,57.4595898635391
68,56.0,57.50089238002592
69,61.0,57.21990986826904
70,65.0,56.902490028842884
71,62.0,57.51782926899265
72,63.0,57.49538696516497
73,58.0,57.864305317653674
74,60.0,59.50029185799225
75,61.0,59.678343482678116
