,y_actual,y_predict
0,53.0,46.053044890013716
1,58.0,47.6477342049898
2,54.0,56.83873727184191
3,52.0,51.02764093078797
4,56.0,60.94020784975362
5,61.0,57.346462979892365
6,66.0,65.41138515767857
7,70.0,65.94240239501099
8,64.0,61.42347269004614
9,63.0,66.12420807240598
10,65.0,66.43559338453862
11,67.0,58.70585864166445
12,70.0,65.97947730316153
13,75.0,66.21071266400769
14,82.0,65.33233046912751
15,90.0,70.05918284115927
16,87.0,75.63254632069503
17,89.0,85.21897296595515
18,89.0,92.93686220424503
19,83.0,93.23208676921047
20,75.0,93.51770033753346
21,68.0,94.11854123564012
22,62.0,83.60739239795963
23,56.0,76.6293531374531
24,56.0,60.4975418064126
25,59.0,74.48139079344939
26,63.0,65.9150446366847
27,65.0,56.76986535205576
28,69.0,56.099625405902
29,65.0,60.16272475020337
30,65.0,60.4416146222894
31,63.0,63.76870005394359
32,64.0,66.375777224036
33,64.0,64.95001763540817
34,64.0,65.19182466265718
35,63.0,63.57951061255201
36,63.0,64.15411084095565
37,62.0,63.52241144439067
38,61.0,62.33584242203277
39,61.0,61.17857564619089
40,63.0,61.10780950389612
41,62.0,61.54384047733265
42,62.0,61.00764058372316
43,62.0,60.30657719280973
44,59.0,61.81373808362708
45,62.0,61.44140166482394
46,61.0,60.95181393096216
47,59.0,60.14239360498166
48,57.0,60.699824134948244
49,56.0,59.71886555832688
50,58.0,58.90068048490079
51,57.0,56.60402564231373
52,57.0,57.75938232227402
53,60.0,56.70781633708767
54,59.0,56.17331224882458
55,58.0,56.68645606818461
56,58.0,57.684161053296975
57,58.0,57.67579843130012
58,56.0,57.67174278450443
59,56.0,57.28733201998993
60,57.0,56.9094584395799
61,57.0,55.66688286623393
62,57.0,55.61362240877091
63,57.0,56.357665602582415
64,58.0,56.014642012543945
65,54.0,56.08084456010775
66,55.0,56.285478793406185
67,57.0,55.9420001666757
68,56.0,55.87581084692271
69,61.0,55.40935855417527
70,65.0,55.38996129239707
71,62.0,55.15197974803558
72,63.0,56.75254221101325
73,58.0,57.50981850676346
74,60.0,62.292656265285984
75,61.0,61.611307603610314
