,y_actual,y_predict
0,127.0,125.86877932461827
1,127.0,123.10411745892219
2,126.0,124.7273913026066
3,118.0,125.49032518972139
4,120.0,124.15132828617617
5,117.0,120.97827132158926
6,128.0,124.56834246793066
7,140.0,121.30941103307835
8,154.0,121.4219996119493
9,169.0,130.25083413380509
10,163.0,141.19673483853273
11,149.0,155.69359065973399
12,139.0,171.85368782967862
13,133.0,147.19047939018697
14,120.0,142.78019531772642
15,129.0,131.15108673754585
16,125.0,131.17375482451192
17,121.0,121.8792465013124
18,121.0,120.05921390507973
19,117.0,120.13810560567487
20,116.0,123.91657691253008
21,115.0,119.22355663250941
22,119.0,117.83338640652806
23,120.0,118.35890343244189
24,117.0,118.2350013397269
25,115.0,115.55236581491462
26,116.0,116.04384133385867
27,115.0,117.51702265029269
28,113.0,115.51004379584887
29,114.0,115.49267235574376
30,109.0,114.25427741430755
31,118.0,113.57815226430824
32,111.0,108.18904260174341
33,111.0,114.62761798633717
34,120.0,116.3132911629224
35,121.0,110.05971946151872
36,118.0,109.77793165596992
37,119.0,117.90216406267888
38,115.0,119.98408081117812
39,116.0,120.48547786713198
40,117.0,122.11916999777962
41,115.0,116.62166249511066
42,116.0,115.63268718610739
43,112.0,115.200701849253
44,116.0,115.84135582168493
45,116.0,114.32989918092755
46,123.0,115.97552946492704
47,122.0,117.24973348159541
48,124.0,117.34200512199253
49,120.0,121.50057091555553
50,116.0,124.01167423897652
51,123.0,119.76359248836229
52,120.0,119.59895555326196
53,120.0,121.02693800875912
54,120.0,120.56615194425372
55,112.0,120.90838573803559
56,116.0,120.87724934325946
57,116.0,121.02909328430223
58,115.0,119.57502135970734
59,115.0,110.58303813330268
60,115.0,112.69260998828668
61,115.0,116.73790736903163
62,113.0,117.10729951934485
63,113.0,116.4384008022721
64,114.0,116.21530353254649
65,114.0,116.04734281523757
66,114.0,116.25046912138914
67,114.0,116.97926592091981
68,119.0,115.90152314531
69,121.0,114.63771991492898
70,122.0,114.52690832776128
71,122.0,119.12093940026419
72,121.0,119.45385071863318
73,121.0,120.95058525237029
74,122.0,120.98416770315005
75,122.0,121.80407571364739
76,130.0,122.82421164913184
77,138.0,122.31820249198454
78,148.0,127.03701674892197
79,146.0,129.3242830625106
80,140.0,136.12193483244252
81,137.0,143.55628702068026
82,137.0,150.917286009476
83,137.0,142.55630647896936
84,137.0,141.06328747333905
85,137.0,140.8816604109366
