,y_actual,y_predict
0,157.0,159.507137092762
1,157.0,179.44589517263344
2,154.0,174.31202782335785
3,144.0,174.56182293827624
4,134.0,187.5921577142957
5,125.0,179.62587897402807
6,123.0,167.38765101970415
7,144.0,156.83000679079504
8,134.0,134.8455369029586
9,128.0,135.76164543999272
10,122.0,130.58580225482322
11,124.0,140.96393474285642
12,123.0,140.56694257529534
13,118.0,143.3016642605412
14,111.0,141.49977707479812
15,106.0,140.662330986013
16,103.0,138.47017849510001
17,96.0,130.46451488746712
18,90.0,126.659599820431
19,84.0,121.07047837980596
20,79.0,120.5415560259222
21,74.00000000000003,114.11150168586272
22,69.0,110.22481286261359
23,69.0,106.74097404881641
24,65.0,104.31298441423056
25,61.00000000000003,101.42676348843312
26,56.99999999999997,96.09350957758039
27,54.0,91.77942359790799
28,51.0,89.41839145643752
29,50.0,86.71846277714795
30,50.0,85.60701774321402
31,62.0,84.28656791463484
32,57.99999999999997,148.479578074804
33,54.0,120.16012039818122
34,51.0,63.11397774703778
35,50.0,232.92537652840986
36,57.99999999999997,406.57217583054137
37,56.99999999999997,465.97306363533835
38,54.0,348.7749151579663
39,53.0,286.8328746200403
40,52.0,246.70138453692394
41,51.0,374.2580884016142
42,50.0,344.58777054322593
43,51.0,222.3639584975133
44,51.0,222.9371472536714
45,53.0,183.15417730576627
46,52.0,192.05895527176085
47,51.0,134.84798303473724
48,50.0,114.36457976711557
49,50.0,113.991512484933
50,50.0,103.45690266360577
51,50.0,110.85225639247534
52,50.0,109.7943687701152
53,50.0,107.01979015698541
54,50.0,101.23593302375704
55,50.0,100.04436644542545
56,50.0,94.6924232294923
57,50.0,91.26155175162057
58,50.0,88.72588940418322
59,50.0,87.30099618584626
60,50.0,84.45491113278473
61,50.0,82.08602562086713
62,50.0,79.95173272943683
