,y_actual,y_predict
0,157.0,159.93587533020428
1,157.0,161.3459522854436
2,154.0,166.70766929984305
3,144.0,168.23495673614076
4,134.0,168.7032622279669
5,125.0,162.94390932711724
6,123.0,161.4243894320814
7,144.0,157.70054003048028
8,134.0,154.4357587546466
9,128.0,158.87178654921237
10,122.0,156.50359839942465
11,124.0,153.11748684164223
12,123.0,149.64011740268057
13,118.0,146.2326343777798
14,111.0,152.53235710009116
15,106.0,148.67629856731543
16,103.0,142.8414374407734
17,96.0,140.34814252488752
18,90.0,136.26881009542467
19,84.0,142.93457283537919
20,79.0,143.67090141533356
21,74.00000000000003,138.331650190164
22,69.0,134.79241936595906
23,69.0,132.25445035916908
24,65.0,127.45287606477515
25,61.00000000000003,117.87255803925427
26,56.99999999999997,117.60659485157115
27,54.0,111.6735129511994
28,51.0,108.87539568402457
29,50.0,108.9864371923957
30,50.0,106.96577141354109
31,62.0,106.14691807200305
32,57.99999999999997,103.26160908129853
33,54.0,111.81268497502455
34,51.0,145.24758354772217
35,50.0,85.12461480771643
36,57.99999999999997,49.737263201113336
37,56.99999999999997,28.29852745881459
38,54.0,95.33333121278457
39,53.0,93.49443019091777
40,52.0,82.48927259030071
41,51.0,56.46197986266202
42,50.0,80.24486085424033
43,51.0,155.02616699108833
44,51.0,165.70579594948344
45,53.0,164.01369502027774
46,52.0,197.60808567640004
47,51.0,216.3507389597717
48,50.0,240.28854431282403
49,50.0,143.25578856104408
50,50.0,165.39590967626683
51,50.0,175.99127046775362
52,50.0,165.6659390215995
53,50.0,204.01887672870296
54,50.0,118.97984035770534
55,50.0,144.69524055492303
56,50.0,121.47063549857182
57,50.0,120.53709290829104
58,50.0,125.13409333972646
59,50.0,116.24637392429324
60,50.0,115.12815911337552
61,50.0,107.32492363907079
62,50.0,108.86591155905836
