,y_actual,y_predict
0,55.0,54.51567475522419
1,56.0,54.96669630507356
2,57.0,54.50897513531738
3,56.0,54.43996846921743
4,55.0,55.23019241411427
5,55.0,54.9662198360082
6,54.0,54.424927735367675
7,55.0,54.80884849537853
8,53.0,54.60692148653949
9,54.0,53.67432335537505
10,54.0,53.45737885507969
11,55.0,54.07532727455851
12,55.0,54.13775634331717
13,55.0,54.16816610982392
14,56.0,54.47570655441849
15,56.0,54.599039409866826
16,55.0,54.840283832495466
17,56.0,55.07269033502154
18,55.0,54.89150425702149
19,54.0,54.762439246292956
20,54.0,54.517089635924364
21,53.0,54.216847302867485
22,53.0,54.03907785670195
23,52.0,53.99151810914149
24,53.0,53.55649023127259
25,56.0,53.24361275208617
26,55.0,53.32284316599707
27,55.0,53.746769895702954
28,53.0,53.97851980061458
29,55.0,53.81370217818909
30,55.0,54.389666119231975
31,55.0,54.50458813355707
32,55.0,53.73637764053962
33,58.0,53.735744285318596
34,56.0,54.56763312574168
35,56.0,55.430678394560516
36,56.0,55.407238440784226
37,55.0,55.041644307994595
38,55.0,55.6600372382478
39,54.0,54.98497354220874
40,54.0,53.97589631545593
41,55.0,54.131530287176545
42,56.0,54.27036000844575
43,56.0,54.51591008445769
44,56.0,54.45183952166288
45,55.0,54.68668647549933
46,54.0,55.33536714969377
47,54.0,55.16858263972409
48,54.0,54.47392851132093
49,54.0,53.96462375464135
50,54.0,53.67261213415861
51,54.0,53.62743473192494
52,53.0,53.810442432510236
53,56.0,53.9214364823453
54,54.0,53.925381878630404
55,53.0,53.967497095529396
56,53.0,54.30382905498799
57,54.0,53.59153394996986
58,53.0,53.82809212502275
59,52.0,53.83327517875811
60,52.0,53.077929350505336
61,52.0,52.84209459494802
62,52.0,53.26383944497047
63,51.0,53.19550680828005
64,50.0,53.082118791921474
65,50.0,52.67200675981181
66,50.0,52.70712601628773
67,50.0,52.47595136061356
68,50.0,51.99514468358093
69,50.0,52.05895376944962
