,y_actual,y_predict
0,55.0,55.08075835084166
1,56.0,55.465457731032494
2,57.0,54.708054950960985
3,56.0,54.95778284719234
4,55.0,54.76842997320008
5,55.0,54.170586224040036
6,54.0,53.70973895236724
7,55.0,53.27870876616866
8,53.0,53.14490521247916
9,54.0,52.79036574306567
10,54.0,52.82652219134851
11,55.0,52.556782594372095
12,55.0,52.36388816068062
13,55.0,52.086034063097216
14,56.0,51.67604695885224
15,56.0,50.96828993115172
16,55.0,51.009158774702925
17,56.0,51.095245694676294
18,55.0,51.15525464921884
19,54.0,51.11067864391522
20,54.0,51.18675099761853
21,53.0,51.208502972571814
22,53.0,50.98586989648394
23,52.0,51.127052910088146
24,53.0,50.93078832934901
25,56.0,50.848824028910656
26,55.0,51.04084396754925
27,55.0,51.09236944848907
28,53.0,51.268811172929794
29,55.0,51.09076572334226
30,55.0,51.005341211581694
31,55.0,50.79692376437674
32,55.0,50.77032865569205
33,58.0,50.7087275971994
34,56.0,51.06958028172888
35,56.0,51.34402065277694
36,56.0,51.5721796079033
37,55.0,51.30633892242513
38,55.0,50.84074148659464
39,54.0,50.41230573256292
40,54.0,50.316224583413735
41,55.0,50.4114922487928
42,56.0,50.57093216243793
43,56.0,51.086561755430225
44,56.0,51.44262069631433
45,55.0,51.37171105925213
46,54.0,51.232413584815106
47,54.0,51.2555194291858
48,54.0,50.74387300136794
49,54.0,50.85364682554782
50,54.0,50.978502057765965
51,54.0,51.057401267570455
52,53.0,51.83451069197322
53,56.0,51.77442329435285
54,54.0,51.782531984361476
55,53.0,51.80795044687867
56,53.0,51.338474436644205
57,54.0,51.259877377954325
58,53.0,50.69641493927874
59,52.0,50.78767619708994
60,52.0,50.5790902425326
61,52.0,50.45227974396698
62,52.0,50.72943366444824
63,51.0,50.53959851079226
64,50.0,50.67298079610081
65,50.0,50.76098811883151
66,50.0,49.71558012584512
67,50.0,49.7139502530057
68,50.0,49.74693701988423
69,50.0,49.18407307283952
