,y_actual,y_predict
0,3500.0,3541.3375100439675
1,3530.0,3541.838448028566
2,3540.0,3535.600439018728
3,3540.0,3544.7322592838336
4,3540.0,3547.4240036029187
5,3540.0,3532.4880089355142
6,3540.0,3531.831223177504
7,3540.0,3529.229780625614
8,3530.0,3528.8051847022957
9,3530.0,3527.080356594702
10,3540.0,3527.6987151924877
11,3530.0,3538.208790633992
12,3530.0,3546.9202031449704
13,3490.0,3551.403171052871
14,3600.0,3541.5461102151885
15,3620.0,3538.4701406288546
16,3690.0,3549.9027407774242
17,3680.0,3576.209138578034
18,3500.0,3584.6875272243155
19,3580.0,3558.6156102667446
20,3570.0,3531.1303162025692
21,3540.0,3537.242525686671
22,3540.0,3551.436913229735
23,3500.0,3531.5149636331535
24,3520.0,3536.4379338519625
25,3530.0,3532.827284104166
26,3530.0,3521.821493662261
27,3500.0,3521.954235715538
28,3540.0,3524.6010428068603
29,3530.0,3523.155861870903
30,3530.0,3522.639695116216
31,3530.0,3524.955258438933
32,3530.0,3526.2715302558026
33,3480.0,3524.4895324803742
34,3480.0,3524.127995918259
35,3480.0,3524.7468281627134
36,3480.0,3514.8028377161886
37,3480.0,3501.6620321413725
38,3470.0,3496.572146519504
39,3470.0,3495.277303996718
40,3470.0,3491.033908472667
41,3450.0,3487.137783800753
42,3450.0,3484.100088533497
43,3450.0,3475.7574038410303
44,3450.0,3468.903986228425
45,3450.0,3463.6954894412784
46,3450.0,3462.111864672844
47,3450.0,3462.277517447147
48,3450.0,3461.911550744172
49,3450.0,3461.5667797296546
50,3460.0,3461.8581445080263
51,3600.0,3462.1680921956736
52,3600.0,3464.2083380951126
53,3600.0,3507.828301699957
54,3460.0,3545.6584496042533
55,3450.0,3570.563846891665
56,3450.0,3537.679372069227
57,3450.0,3504.1703336202177
58,3450.0,3477.7028097174148
59,3450.0,3462.825688816188
60,3490.0,3460.0315801848374
61,3390.0,3462.3503354742397
62,3450.0,3469.468916709647
63,3450.0,3428.5158824570763
64,3450.0,3422.374610631138
65,3450.0,3432.515524828815
66,3450.0,3422.5035043052253
67,3450.0,3414.9852695345626
68,3450.0,3444.4773170154813
69,3470.0,3460.2424173069044
70,3470.0,3462.23190836188
71,3450.0,3447.264027491789
72,3450.0,3458.43654670967
73,3500.0,3450.77014805314
74,3490.0,3445.5040748798233
75,3580.0,3490.048722113152
76,3580.0,3509.0366837557785
77,3580.0,3510.0112658356484
78,3580.0,3519.3173443142737
79,3380.0,3560.9740308905457
80,3390.0,3569.7915042171453
81,3390.0,3516.5715167532053
82,3390.0,3495.02188874314
83,3420.0,3437.626970383727
84,3420.0,3410.1432620062274
85,3420.0,3406.9154165856717
