,y_actual,y_predict
0,139.0,137.6943376951453
1,139.0,138.76031718091355
2,139.0,139.31935907432862
3,139.0,139.29732152506384
4,138.0,138.22940291985844
5,135.0,135.89540110808827
6,137.0,135.44647762418762
7,135.0,135.80968463304026
8,136.0,135.61340599289747
9,133.0,135.46635648745206
10,146.0,135.5177789765545
11,132.0,134.73048030648616
12,119.0,208.29419107118295
13,108.0,148.83096872497921
14,98.0,158.46195844946428
15,104.0,157.69022358188664
16,108.0,156.77404338386455
17,111.0,87.63627219606975
18,100.0,141.6690702958893
19,90.0,48.71767822478793
20,81.0,153.50593145295966
21,73.0,140.74975434066062
22,69.0,116.06676311718687
23,68.0,56.95389273536691
24,66.0,26.315121505343427
25,70.00000000000001,13.459457627643019
26,71.0,38.33215205049834
27,68.0,65.97936352526725
28,68.0,74.9064962295758
29,63.0,85.3409557015092
30,62.0,81.69337727993964
31,61.0,81.33570103725278
32,59.999999999999986,83.22457439982529
33,62.0,80.87041406632596
34,59.0,80.25907604000957
35,62.0,80.20878374090088
36,58.0,76.58933757414526
37,58.0,74.83997911705978
38,59.0,74.29808883907144
39,58.0,77.49801032912599
40,59.0,72.85009589050534
41,59.0,76.30109983487851
42,58.0,75.6604554504418
43,57.0,75.64326916661035
44,58.0,76.23021912582219
45,58.0,76.14242948017214
46,58.0,75.5516891087113
47,63.0,75.67975881818793
48,69.0,75.98013512155941
49,74.0,72.74215234558012
50,66.99999999999999,73.35907429628284
51,66.0,76.2104072881402
52,71.0,84.35031759287078
53,64.0,81.32028053083489
54,58.0,68.85622170790386
55,53.000000000000014,137.2953205354475
56,48.0,121.08877275496812
57,51.0,105.12697697810611
58,47.0,128.73502115512494
59,46.0,43.05579152992769
60,46.0,13.09028996440611
61,48.0,33.98978181877891
62,47.0,51.919300777900574
63,47.0,52.40829169274552
64,48.0,68.17593515828734
65,46.0,72.41008449784383
66,47.0,71.70262716383752
67,47.0,68.54694255820118
68,46.0,70.82294644010769
69,46.0,70.50704793633115
70,46.0,67.19664979658009
71,46.0,62.39710962309145
72,46.0,64.28904305018693
73,46.0,56.1339895862762
74,46.0,69.11825937811287
75,46.0,69.72557586948214
76,45.0,69.36831564765187
77,47.0,69.88733402343526
78,45.0,70.95011939351564
79,45.0,69.5743014411153
80,45.0,69.21452660432958
81,45.0,68.88537090258947
82,44.0,69.49033918734595
83,44.0,66.64202928037986
84,42.999999999999986,68.59295446494089
85,42.0,67.21346628409457
86,40.0,67.28137013279922
87,39.0,67.06192375339789
88,39.0,68.74658634482847
