,y_actual,y_predict
0,139.0,137.36710262302645
1,139.0,137.03343540621924
2,139.0,139.14293156272646
3,139.0,139.8866659154281
4,138.0,136.11892680311124
5,135.0,137.82540044356244
6,137.0,131.959335334738
7,135.0,135.50026912094572
8,136.0,137.6318767859811
9,133.0,131.7443126437785
10,146.0,127.97006280505587
11,132.0,229.40912163737184
12,119.0,197.83536202196083
13,108.0,214.6023106973202
14,98.0,213.39734788827056
15,104.0,210.8412279187089
16,108.0,224.12116373332955
17,111.0,202.53437768913358
18,100.0,133.0073242296854
19,90.0,206.7814005629748
20,81.0,207.85751709028213
21,73.0,205.25869489101768
22,69.0,202.12790913364876
23,68.0,81.33576575160825
24,66.0,11.229262264501898
25,70.00000000000001,58.75966362060704
26,71.0,141.87161929483185
27,68.0,225.7595601830525
28,68.0,170.06132918918848
29,63.0,119.57923183189537
30,62.0,54.247390471053095
31,61.0,61.21705259599014
32,59.999999999999986,59.691910890794986
33,62.0,56.24706405509946
34,59.0,59.50017150044306
35,62.0,60.64371114124302
36,58.0,71.59202108543008
37,58.0,82.11718234900971
38,59.0,64.18941992239367
39,58.0,51.08100950694825
40,59.0,68.28773382981704
41,59.0,63.22322535030736
42,58.0,64.36174500610437
43,57.0,53.57944587351565
44,58.0,49.53950431472691
45,58.0,51.351894554040896
46,58.0,62.097204810024124
47,63.0,61.76026489581167
48,69.0,67.03902411646918
49,74.0,83.92637385018186
50,66.99999999999999,89.8908833610392
51,66.0,103.21285114953812
52,71.0,102.04783096517583
53,64.0,75.15633986623253
54,58.0,153.56547212683324
55,53.000000000000014,146.10683642125358
56,48.0,187.61508626559282
57,51.0,219.12183185468686
58,47.0,157.0261358443739
59,46.0,151.18302121947178
60,46.0,187.06249038422803
61,48.0,134.98277153251587
62,47.0,120.49961326276235
63,47.0,130.64669708309296
64,48.0,64.37004693342047
65,46.0,72.0954802811767
66,47.0,66.38835825184242
67,47.0,29.202112107065204
68,46.0,45.218249452706786
69,46.0,56.656373108544074
70,46.0,68.40303632145007
71,46.0,51.034165558495346
72,46.0,33.9963364584973
73,46.0,76.33952167221229
74,46.0,67.39109794495386
75,46.0,60.39638211954171
76,45.0,39.41399117581089
77,47.0,36.169518474468674
78,45.0,42.122813912013726
79,45.0,59.38259476146062
80,45.0,60.386601006957704
81,45.0,55.99254249503298
82,44.0,53.375808286665034
83,44.0,54.25195745556775
84,42.999999999999986,55.59160008325995
85,42.0,53.67505671126973
86,40.0,52.234284035792584
87,39.0,53.365860765738375
88,39.0,51.308267833545685
