,y_actual,y_predict
0,27.0,28.53225208216354
1,27.0,28.16569325344323
2,26.0,28.205425334023246
3,27.0,28.567218367296128
4,28.0,28.211808829433966
5,28.0,28.073717167381897
6,28.0,28.00531156893393
7,28.0,28.492906880093265
8,28.0,28.560538721521755
9,28.0,28.598468222142667
10,28.0,28.901957294516166
11,27.0,28.844820816553256
12,27.0,28.68950621341047
13,28.0,28.343208862748973
14,27.0,28.259033685399537
15,27.0,28.15263182410995
16,27.0,28.185091958188288
17,27.0,28.28236280190727
18,27.0,28.44775850037688
19,27.0,28.526459175628307
20,27.0,28.391626879428213
21,27.0,28.50895720269207
22,27.0,28.59263936671936
23,26.0,28.401564179202747
24,27.0,28.22666085576366
25,27.0,28.002127524561725
26,27.0,28.060897109154247
27,27.0,28.132098161612866
28,27.0,28.215915561933386
29,27.0,28.234704847433008
30,26.0,28.100274836408968
31,27.0,28.058440601802577
32,26.0,27.99196939590331
33,27.0,28.05972620251415
34,27.0,27.765116505494746
35,26.0,27.738209618697816
36,27.0,27.97967145247863
37,26.0,27.99100391148077
38,26.0,27.826248445589222
39,26.0,27.789298124205356
40,26.0,27.914150324335587
41,26.0,27.704292698726608
42,26.0,27.375612015072818
43,26.0,27.242631942534402
44,25.0,27.22162580893693
45,24.0,27.253889080056773
46,24.0,27.397989341972515
47,25.0,27.054475462358976
48,25.0,26.704297343637382
49,25.0,26.549254924932864
50,24.0,26.650837923368822
