,y_actual,y_predict
0,114.00000000000001,112.52090575110518
1,110.0,94.10459395187002
2,109.0,97.00449802559436
3,105.0,96.09584787822627
4,101.0,103.24143894758191
5,101.0,98.46042614107336
6,101.0,86.34677168592481
7,100.0,89.24197394180922
8,100.0,98.74035465826833
9,93.0,127.81258702655335
10,94.0,124.9793874380973
11,91.0,107.88555389843205
12,85.0,123.7856844735116
13,80.0,98.9082845116703
14,81.0,71.09748172755235
15,81.0,52.625524936315884
16,81.0,56.83791761025745
17,82.0,77.84929214569905
18,83.0,102.79407120145521
19,88.0,100.24867056440448
20,89.0,99.94836750323645
21,89.0,100.12721375110158
22,90.0,100.77651435211035
23,90.0,100.41139434703877
24,90.0,100.14836511715254
25,90.0,99.17368509316276
26,90.0,98.39098915007492
27,89.0,98.13372475771416
28,91.0,95.87693396529039
29,91.0,95.0560783411828
30,101.0,95.79418197130755
31,97.0,96.33450942608988
32,101.0,95.50365051417208
33,100.0,94.32686046535264
34,96.0,96.10238953782965
35,94.0,94.1692473542835
36,94.0,90.96859048029341
37,94.0,89.78716675592156
38,92.0,91.5858505777031
39,90.0,93.35506967435435
40,90.0,97.89544480666078
41,90.0,100.08575598336512
42,90.0,100.83344041911732
43,89.0,106.2916785360666
44,90.0,107.01376872862056
45,88.0,98.1548079814776
46,88.0,97.59050806994034
47,87.0,93.025192860396
48,85.0,91.53693804371025
49,83.0,94.08401498103436
50,83.0,95.0929842041119
51,80.0,96.87160693644304
52,79.0,99.1241320216671
53,81.0,99.81678474600582
54,80.0,99.46281281917499
55,78.0,99.14958998029027
56,73.0,97.81175244910992
57,68.0,96.90112617540333
58,64.0,95.0817679835836
59,60.0,93.24824982441402
60,56.0,92.72592556199851
61,58.0,92.49048033010658
62,58.0,90.83094305947213
