,y_actual,y_predict
0,228.0,206.3675920616
1,226.0,205.76554660775776
2,224.0,208.48280615973601
3,218.0,213.0954542414002
4,220.0,210.64504409821393
5,220.0,211.33600911846398
6,218.0,210.4355291840569
7,216.0,209.92869249337602
8,208.0,208.3922780103124
9,199.0,208.4545531527816
10,196.0,207.79014789420617
11,194.0,208.02044134686818
12,202.0,209.48295776807765
13,197.0,198.97303269479204
14,202.0,198.8554126208916
15,200.0,197.86798454136675
16,198.0,197.62552391190843
17,197.0,198.76438859249316
18,197.0,199.00807077747476
19,206.0,198.48021365610606
20,199.0,196.8501748036786
21,199.0,197.73693945131933
22,198.0,202.3006829809201
23,198.0,200.74820685691668
24,197.0,199.96932612281756
25,197.0,196.695170292922
26,197.0,196.65938234447253
27,199.0,196.21577627038306
28,197.0,196.13463353765317
29,197.0,196.49169058872656
30,196.0,196.92199259276043
31,196.0,196.64444550218286
32,198.0,196.31370632060123
33,196.0,195.87031794947632
34,196.0,195.81927869889947
35,193.0,195.7121930295612
36,194.0,195.37739005930808
37,194.0,195.75857585561863
38,193.0,196.7028745589451
39,192.0,198.58608986453015
40,192.0,199.8379181944959
41,191.0,194.9503898835698
42,194.0,194.3115163448919
43,190.0,193.9240655410461
44,189.0,194.31109303357195
45,185.0,195.24600632020469
46,179.0,193.35219613701173
47,184.0,191.95929628602036
48,182.0,191.59534530773635
49,182.0,191.60821397186285
50,181.0,192.12104958867786
51,171.0,189.14142168059453
52,160.0,188.88422981720197
53,150.0,187.09648935617935
54,164.0,185.54105005293627
55,166.0,180.53784890018153
56,160.0,179.06160509759653
