,y_actual,y_predict
0,228.0,215.18598324227855
1,226.0,213.24366762912388
2,224.0,212.387460011479
3,218.0,210.58668760910652
4,220.0,208.4121857369592
5,220.0,207.1224408073351
6,218.0,206.35511042496603
7,216.0,207.67136673782815
8,208.0,206.62403405922578
9,199.0,206.58400090296766
10,196.0,205.38553398853395
11,194.0,206.23983670523904
12,202.0,207.2183631524358
13,197.0,209.22142394000332
14,202.0,209.97251126229543
15,200.0,206.43671275284328
16,198.0,203.74860120889588
17,197.0,200.9093796183354
18,197.0,200.18336442079348
19,206.0,199.27060845810786
20,199.0,198.9223804717077
21,199.0,197.6011653690976
22,198.0,196.1151733115446
23,198.0,195.43724627994902
24,197.0,195.37221356659555
25,197.0,192.29949345195058
26,197.0,192.24162074720883
27,199.0,192.9985376711071
28,197.0,194.95320792749976
29,197.0,190.8880283759271
30,196.0,192.0271107594764
31,196.0,189.1166035426363
32,198.0,186.61415634361902
33,196.0,186.89138897435896
34,196.0,188.55628449033202
35,193.0,187.37893476345926
36,194.0,188.10661901706268
37,194.0,188.3678262906902
38,193.0,186.89284032745593
39,192.0,187.07683561632453
40,192.0,187.60984504118747
41,191.0,188.47926601931937
42,194.0,187.77733118857805
43,190.0,186.75184137408507
44,189.0,186.90412459778486
45,185.0,185.29523921674578
46,179.0,186.909095482142
47,184.0,185.93876917994314
48,182.0,185.68194015482482
49,182.0,185.7680174880844
50,181.0,184.30274349599068
51,171.0,185.5803817218642
52,160.0,184.88193013855562
53,150.0,181.98822233381298
54,164.0,180.62802630594004
55,166.0,182.25329988236575
56,160.0,180.92150199675692
