,y_actual,y_predict
0,104.0,104.91038614097131
1,106.0,104.57393178186211
2,111.0,102.8471699175094
3,123.0,104.49509200311456
4,117.0,109.05681790379842
5,125.0,109.97152663945103
6,125.0,107.32974166084021
7,123.0,109.35668013214442
8,121.0,109.12911289157707
9,122.0,109.30247180721469
10,130.0,108.11453398738564
11,131.0,109.14088999779824
12,138.0,111.07133951941154
13,135.0,111.21040038872536
14,134.0,113.28984338482465
15,128.0,112.46145136244604
16,125.0,112.09618079654312
17,144.0,111.99369776805585
18,144.0,113.25061311191747
19,142.0,117.35639220353144
20,145.0,112.70000866349496
21,152.0,113.50306023135455
22,142.0,115.76942219371162
23,144.0,118.14484934920523
24,158.0,117.05919449875087
25,160.0,119.67595889757763
26,155.0,125.49691840953214
27,150.0,119.22138062474494
28,151.0,117.79397204714962
29,167.0,114.75661963856382
30,170.0,119.34801144765696
31,180.0,128.97442285032653
32,174.0,121.51823291493129
33,180.0,123.40495962741136
34,183.0,123.04900829863212
35,195.0,129.15299869205393
36,262.0,132.25651570561124
37,244.0,149.8974160733519
38,228.0,161.89825433595217
39,214.0,150.9787157908169
40,216.0,155.10198686407148
41,202.0,155.6907762215766
42,192.0,156.19247611000472
43,180.0,141.61387398327315
44,190.0,133.19369811465305
45,186.0,131.86196396036172
46,206.0,133.6421558977117
47,210.0,138.3195863159278
48,236.0,139.59576999047368
49,224.0,143.877043793636
50,266.0,154.59066215372133
51,260.0,156.0709061231056
52,294.0,166.75592702234997
53,284.0,167.59099134590113
54,282.0,174.48306734664476
55,276.0,173.81059612033195
56,274.0,174.8842672100972
57,302.0,173.00736977555533
58,294.0,176.20314481834012
59,318.0,179.9250973117458
60,312.0,171.19073630138956
61,298.0,176.92808869189713
62,302.0,177.9858605783412
63,288.0,181.50843108231047
64,302.0,185.2754870125714
65,298.0,182.24814855187387
66,292.0,184.00868633025104
67,296.0,178.95507882681832
68,284.0,184.16077522485267
69,272.0,185.3067138217492
70,278.0,181.46186787346886
71,296.0,185.8713377972153
72,286.0,185.45713189299295
73,278.0,188.1774169895503
74,290.0,185.4431761210512
75,306.0,188.74699187843999
76,308.0,189.92457059345026
77,312.0,192.44960678993013
78,310.0,192.10455538510917
79,300.0,192.75262379659
80,302.0,192.6506244274958
81,326.0,192.2420377660402
82,366.0,195.05027852167848
83,388.0,202.28272762184105
