,y_actual,y_predict
0,193.0,179.90230427835797
1,194.0,180.3859416774973
2,194.0,181.21659701119987
3,189.0,181.12749873813388
4,188.0,181.10671100572642
5,188.0,181.05869670821187
6,186.0,180.98681575673277
7,181.0,180.07447199730743
8,185.0,180.15312289004265
9,181.0,181.1227419627688
10,179.0,180.94027172348203
11,177.0,180.81261967452687
12,168.0,180.40539656862578
13,169.0,180.48338007067693
14,166.0,180.31947389822858
15,174.0,180.27767111962933
16,171.0,180.3111686997205
17,166.0,180.367813484032
18,165.0,180.12331632965052
19,176.0,180.37420187441253
20,179.0,180.4118121202551
21,179.0,180.05249563691808
22,181.0,180.7542139359201
23,181.0,181.638660182724
24,177.0,181.65432575630078
25,178.0,181.20673327436947
26,178.0,181.24650801306052
27,175.0,181.47483840415578
28,173.0,181.8362809019055
29,175.0,181.83463732300666
30,175.0,181.5563635390377
31,170.0,181.15782976930586
32,170.0,181.1818833185298
33,171.0,180.36862120783474
34,172.0,180.15890241576324
35,171.0,180.55476759280336
36,170.0,180.9679215513825
37,170.0,180.03159311589974
38,169.0,179.5680514840206
39,169.0,180.15284190045716
40,168.0,180.3539631872481
41,172.0,180.28248027740275
42,176.0,180.74075586050236
43,190.0,181.07294536997776
44,185.0,180.96733047087352
45,192.0,181.08975397944027
46,216.0,181.42919942251586
47,212.0,181.70314616087708
48,208.0,181.46164579760998
49,194.0,182.51237450278148
50,187.0,182.10911273567433
51,181.0,181.8111806745593
52,181.0,181.0942857044584
53,183.0,180.3801825227133
54,187.0,180.26223479992612
55,189.0,180.65474071252007
56,183.0,180.28610307063167
57,183.0,178.9603528176833
58,179.0,179.38519290354606
59,176.0,179.73254227001394
60,178.0,178.0833198133787
61,178.0,178.493053556376
62,179.0,178.90744254340368
63,179.0,179.82864361838799
