,y_actual,y_predict
0,193.0,178.47066023848316
1,194.0,179.1181617748049
2,194.0,179.75891810600777
3,189.0,179.53434534434066
4,188.0,178.5816714956914
5,188.0,178.82611756105734
6,186.0,178.56662917576946
7,181.0,178.19245047745775
8,185.0,177.84377966773494
9,181.0,177.64529859983122
10,179.0,177.81607769993727
11,177.0,177.99571055877212
12,168.0,178.05847179762821
13,169.0,177.73632047133694
14,166.0,177.35415337491574
15,174.0,177.28383403356685
16,171.0,176.87445468019638
17,166.0,176.33006835930294
18,165.0,176.3894422024195
19,176.0,176.41939245066789
20,179.0,176.5765898148791
21,179.0,176.79577635338734
22,181.0,177.2717743986941
23,181.0,176.5638987416002
24,177.0,175.63819290075392
25,178.0,176.0242354466035
26,178.0,176.88664781745706
27,175.0,177.42517155256112
28,173.0,177.35933454479286
29,175.0,177.23587353310901
30,175.0,176.3283027972958
31,170.0,176.5702192288588
32,170.0,177.00971321261866
33,171.0,176.6093762663899
34,172.0,176.57743772480026
35,171.0,176.71232884272607
36,170.0,176.68592547161208
37,170.0,176.59637107549196
38,169.0,176.34801790288796
39,169.0,176.43860907459174
40,168.0,176.69526671817036
41,172.0,176.63393991255572
42,176.0,176.1484528101449
43,190.0,176.53160016694724
44,185.0,176.75876385711035
45,192.0,176.64099636052597
46,216.0,177.16187731854484
47,212.0,177.76979412366134
48,208.0,178.48721857643918
49,194.0,179.34861494683088
50,187.0,180.0712498324979
51,181.0,180.33439932777634
52,181.0,180.33204599957926
53,183.0,179.4993380515053
54,187.0,178.40328659923313
55,189.0,178.11136040757845
56,183.0,178.34745212550996
57,183.0,179.1291302307594
58,179.0,179.30617339386322
59,176.0,178.026514325012
60,178.0,178.20330042629706
61,178.0,176.75209306249596
62,179.0,176.0874073780917
63,179.0,176.3993812793804
