,y_actual,y_predict
0,193.0,175.03213765164134
1,194.0,175.0745827614392
2,194.0,175.73653448629221
3,189.0,176.27088998017308
4,188.0,176.01913644758764
5,188.0,176.07311627687463
6,186.0,175.60733877303196
7,181.0,176.071579887904
8,185.0,175.88651946786388
9,181.0,175.835927923524
10,179.0,176.2842248195082
11,177.0,176.19299022530566
12,168.0,176.17039388516199
13,169.0,176.58377434915496
14,166.0,176.89340632027063
15,174.0,176.94883618434972
16,171.0,176.85246451688073
17,166.0,177.12415143530237
18,165.0,177.06540112877033
19,176.0,176.97191861788377
20,179.0,177.66275390569305
21,179.0,177.68760523576256
22,181.0,177.48604556964997
23,181.0,177.21359997530564
24,177.0,177.97218948319593
25,178.0,178.00789100461594
26,178.0,177.83467765842587
27,175.0,177.34169905314678
28,173.0,177.74207396752746
29,175.0,178.10560416292824
30,175.0,178.23892693093475
31,170.0,178.28886401851855
32,170.0,177.62539958995052
33,171.0,178.02065897413857
34,172.0,177.75091770246203
35,171.0,177.90650768256353
36,170.0,178.08379772201778
37,170.0,177.8479157762308
38,169.0,177.38061950589434
39,169.0,177.6519204476119
40,168.0,177.8624077575169
41,172.0,177.85902359525934
42,176.0,177.9851756319163
43,190.0,178.08677058536537
44,185.0,178.6600423688857
45,192.0,178.6349618657797
46,216.0,178.46056563103824
47,212.0,178.8580567645003
48,208.0,179.88019340511755
49,194.0,179.33998559175265
50,187.0,178.86782495193768
51,181.0,178.7596565721008
52,181.0,178.82639919733924
53,183.0,178.9645189975617
54,187.0,177.58241553954088
55,189.0,178.13946276128434
56,183.0,179.35312888769803
57,183.0,178.8864215152702
58,179.0,177.88297609817087
59,176.0,177.0402312603056
60,178.0,177.06563717295606
61,178.0,176.2352994480226
62,179.0,175.62697950853817
63,179.0,176.20270841502767
