,y_actual,y_predict
0,26.0,24.97706066801466
1,26.0,25.19446145381335
2,26.0,24.974459515251446
3,26.0,25.018140875198288
4,26.0,24.82604701583174
5,26.0,24.98508529279206
6,26.0,25.115532418838164
7,26.0,24.96401380246194
8,25.0,24.797369746993088
9,26.0,24.90138845636376
10,25.0,24.632812093966358
11,26.0,24.720227658950037
12,26.0,24.87647688949382
13,26.0,25.102837853885426
14,25.0,24.929149743642462
15,25.0,24.98133524862779
16,25.0,24.700019305089874
17,25.0,24.671749139166756
18,25.0,24.575030881117957
19,25.0,24.493169922260687
20,26.0,24.6447726993358
21,26.0,24.83184236070147
22,25.0,24.749809165995316
23,25.0,24.677611029705368
24,24.0,24.33174774457381
25,25.0,24.433701580983474
26,25.0,24.616952695290436
27,25.0,24.52379463052703
28,25.0,24.23733901268046
29,24.0,24.402499491178272
30,24.0,24.501558590991404
31,24.0,24.382798058736974
32,24.0,23.98461813450787
33,24.0,23.909161217668075
34,24.0,24.083870999650994
35,24.0,24.42513871917832
36,23.0,24.20763420042519
37,24.0,23.794229018600134
38,23.0,23.473291000917406
39,23.0,23.51681578281981
40,23.0,23.12068898819839
41,23.0,23.326287703897634
42,23.0,23.660611187154178
