,y_actual,y_predict
0,26.0,24.720579959550022
1,26.0,25.764229385264407
2,26.0,26.866916562633804
3,26.0,26.464798700587107
4,26.0,26.476138865455464
5,26.0,26.365303139475106
6,26.0,26.305282860591255
7,26.0,26.258058922389026
8,25.0,26.265985685888655
9,26.0,26.39636822349143
10,25.0,26.28838808959649
11,26.0,26.235497983411193
12,26.0,26.063953035151464
13,26.0,26.199132732590677
14,25.0,26.3440946433561
15,25.0,26.586134941672526
16,25.0,26.513030609950402
17,25.0,26.161332835438007
18,25.0,26.134554075388152
19,25.0,26.481149362877453
20,26.0,26.39224630647162
21,26.0,26.253848930219224
22,25.0,26.32976579506455
23,25.0,26.315636583779657
24,24.0,26.23711856617112
25,25.0,26.50994602247499
26,25.0,26.16923219777986
27,25.0,25.95816303665309
28,25.0,25.892588151642833
29,24.0,25.999483982580042
30,24.0,26.146037117722056
31,24.0,25.924575088895775
32,24.0,25.587196376547155
33,24.0,25.68838102331352
34,24.0,25.612873218609284
35,24.0,25.556217410455275
36,23.0,25.60956550742055
37,24.0,25.29382000913647
38,23.0,25.157141076921768
39,23.0,25.369635098252914
40,23.0,25.260112670620273
41,23.0,25.283532831616952
42,23.0,25.056813694948698
