,y_actual,y_predict
0,940.0,863.8788333360908
1,935.0,865.3854049258422
2,935.0,871.6605060824638
3,945.0,860.4051858193654
4,940.0,856.8224617542056
5,940.0,862.2795852685714
6,940.0,857.5618959207682
7,935.0,864.5534068310163
8,945.0,869.1364226573442
9,950.0,864.3371831542255
10,930.0,859.8321158990666
11,930.0,860.5451652460565
12,935.0,863.8267550724734
13,915.0,860.6312013030545
14,910.0,857.9625078430555
15,850.0,856.6458715815261
16,830.0,851.7195636877412
17,845.0,843.7655776498626
18,850.0,839.2962207446557
19,820.0,832.9377525621446
20,835.0,831.0021261824495
21,815.0,839.182031233013
22,780.0,835.8906817566995
23,825.0,825.1769818666213
24,885.0,817.4702027762931
25,875.0,825.8357501954043
26,855.0,827.7690130355033
27,860.0,825.4864769257042
28,865.0,815.802090490474
29,855.0,807.4489878308689
30,830.0,809.297838542536
31,825.0,805.7151305558768
32,835.0,797.5753252859434
33,820.0,788.1828601085817
34,815.0,777.7833341212767
35,800.0,784.9737521631116
36,830.0,789.9194828856862
37,820.0,786.3294752597301
38,795.0,785.4815674885074
39,795.0,783.7430635268265
40,770.0,781.7390633231015
41,725.0,787.6502919314295
42,745.0,787.2995715966706
43,750.0,781.7800313427672
44,780.0,775.0077186319307
45,745.0,774.6907872662955
46,750.0,770.2384976895324
47,745.0,766.6289466460319
48,745.0,762.7539315174886
49,730.0,766.7257552984678
50,745.0,763.1539083390002
51,730.0,758.0020110417937
52,725.0,754.7467336816966
53,715.0,751.8928158941671
54,725.0,748.1665510144214
55,730.0,746.2286656053844
56,735.0,740.9149462383489
57,725.0,735.2704840736167
58,710.0,732.7859698386058
59,715.0,731.2996250026767
60,720.0,731.4206880733486
61,715.0,733.7364664832494
62,720.0,735.8744247151706
63,730.0,731.2354155103162
