,y_actual,y_predict
0,940.0,876.3551067033284
1,935.0,869.2009456804675
2,935.0,884.8745253736954
3,945.0,887.5668703081558
4,940.0,871.5357690743924
5,940.0,865.6724865550138
6,940.0,881.2048166199991
7,935.0,872.7376048412546
8,945.0,875.9699622986698
9,950.0,885.9812085736888
10,930.0,870.2921452843315
11,930.0,863.044970135189
12,935.0,861.4872045993562
13,915.0,862.8116550122033
14,910.0,856.8861808522962
15,850.0,868.1544443084207
16,830.0,876.1807675207403
17,845.0,861.4240160917873
18,850.0,861.5138788319407
19,820.0,867.5779818244839
20,835.0,864.1022923381757
21,815.0,870.7110866973641
22,780.0,864.7737787609758
23,825.0,852.7454685004507
24,885.0,852.22425174476
25,875.0,861.7226742414296
26,855.0,861.6241451894238
27,860.0,855.1328685915132
28,865.0,851.7738125489468
29,855.0,834.9362941148977
30,830.0,836.911473606201
31,825.0,845.8323242023887
32,835.0,853.6080157465185
33,820.0,836.9664138429346
34,815.0,832.6405093205599
35,800.0,828.2698261738645
36,830.0,832.1630743221492
37,820.0,833.3341519172607
38,795.0,834.5511979457411
39,795.0,821.1303287435999
40,770.0,813.6433588357083
41,725.0,809.1391276625834
42,745.0,809.2403579026991
43,750.0,809.6627722718729
44,780.0,807.3823585241599
45,745.0,800.8339871704281
46,750.0,799.8263957699634
47,745.0,807.0458355054782
48,745.0,807.2429418449917
49,730.0,804.7335863264709
50,745.0,805.7638001773555
51,730.0,806.4549184494538
52,725.0,796.1514775820552
53,715.0,788.0885436237471
54,725.0,782.8662466114286
55,730.0,779.2701050374731
56,735.0,775.9277786748369
57,725.0,774.1850621459847
58,710.0,773.4883565949093
59,715.0,766.9450017333816
60,720.0,763.2201196046921
61,715.0,758.5683199525677
62,720.0,756.4206422670013
63,730.0,757.0930210465876
