,y_actual,y_predict
0,1165.0,1170.9729740332127
1,1115.0,1175.2223240853068
2,1125.0,1179.854642096146
3,1100.0,1170.4957220341068
4,1095.0,1153.0438596147212
5,1115.0,1136.2505126007247
6,1065.0,1133.7238913950155
7,1115.0,1110.5655655550086
8,1115.0,1105.923634035304
9,1070.0,1115.677066228225
10,1065.0,1113.6478595153696
11,1100.0,1105.8814181920268
12,1100.0,1094.0971869866457
13,1100.0,1099.6299305203622
14,1100.0,1099.8534694811578
15,1090.0,1107.2512138309653
16,1190.0,1106.604421731418
17,1220.0,1112.0196336505412
18,1205.0,1137.5106386043694
19,1215.0,1160.7395033168773
20,1205.0,1196.509558563234
21,1125.0,1209.6938988112834
22,1050.0,1184.549338444011
23,1090.0,1135.0763508720045
24,1015.0,1088.4978057144601
25,1025.0,1059.5558098267352
26,1010.0,1042.8111473731612
27,940.0,1004.3635209185422
28,975.0,991.5975374879589
29,940.0,992.4616784835874
30,955.0,973.8787061360515
31,995.0,968.3679164331387
32,1020.0,946.2951408488344
33,1005.0,978.1452729276245
34,1020.0,1008.0638659705804
35,1020.0,1024.0006354120721
36,1005.0,1062.5318575959532
37,995.0,1070.4742480256477
38,1010.0,1057.9676900082075
39,1060.0,1042.9020676806063
40,1080.0,1022.1863294346555
41,1035.0,1026.76606175104
42,1065.0,1040.002569714898
43,1010.0,1054.6964298922242
44,1040.0,1040.881479289363
45,1040.0,1044.6523632139024
46,1035.0,1027.2683924689245
47,1025.0,1010.0341376943061
48,1040.0,999.4283077153434
49,1065.0,1000.6683508402202
50,1065.0,1022.2067506770895
51,1065.0,1035.8307845573122
52,1075.0,1056.6513359247615
53,1080.0,1072.2377994531553
54,1055.0,1078.0254303461409
55,1070.0,1053.892796281585
56,1090.0,1057.6102983618673
57,1075.0,1070.4097797953905
58,1080.0,1063.8659260125046
59,1090.0,1062.24046676824
60,1145.0,1068.3819464409446
61,1105.0,1082.8490233470297
62,1105.0,1096.5891358684562
63,1105.0,1102.7289834340659
64,1105.0,1108.182709099885
65,1105.0,1092.1741667536983
66,1125.0,1099.4950627438195
67,1130.0,1099.673221165873
68,1130.0,1091.752645240767
69,1130.0,1105.61446916325
70,1130.0,1118.6932200437436
71,1130.0,1128.2689316970025
72,1130.0,1118.361245479848
73,1130.0,1105.2105823684442
74,1125.0,1123.7136809870447
75,1110.0,1112.7770308614001
