,y_actual,y_predict
0,178.0,179.8440805403786
1,179.0,178.86405308708538
2,171.0,178.3567914386955
3,166.0,177.29312910978177
4,165.0,174.30785530549105
5,167.0,174.316087881597
6,166.0,174.48291226396668
7,172.0,173.15766995130656
8,166.0,170.77826651232053
9,165.0,170.04127550249575
10,170.0,169.08962344471522
11,160.0,167.9980040971073
12,165.0,166.56431446428442
13,165.0,165.64389221160084
14,155.0,165.6029520155068
15,159.0,164.20672735197914
16,158.0,163.02633114269113
17,161.0,162.12769822463548
18,157.0,160.8974139537481
19,168.0,160.26484844821792
20,164.0,159.5672320954244
21,164.0,158.45453870258794
22,164.0,158.07551629708107
23,162.0,158.04622991978619
24,159.0,157.76485126530628
25,158.0,157.37318308305964
26,152.0,156.0665585388227
27,159.0,155.46627552844893
28,156.0,155.64785106767727
29,153.0,155.3070291649046
30,151.0,154.4167502871925
31,161.0,153.89460252167993
32,158.0,154.1670265626413
33,158.0,153.70544896362617
34,156.0,153.4036103331191
35,161.0,153.49347362492466
36,157.0,153.61652364565566
37,160.0,153.2503764493374
38,159.0,153.0426860990189
39,157.0,152.82809927920835
40,158.0,153.2575698314103
41,159.0,152.91210529555494
42,157.0,152.1027890802355
43,159.0,152.02788613369788
44,159.0,153.01997228658234
45,157.0,153.00527511382927
46,157.0,152.25007121637339
47,157.0,151.89262220907202
48,153.0,152.30996658155073
49,151.0,152.6062448491797
50,152.0,151.99556315046226
51,153.0,151.62065028499515
52,152.0,151.71700516550067
53,152.0,151.95065512260567
54,152.0,151.6968488500675
55,153.0,151.25215478008278
56,150.0,151.2867113556881
57,149.0,150.58239422578544
58,144.0,150.69377018367766
59,140.0,150.68135383938673
60,141.0,150.17368056219155
61,142.0,149.50616034827715
62,140.0,149.06725607361938
63,141.0,148.63028173073724
64,140.0,148.44318631670996
65,139.0,147.5533663038956
66,139.0,146.68186039891032
67,139.0,146.44308869978528
68,138.0,146.07385091342073
69,137.0,145.71047040251514
70,136.0,144.96553023313888
71,149.0,144.29105956562682
72,156.0,143.99040858544322
73,148.0,143.97069763888138
74,156.0,143.22498819600014
75,152.0,142.44714471425294
