,y_actual,y_predict
0,204.0,203.92833231039438
1,202.0,202.48570202257602
2,204.0,200.11421508936547
3,206.0,200.16414340030727
4,208.0,199.4349460804199
5,204.0,200.58192231639111
6,206.0,200.90091623605568
7,204.0,200.53185247001062
8,202.0,200.16932629327624
9,204.0,200.57119932196503
10,204.0,200.27423101247294
11,204.0,199.6089335732604
12,206.0,199.510087918796
13,202.0,199.84760950136268
14,204.0,198.8699703081038
15,204.0,199.2741079038115
16,202.0,199.10929325535434
17,204.0,198.91082687140414
18,200.0,198.95539705502432
19,204.0,198.33954266239238
20,202.0,198.87856353116678
21,202.0,197.90812242593242
22,202.0,198.03030794821427
23,202.0,198.63713103190156
24,197.0,198.5041618571485
25,192.0,197.97381508883058
26,179.0,195.56426186239662
27,167.0,192.17636176551028
28,163.0,188.12408757965426
29,162.0,179.60294649363024
30,160.0,169.7792884643031
31,174.0,162.8787483705695
32,173.0,158.25571567875966
33,176.0,158.6957695769794
34,178.0,164.42222602834224
35,179.0,167.20595851596232
36,179.0,168.20925606231998
37,178.0,174.27322061668394
38,178.0,174.5883998192868
39,179.0,175.568883200885
40,180.0,175.34663212345296
41,179.0,175.64149088093035
42,179.0,175.5852473935101
43,175.0,176.1574953914615
44,177.0,176.4242155557718
45,177.0,175.64646484063272
46,175.0,174.04927785377046
47,167.0,174.60416417124318
48,170.0,173.99750958212576
49,171.0,172.38232063541935
50,171.0,168.99079453538957
51,167.0,168.66591004556258
52,166.0,169.43384763695283
53,165.0,169.05060336790814
54,166.0,167.0994834273745
55,164.0,165.81167269012906
56,163.0,165.7221211961383
57,168.0,165.20025307457587
58,166.0,164.00939411282957
59,167.0,163.44995170218775
60,161.0,164.78001413777207
61,162.0,166.06654431628655
62,161.0,165.20950679635274
63,162.0,162.4112365972449
64,159.0,161.97862341923033
65,158.0,161.0077509678971
66,158.0,160.70464271627924
67,159.0,159.10897892032852
68,158.0,158.99644476700843
69,157.0,158.2787994348309
70,149.0,158.32411099455845
71,144.0,160.08305950827193
72,150.0,157.48252779657247
73,149.0,151.13167090799422
74,147.0,148.61053383761418
75,146.0,148.84575225714286
