,y_actual,y_predict
0,204.0,208.43340532373455
1,202.0,208.09171855540083
2,204.0,208.26103537876475
3,206.0,208.0069186082802
4,208.0,208.34891540662247
5,204.0,207.91378154984272
6,206.0,208.3177776101118
7,204.0,208.2703295392384
8,202.0,207.2219293664198
9,204.0,206.70581027958116
10,204.0,206.5730904767915
11,204.0,205.83193004244384
12,206.0,205.57258994029357
13,202.0,206.65501253665886
14,204.0,206.9359469028828
15,204.0,206.9623466320889
16,202.0,205.92830893640547
17,204.0,204.9494700618091
18,200.0,204.86456227816376
19,204.0,204.68629502324876
20,202.0,204.70327253610816
21,202.0,204.53244600139828
22,202.0,204.0920955527356
23,202.0,204.84763194378394
24,197.0,204.5003241965996
25,192.0,203.52346681814484
26,179.0,202.69325363373324
27,167.0,200.5428180966173
28,163.0,198.57989005662768
29,162.0,196.91862121495515
30,160.0,196.2789147310134
31,174.0,195.1581427705473
32,173.0,195.08175407235422
33,176.0,194.346976212313
34,178.0,191.54172359823002
35,179.0,188.543935609056
36,179.0,186.50789440531145
37,178.0,181.5370552223905
38,178.0,178.57618102358208
39,179.0,177.1608805549955
40,180.0,175.2876927229149
41,179.0,174.68022262007935
42,179.0,174.36874355823065
43,175.0,174.08270043664848
44,177.0,173.80335665916405
45,177.0,171.91892012959943
46,175.0,171.28917504462797
47,167.0,171.7148260270158
48,170.0,171.5601480118816
49,171.0,171.74559987525555
50,171.0,174.05349021801703
51,167.0,174.77361579026297
52,166.0,175.6595063203401
53,165.0,174.92788941842952
54,166.0,174.77254416479866
55,164.0,173.30877117835388
56,163.0,172.1705297008844
57,168.0,172.41326971801178
58,166.0,171.20230598418942
59,167.0,170.77253699451413
60,161.0,170.1080820281509
61,162.0,169.61701471395946
62,161.0,169.0608141388418
63,162.0,167.46544689333408
64,159.0,166.19798356034528
65,158.0,165.81732062811085
66,158.0,164.63496053246843
67,159.0,164.33801918210753
68,158.0,163.36223342911708
69,157.0,162.51160544262086
70,149.0,163.29573873206635
71,144.0,160.9851187772731
72,150.0,159.30894153605908
73,149.0,157.1280017420152
74,147.0,157.09448480217804
75,146.0,157.59531132185595
