,y_actual,y_predict
0,204.0,193.63632003489334
1,202.0,193.89330795284835
2,204.0,193.95272587796484
3,206.0,194.39189012485565
4,208.0,193.2630910830813
5,204.0,192.44567000641365
6,206.0,191.9318896242047
7,204.0,192.39376019933027
8,202.0,192.4915072691992
9,204.0,192.68202744923462
10,204.0,192.802096679719
11,204.0,192.63020525932757
12,206.0,191.94863124466627
13,202.0,191.40990018655202
14,204.0,191.61374491717226
15,204.0,191.1135991155566
16,202.0,191.17137927345402
17,204.0,191.56159247790825
18,200.0,191.5367091998309
19,204.0,191.36367201636443
20,202.0,191.15709767371243
21,202.0,191.04002764657162
22,202.0,191.06701373688088
23,202.0,190.5377453338101
24,197.0,191.22434722643612
25,192.0,190.74081498940896
26,179.0,190.926199454955
27,167.0,191.3963936618318
28,163.0,189.6016771208278
29,162.0,189.5566823308916
30,160.0,189.10897877920007
31,174.0,187.01566290126772
32,173.0,184.73404423183928
33,176.0,181.68946193072293
34,178.0,177.79811353865165
35,179.0,175.39190324448373
36,179.0,175.49236644681883
37,178.0,176.1237021205298
38,178.0,174.01498583891194
39,179.0,175.04392151901993
40,180.0,174.945257838691
41,179.0,174.2420423814765
42,179.0,174.23890838247704
43,175.0,174.64698201133677
44,177.0,174.73258399260993
45,177.0,175.8389328178958
46,175.0,177.03436809215958
47,167.0,177.29686915244048
48,170.0,177.76487966969188
49,171.0,177.5622548397575
50,171.0,177.93977703320962
51,167.0,176.37828393602715
52,166.0,176.62790527138776
53,165.0,175.63000629104852
54,166.0,175.46257660686706
55,164.0,175.19288419834442
56,163.0,175.39323098169427
57,168.0,174.6265672092522
58,166.0,173.6033603445195
59,167.0,172.41897831403872
60,161.0,171.45841099059834
61,162.0,171.37922528254552
62,161.0,171.11116390145912
63,162.0,171.4770060513284
64,159.0,170.79902434089658
65,158.0,171.65756483239358
66,158.0,170.81540875287004
67,159.0,170.33589342638845
68,158.0,169.7822741880811
69,157.0,169.7939340123156
70,149.0,169.280207548369
71,144.0,168.43280791783135
72,150.0,168.29200037568825
73,149.0,168.4139365260067
74,147.0,168.05590578439626
75,146.0,166.56687883182047
