,y_actual,y_predict
0,138.0,133.34105584261127
1,140.0,132.8240206466802
2,143.0,132.06922290057796
3,142.0,131.84064368622998
4,141.0,134.85713519520726
5,142.0,136.0462551073816
6,140.0,135.93466694462217
7,140.0,134.89191924551886
8,139.0,135.40842281609136
9,140.0,134.80198201773203
10,141.0,132.21015087618088
11,143.0,132.3625777113909
12,143.0,133.2125048929485
13,143.0,133.88779905117116
14,142.0,135.00393664653075
15,142.0,135.86652832551866
16,141.0,135.45336681769965
17,137.0,135.81144209345894
18,140.0,134.05108285759246
19,139.0,132.1361801299958
20,140.0,130.68668980703225
21,139.0,131.24187207591342
22,137.0,132.5826115403459
23,137.0,131.50673570547377
24,137.0,131.57872171698693
25,137.0,131.75477240794464
26,132.0,130.63688241788464
27,130.0,130.15024831653136
28,129.0,129.14203854488846
29,129.0,127.35574977440446
30,128.0,125.98628285078222
31,125.0,127.09289844527535
32,123.0,127.02015240639776
33,122.0,124.2862709690423
34,120.0,122.79720802957462
35,117.0,121.7918099653836
36,116.0,119.83475525380243
37,115.0,117.78937591135536
38,113.0,116.82812637971762
39,110.0,116.25738520867625
40,103.0,115.57758995575122
41,96.0,113.75670221933973
42,90.0,111.44984983573016
43,90.0,108.96587563451455
44,89.00000000000001,107.085327718977
45,89.00000000000001,105.1669123260483
46,89.00000000000001,104.57205899152252
