,y_actual,y_predict
0,1000.0,1027.3708331841754
1,995.0,1025.9756969133384
2,995.0,1025.1061321027134
3,1000.0,1023.0888160838914
4,1000.0,1019.4513895447074
5,1015.0,1014.325168662649
6,985.0,1009.6672200966443
7,1005.0,1005.1450085206983
8,1005.0,1003.7379089897207
9,995.0,1003.7370428713396
10,1010.0,1006.2654950440196
11,1005.0,1009.0777724058164
12,1005.0,1005.702572228617
13,1000.0,1004.9547421608877
14,1005.0,1004.2941103656023
15,1005.0,1002.534157814937
16,1010.0,1001.4963404866911
17,1010.0,1002.3116105012925
18,1010.0,999.2735378819215
19,1020.0,996.6766443129911
20,1025.0,997.7906800587855
21,1025.0,1000.4712262280366
22,1005.0,1001.527358351219
23,1010.0,1005.6382900050099
24,1015.0,1004.862969700743
25,1010.0,1003.6667248852632
26,1015.0,1004.2210857595846
27,1015.0,1005.591167751831
28,1020.0,1003.7947389864227
29,1015.0,1006.4355970852672
30,1010.0,1004.5449599017669
31,1000.0,1004.1438929588572
32,1000.0,1003.6366002053159
33,1005.0,1004.8160639771593
34,1005.0,1006.0469896161542
35,1005.0,1006.039212594856
36,1010.0,1006.2627703799453
37,1010.0,1005.2761352347904
38,1000.0,1004.7290551681112
39,1000.0,1003.603705750962
40,1000.0,1001.8258534204178
41,1000.0,1002.6463201453066
42,1000.0,1001.8758807790006
43,995.0,1002.4784465544775
44,985.0,1001.1454542774941
45,990.0,1000.2267462708007
46,985.0,997.7311253980092
47,990.0,997.0211880094588
48,990.0,994.6154269187202
49,995.0,993.3465364240146
50,990.0,991.4167705382288
