,y_actual,y_predict
0,605.0,350.51684432649523
1,565.0,364.1347862939766
2,610.0,363.2489127195626
3,570.0,358.82425901674884
4,535.0,352.2313944493282
5,500.0,348.5622514108278
6,466.0,350.63045788688675
7,466.0,352.69577654403025
8,484.0,346.1488543137508
9,555.0,352.6280923125866
10,520.0,339.54945443001
11,540.0,337.4265198830467
12,560.0,337.0977039757703
13,525.0,344.529766118361
14,525.0,334.19341148438167
15,500.0,333.8823283462289
16,520.0,333.49325588589033
17,510.0,340.3244071400482
18,510.0,331.94439112127884
19,510.0,330.26285058979573
20,496.0,344.1993137803659
21,462.0,338.0848645465929
22,430.0,321.1653247418368
23,400.0,331.2367323968849
24,372.0,331.61939441955906
25,346.0,320.9966032712962
26,386.0,321.79597756345936
27,390.0,314.9146927322751
28,364.0,309.3662442985421
29,340.0,313.1645749568774
30,318.0,326.4194940215382
31,322.0,313.5150280425001
32,316.0,319.3206731735888
33,300.0,321.11227993114704
34,300.0,324.3681344566383
35,292.0,316.8323801026956
36,294.0,326.4716347627927
37,274.0,336.0276213758578
38,264.0,352.54913778245697
39,262.0,352.82031698680424
40,264.0,343.79246692468513
41,260.0,354.82619080214823
42,286.0,332.5031034306059
43,286.0,331.63929175204987
44,278.0,340.49206454037585
45,260.0,341.1897277690285
46,260.0,335.0295287193754
47,242.0,350.55086335364615
48,226.0,342.14345728303795
49,212.0,340.46265301529627
50,212.0,355.3963086953717
51,226.0,366.03360267835865
52,228.0,354.9383942743847
53,220.0,350.24522544521403
54,206.0,356.92226863319854
55,194.0,352.97686278840433
56,193.0,353.7558454367308
57,187.0,353.586624451567
58,189.0,357.1359308099952
59,176.0,352.90153494257027
60,164.0,352.4427879972112
61,164.0,339.8463534341747
62,153.0,341.9619045306139
63,146.0,356.79510573865275
