,y_actual,y_predict
0,575.0,569.8977981170792
1,580.0,571.2736581008406
2,580.0,569.1915790639245
3,580.0,570.0859912741854
4,580.0,571.6554851722004
5,575.0,570.9076245821843
6,580.0,570.6602456402701
7,570.0,571.9896310274945
8,570.0,570.9113980105285
9,565.0,570.3039835459423
10,560.0,570.5091000904015
11,560.0,569.3030772899347
12,560.0,569.3359807075547
13,560.0,567.5835764521154
14,560.0,566.5413687065682
15,560.0,567.8188891987429
16,565.0,567.1843565087132
17,560.0,564.8534791065464
18,560.0,563.4869364194
19,560.0,562.9233003051676
20,560.0,562.968313795148
21,560.0,562.8367483894492
22,550.0,560.8224352991168
23,555.0,558.9729288855713
24,560.0,558.7203899997817
25,555.0,557.1845695620314
26,555.0,558.67096247618
27,560.0,558.5277828090543
28,555.0,557.4617980772312
29,555.0,555.5105451173208
30,550.0,554.8528058429742
31,550.0,553.9104623173272
32,545.0,553.488290276636
33,550.0,552.6450782237571
34,545.0,553.7409081411585
35,520.0,553.5801425428658
36,530.0,552.5889945480645
37,540.0,552.330032058675
38,540.0,549.4489493145567
39,520.0,549.1306035935271
40,520.0,546.9104324361888
41,515.0,547.6746087160861
42,520.0,542.4646186504132
43,520.0,542.4388847466471
44,520.0,542.9037886694827
45,505.0,540.5183589014978
46,500.0,538.2722563935615
