,y_actual,y_predict
0,52.0,61.04770176178387
1,51.0,60.555920773384585
2,51.0,60.883319368884045
3,50.0,60.99474109779982
4,51.0,60.38180872956441
5,50.0,60.929983677571656
6,50.0,61.10441647911449
7,50.0,61.047024606591606
8,50.0,60.17431412275742
9,50.0,60.75730910354558
10,50.0,60.922499330709854
11,50.0,60.194640658440846
12,50.0,60.30174997797434
13,50.0,61.18454651019849
14,50.0,61.711135651463024
15,50.0,61.124327217750036
16,50.0,60.77214711819701
17,50.0,61.091110973582374
18,50.0,60.37882687073534
19,50.0,60.80226270437906
20,50.0,60.550800529737856
21,50.0,60.502021596063884
22,50.0,61.102361253706405
23,50.0,60.70203185600906
24,50.0,60.65379939845516
25,50.0,60.8598684153837
26,50.0,60.722346511776834
27,50.0,61.364931149483795
28,50.0,61.15559515575049
29,50.0,60.88980580283095
30,50.0,61.16992233402881
31,50.0,61.52808991107129
32,50.0,61.59843089165666
33,50.0,61.08062100806019
34,50.0,60.85009124480074
35,50.0,61.33203566303878
36,50.0,61.19040330861574
37,50.0,61.058096687980836
38,50.0,61.24755758282555
39,50.0,61.32392168064733
40,50.0,61.42461584572783
41,50.0,61.38564972238379
42,50.0,61.424722764968706
43,50.0,61.39084124552444
44,50.0,61.36080881875198
45,50.0,61.44109328873947
46,50.0,61.36128401537812
47,50.0,61.35662708844188
48,50.0,61.32098734148087
49,50.0,61.379709764556964
50,50.0,61.38081459671275
51,50.0,61.24243733917881
52,50.0,61.197210500285294
53,50.0,61.27457251102199
54,50.0,61.291560790406734
55,50.0,61.370324631190556
56,50.0,61.40854231984841
57,50.0,61.36036926187279
58,50.0,61.32894688496883
59,50.0,61.30224083457938
60,50.0,61.34108815876688
61,50.0,61.2741329541428
62,50.0,61.253616339808914
63,50.0,61.42751454514732
64,50.0,61.3841884927584
65,50.0,61.44049929295679
66,50.0,61.42390305078861
67,50.0,61.352374078637865
68,50.0,61.41233201294193
69,50.0,61.35615189181573
70,50.0,61.343357222656735
71,50.0,61.38161055106154
72,50.0,61.402067765817165
73,50.0,61.354393664298996
74,50.0,61.25739415298678
75,50.0,61.225591618781905
76,50.0,61.28297161138913
77,50.0,61.3369539481194
78,50.0,61.34490161169171
79,50.0,61.43834902822347
80,50.0,61.37401928495885
81,50.0,61.38216890709727
82,50.0,61.454279995115044
83,50.0,61.43744615463379
84,50.0,61.40042833745696
85,50.0,61.389320616320774
86,50.0,61.46878537212817
87,50.0,61.513180616925936
88,50.0,61.42740762590644
