,y_actual,y_predict
0,52.0,45.980072100597056
1,51.0,46.60369639292077
2,51.0,47.35772651937478
3,50.0,47.32022162565616
4,51.0,47.98067365650624
5,50.0,47.29161478876213
6,50.0,46.531799143384745
7,50.0,46.32741707447903
8,50.0,45.74140459511483
9,50.0,45.70945950192211
10,50.0,45.74084623907913
11,50.0,47.504348438372375
12,50.0,47.87136655257683
13,50.0,47.97059948803192
14,50.0,47.943192522618915
15,50.0,47.87390885452672
16,50.0,47.88886566833469
17,50.0,46.146117681688395
18,50.0,45.30958154101961
19,50.0,45.48270755184055
20,50.0,45.51630395330912
21,50.0,46.530777470638526
22,50.0,46.90131203987647
23,50.0,47.01752137480068
24,50.0,47.77051794859284
25,50.0,48.06671988558577
26,50.0,48.07674653439747
27,50.0,48.10529397171322
28,50.0,48.11545129959711
29,50.0,48.091216271663626
30,50.0,48.11517806153708
31,50.0,48.081819258381586
32,50.0,48.070438299185355
33,50.0,48.07515462569987
34,50.0,48.07892055896207
35,50.0,47.79438469914106
36,50.0,47.67463514935207
37,50.0,47.77327408902448
38,50.0,47.81540026993238
39,50.0,48.11605717529545
40,50.0,48.138308257314776
41,50.0,48.10099344224659
42,50.0,48.079514554744776
43,50.0,48.079063117949914
44,50.0,48.07920567693776
45,50.0,47.88144072105115
46,50.0,47.74136463557872
47,50.0,47.7032419862461
48,50.0,47.60739482675231
49,50.0,47.786282596665245
50,50.0,47.78615191759306
51,50.0,47.75033397189725
52,50.0,47.844482303452565
53,50.0,47.966096999999195
54,50.0,48.15900307038348
55,50.0,48.17856929146507
56,50.0,48.14534116738173
57,50.0,48.133092974342816
58,50.0,47.89453238810148
59,50.0,47.78151875048812
60,50.0,47.85828676544213
61,50.0,47.86369212706455
62,50.0,48.03862388506482
63,50.0,48.07943139533518
64,50.0,48.09080047461575
65,50.0,48.157007244553654
66,50.0,48.15501141872383
67,50.0,48.157874478396366
68,50.0,48.00616795549902
69,50.0,47.940875939066444
70,50.0,47.96996985250229
71,50.0,47.99098542329361
72,50.0,47.890089299647
73,50.0,47.77006651179798
74,50.0,47.725695026831545
75,50.0,47.772513774422634
76,50.0,47.98428515086496
77,50.0,48.023179994715065
78,50.0,48.17372228587837
79,50.0,48.17526667491333
80,50.0,48.17988796210261
81,50.0,48.17253429431298
82,50.0,48.17388860469751
83,50.0,48.177274380658815
84,50.0,48.18928497538465
85,50.0,48.17659722546654
86,50.0,48.1772268609962
87,50.0,48.15464314133857
88,50.0,48.150330731956274
