,y_actual,y_predict
0,142.0,130.22341176053243
1,128.0,131.404732195753
2,124.0,135.57307891577213
3,124.0,134.69544167612057
4,120.0,131.8236900743281
5,116.0,128.85576847735908
6,110.0,125.28792631191044
7,103.0,131.4487710039975
8,113.0,132.21991420865197
9,116.0,130.22047097343201
10,117.0,126.62880008981176
11,118.0,121.04378653995641
12,119.0,119.62354279531368
13,117.0,120.02312484965998
14,114.0,120.89732074270472
15,125.0,119.40213906861729
16,124.0,118.93912152515159
17,124.0,118.91707605022171
18,122.0,120.21537098510572
19,122.0,120.67584401774695
20,125.0,120.72094651494265
21,124.0,119.68772912369278
22,123.0,120.54188177983343
23,123.0,121.1463908104555
24,122.0,120.31983149710788
25,124.0,121.49433180905311
26,124.0,122.40842646609107
27,123.0,121.68197905403332
28,120.0,120.40157912150488
29,118.0,121.55029019054493
30,118.0,122.51665160271466
31,119.0,121.58021947770138
32,119.0,121.60377705947366
33,121.0,122.13079322150352
34,118.0,121.52848456704521
35,118.0,121.26058094786427
36,115.0,121.47795934186297
37,116.0,120.11354883883547
38,117.0,120.778646426384
39,117.0,122.09865312986025
40,115.0,119.77736056031637
41,114.0,119.41709328387248
42,120.0,119.22987360013735
43,117.0,119.86092271292426
44,118.0,116.30136063597814
45,118.0,116.51607980759883
46,117.0,118.24819298140565
47,116.0,118.31761432795633
48,116.0,118.40551466295346
49,119.0,119.6670289024365
50,118.0,118.94912228695753
51,116.0,118.18594632111405
52,116.0,118.75835697338505
53,116.0,119.22233392257144
54,114.0,118.35627212150652
55,116.0,118.16252430754145
56,114.0,117.98501339256683
57,113.0,118.59672839441714
58,120.0,119.00269258247067
59,118.0,118.717477947025
60,119.0,118.85474596334572
61,115.0,118.7557081793301
62,119.0,118.82698576738389
63,115.0,118.83096938678938
64,117.0,118.71997031623422
65,117.0,118.60324609632403
66,116.0,118.01696577439517
67,116.0,118.12598346357063
68,113.0,118.42100072268425
69,111.0,118.91104847949822
70,112.00000000000003,117.72453473939822
71,111.0,117.05641293816487
72,115.0,117.27284235476594
73,115.0,117.48198237355433
74,110.0,117.02354286390803
75,109.0,116.59917268566943
76,103.0,117.20336886659996
77,106.0,116.75586866783419
78,106.0,116.3211953064212
79,101.00000000000003,115.62064142049914
80,103.99999999999997,114.82650376351717
81,107.0,114.63782411455489
