,y_actual,y_predict
0,142.0,143.47044616688694
1,145.0,142.20213195696647
2,143.0,143.94671327102958
3,141.0,143.52897867099995
4,141.0,142.21526771096782
5,142.0,142.39627632252137
6,145.0,143.65297982727967
7,143.0,143.220394640554
8,142.0,143.3360950124854
9,143.0,142.8955004951896
10,142.0,143.24861595173923
11,140.0,142.7072665411358
12,142.0,142.37937200338857
13,144.0,143.69312589072138
14,143.0,143.27951457088653
15,144.0,141.9542245363348
16,147.0,142.41694016945917
17,146.0,142.9464597197339
18,147.0,143.35009157183154
19,149.0,143.4059512866457
20,148.0,144.76020821181513
21,149.0,145.49276033821258
22,148.0,144.80767902834805
23,148.0,146.14824892260242
24,148.0,146.81144408712618
25,148.0,147.13689854673075
26,148.0,147.83631531568344
27,149.0,147.97399446555175
28,150.0,147.33794517036515
29,150.0,147.84746511719646
30,149.0,148.35365706856095
31,148.0,148.83107417249488
32,146.0,149.15696016443763
33,148.0,149.2374578904979
34,146.0,148.89500873849596
35,146.0,149.03024781022162
36,144.0,148.20932192775902
37,146.0,147.59866300124582
38,146.0,146.84411854092178
39,147.0,147.0338910998044
40,145.0,146.25972208508483
41,146.0,146.77004183530735
42,146.0,147.22183811874328
43,145.0,146.22077798606156
44,145.0,146.81123396928612
45,146.0,147.06820808768308
46,145.0,146.46481743097078
47,144.0,145.6165333019993
48,145.0,145.81540192995823
49,143.0,145.87746351005165
50,144.0,146.21271217220107
51,145.0,145.8364611599284
52,145.0,145.42822253067067
53,142.0,144.46293891408996
54,142.0,144.83766487752348
55,145.0,144.3032719489583
56,145.0,144.2451596805254
57,145.0,144.19406489608429
58,140.0,143.97195226448486
59,141.0,144.2316872861136
60,139.0,143.88299334153177
61,137.0,143.6867116482704
62,136.0,142.74946633701424
63,138.0,142.76994943742295
