,y_actual,y_predict
0,123.0,146.47316472502416
1,131.0,121.69593073398505
2,131.0,120.05757456341126
3,137.0,148.67247944627422
4,142.0,163.819799592405
5,140.0,154.19538117209947
6,162.0,149.9139547435986
7,165.0,155.70243594769897
8,162.0,163.5972021851304
9,161.0,183.60339358424676
10,178.0,157.60058177419853
11,169.0,128.46750414649551
12,169.0,176.7209630647189
13,179.0,208.86033234790625
14,185.00000000000006,101.37663097595146
15,184.0,107.8713396632345
16,192.0,248.63230667519625
17,188.0,229.6453856964585
18,175.0,96.39470146489577
19,163.0,113.57271184520823
20,180.0,170.313428821284
21,179.0,176.02288058585822
22,174.0,182.8061317756496
23,176.0,184.00841946181822
24,174.0,168.01104217787048
25,167.0,157.11721338517629
26,167.0,176.58413353428102
27,165.0,189.97164208394372
28,163.0,177.61681540755933
29,169.0,180.9675524265412
30,158.0,184.24985832487386
31,147.0,183.6915166430561
32,154.0,185.10799504529143
33,155.0,172.22580387220154
34,153.0,171.57001653626605
35,158.0,171.42818224413634
36,158.0,154.19911021022284
37,170.0,154.452161428838
38,168.00000000000006,169.54227027955017
39,167.0,191.4249202045014
40,165.0,191.66779834542922
41,154.0,151.8710128302747
42,156.0,147.0129920596682
43,146.0,172.95483082531376
44,141.0,181.39060198837552
45,133.0,170.03332572084423
46,136.0,160.3574204057481
47,139.0,160.65420604516066
