,y_actual,y_predict
0,123.0,132.90528848929068
1,131.0,133.27501934813336
2,131.0,131.07724203733767
3,137.0,131.3887802749399
4,142.0,133.32951564211123
5,140.0,135.39599155793263
6,162.0,138.37326867994852
7,165.0,142.9060780731673
8,162.0,144.14454397130442
9,161.0,140.3923792694314
10,178.0,145.9041593026081
11,169.0,147.84751153863795
12,169.0,143.36756289636048
13,179.0,130.11305670643014
14,185.00000000000006,145.90137887944599
15,184.0,157.9004422345198
16,192.0,144.32625280266518
17,188.0,141.87038680070174
18,175.0,128.22331757113847
19,163.0,141.5920173758808
20,180.0,135.41699193052193
21,179.0,148.18073707690485
22,174.0,124.5058918033618
23,176.0,156.11629375766785
24,174.0,159.95553477080682
25,167.0,146.80210514053528
26,167.0,141.70558948433887
27,165.0,134.22212960973928
28,163.0,157.38374147841262
29,169.0,138.4084982769558
30,158.0,163.00722910098574
31,147.0,155.87534555752313
32,154.0,166.1445277536978
33,155.0,176.56139948607296
34,153.0,165.10831310746056
35,158.0,167.44592934788136
36,158.0,162.59775454635485
37,170.0,160.5085118714647
38,168.00000000000006,161.36004099801454
39,167.0,166.90433562675787
40,165.0,162.81266490135766
41,154.0,169.5539480568312
42,156.0,168.76156016648298
43,146.0,159.89724401698413
44,141.0,158.98500353291746
45,133.0,151.52669831022
46,136.0,157.16647594143723
47,139.0,160.3540511870928
