,y_actual,y_predict
0,123.0,148.950390919045
1,131.0,135.9771981314014
2,131.0,127.2510526576304
3,137.0,129.07900097700116
4,142.0,160.5834851642602
5,140.0,138.5377388877041
6,162.0,147.74322931462746
7,165.0,147.24847754607077
8,162.0,152.26612731704472
9,161.0,166.47372985609474
10,178.0,147.26267405962807
11,169.0,146.14697202181446
12,169.0,144.28049030850252
13,179.0,186.3506479336021
14,185.00000000000006,101.88270070232102
15,184.0,109.33299176413936
16,192.0,151.24790364420954
17,188.0,157.4789627940006
18,175.0,86.24174095689847
19,163.0,120.12410845413814
20,180.0,166.33833960352905
21,179.0,117.69856542007238
22,174.0,178.1556941272421
23,176.0,216.01017415391016
24,174.0,211.9554012794145
25,167.0,164.07294894360234
26,167.0,149.3732115048541
27,165.0,175.7261276573064
28,163.0,197.5995531195315
29,169.0,195.98798714389636
30,158.0,182.0902218776905
31,147.0,180.9474679580524
32,154.0,182.5568423060185
33,155.0,181.961504640714
34,153.0,188.5141442623517
35,158.0,185.6728134775339
36,158.0,169.69699265080789
37,170.0,159.53565816246345
38,168.00000000000006,163.12665645351473
39,167.0,178.91566555460588
40,165.0,184.59270085619568
41,154.0,163.9438064654363
42,156.0,157.53296842506757
43,146.0,144.50966259878402
44,141.0,169.02900416381976
45,133.0,155.480492757639
46,136.0,167.91166658296964
47,139.0,170.34227980044875
