{
    "R2": 0.9589441475706406,
    "RMSE": 1322.6393576936075,
    "MSE": 1749374.8705201584,
    "MAPE": 0.2386894570577279,
    "ACMAPE": 1.2597132230540715
}