{
    "R2": 0.8760228949105456,
    "RMSE": 53.8201971863189,
    "MSE": 2896.613625174249,
    "MAPE": 0.11676711762882944,
    "ACMAPE": 1.1488526791261557
}