{
    "R2": 0.9518791441515164,
    "RMSE": 30.493291007695234,
    "MSE": 929.8407964799869,
    "MAPE": 0.07948515714603922,
    "ACMAPE": 1.0843371707316773
}