{
    "DOWN": {
        "precision": 0.5983379501385041,
        "recall": 0.5164375373580394,
        "f1-score": 0.5543792107795958,
        "support": 1673
    },
    "UP": {
        "precision": 0.4451303155006859,
        "recall": 0.5280716029292107,
        "f1-score": 0.4830666170450317,
        "support": 1229
    },
    "accuracy": 0.5213645761543763,
    "macro avg": {
        "precision": 0.521734132819595,
        "recall": 0.5222545701436251,
        "f1-score": 0.5187229139123137,
        "support": 2902
    },
    "weighted avg": {
        "precision": 0.5334543584879602,
        "recall": 0.5213645761543763,
        "f1-score": 0.5241782536122012,
        "support": 2902
    }
}