{
    "R2": 0.8499403172454869,
    "RMSE": 22.9264635583577,
    "MSE": 525.6227312927035,
    "MAPE": 0.04231813868297357,
    "ACMAPE": 0.8051386515034864
}