{
    "DOWN": {
        "precision": 0.6625,
        "recall": 0.6907582938388626,
        "f1-score": 0.6763341067285383,
        "support": 844
    },
    "UP": {
        "precision": 0.37708830548926014,
        "recall": 0.34725274725274724,
        "f1-score": 0.3615560640732266,
        "support": 455
    },
    "accuracy": 0.5704387990762124,
    "macro avg": {
        "precision": 0.51979415274463,
        "recall": 0.5190055205458048,
        "f1-score": 0.5189450854008825,
        "support": 1299
    },
    "weighted avg": {
        "precision": 0.5625290061567462,
        "recall": 0.5704387990762124,
        "f1-score": 0.566076978623714,
        "support": 1299
    }
}