{
    "R2": 0.6832666700584051,
    "RMSE": 8.618263512538109,
    "MSE": 74.2744659715457,
    "MAPE": 0.05888665619256684,
    "ACMAPE": 1.1494129719820407
}