{
    "R2": 0.9845822403767897,
    "RMSE": 29.10561159267813,
    "MSE": 847.1366261838396,
    "MAPE": 0.047929031102385625,
    "ACMAPE": 1.1248521080254625
}