{
    "DOWN": {
        "precision": 0.5850914205344585,
        "recall": 0.4052605942523137,
        "f1-score": 0.4788489208633094,
        "support": 2053
    },
    "UP": {
        "precision": 0.3988183161004431,
        "recall": 0.5785714285714286,
        "f1-score": 0.47216554940250655,
        "support": 1400
    },
    "accuracy": 0.4755285259194903,
    "macro avg": {
        "precision": 0.49195486831745083,
        "recall": 0.49191601141187113,
        "f1-score": 0.47550723513290793,
        "support": 3453
    },
    "weighted avg": {
        "precision": 0.5095680072105021,
        "recall": 0.4755285259194903,
        "f1-score": 0.47613918438919295,
        "support": 3453
    }
}