{
    "DOWN": {
        "precision": 0.767175572519084,
        "recall": 0.07343807088052612,
        "f1-score": 0.13404468156052016,
        "support": 2737
    },
    "UP": {
        "precision": 0.06969919295671313,
        "recall": 0.7569721115537849,
        "f1-score": 0.12764528048370843,
        "support": 251
    },
    "accuracy": 0.13085676037483265,
    "macro avg": {
        "precision": 0.41843738273789854,
        "recall": 0.4152050912171555,
        "f1-score": 0.13084498102211428,
        "support": 2988
    },
    "weighted avg": {
        "precision": 0.7085856892292062,
        "recall": 0.13085676037483265,
        "f1-score": 0.13350711473646404,
        "support": 2988
    }
}