{
    "DOWN": {
        "precision": 0.9459459459459459,
        "recall": 0.1643192488262911,
        "f1-score": 0.28,
        "support": 426
    },
    "UP": {
        "precision": 0.21929824561403508,
        "recall": 0.9615384615384616,
        "f1-score": 0.35714285714285715,
        "support": 104
    },
    "accuracy": 0.32075471698113206,
    "macro avg": {
        "precision": 0.5826220957799905,
        "recall": 0.5629288551823763,
        "f1-score": 0.3185714285714286,
        "support": 530
    },
    "weighted avg": {
        "precision": 0.8033584726732691,
        "recall": 0.32075471698113206,
        "f1-score": 0.29513746630727766,
        "support": 530
    }
}