{
    "R2": 0.989407285119957,
    "RMSE": 9.88258798657588,
    "MSE": 97.66554531241388,
    "MAPE": 0.014988219623529267,
    "ACMAPE": 0.8484006543648676
}