{
    "R2": 0.8185355607173149,
    "RMSE": 16.56782263472473,
    "MSE": 274.49274685569713,
    "MAPE": 0.04852032248635315,
    "ACMAPE": 1.138263912229943
}