{
    "DOWN": {
        "precision": 0.6090909090909091,
        "recall": 0.4962962962962963,
        "f1-score": 0.5469387755102042,
        "support": 270
    },
    "UP": {
        "precision": 0.3761467889908257,
        "recall": 0.4880952380952381,
        "f1-score": 0.42487046632124353,
        "support": 168
    },
    "accuracy": 0.4931506849315068,
    "macro avg": {
        "precision": 0.4926188490408674,
        "recall": 0.4921957671957672,
        "f1-score": 0.48590462091572384,
        "support": 438
    },
    "weighted avg": {
        "precision": 0.5197424794634798,
        "recall": 0.4931506849315068,
        "f1-score": 0.5001180541774521,
        "support": 438
    }
}