{
    "DOWN": {
        "precision": 0.8790909090909091,
        "recall": 0.6070307595731325,
        "f1-score": 0.7181581878945414,
        "support": 1593
    },
    "UP": {
        "precision": 0.24940047961630696,
        "recall": 0.6099706744868035,
        "f1-score": 0.35404255319148936,
        "support": 341
    },
    "accuracy": 0.6075491209927611,
    "macro avg": {
        "precision": 0.564245694353608,
        "recall": 0.608500717029968,
        "f1-score": 0.5361003705430154,
        "support": 1934
    },
    "weighted avg": {
        "precision": 0.7680648302642084,
        "recall": 0.6075491209927611,
        "f1-score": 0.6539578614034656,
        "support": 1934
    }
}