{
    "R2": 0.5436205898768774,
    "RMSE": 149.41578952285036,
    "MSE": 22325.078158736716,
    "MAPE": 0.5559508245391415,
    "ACMAPE": 1.761284157872475
}