{
    "R2": 0.9235932166445008,
    "RMSE": 30.51834929703696,
    "MSE": 931.3696438159564,
    "MAPE": 0.05338056571094475,
    "ACMAPE": 1.276622155925012
}