{
    "R2": 0.9821996920874052,
    "RMSE": 30.421877894158776,
    "MSE": 925.4906546071064,
    "MAPE": 0.03419011567367468,
    "ACMAPE": 0.7931644746480336
}