{
    "R2": 0.9414847828856457,
    "RMSE": 202.74968853540543,
    "MSE": 41107.43620120391,
    "MAPE": 0.09172316121218421,
    "ACMAPE": 1.1951028828821644
}