{
    "DOWN": {
        "precision": 0.5786666666666667,
        "recall": 0.22698744769874477,
        "f1-score": 0.3260706235912847,
        "support": 956
    },
    "UP": {
        "precision": 0.2975285171102662,
        "recall": 0.6645435244161358,
        "f1-score": 0.4110308601444517,
        "support": 471
    },
    "accuracy": 0.37140854940434476,
    "macro avg": {
        "precision": 0.4380975918884664,
        "recall": 0.4457654860574403,
        "f1-score": 0.3685507418678682,
        "support": 1427
    },
    "weighted avg": {
        "precision": 0.4858733461053039,
        "recall": 0.37140854940434476,
        "f1-score": 0.3541128600429607,
        "support": 1427
    }
}