{
    "R2": 0.9542453975002408,
    "RMSE": 17.445860963816422,
    "MSE": 304.3580647688137,
    "MAPE": 0.03199189222694062,
    "ACMAPE": 1.164950693725068
}