{
    "R2": 0.9938940238291021,
    "RMSE": 20.37293104889275,
    "MSE": 415.0563195229382,
    "MAPE": 0.11252841600926727,
    "ACMAPE": 1.1834929337503968
}