{
    "DOWN": {
        "precision": 0.6142857142857143,
        "recall": 0.593558282208589,
        "f1-score": 0.6037441497659907,
        "support": 652
    },
    "UP": {
        "precision": 0.4613821138211382,
        "recall": 0.4829787234042553,
        "f1-score": 0.4719334719334719,
        "support": 470
    },
    "accuracy": 0.5472370766488414,
    "macro avg": {
        "precision": 0.5378339140534263,
        "recall": 0.5382685028064221,
        "f1-score": 0.5378388108497313,
        "support": 1122
    },
    "weighted avg": {
        "precision": 0.5502351864618723,
        "recall": 0.5472370766488414,
        "f1-score": 0.548529338196219,
        "support": 1122
    }
}