{
    "DOWN": {
        "precision": 0.6818181818181818,
        "recall": 0.38461538461538464,
        "f1-score": 0.4918032786885246,
        "support": 39
    },
    "UP": {
        "precision": 0.29411764705882354,
        "recall": 0.5882352941176471,
        "f1-score": 0.3921568627450981,
        "support": 17
    },
    "accuracy": 0.44642857142857145,
    "macro avg": {
        "precision": 0.4879679144385026,
        "recall": 0.4864253393665159,
        "f1-score": 0.44198007071681134,
        "support": 56
    },
    "weighted avg": {
        "precision": 0.5641233766233766,
        "recall": 0.44642857142857145,
        "f1-score": 0.46155347384855583,
        "support": 56
    }
}