{
    "DOWN": {
        "precision": 0.7636363636363637,
        "recall": 0.13249211356466878,
        "f1-score": 0.22580645161290325,
        "support": 317
    },
    "UP": {
        "precision": 0.3125,
        "recall": 0.9057971014492754,
        "f1-score": 0.4646840148698885,
        "support": 138
    },
    "accuracy": 0.367032967032967,
    "macro avg": {
        "precision": 0.5380681818181818,
        "recall": 0.5191446075069721,
        "f1-score": 0.3452452332413959,
        "support": 455
    },
    "weighted avg": {
        "precision": 0.6268081918081919,
        "recall": 0.367032967032967,
        "f1-score": 0.2982572290402966,
        "support": 455
    }
}