{
    "DOWN": {
        "precision": 0.6434219985621855,
        "recall": 0.4661458333333333,
        "f1-score": 0.5406221685291452,
        "support": 1920
    },
    "UP": {
        "precision": 0.3613707165109034,
        "recall": 0.5390334572490706,
        "f1-score": 0.43267437523312197,
        "support": 1076
    },
    "accuracy": 0.4923230974632844,
    "macro avg": {
        "precision": 0.5023963575365444,
        "recall": 0.502589645291202,
        "f1-score": 0.4866482718811336,
        "support": 2996
    },
    "weighted avg": {
        "precision": 0.5421245421245421,
        "recall": 0.4923230974632844,
        "f1-score": 0.5018532013774359,
        "support": 2996
    }
}