{
    "DOWN": {
        "precision": 0.8941082802547771,
        "recall": 0.36378360868156784,
        "f1-score": 0.5171540409854939,
        "support": 3087
    },
    "UP": {
        "precision": 0.10196616369455876,
        "recall": 0.6264044943820225,
        "f1-score": 0.17538340542666142,
        "support": 356
    },
    "accuracy": 0.39093813534708105,
    "macro avg": {
        "precision": 0.49803722197466793,
        "recall": 0.4950940515317952,
        "f1-score": 0.34626872320607766,
        "support": 3443
    },
    "weighted avg": {
        "precision": 0.8122022118564506,
        "recall": 0.39093813534708105,
        "f1-score": 0.48181557271394454,
        "support": 3443
    }
}