{
    "DOWN": {
        "precision": 0.6010498687664042,
        "recall": 0.6949924127465857,
        "f1-score": 0.6446164672765657,
        "support": 659
    },
    "UP": {
        "precision": 0.42735042735042733,
        "recall": 0.3303964757709251,
        "f1-score": 0.3726708074534162,
        "support": 454
    },
    "accuracy": 0.5462713387241689,
    "macro avg": {
        "precision": 0.5142001480584157,
        "recall": 0.5126944442587554,
        "f1-score": 0.508643637364991,
        "support": 1113
    },
    "weighted avg": {
        "precision": 0.5301967273442537,
        "recall": 0.5462713387241689,
        "f1-score": 0.5336880489839243,
        "support": 1113
    }
}