{
    "R2": 0.9616982957574874,
    "RMSE": 196.1028082179169,
    "MSE": 38456.3113909531,
    "MAPE": 0.3595116262092698,
    "ACMAPE": 1.4355666927856632
}