{
    "DOWN": {
        "precision": 0.7362637362637363,
        "recall": 0.6036036036036037,
        "f1-score": 0.6633663366336634,
        "support": 111
    },
    "UP": {
        "precision": 0.26666666666666666,
        "recall": 0.4,
        "f1-score": 0.32,
        "support": 40
    },
    "accuracy": 0.5496688741721855,
    "macro avg": {
        "precision": 0.5014652014652015,
        "recall": 0.5018018018018018,
        "f1-score": 0.4916831683168317,
        "support": 151
    },
    "weighted avg": {
        "precision": 0.6118671615360358,
        "recall": 0.5496688741721855,
        "f1-score": 0.572408366664481,
        "support": 151
    }
}