{
    "DOWN": {
        "precision": 0.6226415094339622,
        "recall": 0.12313432835820895,
        "f1-score": 0.205607476635514,
        "support": 268
    },
    "UP": {
        "precision": 0.4035532994923858,
        "recall": 0.888268156424581,
        "f1-score": 0.5549738219895288,
        "support": 179
    },
    "accuracy": 0.42953020134228187,
    "macro avg": {
        "precision": 0.513097404463174,
        "recall": 0.505701242391395,
        "f1-score": 0.38029064931252143,
        "support": 447
    },
    "weighted avg": {
        "precision": 0.534908199412615,
        "recall": 0.42953020134228187,
        "f1-score": 0.34551033081530963,
        "support": 447
    }
}