{
    "DOWN": {
        "precision": 0.6243386243386243,
        "recall": 0.49372384937238495,
        "f1-score": 0.5514018691588786,
        "support": 239
    },
    "UP": {
        "precision": 0.4622222222222222,
        "recall": 0.5942857142857143,
        "f1-score": 0.52,
        "support": 175
    },
    "accuracy": 0.5362318840579711,
    "macro avg": {
        "precision": 0.5432804232804233,
        "recall": 0.5440047818290497,
        "f1-score": 0.5357009345794392,
        "support": 414
    },
    "weighted avg": {
        "precision": 0.555811159675894,
        "recall": 0.5362318840579711,
        "f1-score": 0.5381281321955844,
        "support": 414
    }
}