{
    "DOWN": {
        "precision": 0.7117117117117117,
        "recall": 0.1371527777777778,
        "f1-score": 0.2299854439592431,
        "support": 576
    },
    "UP": {
        "precision": 0.175787728026534,
        "recall": 0.7681159420289855,
        "f1-score": 0.2860998650472335,
        "support": 138
    },
    "accuracy": 0.25910364145658266,
    "macro avg": {
        "precision": 0.4437497198691228,
        "recall": 0.45263435990338163,
        "f1-score": 0.2580426545032383,
        "support": 714
    },
    "weighted avg": {
        "precision": 0.6081297652851647,
        "recall": 0.25910364145658266,
        "f1-score": 0.24083108837120765,
        "support": 714
    }
}