{
    "R2": 0.9286975288675247,
    "RMSE": 291.7514518252581,
    "MSE": 85118.9096421459,
    "MAPE": 0.035275049795480275,
    "ACMAPE": 0.9623136764049224
}