{
    "DOWN": {
        "precision": 0.74185303514377,
        "recall": 0.5148558758314856,
        "f1-score": 0.6078534031413613,
        "support": 2255
    },
    "UP": {
        "precision": 0.36321303841676367,
        "recall": 0.6070038910505836,
        "f1-score": 0.45447924253459576,
        "support": 1028
    },
    "accuracy": 0.5437100213219617,
    "macro avg": {
        "precision": 0.5525330367802668,
        "recall": 0.5609298834410346,
        "f1-score": 0.5311663228379785,
        "support": 3283
    },
    "weighted avg": {
        "precision": 0.6232901607498125,
        "recall": 0.5437100213219617,
        "f1-score": 0.5598276227259622,
        "support": 3283
    }
}