{
    "DOWN": {
        "precision": 0.8426103646833013,
        "recall": 0.5508155583437893,
        "f1-score": 0.6661608497723824,
        "support": 797
    },
    "UP": {
        "precision": 0.3154875717017208,
        "recall": 0.6680161943319838,
        "f1-score": 0.42857142857142855,
        "support": 247
    },
    "accuracy": 0.578544061302682,
    "macro avg": {
        "precision": 0.5790489681925111,
        "recall": 0.6094158763378865,
        "f1-score": 0.5473661391719055,
        "support": 1044
    },
    "weighted avg": {
        "precision": 0.7178983628955137,
        "recall": 0.578544061302682,
        "f1-score": 0.6099495595074058,
        "support": 1044
    }
}