{
    "DOWN": {
        "precision": 0.8879736408566722,
        "recall": 0.3254830917874396,
        "f1-score": 0.4763588157313301,
        "support": 1656
    },
    "UP": {
        "precision": 0.1367851622874807,
        "recall": 0.7224489795918367,
        "f1-score": 0.23001949317738793,
        "support": 245
    },
    "accuracy": 0.3766438716465018,
    "macro avg": {
        "precision": 0.5123794015720764,
        "recall": 0.5239660356896382,
        "f1-score": 0.353189154454359,
        "support": 1901
    },
    "weighted avg": {
        "precision": 0.7911608174745303,
        "recall": 0.3766438716465018,
        "f1-score": 0.44461071787456213,
        "support": 1901
    }
}