{
    "DOWN": {
        "precision": 0.7383512544802867,
        "recall": 0.6094674556213018,
        "f1-score": 0.6677471636952999,
        "support": 338
    },
    "UP": {
        "precision": 0.34328358208955223,
        "recall": 0.4859154929577465,
        "f1-score": 0.40233236151603496,
        "support": 142
    },
    "accuracy": 0.5729166666666666,
    "macro avg": {
        "precision": 0.5408174182849195,
        "recall": 0.5476914742895241,
        "f1-score": 0.5350397626056674,
        "support": 480
    },
    "weighted avg": {
        "precision": 0.6214770680646944,
        "recall": 0.5729166666666666,
        "f1-score": 0.5892286180506007,
        "support": 480
    }
}