{
    "R2": 0.7354850524431206,
    "RMSE": 4.426127194801888,
    "MSE": 19.590601944564828,
    "MAPE": 0.047208036903734964,
    "ACMAPE": 0.47013293808950574
}