{
    "R2": 0.9655626645304952,
    "RMSE": 331.7839866226896,
    "MSE": 110080.61377924506,
    "MAPE": 0.13368589471852282,
    "ACMAPE": 1.029951454884498
}