{
    "R2": 0.9786888697801573,
    "RMSE": 102.71594648727424,
    "MSE": 10550.565662776584,
    "MAPE": 0.05539891242519291,
    "ACMAPE": 1.0772296286258825
}