{
    "DOWN": {
        "precision": 0.7301255230125523,
        "recall": 0.455019556714472,
        "f1-score": 0.5606425702811245,
        "support": 767
    },
    "UP": {
        "precision": 0.31475409836065577,
        "recall": 0.5981308411214953,
        "f1-score": 0.4124597207303975,
        "support": 321
    },
    "accuracy": 0.49724264705882354,
    "macro avg": {
        "precision": 0.5224398106866041,
        "recall": 0.5265751989179837,
        "f1-score": 0.486551145505761,
        "support": 1088
    },
    "weighted avg": {
        "precision": 0.6075756817319836,
        "recall": 0.49724264705882354,
        "f1-score": 0.5169231817647795,
        "support": 1088
    }
}