{
    "DOWN": {
        "precision": 0.5919117647058824,
        "recall": 0.26221498371335505,
        "f1-score": 0.36343115124153497,
        "support": 614
    },
    "UP": {
        "precision": 0.38114754098360654,
        "recall": 0.7153846153846154,
        "f1-score": 0.4973262032085561,
        "support": 390
    },
    "accuracy": 0.43824701195219123,
    "macro avg": {
        "precision": 0.4865296528447445,
        "recall": 0.4887997995489852,
        "f1-score": 0.4303786772250455,
        "support": 1004
    },
    "weighted avg": {
        "precision": 0.5100411997141617,
        "recall": 0.43824701195219123,
        "f1-score": 0.4154421774040233,
        "support": 1004
    }
}