{
    "R2": 0.9529671070020991,
    "RMSE": 216.60569009374495,
    "MSE": 46918.02498098748,
    "MAPE": 0.04113590945216132,
    "ACMAPE": 1.1686259492927986
}