{
    "DOWN": {
        "precision": 0.9738636363636364,
        "recall": 0.8493557978196233,
        "f1-score": 0.907358390682901,
        "support": 1009
    },
    "UP": {
        "precision": 0.2512315270935961,
        "recall": 0.6891891891891891,
        "f1-score": 0.368231046931408,
        "support": 74
    },
    "accuracy": 0.8384118190212373,
    "macro avg": {
        "precision": 0.6125475817286162,
        "recall": 0.7692724935044062,
        "f1-score": 0.6377947188071545,
        "support": 1083
    },
    "weighted avg": {
        "precision": 0.9244871118151756,
        "recall": 0.8384118190212373,
        "f1-score": 0.870520511239124,
        "support": 1083
    }
}