{
    "R2": 0.7921265215196072,
    "RMSE": 60.218779961564245,
    "MSE": 3626.3014600592915,
    "MAPE": 0.13740319854865932,
    "ACMAPE": 1.0165240776695383
}