{
    "R2": 0.9734292738156227,
    "RMSE": 28.637279892308108,
    "MSE": 820.0937996303942,
    "MAPE": 0.058353104416552296,
    "ACMAPE": 1.0481490227838994
}