{
    "R2": 0.18079185857129398,
    "RMSE": 17.59855993267119,
    "MSE": 309.7093117038198,
    "MAPE": 0.1277022582951601,
    "ACMAPE": 1.4326930161509828
}