{
    "DOWN": {
        "precision": 0.8069139966273187,
        "recall": 0.2855863921217547,
        "f1-score": 0.42186466828300634,
        "support": 3351
    },
    "UP": {
        "precision": 0.23587615703798276,
        "recall": 0.7634297520661157,
        "f1-score": 0.3603999024628139,
        "support": 968
    },
    "accuracy": 0.39268349154896964,
    "macro avg": {
        "precision": 0.5213950768326507,
        "recall": 0.5245080720939352,
        "f1-score": 0.3911322853729101,
        "support": 4319
    },
    "weighted avg": {
        "precision": 0.6789295954412855,
        "recall": 0.39268349154896964,
        "f1-score": 0.40808881893965226,
        "support": 4319
    }
}