{
    "DOWN": {
        "precision": 0.6829268292682927,
        "recall": 0.11428571428571428,
        "f1-score": 0.19580419580419578,
        "support": 245
    },
    "UP": {
        "precision": 0.36363636363636365,
        "recall": 0.9051094890510949,
        "f1-score": 0.5188284518828453,
        "support": 137
    },
    "accuracy": 0.39790575916230364,
    "macro avg": {
        "precision": 0.5232815964523282,
        "recall": 0.5096976016684046,
        "f1-score": 0.3573163238435205,
        "support": 382
    },
    "weighted avg": {
        "precision": 0.568416897876737,
        "recall": 0.39790575916230364,
        "f1-score": 0.3116532091098895,
        "support": 382
    }
}