{
    "DOWN": {
        "precision": 0.7659574468085106,
        "recall": 0.12342857142857143,
        "f1-score": 0.21259842519685038,
        "support": 875
    },
    "UP": {
        "precision": 0.16901408450704225,
        "recall": 0.8253968253968254,
        "f1-score": 0.2805755395683453,
        "support": 189
    },
    "accuracy": 0.24812030075187969,
    "macro avg": {
        "precision": 0.46748576565777644,
        "recall": 0.4744126984126984,
        "f1-score": 0.24658698238259785,
        "support": 1064
    },
    "weighted avg": {
        "precision": 0.6599214548207498,
        "recall": 0.24812030075187969,
        "f1-score": 0.22467330735494487,
        "support": 1064
    }
}