{
    "R2": 0.9832816586748007,
    "RMSE": 6.494904147686667,
    "MSE": 42.18377988763747,
    "MAPE": 0.03354853168893568,
    "ACMAPE": 1.1547489934049802
}