{
    "R2": 0.9592231676216864,
    "RMSE": 4.790566267456769,
    "MSE": 22.94952516289468,
    "MAPE": 0.05080643385074629,
    "ACMAPE": 0.7597986453211263
}