{
    "DOWN": {
        "precision": 0.6431888544891641,
        "recall": 0.41821841972823354,
        "f1-score": 0.5068618481244281,
        "support": 1987
    },
    "UP": {
        "precision": 0.3651839648544756,
        "recall": 0.5905861456483126,
        "f1-score": 0.4513064133016627,
        "support": 1126
    },
    "accuracy": 0.48056537102473496,
    "macro avg": {
        "precision": 0.5041864096718198,
        "recall": 0.504402282688273,
        "f1-score": 0.47908413071304545,
        "support": 3113
    },
    "weighted avg": {
        "precision": 0.5426319943129163,
        "recall": 0.48056537102473496,
        "f1-score": 0.4867669494381339,
        "support": 3113
    }
}