{
    "R2": 0.9685685292572039,
    "RMSE": 54.64529225132037,
    "MSE": 2986.107965232214,
    "MAPE": 0.03352881502079288,
    "ACMAPE": 1.05529578044973
}