{
    "R2": 0.9607471867998252,
    "RMSE": 61.066888920613486,
    "MSE": 3729.1649224425464,
    "MAPE": 0.037035318188050954,
    "ACMAPE": 1.005025074910202
}