{
    "DOWN": {
        "precision": 0.60431654676259,
        "recall": 0.340080971659919,
        "f1-score": 0.43523316062176165,
        "support": 494
    },
    "UP": {
        "precision": 0.3518886679920477,
        "recall": 0.6167247386759582,
        "f1-score": 0.4481012658227848,
        "support": 287
    },
    "accuracy": 0.44174135723431496,
    "macro avg": {
        "precision": 0.4781026073773188,
        "recall": 0.4784028551679386,
        "f1-score": 0.4416672132222732,
        "support": 781
    },
    "weighted avg": {
        "precision": 0.5115549575088824,
        "recall": 0.44174135723431496,
        "f1-score": 0.43996190094531307,
        "support": 781
    }
}