{
    "R2": 0.9796236686798389,
    "RMSE": 43.998046897930834,
    "MSE": 1935.8281308325209,
    "MAPE": 0.028549227881060398,
    "ACMAPE": 0.9862957067542999
}