{
    "R2": 0.2253712006136651,
    "RMSE": 9.589659635500757,
    "MSE": 91.96157192475252,
    "MAPE": 0.1407358968521265,
    "ACMAPE": 1.7484374612323914
}