{
    "R2": 0.981842267193585,
    "RMSE": 19.473203453162117,
    "MSE": 379.20565272824507,
    "MAPE": 0.07980357881410713,
    "ACMAPE": 1.1865468506617032
}