{
    "R2": 0.9229185369656056,
    "RMSE": 14.536927087238396,
    "MSE": 211.3222491396854,
    "MAPE": 0.07643795989479808,
    "ACMAPE": 1.1743188882499949
}