{
    "R2": 0.4264892587553061,
    "RMSE": 27.3971445040081,
    "MSE": 750.6035269735012,
    "MAPE": 0.49966013747096943,
    "ACMAPE": 2.4996601374709693
}