{
    "DOWN": {
        "precision": 0.859481582537517,
        "recall": 0.43121149897330596,
        "f1-score": 0.5742935278030993,
        "support": 1461
    },
    "UP": {
        "precision": 0.10452586206896551,
        "recall": 0.485,
        "f1-score": 0.17198581560283688,
        "support": 200
    },
    "accuracy": 0.4376881396748946,
    "macro avg": {
        "precision": 0.4820037223032413,
        "recall": 0.45810574948665295,
        "f1-score": 0.3731396717029681,
        "support": 1661
    },
    "weighted avg": {
        "precision": 0.7685778232998829,
        "recall": 0.4376881396748946,
        "f1-score": 0.525851900807282,
        "support": 1661
    }
}