{
    "R2": 0.7936378407205553,
    "RMSE": 228.87379512570618,
    "MSE": 52383.214095243726,
    "MAPE": 0.061442649414171,
    "ACMAPE": 1.304299792271314
}