{
    "DOWN": {
        "precision": 0.6190476190476191,
        "recall": 0.5949656750572082,
        "f1-score": 0.6067677946324388,
        "support": 437
    },
    "UP": {
        "precision": 0.4253246753246753,
        "recall": 0.45017182130584193,
        "f1-score": 0.4373956594323874,
        "support": 291
    },
    "accuracy": 0.5370879120879121,
    "macro avg": {
        "precision": 0.5221861471861472,
        "recall": 0.5225687481815251,
        "f1-score": 0.5220817270324131,
        "support": 728
    },
    "weighted avg": {
        "precision": 0.5416116621473764,
        "recall": 0.5370879120879121,
        "f1-score": 0.5390654713587918,
        "support": 728
    }
}