{
    "DOWN": {
        "precision": 0.7831325301204819,
        "recall": 0.5327868852459017,
        "f1-score": 0.6341463414634146,
        "support": 122
    },
    "UP": {
        "precision": 0.42424242424242425,
        "recall": 0.7,
        "f1-score": 0.5283018867924527,
        "support": 60
    },
    "accuracy": 0.5879120879120879,
    "macro avg": {
        "precision": 0.6036874771814531,
        "recall": 0.6163934426229508,
        "f1-score": 0.5812241141279337,
        "support": 182
    },
    "weighted avg": {
        "precision": 0.6648171106002431,
        "recall": 0.5879120879120879,
        "f1-score": 0.5992525651982623,
        "support": 182
    }
}