{
    "R2": -0.26322623419827074,
    "RMSE": 16.606757790494314,
    "MSE": 275.7844043121436,
    "MAPE": 0.031599733970850176,
    "ACMAPE": 0.8649330673041834
}