{
    "DOWN": {
        "precision": 0.9827586206896551,
        "recall": 0.49937421777221525,
        "f1-score": 0.6622406639004149,
        "support": 1598
    },
    "UP": {
        "precision": 0.0675990675990676,
        "recall": 0.8055555555555556,
        "f1-score": 0.12473118279569893,
        "support": 72
    },
    "accuracy": 0.5125748502994012,
    "macro avg": {
        "precision": 0.5251788441443613,
        "recall": 0.6524648866638854,
        "f1-score": 0.39348592334805693,
        "support": 1670
    },
    "weighted avg": {
        "precision": 0.9433026399576058,
        "recall": 0.5125748502994012,
        "f1-score": 0.6390666024396129,
        "support": 1670
    }
}