{
    "R2": 0.944890446124511,
    "RMSE": 195.71421470330574,
    "MSE": 38304.05383693166,
    "MAPE": 0.10638570593521676,
    "ACMAPE": 1.2001686353345844
}