{
    "R2": 0.9643976814296594,
    "RMSE": 39.727502200969894,
    "MSE": 1578.2744311280676,
    "MAPE": 0.11454465340808126,
    "ACMAPE": 1.3057879413056441
}