{
    "R2": 0.9949818287010098,
    "RMSE": 26.744417549956445,
    "MSE": 715.2638700864183,
    "MAPE": 0.17887389788574767,
    "ACMAPE": 1.383057617758417
}