{
    "R2": 0.9743555555547295,
    "RMSE": 178.35708214466146,
    "MSE": 31811.248751157513,
    "MAPE": 0.1722641493658869,
    "ACMAPE": 1.922864822119371
}