{
    "DOWN": {
        "precision": 0.7085409252669039,
        "recall": 0.7344153448911841,
        "f1-score": 0.7212461510595908,
        "support": 2711
    },
    "UP": {
        "precision": 0.2182410423452769,
        "recall": 0.19705882352941176,
        "f1-score": 0.20710973724884083,
        "support": 1020
    },
    "accuracy": 0.5875100509246851,
    "macro avg": {
        "precision": 0.4633909838060904,
        "recall": 0.4657370842102979,
        "f1-score": 0.4641779441542158,
        "support": 3731
    },
    "weighted avg": {
        "precision": 0.5745002175263358,
        "recall": 0.5875100509246851,
        "f1-score": 0.5806888897122403,
        "support": 3731
    }
}