{
    "R2": 0.9855008318526662,
    "RMSE": 7.339040839158247,
    "MSE": 53.861520438832585,
    "MAPE": 0.3751036500987648,
    "ACMAPE": 1.4719987250452315
}