{
    "R2": 0.9771198965905299,
    "RMSE": 15.617393638936116,
    "MSE": 243.9029840734823,
    "MAPE": 0.03646768699422346,
    "ACMAPE": 0.7592033616707484
}