{
    "R2": 0.9704402416234469,
    "RMSE": 211.84847833502005,
    "MSE": 44879.777772863454,
    "MAPE": 0.16511560493204566,
    "ACMAPE": 1.1330134302686008
}