{
    "DOWN": {
        "precision": 0.6428571428571429,
        "recall": 0.26773455377574373,
        "f1-score": 0.37802907915993544,
        "support": 437
    },
    "UP": {
        "precision": 0.4095940959409594,
        "recall": 0.7735191637630662,
        "f1-score": 0.5355850422195416,
        "support": 287
    },
    "accuracy": 0.468232044198895,
    "macro avg": {
        "precision": 0.5262256193990511,
        "recall": 0.520626858769405,
        "f1-score": 0.45680706068973853,
        "support": 724
    },
    "weighted avg": {
        "precision": 0.5503896090657829,
        "recall": 0.468232044198895,
        "f1-score": 0.4404856556766578,
        "support": 724
    }
}