{
    "DOWN": {
        "precision": 0.653220559531555,
        "recall": 0.5360384410037373,
        "f1-score": 0.5888563049853373,
        "support": 1873
    },
    "UP": {
        "precision": 0.3610294117647059,
        "recall": 0.4794921875,
        "f1-score": 0.4119127516778523,
        "support": 1024
    },
    "accuracy": 0.5160510873317224,
    "macro avg": {
        "precision": 0.5071249856481305,
        "recall": 0.5077653142518687,
        "f1-score": 0.5003845283315947,
        "support": 2897
    },
    "weighted avg": {
        "precision": 0.5499400157575635,
        "recall": 0.5160510873317224,
        "f1-score": 0.5263122253902857,
        "support": 2897
    }
}