{
    "R2": 0.9762422323070916,
    "RMSE": 128.52379470720143,
    "MSE": 16518.36580593886,
    "MAPE": 0.03845835958691694,
    "ACMAPE": 0.9997149040895347
}