{
    "DOWN": {
        "precision": 0.6122448979591837,
        "recall": 0.4,
        "f1-score": 0.48387096774193544,
        "support": 150
    },
    "UP": {
        "precision": 0.375,
        "recall": 0.5869565217391305,
        "f1-score": 0.45762711864406785,
        "support": 92
    },
    "accuracy": 0.47107438016528924,
    "macro avg": {
        "precision": 0.49362244897959184,
        "recall": 0.49347826086956526,
        "f1-score": 0.47074904319300165,
        "support": 242
    },
    "weighted avg": {
        "precision": 0.5220526227019734,
        "recall": 0.47107438016528924,
        "f1-score": 0.4738939672584486,
        "support": 242
    }
}