{
    "R2": 0.9850754450238546,
    "RMSE": 6.7286096921735,
    "MSE": 45.27418838961117,
    "MAPE": 0.06530903565408168,
    "ACMAPE": 1.19178458371479
}