{
    "DOWN": {
        "precision": 0.7272727272727273,
        "recall": 0.5182186234817814,
        "f1-score": 0.6052009456264775,
        "support": 247
    },
    "UP": {
        "precision": 0.42788461538461536,
        "recall": 0.6496350364963503,
        "f1-score": 0.5159420289855071,
        "support": 137
    },
    "accuracy": 0.5651041666666666,
    "macro avg": {
        "precision": 0.5775786713286714,
        "recall": 0.5839268299890659,
        "f1-score": 0.5605714873059924,
        "support": 384
    },
    "weighted avg": {
        "precision": 0.6204597811043123,
        "recall": 0.5651041666666666,
        "f1-score": 0.5733559675540479,
        "support": 384
    }
}