{
    "DOWN": {
        "precision": 0.7275449101796407,
        "recall": 0.48406374501992033,
        "f1-score": 0.5813397129186604,
        "support": 1004
    },
    "UP": {
        "precision": 0.3891509433962264,
        "recall": 0.64453125,
        "f1-score": 0.4852941176470589,
        "support": 512
    },
    "accuracy": 0.5382585751978892,
    "macro avg": {
        "precision": 0.5583479267879335,
        "recall": 0.5642974975099602,
        "f1-score": 0.5333169152828596,
        "support": 1516
    },
    "weighted avg": {
        "precision": 0.6132588211340548,
        "recall": 0.5382585751978892,
        "f1-score": 0.5489021503994915,
        "support": 1516
    }
}