{
    "R2": 0.9461036277449119,
    "RMSE": 331.9344785915483,
    "MSE": 110180.49807784305,
    "MAPE": 0.6102880956427125,
    "ACMAPE": 1.6811070114443272
}