{
    "DOWN": {
        "precision": 0.8446601941747572,
        "recall": 0.2265625,
        "f1-score": 0.3572895277207392,
        "support": 768
    },
    "UP": {
        "precision": 0.32653061224489793,
        "recall": 0.9,
        "f1-score": 0.47920133111480856,
        "support": 320
    },
    "accuracy": 0.42463235294117646,
    "macro avg": {
        "precision": 0.5855954032098276,
        "recall": 0.56328125,
        "f1-score": 0.4182454294177739,
        "support": 1088
    },
    "weighted avg": {
        "precision": 0.6922691406659751,
        "recall": 0.42463235294117646,
        "f1-score": 0.3931459404837008,
        "support": 1088
    }
}