{
    "R2": -6.15925515574225,
    "RMSE": 13.345004707079346,
    "MSE": 178.0891506319699,
    "MAPE": 0.22337861180866384,
    "ACMAPE": 2.0135216960693954
}