{
    "DOWN": {
        "precision": 0.7467411545623837,
        "recall": 0.3791962174940898,
        "f1-score": 0.5029789902790843,
        "support": 2115
    },
    "UP": {
        "precision": 0.27096057745696833,
        "recall": 0.6421052631578947,
        "f1-score": 0.3811011323701679,
        "support": 760
    },
    "accuracy": 0.44869565217391305,
    "macro avg": {
        "precision": 0.508850866009676,
        "recall": 0.5106507403259923,
        "f1-score": 0.44204006132462614,
        "support": 2875
    },
    "weighted avg": {
        "precision": 0.6209695933101695,
        "recall": 0.44869565217391305,
        "f1-score": 0.47076084349272723,
        "support": 2875
    }
}