{
    "R2": 0.8443492902446428,
    "RMSE": 12.822838422755552,
    "MSE": 164.42518521609608,
    "MAPE": 0.031153786613234993,
    "ACMAPE": 0.9166499698193418
}