{
    "R2": 0.9745463363962282,
    "RMSE": 13.774057035248592,
    "MSE": 189.72464721028126,
    "MAPE": 0.026712593976676163,
    "ACMAPE": 1.014496189090114
}