{
    "DOWN": {
        "precision": 0.6860670194003528,
        "recall": 0.42467248908296945,
        "f1-score": 0.5246122724207688,
        "support": 916
    },
    "UP": {
        "precision": 0.12748344370860928,
        "recall": 0.30196078431372547,
        "f1-score": 0.1792782305005821,
        "support": 255
    },
    "accuracy": 0.39795046968403075,
    "macro avg": {
        "precision": 0.40677523155448103,
        "recall": 0.36331663669834746,
        "f1-score": 0.35194525146067546,
        "support": 1171
    },
    "weighted avg": {
        "precision": 0.564428409834687,
        "recall": 0.39795046968403075,
        "f1-score": 0.44941143494028407,
        "support": 1171
    }
}