{
    "R2": 0.932254670207533,
    "RMSE": 23.812802532461983,
    "MSE": 567.0495644500278,
    "MAPE": 0.07025363794936623,
    "ACMAPE": 1.2585944451242543
}