{
    "DOWN": {
        "precision": 0.6936936936936937,
        "recall": 0.8105263157894737,
        "f1-score": 0.7475728155339806,
        "support": 95
    },
    "UP": {
        "precision": 0.3793103448275862,
        "recall": 0.24444444444444444,
        "f1-score": 0.29729729729729726,
        "support": 45
    },
    "accuracy": 0.6285714285714286,
    "macro avg": {
        "precision": 0.53650201926064,
        "recall": 0.527485380116959,
        "f1-score": 0.5224350564156389,
        "support": 140
    },
    "weighted avg": {
        "precision": 0.5926419029867306,
        "recall": 0.6285714285714286,
        "f1-score": 0.6028413989579038,
        "support": 140
    }
}