{
    "DOWN": {
        "precision": 0.7142857142857143,
        "recall": 0.6842105263157895,
        "f1-score": 0.6989247311827957,
        "support": 95
    },
    "UP": {
        "precision": 0.3877551020408163,
        "recall": 0.4222222222222222,
        "f1-score": 0.40425531914893614,
        "support": 45
    },
    "accuracy": 0.6,
    "macro avg": {
        "precision": 0.5510204081632653,
        "recall": 0.5532163742690058,
        "f1-score": 0.551590025165866,
        "support": 140
    },
    "weighted avg": {
        "precision": 0.60932944606414,
        "recall": 0.6,
        "f1-score": 0.6042095630290552,
        "support": 140
    }
}