{
    "DOWN": {
        "precision": 0.8258642765685019,
        "recall": 0.7350427350427351,
        "f1-score": 0.7778112752487186,
        "support": 1755
    },
    "UP": {
        "precision": 0.30700447093889716,
        "recall": 0.4309623430962343,
        "f1-score": 0.3585726718885988,
        "support": 478
    },
    "accuracy": 0.6699507389162561,
    "macro avg": {
        "precision": 0.5664343737536995,
        "recall": 0.5830025390694847,
        "f1-score": 0.5681919735686587,
        "support": 2233
    },
    "weighted avg": {
        "precision": 0.7147962124883627,
        "recall": 0.6699507389162561,
        "f1-score": 0.6880683050713172,
        "support": 2233
    }
}