{
    "DOWN": {
        "precision": 0.6454545454545455,
        "recall": 0.1570796460176991,
        "f1-score": 0.2526690391459075,
        "support": 452
    },
    "UP": {
        "precision": 0.3894230769230769,
        "recall": 0.8617021276595744,
        "f1-score": 0.5364238410596027,
        "support": 282
    },
    "accuracy": 0.42779291553133514,
    "macro avg": {
        "precision": 0.5174388111888112,
        "recall": 0.5093908868386368,
        "f1-score": 0.3945464401027551,
        "support": 734
    },
    "weighted avg": {
        "precision": 0.5470882319315562,
        "recall": 0.42779291553133514,
        "f1-score": 0.3616865515977632,
        "support": 734
    }
}