{
    "R2": 0.9615730961392541,
    "RMSE": 79.16095036369109,
    "MSE": 6266.4560624827645,
    "MAPE": 0.03946195987855814,
    "ACMAPE": 0.8562843897851002
}