{
    "R2": 0.995709722833567,
    "RMSE": 20.651764931440063,
    "MSE": 426.4953947834576,
    "MAPE": 0.055222544215186985,
    "ACMAPE": 1.4673539275764913
}