{
    "R2": 0.9806802015685749,
    "RMSE": 184.19757761601517,
    "MSE": 33928.74759960793,
    "MAPE": 0.05602897793226734,
    "ACMAPE": 0.7145951990744301
}