{
    "DOWN": {
        "precision": 0.6296296296296297,
        "recall": 0.6538461538461539,
        "f1-score": 0.6415094339622641,
        "support": 182
    },
    "UP": {
        "precision": 0.4,
        "recall": 0.375,
        "f1-score": 0.38709677419354843,
        "support": 112
    },
    "accuracy": 0.5476190476190477,
    "macro avg": {
        "precision": 0.5148148148148148,
        "recall": 0.5144230769230769,
        "f1-score": 0.5143031040779062,
        "support": 294
    },
    "weighted avg": {
        "precision": 0.5421516754850089,
        "recall": 0.5476190476190477,
        "f1-score": 0.5445903254789438,
        "support": 294
    }
}