{
    "R2": 0.9308525882231629,
    "RMSE": 92.24899240641382,
    "MSE": 8509.876599998595,
    "MAPE": 0.036910260407413804,
    "ACMAPE": 0.8636016413156622
}