{
    "R2": 0.217409220514179,
    "RMSE": 37.62842773837497,
    "MSE": 1415.8985740621067,
    "MAPE": 0.034351214527606797,
    "ACMAPE": 0.8343512145276069
}