{
    "DOWN": {
        "precision": 0.8090614886731392,
        "recall": 0.3787878787878788,
        "f1-score": 0.5159958720330238,
        "support": 660
    },
    "UP": {
        "precision": 0.30976430976430974,
        "recall": 0.757201646090535,
        "f1-score": 0.4396654719235364,
        "support": 243
    },
    "accuracy": 0.4806201550387597,
    "macro avg": {
        "precision": 0.5594128992187245,
        "recall": 0.5679947624392069,
        "f1-score": 0.4778306719782801,
        "support": 903
    },
    "weighted avg": {
        "precision": 0.6746991249136203,
        "recall": 0.4806201550387597,
        "f1-score": 0.49545513313312844,
        "support": 903
    }
}