{
    "DOWN": {
        "precision": 0.5925925925925926,
        "recall": 0.02269503546099291,
        "f1-score": 0.04371584699453552,
        "support": 705
    },
    "UP": {
        "precision": 0.11325611325611326,
        "recall": 0.8888888888888888,
        "f1-score": 0.20091324200913244,
        "support": 99
    },
    "accuracy": 0.12935323383084577,
    "macro avg": {
        "precision": 0.3529243529243529,
        "recall": 0.4557919621749409,
        "f1-score": 0.12231454450183397,
        "support": 804
    },
    "weighted avg": {
        "precision": 0.5335698171519067,
        "recall": 0.12935323383084577,
        "f1-score": 0.06307224264931797,
        "support": 804
    }
}