{
    "R2": 0.9902257394290075,
    "RMSE": 43.12030145677962,
    "MSE": 1859.360397723551,
    "MAPE": 0.22714292914772327,
    "ACMAPE": 1.3749339136734018
}