{
    "R2": 0.8881298517145904,
    "RMSE": 11.222799826256058,
    "MSE": 125.951235940213,
    "MAPE": 0.036698711262228914,
    "ACMAPE": 0.9712225207860384
}