{
    "DOWN": {
        "precision": 0.7659574468085106,
        "recall": 0.3412322274881517,
        "f1-score": 0.4721311475409837,
        "support": 211
    },
    "UP": {
        "precision": 0.4256198347107438,
        "recall": 0.824,
        "f1-score": 0.561307901907357,
        "support": 125
    },
    "accuracy": 0.5208333333333334,
    "macro avg": {
        "precision": 0.5957886407596272,
        "recall": 0.5826161137440758,
        "f1-score": 0.5167195247241704,
        "support": 336
    },
    "weighted avg": {
        "precision": 0.6393437518316629,
        "recall": 0.5208333333333334,
        "f1-score": 0.5053070234213309,
        "support": 336
    }
}