{
    "R2": -0.21829379741655353,
    "RMSE": 908.6054599567246,
    "MSE": 825563.8818631712,
    "MAPE": 0.020236013464360415,
    "ACMAPE": 1.6683841616125086
}