{
    "R2": -0.0030358243445465227,
    "RMSE": 824.4371397784623,
    "MSE": 679696.5974460918,
    "MAPE": 0.015745292137209904,
    "ACMAPE": 1.2750045513964692
}