{
    "DOWN": {
        "precision": 0.9333333333333333,
        "recall": 0.020527859237536656,
        "f1-score": 0.040172166427546625,
        "support": 682
    },
    "UP": {
        "precision": 0.1081441922563418,
        "recall": 0.9878048780487805,
        "f1-score": 0.19494584837545126,
        "support": 82
    },
    "accuracy": 0.1243455497382199,
    "macro avg": {
        "precision": 0.5207387627948376,
        "recall": 0.5041663686431586,
        "f1-score": 0.11755900740149894,
        "support": 764
    },
    "weighted avg": {
        "precision": 0.8447659124323996,
        "recall": 0.1243455497382199,
        "f1-score": 0.05678400140101283,
        "support": 764
    }
}