{
    "DOWN": {
        "precision": 0.7647058823529411,
        "recall": 0.12682926829268293,
        "f1-score": 0.2175732217573222,
        "support": 205
    },
    "UP": {
        "precision": 0.05789473684210526,
        "recall": 0.5789473684210527,
        "f1-score": 0.10526315789473685,
        "support": 19
    },
    "accuracy": 0.16517857142857142,
    "macro avg": {
        "precision": 0.4113003095975232,
        "recall": 0.3528883183568678,
        "f1-score": 0.1614181898260295,
        "support": 224
    },
    "weighted avg": {
        "precision": 0.7047531512605041,
        "recall": 0.16517857142857142,
        "f1-score": 0.20804692169754932,
        "support": 224
    }
}