{
    "DOWN": {
        "precision": 0.6683141131246568,
        "recall": 0.4227162209100382,
        "f1-score": 0.517872340425532,
        "support": 2879
    },
    "UP": {
        "precision": 0.27833260963960055,
        "recall": 0.5148594377510041,
        "f1-score": 0.36133032694475764,
        "support": 1245
    },
    "accuracy": 0.45053346265761396,
    "macro avg": {
        "precision": 0.4733233613821287,
        "recall": 0.4687878293305211,
        "f1-score": 0.4396013336851448,
        "support": 4124
    },
    "weighted avg": {
        "precision": 0.5505820636971847,
        "recall": 0.45053346265761396,
        "f1-score": 0.47061365788829534,
        "support": 4124
    }
}