{
    "DOWN": {
        "precision": 0.6666666666666666,
        "recall": 0.02079002079002079,
        "f1-score": 0.04032258064516129,
        "support": 481
    },
    "UP": {
        "precision": 0.3617886178861789,
        "recall": 0.9816176470588235,
        "f1-score": 0.5287128712871288,
        "support": 272
    },
    "accuracy": 0.36786188579017265,
    "macro avg": {
        "precision": 0.5142276422764227,
        "recall": 0.5012038339244221,
        "f1-score": 0.28451772596614505,
        "support": 753
    },
    "weighted avg": {
        "precision": 0.5565380753409127,
        "recall": 0.36786188579017265,
        "f1-score": 0.21673979054504863,
        "support": 753
    }
}