{
    "DOWN": {
        "precision": 0.5902335456475584,
        "recall": 0.7239583333333334,
        "f1-score": 0.6502923976608187,
        "support": 384
    },
    "UP": {
        "precision": 0.4479166666666667,
        "recall": 0.30824372759856633,
        "f1-score": 0.36518046709129515,
        "support": 279
    },
    "accuracy": 0.5490196078431373,
    "macro avg": {
        "precision": 0.5190751061571125,
        "recall": 0.5161010304659499,
        "f1-score": 0.5077364323760569,
        "support": 663
    },
    "weighted avg": {
        "precision": 0.530344542275509,
        "recall": 0.5490196078431373,
        "f1-score": 0.5303131689596164,
        "support": 663
    }
}