{
    "DOWN": {
        "precision": 0.8044382801664355,
        "recall": 0.4666130329847144,
        "f1-score": 0.5906313645621182,
        "support": 1243
    },
    "UP": {
        "precision": 0.33433734939759036,
        "recall": 0.7025316455696202,
        "f1-score": 0.4530612244897959,
        "support": 474
    },
    "accuracy": 0.5317414094350612,
    "macro avg": {
        "precision": 0.569387814782013,
        "recall": 0.5845723392771673,
        "f1-score": 0.521846294525957,
        "support": 1717
    },
    "weighted avg": {
        "precision": 0.6746608537340345,
        "recall": 0.5317414094350612,
        "f1-score": 0.5526533526842611,
        "support": 1717
    }
}