{
    "R2": 0.926740635294286,
    "RMSE": 67.54508340832822,
    "MSE": 4562.338292638016,
    "MAPE": 0.014934583592463281,
    "ACMAPE": 0.5409668995709194
}