{
    "R2": 0.982932637404749,
    "RMSE": 56.237724862241336,
    "MSE": 3162.681697681157,
    "MAPE": 0.4925308346115142,
    "ACMAPE": 1.8888006941556081
}