{
    "DOWN": {
        "precision": 0.7113821138211383,
        "recall": 0.31992687385740404,
        "f1-score": 0.4413619167717529,
        "support": 547
    },
    "UP": {
        "precision": 0.34275618374558303,
        "recall": 0.7320754716981132,
        "f1-score": 0.46690734055354993,
        "support": 265
    },
    "accuracy": 0.4544334975369458,
    "macro avg": {
        "precision": 0.5270691487833606,
        "recall": 0.5260011727777586,
        "f1-score": 0.4541346286626514,
        "support": 812
    },
    "weighted avg": {
        "precision": 0.5910793164442637,
        "recall": 0.4544334975369458,
        "f1-score": 0.4496987853704921,
        "support": 812
    }
}