{
    "R2": 0.8774904494179105,
    "RMSE": 6.7142761684556564,
    "MSE": 45.08150446629157,
    "MAPE": 0.052678883185218794,
    "ACMAPE": 1.0725344788530886
}