{
    "R2": 0.910899578852667,
    "RMSE": 258.83922373964504,
    "MSE": 66997.74374614203,
    "MAPE": 0.0327113183179323,
    "ACMAPE": 0.6327113183179324
}