{
    "R2": 0.6865114684422098,
    "RMSE": 4.524137659623205,
    "MSE": 20.46782156322093,
    "MAPE": 0.028684696361871695,
    "ACMAPE": 1.0286846963618717
}