{
    "DOWN": {
        "precision": 0.7207792207792207,
        "recall": 0.4111111111111111,
        "f1-score": 0.5235849056603773,
        "support": 270
    },
    "UP": {
        "precision": 0.37890625,
        "recall": 0.6928571428571428,
        "f1-score": 0.4898989898989899,
        "support": 140
    },
    "accuracy": 0.5073170731707317,
    "macro avg": {
        "precision": 0.5498427353896104,
        "recall": 0.551984126984127,
        "f1-score": 0.5067419477796836,
        "support": 410
    },
    "weighted avg": {
        "precision": 0.6040421088058283,
        "recall": 0.5073170731707317,
        "f1-score": 0.5120823978394157,
        "support": 410
    }
}