{
    "DOWN": {
        "precision": 0.7801169590643274,
        "recall": 0.3800569800569801,
        "f1-score": 0.5111111111111112,
        "support": 1755
    },
    "UP": {
        "precision": 0.29761136216914136,
        "recall": 0.7103235747303543,
        "f1-score": 0.4194722474977252,
        "support": 649
    },
    "accuracy": 0.46921797004991683,
    "macro avg": {
        "precision": 0.5388641606167344,
        "recall": 0.5451902773936672,
        "f1-score": 0.46529167930441817,
        "support": 2404
    },
    "weighted avg": {
        "precision": 0.6498565046612593,
        "recall": 0.46921797004991683,
        "f1-score": 0.48637166748170707,
        "support": 2404
    }
}