{
    "DOWN": {
        "precision": 0.860802732707088,
        "recall": 0.5037481259370314,
        "f1-score": 0.6355611601513241,
        "support": 2001
    },
    "UP": {
        "precision": 0.30364656381486677,
        "recall": 0.7265100671140939,
        "f1-score": 0.42828882294757664,
        "support": 596
    },
    "accuracy": 0.5548710050057759,
    "macro avg": {
        "precision": 0.5822246482609774,
        "recall": 0.6151290965255627,
        "f1-score": 0.5319249915494504,
        "support": 2597
    },
    "weighted avg": {
        "precision": 0.7329378591376756,
        "recall": 0.5548710050057759,
        "f1-score": 0.5879930766036023,
        "support": 2597
    }
}