{
    "DOWN": {
        "precision": 0.7777777777777778,
        "recall": 0.09523809523809523,
        "f1-score": 0.16969696969696968,
        "support": 441
    },
    "UP": {
        "precision": 0.09111617312072894,
        "recall": 0.7692307692307693,
        "f1-score": 0.1629327902240326,
        "support": 52
    },
    "accuracy": 0.1663286004056795,
    "macro avg": {
        "precision": 0.43444697544925337,
        "recall": 0.43223443223443225,
        "f1-score": 0.16631487996050115,
        "support": 493
    },
    "weighted avg": {
        "precision": 0.7053509959478254,
        "recall": 0.1663286004056795,
        "f1-score": 0.16898350654769437,
        "support": 493
    }
}