{
    "R2": 0.9143763151987775,
    "RMSE": 19.651892986909388,
    "MSE": 386.19689796893834,
    "MAPE": 0.028637268289805524,
    "ACMAPE": 0.8121793076457984
}