{
    "R2": 0.8467754437899657,
    "RMSE": 10.388156354321467,
    "MSE": 107.91379244182949,
    "MAPE": 0.10158533892653099,
    "ACMAPE": 1.3083842057820552
}