{
    "R2": 0.9736722467737949,
    "RMSE": 18.531959322923733,
    "MSE": 343.4335163464998,
    "MAPE": 0.0631695686291597,
    "ACMAPE": 1.0450782072542164
}