{
    "DOWN": {
        "precision": 0.4397163120567376,
        "recall": 0.543859649122807,
        "f1-score": 0.4862745098039216,
        "support": 114
    },
    "UP": {
        "precision": 0.4090909090909091,
        "recall": 0.3130434782608696,
        "f1-score": 0.35467980295566504,
        "support": 115
    },
    "accuracy": 0.4279475982532751,
    "macro avg": {
        "precision": 0.42440361057382336,
        "recall": 0.42845156369183834,
        "f1-score": 0.4204771563797933,
        "support": 229
    },
    "weighted avg": {
        "precision": 0.42433674288175827,
        "recall": 0.4279475982532751,
        "f1-score": 0.4201898316923517,
        "support": 229
    }
}