{
    "R2": -3.2745420569378982,
    "RMSE": 162.40740785430717,
    "MSE": 26376.16612595527,
    "MAPE": 0.8100065680918035,
    "ACMAPE": 1.4375927749883552
}