{
    "R2": 0.9694932065666774,
    "RMSE": 26.033529352606006,
    "MSE": 677.7446505529986,
    "MAPE": 0.18228460714921058,
    "ACMAPE": 1.453287317176311
}