{
    "R2": 0.878302711796963,
    "RMSE": 53.20554383973799,
    "MSE": 2830.829895282281,
    "MAPE": 0.055577941112687435,
    "ACMAPE": 0.7467094395836354
}