{
    "R2": 0.31155499122434194,
    "RMSE": 5.642530196640753,
    "MSE": 31.838147020002733,
    "MAPE": 0.03807280379501316,
    "ACMAPE": 0.811019663698395
}