{
    "R2": 0.9229632362088677,
    "RMSE": 10.957442719402179,
    "MSE": 120.06555094897982,
    "MAPE": 0.05241609996487081,
    "ACMAPE": 1.0280258560624318
}