{
    "R2": 0.9489518219479852,
    "RMSE": 8.919701421878116,
    "MSE": 79.56107345545449,
    "MAPE": 0.042055856926175986,
    "ACMAPE": 1.0390070764383712
}