{
    "R2": 0.9659432617739554,
    "RMSE": 6.199788473717626,
    "MSE": 38.43737711884193,
    "MAPE": 0.03519101427635241,
    "ACMAPE": 1.0424623499058971
}