{
    "DOWN": {
        "precision": 0.8829268292682927,
        "recall": 0.4630471859010802,
        "f1-score": 0.6074958045869849,
        "support": 3518
    },
    "UP": {
        "precision": 0.16893972723273207,
        "recall": 0.64,
        "f1-score": 0.2673163940132266,
        "support": 600
    },
    "accuracy": 0.48882952889752307,
    "macro avg": {
        "precision": 0.5259332782505124,
        "recall": 0.5515235929505401,
        "f1-score": 0.43740609930010577,
        "support": 4118
    },
    "weighted avg": {
        "precision": 0.7788976254748647,
        "recall": 0.48882952889752307,
        "f1-score": 0.5579310531677875,
        "support": 4118
    }
}