{
    "DOWN": {
        "precision": 0.650994575045208,
        "recall": 0.9836065573770492,
        "f1-score": 0.7834602829162133,
        "support": 366
    },
    "UP": {
        "precision": 0.4,
        "recall": 0.02030456852791878,
        "f1-score": 0.03864734299516908,
        "support": 197
    },
    "accuracy": 0.6465364120781527,
    "macro avg": {
        "precision": 0.525497287522604,
        "recall": 0.501955562952484,
        "f1-score": 0.41105381295569116,
        "support": 563
    },
    "weighted avg": {
        "precision": 0.5631687645942205,
        "recall": 0.6465364120781527,
        "f1-score": 0.5228419007413542,
        "support": 563
    }
}