{
    "R2": 0.8324588633098026,
    "RMSE": 57.95320627926798,
    "MSE": 3358.574118047386,
    "MAPE": 0.019833796897023154,
    "ACMAPE": 0.61092691430593
}