{
    "DOWN": {
        "precision": 0.6842105263157895,
        "recall": 0.0497131931166348,
        "f1-score": 0.0926916221033868,
        "support": 523
    },
    "UP": {
        "precision": 0.11565836298932385,
        "recall": 0.8441558441558441,
        "f1-score": 0.20344287949921752,
        "support": 77
    },
    "accuracy": 0.15166666666666667,
    "macro avg": {
        "precision": 0.3999344446525567,
        "recall": 0.44693451863623945,
        "f1-score": 0.14806725080130217,
        "support": 600
    },
    "weighted avg": {
        "precision": 0.6112463320222264,
        "recall": 0.15166666666666667,
        "f1-score": 0.10690470013585175,
        "support": 600
    }
}