{
    "DOWN": {
        "precision": 0.6862068965517242,
        "recall": 0.48418491484184917,
        "f1-score": 0.5677603423680456,
        "support": 411
    },
    "UP": {
        "precision": 0.38011695906432746,
        "recall": 0.5882352941176471,
        "f1-score": 0.46181172291296624,
        "support": 221
    },
    "accuracy": 0.5205696202531646,
    "macro avg": {
        "precision": 0.5331619278080258,
        "recall": 0.5362101044797482,
        "f1-score": 0.5147860326405059,
        "support": 632
    },
    "weighted avg": {
        "precision": 0.5791722823354035,
        "recall": 0.5205696202531646,
        "f1-score": 0.5307118536028992,
        "support": 632
    }
}