{
    "R2": 0.9550628839535813,
    "RMSE": 19.88632071768449,
    "MSE": 395.46575168660735,
    "MAPE": 0.09818841433998042,
    "ACMAPE": 1.3437533069636967
}