{
    "R2": -0.21077634026245406,
    "RMSE": 7.782944986035046,
    "MSE": 60.57423265564807,
    "MAPE": 0.1114141987747735,
    "ACMAPE": 1.6040612575983029
}