{
    "R2": 0.7799621973314506,
    "RMSE": 42.76879292261736,
    "MSE": 1829.1696480577245,
    "MAPE": 0.15349175066429074,
    "ACMAPE": 1.3833768081355553
}