{
    "R2": 0.8653305147861785,
    "RMSE": 33.071705072811504,
    "MSE": 1093.7376764230262,
    "MAPE": 0.10080327911916794,
    "ACMAPE": 1.2628144523035256
}