{
    "DOWN": {
        "precision": 0.7543859649122807,
        "recall": 0.45989304812834225,
        "f1-score": 0.5714285714285715,
        "support": 187
    },
    "UP": {
        "precision": 0.40588235294117647,
        "recall": 0.711340206185567,
        "f1-score": 0.5168539325842697,
        "support": 97
    },
    "accuracy": 0.545774647887324,
    "macro avg": {
        "precision": 0.5801341589267286,
        "recall": 0.5856166271569546,
        "f1-score": 0.5441412520064206,
        "support": 284
    },
    "weighted avg": {
        "precision": 0.6353548016686289,
        "recall": 0.545774647887324,
        "f1-score": 0.5527886419641445,
        "support": 284
    }
}