{
    "DOWN": {
        "precision": 0.7777777777777778,
        "recall": 0.5714285714285714,
        "f1-score": 0.6588235294117646,
        "support": 49
    },
    "UP": {
        "precision": 0.475,
        "recall": 0.7037037037037037,
        "f1-score": 0.5671641791044776,
        "support": 27
    },
    "accuracy": 0.618421052631579,
    "macro avg": {
        "precision": 0.6263888888888889,
        "recall": 0.6375661375661376,
        "f1-score": 0.612993854258121,
        "support": 76
    },
    "weighted avg": {
        "precision": 0.6702119883040937,
        "recall": 0.618421052631579,
        "f1-score": 0.6262603391710179,
        "support": 76
    }
}