{
    "DOWN": {
        "precision": 0.7381158167675022,
        "recall": 0.5789830508474576,
        "f1-score": 0.648936170212766,
        "support": 1475
    },
    "UP": {
        "precision": 0.41635338345864664,
        "recall": 0.5938337801608579,
        "f1-score": 0.48950276243093915,
        "support": 746
    },
    "accuracy": 0.5839711841512832,
    "macro avg": {
        "precision": 0.5772346001130744,
        "recall": 0.5864084155041578,
        "f1-score": 0.5692194663218526,
        "support": 2221
    },
    "weighted avg": {
        "precision": 0.6300407266061306,
        "recall": 0.5839711841512832,
        "f1-score": 0.5953849220339084,
        "support": 2221
    }
}