{
    "DOWN": {
        "precision": 0.7083333333333334,
        "recall": 0.6181818181818182,
        "f1-score": 0.6601941747572815,
        "support": 55
    },
    "UP": {
        "precision": 0.25,
        "recall": 0.3333333333333333,
        "f1-score": 0.28571428571428575,
        "support": 21
    },
    "accuracy": 0.5394736842105263,
    "macro avg": {
        "precision": 0.4791666666666667,
        "recall": 0.4757575757575757,
        "f1-score": 0.47295423023578365,
        "support": 76
    },
    "weighted avg": {
        "precision": 0.5816885964912281,
        "recall": 0.5394736842105263,
        "f1-score": 0.5567194685743484,
        "support": 76
    }
}