{
    "R2": 0.8501161620067283,
    "RMSE": 4.6572636856053204,
    "MSE": 21.690105037258057,
    "MAPE": 0.016682638297015044,
    "ACMAPE": 0.753524743560173
}