{
    "R2": 0.7859651423749838,
    "RMSE": 16.50961450916044,
    "MSE": 272.5673712410809,
    "MAPE": 0.054014886966472414,
    "ACMAPE": 0.9723822339052478
}