{
    "R2": 0.9221146703661576,
    "RMSE": 25.153381801697158,
    "MSE": 632.6926160619497,
    "MAPE": 0.08048381782726079,
    "ACMAPE": 1.0897335608899537
}