{
    "DOWN": {
        "precision": 0.8888888888888888,
        "recall": 0.25477707006369427,
        "f1-score": 0.39603960396039606,
        "support": 157
    },
    "UP": {
        "precision": 0.4236453201970443,
        "recall": 0.945054945054945,
        "f1-score": 0.5850340136054422,
        "support": 91
    },
    "accuracy": 0.5080645161290323,
    "macro avg": {
        "precision": 0.6562671045429666,
        "recall": 0.5999160075593196,
        "f1-score": 0.4905368087829191,
        "support": 248
    },
    "weighted avg": {
        "precision": 0.718174514893091,
        "recall": 0.5080645161290323,
        "f1-score": 0.4653883591124089,
        "support": 248
    }
}