{
    "R2": 0.9521073229435397,
    "RMSE": 11.265834864981642,
    "MSE": 126.91903520503593,
    "MAPE": 0.05713468922516921,
    "ACMAPE": 0.9822217972391065
}