{
    "DOWN": {
        "precision": 0.6483790523690773,
        "recall": 0.7252440725244073,
        "f1-score": 0.6846609611586569,
        "support": 717
    },
    "UP": {
        "precision": 0.4222873900293255,
        "recall": 0.3380281690140845,
        "f1-score": 0.3754889178617992,
        "support": 426
    },
    "accuracy": 0.5809273840769904,
    "macro avg": {
        "precision": 0.5353332211992015,
        "recall": 0.5316361207692459,
        "f1-score": 0.5300749395102281,
        "support": 1143
    },
    "weighted avg": {
        "precision": 0.5641139183736843,
        "recall": 0.5809273840769904,
        "f1-score": 0.569431485704185,
        "support": 1143
    }
}