{
    "R2": 0.17686056615711032,
    "RMSE": 2.049848240806552,
    "MSE": 4.201877810337716,
    "MAPE": 0.02270214548972981,
    "ACMAPE": 0.9115910343786187
}