{
    "DOWN": {
        "precision": 0.7377049180327869,
        "recall": 0.36,
        "f1-score": 0.4838709677419355,
        "support": 250
    },
    "UP": {
        "precision": 0.2982456140350877,
        "recall": 0.68,
        "f1-score": 0.41463414634146345,
        "support": 100
    },
    "accuracy": 0.4514285714285714,
    "macro avg": {
        "precision": 0.5179752660339373,
        "recall": 0.52,
        "f1-score": 0.4492525570416995,
        "support": 350
    },
    "weighted avg": {
        "precision": 0.6121451168905871,
        "recall": 0.4514285714285714,
        "f1-score": 0.46408901877037206,
        "support": 350
    }
}