{
    "R2": 0.6462059725558418,
    "RMSE": 27.85836285559113,
    "MSE": 776.0883809937794,
    "MAPE": 0.1382776290314215,
    "ACMAPE": 1.233929802944465
}