{
    "R2": -265.5661018264674,
    "RMSE": 30.973950285705637,
    "MSE": 959.3855963013643,
    "MAPE": 0.5802040104658084,
    "ACMAPE": 1.0235029795379733
}