{
    "DOWN": {
        "precision": 0.8377358490566038,
        "recall": 0.6915887850467289,
        "f1-score": 0.757679180887372,
        "support": 1284
    },
    "UP": {
        "precision": 0.3003533568904594,
        "recall": 0.49707602339181284,
        "f1-score": 0.3744493392070484,
        "support": 342
    },
    "accuracy": 0.6506765067650676,
    "macro avg": {
        "precision": 0.5690446029735317,
        "recall": 0.5943324042192709,
        "f1-score": 0.5660642600472102,
        "support": 1626
    },
    "weighted avg": {
        "precision": 0.7247070591913999,
        "recall": 0.6506765067650676,
        "f1-score": 0.6770736422313629,
        "support": 1626
    }
}