{
    "R2": 0.9826807466120012,
    "RMSE": 318.77517369358884,
    "MSE": 101617.61136337774,
    "MAPE": 0.06713679792891733,
    "ACMAPE": 0.9950214133135328
}