{
    "DOWN": {
        "precision": 0.834375,
        "recall": 0.6544117647058824,
        "f1-score": 0.7335164835164835,
        "support": 408
    },
    "UP": {
        "precision": 0.3054187192118227,
        "recall": 0.5391304347826087,
        "f1-score": 0.38993710691823896,
        "support": 115
    },
    "accuracy": 0.6290630975143403,
    "macro avg": {
        "precision": 0.5698968596059113,
        "recall": 0.5967710997442455,
        "f1-score": 0.5617267952173612,
        "support": 523
    },
    "weighted avg": {
        "precision": 0.7180653015475327,
        "recall": 0.6290630975143403,
        "f1-score": 0.657968437036946,
        "support": 523
    }
}