{
    "DOWN": {
        "precision": 0.5632502308402585,
        "recall": 0.9713375796178344,
        "f1-score": 0.7130333138515488,
        "support": 628
    },
    "UP": {
        "precision": 0.5609756097560976,
        "recall": 0.046370967741935484,
        "f1-score": 0.0856610800744879,
        "support": 496
    },
    "accuracy": 0.5631672597864769,
    "macro avg": {
        "precision": 0.562112920298178,
        "recall": 0.5088542736798849,
        "f1-score": 0.39934719696301835,
        "support": 1124
    },
    "weighted avg": {
        "precision": 0.5622464834579242,
        "recall": 0.5631672597864769,
        "f1-score": 0.43618578008515896,
        "support": 1124
    }
}