{
    "DOWN": {
        "precision": 0.5263157894736842,
        "recall": 0.2222222222222222,
        "f1-score": 0.3125,
        "support": 45
    },
    "UP": {
        "precision": 0.375,
        "recall": 0.7,
        "f1-score": 0.48837209302325574,
        "support": 30
    },
    "accuracy": 0.41333333333333333,
    "macro avg": {
        "precision": 0.4506578947368421,
        "recall": 0.4611111111111111,
        "f1-score": 0.4004360465116279,
        "support": 75
    },
    "weighted avg": {
        "precision": 0.4657894736842105,
        "recall": 0.41333333333333333,
        "f1-score": 0.3828488372093023,
        "support": 75
    }
}