{
    "DOWN": {
        "precision": 0.7083333333333334,
        "recall": 0.07423580786026202,
        "f1-score": 0.13438735177865616,
        "support": 229
    },
    "UP": {
        "precision": 0.3727810650887574,
        "recall": 0.9473684210526315,
        "f1-score": 0.535031847133758,
        "support": 133
    },
    "accuracy": 0.39502762430939226,
    "macro avg": {
        "precision": 0.5405571992110454,
        "recall": 0.5108021144564467,
        "f1-score": 0.33470959945620704,
        "support": 362
    },
    "weighted avg": {
        "precision": 0.5850503176523151,
        "recall": 0.39502762430939226,
        "f1-score": 0.28158546747542007,
        "support": 362
    }
}