{
    "DOWN": {
        "precision": 0.7157190635451505,
        "recall": 0.49195402298850577,
        "f1-score": 0.5831062670299727,
        "support": 435
    },
    "UP": {
        "precision": 0.32621951219512196,
        "recall": 0.5572916666666666,
        "f1-score": 0.4115384615384615,
        "support": 192
    },
    "accuracy": 0.5119617224880383,
    "macro avg": {
        "precision": 0.5209692878701362,
        "recall": 0.5246228448275863,
        "f1-score": 0.4973223642842171,
        "support": 627
    },
    "weighted avg": {
        "precision": 0.5964464736580604,
        "recall": 0.5119617224880383,
        "f1-score": 0.5305687572143903,
        "support": 627
    }
}