{
    "R2": 0.968208012671507,
    "RMSE": 8.6924827177018,
    "MSE": 75.55925579754447,
    "MAPE": 0.055382163950571495,
    "ACMAPE": 1.7669750008968488
}