{
    "DOWN": {
        "precision": 0.7648165569143932,
        "recall": 0.24748858447488584,
        "f1-score": 0.3739650413983441,
        "support": 3285
    },
    "UP": {
        "precision": 0.22215229704216488,
        "recall": 0.7384937238493724,
        "f1-score": 0.3415578132559265,
        "support": 956
    },
    "accuracy": 0.3581702428672483,
    "macro avg": {
        "precision": 0.49348442697827904,
        "recall": 0.49299115416212913,
        "f1-score": 0.3577614273271353,
        "support": 4241
    },
    "weighted avg": {
        "precision": 0.6424899753445158,
        "recall": 0.3581702428672483,
        "f1-score": 0.36665985156006276,
        "support": 4241
    }
}