{
    "DOWN": {
        "precision": 0.8187134502923976,
        "recall": 0.37991858887381275,
        "f1-score": 0.5189990732159406,
        "support": 737
    },
    "UP": {
        "precision": 0.34620886981402005,
        "recall": 0.7960526315789473,
        "f1-score": 0.48255234297108673,
        "support": 304
    },
    "accuracy": 0.5014409221902018,
    "macro avg": {
        "precision": 0.5824611600532088,
        "recall": 0.5879856102263801,
        "f1-score": 0.5007757080935137,
        "support": 1041
    },
    "weighted avg": {
        "precision": 0.6807294037357916,
        "recall": 0.5014409221902018,
        "f1-score": 0.5083556476689324,
        "support": 1041
    }
}