{
    "DOWN": {
        "precision": 0.7512953367875648,
        "recall": 0.23786089238845146,
        "f1-score": 0.36132569150261656,
        "support": 3048
    },
    "UP": {
        "precision": 0.27087256748273697,
        "recall": 0.7824116047144152,
        "f1-score": 0.40242480764747024,
        "support": 1103
    },
    "accuracy": 0.38255841965791376,
    "macro avg": {
        "precision": 0.5110839521351509,
        "recall": 0.5101362485514334,
        "f1-score": 0.3818752495750434,
        "support": 4151
    },
    "weighted avg": {
        "precision": 0.6236378290681659,
        "recall": 0.38255841965791376,
        "f1-score": 0.3722465118128487,
        "support": 4151
    }
}