{
    "DOWN": {
        "precision": 0.6330275229357798,
        "recall": 0.8720379146919431,
        "f1-score": 0.7335548172757476,
        "support": 633
    },
    "UP": {
        "precision": 0.4807692307692308,
        "recall": 0.189873417721519,
        "f1-score": 0.2722323049001815,
        "support": 395
    },
    "accuracy": 0.6099221789883269,
    "macro avg": {
        "precision": 0.5568983768525053,
        "recall": 0.5309556662067311,
        "f1-score": 0.5028935610879646,
        "support": 1028
    },
    "weighted avg": {
        "precision": 0.5745236071713957,
        "recall": 0.6099221789883269,
        "f1-score": 0.5562956807112062,
        "support": 1028
    }
}