{
    "DOWN": {
        "precision": 0.6815144766146993,
        "recall": 0.08268035666036207,
        "f1-score": 0.14746987951807228,
        "support": 3701
    },
    "UP": {
        "precision": 0.11496350364963503,
        "recall": 0.7551369863013698,
        "f1-score": 0.1995475113122172,
        "support": 584
    },
    "accuracy": 0.17432905484247374,
    "macro avg": {
        "precision": 0.3982389901321672,
        "recall": 0.41890867148086597,
        "f1-score": 0.17350869541514474,
        "support": 4285
    },
    "weighted avg": {
        "precision": 0.6042995948850383,
        "recall": 0.17432905484247374,
        "f1-score": 0.15456750774859288,
        "support": 4285
    }
}