{
    "DOWN": {
        "precision": 0.9101941747572816,
        "recall": 0.21192427239333145,
        "f1-score": 0.34380013752005506,
        "support": 3539
    },
    "UP": {
        "precision": 0.2092429827048483,
        "recall": 0.9088669950738916,
        "f1-score": 0.34017054620880394,
        "support": 812
    },
    "accuracy": 0.34199034704665593,
    "macro avg": {
        "precision": 0.559718578731065,
        "recall": 0.5603956337336116,
        "f1-score": 0.3419853418644295,
        "support": 4351
    },
    "weighted avg": {
        "precision": 0.7793800244592867,
        "recall": 0.34199034704665593,
        "f1-score": 0.3431227695254019,
        "support": 4351
    }
}