{
    "R2": 0.987233586692621,
    "RMSE": 326.15581024204823,
    "MSE": 106377.61255464698,
    "MAPE": 0.14738847056483542,
    "ACMAPE": 1.3593866663248715
}