{
    "R2": 0.9938838797959769,
    "RMSE": 225.6345067216778,
    "MSE": 50910.93062353487,
    "MAPE": 0.14345742839420786,
    "ACMAPE": 1.3667059077814572
}