{
    "DOWN": {
        "precision": 0.5995623632385121,
        "recall": 0.18812221077926536,
        "f1-score": 0.2863862032923961,
        "support": 2913
    },
    "UP": {
        "precision": 0.3319209039548023,
        "recall": 0.7624918883841661,
        "f1-score": 0.46250738043692197,
        "support": 1541
    },
    "accuracy": 0.38684328693309383,
    "macro avg": {
        "precision": 0.4657416335966572,
        "recall": 0.47530704958171577,
        "f1-score": 0.374446791864659,
        "support": 4454
    },
    "weighted avg": {
        "precision": 0.5069634658976507,
        "recall": 0.38684328693309383,
        "f1-score": 0.34732080903548423,
        "support": 4454
    }
}