{
    "R2": 0.9135548908169393,
    "RMSE": 5.928009799338059,
    "MSE": 35.14130018104806,
    "MAPE": 0.030349070027841433,
    "ACMAPE": 0.8922275230665155
}