{
    "DOWN": {
        "precision": 0.7551020408163265,
        "recall": 0.048302872062663184,
        "f1-score": 0.09079754601226994,
        "support": 766
    },
    "UP": {
        "precision": 0.2665995975855131,
        "recall": 0.9566787003610109,
        "f1-score": 0.41699449252557047,
        "support": 277
    },
    "accuracy": 0.28954937679769893,
    "macro avg": {
        "precision": 0.5108508192009198,
        "recall": 0.5024907862118371,
        "f1-score": 0.2538960192689202,
        "support": 1043
    },
    "weighted avg": {
        "precision": 0.6253655338413165,
        "recall": 0.28954937679769893,
        "f1-score": 0.1774289498321973,
        "support": 1043
    }
}