{
    "R2": 0.9764002114377837,
    "RMSE": 33.40512036663061,
    "MSE": 1115.9020667090792,
    "MAPE": 0.11269433780432317,
    "ACMAPE": 1.47091265649943
}