{
    "DOWN": {
        "precision": 0.7201986754966887,
        "recall": 0.6092436974789915,
        "f1-score": 0.6600910470409711,
        "support": 714
    },
    "UP": {
        "precision": 0.27154046997389036,
        "recall": 0.38095238095238093,
        "f1-score": 0.3170731707317073,
        "support": 273
    },
    "accuracy": 0.5460992907801419,
    "macro avg": {
        "precision": 0.49586957273528953,
        "recall": 0.49509803921568624,
        "f1-score": 0.48858210888633924,
        "support": 987
    },
    "weighted avg": {
        "precision": 0.5961017250329359,
        "recall": 0.5460992907801419,
        "f1-score": 0.5652137621043661,
        "support": 987
    }
}