{
    "R2": 0.47991209723680883,
    "RMSE": 228.06049013578797,
    "MSE": 52011.58716097584,
    "MAPE": 0.22799137865558358,
    "ACMAPE": 1.0134164798701586
}