{
    "R2": 0.9901210682454048,
    "RMSE": 16.841495776219226,
    "MSE": 283.63597998041007,
    "MAPE": 0.08533447437439552,
    "ACMAPE": 1.131321850388823
}