{
    "DOWN": {
        "precision": 0.9353099730458221,
        "recall": 0.26314459049544997,
        "f1-score": 0.4107318997829947,
        "support": 3956
    },
    "UP": {
        "precision": 0.04048716260697827,
        "recall": 0.6307692307692307,
        "f1-score": 0.0760903185895453,
        "support": 195
    },
    "accuracy": 0.2804143579860275,
    "macro avg": {
        "precision": 0.4878985678264002,
        "recall": 0.44695691063234033,
        "f1-score": 0.24341110918626999,
        "support": 4151
    },
    "weighted avg": {
        "precision": 0.8932742110521882,
        "recall": 0.2804143579860275,
        "f1-score": 0.3950115653255814,
        "support": 4151
    }
}