{
    "DOWN": {
        "precision": 0.6602316602316602,
        "recall": 0.2933104631217839,
        "f1-score": 0.40617577197149646,
        "support": 583
    },
    "UP": {
        "precision": 0.3719512195121951,
        "recall": 0.7349397590361446,
        "f1-score": 0.49392712550607293,
        "support": 332
    },
    "accuracy": 0.453551912568306,
    "macro avg": {
        "precision": 0.5160914398719276,
        "recall": 0.5141251110789642,
        "f1-score": 0.45005144873878467,
        "support": 915
    },
    "weighted avg": {
        "precision": 0.5556315440361822,
        "recall": 0.453551912568306,
        "f1-score": 0.4380156073523482,
        "support": 915
    }
}