{
    "R2": 0.351844336664222,
    "RMSE": 34.078290104825385,
    "MSE": 1161.32985646864,
    "MAPE": 0.05057804735733787,
    "ACMAPE": 0.8454498422291328
}