{
    "R2": 0.3133495301742084,
    "RMSE": 35.07567169216983,
    "MSE": 1230.3027446568838,
    "MAPE": 0.05448717823940313,
    "ACMAPE": 1.0801282038804287
}