{
    "DOWN": {
        "precision": 0.6503496503496503,
        "recall": 0.4170403587443946,
        "f1-score": 0.5081967213114754,
        "support": 669
    },
    "UP": {
        "precision": 0.36482084690553745,
        "recall": 0.5989304812834224,
        "f1-score": 0.4534412955465587,
        "support": 374
    },
    "accuracy": 0.4822627037392138,
    "macro avg": {
        "precision": 0.5075852486275939,
        "recall": 0.5079854200139085,
        "f1-score": 0.48081900842901704,
        "support": 1043
    },
    "weighted avg": {
        "precision": 0.5479644418279838,
        "recall": 0.4822627037392138,
        "f1-score": 0.48856246509279966,
        "support": 1043
    }
}