{
    "R2": 0.7397661916355086,
    "RMSE": 8.975277649717224,
    "MSE": 80.55560888951354,
    "MAPE": 0.1188855681345916,
    "ACMAPE": 1.558446007695031
}