{
    "R2": 0.576666669766565,
    "RMSE": 67.14678981735064,
    "MSE": 4508.691382775463,
    "MAPE": 0.050095529788210615,
    "ACMAPE": 0.752476482169163
}