{
    "R2": 0.8669078419174041,
    "RMSE": 23.035367140361007,
    "MSE": 530.6281392912236,
    "MAPE": 0.04709175638497958,
    "ACMAPE": 0.8390917563849796
}