{
    "R2": 0.9739473609526674,
    "RMSE": 60.33647448489015,
    "MSE": 3640.4901532658,
    "MAPE": 0.5917374024375426,
    "ACMAPE": 1.6665130754185995
}