{
    "R2": 0.9547973812095194,
    "RMSE": 79.46268820252652,
    "MSE": 6314.318816371949,
    "MAPE": 0.9402765540655821,
    "ACMAPE": 2.029490934891148
}