{
    "R2": 0.9856841874798123,
    "RMSE": 428.44373542913894,
    "MSE": 183564.03442847403,
    "MAPE": 0.051879716725124335,
    "ACMAPE": 1.0595183749781965
}