{
    "DOWN": {
        "precision": 0.8574748257164988,
        "recall": 0.3108677337826453,
        "f1-score": 0.4563066776586975,
        "support": 3561
    },
    "UP": {
        "precision": 0.17512605042016807,
        "recall": 0.7390070921985815,
        "f1-score": 0.2831521739130435,
        "support": 705
    },
    "accuracy": 0.3816221284575715,
    "macro avg": {
        "precision": 0.5163004380683335,
        "recall": 0.5249374129906135,
        "f1-score": 0.3697294257858705,
        "support": 4266
    },
    "weighted avg": {
        "precision": 0.7447097327526185,
        "recall": 0.3816221284575715,
        "f1-score": 0.42769113027457045,
        "support": 4266
    }
}