{
    "DOWN": {
        "precision": 0.7751605995717344,
        "recall": 0.3946220930232558,
        "f1-score": 0.5229954249939802,
        "support": 2752
    },
    "UP": {
        "precision": 0.27909995672868887,
        "recall": 0.671875,
        "f1-score": 0.39437480892693366,
        "support": 960
    },
    "accuracy": 0.46632543103448276,
    "macro avg": {
        "precision": 0.5271302781502116,
        "recall": 0.5332485465116279,
        "f1-score": 0.45868511696045694,
        "support": 3712
    },
    "weighted avg": {
        "precision": 0.6468690540088778,
        "recall": 0.46632543103448276,
        "f1-score": 0.4897314725628475,
        "support": 3712
    }
}