{
    "DOWN": {
        "precision": 0.6142857142857143,
        "recall": 0.2245430809399478,
        "f1-score": 0.32887189292543023,
        "support": 3064
    },
    "UP": {
        "precision": 0.27890743550834596,
        "recall": 0.6802368615840119,
        "f1-score": 0.39560912613000426,
        "support": 1351
    },
    "accuracy": 0.36398640996602494,
    "macro avg": {
        "precision": 0.44659657489703014,
        "recall": 0.45238997126197983,
        "f1-score": 0.36224050952771725,
        "support": 4415
    },
    "weighted avg": {
        "precision": 0.5116592013461391,
        "recall": 0.36398640996602494,
        "f1-score": 0.349293637446241,
        "support": 4415
    }
}