{
    "R2": 0.7626686789501579,
    "RMSE": 24.79011125184113,
    "MSE": 614.5496158786601,
    "MAPE": 0.03767256902172671,
    "ACMAPE": 1.0950596264087842
}