{
    "DOWN": {
        "precision": 0.7666374781085814,
        "recall": 0.6855912294440094,
        "f1-score": 0.7238528317486564,
        "support": 2554
    },
    "UP": {
        "precision": 0.1839430894308943,
        "recall": 0.2535014005602241,
        "f1-score": 0.21319199057714958,
        "support": 714
    },
    "accuracy": 0.591187270501836,
    "macro avg": {
        "precision": 0.47529028376973786,
        "recall": 0.46954631500211674,
        "f1-score": 0.468522411162903,
        "support": 3268
    },
    "weighted avg": {
        "precision": 0.6393290957597844,
        "recall": 0.591187270501836,
        "f1-score": 0.6122825010887862,
        "support": 3268
    }
}