{
    "DOWN": {
        "precision": 0.6730158730158731,
        "recall": 0.39114391143911437,
        "f1-score": 0.49474912485414235,
        "support": 542
    },
    "UP": {
        "precision": 0.34523809523809523,
        "recall": 0.628158844765343,
        "f1-score": 0.44558258642765686,
        "support": 277
    },
    "accuracy": 0.4713064713064713,
    "macro avg": {
        "precision": 0.5091269841269841,
        "recall": 0.5096513781022287,
        "f1-score": 0.47016585564089963,
        "support": 819
    },
    "weighted avg": {
        "precision": 0.5621557454890789,
        "recall": 0.4713064713064713,
        "f1-score": 0.47812014909817596,
        "support": 819
    }
}