{
    "DOWN": {
        "precision": 0.6404494382022472,
        "recall": 0.21033210332103322,
        "f1-score": 0.31666666666666665,
        "support": 542
    },
    "UP": {
        "precision": 0.33229329173166927,
        "recall": 0.7689530685920578,
        "f1-score": 0.46405228758169936,
        "support": 277
    },
    "accuracy": 0.3992673992673993,
    "macro avg": {
        "precision": 0.4863713649669582,
        "recall": 0.48964258595654553,
        "f1-score": 0.390359477124183,
        "support": 819
    },
    "weighted avg": {
        "precision": 0.5362256865876561,
        "recall": 0.3992673992673993,
        "f1-score": 0.3665150390640587,
        "support": 819
    }
}