{
    "DOWN": {
        "precision": 0.9658536585365853,
        "recall": 0.8722466960352423,
        "f1-score": 0.9166666666666666,
        "support": 227
    },
    "UP": {
        "precision": 0.32558139534883723,
        "recall": 0.6666666666666666,
        "f1-score": 0.4375,
        "support": 21
    },
    "accuracy": 0.8548387096774194,
    "macro avg": {
        "precision": 0.6457175269427113,
        "recall": 0.7694566813509545,
        "f1-score": 0.6770833333333333,
        "support": 248
    },
    "weighted avg": {
        "precision": 0.9116370556053648,
        "recall": 0.8548387096774194,
        "f1-score": 0.876092069892473,
        "support": 248
    }
}