{
    "DOWN": {
        "precision": 0.6009771986970684,
        "recall": 0.6163697104677061,
        "f1-score": 0.6085761407366684,
        "support": 1796
    },
    "UP": {
        "precision": 0.42100840336134454,
        "recall": 0.4053398058252427,
        "f1-score": 0.41302555647155814,
        "support": 1236
    },
    "accuracy": 0.5303430079155673,
    "macro avg": {
        "precision": 0.5109928010292065,
        "recall": 0.5108547581464744,
        "f1-score": 0.5108008486041133,
        "support": 3032
    },
    "weighted avg": {
        "precision": 0.5276126106248538,
        "recall": 0.5303430079155673,
        "f1-score": 0.5288596096840048,
        "support": 3032
    }
}