{
    "DOWN": {
        "precision": 0.9552238805970149,
        "recall": 0.08219881839198562,
        "f1-score": 0.15137180700094607,
        "support": 3893
    },
    "UP": {
        "precision": 0.011344770337576093,
        "recall": 0.7321428571428571,
        "f1-score": 0.022343324250681196,
        "support": 56
    },
    "accuracy": 0.09141554824006078,
    "macro avg": {
        "precision": 0.4832843254672955,
        "recall": 0.40717083776742136,
        "f1-score": 0.08685756562581363,
        "support": 3949
    },
    "weighted avg": {
        "precision": 0.9418389147386892,
        "recall": 0.09141554824006078,
        "f1-score": 0.1495420792131479,
        "support": 3949
    }
}