{
    "DOWN": {
        "precision": 0.6858736059479554,
        "recall": 0.5,
        "f1-score": 0.5783699059561129,
        "support": 738
    },
    "UP": {
        "precision": 0.2707509881422925,
        "recall": 0.4477124183006536,
        "f1-score": 0.33743842364532023,
        "support": 306
    },
    "accuracy": 0.4846743295019157,
    "macro avg": {
        "precision": 0.47831229704512396,
        "recall": 0.4738562091503268,
        "f1-score": 0.4579041648007166,
        "support": 1044
    },
    "weighted avg": {
        "precision": 0.5641997352118128,
        "recall": 0.4846743295019157,
        "f1-score": 0.5077520576926048,
        "support": 1044
    }
}