{
    "R2": 0.8228459796941499,
    "RMSE": 32.920105125962685,
    "MSE": 1083.7333215044346,
    "MAPE": 0.15794682753390613,
    "ACMAPE": 0.7898227090571782
}