{
    "R2": -3179.9223291576313,
    "RMSE": 4.157776465397647,
    "MSE": 17.28710513621455,
    "MAPE": 0.08308148950235567,
    "ACMAPE": 0.09407050049136662
}