{
    "R2": 0.8416002300632237,
    "RMSE": 34.38313645730563,
    "MSE": 1182.2000726416995,
    "MAPE": 0.14743784837316967,
    "ACMAPE": 1.488188891488608
}