{
    "DOWN": {
        "precision": 0.7060849598163031,
        "recall": 0.27236492471213464,
        "f1-score": 0.3930968360498562,
        "support": 2258
    },
    "UP": {
        "precision": 0.323032550473836,
        "recall": 0.7538461538461538,
        "f1-score": 0.4522642053648687,
        "support": 1040
    },
    "accuracy": 0.42419648271679805,
    "macro avg": {
        "precision": 0.5145587551450695,
        "recall": 0.5131055392791443,
        "f1-score": 0.42268052070736245,
        "support": 3298
    },
    "weighted avg": {
        "precision": 0.5852922048993335,
        "recall": 0.42419648271679805,
        "f1-score": 0.4117548300121403,
        "support": 3298
    }
}