{
    "DOWN": {
        "precision": 0.8079947575360419,
        "recall": 0.3607372732592159,
        "f1-score": 0.4987864077669903,
        "support": 3418
    },
    "UP": {
        "precision": 0.18863720757519495,
        "recall": 0.634207240948814,
        "f1-score": 0.2907842014882656,
        "support": 801
    },
    "accuracy": 0.41265702773169,
    "macro avg": {
        "precision": 0.49831598255561843,
        "recall": 0.49747225710401494,
        "f1-score": 0.39478530462762795,
        "support": 4219
    },
    "weighted avg": {
        "precision": 0.690406372250752,
        "recall": 0.41265702773169,
        "f1-score": 0.4592960623701525,
        "support": 4219
    }
}