{
    "R2": 0.734678108163261,
    "RMSE": 17.858762521350243,
    "MSE": 318.9353987939841,
    "MAPE": 0.045294458868391015,
    "ACMAPE": 0.8422584057374611
}