{
    "DOWN": {
        "precision": 0.7285714285714285,
        "recall": 0.06790945406125166,
        "f1-score": 0.12423873325213154,
        "support": 751
    },
    "UP": {
        "precision": 0.2835209825997953,
        "recall": 0.9358108108108109,
        "f1-score": 0.43519245875883744,
        "support": 296
    },
    "accuracy": 0.3132760267430755,
    "macro avg": {
        "precision": 0.5060462055856119,
        "recall": 0.5018601324360312,
        "f1-score": 0.2797155960054845,
        "support": 1047
    },
    "weighted avg": {
        "precision": 0.6027500990512724,
        "recall": 0.3132760267430755,
        "f1-score": 0.21214924208688316,
        "support": 1047
    }
}