{
    "R2": 0.6904233166868506,
    "RMSE": 35.206688949943114,
    "MSE": 1239.5109468180465,
    "MAPE": 0.017605673236828517,
    "ACMAPE": 1.116371105335594
}