{
    "DOWN": {
        "precision": 0.8367892976588629,
        "recall": 0.5837610825944937,
        "f1-score": 0.6877405167674546,
        "support": 2143
    },
    "UP": {
        "precision": 0.3353204172876304,
        "recall": 0.6484149855907781,
        "f1-score": 0.4420432220039293,
        "support": 694
    },
    "accuracy": 0.599577017976736,
    "macro avg": {
        "precision": 0.5860548574732467,
        "recall": 0.6160880340926359,
        "f1-score": 0.5648918693856919,
        "support": 2837
    },
    "weighted avg": {
        "precision": 0.7141176716533516,
        "recall": 0.599577017976736,
        "f1-score": 0.6276369134661199,
        "support": 2837
    }
}