{
    "R2": 0.9868957848423562,
    "RMSE": 5.095534114269825,
    "MSE": 25.96446790968757,
    "MAPE": 0.038489053127614185,
    "ACMAPE": 1.2603633002969707
}