{
    "DOWN": {
        "precision": 0.6602564102564102,
        "recall": 0.4369034994697773,
        "f1-score": 0.5258455647734525,
        "support": 943
    },
    "UP": {
        "precision": 0.35479951397326853,
        "recall": 0.5793650793650794,
        "f1-score": 0.44009042954031646,
        "support": 504
    },
    "accuracy": 0.4865238424326192,
    "macro avg": {
        "precision": 0.5075279621148394,
        "recall": 0.5081342894174283,
        "f1-score": 0.48296799715688443,
        "support": 1447
    },
    "weighted avg": {
        "precision": 0.5538636834238577,
        "recall": 0.4865238424326192,
        "f1-score": 0.4959764644572807,
        "support": 1447
    }
}