{
    "DOWN": {
        "precision": 0.787292817679558,
        "recall": 0.504424778761062,
        "f1-score": 0.6148867313915858,
        "support": 565
    },
    "UP": {
        "precision": 0.24324324324324326,
        "recall": 0.5389221556886228,
        "f1-score": 0.335195530726257,
        "support": 167
    },
    "accuracy": 0.5122950819672131,
    "macro avg": {
        "precision": 0.5152680304614007,
        "recall": 0.5216734672248424,
        "f1-score": 0.47504113105892143,
        "support": 732
    },
    "weighted avg": {
        "precision": 0.6631722180472294,
        "recall": 0.5122950819672131,
        "f1-score": 0.5510774000922553,
        "support": 732
    }
}