{
    "R2": 0.8660631451438425,
    "RMSE": 15.59709717779906,
    "MSE": 243.26944037370743,
    "MAPE": 0.020431268391164683,
    "ACMAPE": 0.9397861071008422
}