{
    "DOWN": {
        "precision": 0.743421052631579,
        "recall": 0.4015636105188344,
        "f1-score": 0.5214582371942779,
        "support": 1407
    },
    "UP": {
        "precision": 0.37767923133776793,
        "recall": 0.7237960339943342,
        "f1-score": 0.4963574550752792,
        "support": 706
    },
    "accuracy": 0.5092285849503077,
    "macro avg": {
        "precision": 0.5605501419846735,
        "recall": 0.5626798222565843,
        "f1-score": 0.5089078461347785,
        "support": 2113
    },
    "weighted avg": {
        "precision": 0.6212186267757197,
        "recall": 0.5092285849503077,
        "f1-score": 0.5130715111289618,
        "support": 2113
    }
}