{
    "R2": 0.9869521266153296,
    "RMSE": 14.181501564916616,
    "MSE": 201.1149866357324,
    "MAPE": 0.061436478662042146,
    "ACMAPE": 1.0647336995758434
}