{
    "R2": 0.8858336149202967,
    "RMSE": 283.1477922755334,
    "MSE": 80172.6722705086,
    "MAPE": 0.0924696771033044,
    "ACMAPE": 0.7927551195390798
}