{
    "R2": 0.4825094014023197,
    "RMSE": 48.21464555905885,
    "MSE": 2324.6520463856737,
    "MAPE": 0.05699728387736276,
    "ACMAPE": 1.2886231190666722
}