{
    "R2": 0.9535200734122237,
    "RMSE": 67.53520210107652,
    "MSE": 4561.00352283325,
    "MAPE": 24.567702179986973,
    "ACMAPE": 26.144303851296165
}