{
    "DOWN": {
        "precision": 0.7268673355629878,
        "recall": 0.3990208078335373,
        "f1-score": 0.5152113789016199,
        "support": 1634
    },
    "UP": {
        "precision": 0.3639896373056995,
        "recall": 0.6964064436183395,
        "f1-score": 0.47809442790302004,
        "support": 807
    },
    "accuracy": 0.49733715690290864,
    "macro avg": {
        "precision": 0.5454284864343436,
        "recall": 0.5477136257259384,
        "f1-score": 0.49665290340232,
        "support": 2441
    },
    "weighted avg": {
        "precision": 0.6068991657581407,
        "recall": 0.49733715690290864,
        "f1-score": 0.5029404327910627,
        "support": 2441
    }
}