{
    "R2": 0.9961161612564357,
    "RMSE": 12.955880204925268,
    "MSE": 167.85483188437442,
    "MAPE": 0.8505321942594379,
    "ACMAPE": 2.121801032373196
}