{
    "R2": -5.344493779188305,
    "RMSE": 4.560655790404176,
    "MSE": 20.799581238547137,
    "MAPE": 0.079872431061603,
    "ACMAPE": 0.5146550397572551
}