{
    "DOWN": {
        "precision": 0.6526315789473685,
        "recall": 0.8266666666666667,
        "f1-score": 0.7294117647058824,
        "support": 225
    },
    "UP": {
        "precision": 0.36065573770491804,
        "recall": 0.18181818181818182,
        "f1-score": 0.24175824175824176,
        "support": 121
    },
    "accuracy": 0.6011560693641619,
    "macro avg": {
        "precision": 0.5066436583261432,
        "recall": 0.5042424242424243,
        "f1-score": 0.4855850032320621,
        "support": 346
    },
    "weighted avg": {
        "precision": 0.5505244205937947,
        "recall": 0.6011560693641619,
        "f1-score": 0.5588739719987594,
        "support": 346
    }
}