{
    "DOWN": {
        "precision": 0.7977941176470589,
        "recall": 0.5771276595744681,
        "f1-score": 0.6697530864197531,
        "support": 752
    },
    "UP": {
        "precision": 0.33052631578947367,
        "recall": 0.5880149812734082,
        "f1-score": 0.4231805929919137,
        "support": 267
    },
    "accuracy": 0.5799803729146222,
    "macro avg": {
        "precision": 0.5641602167182662,
        "recall": 0.5825713204239382,
        "f1-score": 0.5464668397058334,
        "support": 1019
    },
    "weighted avg": {
        "precision": 0.6753598653448261,
        "recall": 0.5799803729146222,
        "f1-score": 0.6051457696923408,
        "support": 1019
    }
}