{
    "DOWN": {
        "precision": 0.6817625458996328,
        "recall": 0.4018759018759019,
        "f1-score": 0.5056740807989106,
        "support": 1386
    },
    "UP": {
        "precision": 0.17594433399602386,
        "recall": 0.40503432494279173,
        "f1-score": 0.24532224532224534,
        "support": 437
    },
    "accuracy": 0.40263302249040045,
    "macro avg": {
        "precision": 0.4288534399478283,
        "recall": 0.4034551134093468,
        "f1-score": 0.375498163060578,
        "support": 1823
    },
    "weighted avg": {
        "precision": 0.5605104567049664,
        "recall": 0.40263302249040045,
        "f1-score": 0.4432639041103189,
        "support": 1823
    }
}