{
    "R2": 0.970884493479858,
    "RMSE": 48.997740709126596,
    "MSE": 2400.7785945988016,
    "MAPE": 0.17779751845233832,
    "ACMAPE": 1.5562353622367167
}