{
    "R2": 0.9305588402931215,
    "RMSE": 75.78711370948386,
    "MSE": 5743.686604414237,
    "MAPE": 0.13461724705711878,
    "ACMAPE": 1.3293512020763179
}