{
    "DOWN": {
        "precision": 0.6876876876876877,
        "recall": 0.6705710102489019,
        "f1-score": 0.6790214974054856,
        "support": 683
    },
    "UP": {
        "precision": 0.3076923076923077,
        "recall": 0.3246753246753247,
        "f1-score": 0.315955766192733,
        "support": 308
    },
    "accuracy": 0.5630676084762866,
    "macro avg": {
        "precision": 0.4976899976899977,
        "recall": 0.49762316746211327,
        "f1-score": 0.4974886317991093,
        "support": 991
    },
    "weighted avg": {
        "precision": 0.5695861972350368,
        "recall": 0.5630676084762866,
        "f1-score": 0.5661816939609571,
        "support": 991
    }
}