{
    "DOWN": {
        "precision": 0.754874651810585,
        "recall": 0.15165081141578063,
        "f1-score": 0.25256290773532153,
        "support": 3574
    },
    "UP": {
        "precision": 0.1366742596810934,
        "recall": 0.7317073170731707,
        "f1-score": 0.23032629558541268,
        "support": 656
    },
    "accuracy": 0.24160756501182032,
    "macro avg": {
        "precision": 0.4457744557458392,
        "recall": 0.44167906424447567,
        "f1-score": 0.2414446016603671,
        "support": 4230
    },
    "weighted avg": {
        "precision": 0.6590024396978317,
        "recall": 0.24160756501182032,
        "f1-score": 0.24911439294327892,
        "support": 4230
    }
}