{
    "DOWN": {
        "precision": 0.7206572769953051,
        "recall": 0.4143049932523617,
        "f1-score": 0.5261353898886033,
        "support": 741
    },
    "UP": {
        "precision": 0.3691860465116279,
        "recall": 0.6809651474530831,
        "f1-score": 0.4787935909519322,
        "support": 373
    },
    "accuracy": 0.5035906642728905,
    "macro avg": {
        "precision": 0.5449216617534665,
        "recall": 0.5476350703527224,
        "f1-score": 0.5024644904202678,
        "support": 1114
    },
    "weighted avg": {
        "precision": 0.60297436050481,
        "recall": 0.5035906642728905,
        "f1-score": 0.5102839616988561,
        "support": 1114
    }
}