{
    "R2": 0.9851078844744444,
    "RMSE": 35.13618304307557,
    "MSE": 1234.551358836511,
    "MAPE": 0.14471880290547415,
    "ACMAPE": 1.3818074409069157
}