{
    "R2": 0.9058985866889832,
    "RMSE": 56.38478802254867,
    "MSE": 3179.244320347748,
    "MAPE": 0.05313059207354928,
    "ACMAPE": 0.9562945422173653
}