{
    "R2": 0.6591926480508998,
    "RMSE": 28.842173945693748,
    "MSE": 831.8709979136553,
    "MAPE": 0.19772313224943522,
    "ACMAPE": 1.508705791208973
}