{
    "R2": 0.8530833827397872,
    "RMSE": 586.8139242565475,
    "MSE": 344350.581701369,
    "MAPE": 0.27560163897708256,
    "ACMAPE": 1.3290900110701058
}