{
    "R2": 0.38894222647540067,
    "RMSE": 7.736444800891184,
    "MSE": 59.85257815723623,
    "MAPE": 0.028197123324531635,
    "ACMAPE": 0.618673313800722
}