{
    "DOWN": {
        "precision": 0.77079107505071,
        "recall": 0.34172661870503596,
        "f1-score": 0.4735202492211838,
        "support": 1112
    },
    "UP": {
        "precision": 0.3780798640611725,
        "recall": 0.7974910394265233,
        "f1-score": 0.5129682997118156,
        "support": 558
    },
    "accuracy": 0.4940119760479042,
    "macro avg": {
        "precision": 0.5744354695559413,
        "recall": 0.5696088290657797,
        "f1-score": 0.49324427446649965,
        "support": 1670
    },
    "weighted avg": {
        "precision": 0.639573796169176,
        "recall": 0.4940119760479042,
        "f1-score": 0.48670109483422125,
        "support": 1670
    }
}