{
    "DOWN": {
        "precision": 0.6744186046511628,
        "recall": 0.5,
        "f1-score": 0.5742574257425743,
        "support": 58
    },
    "UP": {
        "precision": 0.40816326530612246,
        "recall": 0.5882352941176471,
        "f1-score": 0.48192771084337355,
        "support": 34
    },
    "accuracy": 0.532608695652174,
    "macro avg": {
        "precision": 0.5412909349786426,
        "recall": 0.5441176470588236,
        "f1-score": 0.5280925682929739,
        "support": 92
    },
    "weighted avg": {
        "precision": 0.5760198922845174,
        "recall": 0.532608695652174,
        "f1-score": 0.540135574584174,
        "support": 92
    }
}