{
    "DOWN": {
        "precision": 0.782608695652174,
        "recall": 0.07086614173228346,
        "f1-score": 0.12996389891696752,
        "support": 508
    },
    "UP": {
        "precision": 0.38461538461538464,
        "recall": 0.9672131147540983,
        "f1-score": 0.5503731343283582,
        "support": 305
    },
    "accuracy": 0.4071340713407134,
    "macro avg": {
        "precision": 0.5836120401337793,
        "recall": 0.5190396282431909,
        "f1-score": 0.3401685166226629,
        "support": 813
    },
    "weighted avg": {
        "precision": 0.6333000119298852,
        "recall": 0.4071340713407134,
        "f1-score": 0.2876820007625692,
        "support": 813
    }
}