{
    "R2": 0.8842912262968069,
    "RMSE": 108.62228677193033,
    "MSE": 11798.801183563472,
    "MAPE": 0.03220263672590508,
    "ACMAPE": 0.8377581922814606
}