{
    "DOWN": {
        "precision": 0.8143074581430746,
        "recall": 0.6353919239904988,
        "f1-score": 0.7138092061374249,
        "support": 842
    },
    "UP": {
        "precision": 0.37474541751527496,
        "recall": 0.6013071895424836,
        "f1-score": 0.46173149309912165,
        "support": 306
    },
    "accuracy": 0.6263066202090593,
    "macro avg": {
        "precision": 0.5945264378291748,
        "recall": 0.6183495567664912,
        "f1-score": 0.5877703496182733,
        "support": 1148
    },
    "weighted avg": {
        "precision": 0.6971419664774764,
        "recall": 0.6263066202090593,
        "f1-score": 0.6466177599791315,
        "support": 1148
    }
}