{
    "R2": 0.9442281221449096,
    "RMSE": 52.92560055660549,
    "MSE": 2801.1191942773594,
    "MAPE": 0.025093663165217838,
    "ACMAPE": 0.904175746130796
}