{
    "R2": 0.9481442180679415,
    "RMSE": 53.70681839013847,
    "MSE": 2884.422341591316,
    "MAPE": 0.024678934675233355,
    "ACMAPE": 0.8505756975798704
}