{
    "R2": 0.9548565496646036,
    "RMSE": 49.91381481818551,
    "MSE": 2491.388909704115,
    "MAPE": 0.04232180102587553,
    "ACMAPE": 0.9697943284984031
}