{
    "R2": 0.9661857291088725,
    "RMSE": 43.19897104914856,
    "MSE": 1866.1510997051757,
    "MAPE": 0.03540637144193817,
    "ACMAPE": 0.8463953824309491
}