{
    "DOWN": {
        "precision": 0.6194690265486725,
        "recall": 0.3111111111111111,
        "f1-score": 0.41420118343195267,
        "support": 225
    },
    "UP": {
        "precision": 0.35684647302904565,
        "recall": 0.6666666666666666,
        "f1-score": 0.4648648648648649,
        "support": 129
    },
    "accuracy": 0.4406779661016949,
    "macro avg": {
        "precision": 0.48815774978885906,
        "recall": 0.4888888888888889,
        "f1-score": 0.4395330241484088,
        "support": 354
    },
    "weighted avg": {
        "precision": 0.5237675875542323,
        "recall": 0.4406779661016949,
        "f1-score": 0.4326633724286919,
        "support": 354
    }
}