{
    "DOWN": {
        "precision": 0.8623481781376519,
        "recall": 0.3446601941747573,
        "f1-score": 0.492485549132948,
        "support": 618
    },
    "UP": {
        "precision": 0.25688073394495414,
        "recall": 0.8045977011494253,
        "f1-score": 0.38942976356050074,
        "support": 174
    },
    "accuracy": 0.4457070707070707,
    "macro avg": {
        "precision": 0.559614456041303,
        "recall": 0.5746289476620913,
        "f1-score": 0.44095765634672435,
        "support": 792
    },
    "weighted avg": {
        "precision": 0.7293288153983469,
        "recall": 0.4457070707070707,
        "f1-score": 0.4698445053329407,
        "support": 792
    }
}