{
    "DOWN": {
        "precision": 0.6619718309859155,
        "recall": 0.5310734463276836,
        "f1-score": 0.5893416927899686,
        "support": 354
    },
    "UP": {
        "precision": 0.4627831715210356,
        "recall": 0.5983263598326359,
        "f1-score": 0.5218978102189781,
        "support": 239
    },
    "accuracy": 0.5581787521079258,
    "macro avg": {
        "precision": 0.5623775012534755,
        "recall": 0.5646999030801598,
        "f1-score": 0.5556197515044734,
        "support": 593
    },
    "weighted avg": {
        "precision": 0.5816917473230043,
        "recall": 0.5581787521079258,
        "f1-score": 0.5621594197132962,
        "support": 593
    }
}