{
    "DOWN": {
        "precision": 0.7515923566878981,
        "recall": 0.5042735042735043,
        "f1-score": 0.6035805626598465,
        "support": 702
    },
    "UP": {
        "precision": 0.44141252006420545,
        "recall": 0.701530612244898,
        "f1-score": 0.5418719211822659,
        "support": 392
    },
    "accuracy": 0.5749542961608776,
    "macro avg": {
        "precision": 0.5965024383760518,
        "recall": 0.6029020582592011,
        "f1-score": 0.5727262419210561,
        "support": 1094
    },
    "weighted avg": {
        "precision": 0.6404493073675256,
        "recall": 0.5749542961608776,
        "f1-score": 0.5814692395709876,
        "support": 1094
    }
}