{
    "DOWN": {
        "precision": 0.7377622377622378,
        "recall": 0.25857843137254904,
        "f1-score": 0.38294010889292196,
        "support": 816
    },
    "UP": {
        "precision": 0.22136422136422138,
        "recall": 0.6963562753036437,
        "f1-score": 0.33593750000000006,
        "support": 247
    },
    "accuracy": 0.3603010348071496,
    "macro avg": {
        "precision": 0.4795632295632296,
        "recall": 0.4774673533380964,
        "f1-score": 0.35943880444646104,
        "support": 1063
    },
    "weighted avg": {
        "precision": 0.6177713534251634,
        "recall": 0.3603010348071496,
        "f1-score": 0.37201852432419974,
        "support": 1063
    }
}