{
    "DOWN": {
        "precision": 0.6792452830188679,
        "recall": 0.08823529411764706,
        "f1-score": 0.1561822125813449,
        "support": 816
    },
    "UP": {
        "precision": 0.2225705329153605,
        "recall": 0.8623481781376519,
        "f1-score": 0.3538205980066445,
        "support": 247
    },
    "accuracy": 0.2681091251175917,
    "macro avg": {
        "precision": 0.4509079079671142,
        "recall": 0.47529173612764947,
        "f1-score": 0.25500140529399473,
        "support": 1063
    },
    "weighted avg": {
        "precision": 0.5731317710004612,
        "recall": 0.2681091251175917,
        "f1-score": 0.20210571323990462,
        "support": 1063
    }
}