{
    "DOWN": {
        "precision": 0.6159420289855072,
        "recall": 0.5007363770250368,
        "f1-score": 0.5523964256701868,
        "support": 679
    },
    "UP": {
        "precision": 0.4244482173174873,
        "recall": 0.5411255411255411,
        "f1-score": 0.4757373929590866,
        "support": 462
    },
    "accuracy": 0.5170902716914987,
    "macro avg": {
        "precision": 0.5201951231514972,
        "recall": 0.520930959075289,
        "f1-score": 0.5140669093146367,
        "support": 1141
    },
    "weighted avg": {
        "precision": 0.5384046573898672,
        "recall": 0.5170902716914987,
        "f1-score": 0.5213565719344039,
        "support": 1141
    }
}