{
    "DOWN": {
        "precision": 0.6545454545454545,
        "recall": 0.19852941176470587,
        "f1-score": 0.304654442877292,
        "support": 544
    },
    "UP": {
        "precision": 0.34534534534534533,
        "recall": 0.8013937282229965,
        "f1-score": 0.48268625393494224,
        "support": 287
    },
    "accuracy": 0.40673886883273164,
    "macro avg": {
        "precision": 0.49994539994539994,
        "recall": 0.49996156999385116,
        "f1-score": 0.39367034840611714,
        "support": 831
    },
    "weighted avg": {
        "precision": 0.5477579318734553,
        "recall": 0.40673886883273164,
        "f1-score": 0.3661407602943144,
        "support": 831
    }
}