{
    "DOWN": {
        "precision": 0.875,
        "recall": 0.21212121212121213,
        "f1-score": 0.3414634146341463,
        "support": 66
    },
    "UP": {
        "precision": 0.2777777777777778,
        "recall": 0.9090909090909091,
        "f1-score": 0.4255319148936171,
        "support": 22
    },
    "accuracy": 0.38636363636363635,
    "macro avg": {
        "precision": 0.5763888888888888,
        "recall": 0.5606060606060606,
        "f1-score": 0.3834976647638817,
        "support": 88
    },
    "weighted avg": {
        "precision": 0.7256944444444445,
        "recall": 0.38636363636363635,
        "f1-score": 0.362480539699014,
        "support": 88
    }
}