{
    "DOWN": {
        "precision": 0.6563307493540051,
        "recall": 0.5,
        "f1-score": 0.5675977653631284,
        "support": 508
    },
    "UP": {
        "precision": 0.43680709534368073,
        "recall": 0.5969696969696969,
        "f1-score": 0.5044814340588989,
        "support": 330
    },
    "accuracy": 0.5381861575178998,
    "macro avg": {
        "precision": 0.5465689223488429,
        "recall": 0.5484848484848485,
        "f1-score": 0.5360395997110137,
        "support": 838
    },
    "weighted avg": {
        "precision": 0.5698834870349037,
        "recall": 0.5381861575178998,
        "f1-score": 0.542742885493921,
        "support": 838
    }
}