{
    "R2": -15.618929154660044,
    "RMSE": 37.58747390099491,
    "MSE": 1412.8181942579736,
    "MAPE": 0.5635047295817918,
    "ACMAPE": 0.7736742211072155
}