{
    "R2": 0.9937699429265674,
    "RMSE": 696.1269616697183,
    "MSE": 484592.7467635134,
    "MAPE": 0.11605832625234878,
    "ACMAPE": 1.3279321666976178
}