{
    "DOWN": {
        "precision": 0.8264591439688715,
        "recall": 0.44696969696969696,
        "f1-score": 0.5801693526358918,
        "support": 2376
    },
    "UP": {
        "precision": 0.07137809187279152,
        "recall": 0.3117283950617284,
        "f1-score": 0.11615871190339276,
        "support": 324
    },
    "accuracy": 0.43074074074074076,
    "macro avg": {
        "precision": 0.44891861792083154,
        "recall": 0.3793490460157127,
        "f1-score": 0.34816403226964227,
        "support": 2700
    },
    "weighted avg": {
        "precision": 0.7358494177173419,
        "recall": 0.43074074074074076,
        "f1-score": 0.5244880757479919,
        "support": 2700
    }
}