{
    "DOWN": {
        "precision": 0.6642857142857143,
        "recall": 0.16034482758620688,
        "f1-score": 0.25833333333333336,
        "support": 580
    },
    "UP": {
        "precision": 0.3131170662905501,
        "recall": 0.8252788104089219,
        "f1-score": 0.4539877300613498,
        "support": 269
    },
    "accuracy": 0.3710247349823322,
    "macro avg": {
        "precision": 0.4887013902881322,
        "recall": 0.49281181899756443,
        "f1-score": 0.3561605316973416,
        "support": 849
    },
    "weighted avg": {
        "precision": 0.5530202651565045,
        "recall": 0.3710247349823322,
        "f1-score": 0.3203251268784882,
        "support": 849
    }
}