{
    "R2": 0.6196709316166658,
    "RMSE": 20.59881397058902,
    "MSE": 424.3111369949334,
    "MAPE": 0.06906176890566389,
    "ACMAPE": 0.9451679635959294
}