{
    "R2": 0.6801098267754724,
    "RMSE": 8.193584219701705,
    "MSE": 67.1348223653448,
    "MAPE": 0.07105238934061225,
    "ACMAPE": 1.2738495921378152
}