{
    "DOWN": {
        "precision": 0.6133333333333333,
        "recall": 0.06344827586206897,
        "f1-score": 0.11500000000000002,
        "support": 725
    },
    "UP": {
        "precision": 0.35148042024832854,
        "recall": 0.9269521410579346,
        "f1-score": 0.5096952908587258,
        "support": 397
    },
    "accuracy": 0.3689839572192513,
    "macro avg": {
        "precision": 0.48240687679083094,
        "recall": 0.4952002084600018,
        "f1-score": 0.3123476454293629,
        "support": 1122
    },
    "weighted avg": {
        "precision": 0.5206812776339154,
        "recall": 0.3689839572192513,
        "f1-score": 0.2546559986371784,
        "support": 1122
    }
}