{
    "R2": 0.9907715625692615,
    "RMSE": 84.9409349804257,
    "MSE": 7214.962435348906,
    "MAPE": 0.11872525908892746,
    "ACMAPE": 1.3093502590889274
}