{
    "DOWN": {
        "precision": 0.8232758620689655,
        "recall": 0.29984301412872844,
        "f1-score": 0.4395857307249712,
        "support": 637
    },
    "UP": {
        "precision": 0.29652996845425866,
        "recall": 0.8209606986899564,
        "f1-score": 0.4356894553881807,
        "support": 229
    },
    "accuracy": 0.4376443418013857,
    "macro avg": {
        "precision": 0.5599029152616121,
        "recall": 0.5604018564093424,
        "f1-score": 0.43763759305657596,
        "support": 866
    },
    "weighted avg": {
        "precision": 0.683986243549603,
        "recall": 0.4376443418013857,
        "f1-score": 0.4385554223506929,
        "support": 866
    }
}