{
    "DOWN": {
        "precision": 0.6296296296296297,
        "recall": 0.2353846153846154,
        "f1-score": 0.3426651735722284,
        "support": 650
    },
    "UP": {
        "precision": 0.3628205128205128,
        "recall": 0.7587131367292225,
        "f1-score": 0.4908933217692975,
        "support": 373
    },
    "accuracy": 0.426197458455523,
    "macro avg": {
        "precision": 0.4962250712250712,
        "recall": 0.49704887605691894,
        "f1-score": 0.41677924767076296,
        "support": 1023
    },
    "weighted avg": {
        "precision": 0.5323473221322684,
        "recall": 0.426197458455523,
        "f1-score": 0.39671121392169745,
        "support": 1023
    }
}