{
    "DOWN": {
        "precision": 0.654320987654321,
        "recall": 0.32919254658385094,
        "f1-score": 0.4380165289256198,
        "support": 161
    },
    "UP": {
        "precision": 0.31210191082802546,
        "recall": 0.6363636363636364,
        "f1-score": 0.4188034188034188,
        "support": 77
    },
    "accuracy": 0.42857142857142855,
    "macro avg": {
        "precision": 0.4832114492411732,
        "recall": 0.4827780914737436,
        "f1-score": 0.4284099738645193,
        "support": 238
    },
    "weighted avg": {
        "precision": 0.5436030510340489,
        "recall": 0.42857142857142855,
        "f1-score": 0.4318005227096136,
        "support": 238
    }
}