{
    "R2": 0.9771925487579218,
    "RMSE": 81.33310409043334,
    "MSE": 6615.073820985264,
    "MAPE": 0.041112674092779744,
    "ACMAPE": 1.0834331686244014
}