{
    "DOWN": {
        "precision": 0.6962509563886764,
        "recall": 0.2844638949671772,
        "f1-score": 0.40390590324012426,
        "support": 3199
    },
    "UP": {
        "precision": 0.2948243992606285,
        "recall": 0.706794682422452,
        "f1-score": 0.41608695652173916,
        "support": 1354
    },
    "accuracy": 0.4100593015594114,
    "macro avg": {
        "precision": 0.4955376778246524,
        "recall": 0.4956292886948146,
        "f1-score": 0.4099964298809317,
        "support": 4553
    },
    "weighted avg": {
        "precision": 0.5768721823163335,
        "recall": 0.4100593015594114,
        "f1-score": 0.4075283820767829,
        "support": 4553
    }
}