{
    "DOWN": {
        "precision": 0.8571428571428571,
        "recall": 0.26666666666666666,
        "f1-score": 0.4067796610169491,
        "support": 45
    },
    "UP": {
        "precision": 0.35294117647058826,
        "recall": 0.9,
        "f1-score": 0.5070422535211269,
        "support": 20
    },
    "accuracy": 0.46153846153846156,
    "macro avg": {
        "precision": 0.6050420168067226,
        "recall": 0.5833333333333334,
        "f1-score": 0.45691095726903797,
        "support": 65
    },
    "weighted avg": {
        "precision": 0.7020038784744668,
        "recall": 0.46153846153846156,
        "f1-score": 0.43762968947977304,
        "support": 65
    }
}