{
    "R2": 0.6743992258248686,
    "RMSE": 13.08629634871595,
    "MSE": 171.25115212641637,
    "MAPE": 0.07613731919321588,
    "ACMAPE": 1.1276079074285101
}