{
    "R2": 0.9346771048363778,
    "RMSE": 10.923669140805446,
    "MSE": 119.32654749778517,
    "MAPE": 0.09856913965664597,
    "ACMAPE": 1.2278714652380411
}