{
    "DOWN": {
        "precision": 0.6073706591070163,
        "recall": 0.30368532955350813,
        "f1-score": 0.4049137727380109,
        "support": 2822
    },
    "UP": {
        "precision": 0.3508424182358771,
        "recall": 0.6571782178217822,
        "f1-score": 0.4574628472970062,
        "support": 1616
    },
    "accuracy": 0.432401982875169,
    "macro avg": {
        "precision": 0.4791065386714467,
        "recall": 0.48043177368764517,
        "f1-score": 0.43118831001750857,
        "support": 4438
    },
    "weighted avg": {
        "precision": 0.5139615475144609,
        "recall": 0.432401982875169,
        "f1-score": 0.42404836140122326,
        "support": 4438
    }
}