{
    "DOWN": {
        "precision": 0.9248188405797102,
        "recall": 0.9874274661508704,
        "f1-score": 0.9550982226379794,
        "support": 1034
    },
    "UP": {
        "precision": 0.0,
        "recall": 0.0,
        "f1-score": 0.0,
        "support": 83
    },
    "accuracy": 0.9140555058191585,
    "macro avg": {
        "precision": 0.4624094202898551,
        "recall": 0.4937137330754352,
        "f1-score": 0.4775491113189897,
        "support": 1117
    },
    "weighted avg": {
        "precision": 0.8560990878777264,
        "recall": 0.9140555058191585,
        "f1-score": 0.8841285248054348,
        "support": 1117
    }
}