{
    "R2": -1.8031956201135948,
    "RMSE": 1.7284353496061464,
    "MSE": 2.9874887577681215,
    "MAPE": 0.05880947935653195,
    "ACMAPE": 0.37880947935653203
}