{
    "DOWN": {
        "precision": 0.7615894039735099,
        "recall": 0.7516339869281046,
        "f1-score": 0.756578947368421,
        "support": 153
    },
    "UP": {
        "precision": 0.2549019607843137,
        "recall": 0.2653061224489796,
        "f1-score": 0.25999999999999995,
        "support": 49
    },
    "accuracy": 0.6336633663366337,
    "macro avg": {
        "precision": 0.5082456823789119,
        "recall": 0.5084700546885421,
        "f1-score": 0.5082894736842105,
        "support": 202
    },
    "weighted avg": {
        "precision": 0.6386800736949425,
        "recall": 0.6336633663366337,
        "f1-score": 0.6361216779572694,
        "support": 202
    }
}