{
    "R2": 0.9755957163182889,
    "RMSE": 37.32490717566955,
    "MSE": 1393.1486956723486,
    "MAPE": 0.06486430142809715,
    "ACMAPE": 0.7989735225561188
}