{
    "R2": 0.12322880245764489,
    "RMSE": 64.25047698487639,
    "MSE": 4128.12379278413,
    "MAPE": 0.1846240271261195,
    "ACMAPE": 0.949102791604884
}