{
    "R2": 0.9638785264949408,
    "RMSE": 3.446319283910573,
    "MSE": 11.877116606653887,
    "MAPE": 0.02276512316765953,
    "ACMAPE": 0.8475473109701765
}