{
    "DOWN": {
        "precision": 0.6123595505617978,
        "recall": 0.34935897435897434,
        "f1-score": 0.4448979591836735,
        "support": 312
    },
    "UP": {
        "precision": 0.34516129032258064,
        "recall": 0.6079545454545454,
        "f1-score": 0.4403292181069958,
        "support": 176
    },
    "accuracy": 0.4426229508196721,
    "macro avg": {
        "precision": 0.47876042044218925,
        "recall": 0.4786567599067599,
        "f1-score": 0.4426135886453346,
        "support": 488
    },
    "weighted avg": {
        "precision": 0.5159929649017523,
        "recall": 0.4426229508196721,
        "f1-score": 0.4432502165002815,
        "support": 488
    }
}