{
    "R2": -107.27818789582113,
    "RMSE": 2.757092880391657,
    "MSE": 7.601561151106364,
    "MAPE": 0.05462839047768044,
    "ACMAPE": 1.970417864161891
}