{
    "R2": -63.032192775562876,
    "RMSE": 2.12021593639601,
    "MSE": 4.495315616947609,
    "MAPE": 0.04170885296213971,
    "ACMAPE": 0.12591937927792923
}