{
    "R2": -2.573629150038031,
    "RMSE": 112.89606547830086,
    "MSE": 12745.521600480793,
    "MAPE": 0.34077056295920727,
    "ACMAPE": 1.5290058570768543
}