{
    "DOWN": {
        "precision": 0.627906976744186,
        "recall": 0.38028169014084506,
        "f1-score": 0.4736842105263158,
        "support": 142
    },
    "UP": {
        "precision": 0.3931034482758621,
        "recall": 0.6404494382022472,
        "f1-score": 0.4871794871794871,
        "support": 89
    },
    "accuracy": 0.4805194805194805,
    "macro avg": {
        "precision": 0.510505212510024,
        "recall": 0.5103655641715461,
        "f1-score": 0.48043184885290147,
        "support": 231
    },
    "weighted avg": {
        "precision": 0.5374415480269531,
        "recall": 0.4805194805194805,
        "f1-score": 0.4788836894100052,
        "support": 231
    }
}