{
    "DOWN": {
        "precision": 0.6395348837209303,
        "recall": 0.34810126582278483,
        "f1-score": 0.45081967213114754,
        "support": 158
    },
    "UP": {
        "precision": 0.37575757575757573,
        "recall": 0.6666666666666666,
        "f1-score": 0.48062015503875954,
        "support": 93
    },
    "accuracy": 0.46613545816733065,
    "macro avg": {
        "precision": 0.507646229739253,
        "recall": 0.5073839662447257,
        "f1-score": 0.46571991358495357,
        "support": 251
    },
    "weighted avg": {
        "precision": 0.5418006620452651,
        "recall": 0.46613545816733065,
        "f1-score": 0.4618612853200237,
        "support": 251
    }
}