{
    "DOWN": {
        "precision": 0.9891713747645952,
        "recall": 0.5831251734665557,
        "f1-score": 0.7337174786100926,
        "support": 3603
    },
    "UP": {
        "precision": 0.027202072538860103,
        "recall": 0.6461538461538462,
        "f1-score": 0.052206339341205714,
        "support": 65
    },
    "accuracy": 0.5842420937840785,
    "macro avg": {
        "precision": 0.5081867236517277,
        "recall": 0.6146395098102009,
        "f1-score": 0.39296190897564914,
        "support": 3668
    },
    "weighted avg": {
        "precision": 0.9721244814590683,
        "recall": 0.5842420937840785,
        "f1-score": 0.7216405363929504,
        "support": 3668
    }
}