{
    "R2": 0.9913862544425605,
    "RMSE": 36.91874044476335,
    "MSE": 1362.9933960278051,
    "MAPE": 0.10390543691073469,
    "ACMAPE": 1.7423153985965583
}