{
    "R2": -23.73398170266031,
    "RMSE": 5.009841056868859,
    "MSE": 25.098507415088886,
    "MAPE": 0.07261873574644126,
    "ACMAPE": 0.1266727898004952
}