{
    "DOWN": {
        "precision": 0.7638758231420508,
        "recall": 0.5030978934324659,
        "f1-score": 0.6066492342174075,
        "support": 1614
    },
    "UP": {
        "precision": 0.3086206896551724,
        "recall": 0.5878489326765188,
        "f1-score": 0.40474844544940647,
        "support": 609
    },
    "accuracy": 0.5263157894736842,
    "macro avg": {
        "precision": 0.5362482563986116,
        "recall": 0.5454734130544924,
        "f1-score": 0.505698839833407,
        "support": 2223
    },
    "weighted avg": {
        "precision": 0.6391568054661584,
        "recall": 0.5263157894736842,
        "f1-score": 0.5513376820987783,
        "support": 2223
    }
}