{
    "R2": 0.9907840493853081,
    "RMSE": 3.703616315481436,
    "MSE": 13.716773812300287,
    "MAPE": 57667519416405.76,
    "ACMAPE": 57667519416406.96
}