{
    "DOWN": {
        "precision": 0.6328502415458938,
        "recall": 0.24259259259259258,
        "f1-score": 0.3507362784471218,
        "support": 540
    },
    "UP": {
        "precision": 0.45466666666666666,
        "recall": 0.8177458033573142,
        "f1-score": 0.5844044558697515,
        "support": 417
    },
    "accuracy": 0.49320794148380354,
    "macro avg": {
        "precision": 0.5437584541062802,
        "recall": 0.5301691979749534,
        "f1-score": 0.4675703671584367,
        "support": 957
    },
    "weighted avg": {
        "precision": 0.5552091227113716,
        "recall": 0.49320794148380354,
        "f1-score": 0.45255407362500744,
        "support": 957
    }
}