{
    "DOWN": {
        "precision": 0.6118143459915611,
        "recall": 0.26851851851851855,
        "f1-score": 0.3732303732303733,
        "support": 540
    },
    "UP": {
        "precision": 0.4513888888888889,
        "recall": 0.7793764988009593,
        "f1-score": 0.5716798592788039,
        "support": 417
    },
    "accuracy": 0.49111807732497387,
    "macro avg": {
        "precision": 0.531601617440225,
        "recall": 0.5239475086597389,
        "f1-score": 0.4724551162545886,
        "support": 957
    },
    "weighted avg": {
        "precision": 0.5419110903888293,
        "recall": 0.49111807732497387,
        "f1-score": 0.459702092856492,
        "support": 957
    }
}