{
    "R2": 0.4296090531109107,
    "RMSE": 2.4991738501804135,
    "MSE": 6.245869933425591,
    "MAPE": 0.02736539817318228,
    "ACMAPE": 1.0467202368828599
}