{
    "DOWN": {
        "precision": 0.8968363136176066,
        "recall": 0.18283791362871565,
        "f1-score": 0.30375029117167485,
        "support": 3566
    },
    "UP": {
        "precision": 0.12728361784965558,
        "recall": 0.85,
        "f1-score": 0.22141182599635323,
        "support": 500
    },
    "accuracy": 0.264879488440728,
    "macro avg": {
        "precision": 0.5120599657336311,
        "recall": 0.5164189568143578,
        "f1-score": 0.26258105858401404,
        "support": 4066
    },
    "weighted avg": {
        "precision": 0.8022036653431415,
        "recall": 0.264879488440728,
        "f1-score": 0.2936250495121419,
        "support": 4066
    }
}