{
    "R2": 0.6756908654523748,
    "RMSE": 111.88162263031123,
    "MSE": 12517.49748239137,
    "MAPE": 0.09116911066560943,
    "ACMAPE": 1.272987292483791
}