{
    "DOWN": {
        "precision": 0.7365269461077845,
        "recall": 0.1943127962085308,
        "f1-score": 0.30750000000000005,
        "support": 633
    },
    "UP": {
        "precision": 0.32450331125827814,
        "recall": 0.8477508650519031,
        "f1-score": 0.4693486590038314,
        "support": 289
    },
    "accuracy": 0.39913232104121477,
    "macro avg": {
        "precision": 0.5305151286830313,
        "recall": 0.521031830630217,
        "f1-score": 0.38842432950191574,
        "support": 922
    },
    "weighted avg": {
        "precision": 0.607378539956475,
        "recall": 0.39913232104121477,
        "f1-score": 0.3582313041779906,
        "support": 922
    }
}