{
    "DOWN": {
        "precision": 0.7437295528898582,
        "recall": 0.3052820053715309,
        "f1-score": 0.4328784512853063,
        "support": 2234
    },
    "UP": {
        "precision": 0.2828096118299446,
        "recall": 0.7225501770956316,
        "f1-score": 0.40650946529392223,
        "support": 847
    },
    "accuracy": 0.4199935086011035,
    "macro avg": {
        "precision": 0.5132695823599014,
        "recall": 0.5139160912335813,
        "f1-score": 0.41969395828961426,
        "support": 3081
    },
    "weighted avg": {
        "precision": 0.6170177093073372,
        "recall": 0.4199935086011035,
        "f1-score": 0.4256293337472659,
        "support": 3081
    }
}