{
    "R2": 0.9543862415999292,
    "RMSE": 35.27596709794915,
    "MSE": 1244.393854695591,
    "MAPE": 0.17262419327271117,
    "ACMAPE": 1.360569753868952
}