{
    "DOWN": {
        "precision": 0.8835758835758836,
        "recall": 0.7277397260273972,
        "f1-score": 0.7981220657276995,
        "support": 584
    },
    "UP": {
        "precision": 0.3588709677419355,
        "recall": 0.6137931034482759,
        "f1-score": 0.45292620865139954,
        "support": 145
    },
    "accuracy": 0.7050754458161865,
    "macro avg": {
        "precision": 0.6212234256589095,
        "recall": 0.6707664147378365,
        "f1-score": 0.6255241371895495,
        "support": 729
    },
    "weighted avg": {
        "precision": 0.7792107082728349,
        "recall": 0.7050754458161865,
        "f1-score": 0.7294617100678046,
        "support": 729
    }
}