{
    "DOWN": {
        "precision": 0.7534246575342466,
        "recall": 0.6962025316455697,
        "f1-score": 0.7236842105263158,
        "support": 79
    },
    "UP": {
        "precision": 0.35135135135135137,
        "recall": 0.41935483870967744,
        "f1-score": 0.38235294117647056,
        "support": 31
    },
    "accuracy": 0.6181818181818182,
    "macro avg": {
        "precision": 0.552388004442799,
        "recall": 0.5577786851776235,
        "f1-score": 0.5530185758513932,
        "support": 110
    },
    "weighted avg": {
        "precision": 0.6401130894281579,
        "recall": 0.6181818181818182,
        "f1-score": 0.6274908528004504,
        "support": 110
    }
}