{
    "R2": 0.9123967226576258,
    "RMSE": 91.33600315226025,
    "MSE": 8342.265471829693,
    "MAPE": 0.049946209918964764,
    "ACMAPE": 0.7536499136226685
}