{
    "DOWN": {
        "precision": 0.6815089672232529,
        "recall": 0.43283582089552236,
        "f1-score": 0.5294258947874129,
        "support": 2546
    },
    "UP": {
        "precision": 0.36749890494962767,
        "recall": 0.619645494830133,
        "f1-score": 0.4613692603794336,
        "support": 1354
    },
    "accuracy": 0.4976923076923077,
    "macro avg": {
        "precision": 0.5245039360864403,
        "recall": 0.5262406578628277,
        "f1-score": 0.49539757758342323,
        "support": 3900
    },
    "weighted avg": {
        "precision": 0.5724911148338968,
        "recall": 0.4976923076923077,
        "f1-score": 0.5057980273544888,
        "support": 3900
    }
}