{
    "R2": 0.519751055617005,
    "RMSE": 72.55782980271935,
    "MSE": 5264.638665680389,
    "MAPE": 0.17625510709541875,
    "ACMAPE": 0.8647796972593533
}