{
    "R2": 0.9593132274617295,
    "RMSE": 86.79009007963731,
    "MSE": 7532.519736031559,
    "MAPE": 0.10507534337748989,
    "ACMAPE": 1.2275243229693267
}