{
    "R2": 0.7912811053771847,
    "RMSE": 76.30154955008038,
    "MSE": 5821.926463743372,
    "MAPE": 0.05886242025456728,
    "ACMAPE": 0.7831149119489196
}