{
    "DOWN": {
        "precision": 0.6956521739130435,
        "recall": 0.28402366863905326,
        "f1-score": 0.40336134453781514,
        "support": 169
    },
    "UP": {
        "precision": 0.38578680203045684,
        "recall": 0.7835051546391752,
        "f1-score": 0.5170068027210885,
        "support": 97
    },
    "accuracy": 0.46616541353383456,
    "macro avg": {
        "precision": 0.5407194879717502,
        "recall": 0.5337644116391143,
        "f1-score": 0.4601840736294518,
        "support": 266
    },
    "weighted avg": {
        "precision": 0.5826561548430776,
        "recall": 0.46616541353383456,
        "f1-score": 0.444803485303896,
        "support": 266
    }
}