{
    "R2": 0.9789494320715039,
    "RMSE": 11.445719422824162,
    "MSE": 131.00449310601428,
    "MAPE": 0.04487727365544173,
    "ACMAPE": 0.8824731815838305
}