{
    "R2": 0.2365200109696246,
    "RMSE": 7.483853091027736,
    "MSE": 56.00805708808541,
    "MAPE": 0.1350570714428101,
    "ACMAPE": 1.8281517005988204
}