{
    "R2": 0.8072292109177757,
    "RMSE": 19.216890998185622,
    "MSE": 369.2888996361476,
    "MAPE": 0.11761139202403983,
    "ACMAPE": 1.1761972506098985
}