{
    "R2": 0.8514611739262179,
    "RMSE": 6.0119174088644725,
    "MSE": 36.14315093100772,
    "MAPE": 0.0808168084333195,
    "ACMAPE": 1.7377317020503407
}