{
    "R2": 0.8502842624508327,
    "RMSE": 6.035687404835555,
    "MSE": 36.42952244889055,
    "MAPE": 0.08489887325818736,
    "ACMAPE": 1.7551116392156343
}