{
    "DOWN": {
        "precision": 0.5671641791044776,
        "recall": 0.875886524822695,
        "f1-score": 0.6885017421602788,
        "support": 564
    },
    "UP": {
        "precision": 0.48905109489051096,
        "recall": 0.15090090090090091,
        "f1-score": 0.2306368330464716,
        "support": 444
    },
    "accuracy": 0.5565476190476191,
    "macro avg": {
        "precision": 0.5281076369974943,
        "recall": 0.513393712861798,
        "f1-score": 0.45956928760337523,
        "support": 1008
    },
    "weighted avg": {
        "precision": 0.5327572253435637,
        "recall": 0.5565476190476191,
        "f1-score": 0.4868231512411018,
        "support": 1008
    }
}