{
    "R2": -9.375543643648465,
    "RMSE": 24.528808049424207,
    "MSE": 601.6624243254977,
    "MAPE": 0.4202768872428332,
    "ACMAPE": 1.9518084187743647
}