{
    "DOWN": {
        "precision": 0.9339735894357744,
        "recall": 0.7710604558969276,
        "f1-score": 0.8447339847991314,
        "support": 2018
    },
    "UP": {
        "precision": 0.29357798165137616,
        "recall": 0.6357615894039735,
        "f1-score": 0.401673640167364,
        "support": 302
    },
    "accuracy": 0.753448275862069,
    "macro avg": {
        "precision": 0.6137757855435753,
        "recall": 0.7034110226504506,
        "f1-score": 0.6232038124832477,
        "support": 2320
    },
    "weighted avg": {
        "precision": 0.8506117473879776,
        "recall": 0.753448275862069,
        "f1-score": 0.78705975028241,
        "support": 2320
    }
}