{
    "DOWN": {
        "precision": 0.5792938360263316,
        "recall": 0.6185303514376996,
        "f1-score": 0.5982694684796045,
        "support": 1565
    },
    "UP": {
        "precision": 0.3566810344827586,
        "recall": 0.32011605415860733,
        "f1-score": 0.3374108053007136,
        "support": 1034
    },
    "accuracy": 0.4998076183147364,
    "macro avg": {
        "precision": 0.4679874352545451,
        "recall": 0.4693232027981535,
        "f1-score": 0.467840136890159,
        "support": 2599
    },
    "weighted avg": {
        "precision": 0.49072837361923094,
        "recall": 0.4998076183147364,
        "f1-score": 0.4944880688155132,
        "support": 2599
    }
}