{
    "R2": 0.9799318962692988,
    "RMSE": 131.36853484460275,
    "MSE": 17257.691947217605,
    "MAPE": 0.03494963002158336,
    "ACMAPE": 1.019505614577568
}