{
    "DOWN": {
        "precision": 0.572234762979684,
        "recall": 0.8756476683937824,
        "f1-score": 0.6921501706484642,
        "support": 579
    },
    "UP": {
        "precision": 0.52,
        "recall": 0.17067833698030635,
        "f1-score": 0.25700164744645804,
        "support": 457
    },
    "accuracy": 0.5646718146718147,
    "macro avg": {
        "precision": 0.546117381489842,
        "recall": 0.5231630026870444,
        "f1-score": 0.4745759090474611,
        "support": 1036
    },
    "weighted avg": {
        "precision": 0.5491929804683755,
        "recall": 0.5646718146718147,
        "f1-score": 0.5001975885024055,
        "support": 1036
    }
}