{
    "R2": 0.9348668505793314,
    "RMSE": 30.472041344922097,
    "MSE": 928.5453037266416,
    "MAPE": 0.4484329896719662,
    "ACMAPE": 1.5948792706637018
}