{
    "R2": 0.7805270400193577,
    "RMSE": 15.016821427348237,
    "MSE": 225.50492578086516,
    "MAPE": 0.05051895165910104,
    "ACMAPE": 0.9159543078596287
}