{
    "R2": 0.8224825962480591,
    "RMSE": 445.473475937208,
    "MSE": 198446.6177635782,
    "MAPE": 0.08007042286882539,
    "ACMAPE": 1.2197661351786455
}