{
    "DOWN": {
        "precision": 0.8855395369156837,
        "recall": 0.584992784992785,
        "f1-score": 0.7045533541883906,
        "support": 3465
    },
    "UP": {
        "precision": 0.21032399780340472,
        "recall": 0.5937984496124031,
        "f1-score": 0.3106244931062449,
        "support": 645
    },
    "accuracy": 0.5863746958637469,
    "macro avg": {
        "precision": 0.5479317673595442,
        "recall": 0.589395617302594,
        "f1-score": 0.5075889236473178,
        "support": 4110
    },
    "weighted avg": {
        "precision": 0.779575054500253,
        "recall": 0.5863746958637469,
        "f1-score": 0.6427324015368131,
        "support": 4110
    }
}