{
    "R2": 0.9895744769018958,
    "RMSE": 7.633571333826123,
    "MSE": 58.27141130861193,
    "MAPE": 0.04439806784519638,
    "ACMAPE": 0.9021425694830064
}