{
    "R2": 0.9896216132529949,
    "RMSE": 12.079441146697608,
    "MSE": 145.91289841653122,
    "MAPE": 0.10650056496030152,
    "ACMAPE": 1.3915961063615754
}