{
    "R2": 0.9275805341771519,
    "RMSE": 469.15877671191356,
    "MSE": 220109.95776581918,
    "MAPE": 0.04259772303511731,
    "ACMAPE": 0.6789613593987538
}