{
    "DOWN": {
        "precision": 0.8702570379436965,
        "recall": 0.3874659400544959,
        "f1-score": 0.5361990950226244,
        "support": 3670
    },
    "UP": {
        "precision": 0.20481075344888575,
        "recall": 0.7319848293299621,
        "f1-score": 0.32006633499170817,
        "support": 791
    },
    "accuracy": 0.4485541358439812,
    "macro avg": {
        "precision": 0.5375338956962911,
        "recall": 0.559725384692229,
        "f1-score": 0.4281327150071663,
        "support": 4461
    },
    "weighted avg": {
        "precision": 0.75226376041951,
        "recall": 0.4485541358439812,
        "f1-score": 0.4978756219931569,
        "support": 4461
    }
}