{
    "DOWN": {
        "precision": 0.8585858585858586,
        "recall": 0.46372067648663395,
        "f1-score": 0.602196245129295,
        "support": 3666
    },
    "UP": {
        "precision": 0.20597738287560582,
        "recall": 0.6455696202531646,
        "f1-score": 0.31230863441518675,
        "support": 790
    },
    "accuracy": 0.4959605026929982,
    "macro avg": {
        "precision": 0.5322816207307322,
        "recall": 0.5546451483698993,
        "f1-score": 0.4572524397722409,
        "support": 4456
    },
    "weighted avg": {
        "precision": 0.7428855229011414,
        "recall": 0.4959605026929982,
        "f1-score": 0.5508023464613989,
        "support": 4456
    }
}