{
    "DOWN": {
        "precision": 0.8606307222787386,
        "recall": 0.46242142661929486,
        "f1-score": 0.6015999999999999,
        "support": 3659
    },
    "UP": {
        "precision": 0.2068548387096774,
        "recall": 0.6518424396442185,
        "f1-score": 0.31404958677685946,
        "support": 787
    },
    "accuracy": 0.4959514170040486,
    "macro avg": {
        "precision": 0.533742780494208,
        "recall": 0.5571319331317567,
        "f1-score": 0.4578247933884297,
        "support": 4446
    },
    "weighted avg": {
        "precision": 0.7449038620968108,
        "recall": 0.4959514170040486,
        "f1-score": 0.5506998256395385,
        "support": 4446
    }
}