{
    "DOWN": {
        "precision": 0.7142857142857143,
        "recall": 0.1724137931034483,
        "f1-score": 0.2777777777777778,
        "support": 87
    },
    "UP": {
        "precision": 0.29411764705882354,
        "recall": 0.8333333333333334,
        "f1-score": 0.4347826086956522,
        "support": 36
    },
    "accuracy": 0.36585365853658536,
    "macro avg": {
        "precision": 0.5042016806722689,
        "recall": 0.5028735632183908,
        "f1-score": 0.356280193236715,
        "support": 123
    },
    "weighted avg": {
        "precision": 0.5913096946095512,
        "recall": 0.36585365853658536,
        "f1-score": 0.3237304112171557,
        "support": 123
    }
}