{
    "R2": 0.7811730577843643,
    "RMSE": 34.82735405528715,
    "MSE": 1212.9445904923264,
    "MAPE": 0.021104993441471563,
    "ACMAPE": 0.6106454054858454
}