{
    "DOWN": {
        "precision": 0.6410256410256411,
        "recall": 0.5555555555555556,
        "f1-score": 0.5952380952380952,
        "support": 45
    },
    "UP": {
        "precision": 0.4444444444444444,
        "recall": 0.5333333333333333,
        "f1-score": 0.4848484848484848,
        "support": 30
    },
    "accuracy": 0.5466666666666666,
    "macro avg": {
        "precision": 0.5427350427350428,
        "recall": 0.5444444444444445,
        "f1-score": 0.54004329004329,
        "support": 75
    },
    "weighted avg": {
        "precision": 0.5623931623931624,
        "recall": 0.5466666666666666,
        "f1-score": 0.5510822510822511,
        "support": 75
    }
}