{
    "R2": 0.8987855425649164,
    "RMSE": 11.599681517825788,
    "MSE": 134.55261131498918,
    "MAPE": 0.028891028615709777,
    "ACMAPE": 0.8259389990954147
}