{
    "R2": 0.9678773389203069,
    "RMSE": 16.249570842307914,
    "MSE": 264.0485525591835,
    "MAPE": 0.0530639758177259,
    "ACMAPE": 0.5352231706942127
}