{
    "R2": 0.3098763175756899,
    "RMSE": 38.003534988122695,
    "MSE": 1444.2686715934658,
    "MAPE": 0.0758495234815987,
    "ACMAPE": 1.1792977993436677
}