{
    "DOWN": {
        "precision": 0.8620689655172413,
        "recall": 0.16891891891891891,
        "f1-score": 0.2824858757062147,
        "support": 148
    },
    "UP": {
        "precision": 0.359375,
        "recall": 0.9452054794520548,
        "f1-score": 0.5207547169811321,
        "support": 73
    },
    "accuracy": 0.4253393665158371,
    "macro avg": {
        "precision": 0.6107219827586207,
        "recall": 0.5570621991854868,
        "f1-score": 0.40162029634367336,
        "support": 221
    },
    "weighted avg": {
        "precision": 0.6960207325635824,
        "recall": 0.4253393665158371,
        "f1-score": 0.36119006309566704,
        "support": 221
    }
}