{
    "R2": 0.9800093180346624,
    "RMSE": 4.062528362036352,
    "MSE": 16.50413669234977,
    "MAPE": 0.044057118842425594,
    "ACMAPE": 1.2270559382048813
}