{
    "R2": 0.8711134004891634,
    "RMSE": 354.83039780578713,
    "MSE": 125904.61120701313,
    "MAPE": 0.034739080450832925,
    "ACMAPE": 0.5463220920338445
}