{
    "DOWN": {
        "precision": 0.9798728813559322,
        "recall": 0.45034079844206426,
        "f1-score": 0.6170780520346898,
        "support": 4108
    },
    "UP": {
        "precision": 0.009214567792891619,
        "recall": 0.3559322033898305,
        "f1-score": 0.017964071856287425,
        "support": 59
    },
    "accuracy": 0.4490040796736261,
    "macro avg": {
        "precision": 0.4945437245744119,
        "recall": 0.4031365009159474,
        "f1-score": 0.3175210619454886,
        "support": 4167
    },
    "weighted avg": {
        "precision": 0.9661294591096592,
        "recall": 0.4490040796736261,
        "f1-score": 0.6085952766973907,
        "support": 4167
    }
}