{
    "R2": 0.9808658438099186,
    "RMSE": 20.866811336612514,
    "MSE": 435.4238153577806,
    "MAPE": 0.11257140011037581,
    "ACMAPE": 1.3113534792752302
}