{
    "R2": 0.7946203471968925,
    "RMSE": 20.250145810660065,
    "MSE": 410.06840535299335,
    "MAPE": 0.050972338403824216,
    "ACMAPE": 0.8629878422797933
}