{
    "R2": 0.9875399623694217,
    "RMSE": 40.238302787373584,
    "MSE": 1619.1210112083565,
    "MAPE": 0.17993319841913402,
    "ACMAPE": 0.9937047164160041
}