{
    "DOWN": {
        "precision": 0.5,
        "recall": 0.3684210526315789,
        "f1-score": 0.4242424242424242,
        "support": 38
    },
    "UP": {
        "precision": 0.2,
        "recall": 0.3,
        "f1-score": 0.24,
        "support": 20
    },
    "accuracy": 0.3448275862068966,
    "macro avg": {
        "precision": 0.35,
        "recall": 0.33421052631578946,
        "f1-score": 0.3321212121212121,
        "support": 58
    },
    "weighted avg": {
        "precision": 0.39655172413793105,
        "recall": 0.3448275862068966,
        "f1-score": 0.3607105538140021,
        "support": 58
    }
}