{
    "DOWN": {
        "precision": 0.490272373540856,
        "recall": 0.48091603053435117,
        "f1-score": 0.48554913294797686,
        "support": 262
    },
    "UP": {
        "precision": 0.4188034188034188,
        "recall": 0.4279475982532751,
        "f1-score": 0.42332613390928725,
        "support": 229
    },
    "accuracy": 0.45621181262729127,
    "macro avg": {
        "precision": 0.4545378961721374,
        "recall": 0.45443181439381314,
        "f1-score": 0.4544376334286321,
        "support": 491
    },
    "weighted avg": {
        "precision": 0.4569396023904016,
        "recall": 0.45621181262729127,
        "f1-score": 0.4565286303413375,
        "support": 491
    }
}