{
    "DOWN": {
        "precision": 0.6805555555555556,
        "recall": 0.4657328664332166,
        "f1-score": 0.553014553014553,
        "support": 1999
    },
    "UP": {
        "precision": 0.3879656160458453,
        "recall": 0.6077199281867145,
        "f1-score": 0.47359216509268975,
        "support": 1114
    },
    "accuracy": 0.5165435271442339,
    "macro avg": {
        "precision": 0.5342605858007005,
        "recall": 0.5367263973099655,
        "f1-score": 0.5133033590536213,
        "support": 3113
    },
    "weighted avg": {
        "precision": 0.5758510285353766,
        "recall": 0.5165435271442339,
        "f1-score": 0.5245929211016216,
        "support": 3113
    }
}