{
    "R2": 0.9942844434717153,
    "RMSE": 34.48544118137531,
    "MSE": 1189.245653474096,
    "MAPE": 0.10556795635488644,
    "ACMAPE": 1.3386090269594086
}