{
    "DOWN": {
        "precision": 0.8297029702970297,
        "recall": 0.508495145631068,
        "f1-score": 0.6305492851768247,
        "support": 824
    },
    "UP": {
        "precision": 0.30412371134020616,
        "recall": 0.6730038022813688,
        "f1-score": 0.41893491124260357,
        "support": 263
    },
    "accuracy": 0.5482980680772769,
    "macro avg": {
        "precision": 0.5669133408186179,
        "recall": 0.5907494739562185,
        "f1-score": 0.5247420982097142,
        "support": 1087
    },
    "weighted avg": {
        "precision": 0.7025388993626741,
        "recall": 0.5482980680772769,
        "f1-score": 0.5793491192663369,
        "support": 1087
    }
}