{
    "R2": 0.5577480973144625,
    "RMSE": 21.800460788008042,
    "MSE": 475.26009056947623,
    "MAPE": 0.07181630721655621,
    "ACMAPE": 1.0432448786451278
}