{
    "R2": 0.9914773625263997,
    "RMSE": 15.951346687497674,
    "MSE": 254.445461144743,
    "MAPE": 0.030306626465095146,
    "ACMAPE": 1.0831676618874384
}