{
    "DOWN": {
        "precision": 0.5616883116883117,
        "recall": 0.6577946768060836,
        "f1-score": 0.6059544658493871,
        "support": 263
    },
    "UP": {
        "precision": 0.45121951219512196,
        "recall": 0.35406698564593303,
        "f1-score": 0.39678284182305634,
        "support": 209
    },
    "accuracy": 0.5233050847457628,
    "macro avg": {
        "precision": 0.5064539119417169,
        "recall": 0.5059308312260083,
        "f1-score": 0.5013686538362216,
        "support": 472
    },
    "weighted avg": {
        "precision": 0.5127731017432341,
        "recall": 0.5233050847457628,
        "f1-score": 0.5133339797868804,
        "support": 472
    }
}