{
    "R2": 0.7250065591682344,
    "RMSE": 60.030774735628306,
    "MSE": 3603.69391535975,
    "MAPE": 0.03862651501039135,
    "ACMAPE": 0.9411688878917474
}