{
    "R2": 0.8749309803848616,
    "RMSE": 19.70378753191322,
    "MSE": 388.23924310277886,
    "MAPE": 0.2106474855128109,
    "ACMAPE": 2.0441316484087384
}