{
    "DOWN": {
        "precision": 0.5,
        "recall": 0.03057199211045365,
        "f1-score": 0.05762081784386617,
        "support": 1014
    },
    "UP": {
        "precision": 0.05752636625119847,
        "recall": 0.6593406593406593,
        "f1-score": 0.10582010582010583,
        "support": 91
    },
    "accuracy": 0.08235294117647059,
    "macro avg": {
        "precision": 0.2787631831255992,
        "recall": 0.3449563257255565,
        "f1-score": 0.081720461831986,
        "support": 1105
    },
    "weighted avg": {
        "precision": 0.4635609948677458,
        "recall": 0.08235294117647059,
        "f1-score": 0.0615901709713212,
        "support": 1105
    }
}