{
    "DOWN": {
        "precision": 0.6222222222222222,
        "recall": 0.07799442896935933,
        "f1-score": 0.1386138613861386,
        "support": 359
    },
    "UP": {
        "precision": 0.38589981447124305,
        "recall": 0.9244444444444444,
        "f1-score": 0.5445026178010471,
        "support": 225
    },
    "accuracy": 0.4041095890410959,
    "macro avg": {
        "precision": 0.5040610183467327,
        "recall": 0.5012194367069018,
        "f1-score": 0.3415582395935929,
        "support": 584
    },
    "weighted avg": {
        "precision": 0.531173349372958,
        "recall": 0.4041095890410959,
        "f1-score": 0.29499223500489613,
        "support": 584
    }
}