{
    "DOWN": {
        "precision": 0.6428571428571429,
        "recall": 0.05013927576601671,
        "f1-score": 0.09302325581395349,
        "support": 359
    },
    "UP": {
        "precision": 0.38669064748201437,
        "recall": 0.9555555555555556,
        "f1-score": 0.5505761843790012,
        "support": 225
    },
    "accuracy": 0.398972602739726,
    "macro avg": {
        "precision": 0.5147738951695786,
        "recall": 0.5028474156607862,
        "f1-score": 0.3217997200964774,
        "support": 584
    },
    "weighted avg": {
        "precision": 0.5441628595362459,
        "recall": 0.398972602739726,
        "f1-score": 0.26930649027822706,
        "support": 584
    }
}