{
    "R2": 0.17812196292082516,
    "RMSE": 32.29788844648456,
    "MSE": 1043.153598101561,
    "MAPE": 0.07013293407952353,
    "ACMAPE": 1.1452774427500438
}