{
    "R2": 0.9906312856739914,
    "RMSE": 50.76016202956742,
    "MSE": 2576.594049267938,
    "MAPE": 0.27620979454594735,
    "ACMAPE": 1.4527376737765292
}