{
    "R2": 0.6732499088032667,
    "RMSE": 85.256552768249,
    "MSE": 7268.679789925226,
    "MAPE": 0.08572736078455734,
    "ACMAPE": 1.0135624123309492
}