{
    "DOWN": {
        "precision": 0.6377708978328174,
        "recall": 0.8174603174603174,
        "f1-score": 0.7165217391304348,
        "support": 252
    },
    "UP": {
        "precision": 0.48314606741573035,
        "recall": 0.26875,
        "f1-score": 0.3453815261044177,
        "support": 160
    },
    "accuracy": 0.6043689320388349,
    "macro avg": {
        "precision": 0.5604584826242739,
        "recall": 0.5431051587301587,
        "f1-score": 0.5309516326174263,
        "support": 412
    },
    "weighted avg": {
        "precision": 0.577722420000939,
        "recall": 0.6043689320388349,
        "f1-score": 0.5723896175669331,
        "support": 412
    }
}