{
    "R2": 0.8452181221255506,
    "RMSE": 37.24327874025381,
    "MSE": 1387.0618113242413,
    "MAPE": 0.08552889122552865,
    "ACMAPE": 1.0699972305325778
}