{
    "DOWN": {
        "precision": 0.6981132075471698,
        "recall": 0.5099540581929556,
        "f1-score": 0.5893805309734513,
        "support": 653
    },
    "UP": {
        "precision": 0.3469387755102041,
        "recall": 0.5414012738853503,
        "f1-score": 0.42288557213930345,
        "support": 314
    },
    "accuracy": 0.5201654601861427,
    "macro avg": {
        "precision": 0.522525991528687,
        "recall": 0.5256776660391529,
        "f1-score": 0.5061330515563773,
        "support": 967
    },
    "weighted avg": {
        "precision": 0.5840813857688789,
        "recall": 0.5201654601861427,
        "f1-score": 0.5353170179704293,
        "support": 967
    }
}