{
    "R2": 0.978864435669319,
    "RMSE": 23.67912164940765,
    "MSE": 560.7008020874462,
    "MAPE": 0.031706456331127945,
    "ACMAPE": 0.9913755359588424
}