{
    "R2": 0.9362241077003977,
    "RMSE": 40.470366235175874,
    "MSE": 1637.8505432092636,
    "MAPE": 0.06097517915953844,
    "ACMAPE": 1.0042524900839083
}