{
    "DOWN": {
        "precision": 0.8057851239669421,
        "recall": 0.3413068844807468,
        "f1-score": 0.4795081967213115,
        "support": 1714
    },
    "UP": {
        "precision": 0.30905752753977966,
        "recall": 0.781733746130031,
        "f1-score": 0.44298245614035087,
        "support": 646
    },
    "accuracy": 0.461864406779661,
    "macro avg": {
        "precision": 0.5574213257533609,
        "recall": 0.5615203153053889,
        "f1-score": 0.46124532643083116,
        "support": 2360
    },
    "weighted avg": {
        "precision": 0.6698164683347613,
        "recall": 0.461864406779661,
        "f1-score": 0.4695100490877096,
        "support": 2360
    }
}