{
    "R2": 0.9622236480312494,
    "RMSE": 58.302681624470075,
    "MSE": 3399.202684604321,
    "MAPE": 0.04007551145375259,
    "ACMAPE": 0.9768946835670422
}