{
    "DOWN": {
        "precision": 0.8856394587516369,
        "recall": 0.6094923400420547,
        "f1-score": 0.7220640569395018,
        "support": 3329
    },
    "UP": {
        "precision": 0.26428975664968873,
        "recall": 0.6406035665294925,
        "f1-score": 0.37419871794871795,
        "support": 729
    },
    "accuracy": 0.6150813208477083,
    "macro avg": {
        "precision": 0.5749646077006628,
        "recall": 0.6250479532857736,
        "f1-score": 0.5481313874441098,
        "support": 4058
    },
    "weighted avg": {
        "precision": 0.7740170011783692,
        "recall": 0.6150813208477083,
        "f1-score": 0.6595717375397282,
        "support": 4058
    }
}