{
    "R2": -1.867512376559736,
    "RMSE": 16.39286214106216,
    "MSE": 268.7259291758691,
    "MAPE": 0.012496061032510827,
    "ACMAPE": 1.2124960610325108
}