{
    "R2": 0.9530746544479082,
    "RMSE": 8.03531035305312,
    "MSE": 64.56621246988266,
    "MAPE": 0.06949775656576476,
    "ACMAPE": 1.450098017548801
}