{
    "R2": 0.8714279973163693,
    "RMSE": 48.93795956800492,
    "MSE": 2394.9238866796845,
    "MAPE": 0.020735317466668998,
    "ACMAPE": 1.034309978100153
}