{
    "DOWN": {
        "precision": 0.6580645161290323,
        "recall": 0.31666091755777853,
        "f1-score": 0.42757335817419656,
        "support": 2899
    },
    "UP": {
        "precision": 0.3087927424982554,
        "recall": 0.6497797356828194,
        "f1-score": 0.41863765373699147,
        "support": 1362
    },
    "accuracy": 0.4231401079558789,
    "macro avg": {
        "precision": 0.48342862931364383,
        "recall": 0.483220326620299,
        "f1-score": 0.42310550595559404,
        "support": 4261
    },
    "weighted avg": {
        "precision": 0.5464221421123417,
        "recall": 0.4231401079558789,
        "f1-score": 0.424717120332499,
        "support": 4261
    }
}