{
    "R2": 0.9885900914745729,
    "RMSE": 28.54436737828274,
    "MSE": 814.7809090263719,
    "MAPE": 0.12892446942190863,
    "ACMAPE": 1.6032346502021182
}