{
    "DOWN": {
        "precision": 0.8621973929236499,
        "recall": 0.3720867934637021,
        "f1-score": 0.5198353293413174,
        "support": 3733
    },
    "UP": {
        "precision": 0.1928374655647383,
        "recall": 0.7161125319693095,
        "f1-score": 0.3038524145415084,
        "support": 782
    },
    "accuracy": 0.431672203765227,
    "macro avg": {
        "precision": 0.5275174292441941,
        "recall": 0.5440996627165058,
        "f1-score": 0.4118438719414129,
        "support": 4515
    },
    "weighted avg": {
        "precision": 0.7462639570001353,
        "recall": 0.431672203765227,
        "f1-score": 0.4824269928244955,
        "support": 4515
    }
}