{
    "DOWN": {
        "precision": 0.6666666666666666,
        "recall": 0.23404255319148937,
        "f1-score": 0.3464566929133858,
        "support": 94
    },
    "UP": {
        "precision": 0.30097087378640774,
        "recall": 0.7380952380952381,
        "f1-score": 0.42758620689655175,
        "support": 42
    },
    "accuracy": 0.3897058823529412,
    "macro avg": {
        "precision": 0.4838187702265372,
        "recall": 0.48606889564336375,
        "f1-score": 0.3870214499049688,
        "support": 136
    },
    "weighted avg": {
        "precision": 0.5537312012183514,
        "recall": 0.3897058823529412,
        "f1-score": 0.37151139576112824,
        "support": 136
    }
}