{
    "R2": 0.9543112806752143,
    "RMSE": 50.42527564542946,
    "MSE": 2542.7084239175415,
    "MAPE": 0.05922008889283984,
    "ACMAPE": 0.9970421431697205
}