{
    "R2": 0.9497608529116757,
    "RMSE": 52.91290511174608,
    "MSE": 2799.7755273646444,
    "MAPE": 0.0673348983071797,
    "ACMAPE": 1.1004294053013797
}