{
    "DOWN": {
        "precision": 0.7222222222222222,
        "recall": 0.05371900826446281,
        "f1-score": 0.09999999999999999,
        "support": 242
    },
    "UP": {
        "precision": 0.16727272727272727,
        "recall": 0.9019607843137255,
        "f1-score": 0.2822085889570552,
        "support": 51
    },
    "accuracy": 0.20136518771331058,
    "macro avg": {
        "precision": 0.4447474747474747,
        "recall": 0.4778398962890942,
        "f1-score": 0.1911042944785276,
        "support": 293
    },
    "weighted avg": {
        "precision": 0.6256269176405695,
        "recall": 0.20136518771331058,
        "f1-score": 0.1317154881802383,
        "support": 293
    }
}