{
    "R2": 0.3053141905529674,
    "RMSE": 9.070066986445996,
    "MSE": 82.26611513861755,
    "MAPE": 0.08958134523436959,
    "ACMAPE": 1.6800250312411957
}