{
    "R2": 0.970883615235962,
    "RMSE": 70.50291916287989,
    "MSE": 4970.661610487577,
    "MAPE": 0.04082759557057465,
    "ACMAPE": 0.9226457773887565
}