{
    "R2": 0.9781899098866566,
    "RMSE": 8.35070619948393,
    "MSE": 69.73429403009935,
    "MAPE": 0.04404744208081995,
    "ACMAPE": 1.1448362238511969
}