{
    "DOWN": {
        "precision": 0.8268892794376098,
        "recall": 0.27063560540696,
        "f1-score": 0.4078006500541712,
        "support": 3477
    },
    "UP": {
        "precision": 0.2576112412177986,
        "recall": 0.8170844939647168,
        "f1-score": 0.3917204540396172,
        "support": 1077
    },
    "accuracy": 0.39986824769433466,
    "macro avg": {
        "precision": 0.5422502603277042,
        "recall": 0.5438600496858385,
        "f1-score": 0.3997605520468942,
        "support": 4554
    },
    "weighted avg": {
        "precision": 0.6922576485279179,
        "recall": 0.39986824769433466,
        "f1-score": 0.40399775784783065,
        "support": 4554
    }
}