{
    "R2": 0.9897565582929561,
    "RMSE": 220.85907435741527,
    "MSE": 48778.730726014284,
    "MAPE": 0.2131324178626299,
    "ACMAPE": 1.3609818802282214
}