{
    "R2": 0.9213117153756645,
    "RMSE": 686.9187844250878,
    "MSE": 471857.4163960402,
    "MAPE": 0.05762759788594336,
    "ACMAPE": 1.0540433684952624
}