{
    "R2": 0.7234789889604566,
    "RMSE": 514.816983600292,
    "MSE": 265036.5266033034,
    "MAPE": 0.1503915471925677,
    "ACMAPE": 1.1503915471925676
}