{
    "R2": 0.9938161083462926,
    "RMSE": 6.691566861244984,
    "MSE": 44.777067058512046,
    "MAPE": 0.08176621329635048,
    "ACMAPE": 1.1390247442390917
}