{
    "DOWN": {
        "precision": 0.5846153846153846,
        "recall": 0.59375,
        "f1-score": 0.5891472868217055,
        "support": 512
    },
    "UP": {
        "precision": 0.3988439306358382,
        "recall": 0.3898305084745763,
        "f1-score": 0.3942857142857143,
        "support": 354
    },
    "accuracy": 0.5103926096997691,
    "macro avg": {
        "precision": 0.4917296576256114,
        "recall": 0.49179025423728817,
        "f1-score": 0.49171650055370986,
        "support": 866
    },
    "weighted avg": {
        "precision": 0.5086764761757087,
        "recall": 0.5103926096997691,
        "f1-score": 0.509492556246947,
        "support": 866
    }
}