{
    "R2": 0.9925554819352194,
    "RMSE": 7.346057365099853,
    "MSE": 53.96455881133779,
    "MAPE": 0.07509462294746662,
    "ACMAPE": 1.1095574089306697
}