{
    "R2": 0.5997070284276584,
    "RMSE": 619.4093831156772,
    "MSE": 383667.9838917438,
    "MAPE": 0.19025859563443528,
    "ACMAPE": 1.2018059397452898
}