{
    "DOWN": {
        "precision": 0.6818181818181818,
        "recall": 0.5877342419080068,
        "f1-score": 0.6312900274473925,
        "support": 587
    },
    "UP": {
        "precision": 0.41686746987951806,
        "recall": 0.5179640718562875,
        "f1-score": 0.46194926568758343,
        "support": 334
    },
    "accuracy": 0.5624321389793703,
    "macro avg": {
        "precision": 0.54934282584885,
        "recall": 0.5528491568821472,
        "f1-score": 0.546619646567488,
        "support": 921
    },
    "weighted avg": {
        "precision": 0.5857339931238129,
        "recall": 0.5624321389793703,
        "f1-score": 0.5698787197082218,
        "support": 921
    }
}