{
    "R2": 0.9847966309632512,
    "RMSE": 16.78344352502761,
    "MSE": 281.68397655779125,
    "MAPE": 0.043498058014110975,
    "ACMAPE": 1.0127361081797521
}