{
    "R2": 0.9714381633805907,
    "RMSE": 31.935155827522358,
    "MSE": 1019.8541777281351,
    "MAPE": 0.06546271716073475,
    "ACMAPE": 0.9717127171607347
}