{
    "R2": 0.6705173777972493,
    "RMSE": 4.466972641744931,
    "MSE": 19.95384458209769,
    "MAPE": 0.04625335994851952,
    "ACMAPE": 1.0306283599485195
}