{
    "DOWN": {
        "precision": 0.8668022369089985,
        "recall": 0.5138637733574443,
        "f1-score": 0.6452223273415326,
        "support": 3318
    },
    "UP": {
        "precision": 0.24129821260583256,
        "recall": 0.6619354838709678,
        "f1-score": 0.35367114788004134,
        "support": 775
    },
    "accuracy": 0.541900806254581,
    "macro avg": {
        "precision": 0.5540502247574155,
        "recall": 0.587899628614206,
        "f1-score": 0.49944673761078695,
        "support": 4093
    },
    "weighted avg": {
        "precision": 0.748364509365643,
        "recall": 0.541900806254581,
        "f1-score": 0.5900177917728409,
        "support": 4093
    }
}