{
    "DOWN": {
        "precision": 0.6476868327402135,
        "recall": 0.47643979057591623,
        "f1-score": 0.5490196078431373,
        "support": 382
    },
    "UP": {
        "precision": 0.3957703927492447,
        "recall": 0.5695652173913044,
        "f1-score": 0.46702317290552586,
        "support": 230
    },
    "accuracy": 0.511437908496732,
    "macro avg": {
        "precision": 0.5217286127447291,
        "recall": 0.5230025039836104,
        "f1-score": 0.5080213903743316,
        "support": 612
    },
    "weighted avg": {
        "precision": 0.5530123536586402,
        "recall": 0.511437908496732,
        "f1-score": 0.5182039541901134,
        "support": 612
    }
}