{
    "DOWN": {
        "precision": 0.7534668721109399,
        "recall": 0.6205583756345178,
        "f1-score": 0.6805845511482256,
        "support": 1576
    },
    "UP": {
        "precision": 0.27864897466827504,
        "recall": 0.4192377495462795,
        "f1-score": 0.3347826086956522,
        "support": 551
    },
    "accuracy": 0.5684062059238364,
    "macro avg": {
        "precision": 0.5160579233896074,
        "recall": 0.5198980625903986,
        "f1-score": 0.5076835799219389,
        "support": 2127
    },
    "weighted avg": {
        "precision": 0.6304651506765684,
        "recall": 0.5684062059238364,
        "f1-score": 0.5910044522806337,
        "support": 2127
    }
}