{
    "R2": 0.9042168758520929,
    "RMSE": 14.417888225987975,
    "MSE": 207.87550089708265,
    "MAPE": 0.04860418350512074,
    "ACMAPE": 0.9658974165878276
}