{
    "R2": 0.973067435382478,
    "RMSE": 24.184376374060516,
    "MSE": 584.8840606022164,
    "MAPE": 0.02616304668620764,
    "ACMAPE": 0.7487321813873672
}