{
    "DOWN": {
        "precision": 0.7114624505928854,
        "recall": 0.7317073170731707,
        "f1-score": 0.7214428857715429,
        "support": 246
    },
    "UP": {
        "precision": 0.25,
        "recall": 0.23157894736842105,
        "f1-score": 0.24043715846994534,
        "support": 95
    },
    "accuracy": 0.592375366568915,
    "macro avg": {
        "precision": 0.4807312252964427,
        "recall": 0.4816431322207959,
        "f1-score": 0.48094002212074416,
        "support": 341
    },
    "weighted avg": {
        "precision": 0.5829025303397355,
        "recall": 0.592375366568915,
        "f1-score": 0.5874383576376667,
        "support": 341
    }
}