{
    "R2": 0.855622720657087,
    "RMSE": 30.467103598127803,
    "MSE": 928.2444016590521,
    "MAPE": 0.10355420011260301,
    "ACMAPE": 0.9259643481041463
}