{
    "DOWN": {
        "precision": 0.8429203539823009,
        "recall": 0.10375816993464053,
        "f1-score": 0.18477206595538312,
        "support": 3672
    },
    "UP": {
        "precision": 0.06611804767309876,
        "recall": 0.7664473684210527,
        "f1-score": 0.12173458725182865,
        "support": 304
    },
    "accuracy": 0.15442655935613683,
    "macro avg": {
        "precision": 0.4545192008276998,
        "recall": 0.43510276917784657,
        "f1-score": 0.15325332660360588,
        "support": 3976
    },
    "weighted avg": {
        "precision": 0.7835270186910541,
        "recall": 0.15442655935613683,
        "f1-score": 0.17995229897201276,
        "support": 3976
    }
}