{
    "R2": 0.9741949317487,
    "RMSE": 8.592199362127083,
    "MSE": 73.82588987853705,
    "MAPE": 0.02531750479069384,
    "ACMAPE": 1.3017851415192438
}