{
    "R2": 0.9841912881102043,
    "RMSE": 6.737431786826012,
    "MSE": 45.39298708213356,
    "MAPE": 0.019938396834446433,
    "ACMAPE": 1.6145262194352983
}