{
    "DOWN": {
        "precision": 0.6413934426229508,
        "recall": 0.27264808362369336,
        "f1-score": 0.38264058679706603,
        "support": 2296
    },
    "UP": {
        "precision": 0.26593406593406593,
        "recall": 0.6335078534031413,
        "f1-score": 0.3746130030959753,
        "support": 955
    },
    "accuracy": 0.37865272223931096,
    "macro avg": {
        "precision": 0.45366375427850836,
        "recall": 0.4530779685134173,
        "f1-score": 0.37862679494652063,
        "support": 3251
    },
    "weighted avg": {
        "precision": 0.5311000852750932,
        "recall": 0.37865272223931096,
        "f1-score": 0.3802824377861335,
        "support": 3251
    }
}