{
    "DOWN": {
        "precision": 0.6656626506024096,
        "recall": 0.5525,
        "f1-score": 0.6038251366120218,
        "support": 400
    },
    "UP": {
        "precision": 0.3848797250859107,
        "recall": 0.5022421524663677,
        "f1-score": 0.4357976653696498,
        "support": 223
    },
    "accuracy": 0.5345104333868379,
    "macro avg": {
        "precision": 0.5252711878441602,
        "recall": 0.5273710762331838,
        "f1-score": 0.5198114009908358,
        "support": 623
    },
    "weighted avg": {
        "precision": 0.5651576868942567,
        "recall": 0.5345104333868379,
        "f1-score": 0.5436804719458115,
        "support": 623
    }
}