{
    "R2": 0.64411008105029,
    "RMSE": 265.8862371652608,
    "MSE": 70695.49111390133,
    "MAPE": 0.16739121000650783,
    "ACMAPE": 1.2450854455954803
}