{
    "DOWN": {
        "precision": 0.6339712918660287,
        "recall": 0.977859778597786,
        "f1-score": 0.7692307692307692,
        "support": 542
    },
    "UP": {
        "precision": 0.5862068965517241,
        "recall": 0.05263157894736842,
        "f1-score": 0.09659090909090907,
        "support": 323
    },
    "accuracy": 0.6323699421965318,
    "macro avg": {
        "precision": 0.6100890942088764,
        "recall": 0.5152456787725772,
        "f1-score": 0.4329108391608391,
        "support": 865
    },
    "weighted avg": {
        "precision": 0.6161355696850803,
        "recall": 0.6323699421965318,
        "f1-score": 0.5180600468895267,
        "support": 865
    }
}