{
    "R2": 0.9801340392006008,
    "RMSE": 10.522862212698104,
    "MSE": 110.73062914742965,
    "MAPE": 0.03141275790424906,
    "ACMAPE": 0.45652289006283947
}