{
    "R2": -5.155651842902495,
    "RMSE": 60.7737882286709,
    "MSE": 3693.453335663338,
    "MAPE": 0.4396277342810477,
    "ACMAPE": 1.2396277342810478
}