{
    "R2": 0.9685508130604242,
    "RMSE": 873.8424231978671,
    "MSE": 763600.5805803203,
    "MAPE": 0.14806955099214855,
    "ACMAPE": 0.9029011357519499
}