{
    "DOWN": {
        "precision": 0.5495016611295681,
        "recall": 0.38022988505747124,
        "f1-score": 0.4494565217391304,
        "support": 2175
    },
    "UP": {
        "precision": 0.43074324324324326,
        "recall": 0.6007067137809188,
        "f1-score": 0.5017215937038859,
        "support": 1698
    },
    "accuracy": 0.4768912987348309,
    "macro avg": {
        "precision": 0.4901224521864057,
        "recall": 0.490468299419195,
        "f1-score": 0.47558905772150817,
        "support": 3873
    },
    "weighted avg": {
        "precision": 0.49743561579753104,
        "recall": 0.4768912987348309,
        "f1-score": 0.47237056568339963,
        "support": 3873
    }
}