{
    "R2": 0.9839919988934865,
    "RMSE": 92.66082948231849,
    "MSE": 8586.029320351305,
    "MAPE": 0.05394377258088587,
    "ACMAPE": 0.6985718717544397
}