{
    "R2": -3.463766429358839,
    "RMSE": 12.825579990074203,
    "MSE": 164.49550208179178,
    "MAPE": 0.09738321267132694,
    "ACMAPE": 1.480099262054043
}