{
    "DOWN": {
        "precision": 0.770573566084788,
        "recall": 0.4618834080717489,
        "f1-score": 0.577570093457944,
        "support": 1338
    },
    "UP": {
        "precision": 0.35656836461126007,
        "recall": 0.6843910806174958,
        "f1-score": 0.4688601645123384,
        "support": 583
    },
    "accuracy": 0.5294117647058824,
    "macro avg": {
        "precision": 0.5635709653480241,
        "recall": 0.5731372443446223,
        "f1-score": 0.5232151289851412,
        "support": 1921
    },
    "weighted avg": {
        "precision": 0.6449280520509166,
        "recall": 0.5294117647058824,
        "f1-score": 0.5445779598945457,
        "support": 1921
    }
}