{
    "R2": -22.333120027568377,
    "RMSE": 20.925488863085132,
    "MSE": 437.87608415909995,
    "MAPE": 0.3753695574051119,
    "ACMAPE": 2.172522582316144
}