{
    "R2": 0.9887756103733873,
    "RMSE": 9.084428751194627,
    "MSE": 82.52684573553158,
    "MAPE": 0.11556703972261687,
    "ACMAPE": 1.2442988285929297
}