{
    "R2": 0.9749101520603388,
    "RMSE": 10.690047572813555,
    "MSE": 114.27711710901697,
    "MAPE": 0.07909696954680226,
    "ACMAPE": 1.09792979912132
}