{
    "R2": 0.8925896150585356,
    "RMSE": 6.130430654417713,
    "MSE": 37.5821800086244,
    "MAPE": 0.02620933248127181,
    "ACMAPE": 0.9169656350022801
}