{
    "DOWN": {
        "precision": 0.6415094339622641,
        "recall": 0.09115281501340483,
        "f1-score": 0.1596244131455399,
        "support": 373
    },
    "UP": {
        "precision": 0.39138240574506283,
        "recall": 0.919831223628692,
        "f1-score": 0.5491183879093199,
        "support": 237
    },
    "accuracy": 0.4131147540983607,
    "macro avg": {
        "precision": 0.5164459198536635,
        "recall": 0.5054920193210484,
        "f1-score": 0.3543714005274299,
        "support": 610
    },
    "weighted avg": {
        "precision": 0.5443289328352531,
        "recall": 0.4131147540983607,
        "f1-score": 0.31095240006195934,
        "support": 610
    }
}