{
    "DOWN": {
        "precision": 0.8062015503875969,
        "recall": 0.7172413793103448,
        "f1-score": 0.7591240875912408,
        "support": 145
    },
    "UP": {
        "precision": 0.6057692307692307,
        "recall": 0.7159090909090909,
        "f1-score": 0.65625,
        "support": 88
    },
    "accuracy": 0.7167381974248928,
    "macro avg": {
        "precision": 0.7059853905784138,
        "recall": 0.7165752351097179,
        "f1-score": 0.7076870437956204,
        "support": 233
    },
    "weighted avg": {
        "precision": 0.7305017901883856,
        "recall": 0.7167381974248928,
        "f1-score": 0.720270354938755,
        "support": 233
    }
}