{
    "R2": -1.4171630080939464,
    "RMSE": 11.901986999854618,
    "MSE": 141.65729454470832,
    "MAPE": 0.11298533901286409,
    "ACMAPE": 2.0332307377858703
}