{
    "R2": 0.9518589061118357,
    "RMSE": 21.71658025828032,
    "MSE": 471.60985811433056,
    "MAPE": 0.06258012606751903,
    "ACMAPE": 0.9713876085304965
}