{
    "DOWN": {
        "precision": 0.7259615384615384,
        "recall": 0.9741935483870968,
        "f1-score": 0.8319559228650137,
        "support": 155
    },
    "UP": {
        "precision": 0.6,
        "recall": 0.09523809523809523,
        "f1-score": 0.1643835616438356,
        "support": 63
    },
    "accuracy": 0.7201834862385321,
    "macro avg": {
        "precision": 0.6629807692307692,
        "recall": 0.534715821812596,
        "f1-score": 0.4981697422544247,
        "support": 218
    },
    "weighted avg": {
        "precision": 0.6895598094565984,
        "recall": 0.7201834862385321,
        "f1-score": 0.6390336349891687,
        "support": 218
    }
}