{
    "DOWN": {
        "precision": 0.7316017316017316,
        "recall": 0.330078125,
        "f1-score": 0.4549125168236877,
        "support": 512
    },
    "UP": {
        "precision": 0.32612966601178783,
        "recall": 0.7280701754385965,
        "f1-score": 0.45047489823609227,
        "support": 228
    },
    "accuracy": 0.4527027027027027,
    "macro avg": {
        "precision": 0.5288656988067597,
        "recall": 0.5290741502192983,
        "f1-score": 0.45269370752989,
        "support": 740
    },
    "weighted avg": {
        "precision": 0.6066725005821273,
        "recall": 0.4527027027027027,
        "f1-score": 0.45354525055615835,
        "support": 740
    }
}