{
    "R2": -1.2113066376132688,
    "RMSE": 25.111575512002993,
    "MSE": 630.5912246950284,
    "MAPE": 0.37843683971500486,
    "ACMAPE": 0.7460838985385343
}