,y_actual,y_predict
0,344.0,347.15343994971545
1,338.0,347.1062342221229
2,340.0,347.94394810400877
3,340.0,347.7526984610083
4,338.0,346.7244571779762
5,336.0,346.1714365901912
6,336.0,345.93137784268185
7,342.0,345.8399998032845
8,344.0,344.9671560776088
9,344.0,344.6324403126838
10,338.0,345.29652725281244
11,336.0,346.9877865580289
12,330.0,347.5959430889659
13,326.0,345.89175565455866
14,324.0,342.76307616621386
15,318.0,339.2355169466142
16,322.0,336.9918581816074
17,324.0,334.7866371280828
18,328.0,332.95234504605435
19,330.0,332.5745836666172
20,322.0,333.20660306841796
21,326.0,335.29445982063
22,326.0,335.6663854858849
23,330.0,335.92777925776835
24,324.0,335.0482331276854
25,332.0,334.69232678675723
26,328.0,335.3396721607048
27,332.0,335.8651175544952
28,332.0,336.7286299154142
29,334.0,337.459134216458
30,342.0,338.64378419544244
31,340.0,338.2944647002249
32,334.0,338.7143905591121
33,330.0,340.6312493299163
34,330.0,342.9107601805671
35,330.0,343.3204735396355
36,338.0,340.2182714376668
37,336.0,338.7341222065697
38,338.0,338.0154626719353
39,380.0,339.3157435717822
40,368.0,340.95832377602346
41,372.0,341.0589609559921
42,372.0,345.26824426180076
43,382.0,359.856395797563
44,380.0,372.43436047011727
45,354.0,369.8958248008649
46,334.0,370.89939430215645
47,340.0,369.62577134914926
48,330.0,360.7964007932637
49,334.0,351.92884531054483
50,334.0,348.25526323285663
51,342.0,345.6978337166976
52,334.0,342.5180917292586
53,332.0,343.0927940175076
54,332.0,342.67905054889263
55,332.0,342.8532408392961
56,330.0,342.7767120924218
57,330.0,340.4871187454859
58,332.0,339.3796619758817
59,330.0,339.65788398296866
60,332.0,340.14546945876026
61,332.0,340.04816903615824
62,332.0,340.11527974925343
63,334.0,340.1706034752875
64,332.0,340.4137100834218
65,332.0,340.74919142471225
66,336.0,340.82577795093493
67,332.0,340.9393721497685
68,334.0,340.83471930509035
69,330.0,341.0593076320821
70,330.0,341.8901891060269
71,332.0,341.73029920433726
72,332.0,339.9127053539786
73,332.0,339.82294513633474
74,330.0,340.0956636604925
75,324.0,340.78302123316445
76,324.0,340.332154533242
77,328.0,339.0025506141133
78,332.0,337.54090643919403
79,334.0,336.2169360065284
80,330.0,336.69441009636074
81,330.0,338.60952104187766
82,334.0,340.398889680573
83,380.0,341.46959878463383
84,372.0,341.76112448667584
85,358.0,341.0641466525054
