,y_actual,y_predict
0,124.0,124.80416870898617
1,121.0,124.10298785088101
2,118.0,124.32508075411953
3,115.0,124.25040752812222
4,111.0,124.05235343371147
5,104.0,123.8203881036414
6,97.0,122.9308053751281
7,91.0,120.51381019053808
8,91.0,117.73122325917281
9,86.0,114.73398750353681
10,84.0,113.0169008940402
11,91.0,110.55773686770499
12,87.0,108.31542981067533
13,93.0,110.07181650839543
14,91.0,109.911533315896
15,91.0,113.07617215550103
16,106.0,111.28805790017542
17,107.0,113.37319518803729
18,108.0,119.7758615767424
19,105.0,122.74556586201358
20,104.0,120.81791029732719
21,110.0,116.06333974845751
22,110.0,115.1191406016177
23,115.0,117.40428934236994
24,112.0,120.24665522505168
25,107.0,128.92691005738152
26,106.0,125.60366401347522
27,99.0,122.1414088170448
28,96.0,117.38783529765068
29,101.0,118.03838785533156
30,112.0,116.12661136131105
31,106.0,114.9932579843975
32,118.0,117.78498333316446
33,116.0,119.54704025373022
34,116.0,125.89969001653593
35,114.0,123.59655804475224
36,113.0,125.84921463474288
37,114.0,125.75354262230647
38,110.0,126.770261900816
39,106.0,127.1612075566475
40,109.0,125.14898187215127
41,106.0,122.0736903303954
42,99.0,123.74065021257812
43,97.0,121.65611236575062
44,98.0,119.78991785732413
45,94.0,116.64312156360984
46,89.0,115.71970711712544
47,90.0,112.97641415723842
48,87.0,112.83130660970126
49,85.0,112.23398808592063
50,82.0,110.67583286822348
51,84.0,108.53886839786857
52,78.99999999999999,107.6465453674838
53,78.99999999999999,107.24206947116195
54,80.0,107.4472679240233
55,81.0,107.0089908934566
56,80.0,105.99307290857466
