,y_actual,y_predict
0,400.0,400.01374639273587
1,408.0,396.90601445226633
2,400.0,389.5782274229079
3,396.0,383.201119690984
4,400.0,380.84997734249004
5,406.0,378.793887372225
6,396.0,377.4828812120923
7,392.0,376.8775554996147
8,388.0,375.96092070736046
9,380.0,377.48493018694114
10,370.0,373.59930832255117
11,372.0,368.2978898700464
12,365.99999999999994,361.136114835856
13,382.0,353.8636050950012
14,396.0,346.9881461506734
15,398.0,346.02476771241766
16,408.0,351.24906815550287
17,408.0,356.61058236483706
18,408.0,367.3268108889523
19,418.0,375.0810098489349
20,420.0,381.9169753659571
21,418.0,388.55934653407724
22,418.0,390.7100721229088
23,418.0,395.2358072397919
24,420.0,395.5881858813733
25,408.0,394.4356487870201
26,416.0,394.89889723250866
27,412.0,392.3284470265705
28,416.0,390.94052550288234
29,424.0,389.3437661580653
30,408.0,387.87300750834663
31,410.0,391.1899825616734
32,420.0,390.4758360201375
33,416.0,389.14771754258607
34,412.0,388.51129694806224
35,416.0,386.51523518600527
36,416.0,387.33081724066096
37,420.0,388.6035233324659
38,430.0,388.72078773919793
39,430.0,391.6891218413269
40,430.0,396.7126452654356
41,434.0,401.35823415287064
42,426.0,404.0201451921701
43,424.0,405.7723564310113
44,424.0,404.2572408532469
45,418.0,403.92854926156605
46,416.0,402.5441627823973
47,414.0,399.4531603838252
48,420.0,396.9821642647793
49,414.0,394.6214300120481
50,416.0,394.4441824295223
51,416.0,393.49543952590096
52,432.0,392.497836452808
53,418.0,391.54790019020874
54,416.0,394.87948826196276
55,422.0,396.856861572102
56,420.0,397.74078031539665
57,418.0,397.6030036439694
58,418.0,395.78232061924643
59,416.0,396.1815104554507
60,416.0,395.00389030635495
61,416.0,393.3504576681922
62,410.0,390.78930665579855
63,408.0,388.25109965847025
64,406.0,387.10081418483
65,408.0,385.1439081069718
66,410.0,383.70406420964235
67,408.0,382.67270934206175
68,414.0,382.3090275645012
69,408.0,381.79054686292324
70,410.0,382.6808827252499
71,406.0,382.98667533427977
72,406.0,383.2124228269631
73,404.0,382.4230496374065
74,400.0,381.72864980952346
75,400.0,381.5686496416591
76,398.0,380.92975226435095
77,400.0,378.33933018268857
78,380.0,374.5516538193133
79,380.0,371.3453684402366
80,380.0,366.9429996222177
81,388.0,360.9635506244132
82,386.0,354.70197355127226
83,388.0,350.8713362646933
84,382.0,351.53245713843853
