,y_actual,y_predict
0,342.0,414.7317405659624
1,334.0,404.94125013373025
2,336.0,390.68143346462364
3,334.0,373.7975857036318
4,346.0,359.1229724287074
5,346.0,350.08031302790357
6,346.0,348.023310721599
7,340.0,349.76714604795086
8,328.0,352.0444307805771
9,322.0,353.55435665057286
10,322.0,352.2690008394018
11,314.0,348.4752526585078
12,312.0,343.43736937100215
13,302.0,338.5821986606574
14,316.0,334.741880847527
15,314.0,332.7873572032267
16,298.0,331.1529201834138
17,278.0,331.28295006813596
18,309.99999999999994,329.9040304744225
19,320.0,324.3636451479171
20,348.0,322.445035732306
21,329.99999999999994,329.14078943706716
22,376.0,340.5992962684185
23,434.0,350.08536479293195
24,422.0,360.10216580807423
25,394.0,384.2061744452189
26,368.0,417.5939262949
27,388.0,435.3240296017598
28,362.0,427.1557500689357
29,349.99999999999994,418.51547012041357
30,386.0,415.48254322387805
31,368.0,404.18849469269435
32,363.99999999999994,393.7519302103198
33,349.99999999999994,392.1590959613289
34,328.0,391.9194979628399
35,328.0,386.31501040782314
36,320.0,379.7503478829581
37,346.0,378.45391215017025
38,408.0,379.53036261928526
39,380.0,395.2849498633024
40,354.0,417.2499817549004
41,329.99999999999994,467.33477218904056
42,343.99999999999994,488.8510035774448
43,343.99999999999994,472.72470831167544
44,332.0,419.8559283770202
45,324.00000000000006,410.6784844891146
46,326.0,392.499134935088
47,326.0,388.64523254373
48,332.0,387.5241227736919
49,309.99999999999994,391.58633618180846
50,304.00000000000006,389.9876435834569
51,304.00000000000006,405.9514333321788
52,309.99999999999994,404.9817916093782
53,316.0,392.91834652882983
54,316.0,375.5558970961574
55,294.0,385.2588943542426
56,274.0,382.2461320660137
57,264.0,397.96488998495556
58,254.0,404.26180896331635
59,238.0,379.81478972592527
60,222.0,327.2450190936012
61,222.0,329.4083631763436
