,y_actual,y_predict
0,276.0,300.6096948660485
1,286.0,301.47909951279087
2,280.0,296.54666039424444
3,274.0,313.45940900088056
4,258.0,311.65277666138354
5,268.0,288.42691382818253
6,262.0,282.3071633001338
7,262.0,278.5561796184445
8,266.0,271.84409486619734
9,262.0,268.23202211083907
10,280.0,273.06413235291586
11,284.0,273.1510132214083
12,280.0,275.89741256923173
13,268.0,278.7500097218617
14,264.0,282.332297342018
15,254.0,284.70611690813763
16,258.0,280.53632753678426
17,264.0,275.75653237776334
18,270.0,270.1024871433069
19,264.0,269.17510577623887
20,270.0,269.6584437662251
21,268.0,275.06354538480286
22,270.0,277.03113923789226
23,262.0,277.828730485581
24,264.0,278.17953174954914
25,268.0,278.67478897589285
26,264.0,276.68032501823245
27,256.0,274.61093829551214
28,254.0,274.48135546719993
29,262.0,276.62236125359846
30,260.0,274.0022928554723
31,262.0,270.8295605611113
32,266.0,269.5215021050314
33,264.0,271.0664165166405
34,262.0,273.26699257344296
35,262.0,273.492421608899
36,258.0,272.29281524798023
37,260.0,272.91791441647
38,258.0,272.4695438383628
39,278.0,271.8135971679523
40,286.0,269.46782667434775
41,290.0,273.8361749765862
42,290.0,283.4435588412831
43,294.0,288.09739876566584
44,290.0,289.7980017243483
45,282.0,290.711727792372
46,300.0,292.163970141302
47,304.0,291.9290834509101
48,298.0,295.12347766178164
49,300.0,298.6041537919907
50,300.0,299.0317693520059
51,288.0,299.08975902802325
52,284.0,297.7932440932417
53,288.0,298.3829224006431
54,286.0,296.17546687155175
55,274.0,292.96215735080864
56,274.0,289.90872106555565
57,270.0,289.78844042387897
58,264.0,286.5543240622771
59,268.0,284.02880630212553
60,264.0,279.6558069065694
61,262.0,275.72181112402643
62,264.0,271.6313494529086
63,262.0,271.4015673050436
64,262.0,274.0517706420475
65,258.0,273.82632865089965
66,264.0,272.72984959585614
67,266.0,271.289552394667
68,260.0,270.7986482807321
69,260.0,271.4131367377254
70,260.0,272.2017756024544
71,262.0,272.97186191667913
72,260.0,271.89265279866225
73,258.0,269.4491834340017
74,250.0,269.5991844324219
75,250.0,269.78404919718764
76,234.0,269.00734252450775
77,234.0,265.8881820152968
78,222.00000000000003,263.4785270059547
79,226.0,259.17752238913585
80,236.0,253.70350944644366
