,y_actual,y_predict
0,236.0,241.52641809920954
1,242.0,237.67436600785243
2,232.0,235.99537785824836
3,232.0,239.58372409984446
4,226.0,233.98983363160986
5,220.0,230.85882067827245
6,222.0,225.19660830917186
7,218.0,219.1159169447516
8,216.0,221.8938776171946
9,216.0,215.20549948537905
10,214.0,214.83857610630446
11,214.0,214.87238104522436
12,212.0,213.45955300393172
13,218.0,212.7316690642299
14,224.0,211.55545724196824
15,220.0,216.18677771824855
16,224.0,221.69279563600395
17,220.0,219.82084994730715
18,222.0,222.11087072888563
19,218.0,220.23203308044359
20,218.0,220.0912104370471
21,220.0,217.8235239690759
22,216.0,217.4227456890253
23,210.0,219.22830913897442
24,208.0,216.64504957941776
25,204.0,209.47124215005542
26,202.0,207.47017921395658
27,206.0,204.7771428208675
28,216.0,201.86579467467885
29,212.0,204.85797327052475
30,210.0,213.78176748025672
31,212.0,210.65234005747433
32,212.0,207.93219669988065
33,216.0,210.60635763211175
34,214.0,211.42014266034545
35,212.0,213.15189787860018
36,214.0,212.12618298520502
37,214.0,210.6063433572386
38,218.0,211.71251041615216
39,216.0,213.698916116413
40,216.0,216.10309739212747
41,214.0,215.33758386713157
42,216.0,215.48971832787672
43,220.0,214.8136684919009
44,220.0,214.54189631916842
45,220.0,217.84466250714726
46,218.0,218.2173972890503
47,220.0,217.17476361205442
48,220.0,217.41678490984555
49,216.0,217.42054328002286
50,216.0,217.47851048104042
51,216.0,215.19188941345098
52,214.0,215.45241094686264
53,216.0,216.1838228195036
54,218.0,215.36970742991952
55,218.0,216.2152876988584
56,218.0,216.9502738977762
57,216.0,219.01070807063167
58,216.0,216.85731694336616
59,214.0,215.99889081803042
60,212.0,216.61700251255192
61,214.0,215.2353135776158
62,212.0,211.26755446256044
63,212.0,212.45964198304804
64,212.0,211.7722262891323
65,212.0,212.20762113660552
66,212.0,212.5257264887269
67,206.0,210.69199871402526
68,200.0,209.6857771795693
69,194.0,205.27625356470818
70,188.0,199.62015319922494
71,182.0,194.18890655728558
72,178.0,189.49401089410185
73,179.0,185.1594415793234
74,184.0,182.01564139853247
75,182.0,183.2758435155896
76,181.0,186.55014866538085
