,y_actual,y_predict
0,63.0,50.85998465793085
1,59.0,58.55724861192432
2,57.00000000000001,70.26995895511226
3,58.0,69.32698742952508
4,54.99999999999999,65.04327173887731
5,53.0,58.43790088427383
6,52.00000000000001,58.143864211782976
7,56.0,55.46549482380212
8,54.0,53.60612493776544
9,54.0,56.224823468615455
10,54.99999999999999,58.30652637900955
11,54.0,58.26518433096213
12,53.0,55.96207445808689
13,53.0,56.68167865644186
14,53.0,57.36090896234733
15,52.00000000000001,56.03057296998625
16,51.0,55.06298263062364
17,51.0,54.67490858397052
18,51.0,53.96005496277299
19,52.00000000000001,52.482673573916856
20,51.0,52.45579973933883
21,53.0,53.21497203604319
22,53.0,53.54895565037827
23,53.0,55.671357176217434
24,52.00000000000001,57.618793141331125
25,51.0,56.467698229137234
26,50.0,55.91287892425766
27,51.0,54.65964058978981
28,51.0,53.11832485113874
29,51.0,53.56349602451335
30,51.0,51.910114772056936
31,51.0,52.21399536202468
32,51.0,51.72062086397399
33,50.0,53.46699917432907
34,50.0,52.90652728397101
35,51.0,52.06565708693614
36,50.0,51.25110749270906
37,50.0,51.75973194477405
38,50.0,51.51032664400798
39,50.0,52.036798834051844
40,50.0,51.65155108013797
41,50.0,50.325081696779726
42,50.0,50.01683538653816
43,50.0,50.81647177652414
44,50.0,50.89151886883422
45,50.0,50.92834486188766
46,50.0,50.94116540682396
47,50.0,50.946992380577846
48,50.0,51.281030115412186
49,50.0,51.242484293159976
50,50.0,51.094085884183364
51,50.0,50.87521055838992
52,50.0,50.94319793224069
53,50.0,50.96434702067455
54,50.0,50.94861599555571
55,50.0,50.91703969093069
56,50.0,50.90401469077495
57,50.0,50.94722690274131
58,50.0,50.95124384646432
59,50.0,50.94465317233196
60,50.0,50.947112648353986
61,50.0,50.9340515678654
62,50.0,50.94015515750441
63,50.0,50.94606030531278
64,50.0,50.94731109018461
65,50.0,50.94502600243799
66,50.0,50.945567207430614
67,50.0,50.948940718551285
68,50.0,50.95107547157773
69,50.0,50.95539308474108
70,50.0,50.94915118715952
71,50.0,50.94430439578117
72,50.0,50.95034183814329
73,50.0,50.95221801545104
74,50.0,50.95286746144219
75,50.0,50.95635522695019
76,50.0,50.954250540867775
77,50.0,50.95054629336272
78,50.0,50.94765385334661
79,50.0,50.94764182656899
80,50.0,50.948856531107985
81,50.0,50.95302380955116
82,50.0,50.95355298776617
83,50.0,50.95402804548192
84,50.0,50.95274118027724
85,50.0,50.95285543466457
86,50.0,50.9521819351182
87,50.0,50.95307191666162
88,50.0,50.95309597021685
89,50.0,50.95464141114022
90,50.0,50.95345076015646
