,y_actual,y_predict
0,6775.0,6736.251744401996
1,6800.0,6725.486655535533
2,6625.0,6711.301826812215
3,6575.0,6702.414235007066
4,6575.0,6683.810001379046
5,6550.0,6658.588733937923
6,6550.0,6628.8626930995415
7,6925.0,6595.924235886228
8,7075.0,6576.01642537686
9,7100.0,6599.121285932499
10,7125.0,6653.458819265166
11,7000.0,6738.861581174461
12,7025.0,6827.352609279511
13,7025.0,6857.035965871613
14,6975.0,6850.643329238946
15,6975.0,6832.145684271634
16,7000.0,6817.292786116561
17,7050.0,6809.152534486255
18,6975.0,6812.034086975032
19,6975.0,6806.190491704496
20,7100.0,6811.1030825862
21,7000.0,6818.64843777837
22,6950.0,6825.008634383867
23,6750.0,6828.777043555323
24,6850.0,6835.72530711955
25,6825.0,6816.343000659366
26,6750.0,6773.597532976062
27,6825.0,6743.186227052424
28,6750.0,6719.792577081962
29,6725.0,6712.044166832496
30,6775.0,6711.213287489934
31,6725.0,6699.920499384478
32,6725.0,6690.598991727159
33,6725.0,6683.161078880622
34,6725.0,6671.520841010458
35,6775.0,6670.297876377081
36,6700.0,6666.959236588154
37,6700.0,6666.883868404725
38,6725.0,6668.027562295014
39,6600.0,6666.530442845538
40,6625.0,6658.805691864009
41,6600.0,6645.732238958797
42,6500.0,6631.9492519254445
43,6425.0,6618.710184144672
44,6375.0,6592.700111832319
45,6500.0,6574.040144774159
46,6525.0,6553.857203808777
47,6550.0,6535.991773506346
48,6400.0,6532.905580545411
49,6400.0,6542.529536576361
50,6550.0,6546.412583437825
51,6500.0,6534.173790479845
52,6525.0,6522.314765358755
53,6525.0,6517.09960414843
54,6425.0,6527.385287951689
55,6450.0,6539.312363956846
56,6525.0,6535.054305503078
57,6450.0,6524.589225910459
58,6500.0,6517.1166778469415
59,6475.0,6509.772914252197
60,6500.0,6512.2759184539755
61,6500.0,6518.548673332096
62,6500.0,6519.001492207617
63,6500.0,6525.350103089124
64,6450.0,6523.876155087627
65,6400.0,6529.148147322997
66,6400.0,6530.560630009852
67,6450.0,6524.047867712657
68,6400.0,6511.012952584086
69,6400.0,6492.342131531872
70,6425.0,6481.430818633157
71,6350.0,6480.883728550854
72,6375.0,6481.55570054227
73,6375.0,6476.748234861401
74,6375.0,6470.559628925945
75,6400.0,6462.964394143123
76,6375.0,6456.641271854394
