,y_actual,y_predict
0,760.0,773.2529187049237
1,755.0,771.0389213190248
2,765.0,757.7468599690845
3,760.0,761.4504508244828
4,765.0,767.7994004426779
5,770.0,763.6053292120545
6,765.0,769.0765892414342
7,760.0,766.7820581478587
8,800.0,762.4990909961277
9,755.0,760.9810848106343
10,745.0,791.7175212714338
11,720.0,782.288722636007
12,720.0,728.8489970518989
13,705.0,717.895401535225
14,695.0,719.7041030964306
15,695.0,709.5208485556669
16,700.0,698.0693873397039
17,700.0,695.8686679635217
18,695.0,702.7407994801869
19,690.0,701.1032133392506
20,690.0,693.9627952372244
21,695.0,689.8149432111776
22,695.0,694.1522672783907
23,700.0,698.7065780926627
24,695.0,698.3683518917644
25,690.0,701.074032056053
26,680.0,695.0039165968172
27,680.0,690.5161798827484
28,680.0,684.6136848855504
29,675.0,689.6391395309656
30,680.0,688.469586546543
31,675.0,684.081638171149
32,675.0,687.0066067390171
33,665.0,682.3881326985073
34,670.0,681.7358618479938
35,665.0,674.5545357452777
36,665.0,680.6187939134031
37,670.0,676.1464568590422
38,675.0,675.9763688917716
39,700.0,679.6914852214076
40,700.0,681.8923866266642
41,710.0,702.02640008398
42,710.0,700.9075280390059
43,715.0,702.9835736794754
44,715.0,702.6422003981324
45,715.0,710.8595793619874
46,705.0,713.7085973097671
47,700.0,712.6729246871396
48,695.0,704.3121634437974
49,690.0,701.0081860721482
50,700.0,695.1695104684915
51,690.0,693.8400833704264
52,685.0,699.5170483893328
53,695.0,691.3406542828881
54,710.0,685.2642891587591
55,730.0,697.2781231329453
56,720.0,715.5172199917071
57,720.0,730.8289758369956
58,705.0,715.9603920217261
59,695.0,705.8400345938594
60,720.0,700.6084016833236
61,720.0,695.2248392169772
62,760.0,716.2043757030879
63,745.0,724.8196702239352
64,745.0,754.3898721914685
65,720.0,746.7690663415383
