,y_actual,y_predict
0,104.0,103.23586938410284
1,106.0,101.58600111905353
2,111.0,102.3204961663977
3,123.0,103.5981912765469
4,117.0,106.09704995798998
5,125.0,111.62035448719229
6,125.0,116.49706796451443
7,123.0,119.68184415301054
8,121.0,122.33503909639417
9,122.0,122.5344628564145
10,130.0,120.36184727514448
11,131.0,118.69844149360583
12,138.0,121.69960079042774
13,135.0,127.77952912904448
14,134.0,132.14730981156035
15,128.0,133.81356038971094
16,125.0,134.0043904016972
17,144.0,132.00005091553405
18,144.0,127.4471759817433
19,142.0,127.66271659181172
20,145.0,138.42215728248655
21,152.0,144.32463538669066
22,142.0,144.0171775074217
23,144.0,144.54278775748162
24,158.0,147.1056153401743
25,160.0,144.36788772714155
26,155.0,143.59309615777366
27,150.0,153.26600261727947
28,151.0,158.5915542098193
29,167.0,154.4132822697659
30,170.0,149.34103629208582
31,180.0,152.43193639083947
32,174.0,162.57548740883493
33,180.0,171.36619913538703
34,183.0,174.15966629501892
35,195.0,171.88598348821225
36,262.0,173.36911182634066
37,244.0,180.33483596193764
38,228.0,207.7398741414272
39,214.0,238.15362549807767
40,216.0,228.2570133785678
41,202.0,204.73875881364103
42,192.0,187.86583481472957
43,180.0,190.78513256082317
44,190.0,187.78679607609533
45,186.0,177.67171061183365
46,206.0,172.367725831321
47,210.0,175.4134873179908
48,236.0,182.64755447866838
49,224.0,194.2019487400466
50,266.0,204.64759341495153
51,260.0,211.50525924833028
52,294.0,215.0843563446383
53,284.0,225.04937548994212
54,282.0,231.3299477293208
55,276.0,237.6181354056885
56,274.0,238.838838950946
57,302.0,234.5861714024318
58,294.0,228.71256776399377
59,318.0,231.37126103529584
60,312.0,242.49507532354465
61,298.0,249.0426978983533
62,302.0,253.25964500223776
63,288.0,253.40015245282723
64,302.0,244.74978988833595
65,298.0,240.37800142821297
66,292.0,238.8784990211775
67,296.0,242.7987078967048
68,284.0,246.76149638643625
69,272.0,242.89786686609062
70,278.0,241.68321346014997
71,296.0,236.81389777309
72,286.0,228.63112831600847
73,278.0,233.71205817824588
74,290.0,242.51122075346592
75,306.0,240.868634310347
76,308.0,234.31695779044372
77,312.0,240.28749556505946
78,310.0,251.64149654917944
79,300.0,254.78097363861127
80,302.0,252.24589491436993
81,326.0,249.04779830649838
82,366.0,244.65613584222393
83,388.0,247.55325560669363
