,y_actual,y_predict
0,204.0,208.7190979766114
1,202.0,207.44728074393734
2,204.0,205.95049630136504
3,206.0,206.78513752307265
4,208.0,208.41285572599406
5,204.0,210.44957090801807
6,206.0,212.1157665309134
7,204.0,210.4855613481408
8,202.0,209.08942208203902
9,204.0,208.1307216784327
10,204.0,206.13060351698294
11,204.0,206.1658054025187
12,206.0,207.77357384836836
13,202.0,209.6094502428985
14,204.0,211.52179958290665
15,204.0,209.64268411185827
16,202.0,206.70564178501127
17,204.0,206.50661599908915
18,200.0,205.76246984096355
19,204.0,207.22399173995493
20,202.0,204.60983218744494
21,202.0,204.90147606852935
22,202.0,205.9611047194836
23,202.0,205.36205260535837
24,197.0,205.36507876783313
25,192.0,205.08495317554454
26,179.0,202.0328492768295
27,167.0,197.1331350217391
28,163.0,188.07299328628903
29,162.0,174.44673632472882
30,160.0,162.60755973026644
31,174.0,157.98118410619054
32,173.0,159.22274645390002
33,176.0,169.1913906907028
34,178.0,179.84204702804857
35,179.0,186.6566144524553
36,179.0,189.73645929715258
37,178.0,182.549606490525
38,178.0,183.65386598314456
39,179.0,183.0714611325218
40,180.0,181.50541868195302
41,179.0,181.43476553891807
42,179.0,182.47114193923125
43,175.0,184.26722665614253
44,177.0,183.28809123110324
45,177.0,180.4975043843811
46,175.0,178.56933340426284
47,167.0,178.66618408302008
48,170.0,178.48767419592446
49,171.0,174.16090213641328
50,171.0,169.76278273623933
51,167.0,169.66671387228627
52,166.0,172.3484262677457
53,165.0,172.19526470374026
54,166.0,167.91810418537955
55,164.0,165.09298943140112
56,163.0,164.6528411762223
57,168.0,164.80792357832416
58,166.0,165.51654434133985
59,167.0,167.92335447617648
60,161.0,170.77997097493648
61,162.0,171.7865103568183
62,161.0,168.57960038709598
63,162.0,163.71774349196238
64,159.0,162.06754137363842
65,158.0,161.75410103499655
66,158.0,161.7560016537446
67,159.0,159.83120056502355
68,158.0,158.82421635747733
69,157.0,158.98731236132187
70,149.0,160.94827912451828
71,144.0,162.00055467244368
72,150.0,158.6462928314848
73,149.0,152.93543897729126
74,147.0,149.4931083945564
75,146.0,149.28989046373607
