,y_actual,y_predict
0,146.0,131.06107719757762
1,151.0,133.38016395076164
2,150.0,139.1718561014963
3,151.0,147.0772118619775
4,149.0,152.8519207644959
5,146.0,156.90567379376535
6,147.0,154.42104174070903
7,147.0,150.9331508068713
8,144.0,148.9970114788227
9,134.0,148.02390996825002
10,128.0,147.5091661628753
11,133.0,144.64980863613866
12,133.0,138.44039354587687
13,134.0,134.41603177132458
14,134.0,133.72108534449356
15,138.0,135.97799416438482
16,139.0,137.02669595166194
17,140.0,138.08646044663678
18,140.0,139.79655280221579
19,142.0,141.1499785584809
20,144.0,142.40877372923194
21,144.0,143.04254123737115
22,147.0,144.2619212983138
23,148.0,145.08791024774047
24,147.0,146.3655273438875
25,149.0,148.23185822834765
26,151.0,149.03139474208268
27,154.0,149.5490007549338
28,149.0,150.21345578520183
29,141.0,152.70588076503802
30,138.0,153.38318814879202
31,142.0,150.343817997241
32,145.0,145.20670105139553
33,146.0,141.80041673971587
34,148.0,142.4963315365282
35,146.0,145.6335193140381
36,146.0,148.23924358168603
37,142.0,148.7434885403648
38,138.0,148.51129425719114
39,136.0,146.97712653416372
40,135.0,143.96889131618855
41,134.0,141.05141320380233
42,131.0,138.2553858480577
43,130.0,137.0748141334541
44,127.0,135.64844192454723
45,125.0,133.94015760152826
46,125.0,132.1089577090478
47,124.0,130.18358690034816
48,116.0,128.73518120990482
49,108.0,127.44521433203433
50,108.0,125.19477152689159
51,109.0,120.5258737248511
52,102.0,115.53953443666316
53,95.00000000000001,112.67376605549337
54,88.99999999999999,110.9212186438356
55,83.0,107.39374711924337
56,78.0,101.38606556021193
57,73.0,94.47868248362053
58,73.0,89.18069354240114
