,y_actual,y_predict
0,138.0,141.00872973760258
1,140.0,139.36796651758155
2,143.0,139.35643812323227
3,142.0,140.2696759780446
4,141.0,143.4909318542897
5,142.0,141.5316600680651
6,140.0,142.3118458785123
7,140.0,145.49213903638977
8,139.0,144.82247813798492
9,140.0,144.08774235772805
10,141.0,144.39467921196055
11,143.0,144.35803053492842
12,143.0,144.47589975284998
13,143.0,144.16237862010271
14,142.0,142.93179783691
15,142.0,145.67875528910295
16,141.0,146.28375282306297
17,137.0,146.69526629227047
18,140.0,145.2384277254621
19,139.0,143.27506439295948
20,140.0,142.99647104626888
21,139.0,142.45002515411323
22,137.0,141.754092118082
23,137.0,142.0864170366594
24,137.0,142.54402833140153
25,137.0,142.26970964639025
26,132.0,141.91325287450033
27,130.0,142.1686456967473
28,129.0,138.44852833590227
29,129.0,135.84783677170864
30,128.0,134.9344965297902
31,125.0,134.8571194433448
32,123.0,134.5319123976235
33,122.0,135.23583753487824
34,120.0,133.92208691781477
35,117.0,132.5932243576888
36,116.0,130.24930784167432
37,115.0,128.91269536521042
38,113.0,126.91378007910053
39,110.0,125.4446432456644
40,103.0,123.43957685725782
41,96.0,121.96487567840221
42,90.0,118.71445129081806
43,90.0,114.13960636832606
44,89.00000000000001,110.49279817544215
45,89.00000000000001,109.14626596358427
46,89.00000000000001,106.69759168617631
