,y_actual,y_predict
0,1000.0,1031.0707330226392
1,995.0,1025.0420077652695
2,995.0,1020.429002623391
3,1000.0,1015.7217845523871
4,1000.0,1009.6345151056862
5,1015.0,1009.3136904219713
6,985.0,1011.9769593339302
7,1005.0,1018.4288736411966
8,1005.0,1019.9744709145732
9,995.0,1018.4897635678105
10,1010.0,1015.1522124739953
11,1005.0,1011.9551800654687
12,1005.0,1017.9214275125253
13,1000.0,1016.9869489336402
14,1005.0,1017.5314216231092
15,1005.0,1017.930729263057
16,1010.0,1015.6410280354037
17,1010.0,1015.7255016437732
18,1010.0,1016.1692429610916
19,1020.0,1018.7734353817972
20,1025.0,1019.459617669329
21,1025.0,1021.9907945060834
22,1005.0,1024.7513348277012
23,1010.0,1027.4388460322682
24,1015.0,1027.1114983944944
25,1010.0,1023.1635368384057
26,1015.0,1020.5352825664215
27,1015.0,1020.7810436570963
28,1020.0,1022.9762116722646
29,1015.0,1022.1140720223456
30,1010.0,1021.6672812465599
31,1000.0,1022.4707864864829
32,1000.0,1022.3890375421876
33,1005.0,1019.6527620683439
34,1005.0,1016.0003408546847
35,1005.0,1015.7617432847879
36,1010.0,1016.8850356707818
37,1010.0,1018.169714781812
38,1000.0,1017.5938272568903
39,1000.0,1017.2980568517658
40,1000.0,1017.0328983181779
41,1000.0,1016.3877393668905
42,1000.0,1013.628565888343
43,995.0,1012.5166954385018
44,985.0,1013.0728065937186
45,990.0,1012.3575552080167
46,985.0,1010.3890756350031
47,990.0,1008.1516482604837
48,990.0,1006.0546854388541
49,995.0,1005.2967596787436
50,990.0,1006.7361130973555
