,y_actual,y_predict
0,1685.0,1674.3014378657401
1,1695.0,1670.6195280948473
2,1695.0,1716.943929004209
3,1680.0,1712.393790243865
4,1720.0,1679.248726025472
5,1640.0,1669.043625332034
6,1565.0,1673.720020058132
7,1560.0,1696.4005513499183
8,1475.0,1679.775076648507
9,1515.0,1670.332418169662
10,1485.0,1631.2836829136852
11,1575.0,1565.2891557422638
12,1665.0,1576.3948024255455
13,1685.0,1582.7003254341896
14,1675.0,1630.4179106488969
15,1700.0,1609.4484546957913
16,1725.0,1630.321673117113
17,1770.0,1626.662425664712
18,1750.0,1668.2922120187168
19,1755.0,1683.8953940316871
20,1690.0,1708.6477104030243
21,1660.0,1697.7466923654047
22,1615.0,1715.9751992397466
23,1640.0,1749.482907122823
24,1615.0,1745.4748096009168
25,1580.0,1708.0989680878195
26,1490.0,1630.3608190388502
27,1505.0,1628.7723339093807
28,1525.0,1626.3802221595972
29,1495.0,1610.1020207779031
30,1455.0,1597.1989654446145
31,1455.0,1548.7010977658313
32,1500.0,1526.4065780187027
33,1500.0,1536.0372620426272
34,1495.0,1547.4844321149417
35,1500.0,1520.4860191957039
36,1450.0,1532.9549899086014
37,1440.0,1540.030117942801
38,1420.0,1563.5573300424826
39,1395.0,1539.9104097281872
40,1395.0,1517.7872351037495
41,1395.0,1490.907377601287
42,1325.0,1482.1636590463233
43,1300.0,1485.0071333255714
44,1345.0,1479.9854897052298
45,1315.0,1451.2221714116383
46,1280.0,1434.986869573913
47,1275.0,1457.6219989069095
48,1220.0,1446.167518409275
49,1190.0,1388.2894190663264
50,1170.0,1377.2256526850217
51,1150.0,1360.3684304717135
52,1140.0,1356.3873415446026
53,1070.0,1320.9895029859497
54,1045.0,1307.9445551089032
55,1080.0,1283.0070635554357
56,1155.0,1264.7636722333868
57,1095.0,1248.1259877158404
58,1140.0,1249.4769543149635
59,1105.0,1241.260992234058
