,y_actual,y_predict
0,344.0,343.56412905157896
1,338.0,341.82161946438623
2,340.0,340.5823680012219
3,340.0,343.6954615103524
4,338.0,343.61561045094857
5,336.0,347.05076604771796
6,336.0,347.321664522403
7,342.0,347.62523721857355
8,344.0,346.1686198469597
9,344.0,347.9229453108877
10,338.0,347.71898421125275
11,336.0,345.5342314918771
12,330.0,345.7383803743941
13,326.0,347.10600310472955
14,324.0,347.45308365019895
15,318.0,347.4209727773598
16,322.0,346.0216002951124
17,324.0,344.44550967597166
18,328.0,340.98530673169756
19,330.0,339.58518311792176
20,322.0,339.29878533304486
21,326.0,336.04122900823097
22,326.0,335.6615753551357
23,330.0,335.7773651692061
24,324.0,336.6743028831389
25,332.0,335.2035440160193
26,328.0,332.125825912909
27,332.0,333.40851300118686
28,332.0,334.0989328793208
29,334.0,333.446084022444
30,342.0,332.1213913479241
31,340.0,333.13003098703234
32,334.0,334.3206755734069
33,330.0,336.5018170835114
34,330.0,339.4178974596447
35,330.0,337.6203674879966
36,338.0,337.6450248249
37,336.0,339.88001668765605
38,338.0,338.6840419563973
39,380.0,336.9075725572186
40,368.0,337.76543698683747
41,372.0,341.38888103500494
42,372.0,348.31276812929053
43,382.0,349.16527352435105
44,380.0,347.0353822962228
45,354.0,329.74300558742897
46,334.0,350.9565488815415
47,340.0,380.71617780905444
48,330.0,384.38052241342706
49,334.0,359.48064947289913
50,334.0,338.96372289202986
51,342.0,310.84501301249344
52,334.0,326.6016146424497
53,332.0,317.1622602837359
54,332.0,319.0139583944514
55,332.0,325.1872917538197
56,330.0,318.148510425363
57,330.0,323.96447851525767
58,332.0,329.9465333419514
59,330.0,329.0812876005822
60,332.0,334.0287887504378
61,332.0,329.90756117149704
62,332.0,335.04934538014095
63,334.0,334.5373914641875
64,332.0,337.42661888818054
65,332.0,336.6155412858787
66,336.0,338.46989724661773
67,332.0,335.6062805187758
68,334.0,339.67323884478964
69,330.0,340.35117838368245
70,330.0,339.1732019194311
71,332.0,339.0150598430286
72,332.0,340.1037961037711
73,332.0,340.4065598890649
74,330.0,341.9247267114963
75,324.0,340.39589959929646
76,324.0,337.38446885356757
77,328.0,338.6144611761606
78,332.0,338.83818281292736
79,334.0,337.75750677127803
80,330.0,337.52178147489406
81,330.0,337.05037421663724
82,334.0,337.5523756398393
83,380.0,336.51379185345456
84,372.0,337.0893897216028
85,358.0,339.2821882152346
