,y_actual,y_predict
0,344.0,347.4427411468464
1,338.0,348.5853277602404
2,340.0,349.1941631985203
3,340.0,351.0321098243312
4,338.0,350.04401074355724
5,336.0,350.7349650806633
6,336.0,350.4935340736308
7,342.0,350.4908617787702
8,344.0,350.27049134420713
9,344.0,350.6891171677567
10,338.0,351.8612145833146
11,336.0,352.01970333580715
12,330.0,347.2930059656271
13,326.0,343.9577797518092
14,324.0,342.8425372150164
15,318.0,346.7462544371369
16,322.0,344.18466480789743
17,324.0,338.31159627700725
18,328.0,337.8257586265029
19,330.0,341.7233656825366
20,322.0,335.8153839804129
21,326.0,330.51190426544366
22,326.0,334.66621052130824
23,330.0,332.1264470409037
24,324.0,329.4873897503794
25,332.0,330.7667545261278
26,328.0,332.94747713595683
27,332.0,333.7896111379906
28,332.0,335.43040018243335
29,334.0,334.14314852563683
30,342.0,333.2720381804113
31,340.0,334.2726464901005
32,334.0,333.6136152429515
33,330.0,335.331843059005
34,330.0,339.34172983369746
35,330.0,338.99028694742844
36,338.0,332.6444533435955
37,336.0,329.6887796690133
38,338.0,337.41574192585574
39,380.0,339.1046467226274
40,368.0,312.92421730729177
41,372.0,322.9766249967142
42,372.0,328.3241181302802
43,382.0,372.0724956338917
44,380.0,357.30142190370833
45,354.0,319.9527139117442
46,334.0,334.0318655007369
47,340.0,370.71599542811146
48,330.0,343.4269897682975
49,334.0,403.97404111640594
50,334.0,370.3003380185828
51,342.0,352.20562283392337
52,334.0,364.92149958854316
53,332.0,349.13226707161266
54,332.0,332.07292891950516
55,332.0,347.0448436645132
56,330.0,339.26184988461944
57,330.0,337.42807781672605
58,332.0,340.96909962448865
59,330.0,343.3088887802936
60,332.0,339.66422526644885
61,332.0,341.3926944719953
62,332.0,337.5980213250267
63,334.0,339.39204120126317
64,332.0,339.5393640946893
65,332.0,339.66920873524305
66,336.0,341.31498124848
67,332.0,341.2898616767899
68,334.0,341.1190948127754
69,330.0,341.346210986257
70,330.0,342.01213242069537
71,332.0,342.86557673016637
72,332.0,342.77117971981835
73,332.0,342.6576288554961
74,330.0,342.41339555006925
75,324.0,340.24038648324336
76,324.0,340.4308849947154
77,328.0,340.98426670342747
78,332.0,340.78058005569716
79,334.0,339.22500110521656
80,330.0,338.2706740535465
81,330.0,337.8780344919122
82,334.0,339.89167367118336
83,380.0,339.98462619782293
84,372.0,328.65032588616236
85,358.0,334.179881746343
