,y_actual,y_predict
0,344.0,345.5725247549884
1,338.0,346.1518349462674
2,340.0,346.48566957613025
3,340.0,346.6128852563345
4,338.0,345.47603324326315
5,336.0,344.3244763860396
6,336.0,343.434587752604
7,342.0,343.25411395806873
8,344.0,342.5187561917645
9,344.0,339.8939848451169
10,338.0,340.8745003864214
11,336.0,342.45165992350644
12,330.0,344.36001068526775
13,326.0,342.95038236869027
14,324.0,340.41919912151394
15,318.0,338.4160035594549
16,322.0,334.6852199269116
17,324.0,329.69311312013866
18,328.0,329.18791938794095
19,330.0,327.8043784471382
20,322.0,325.9596138582234
21,326.0,324.69476614374514
22,326.0,330.40875368382234
23,330.0,330.9228454356642
24,324.0,331.70347332139164
25,332.0,330.45415380677935
26,328.0,330.5734681610984
27,332.0,330.58850523650347
28,332.0,331.2308093623085
29,334.0,331.5780488009858
30,342.0,332.1394040597686
31,340.0,335.477952586116
32,334.0,333.15077377308586
33,330.0,332.76339213215033
34,330.0,333.3056946508185
35,330.0,334.8271548961052
36,338.0,338.8332571234815
37,336.0,332.5661478817598
38,338.0,331.0299105681355
39,380.0,335.27410704517774
40,368.0,336.463509375563
41,372.0,322.54407435021506
42,372.0,317.528234676112
43,382.0,321.1190767269795
44,380.0,321.4593681990191
45,354.0,356.9908506839703
46,334.0,364.74603815247616
47,340.0,359.2050203140688
48,330.0,352.4914139356427
49,334.0,349.1203934155291
50,334.0,322.7884521040128
51,342.0,327.84293171731713
52,334.0,334.92107522682943
53,332.0,331.3948160425673
54,332.0,334.3436139746973
55,332.0,336.5740268240975
56,330.0,336.1519920189959
57,330.0,332.6739497009223
58,332.0,335.053967728008
59,330.0,333.16919094036876
60,332.0,332.42799745988236
61,332.0,332.64511780610144
62,332.0,333.4051762438203
63,334.0,334.0194140511699
64,332.0,334.3129475855666
65,332.0,334.2707975509537
66,336.0,335.6021781850437
67,332.0,335.7899899568181
68,334.0,336.2150726225445
69,330.0,336.4666005706991
70,330.0,334.797759652638
71,332.0,334.1486953430773
72,332.0,335.035536115888
73,332.0,334.8084343872435
74,330.0,334.31365538258376
75,324.0,333.68188154301345
76,324.0,334.0928949374194
77,328.0,333.3667529771752
78,332.0,331.9143534979901
79,334.0,330.84672114422824
80,330.0,328.6372099740895
81,330.0,330.9796136454068
82,334.0,332.82157593592717
83,380.0,335.5091534342188
84,372.0,332.0350690015064
85,358.0,325.63031490720516
