,y_actual,y_predict
0,344.0,348.53579641387716
1,338.0,349.27592097641934
2,340.0,351.05629048161086
3,340.0,354.93744486820515
4,338.0,351.81288215842943
5,336.0,349.3372104201694
6,336.0,349.17096479016243
7,342.0,348.0560111501113
8,344.0,346.2086898250325
9,344.0,345.6986570724114
10,338.0,345.33724724855404
11,336.0,346.3458724428252
12,330.0,347.3704302924007
13,326.0,347.9052648302961
14,324.0,348.06048904960755
15,318.0,346.62373332898505
16,322.0,345.7089417964156
17,324.0,344.32334968874693
18,328.0,342.9267650600569
19,330.0,342.54121791343107
20,322.0,342.0080878663117
21,326.0,341.462968604412
22,326.0,341.33799187395584
23,330.0,341.2640343080825
24,324.0,340.8616444814161
25,332.0,340.4877976528288
26,328.0,339.09176192794797
27,332.0,338.69324331762016
28,332.0,339.738500618738
29,334.0,341.6875424865667
30,342.0,342.57077205010626
31,340.0,342.7871268199598
32,334.0,341.9630199746076
33,330.0,341.6317565257459
34,330.0,344.11756853963936
35,330.0,344.43919728216565
36,338.0,342.8989731935061
37,336.0,339.8352665823679
38,338.0,342.2637903723837
39,380.0,342.27062278032474
40,368.0,341.5489731644139
41,372.0,330.90802503281543
42,372.0,327.2379241608646
43,382.0,354.3848142910215
44,380.0,371.9034404830718
45,354.0,360.79263069078456
46,334.0,352.7216935284458
47,340.0,367.931131952055
48,330.0,358.475368258413
49,334.0,346.2377239475726
50,334.0,362.00182967039433
51,342.0,366.8815050877191
52,334.0,360.45130641289336
53,332.0,350.2387560371322
54,332.0,353.8213645308614
55,332.0,358.6985915483003
56,330.0,355.8134809028765
57,330.0,344.88422826790594
58,332.0,335.47230465481584
59,330.0,342.6637968009312
60,332.0,332.1237314115318
61,332.0,336.734220067366
62,332.0,349.7035603783097
63,334.0,342.042452133736
64,332.0,351.1146042889215
65,332.0,355.0465322778682
66,336.0,352.4080672256644
67,332.0,347.8317839440466
68,334.0,347.0552583920512
69,330.0,338.99696046216155
70,330.0,339.941277241732
71,332.0,342.88985850130564
72,332.0,343.86602614664764
73,332.0,344.944665466268
74,330.0,346.82084757584187
75,324.0,345.32394355359907
76,324.0,343.08034256794065
77,328.0,344.18131360569384
78,332.0,344.5197850282608
79,334.0,342.6038218373559
80,330.0,341.4253975831549
81,330.0,341.3475110215946
82,334.0,340.8328125865952
83,380.0,342.3866437117885
84,372.0,342.94119545230444
85,358.0,337.76832595425446
