,y_actual,y_predict
0,640.0,631.9347011792139
1,630.0,634.2583295756342
2,630.0,629.940612261068
3,635.0,636.2075147748983
4,650.0,623.0407131315859
5,640.0,639.5028494254451
6,630.0,643.8092919528799
7,625.0,632.7731394494481
8,620.0,628.1728308702222
9,620.0,622.1702995650473
10,620.0,617.0855960645606
11,625.0,614.4533241286825
12,620.0,611.7126188067001
13,605.0,610.8872141903898
14,595.0,611.671307986651
15,630.0,605.904840657907
16,630.0,601.7678205984323
17,660.0,604.5601343793772
18,680.0,614.7452659501364
19,675.0,628.2905095817744
20,670.0,636.9859711775938
21,670.0,648.612291138628
22,665.0,649.4241058781827
23,670.0,650.7477959534997
24,665.0,653.2776477230768
25,660.0,652.5241461825653
26,660.0,658.125505528558
27,650.0,656.6553183857814
28,655.0,657.0367218848598
29,675.0,651.9185397831179
30,670.0,650.8042300213544
31,650.0,654.0456411233145
32,650.0,659.3812011209484
33,660.0,652.3513713445649
34,665.0,647.4578130685779
35,630.0,646.8322578124328
36,645.0,648.7580064875133
37,650.0,635.1187160981507
38,635.0,632.8781302672149
39,640.0,636.4662786560871
40,640.0,641.0832288211187
41,640.0,635.4924377089304
42,640.0,634.5185666956747
43,625.0,630.2431824485244
44,625.0,631.1106044382108
45,615.0,627.2039808955024
46,615.0,624.412448833132
47,625.0,617.3230731476455
48,615.0,614.0053392533312
49,615.0,613.7856763339138
50,605.0,614.5060901324572
51,610.0,609.4847208695496
52,615.0,607.293278077457
53,610.0,604.5673652761908
54,620.0,604.5641331705465
55,615.0,608.1764096038796
56,610.0,609.1232211280201
57,605.0,610.3205133230701
58,605.0,604.4422301720825
59,575.0,604.2837367311151
60,575.0,597.2879868779671
61,570.0,587.1920764560405
62,570.0,577.9593637368885
63,595.0,576.6981209492294
