,y_actual,y_predict
0,640.0,648.8166053144972
1,630.0,651.042353525568
2,630.0,636.3990809247844
3,635.0,639.9162582869271
4,650.0,659.7116125160944
5,640.0,642.6846093869556
6,630.0,666.5791454899849
7,625.0,643.8599533297233
8,620.0,640.1522320650611
9,620.0,667.2488528125363
10,620.0,668.5614334642665
11,625.0,648.6287823939388
12,620.0,633.5805795715958
13,605.0,651.4795446713724
14,595.0,645.7977134113611
15,630.0,607.6939840121044
16,630.0,604.0990557179039
17,660.0,613.9949965152693
18,680.0,639.6091481185192
19,675.0,667.1746496801626
20,670.0,673.751714071451
21,670.0,679.9019375715216
22,665.0,664.4085836036594
23,670.0,647.936269935283
24,665.0,654.3160706509217
25,660.0,655.7119644630277
26,660.0,668.8522027078587
27,650.0,671.4886087323516
28,655.0,660.0014346775675
29,675.0,662.4674861850308
30,670.0,677.9035943003648
31,650.0,688.5044498222304
32,650.0,689.918616306014
33,660.0,669.3856053705172
34,665.0,663.7809537866822
35,630.0,664.8329515582332
36,645.0,657.2540546816034
37,650.0,622.4540934736676
38,635.0,632.3942915687859
39,640.0,646.6662328136616
40,640.0,651.4329722839954
41,640.0,637.039819560933
42,640.0,640.9692482397458
43,625.0,647.7539641438942
44,625.0,647.0528377478702
45,615.0,640.2384616370415
46,615.0,625.2151234785855
47,625.0,608.6628941190222
48,615.0,612.2573714217374
49,615.0,627.8131050285348
50,605.0,630.9113263339269
51,610.0,617.0628360276048
52,615.0,611.6536291204291
53,610.0,620.5870789230166
54,620.0,627.6070921180711
55,615.0,622.6169765650916
56,610.0,621.3534788200063
57,605.0,620.6807648875532
58,605.0,615.9343200340559
59,575.0,608.2864515262814
60,575.0,595.4654400877621
61,570.0,581.5492409264541
62,570.0,575.5052635037844
63,595.0,585.6782483705408
