,y_actual,y_predict
0,129.0,130.37590219390606
1,130.0,130.23421354603954
2,131.0,130.39291243642074
3,132.0,129.9977776029271
4,131.0,130.0012006550825
5,132.0,129.78487208789488
6,132.0,129.78281698913983
7,133.0,129.81848472182773
8,135.0,130.16245574428962
9,135.0,129.5808899565098
10,134.0,129.45228060895784
11,131.0,129.59883676275228
12,130.0,129.55976589516564
13,130.0,129.83804935250868
14,130.0,130.06168619489455
15,131.0,130.33420541709515
16,131.0,130.38340918900593
17,130.0,130.44740107131943
18,129.0,129.33813979037222
19,128.0,128.95320621360622
20,130.0,129.26151810401376
21,130.0,129.28724667296504
22,129.0,129.97792779334404
23,129.0,130.67826651987693
24,129.0,130.7486477675929
25,129.0,130.70361666095172
26,129.0,131.03569164921043
27,129.0,131.44444264361852
28,129.0,131.29361876492044
29,129.0,130.7377761141128
30,130.0,129.88853280815965
31,130.0,130.0364650633231
32,130.0,129.02898956452543
33,128.0,128.8540074114975
34,130.0,128.5825741324496
35,130.0,128.37721544703058
36,130.0,128.51859356675922
37,130.0,128.99037271985753
38,129.0,129.11607595859732
39,128.0,129.3137330029991
40,128.0,128.8826411839311
41,129.0,128.46502519965105
42,129.0,129.0230650859999
43,128.0,128.76968861077103
44,129.0,128.6511103179353
45,128.0,128.4409986508141
46,128.0,128.3318095338323
47,129.0,128.2338157257513
48,129.0,128.55087672381023
49,127.0,128.44637902610097
50,128.0,128.18454133811238
51,127.0,128.13943599442365
52,128.0,127.64472755226417
53,128.0,127.89520878263902
54,128.0,128.01474038780475
55,127.0,128.1247714615452
56,128.0,127.73990850050733
57,128.0,127.33036262649267
58,127.0,127.1587347205517
59,127.0,127.21213741229766
60,127.0,126.79555350404439
61,128.0,126.57252640131117
62,128.0,126.56540688738623
63,128.0,126.17383633750427
64,128.0,126.38931570529445
