,y_actual,y_predict
0,400.0,443.86358693767573
1,408.0,434.4906978471316
2,400.0,435.48667975331125
3,396.0,429.07829700968404
4,400.0,416.245477466746
5,406.0,413.33624840833284
6,396.0,413.1852772395275
7,392.0,407.9366142603279
8,388.0,407.14836688112774
9,380.0,406.4225119118843
10,370.0,400.0737295685297
11,372.0,396.04693108543586
12,365.99999999999994,402.6033128585273
13,382.0,398.88314008412715
14,396.0,386.4418323507621
15,398.0,381.15394613874236
16,408.0,379.93307235575026
17,408.0,378.60659756131935
18,408.0,381.3082947386172
19,418.0,384.2463445421565
20,420.0,384.58190357701193
21,418.0,382.1336488271672
22,418.0,384.522235628118
23,418.0,383.36053443746295
24,420.0,387.3429309600968
25,408.0,385.6233231891796
26,416.0,384.91818313049555
27,412.0,388.30489087730336
28,416.0,388.47921135290227
29,424.0,387.5787882297815
30,408.0,384.3148838766596
31,410.0,387.1388440586723
32,420.0,390.7644712793344
33,416.0,392.89319853380016
34,412.0,396.86904284015924
35,416.0,400.1877966738493
36,416.0,400.48809532833945
37,420.0,399.72524623078175
38,430.0,401.88952657630546
39,430.0,400.3010757119193
40,430.0,400.5175915596795
41,434.0,404.67809128071
42,426.0,403.4101361086095
43,424.0,401.4195457848851
44,424.0,402.7667580060825
45,418.0,400.98820280489946
46,416.0,404.73167985367894
47,414.0,403.42173195528136
48,420.0,404.2449244879469
49,414.0,403.9224023370196
50,416.0,406.61018449831124
51,416.0,406.793331327105
52,432.0,405.33072354436734
53,418.0,404.04322430447814
54,416.0,408.6421370945331
55,422.0,409.5594473730012
56,420.0,406.54961590113203
57,418.0,408.0294710985312
58,418.0,407.24883419734095
59,416.0,406.83685515548694
60,416.0,407.20112235443287
61,416.0,406.636686074103
62,410.0,405.6814810190354
63,408.0,404.9709821030545
64,406.0,403.4648054595207
65,408.0,405.17365048342987
66,410.0,403.7365310471631
67,408.0,403.1271073849879
68,414.0,400.5242563569899
69,408.0,402.6903605152911
70,410.0,401.799596845029
71,406.0,401.9354371226431
72,406.0,399.9713033422962
73,404.0,399.76464959325887
74,400.0,400.43673585987636
75,400.0,399.17251837815934
76,398.0,398.4943077032026
77,400.0,396.73342772461643
78,380.0,396.270021665678
79,380.0,395.447977459576
80,380.0,395.0570961038026
81,388.0,392.3204537730394
82,386.0,393.08472139164627
83,388.0,392.41177950915784
84,382.0,389.81397211155695
