,y_actual,y_predict
0,400.0,434.30304777691185
1,408.0,434.31068077112883
2,400.0,436.58722692540175
3,396.0,432.54541013215237
4,400.0,428.06686898541335
5,406.0,426.38839832492226
6,396.0,424.2790800410024
7,392.0,422.8933200731987
8,388.0,422.9005702918945
9,380.0,421.7610025328481
10,370.0,420.7320118670161
11,372.0,420.0351352563488
12,365.99999999999994,418.05118721372764
13,382.0,415.6699857287154
14,396.0,413.9614784479132
15,398.0,411.2674142648324
16,408.0,407.6131013962869
17,408.0,409.66387754166925
18,408.0,410.378001566998
19,418.0,410.6898735519529
20,420.0,411.3838680881077
21,418.0,413.6383033269791
22,418.0,416.3917202320541
23,418.0,418.048642882322
24,420.0,417.3049100446175
25,408.0,418.92866632178317
26,416.0,421.1036193494864
27,412.0,422.2561789600467
28,416.0,422.84459500096983
29,424.0,423.9918407866475
30,408.0,424.88235677863116
31,410.0,424.5155002158653
32,420.0,425.75708890941684
33,416.0,424.4952581456556
34,412.0,425.0425821085668
35,416.0,425.45021552244475
36,416.0,425.7432864744463
37,420.0,424.92284091905054
38,430.0,424.3854691196907
39,430.0,424.1474728103287
40,430.0,425.2337447070989
41,434.0,426.3852910883383
42,426.0,427.789446797367
43,424.0,429.1281929246837
44,424.0,430.097222930929
45,418.0,429.59936707508194
46,416.0,428.31576313902616
47,414.0,429.15025880767087
48,420.0,429.79814015162384
49,414.0,430.0255763598419
50,416.0,428.90996584518166
51,416.0,429.09583713503815
52,432.0,428.66269285848216
53,418.0,429.03549369993027
54,416.0,428.4184145273309
55,422.0,428.5594335325849
56,420.0,428.9292397184848
57,418.0,428.667691456465
58,418.0,428.4639422981474
59,416.0,428.6229067204838
60,416.0,427.6917264584237
61,416.0,428.0897904842715
62,410.0,427.5029730940546
63,408.0,427.4952950674233
64,406.0,426.6257641804846
65,408.0,426.3559524704482
66,410.0,425.63383519158833
67,408.0,425.1971108380987
68,414.0,424.6029081319432
69,408.0,424.587957370409
70,410.0,424.34435452547166
71,406.0,424.1907939928464
72,406.0,423.69496459564107
73,404.0,423.6091102978551
74,400.0,423.09787981497294
75,400.0,422.8798553813351
76,398.0,422.53747393571933
77,400.0,421.95315584449384
78,380.0,421.75913368765634
79,380.0,420.9743538043542
80,380.0,419.223876313462
81,388.0,418.09268458346787
82,386.0,417.590348002402
83,388.0,416.2180076940477
84,382.0,414.33218528209824
