,y_actual,y_predict
0,276.0,301.5824081983499
1,286.0,294.46493985303255
2,280.0,336.0263712659651
3,274.0,350.7914548606725
4,258.0,290.7746924539995
5,268.0,283.2969263227031
6,262.0,306.1942328145727
7,262.0,262.9212638391689
8,266.0,215.348521037657
9,262.0,274.1820919447861
10,280.0,310.0809273667449
11,284.0,266.1947007250586
12,280.0,269.69461605743163
13,268.0,268.75056071515485
14,264.0,266.2964676833062
15,254.0,269.69804931573026
16,258.0,265.33607521380475
17,264.0,262.43647481171297
18,270.0,264.4838239028637
19,264.0,263.59915745130706
20,270.0,267.01368181973237
21,268.0,266.90118754876306
22,270.0,264.7106910200977
23,262.0,264.7489750890502
24,264.0,264.78049628693896
25,268.0,263.0867598448537
26,264.0,264.1939921240023
27,256.0,262.9124151017426
28,254.0,265.9911149857967
29,262.0,263.66976597103326
30,260.0,263.47650591805063
31,262.0,264.07735203169125
32,266.0,263.3952219083695
33,264.0,262.187712575518
34,262.0,263.59987001435024
35,262.0,261.6702622493044
36,258.0,261.82609330898634
37,260.0,264.4099505488309
38,258.0,260.5788877367879
39,278.0,259.3323947276325
40,286.0,262.9224557628046
41,290.0,269.8239915946767
42,290.0,273.6150860978472
43,294.0,272.84341918923593
44,290.0,270.37081247395815
45,282.0,284.17497241580463
46,300.0,268.9696414616815
47,304.0,268.4584616902472
48,298.0,287.11965862498755
49,300.0,287.4291830552222
50,300.0,283.4134886808639
51,288.0,289.84525113195224
52,284.0,289.6430257403181
53,288.0,279.36745207656094
54,286.0,281.6117665485185
55,274.0,286.6104869857657
56,274.0,285.7417042122246
57,270.0,282.19830957853026
58,264.0,282.2887791736216
59,268.0,280.75542123900254
60,264.0,275.15677454222487
61,262.0,273.15031361405687
62,264.0,275.7354923344541
63,262.0,273.41108577645116
64,262.0,267.2628197709864
65,258.0,267.8047304431162
66,264.0,267.3478350198751
67,266.0,265.16521555175905
68,260.0,264.60967549196835
69,260.0,262.3893420053343
70,260.0,262.3593884461403
71,262.0,264.37256042260526
72,260.0,262.0394476397847
73,258.0,261.3237881863617
74,250.0,265.3312297851116
75,250.0,261.25194887592465
76,234.0,260.224070208395
77,234.0,259.837912861797
78,222.00000000000003,258.03755107707934
79,226.0,257.5117443297238
80,236.0,253.17525407335816
