,y_actual,y_predict
0,800.0,834.6531876546833
1,800.0,817.1115796247213
2,810.0,819.44626606393
3,820.0,805.3595258638654
4,820.0,833.4817892954902
5,820.0,820.465642980093
6,815.0,841.9908423824961
7,815.0,855.4243039153581
8,795.0,829.3179818412952
9,810.0,821.1520417067069
10,850.0,807.5172674906995
11,850.0,826.0321830884373
12,850.0,815.368474477785
13,845.0,851.2340423846375
14,850.0,837.7688680554179
15,860.0,858.8372130863145
16,890.0,881.5110107175594
17,890.0,874.0497020072185
18,905.0,875.4035507868733
19,905.0,877.2559286754827
20,910.0,893.8188963513604
21,900.0,911.3130586309135
22,900.0,889.6143646794995
23,900.0,898.9962788477253
24,900.0,896.739399242087
25,900.0,891.4759268111957
26,900.0,908.6707309093274
27,900.0,900.2249799709092
28,900.0,914.1357135339681
29,895.0,920.4573490258864
30,895.0,906.3354457661002
31,895.0,901.7917883871402
32,915.0,904.2501349810834
33,915.0,905.3471952866893
34,900.0,902.9425962658645
35,900.0,915.886799343748
36,900.0,906.0170216391848
37,895.0,905.5239549328727
38,895.0,903.1797632958455
39,950.0,895.299812343669
40,915.0,900.9052064911475
41,900.0,896.8045777414129
42,890.0,916.6690092299299
43,890.0,882.3521836912471
44,900.0,888.1008532653216
45,900.0,879.3771308405734
46,900.0,902.2295768131527
47,900.0,898.6759783700717
48,900.0,890.3161321999886
49,900.0,923.1882417367555
50,950.0,907.685825765772
51,940.0,909.0756276475645
52,930.0,915.574905411178
53,930.0,922.685176056115
54,930.0,897.7962291065368
55,920.0,904.397971668191
56,900.0,886.311431881743
57,885.0,894.1100763593341
58,880.0,888.4373989901557
59,880.0,864.6290263829542
60,870.0,883.2784960796793
61,925.0,883.0968727348718
62,900.0,887.9842602868871
63,900.0,878.3799244897115
64,900.0,917.6175045280758
65,850.0,896.3481554243525
66,820.0,849.6437487231475
67,795.0,861.9565474332235
68,780.0,828.3781276320751
69,780.0,806.0151870027291
70,815.0,782.8339352521106
71,830.0,782.1103057766393
72,835.0,822.9621029484053
73,835.0,832.9321049400951
74,845.0,848.8433123115386
75,875.0,839.9313375923357
