,y_actual,y_predict
0,800.0,820.7627483061872
1,800.0,834.6279803638455
2,810.0,841.2351791559356
3,820.0,822.0698611391663
4,820.0,822.3429812712851
5,820.0,849.3145355794875
6,815.0,834.8435384993057
7,815.0,838.3484752673218
8,795.0,846.4926151689916
9,810.0,832.9761991824421
10,850.0,818.6094630123564
11,850.0,837.8203566010029
12,850.0,816.2706535392887
13,845.0,821.4430735817276
14,850.0,838.3605851362306
15,860.0,836.419142309622
16,890.0,853.0693232615865
17,890.0,865.8720717137548
18,905.0,882.7110851475735
19,905.0,870.6256828647861
20,910.0,874.1944772799637
21,900.0,882.2482807691208
22,900.0,869.0010840802606
23,900.0,861.9146258075206
24,900.0,873.6973677784757
25,900.0,885.1134189686584
26,900.0,877.1218313197671
27,900.0,902.4575472556343
28,900.0,882.2525889691709
29,895.0,890.2239873310077
30,895.0,898.1468227730817
31,895.0,904.1262896601577
32,915.0,912.0402926749082
33,915.0,914.8869265997319
34,900.0,914.5225936017949
35,900.0,905.3228459325376
36,900.0,904.7174388979839
37,895.0,910.3961526849977
38,895.0,911.5563176285873
39,950.0,908.1701341112371
40,915.0,936.9388620942258
41,900.0,937.6353832392957
42,890.0,877.8426339247185
43,890.0,890.7024505970353
44,900.0,902.8499329315481
45,900.0,912.833711287868
46,900.0,902.3689020276684
47,900.0,916.3412095215299
48,900.0,900.5349975527411
49,900.0,905.7183115394329
50,950.0,907.0512982615384
51,940.0,936.7498814794187
52,930.0,922.6232379651361
53,930.0,883.2079477608065
54,930.0,903.4884353366876
55,920.0,923.4084845768548
56,900.0,940.5926447050919
57,885.0,889.745338898789
58,880.0,876.8562783126647
59,880.0,886.7299691960701
60,870.0,889.596934368695
61,925.0,888.0629559181756
62,900.0,923.6219503343538
63,900.0,898.3432162077459
64,900.0,852.1673663995123
65,850.0,885.9931188545423
66,820.0,867.86249717016
67,795.0,857.9562540703299
68,780.0,821.8580433607697
69,780.0,810.3207330041325
70,815.0,803.170454117469
71,830.0,787.9000945895878
72,835.0,812.5783779633615
73,835.0,790.0812906006489
74,845.0,821.8794856057184
75,875.0,834.7829397771104
