,y_actual,y_predict
0,4460.0,4460.2361321020535
1,4360.0,4452.873086341361
2,4380.0,4475.42894240412
3,4400.0,4463.650615451903
4,4350.0,4468.085514457023
5,4300.0,4422.741310986015
6,4250.0,4415.86905778316
7,4360.0,4397.100278854432
8,4300.0,4320.4249803293515
9,4400.0,4345.309106287106
10,4350.0,4377.109003429499
11,4270.0,4371.270012945685
12,4140.0,4383.671740773895
13,4150.0,4364.476086323072
14,4150.0,4326.684770021315
15,4260.0,4266.09289581376
16,4140.0,4220.819495867633
17,4200.0,4253.540301790728
18,4200.0,4243.096969947196
19,4400.0,4289.773709066481
20,4600.0,4277.175803102313
21,4650.0,4349.6085034912385
22,4690.0,4384.447483520954
23,4690.0,4398.334696499902
24,4690.0,4466.652372410703
25,4590.0,4481.057345207475
26,4520.0,4477.1827402178
27,4530.0,4502.862458214837
28,4600.0,4510.258547549462
29,4770.0,4472.985859110378
30,4990.0,4526.75209412349
31,4930.0,4581.845916929236
32,5000.0,4694.215480074123
33,5150.0,4756.533287855693
34,5075.0,4798.702617290107
35,4940.0,4817.990400234277
36,4900.0,4777.0086718931225
37,4900.0,4746.286712844685
38,4880.0,4764.731045543545
39,4970.0,4733.949422879127
40,4950.0,4739.623079753964
41,5000.0,4768.756806076325
42,5025.0,4785.618693014772
43,5000.0,4865.559952415974
44,5100.0,4888.413200644129
45,4750.0,4829.4719137176635
46,4420.0,4798.950530899088
47,4450.0,4769.313107085462
48,4360.0,4706.583788175632
49,4310.0,4641.010522860619
50,4390.0,4562.708537222636
51,4530.0,4431.111115163014
52,4420.0,4403.470686395034
53,4400.0,4463.466416334866
54,4370.0,4552.444659184297
55,4450.0,4542.218859380018
56,4450.0,4468.7023471269895
57,4420.0,4230.37024612738
58,4550.0,4216.6578284462685
59,4620.0,4316.134466117511
60,4470.0,4397.346051286118
61,4460.0,4516.473285713742
62,4470.0,4518.609949175654
63,4490.0,4511.960957108058
