,y_actual,y_predict
0,482.0,476.0199082336687
1,482.0,473.9960684765009
2,482.0,474.3302889692994
3,482.0,475.6285995178967
4,482.0,477.44609410870413
5,476.0,477.8083402250391
6,480.0,476.3228785180166
7,480.0,478.47165751543037
8,468.0,479.07004099033816
9,478.0,479.80578037593745
10,484.0,477.06595253562716
11,472.0,475.3698030388139
12,482.0,476.49308270784763
13,484.0,479.2482440403657
14,482.0,479.4648760906802
15,482.0,478.483228100304
16,482.0,478.6904799226437
17,480.0,480.3267836351362
18,482.0,480.0988882953746
19,484.0,477.9896971457839
20,484.0,480.3369706890027
21,482.0,479.13731623794536
22,484.0,479.36427799829846
23,486.0,480.31346656453536
24,484.0,480.55431555245275
25,482.0,480.6011353081501
26,484.0,481.3290185481907
27,486.0,482.30165955526536
28,484.0,482.2921502351478
29,484.0,482.5549065338548
30,484.0,483.14609148477126
31,484.0,483.3725476342323
32,484.0,482.97507433015596
33,482.0,482.8149009155241
34,480.0,483.03493473088776
35,470.0,482.6970706591352
36,464.0,481.722279519525
37,470.0,476.30078332787895
38,476.0,472.5143867487806
39,476.0,469.49248655479573
40,476.0,474.297960742066
41,470.0,476.36944216495897
42,468.0,472.5895656160497
43,468.0,467.11478936117294
44,468.0,467.39783230300895
45,468.0,469.38334803495417
46,472.0,468.21477976698225
47,470.0,468.99497713011084
48,470.0,466.74905167655913
49,478.0,467.0230983927722
50,478.0,468.83462223811904
51,486.0,471.11914343597533
52,478.0,471.4559354816736
53,482.0,472.95407458668245
54,480.0,472.99192173687715
55,480.0,474.43527923474505
56,480.0,476.116873650939
57,480.0,477.0988704473492
58,470.0,477.78110879881507
59,476.0,476.89667175218256
60,470.0,474.2702435832689
61,468.0,473.8631753653717
62,468.0,472.7602668223231
63,466.0,472.4013495059132
64,458.0,470.2075704959816
