,y_actual,y_predict
0,482.0,473.4818895611698
1,482.0,476.0418974986752
2,482.0,474.0533554534323
3,482.0,475.9970778526701
4,482.0,477.62355289107944
5,476.0,477.4423697302296
6,480.0,479.2858007332394
7,480.0,481.4922055159934
8,468.0,482.0033439839572
9,478.0,483.2184466952822
10,484.0,482.2765216668331
11,472.0,481.00537472431245
12,482.0,478.67799025784126
13,484.0,480.1048616133236
14,482.0,477.37153345715814
15,482.0,478.1088301336595
16,482.0,484.1884001536187
17,480.0,481.9516528707751
18,482.0,479.19413899766084
19,484.0,482.34264443965947
20,484.0,481.3348730639504
21,482.0,482.68313806223097
22,484.0,484.67610559133874
23,486.0,480.5729993014771
24,484.0,482.44900186573193
25,482.0,482.9861425782136
26,484.0,483.4726838480239
27,486.0,483.20593691829816
28,484.0,483.56096837412395
29,484.0,484.45120930526815
30,484.0,483.7002377484227
31,484.0,482.7835591206417
32,484.0,484.83608349685596
33,482.0,483.37648400913315
34,480.0,480.9528145777931
35,470.0,482.374958167413
36,464.0,480.7405211460124
37,470.0,478.1508401546612
38,476.0,473.4777878454268
39,476.0,466.5554452678788
40,476.0,464.8758461087286
41,470.0,467.0387335092391
42,468.0,469.7746543828676
43,468.0,474.21109693112294
44,468.0,474.89570238113043
45,468.0,473.95381208127407
46,472.0,470.39311145209655
47,470.0,469.251491168905
48,470.0,470.51001795130514
49,478.0,471.63002231647835
50,478.0,471.7950783139987
51,486.0,470.9672057258651
52,478.0,477.27805671411727
53,482.0,480.218469247017
54,480.0,483.1199966306728
55,480.0,484.7326451434731
56,480.0,484.5596953485191
57,480.0,481.8940361476097
58,470.0,480.0701531327786
59,476.0,476.66557138426487
60,470.0,478.15460651146833
61,468.0,476.0969056236469
62,468.0,474.15693599526213
63,466.0,467.3535331181696
64,458.0,462.01930359498874
