,y_actual,y_predict
0,585.0,579.3857794091267
1,585.0,574.4598519235191
2,575.0,595.795875321199
3,585.0,589.8138067230743
4,585.0,586.2484066384459
5,575.0,586.4831768648436
6,590.0,587.9812962004553
7,600.0,585.2995668010778
8,575.0,580.6372870547924
9,575.0,597.9413410459025
10,580.0,596.1732833157876
11,575.0,583.5243807056335
12,575.0,569.2021520737517
13,575.0,582.0990560332106
14,580.0,578.890015497055
15,585.0,580.3050097158235
16,590.0,582.0211176731282
17,580.0,582.3146215587261
18,590.0,592.8371026491893
19,580.0,594.8326574026365
20,580.0,592.1707394568189
21,570.0,587.0224155849049
22,585.0,586.0710626170912
23,585.0,585.2830983590454
24,585.0,580.9945391168815
25,580.0,585.8019462746031
26,585.0,595.5967704086491
27,600.0,591.7579753965215
28,605.0,583.405073556533
29,580.0,596.1129212106912
30,585.0,614.7275453274732
31,585.0,599.0011559480197
32,600.0,579.8326273117766
33,595.0,581.3706709735802
34,595.0,601.1608255571812
35,590.0,605.8163762205444
36,615.0,598.6490162665567
37,625.0,596.7438304740176
38,610.0,610.0625782540055
39,610.0,624.0231304224178
40,640.0,632.4759543974295
41,625.0,615.8775912031958
42,720.0,637.6120734881634
43,740.0,633.6576612639857
44,760.0,701.3117200408514
45,760.0,720.0981921740881
46,760.0,732.3928334256741
47,800.0,777.1472788980589
48,800.0,788.273291005218
49,805.0,803.5760476223766
50,845.0,803.7444038750345
51,835.0,812.1667730248182
52,895.0,824.3106890821998
53,835.0,830.8577618592539
54,790.0,846.455063627896
55,765.0,834.1545818924706
56,770.0,788.3954557637036
57,770.0,734.9460721805845
58,760.0,724.9175934621609
59,710.0,776.3266204570191
60,710.0,784.2122601026535
61,795.0,753.5359564462503
