,y_actual,y_predict
0,585.0,582.6554795549174
1,585.0,585.8996530283778
2,575.0,581.3714930255951
3,585.0,586.6802227328227
4,585.0,583.8470008906935
5,575.0,579.1195167614903
6,590.0,577.1771487734093
7,600.0,579.1065792285887
8,575.0,581.1131964534368
9,575.0,584.460071625296
10,580.0,583.7086612801806
11,575.0,587.0781702841844
12,575.0,583.4288817486988
13,575.0,581.9583872753221
14,580.0,586.8465904025112
15,585.0,583.7201778374565
16,590.0,585.4786253880636
17,580.0,583.340389806558
18,590.0,589.9887002465177
19,580.0,598.5127298288146
20,580.0,591.8176916036061
21,570.0,592.2891775795035
22,585.0,588.4644983748321
23,585.0,590.975193980703
24,585.0,591.3248909933216
25,580.0,593.1846153521682
26,585.0,594.2348924936454
27,600.0,596.2840215512657
28,605.0,599.6138156566146
29,580.0,596.3912562793469
30,585.0,601.3771524594438
31,585.0,612.4559161484113
32,600.0,606.3285674720478
33,595.0,603.13775496069
34,595.0,603.273115611282
35,590.0,605.7343980619886
36,615.0,606.6947348839655
37,625.0,609.3517087740934
38,610.0,608.5315650941963
39,610.0,615.4106382569809
40,640.0,624.7107769329082
41,625.0,625.8583556739527
42,720.0,635.4776149420766
43,740.0,649.9049106291668
44,760.0,669.2404450040433
45,760.0,703.7325066434892
46,760.0,758.8360859235884
47,800.0,779.892838679129
48,800.0,784.7488486836
49,805.0,762.2503341298712
50,845.0,766.4346728346754
51,835.0,816.0788794185441
52,895.0,836.1871485592567
53,835.0,852.5361190322187
54,790.0,828.7244037863703
55,765.0,829.6990599715406
56,770.0,843.9113685054258
57,770.0,856.3857181565427
58,760.0,829.6360672999964
59,710.0,774.0472189718828
60,710.0,772.7837328539995
61,795.0,747.9275261470457
