,y_actual,y_predict
0,1840.0,1813.5952730676881
1,1825.0,1841.8446932795703
2,1930.0,1867.928714584307
3,1950.0,1865.8045704356186
4,1960.0,1835.4679912243569
5,1925.0,1882.3612172783935
6,1880.0,1846.1044306562553
7,1825.0,1836.777890994033
8,1805.0,1812.9625550648793
9,1695.0,1783.0496189829803
10,1675.0,1793.7356892218559
11,1635.0,1781.461868279121
12,1670.0,1788.7595549420507
13,1700.0,1851.2565979297929
14,1725.0,1816.9796317891503
15,1640.0,1821.22555412477
16,1585.0,1745.7433787492032
17,1510.0,1764.873865644322
18,1515.0,1800.647153024135
19,1420.0,1715.2392513725797
20,1375.0,1661.8468371512065
21,1380.0,1674.7992132064264
22,1300.0,1638.142143927908
23,1220.0,1572.4040392760533
24,1135.0,1431.0916431111343
25,1060.0,1401.144142231609
26,1000.0,1389.752247131374
27,1020.0,1346.1854409307093
28,1080.0,1247.0520512260468
29,1210.0,1203.7960970468343
30,1175.0,1180.1942415750884
31,1180.0,1187.2385255753268
32,1100.0,1197.084053906233
33,1125.0,1183.209156727903
34,1105.0,1129.5117238045827
35,1150.0,1178.3281232327547
36,1130.0,1207.4928171101803
37,1170.0,1271.6163636236677
38,1170.0,1259.7528874735224
39,1155.0,1189.5294836253834
40,1170.0,1178.5450846453914
41,1155.0,1172.1962030370478
42,1155.0,1174.1377874009493
43,1155.0,1188.6077647536736
44,1160.0,1196.5845640258244
45,1150.0,1190.3185182739476
46,1160.0,1198.1672020766907
47,1170.0,1179.4899736253446
48,1160.0,1184.9149063750351
49,1145.0,1183.746284436726
50,1160.0,1174.837676961694
51,1170.0,1170.8187781749202
52,1170.0,1164.8963135821373
53,1150.0,1174.0840773495634
54,1100.0,1176.0987345783124
