,y_actual,y_predict
0,1840.0,1812.6685775177993
1,1825.0,1833.1066254157997
2,1930.0,1805.9180263099763
3,1950.0,1851.9190128318996
4,1960.0,1904.615725516788
5,1925.0,1931.7745189434625
6,1880.0,1853.118392273053
7,1825.0,1800.2253319572749
8,1805.0,1784.3349617013141
9,1695.0,1766.30614274627
10,1675.0,1784.3294139289176
11,1635.0,1722.0059699857438
12,1670.0,1739.5776552148266
13,1700.0,1727.441848707932
14,1725.0,1801.3490550121214
15,1640.0,1770.0263320624495
16,1585.0,1771.2128754811956
17,1510.0,1807.613550651123
18,1515.0,1773.478433436065
19,1420.0,1702.4932850844584
20,1375.0,1621.7459201702602
21,1380.0,1542.2429015680846
22,1300.0,1469.4972822052837
23,1220.0,1496.8212491246761
24,1135.0,1423.2500299987
25,1060.0,1374.516378043366
26,1000.0,1382.3211147863424
27,1020.0,1293.5921778840348
28,1080.0,1227.970895993315
29,1210.0,1239.8396207712667
30,1175.0,1248.2102574936314
31,1180.0,1275.5266321318281
32,1100.0,1263.3894794742785
33,1125.0,1207.6594134518464
34,1105.0,1180.3218131452413
35,1150.0,1153.6378165728192
36,1130.0,1186.346911527356
37,1170.0,1177.6789794724589
38,1170.0,1187.339065352529
39,1155.0,1204.4121173425287
40,1170.0,1222.836595810289
41,1155.0,1178.332284062052
42,1155.0,1171.5362084866238
43,1155.0,1143.0987351074837
44,1160.0,1118.0184254870787
45,1150.0,1100.3017503142166
46,1160.0,1105.2850096742561
47,1170.0,1130.0495857773994
48,1160.0,1147.0314530573753
49,1145.0,1170.8191589043984
50,1160.0,1154.53960153685
51,1170.0,1171.8315729768028
52,1170.0,1162.3141790661618
53,1150.0,1172.0094008380754
54,1100.0,1187.6415821179053
