,y_actual,y_predict
0,75.0,78.37105971487253
1,73.0,74.86145589284305
2,74.0,72.46454040343278
3,73.0,72.86578445735013
4,74.0,75.44992226681885
5,69.0,75.54645014588
6,69.0,77.461193882566
7,68.0,78.87643083980018
8,69.0,76.12733748491448
9,70.0,71.44593960812767
10,68.0,71.57244498922269
11,69.0,72.21288284836791
12,68.0,71.80681186297728
13,68.0,69.45986290835833
14,69.0,66.30358993265176
15,69.0,68.13096110322964
16,72.0,68.63882497812469
17,77.0,68.72333121772041
18,77.0,70.29319123816173
19,73.0,71.29354859758679
20,75.0,70.9335269684673
21,76.0,70.25692206208615
22,77.0,72.36164022229862
23,84.0,73.81603015152756
24,92.0,80.88785833640782
25,83.0,85.44126727632386
26,80.0,86.74316003477071
27,78.0,83.38831903120258
28,75.0,80.97686362014956
29,73.0,84.14300815448716
30,73.0,83.32548560641779
31,74.0,81.89240297825792
32,76.0,81.58185067773681
33,72.0,80.15691685593939
34,76.0,79.72200925515766
35,73.0,77.05613746656911
36,72.0,75.56523110196864
37,75.0,75.70174242174681
38,76.0,71.56269840404018
39,74.0,72.69833750576625
40,72.0,71.52372818891637
41,72.0,71.26936153200012
42,73.0,72.04029048458716
43,74.0,71.68366732698657
44,78.0,69.99817864687135
45,83.0,73.93862104170341
46,75.0,77.42829495819836
47,75.0,78.12516840784546
48,76.0,73.67297049180804
49,73.0,73.31651530927265
50,74.0,77.30023883130153
51,75.0,76.48534475705222
52,74.0,75.07306819236692
53,73.0,75.55073149434153
54,78.0,73.30258009786458
55,81.0,75.45102418324649
56,83.0,78.32280383814508
57,80.0,79.46531916713974
58,79.0,78.46606909934438
59,78.0,74.05486247441513
60,78.0,73.41326625922036
61,78.0,74.96302974286249
62,79.0,76.341146898291
63,83.0,79.32934536757014
64,81.0,80.11573474515717
65,80.0,79.4489113627721
66,79.0,78.2818609238557
67,79.0,76.47387676340165
68,78.0,78.93865686674926
69,78.0,78.32124771714118
70,78.0,77.38031859197939
71,78.0,77.11277059574765
72,77.0,78.02112062106593
73,78.0,76.84298920304917
74,76.0,75.61802096165566
75,76.0,74.79562713669581
76,75.0,73.60205276308585
77,76.0,71.43644700124372
78,75.0,72.21717763483466
79,76.0,71.44060472005728
80,76.0,71.02517147643329
81,74.0,71.68945641963323
82,74.0,70.58993733212483
83,74.0,69.43282832946659
84,74.0,69.09482621569256
85,74.0,69.43439385707414
86,74.0,69.51033471214576
87,73.0,69.13670038374336
88,72.0,68.93456859689877
89,71.0,68.62212153764231
90,72.0,67.64434943358226
91,72.0,67.94254951970966
92,76.0,67.98190674938367
93,76.0,68.09673450394676
94,76.0,68.645965934096
95,76.0,68.82057937386111
