,y_actual,y_predict
0,107.0,87.35038166814095
1,114.0,80.88594286578703
2,114.0,100.58994694792639
3,115.0,115.71238629671896
4,114.0,124.80519707678476
5,119.0,119.66158395956865
6,117.0,101.65821361977535
7,115.0,120.08751584623968
8,117.0,135.6556917869379
9,113.0,127.76715523914687
10,112.0,115.91956225059783
11,113.0,113.11475627619748
12,124.0,116.23792996813438
13,124.0,116.98530158932556
14,120.0,98.49271799173479
15,123.0,121.39982267577057
16,120.0,123.16016466310612
17,112.0,116.44011661783424
18,105.0,119.42208646529863
19,116.0,128.3968424650413
20,119.0,116.72411478365726
21,118.0,75.77277757647562
22,121.0,104.44603635134803
23,124.99999999999999,103.98383941312252
24,122.0,81.46196783756392
25,121.0,113.37217386953839
26,116.0,139.17161522465221
27,116.0,132.65745767934408
28,120.0,122.56528273601509
29,118.0,118.80099435075192
30,118.0,122.4624028480967
31,122.0,115.80608281471834
32,121.0,127.132239048174
33,124.0,130.40648625616896
34,128.0,131.93631803296313
35,129.0,132.53108012960445
36,130.0,122.63612431915078
37,129.0,136.19362156938288
38,124.99999999999999,146.07465526031518
39,126.0,138.3785882021199
40,121.0,133.89610146333234
41,121.0,117.67502387052687
42,117.0,137.0857701611835
43,116.0,137.43476000546067
44,108.0,136.9189661751811
45,110.0,72.63964706353516
46,114.0,108.33598330365257
