,y_actual,y_predict
0,114.0,118.20759553095652
1,113.0,115.06054835432991
2,111.0,116.88863864871844
3,149.0,115.99023277746457
4,139.0,113.89541432605974
5,130.0,123.18222473013775
6,170.0,132.00385333329768
7,159.0,129.8652439824329
8,166.0,137.14372722957702
9,155.0,142.6262304686112
10,173.0,146.00437932034538
11,161.0,147.76087335425836
12,150.0,149.88509223565435
13,141.0,154.23286507377105
14,143.0,158.31415369569328
15,138.0,153.2729512667279
16,140.0,148.21254201998556
17,145.0,143.26526496349976
18,144.0,140.0492752169791
19,163.0,141.2019156195721
20,152.0,134.79082680329367
21,142.0,138.88461127527745
22,137.0,142.2941536054194
23,128.0,144.30310488754108
24,138.0,145.61401320558178
25,129.0,142.17909806412393
26,120.0,138.7512342211937
27,120.0,135.03880488279518
28,123.0,124.90018389954741
29,119.0,126.98423948169864
30,119.0,118.42175777744563
31,123.0,114.52114403642895
32,123.0,115.24119061093099
33,122.0,112.31215979748606
34,121.0,117.44223898781911
35,121.0,115.00034761510257
36,120.0,116.61119785646277
37,123.0,116.5342897660554
38,122.0,119.34231480995206
39,120.0,118.77070363041673
40,122.0,116.88115952692583
41,123.0,115.53339464240673
42,125.0,115.55948370549734
43,123.0,115.56903521208329
44,124.0,116.78730088597806
45,124.0,114.33221075773159
46,123.0,121.400109866049
47,126.0,119.42697784581685
48,124.0,119.92406844086057
49,122.0,122.09811723997963
50,123.0,125.9825878819908
51,125.0,125.75424722401175
52,131.0,124.579932975984
53,128.0,125.09013928287361
54,126.0,125.22874271345542
55,128.0,126.86395571025146
56,125.0,126.85026573650129
57,125.0,126.9449286777727
58,124.0,126.67649386183045
59,124.0,125.17070333439716
60,123.0,124.9947424801177
61,122.0,125.48465016722386
62,123.0,125.33243591390323
63,127.0,125.10349986236817
64,126.0,123.84353124449757
65,124.0,124.63443039362625
66,122.0,124.35363522970508
67,126.0,125.25138935633163
68,123.0,123.12704998744766
69,124.0,123.61782703812099
70,122.0,123.58120811004198
71,122.0,123.67505562906778
72,114.0,124.01747291384378
73,108.0,124.75782811785903
74,115.0,123.09857972086374
75,112.0,119.45871091357539
76,113.0,114.0258285001313
