,y_actual,y_predict
0,114.0,114.88411611592437
1,113.0,116.32827766398428
2,111.0,113.03237987397081
3,149.0,112.46420091955474
4,139.0,132.38094135615464
5,130.0,138.0005074542127
6,170.0,125.44624987797636
7,159.0,139.4111660659983
8,166.0,141.36878893677707
9,155.0,148.37229879005406
10,173.0,142.68770207278874
11,161.0,150.5687701253217
12,150.0,146.46797810103672
13,141.0,143.33575273908585
14,143.0,145.3270097848182
15,138.0,142.6911928733637
16,140.0,146.43302709052216
17,145.0,137.71692958541522
18,144.0,138.601105328242
19,163.0,145.01366520406606
20,152.0,148.98488980327195
21,142.0,145.60671425892505
22,137.0,141.9893328656634
23,128.0,137.12016803300335
24,138.0,134.6638574591863
25,129.0,146.19931843690534
26,120.0,138.0128357339833
27,120.0,124.2192998366784
28,123.0,123.60522404687781
29,119.0,118.74572601806143
30,119.0,118.1002919692726
31,123.0,114.17699173182598
32,123.0,117.22872552011144
33,122.0,120.60152546884056
34,121.0,120.97141909110728
35,121.0,119.85392025462522
36,120.0,119.78930040506935
37,123.0,120.22176596032693
38,122.0,120.38277802465484
39,120.0,120.59442226801045
40,122.0,119.92899248644645
41,123.0,120.19028350654341
42,125.0,120.21913006482056
43,123.0,121.69281290109035
44,124.0,123.41293862089935
45,124.0,122.12573964537887
46,123.0,123.17958290293966
47,126.0,122.52672274685293
48,124.0,122.67519150758555
49,122.0,123.8289863656788
50,123.0,122.88099451752366
51,125.0,123.16959059751305
52,131.0,123.25631637917213
53,128.0,124.34410633769379
54,126.0,126.97412353757281
55,128.0,126.16539705972194
56,125.0,126.01879919162967
57,125.0,124.86806119378927
58,124.0,124.07093413908936
59,124.0,122.61788358026205
60,123.0,122.58570748927845
61,122.0,122.09811130828791
62,123.0,121.21064125217426
63,127.0,121.31151634296079
64,126.0,122.30553700664115
65,124.0,123.4353518887796
66,122.0,124.30851470447388
67,126.0,122.7670170611976
68,123.0,124.24158001222578
69,124.0,122.3546265750919
70,122.0,122.11391111063539
71,122.0,121.58116289230142
72,114.0,121.43923308022441
73,108.0,118.2851472099151
74,115.0,116.87776511634125
75,112.0,111.22425342951448
76,113.0,112.89949663322241
