,y_actual,y_predict
0,114.0,117.234700958054
1,113.0,118.38088026544517
2,111.0,117.09968453267219
3,149.0,114.12905179937596
4,139.0,112.44696194050465
5,130.0,129.25113575369323
6,170.0,135.8379490834093
7,159.0,126.50542535565924
8,166.0,142.11270612166788
9,155.0,149.5810455816673
10,173.0,148.9223697725836
11,161.0,154.00475890298014
12,150.0,149.77130162761736
13,141.0,142.4413440865872
14,143.0,149.55585368694875
15,138.0,145.37930506191083
16,140.0,149.46363219291464
17,145.0,146.12067903397832
18,144.0,130.52799097105293
19,163.0,140.08131302539957
20,152.0,142.0602239962862
21,142.0,150.97333819297668
22,137.0,149.51167741289262
23,128.0,137.8083095206871
24,138.0,125.04178709784931
25,129.0,128.11729281263675
26,120.0,138.7554405320819
27,120.0,139.71033093770293
28,123.0,127.46840158391623
29,119.0,121.10044895662456
30,119.0,119.13088633188262
31,123.0,115.01304736706687
32,123.0,113.5794197620334
33,122.0,116.49517915672487
34,121.0,110.34934224768686
35,121.0,115.2975298188511
36,120.0,118.91621321844445
37,123.0,114.40773898835349
38,122.0,118.72388701208546
39,120.0,116.20057946325727
40,122.0,118.23234848048807
41,123.0,118.85345962739477
42,125.0,119.07727421922903
43,123.0,118.87422648009306
44,124.0,119.3310349566923
45,124.0,119.49300647215532
46,123.0,119.61104268853816
47,126.0,120.15479493646707
48,124.0,120.4187737543729
49,122.0,121.96175802788557
50,123.0,123.34531436948924
51,125.0,122.5329247012729
52,131.0,121.30625715679294
53,128.0,121.32848246419194
54,126.0,122.5676347368115
55,128.0,124.94613931038765
56,125.0,123.55880559335297
57,125.0,125.87675964325591
58,124.0,124.05647267468535
59,124.0,124.06212965492891
60,123.0,124.76570355080443
61,122.0,123.81991087735307
62,123.0,123.30162671853824
63,127.0,122.50670958973333
64,126.0,121.27715331138758
65,124.0,121.79700603193061
66,122.0,121.81059479619087
67,126.0,122.07175828491593
68,123.0,122.7010028933577
69,124.0,123.584635144931
70,122.0,123.76616975040464
71,122.0,124.22677562189443
72,114.0,122.97777451664165
73,108.0,121.8246440080206
74,115.0,120.5348006101869
75,112.0,117.79706685458824
76,113.0,115.06713104921191
