,y_actual,y_predict
0,61.0,59.47485996534591
1,61.0,59.45170385577485
2,59.0,59.26309825162449
3,57.0,58.89436821765873
4,57.0,59.22794828970895
5,54.0,59.409187132850136
6,54.0,58.67882997466382
7,54.0,58.54520869789241
8,54.0,58.223579907934834
9,54.0,57.72880652351555
10,54.0,56.89831991808923
11,51.0,56.10429452263311
12,51.0,55.96498527013115
13,51.0,55.25920674230807
14,53.0,54.58593839929787
15,52.0,54.5483501313726
16,52.0,53.23702536595114
17,53.0,52.82656552648853
18,53.0,53.340495524242684
19,52.0,53.45909371698559
20,51.0,52.85843420711008
21,52.0,53.037073314474604
22,51.0,52.76350085952227
23,54.0,52.99229025249815
24,52.0,53.24446293688419
25,52.0,53.1203997353734
26,51.0,52.70504473843508
27,51.0,52.258793011377946
28,51.0,51.871880843505934
29,51.0,52.198562427317384
30,52.0,51.965826224060585
31,51.0,52.23182791798496
32,56.0,52.42497041511522
33,55.0,52.6826586867862
34,57.0,51.82900543459776
35,54.0,51.6417174008167
36,51.0,52.31709402501284
37,51.0,52.030851651538036
38,53.0,52.76657603335926
39,51.0,52.17450306972924
40,51.0,53.35684840178209
41,50.0,53.62713999692808
42,50.0,52.985223590690175
43,50.0,52.65087598964364
44,50.0,54.41279464781146
45,50.0,54.39246798478203
46,51.0,53.34728316123156
47,50.0,52.246210762285045
48,50.0,52.07844519311222
49,50.0,52.68858733196041
50,50.0,52.29918501509868
51,50.0,51.90587550779439
52,50.0,51.4873745270952
53,50.0,51.44945581285849
54,50.0,51.75482276660736
55,50.0,51.53908684590829
56,50.0,51.49601165185775
57,51.0,51.44530247363293
58,50.0,51.35708932501126
59,50.0,51.318379056982636
60,50.0,51.424255909710745
61,50.0,51.27792214416502
62,50.0,51.20183182310633
63,50.0,51.367521987129294
64,50.0,51.39090949341588
65,50.0,51.423682686517445
66,50.0,51.26111321699682
67,51.0,51.27000492029522
68,50.0,51.49031819678784
69,50.0,51.27977163193869
70,50.0,51.32212271022004
71,50.0,51.50676127268267
72,50.0,51.401846254753906
73,50.0,51.37228311153481
74,50.0,51.326463189958716
75,50.0,51.37286392150567
