,y_actual,y_predict
0,61.0,58.04956915636855
1,61.0,58.071712431135566
2,59.0,57.69561985103705
3,57.0,57.69042965221185
4,57.0,57.77305345321121
5,54.0,57.9230183347939
6,54.0,57.02736088865359
7,54.0,57.199464830126864
8,54.0,56.59501403891038
9,54.0,56.22587179003062
10,54.0,55.54360890073733
11,51.0,55.425874757660786
12,51.0,55.10060684340104
13,51.0,55.587183136156156
14,53.0,55.454536760301
15,52.0,55.022030588229065
16,52.0,54.66705959685304
17,53.0,54.25906798902275
18,53.0,53.76503473690305
19,52.0,53.68353672939582
20,51.0,53.96624956535541
21,52.0,53.68507094441318
22,51.0,53.39817526509307
23,54.0,53.10536105630216
24,52.0,52.342653035631685
25,52.0,51.72749519384213
26,51.0,51.74067932728801
27,51.0,51.76083992418643
28,51.0,51.84605545269726
29,51.0,52.11962032087204
30,52.0,51.8896448616712
31,51.0,51.94759435461255
32,56.0,51.99608819379033
33,55.0,51.520683009502264
34,57.0,52.575229916559756
35,54.0,52.4209435221823
36,51.0,52.58108185098311
37,51.0,52.576749800997284
38,53.0,53.37878514760446
39,51.0,52.74919051109663
40,51.0,52.12974192511018
41,50.0,51.45049267245814
42,50.0,51.011766185763626
43,50.0,51.07408819150445
44,50.0,51.23696956188025
45,50.0,50.890371001027525
46,51.0,50.5349287864676
47,50.0,51.88442431573576
48,50.0,52.00070601239752
49,50.0,51.49296513918043
50,50.0,51.47846680726639
51,50.0,51.212774485271346
52,50.0,51.32092315639054
53,50.0,51.06735703385961
54,50.0,51.13075636201373
55,50.0,51.014481409154236
56,50.0,50.599574875067134
57,51.0,50.34913366191497
58,50.0,50.41117832878727
59,50.0,50.49193367506906
60,50.0,50.56142602857783
61,50.0,50.58279798095974
62,50.0,50.67240625367686
63,50.0,50.726989746308156
64,50.0,50.56461416110291
65,50.0,50.43687052950103
66,50.0,50.420556428824696
67,51.0,50.50397557700476
68,50.0,50.47749435142493
69,50.0,50.57041383105864
70,50.0,50.53441710047005
71,50.0,50.55353409396656
72,50.0,50.42857143782746
73,50.0,50.43069573554381
74,50.0,50.45608868003165
75,50.0,50.378954755571044
