,y_actual,y_predict
0,236.0,240.34125083330508
1,242.0,239.34124498647824
2,232.0,239.33014219405806
3,232.0,237.57297974083906
4,226.0,239.86191486733173
5,220.0,238.07496789125605
6,222.0,235.63079759764025
7,218.0,230.37390017799058
8,216.0,226.57363630683858
9,216.0,222.2708517815189
10,214.0,218.92125865648475
11,214.0,216.20679618859344
12,212.0,216.4142513908349
13,218.0,214.06744541871853
14,224.0,212.1249166000286
15,220.0,212.69792020516883
16,224.0,211.78286922670983
17,220.0,214.91271469934918
18,222.0,213.3891309760786
19,218.0,217.90031004127565
20,218.0,215.34725305443257
21,220.0,216.36433266919735
22,216.0,216.44951287663443
23,210.0,216.2428392236987
24,208.0,215.4849698932821
25,204.0,211.67529072364468
26,202.0,208.95043869717446
27,206.0,207.07941067889536
28,216.0,205.68356871703406
29,212.0,202.4546372712283
30,210.0,202.67232908697906
31,212.0,205.7654799785166
32,212.0,204.81287894619973
33,216.0,204.20098650802564
34,214.0,204.40412611021947
35,212.0,206.69220474432234
36,214.0,208.5219141422283
37,214.0,209.482025797097
38,218.0,208.2942543864739
39,216.0,209.2335736689455
40,216.0,209.81330277861355
41,214.0,213.84196156148784
42,216.0,211.9704216870424
43,220.0,211.23160931229975
44,220.0,211.29489084466948
45,220.0,212.19029653875344
46,218.0,213.9456613775876
47,220.0,214.14020036870016
48,220.0,213.51311334767678
49,216.0,212.69395179042925
50,216.0,214.27229902532585
51,216.0,215.00903542565695
52,214.0,213.17245063705494
53,216.0,212.734864596551
54,218.0,214.5972634540025
55,218.0,212.74880604946324
56,218.0,213.04537061798015
57,216.0,213.81678272449417
58,216.0,213.7580355036216
59,214.0,213.53991238277456
60,212.0,213.39602268091542
61,214.0,211.4943893345727
62,212.0,212.3061595664227
63,212.0,211.4408147159545
64,212.0,208.53133351924893
65,212.0,207.94647463194602
66,212.0,210.0166401897641
67,206.0,209.07881365117197
68,200.0,207.50922507059528
69,194.0,205.9440280527841
70,188.0,201.72934524063953
71,182.0,197.9814609772952
72,178.0,192.9894358684708
73,179.0,189.72118122563347
74,184.0,184.6789371130182
75,182.0,180.4435577740535
76,181.0,178.85685260091935
