,y_actual,y_predict
0,236.0,243.01962999055615
1,242.0,242.91128370324154
2,232.0,238.97382708501192
3,232.0,239.31013392005116
4,226.0,237.51285601433995
5,220.0,238.7291741123896
6,222.0,236.36723932380391
7,218.0,233.11092612218516
8,216.0,228.93722621598596
9,216.0,224.87868390222008
10,214.0,223.9397030505445
11,214.0,218.42121545753633
12,212.0,221.12754379680868
13,218.0,215.035410293095
14,224.0,211.26185470963284
15,220.0,209.10069907099995
16,224.0,209.9639964968029
17,220.0,210.95945273762564
18,222.0,215.37814387995945
19,218.0,219.80747948932148
20,218.0,218.0572765465868
21,220.0,216.3255090927265
22,216.0,216.18958680936046
23,210.0,217.9320313585305
24,208.0,217.2439258823508
25,204.0,216.2284888976337
26,202.0,213.80800061859694
27,206.0,209.15006464130238
28,216.0,207.03677978982492
29,212.0,204.92538533940785
30,210.0,202.59353586564907
31,212.0,202.5874975943007
32,212.0,203.9689423269423
33,216.0,207.57315610969397
34,214.0,205.59891056210125
35,212.0,203.26817452844926
36,214.0,203.80495666256968
37,214.0,206.64430642705437
38,218.0,205.50494315059797
39,216.0,204.98213815657266
40,216.0,205.22418086667358
41,214.0,205.45008889156395
42,216.0,211.0424968122571
43,220.0,211.18911811305955
44,220.0,212.14253995058334
45,220.0,210.03995411654228
46,218.0,210.74500845551972
47,220.0,213.30258751825437
48,220.0,213.47027751221307
49,216.0,210.56700384606626
50,216.0,210.41901623597525
51,216.0,212.52622508965385
52,214.0,210.64436040337566
53,216.0,210.78225771740733
54,218.0,208.86814405338413
55,218.0,209.41834252901108
56,218.0,209.29456714307378
57,216.0,209.44685862742372
58,216.0,211.31392230949845
59,214.0,210.69076291786277
60,212.0,210.3676593208664
61,214.0,210.04289779931543
62,212.0,209.5168258986032
63,212.0,208.1543188244812
64,212.0,206.2801136272893
65,212.0,204.58282101175382
66,212.0,205.42947597471516
67,206.0,206.58973766548365
68,200.0,205.089016171219
69,194.0,205.6180796774929
70,188.0,202.6094890560436
71,182.0,199.7191739158283
72,178.0,195.6788566401142
73,179.0,190.5365456666194
74,184.0,187.829915515743
75,182.0,183.89690246160256
76,181.0,181.3082684122997
