,y_actual,y_predict
0,236.0,243.5849047715119
1,242.0,239.32645519824658
2,232.0,239.7793245297401
3,232.0,237.8580775076701
4,226.0,237.1473305532016
5,220.0,234.36857456639663
6,222.0,229.80065339018967
7,218.0,226.46729487447814
8,216.0,222.69261794874726
9,216.0,216.08572487148692
10,214.0,215.8943712163575
11,214.0,213.84176069362977
12,212.0,209.08979000900126
13,218.0,207.25878669580635
14,224.0,212.09782493003095
15,220.0,214.25529357285237
16,224.0,215.06984128716653
17,220.0,217.0662847723461
18,222.0,217.84824804939592
19,218.0,222.13224072382903
20,218.0,219.04032129501033
21,220.0,218.99787648910794
22,216.0,217.2248199842546
23,210.0,219.00503584781657
24,208.0,214.60904736179938
25,204.0,206.83167229440204
26,202.0,205.47150527984513
27,206.0,203.81325036387796
28,216.0,204.85251619044092
29,212.0,208.14721095727933
30,210.0,209.12041980827598
31,212.0,207.09186448609714
32,212.0,203.48650463495716
33,216.0,206.1581124041595
34,214.0,208.738906489194
35,212.0,210.65759219116487
36,214.0,212.9115100341525
37,214.0,208.30063015660923
38,218.0,207.41114241708553
39,216.0,210.32539651959686
40,216.0,211.53449866926212
41,214.0,213.01203776950848
42,216.0,214.95622961092198
43,220.0,215.85492464363645
44,220.0,214.4318339881727
45,220.0,214.29557216675212
46,218.0,215.18624981891742
47,220.0,213.97056185455457
48,220.0,213.55173605628954
49,216.0,214.28322644073288
50,216.0,212.59303659423026
51,216.0,213.28596748735632
52,214.0,217.01930871384795
53,216.0,214.0549681599394
54,218.0,211.534700556754
55,218.0,213.63614440094196
56,218.0,213.54740975008704
57,216.0,214.4352558791969
58,216.0,214.65351257207138
59,214.0,214.202318498907
60,212.0,214.58970694792978
61,214.0,211.75773015543427
62,212.0,212.01027713291626
63,212.0,212.00649735042919
64,212.0,210.45823135182428
65,212.0,209.95796638252494
66,212.0,208.21605663128162
67,206.0,206.5634902522703
68,200.0,205.05274167924173
69,194.0,203.16886015731222
70,188.0,199.01718459604592
71,182.0,192.71882913716877
72,178.0,187.50376729222754
73,179.0,181.17122962992545
74,184.0,177.04368676137665
75,182.0,176.6724625669445
76,181.0,177.09901616976023
