,y_actual,y_predict
0,63.0,51.40792464601533
1,59.0,51.63496615380854
2,57.00000000000001,51.89023450866134
3,58.0,53.41996244708152
4,54.99999999999999,54.31274021629752
5,53.0,52.153025612911556
6,52.00000000000001,52.50399705062611
7,56.0,50.369616854283606
8,54.0,49.96157234340278
9,54.0,53.20423212363407
10,54.99999999999999,53.16915001333464
11,54.0,50.31322329405252
12,53.0,52.68882456899491
13,53.0,56.04834854729944
14,53.0,55.58731405425224
15,52.00000000000001,53.40820627196403
16,51.0,53.87403944927914
17,51.0,53.694383445284274
18,51.0,53.1184631590813
19,52.00000000000001,51.8036296830644
20,51.0,50.96974103043434
21,53.0,52.0274299742907
22,53.0,52.59278473635995
23,53.0,51.33025571618545
24,52.00000000000001,50.75536973285726
25,51.0,51.005550760779414
26,50.0,51.07992435354312
27,51.0,50.40106687774368
28,51.0,50.23657664031981
29,51.0,49.72171029067326
30,51.0,49.061211690901274
31,51.0,49.20567133020937
32,51.0,50.01818238563091
33,50.0,49.083870139925665
34,50.0,48.66135741557545
35,51.0,49.9261955770518
36,50.0,49.83686668632535
37,50.0,49.30370760792822
38,50.0,48.75963422884658
39,50.0,48.72457015871356
40,50.0,48.249392175192526
41,50.0,48.70129834403086
42,50.0,48.86736408932214
43,50.0,48.7770129224985
44,50.0,48.71398659441341
45,50.0,49.01784313082594
46,50.0,48.77737973921573
47,50.0,48.657581007404715
48,50.0,48.559478582409
49,50.0,48.38773619808401
50,50.0,48.36667731048226
51,50.0,48.77605679367821
52,50.0,48.71559216922486
53,50.0,48.67722073524804
54,50.0,48.73173811817138
55,50.0,48.712236698270615
56,50.0,48.71751044025426
57,50.0,48.68727512133317
58,50.0,48.60905897312186
59,50.0,48.631795596200746
60,50.0,48.74037334449808
61,50.0,48.73848514041272
62,50.0,48.73143143534223
63,50.0,48.73269424699167
64,50.0,48.73024679774727
65,50.0,48.746639295634864
66,50.0,48.74353037362171
67,50.0,48.744330154333014
68,50.0,48.748816142382964
69,50.0,48.7466633491901
70,50.0,48.747817919841026
71,50.0,48.754017723700926
72,50.0,48.75184087695284
73,50.0,48.74892438338149
74,50.0,48.75048786447128
75,50.0,48.75039165025038
76,50.0,48.748425272110524
77,50.0,48.75005490047718
78,50.0,48.749309240265134
79,50.0,48.748184736558244
80,50.0,48.75216559994841
81,50.0,48.75222573383648
82,50.0,48.75152216734607
83,50.0,48.75315780910155
84,50.0,48.75173864934311
85,50.0,48.752129519615565
86,50.0,48.75282707271717
87,50.0,48.75357874631803
88,50.0,48.75381928187031
89,50.0,48.753626853428486
90,50.0,48.75302551454779
