,y_actual,y_predict
0,53.0,56.11812846766915
1,58.0,56.25114204209422
2,54.0,52.2809442587044
3,52.0,48.858475728829895
4,56.0,47.53721055451134
5,61.0,47.92003927285244
6,66.0,55.76570784082815
7,70.0,64.91357766217672
8,64.0,59.8073728404859
9,63.0,61.157334427585155
10,65.0,62.475795306011065
11,67.0,62.46567073961374
12,70.0,65.23933895910244
13,75.0,66.95491326876788
14,82.0,65.34155818995163
15,90.0,63.47516964084819
16,87.0,64.13811841768107
17,89.0,68.33975130186035
18,89.0,77.09044684403963
19,83.0,74.9769985040128
20,75.0,78.1867281209029
21,68.0,81.03363409913702
22,62.0,75.65712491596922
23,56.0,76.76549508913575
24,56.0,71.87006088218016
25,59.0,66.67748110143359
26,63.0,76.99110333926149
27,65.0,58.41350285816938
28,69.0,58.68695080888638
29,65.0,60.467937965810016
30,65.0,60.78715943306909
31,63.0,63.834434337004566
32,64.0,65.08135656898415
33,64.0,65.64039295518359
34,64.0,65.93793933164221
35,63.0,65.69033058657003
36,63.0,65.89225576421369
37,62.0,66.36469496413571
38,61.0,66.52204241933491
39,61.0,65.35323570133856
40,63.0,64.88878874471058
41,62.0,63.938984308119245
42,62.0,64.92314136939552
43,62.0,64.92741395228856
44,59.0,65.65171067011636
45,62.0,65.3954138989013
46,61.0,64.91141888345182
47,59.0,64.78503773336908
48,57.0,64.08508547856407
49,56.0,64.00770278529995
50,58.0,63.64601475420238
51,57.0,63.00467228355372
52,57.0,63.687285523943245
53,60.0,62.520518534374474
54,59.0,61.64449353538143
55,58.0,61.94562993969509
56,58.0,62.18577026278148
57,58.0,62.331694180561385
58,56.0,62.89129142593936
59,56.0,62.31066989805301
60,57.0,62.25589882459499
61,57.0,61.721529660002204
62,57.0,61.68773260337147
63,57.0,61.72441596832191
64,58.0,61.51416520655168
65,54.0,61.56848918000417
66,55.0,61.378506069963734
67,57.0,61.58539961334927
68,56.0,61.696968260882066
69,61.0,61.638511919331165
70,65.0,61.0267574159121
71,62.0,60.61703920374753
72,63.0,60.40335185672773
73,58.0,61.27527887993048
74,60.0,64.05142334560364
75,61.0,65.44863731849402
