,y_actual,y_predict
0,53.0,53.58906892575995
1,58.0,50.53928338333191
2,54.0,54.47457297398259
3,52.0,51.984323829002776
4,56.0,52.40111098326655
5,61.0,56.65859300748521
6,66.0,54.007094203115955
7,70.0,56.91451675443532
8,64.0,62.54892658087944
9,63.0,68.05081490746079
10,65.0,69.50971545330295
11,67.0,65.80726178860698
12,70.0,63.64014425176296
13,75.0,64.2138105967231
14,82.0,63.67822182797323
15,90.0,66.649046599307
16,87.0,70.39516262193908
17,89.0,73.71099647771456
18,89.0,79.62439141648258
19,83.0,81.95682153480766
20,75.0,80.85740063704759
21,68.0,78.38318690572751
22,62.0,76.67612006258733
23,56.0,77.82771343037092
24,56.0,67.60760123275205
25,59.0,70.31443726088217
26,63.0,63.3142586134156
27,65.0,68.12208106100434
28,69.0,74.68720759303463
29,65.0,66.04399991875191
30,65.0,70.00707717158035
31,63.0,68.35108092182286
32,64.0,62.65972007869851
33,64.0,61.74154862888869
34,64.0,61.45084632174541
35,63.0,62.76300017997502
36,63.0,63.57229351897169
37,62.0,64.564101546023
38,61.0,64.559797216384
39,61.0,63.84979711648438
40,63.0,61.99859409419586
41,62.0,61.739702026499
42,62.0,61.940471093477484
43,62.0,62.43269909837782
44,59.0,63.4403222960388
45,62.0,63.40198016361224
46,61.0,62.49092527602055
47,59.0,61.8932081254377
48,57.0,60.416992375239516
49,56.0,60.169735489934986
50,58.0,61.18940128656138
51,57.0,60.87848423893156
52,57.0,60.30519885492288
53,60.0,59.69329620002269
54,59.0,59.57233580681168
55,58.0,59.712233133984554
56,58.0,60.150848821654215
57,58.0,59.273077751633664
58,56.0,59.11292864610398
59,56.0,58.87690217218086
60,57.0,58.74423516639913
61,57.0,58.484345721766864
62,57.0,58.193265099234296
63,57.0,58.810424486152115
64,58.0,59.00068273465749
65,54.0,58.531955258449976
66,55.0,58.532936762012405
67,57.0,58.17036246759028
68,56.0,58.15916644851699
69,61.0,57.54176102431802
70,65.0,57.28030011576101
71,62.0,57.80470873881057
72,63.0,57.83192099121791
73,58.0,59.323499520895915
74,60.0,59.539044052554054
75,61.0,59.658030856391555
