,y_actual,y_predict
0,127.0,127.2587159838871
1,127.0,126.66097838039742
2,126.0,124.80461370796537
3,118.0,125.47993248066905
4,120.0,125.85686809538315
5,117.0,123.05760604729545
6,128.0,122.92260852608183
7,140.0,123.54774478384454
8,154.0,121.64852701414452
9,169.0,117.92802063816701
10,163.0,126.08935447771051
11,149.0,137.64840431861177
12,139.0,146.5251003282719
13,133.0,140.51119432491788
14,120.0,141.41481378945397
15,129.0,150.93762179483153
16,125.0,151.26747991836493
17,121.0,144.01013608651382
18,121.0,132.92754332397675
19,117.0,131.0325378323369
20,116.0,134.03010777933844
21,115.0,125.0431277269225
22,119.0,120.66430650415327
23,120.0,122.51555761371806
24,117.0,124.226221755439
25,115.0,121.6006895897695
26,116.0,121.92449786427684
27,115.0,123.63754882894466
28,113.0,120.74826532351436
29,114.0,115.94889882108332
30,109.0,117.03989499314656
31,118.0,120.36009629420346
32,111.0,115.93575985212595
33,111.0,110.82771912119361
34,120.0,114.32709503417159
35,121.0,118.64499640425356
36,118.0,115.48927991703755
37,119.0,113.08470859243226
38,115.0,114.5403919254126
39,116.0,121.75590712263678
40,117.0,122.24112951547355
41,115.0,122.11162316786414
42,116.0,120.68763221267011
43,112.0,121.42808580853293
44,116.0,122.00690316210341
45,116.0,119.39684967113391
46,123.0,119.39268181786629
47,122.0,120.53065922739296
48,124.0,119.69025523304563
49,120.0,119.70716223213739
50,116.0,122.20371576288511
51,123.0,122.12892595147163
52,120.0,121.63814103612135
53,120.0,122.5246377720805
54,120.0,122.44728074613816
55,112.0,121.19969794987264
56,116.0,122.41807346432472
57,116.0,123.86822389131996
58,115.0,123.25041503192148
59,115.0,120.23275329937218
60,115.0,118.93668689993048
61,115.0,121.6060219110851
62,113.0,121.4849926216237
63,113.0,119.2043987772602
64,114.0,117.74887564277431
65,114.0,119.24799834566412
66,114.0,119.3347249642236
67,114.0,120.33381566387705
68,119.0,120.21357525103542
69,121.0,119.65979328739324
70,122.0,118.27623023965398
71,122.0,118.17614925920341
72,121.0,119.35708544315617
73,121.0,119.83258957606434
74,122.0,122.15433020179894
75,122.0,120.25196231044315
76,130.0,120.86284494081646
77,138.0,120.45603499929729
78,148.0,120.98640375104331
79,146.0,121.66040458823375
80,140.0,122.72722290348608
81,137.0,131.37335339827078
82,137.0,134.23043919389914
83,137.0,136.17269747796087
84,137.0,134.2920176777916
85,137.0,136.64790973661624
