,y_actual,y_predict
0,127.0,129.11000882583278
1,127.0,128.64113071804843
2,126.0,128.22882691051336
3,118.0,127.1334898977326
4,120.0,125.43092049170231
5,117.0,126.97114218565605
6,128.0,128.15127872334233
7,140.0,128.92340921562436
8,154.0,126.55250111414898
9,169.0,125.71474308737191
10,163.0,127.20052960214942
11,149.0,127.9533655992899
12,139.0,132.83393153567008
13,133.0,141.2952552298682
14,120.0,137.94379940447305
15,129.0,148.30394104523796
16,125.0,152.11155905464398
17,121.0,159.38445627561893
18,121.0,151.30639738287195
19,117.0,144.50759347108922
20,116.0,141.63108108387166
21,115.0,139.75566894506892
22,119.0,134.38719813244842
23,120.0,133.290011601125
24,117.0,135.73069456072406
25,115.0,131.4461440940181
26,116.0,132.80985397119395
27,115.0,130.32904801976193
28,113.0,122.38303576503647
29,114.0,119.44242546970477
30,109.0,120.2966724986616
31,118.0,115.44139537545828
32,111.0,116.85750025686625
33,111.0,112.69962641310283
34,120.0,115.90543252705714
35,121.0,123.73529952709346
36,118.0,121.8661667654118
37,119.0,122.52841926427325
38,115.0,127.61652470608621
39,116.0,130.1574458156672
40,117.0,128.99661454276912
41,115.0,127.60056072418243
42,116.0,125.78601055121604
43,112.0,123.25213952159713
44,116.0,124.4178447327237
45,116.0,122.2725755375919
46,123.0,120.58541211114645
47,122.0,118.84922121436715
48,124.0,123.42516331905448
49,120.0,127.24385521766575
50,116.0,128.62082522232419
51,123.0,130.45340041832898
52,120.0,129.42516503543345
53,120.0,127.39206103743727
54,120.0,127.01597689791431
55,112.0,127.37046183790484
56,116.0,127.04617835273747
57,116.0,126.45971656932842
58,115.0,122.88826143038733
59,115.0,121.42080283496128
60,115.0,118.08055114418603
61,115.0,119.9883186671492
62,113.0,121.42017011821845
63,113.0,119.25653732928058
64,114.0,123.25501770967406
65,114.0,123.95379681147816
66,114.0,124.14630020737947
67,114.0,123.3258873696937
68,119.0,120.6784820516042
69,121.0,121.249541220943
70,122.0,121.62246312295767
71,122.0,122.36086510112675
72,121.0,121.9470118106747
73,121.0,122.7429169711198
74,122.0,124.70204090051274
75,122.0,125.28830950338435
76,130.0,127.31881195860286
77,138.0,125.86568035878427
78,148.0,128.8482054459164
79,146.0,129.587676984622
80,140.0,127.4239762122894
81,137.0,129.01959023776865
82,137.0,130.9943301548568
83,137.0,133.6289428154402
84,137.0,134.79075648204696
85,137.0,137.75023469354596
