,y_actual,y_predict
0,157.0,148.66265172686633
1,157.0,158.22660856395566
2,154.0,167.77607099739197
3,144.0,164.9822988327186
4,134.0,165.76117723124304
5,125.0,160.66779443576826
6,123.0,176.46040206548741
7,144.0,177.32499699842066
8,134.0,164.56413904235404
9,128.0,149.1200783694665
10,122.0,143.4035864179833
11,124.0,134.35896052332998
12,123.0,128.5774744213432
13,118.0,143.67914101711415
14,111.0,142.279041704656
15,106.0,127.96958921706218
16,103.0,126.89055542919482
17,96.0,128.8927035613394
18,90.0,124.64440565213383
19,84.0,127.98367593208548
20,79.0,122.56592318838918
21,74.00000000000003,117.09435554556342
22,69.0,111.23995755073696
23,69.0,107.08041774769123
24,65.0,99.99651667466844
25,61.00000000000003,97.14797476118014
26,56.99999999999997,91.26819278482651
27,54.0,85.10035733424522
28,51.0,79.42220957125656
29,50.0,77.02748947458943
30,50.0,74.611333538915
31,62.0,71.30171724245491
32,57.99999999999997,66.67640390854692
33,54.0,-0.26373025413158757
34,51.0,-52.742848316775735
35,50.0,-76.14301697148301
36,57.99999999999997,-53.94806173555645
37,56.99999999999997,53.704331056315766
38,54.0,50.251272734066106
39,53.0,-69.38720868759043
40,52.0,-68.93864390836364
41,51.0,16.890069245523193
42,50.0,165.40655249523343
43,51.0,271.7143881861294
44,51.0,225.9370328423131
45,53.0,116.54702283145116
46,52.0,118.46443610049283
47,51.0,110.6779587746012
48,50.0,135.39587363855338
49,50.0,111.6229381038118
50,50.0,65.84783041178335
51,50.0,68.00731416907408
52,50.0,65.25256209772883
53,50.0,52.008410728368034
54,50.0,55.78163336876372
55,50.0,56.8217114351919
56,50.0,58.5846643567921
57,50.0,61.765300845171225
58,50.0,60.96176801319396
59,50.0,60.62312896293054
60,50.0,57.75113422458239
61,50.0,59.37103135172649
62,50.0,58.064625323578014
