,y_actual,y_predict
0,55.0,60.82083638189822
1,56.0,61.03108997818431
2,57.0,60.00763733109374
3,56.0,60.145554788420725
4,55.0,60.21776890481431
5,55.0,60.493092486812785
6,54.0,60.98773419853588
7,55.0,61.11733378431336
8,53.0,60.778317328413344
9,54.0,60.79792809787169
10,54.0,60.2277660392893
11,55.0,60.422830731467506
12,55.0,60.223257014963465
13,55.0,59.95710255717396
14,56.0,60.264152006207276
15,56.0,60.553031714175034
16,55.0,60.655646881177816
17,56.0,60.75024051714735
18,55.0,60.78637081773758
19,54.0,60.913384687245724
20,54.0,60.671997904957315
21,53.0,60.701643577779976
22,53.0,60.87300974455496
23,52.0,60.667628334992074
24,53.0,60.443315995978736
25,56.0,60.35779270404609
26,55.0,60.29265589645259
27,55.0,59.6186468240155
28,53.0,59.667423891931975
29,55.0,60.10320133698906
30,55.0,60.95141505349902
31,55.0,60.86086849928586
32,55.0,59.727461899466306
33,58.0,59.8351845824258
34,56.0,60.64488274771958
35,56.0,60.795385961090055
36,56.0,60.821359335750444
37,55.0,60.574557075792356
38,55.0,60.81745461365385
39,54.0,60.81077823614047
40,54.0,61.03080816416395
41,55.0,61.008899303055
42,56.0,61.126215283903605
43,56.0,60.95478520054668
44,56.0,59.95588233151877
45,55.0,59.51113913319525
46,54.0,60.37507051826368
47,54.0,60.791266246854214
48,54.0,60.81945345948901
49,54.0,60.85190855661778
50,54.0,60.403513397226234
51,54.0,60.22590374251555
52,53.0,60.36471022139132
53,56.0,60.62119003291471
54,54.0,60.20696990776592
55,53.0,59.961184502520474
56,53.0,60.3299221690218
57,54.0,59.960301291570055
58,53.0,60.26872204181586
59,52.0,60.05624298635865
60,52.0,59.90577173127913
61,52.0,60.05022320645973
62,52.0,60.109421582531326
63,51.0,60.190711853560146
64,50.0,59.97028099424997
65,50.0,59.27576922550658
66,50.0,59.586264359366204
67,50.0,59.46651664310477
68,50.0,59.23087654259245
69,50.0,59.18950508228328
