,y_actual,y_predict
0,3500.0,3530.0154677802116
1,3530.0,3515.8693613074297
2,3540.0,3525.7955642621837
3,3540.0,3532.9987750885034
4,3540.0,3530.4849648929594
5,3540.0,3521.0628918894886
6,3540.0,3523.761663683615
7,3540.0,3522.1030920522426
8,3530.0,3515.683612013843
9,3530.0,3511.415937110535
10,3540.0,3517.787614873655
11,3530.0,3525.2817760375106
12,3530.0,3531.272997113404
13,3490.0,3533.392251910806
14,3600.0,3526.7361467485216
15,3620.0,3544.73338676884
16,3690.0,3561.3019951707984
17,3680.0,3561.552183578929
18,3500.0,3558.780125259374
19,3580.0,3560.2372734962346
20,3570.0,3564.1859061810082
21,3540.0,3563.0721105928237
22,3540.0,3543.1809222880884
23,3500.0,3544.255781031045
24,3520.0,3528.8621819009627
25,3530.0,3531.725764716887
26,3530.0,3525.358941832129
27,3500.0,3518.5067495228636
28,3540.0,3513.2212388169332
29,3530.0,3518.7509324001257
30,3530.0,3523.7420150693333
31,3530.0,3518.836906993129
32,3530.0,3517.33273902766
33,3480.0,3520.2165470712025
34,3480.0,3519.1271005256604
35,3480.0,3513.0958073970323
36,3480.0,3508.2474004903265
37,3480.0,3499.80465761717
38,3470.0,3495.876961917102
39,3470.0,3493.156266267118
40,3470.0,3488.4198202867315
41,3450.0,3483.222765228051
42,3450.0,3475.1443209978593
43,3450.0,3466.388451341204
44,3450.0,3466.7088707389125
45,3450.0,3466.5173115511247
46,3450.0,3465.1013345361716
47,3450.0,3466.1675415049112
48,3450.0,3467.1639525182422
49,3450.0,3463.3635068868357
50,3460.0,3460.2520678577944
51,3600.0,3461.7518571657374
52,3600.0,3497.1406068267884
53,3600.0,3531.5746147976693
54,3460.0,3528.9600929048693
55,3450.0,3530.3804331323477
56,3450.0,3525.638653357932
57,3450.0,3489.4645587455666
58,3450.0,3472.1780829888344
59,3450.0,3466.305267144884
60,3490.0,3476.769162036118
61,3390.0,3479.940130600299
62,3450.0,3458.6979687812
63,3450.0,3423.5395600596216
64,3450.0,3426.0080880890673
65,3450.0,3437.379299510611
66,3450.0,3430.5227903238206
67,3450.0,3467.673871770393
68,3450.0,3472.2403096071153
69,3470.0,3447.532106358358
70,3470.0,3450.9145382106517
71,3450.0,3456.1527408813054
72,3450.0,3441.937525755619
73,3500.0,3434.4927988887193
74,3490.0,3479.725948348629
75,3580.0,3496.0808178991283
76,3580.0,3490.456398038871
77,3580.0,3523.6238556703083
78,3580.0,3535.30854396202
79,3380.0,3524.6177645936245
80,3390.0,3501.578536470884
81,3390.0,3489.2404925787087
82,3390.0,3449.835133489335
83,3420.0,3434.9285383796027
84,3420.0,3423.384214248713
85,3420.0,3454.941541400051
