,y_actual,y_predict
0,3500.0,3499.9869047569864
1,3530.0,3516.3337281059803
2,3540.0,3494.8070236937574
3,3540.0,3495.2295210276884
4,3540.0,3531.1519726668625
5,3540.0,3534.4050526433994
6,3540.0,3536.4884492989245
7,3540.0,3535.237543296604
8,3530.0,3535.8823102703773
9,3530.0,3534.754253798776
10,3540.0,3528.8799076127334
11,3530.0,3520.94460378213
12,3530.0,3524.0810199504836
13,3490.0,3530.4731932287236
14,3600.0,3539.3452594823093
15,3620.0,3543.2951895470906
16,3690.0,3547.667596996011
17,3680.0,3537.585687847012
18,3500.0,3551.114097282846
19,3580.0,3558.48154766596
20,3570.0,3553.734573223181
21,3540.0,3566.285895914964
22,3540.0,3574.8711124785373
23,3500.0,3554.837989771305
24,3520.0,3552.4918479225753
25,3530.0,3555.7036665813707
26,3530.0,3544.7999392742295
27,3500.0,3541.99069454279
28,3540.0,3528.14341535759
29,3530.0,3514.4576882991687
30,3530.0,3508.7639623795994
31,3530.0,3496.594064905257
32,3530.0,3516.987563868973
33,3480.0,3517.0147547916326
34,3480.0,3512.2096041818463
35,3480.0,3518.1693972567227
36,3480.0,3519.1410138965753
37,3480.0,3516.5499529589124
38,3470.0,3521.4103271665217
39,3470.0,3515.210055440238
40,3470.0,3504.2802415279443
41,3450.0,3507.146809090136
42,3450.0,3511.285213203937
43,3450.0,3500.0042018700046
44,3450.0,3491.4842063241044
45,3450.0,3482.9809036055935
46,3450.0,3478.0342220939374
47,3450.0,3473.2816140873756
48,3450.0,3473.198102971887
49,3450.0,3472.068432497776
50,3460.0,3470.754370603003
51,3600.0,3468.8017892369935
52,3600.0,3469.9066087059587
53,3600.0,3473.099754359645
54,3460.0,3480.29851380823
55,3450.0,3492.6675159964457
56,3450.0,3518.043448429319
57,3450.0,3512.079392534418
58,3450.0,3514.933247574452
59,3450.0,3500.0625942670126
60,3490.0,3483.8457930424256
61,3390.0,3498.3030625312995
62,3450.0,3498.8648467372955
63,3450.0,3502.3784162934817
64,3450.0,3474.3587612645124
65,3450.0,3455.3234833814527
66,3450.0,3460.656160543492
67,3450.0,3452.3576675357635
68,3450.0,3431.273401883213
69,3470.0,3459.500133176727
70,3470.0,3475.154691028337
71,3450.0,3451.408047150206
72,3450.0,3466.3360850683976
73,3500.0,3456.4644544472962
74,3490.0,3447.6619859382845
75,3580.0,3452.4202120636296
76,3580.0,3470.691701228053
77,3580.0,3477.8914407906022
78,3580.0,3476.4238208436805
79,3380.0,3500.9706521573266
80,3390.0,3516.6710777979547
81,3390.0,3546.392148888547
82,3390.0,3510.764474729223
83,3420.0,3496.4545038844403
84,3420.0,3480.9331115365267
85,3420.0,3460.510370039306
