,y_actual,y_predict
0,6775.0,6813.950975497911
1,6800.0,6751.676123637246
2,6625.0,6751.586852585029
3,6575.0,6741.698864002097
4,6575.0,6713.018709152531
5,6550.0,6721.027249394319
6,6550.0,6695.722930605437
7,6925.0,6606.887867475381
8,7075.0,6506.054018806422
9,7100.0,6567.215543569151
10,7125.0,6675.150343449026
11,7000.0,6691.010345906296
12,7025.0,7008.945783637595
13,7025.0,7004.982978213086
14,6975.0,7008.078683663192
15,6975.0,7036.013205707764
16,7000.0,6972.162939294451
17,7050.0,6992.034529171977
18,6975.0,6930.556287301861
19,6975.0,6880.16448569519
20,7100.0,6898.5206628748365
21,7000.0,6957.916889166469
22,6950.0,6960.207935596728
23,6750.0,6970.5602068241815
24,6850.0,6999.785988296178
25,6825.0,7026.608768657676
26,6750.0,6977.930678561599
27,6825.0,6914.7899462764235
28,6750.0,6822.496849422852
29,6725.0,6803.387722138852
30,6775.0,6767.090502563367
31,6725.0,6757.113364883208
32,6725.0,6803.931153571473
33,6725.0,6719.464762070543
34,6725.0,6697.1111442494075
35,6775.0,6697.754334863332
36,6700.0,6662.53666085373
37,6700.0,6639.66327086791
38,6725.0,6666.044452212908
39,6600.0,6671.434618832975
40,6625.0,6643.694493041454
41,6600.0,6659.570715512311
42,6500.0,6631.007515497548
43,6425.0,6603.6424012983325
44,6375.0,6580.150211696462
45,6500.0,6575.787393906828
46,6525.0,6556.775708659332
47,6550.0,6537.186688492169
48,6400.0,6459.717342551212
49,6400.0,6486.741348645167
50,6550.0,6477.746436449374
51,6500.0,6471.729421183958
52,6525.0,6463.532338528608
53,6525.0,6405.391029077567
54,6425.0,6428.007825765757
55,6450.0,6490.424999099014
56,6525.0,6468.573226059127
57,6450.0,6404.515026388939
58,6500.0,6424.823702948359
59,6475.0,6415.627199155142
60,6500.0,6379.971828688699
61,6500.0,6427.685986548816
62,6500.0,6419.341826176288
63,6500.0,6420.554546590559
64,6450.0,6426.413508189755
65,6400.0,6428.58186790071
66,6400.0,6425.610068719801
67,6450.0,6429.389697750281
68,6400.0,6401.713720283167
69,6400.0,6367.241069303611
70,6425.0,6343.146787919232
71,6350.0,6356.356464547568
72,6375.0,6370.145915195357
73,6375.0,6322.993482016267
74,6375.0,6323.767652288772
75,6400.0,6338.098583089352
76,6375.0,6297.347201437197
