,y_actual,y_predict
0,6775.0,6929.680650478202
1,6800.0,6902.783965393146
2,6625.0,6864.62254185019
3,6575.0,6817.212295823578
4,6575.0,6900.043636782058
5,6550.0,6852.279477376301
6,6550.0,6811.5889512638405
7,6925.0,6800.409093478538
8,7075.0,6728.859198811503
9,7100.0,6775.465151683236
10,7125.0,6778.185967496027
11,7000.0,6690.446182125482
12,7025.0,6743.667827305437
13,7025.0,6689.932873575233
14,6975.0,6749.997779073569
15,6975.0,6785.996208925103
16,7000.0,6836.933393244225
17,7050.0,6859.4489672912405
18,6975.0,6852.421676893903
19,6975.0,6904.058151122059
20,7100.0,6848.549362071505
21,7000.0,6867.307990716064
22,6950.0,6949.670536695415
23,6750.0,6974.272028880572
24,6850.0,6930.379452567277
25,6825.0,6948.948807068337
26,6750.0,6957.294186990759
27,6825.0,6972.1141572987035
28,6750.0,7011.690014808344
29,6725.0,7041.049946768644
30,6775.0,7005.054199926877
31,6725.0,6908.986840062358
32,6725.0,6895.44227503322
33,6725.0,6877.617821607217
34,6725.0,6846.136848471837
35,6775.0,6848.796686789942
36,6700.0,6796.4867771105
37,6700.0,6744.2844317316785
38,6725.0,6764.3918825586425
39,6600.0,6763.242578738842
40,6625.0,6755.364530335678
41,6600.0,6727.441472060105
42,6500.0,6719.423175419168
43,6425.0,6658.256162681918
44,6375.0,6666.523613366133
45,6500.0,6664.900270502661
46,6525.0,6637.130387693735
47,6550.0,6634.6642138987445
48,6400.0,6645.757727551574
49,6400.0,6609.802347811287
50,6550.0,6566.327467336577
51,6500.0,6519.916276582863
52,6525.0,6504.827883343321
53,6525.0,6501.757544531003
54,6425.0,6490.874403234833
55,6450.0,6482.775616300913
56,6525.0,6433.924715984902
57,6450.0,6427.784404225235
58,6500.0,6421.276764037593
59,6475.0,6409.152852679597
60,6500.0,6427.695133173018
61,6500.0,6400.350141547048
62,6500.0,6389.2235780921
63,6500.0,6375.227291782345
64,6450.0,6361.768948930689
65,6400.0,6377.681148123409
66,6400.0,6351.200329552097
67,6450.0,6378.116161570483
68,6400.0,6385.473340214059
69,6400.0,6364.168901166453
70,6425.0,6365.3451570389025
71,6350.0,6365.4112566431395
72,6375.0,6334.522496936128
73,6375.0,6313.226960602746
74,6375.0,6296.37473235198
75,6400.0,6299.378605695093
76,6375.0,6299.000667183042
