,y_actual,y_predict
0,139.0,152.4574479554383
1,139.0,154.12039656938148
2,139.0,154.72749464980103
3,139.0,153.30079619102528
4,138.0,154.13518379960655
5,135.0,153.08781200226312
6,137.0,153.07250936842127
7,135.0,154.17261065372497
8,136.0,153.63434091280251
9,133.0,153.85404268278526
10,146.0,154.36908343693418
11,132.0,153.69129647929773
12,119.0,113.19239643723589
13,108.0,85.97695914216786
14,98.0,58.62136904296604
15,104.0,52.500981139595496
16,108.0,4.529385042614507
17,111.0,48.34930562363253
18,100.0,136.36424274611198
19,90.0,116.16590088731411
20,81.0,126.16041830339543
21,73.0,124.54182444644653
22,69.0,-15.970643585253157
23,68.0,93.19819832399747
24,66.0,107.94422399444623
25,70.00000000000001,105.39866633218818
26,71.0,121.22261128698956
27,68.0,131.66382185293475
28,68.0,275.3883430051128
29,63.0,227.46227807965943
30,62.0,162.1035178581683
31,61.0,141.0434789327805
32,59.999999999999986,67.14601543587818
33,62.0,54.09038419977311
34,59.0,186.21064145580456
35,62.0,163.5046105221238
36,58.0,194.20399223520974
37,58.0,246.84882226238932
38,59.0,126.79501189559562
39,58.0,138.02540709282573
40,59.0,107.35750515793251
41,59.0,66.52275147833933
42,58.0,71.46803762525603
43,57.0,98.55676883476627
44,58.0,111.41896423991528
45,58.0,117.08767367682371
46,58.0,117.97975644453413
47,63.0,108.2434261945113
48,69.0,108.75723044222534
49,74.0,106.81230520290723
50,66.99999999999999,108.95581106444132
51,66.0,102.34462948918056
52,71.0,100.28755889428561
53,64.0,101.05969822658493
54,58.0,103.3220704917569
55,53.000000000000014,90.73176782866432
56,48.0,89.04787718704543
57,51.0,81.94728867608312
58,47.0,76.77331124184069
59,46.0,52.98157767804511
60,46.0,54.67241586796918
61,48.0,60.914189412387
62,47.0,66.79182452347881
63,47.0,98.17624380214426
64,48.0,157.66917234873605
65,46.0,100.86754743783037
66,47.0,79.6429306615725
67,47.0,94.84442521073238
68,46.0,86.17025167705108
69,46.0,87.3132828479152
70,46.0,127.02425325494286
71,46.0,132.63477755260215
72,46.0,121.19693817768352
73,46.0,119.82619567973367
74,46.0,122.2924089197306
75,46.0,111.94596559369138
76,45.0,55.83610940804431
77,47.0,73.70745016159778
78,45.0,112.59435258851477
79,45.0,85.46391297690363
80,45.0,102.08387223871908
81,45.0,109.42947392194763
82,44.0,97.61664952548071
83,44.0,104.97474570176908
84,42.999999999999986,101.7850860595106
85,42.0,100.3196572145991
86,40.0,104.60817123520498
87,39.0,105.82302609573371
88,39.0,96.9371071909521
