,y_actual,y_predict
0,139.0,142.71103613332394
1,139.0,145.27179011298273
2,139.0,144.7822930394289
3,139.0,143.48821394044208
4,138.0,143.91085183988667
5,135.0,142.5203876421071
6,137.0,141.42634986078832
7,135.0,142.198325095972
8,136.0,140.82761726642684
9,133.0,139.27732710045035
10,146.0,140.4534804651806
11,132.0,139.7890027081148
12,119.0,-151.17684879522025
13,108.0,-93.92783043267545
14,98.0,-90.61963258101039
15,104.0,-123.94061045732232
16,108.0,-132.1785075411436
17,111.0,-158.64802868523978
18,100.0,50.62618777179185
19,90.0,46.95405487477511
20,81.0,-10.15800017686982
21,73.0,19.31516381713817
22,69.0,-3.331837512735234
23,68.0,-37.27460940622609
24,66.0,-14.985302808855408
25,70.00000000000001,31.416360004036733
26,71.0,86.77165142734874
27,68.0,109.73072849157192
28,68.0,109.75501486468931
29,63.0,97.5680213097984
30,62.0,92.01032010479211
31,61.0,88.25521878160791
32,59.999999999999986,81.87312602471363
33,62.0,83.89694730825852
34,59.0,73.7945187044297
35,62.0,75.82692850743635
36,58.0,81.09643357526154
37,58.0,85.45261569942002
38,59.0,70.96893278114179
39,58.0,77.5013477408867
40,59.0,80.13594311136458
41,59.0,74.14411489759067
42,58.0,73.15040747952135
43,57.0,74.86158446687908
44,58.0,73.7153453129652
45,58.0,72.6458388948238
46,58.0,72.62315189077732
47,63.0,73.90185208543193
48,69.0,73.29629212656829
49,74.0,82.56860195804992
50,66.99999999999999,79.83705523816893
51,66.0,96.91640321965542
52,71.0,99.34803588156116
53,64.0,105.58790959740054
54,58.0,94.41671879051823
55,53.000000000000014,158.98698254855805
56,48.0,162.84807818561228
57,51.0,92.4720154289903
58,47.0,24.859279629949526
59,46.0,36.50036599435896
60,46.0,16.707877904668948
61,48.0,23.909161952743744
62,47.0,103.662722236501
63,47.0,100.71157197378396
64,48.0,89.76180133414485
65,46.0,82.46989407614117
66,47.0,80.30341461841498
67,47.0,74.87528542042304
68,46.0,68.65332371368719
69,46.0,69.51178737373054
70,46.0,91.44711569158409
71,46.0,57.56063604244487
72,46.0,70.01044846226442
73,46.0,80.31796610348796
74,46.0,66.78223755396121
75,46.0,67.15307854553242
76,45.0,67.80454871714859
77,47.0,64.9571078315274
78,45.0,65.87188222573823
79,45.0,64.5825503869706
80,45.0,65.39894047105003
81,45.0,59.384434498137566
82,44.0,60.82494831619283
83,44.0,65.82744195334568
84,42.999999999999986,62.910349931422104
85,42.0,63.558445711645874
86,40.0,61.20452574575259
87,39.0,63.75401249387849
88,39.0,61.22299707178553
