,y_actual,y_predict
0,760.0,773.0637217299145
1,755.0,775.8861593877177
2,765.0,772.9858678947244
3,760.0,765.4983203475086
4,765.0,764.9680474053117
5,770.0,761.3134365287874
6,765.0,760.6606731884999
7,760.0,760.8714901612038
8,800.0,756.8338496608958
9,755.0,759.5006554937664
10,745.0,767.8988368584752
11,720.0,775.3756204197485
12,720.0,770.0126434191899
13,705.0,747.6917192607247
14,695.0,741.8504818506617
15,695.0,714.9649680500295
16,700.0,709.0372498907329
17,700.0,699.5631826470078
18,695.0,696.7529935233774
19,690.0,682.6322377325855
20,690.0,688.7145774554507
21,695.0,695.6065096903376
22,695.0,698.768314264573
23,700.0,700.9358881688227
24,695.0,698.9701885533527
25,690.0,701.2924548102557
26,680.0,703.6412406807771
27,680.0,702.9068059510968
28,680.0,702.172998210451
29,675.0,699.6683145502938
30,680.0,700.8150249084041
31,675.0,698.0897260549683
32,675.0,696.4871582628872
33,665.0,695.0579711417811
34,670.0,694.3754025630792
35,665.0,692.8803573227966
36,665.0,691.3969659883765
37,670.0,691.7650287771407
38,675.0,690.7673233743762
39,700.0,690.4307071195152
40,700.0,691.8833072247005
41,710.0,694.4500587541929
42,710.0,696.8177068819294
43,715.0,702.3872464312104
44,715.0,706.4074556250839
45,715.0,711.896764848479
46,705.0,716.3159736836112
47,700.0,721.991466289559
48,695.0,720.1199525623579
49,690.0,718.477026901901
50,700.0,712.5342144872328
51,690.0,709.1802397964371
52,685.0,702.1993762459003
53,695.0,700.5148953702663
54,710.0,700.8147377069754
55,730.0,699.3374949101849
56,720.0,701.7487652943676
57,720.0,705.9801524852761
58,705.0,713.7173832464326
59,695.0,717.7200670855163
60,720.0,717.5355664606309
61,720.0,712.9869693367549
62,760.0,716.5996134101389
63,745.0,720.7974162367908
64,745.0,718.3053957325872
65,720.0,726.4800302246445
