,y_actual,y_predict
0,1455.0,1430.526986692189
1,1450.0,1455.818621298345
2,1500.0,1456.6363674511413
3,1515.0,1427.2335441736332
4,1500.0,1459.4986949273448
5,1490.0,1497.977152066708
6,1545.0,1477.3320488982076
7,1610.0,1507.477998572183
8,1610.0,1497.9620841544975
9,1560.0,1504.5212807032474
10,1535.0,1546.989375489666
11,1565.0,1543.7223258109693
12,1530.0,1530.6215919226847
13,1500.0,1542.7631620235104
14,1500.0,1542.4545577450858
15,1485.0,1535.0767032908902
16,1485.0,1539.7287052444444
17,1500.0,1544.6398848854142
18,1580.0,1504.6708561247758
19,1620.0,1581.117476841573
20,1620.0,1540.9902829897064
21,1615.0,1571.479915425628
22,1615.0,1547.7756421825575
23,1585.0,1553.7114398538367
24,1575.0,1565.804111220451
25,1550.0,1568.86169772463
26,1510.0,1548.4175640349108
27,1510.0,1582.1194450165854
28,1500.0,1558.6234832604748
29,1480.0,1551.0816572902822
30,1480.0,1562.2017285146
31,1500.0,1546.3857472485988
32,1590.0,1563.2920887096493
33,1590.0,1550.9601062659858
34,1550.0,1556.1667897394138
35,1550.0,1556.8495485130766
36,1530.0,1567.2389219691515
37,1485.0,1555.9302139203137
38,1465.0,1547.1016170395392
39,1495.0,1548.8699373100949
40,1495.0,1547.472508420031
41,1485.0,1551.509941100722
42,1580.0,1547.3034022970069
43,1565.0,1523.3541555130628
44,1590.0,1549.719018961851
45,1545.0,1527.0191132428704
