,y_actual,y_predict
0,27.0,23.328491331341006
1,27.0,23.27442420367883
2,26.0,23.244093613255878
3,27.0,23.304792454841667
4,28.0,23.972233205624256
5,28.0,23.988019903043856
6,28.0,23.90092088279779
7,28.0,24.228559048697456
8,28.0,24.246920371243824
9,28.0,24.72671134998764
10,28.0,25.428009105927984
11,27.0,26.020268748786705
12,27.0,25.90410590845932
13,28.0,25.963565369332485
14,27.0,25.425989120788632
15,27.0,25.7578247473338
16,27.0,25.775977223958982
17,27.0,26.065221977396405
18,27.0,25.750463784537846
19,27.0,25.830893430120412
20,27.0,25.579131383980705
21,27.0,25.574618942601603
22,27.0,25.517795733520476
23,26.0,25.390375755670725
24,27.0,25.438006320515978
25,27.0,25.522051397127626
26,27.0,25.611132741773154
27,27.0,25.67278337296698
28,27.0,25.825216929508464
29,27.0,25.8113817431557
30,26.0,25.769557779660186
31,27.0,25.630267821339007
32,26.0,25.525132730391046
33,27.0,25.576960755881807
34,27.0,25.50449464493337
35,26.0,25.484329030576088
36,27.0,25.38561680763055
37,26.0,25.307011996080654
38,26.0,25.275757005678678
39,26.0,25.209662407178275
40,26.0,25.251044712906033
41,26.0,25.125973395743735
42,26.0,25.101976657028928
43,26.0,25.097628553423878
44,25.0,25.019400349272843
45,24.0,24.964508109036796
46,24.0,25.007992568790932
47,25.0,25.08101331972678
48,25.0,25.07660358945646
49,25.0,24.872968545187778
50,24.0,24.765080796524497
