,y_actual,y_predict
0,114.00000000000001,56.21515161601491
1,110.0,67.2481511615988
2,109.0,72.47559135066604
3,105.0,87.35764889305332
4,101.0,118.57048263928569
5,101.0,97.67098411151952
6,101.0,90.20288922371685
7,100.0,53.47309233713733
8,100.0,93.14358327075982
9,93.0,109.51283261014731
10,94.0,102.28806020267567
11,91.0,104.30995090150779
12,85.0,101.68843532928014
13,80.0,100.90439016889908
14,81.0,98.72207889675138
15,81.0,96.69017128165157
16,81.0,92.77449738455368
17,82.0,91.64265398859251
18,83.0,90.01713334789565
19,88.0,88.67612038611617
20,89.0,86.85676219429644
21,89.0,87.09970307781725
22,90.0,88.50354322870427
23,90.0,89.2815646108672
24,90.0,89.54263134287243
25,90.0,92.4277349117441
26,90.0,93.98069764467337
27,89.0,93.50302020905096
28,91.0,94.30175684662464
29,91.0,93.91935595743408
30,101.0,95.24563655664846
31,97.0,89.90434423356726
32,101.0,95.38700454636918
33,100.0,92.32492182831083
34,96.0,86.7176974138944
35,94.0,88.22564535167785
36,94.0,94.68377613900498
37,94.0,100.77810888163867
38,92.0,96.26781175505033
39,90.0,98.78749549278524
40,90.0,96.0760184725535
41,90.0,97.58437526406217
42,90.0,96.47279738441398
43,89.0,95.60218426194811
44,90.0,96.72418791158918
45,88.0,95.54681183909693
46,88.0,94.05243784499052
47,87.0,93.14460540507284
48,85.0,94.24867400463464
49,83.0,93.31310765369011
50,83.0,92.88988953426593
51,80.0,92.3520833441224
52,79.0,90.85686438565054
53,81.0,91.42095987032519
54,80.0,88.20634745584786
55,78.0,88.16985044664398
56,73.0,85.91224194676977
57,68.0,82.46943463979429
58,64.0,82.40563983020374
59,60.0,83.10652414287671
60,56.0,78.51990765424884
61,58.0,78.82502156091687
62,58.0,73.54688350992336
