,y_actual,y_predict
0,228.0,210.1542448592546
1,226.0,212.7270222104293
2,224.0,211.8035625186535
3,218.0,210.34172339555596
4,220.0,210.26465654610672
5,220.0,210.02789247755405
6,218.0,212.35715092097058
7,216.0,212.05274775079442
8,208.0,209.92957539984334
9,199.0,209.52545822460064
10,196.0,210.79675887528407
11,194.0,209.47116552416475
12,202.0,206.27130687822506
13,197.0,204.75948073554596
14,202.0,203.46922783233794
15,200.0,202.0206806846868
16,198.0,202.57338013323198
17,197.0,202.65700226083587
18,197.0,204.17811706333558
19,206.0,202.18344993451223
20,199.0,201.79116128700986
21,199.0,199.3522470698125
22,198.0,196.85989886942832
23,198.0,196.99410065246167
24,197.0,194.7772676483193
25,197.0,194.48957318067207
26,197.0,193.71214379966992
27,199.0,193.01638931419984
28,197.0,192.2890437096524
29,197.0,192.04533733545253
30,196.0,193.63735073673928
31,196.0,193.3948659180627
32,198.0,193.82959454904238
33,196.0,195.07513368225455
34,196.0,192.2569688062093
35,193.0,191.76493591711755
36,194.0,192.69562818515993
37,194.0,192.8183159002906
38,193.0,191.47044427913278
39,192.0,191.07602698042155
40,192.0,192.5741620255525
41,191.0,190.9000867012411
42,194.0,188.8263571124602
43,190.0,188.04695631016799
44,189.0,190.10653520625343
45,185.0,191.1777184540827
46,179.0,190.8056519930648
47,184.0,189.33653191526412
48,182.0,188.615802061917
49,182.0,187.31605489053294
50,181.0,187.0755656823647
51,171.0,185.71342242241997
52,160.0,182.04682071510322
53,150.0,183.1503449477767
54,164.0,184.93363459263523
55,166.0,182.44248375855605
56,160.0,177.16208625888882
