,y_actual,y_predict
0,104.0,102.01561762068746
1,106.0,102.06044735029529
2,111.0,101.72267666817883
3,123.0,103.35664627951991
4,117.0,108.25430825430423
5,125.0,108.77125550509878
6,125.0,109.7279282884553
7,123.0,110.24656724789968
8,121.0,110.58111005318035
9,122.0,108.52387142012641
10,130.0,107.68236123593675
11,131.0,110.97046355918033
12,138.0,112.12112772819233
13,135.0,114.69867504482264
14,134.0,115.28944520738756
15,128.0,117.00488614426483
16,125.0,116.65043196115231
17,144.0,116.59641380230212
18,144.0,118.40528894011274
19,142.0,117.38534581356184
20,145.0,118.89332545068672
21,152.0,119.91571765252796
22,142.0,120.72205040967914
23,144.0,123.42415870686432
24,158.0,121.69423876652006
25,160.0,122.48949352511823
26,155.0,126.91692479996175
27,150.0,127.80256890376873
28,151.0,126.0507128114971
29,167.0,128.0151811760573
30,170.0,131.58465125199154
31,180.0,128.90919258736434
32,174.0,134.5967984108432
33,180.0,137.31593151866434
34,183.0,140.3955491628488
35,195.0,142.17716569695654
36,262.0,147.40128072405957
37,244.0,165.5840554881779
38,228.0,167.07992165595823
39,214.0,175.47771728539007
40,216.0,172.204161018393
41,202.0,167.50801737856875
42,192.0,162.82669130378662
43,180.0,152.01447238106928
44,190.0,154.96242914465387
45,186.0,152.0846909311354
46,206.0,155.9230690342594
47,210.0,162.81199245514097
48,236.0,164.52979233078534
49,224.0,165.16350485209924
50,266.0,171.71676425728893
51,260.0,183.92265651493517
52,294.0,179.3167944961822
53,284.0,182.6082373669156
54,282.0,181.6938572998051
55,276.0,187.49860542828475
56,274.0,191.77596598726677
57,302.0,188.66287031927493
58,294.0,194.91845935254995
59,318.0,194.6867952970781
60,312.0,204.00488043202301
61,298.0,209.93067531587653
62,302.0,215.55629359277856
63,288.0,216.16165927675513
64,302.0,212.11680697873098
65,298.0,211.04671496847442
66,292.0,206.27326057312024
67,296.0,209.31517916606697
68,284.0,202.86245056417798
69,272.0,199.28024925394715
70,278.0,198.22452632456827
71,296.0,198.41416477568615
72,286.0,202.56491209937047
73,278.0,198.0845465024076
74,290.0,199.68516889782262
75,306.0,197.2930862715932
76,308.0,200.87732774508208
77,312.0,204.17685212458326
78,310.0,206.6120156120242
79,300.0,206.53335500709724
80,302.0,210.98351387651132
81,326.0,204.7196059016756
82,366.0,207.31267099024208
83,388.0,216.62312310058368
