,y_actual,y_predict
0,50.0,49.650334927363474
1,50.0,49.644639586986116
2,50.0,49.64551202149249
3,50.0,49.649323004781955
4,50.0,49.649419378361145
5,50.0,49.65130077661108
6,50.0,49.65169303398604
7,50.0,49.65029350363207
8,50.0,49.645516671094995
9,50.0,49.650527251830724
10,50.0,49.649019935236865
11,50.0,49.65056740748872
12,50.0,49.65220618102612
13,50.0,49.6520531668346
14,50.0,49.652762442562164
15,50.0,49.648405765015085
16,50.0,49.650182335863086
17,50.0,49.64970765371645
18,50.0,49.649603671696795
19,50.0,49.650900488104526
20,50.0,49.651444491597594
21,50.0,49.65185661545598
22,50.0,49.64991899928486
23,50.0,49.65066758528814
24,50.0,49.6509427572182
25,50.0,49.65124963098353
26,50.0,49.65073817470799
27,50.0,49.651099575629964
28,50.0,49.65075127813323
29,50.0,49.65128682780357
30,50.0,49.65098122211165
31,50.0,49.65117861887254
32,50.0,49.65161018652323
33,50.0,49.65127034284923
34,50.0,49.650062291580234
35,50.0,49.65071450400433
36,50.0,49.65131049850723
37,50.0,49.650896261193154
38,50.0,49.65165837331282
39,50.0,49.65141448052688
40,50.0,49.6505982639417
41,50.0,49.65003693011202
42,50.0,49.65078128920395
43,50.0,49.65054120063824
44,50.0,49.650948674894124
45,50.0,49.65127203361378
46,50.0,49.650791856482364
47,50.0,49.65033873158371
48,51.0,49.650679420639975
49,50.0,49.7263863620803
50,50.0,49.686883339198744
51,50.0,49.16439059807863
52,50.0,49.28871547407465
53,50.0,49.57427377075051
54,50.0,49.5975543304925
