,y_actual,y_predict
0,50.0,50.10970551025945
1,50.0,50.10262374295337
2,50.0,50.112812290114995
3,50.0,50.10758444613495
4,50.0,50.11204087879032
5,50.0,50.11175598496411
6,50.0,50.11218966607048
7,50.0,50.11128637511112
8,50.0,50.11003605472844
9,50.0,50.11224377053599
10,50.0,50.111589021965074
11,50.0,50.112350288702466
12,50.0,50.112690555067594
13,50.0,50.11212837585564
14,50.0,50.111579300068925
15,50.0,50.11163340453444
16,50.0,50.1121313346936
17,50.0,50.11200790888165
18,50.0,50.11232281377857
19,50.0,50.11222939903734
20,50.0,50.11221840906778
21,50.0,50.11148842147451
22,50.0,50.1121520465593
23,50.0,50.11211442704813
24,50.0,50.112053559524426
25,50.0,50.111635095298986
26,50.0,50.11249231292443
27,50.0,50.11245131188416
28,50.0,50.11245131188416
29,50.0,50.11199860967664
30,50.0,50.11179656331325
31,50.0,50.11191364875814
32,50.0,50.11233760796836
33,50.0,50.11146770960881
34,50.0,50.11103022428221
35,50.0,50.11233718527723
36,50.0,50.111579300068925
37,50.0,50.1119774751198
38,50.0,50.1120383426435
39,50.0,50.11183671897124
40,50.0,50.111109267524796
41,50.0,50.11221375946528
42,50.0,50.11136668642711
43,50.0,50.11175513958184
44,50.0,50.11217656264524
45,50.0,50.11192759756565
46,50.0,50.11216641805795
47,50.0,50.112222213288014
48,51.0,50.11216388191113
49,50.0,50.11215416001498
50,50.0,49.861193555578026
51,50.0,49.69427324834356
52,50.0,50.37342124244074
53,50.0,49.89564246053676
54,50.0,50.113947215817326
