,y_actual,y_predict
0,193.0,182.67357716093252
1,194.0,183.63346021936712
2,194.0,183.33777575158788
3,189.0,182.52662575133294
4,188.0,182.18533819356395
5,188.0,181.6254840669364
6,186.0,181.5761815501944
7,181.0,181.42826817970086
8,185.0,181.28862734954723
9,181.0,181.76043570149866
10,179.0,181.457506293958
11,177.0,181.35248215201455
12,168.0,180.88797661915225
13,169.0,180.66695357402094
14,166.0,180.49274358784245
15,174.0,180.49972144199094
16,171.0,179.640213101737
17,166.0,179.73054042130988
18,165.0,179.42961447921428
19,176.0,179.25750189113285
20,179.0,178.68748719402763
21,179.0,178.5308030036185
22,181.0,178.3246408800691
23,181.0,178.61567980426392
24,177.0,178.4041534957564
25,178.0,178.64829803892616
26,178.0,179.16979741048146
27,175.0,179.67989148266454
28,173.0,180.66249039882112
29,175.0,180.40841922759614
30,175.0,179.49857268631672
31,170.0,179.6552148414599
32,170.0,179.5770693419607
33,171.0,179.41177438899487
34,172.0,179.54214870644287
35,171.0,179.37200676396424
36,170.0,179.4817462927032
37,170.0,179.20071483361352
38,169.0,179.26097416577483
39,169.0,179.1203820452178
40,168.0,179.44153244715707
41,172.0,179.5700197045119
42,176.0,179.61265898490365
43,190.0,179.36389185587166
44,185.0,179.1747949185812
45,192.0,178.72758754435569
46,216.0,178.62048006996187
47,212.0,180.44037767025696
48,208.0,179.2998520982341
49,194.0,178.37936400603004
50,187.0,180.07067039252414
51,181.0,180.2579847111899
52,181.0,180.11721474912306
53,183.0,181.14699049095714
54,187.0,182.3419932826351
55,189.0,183.65446491841655
56,183.0,182.85577352429422
57,183.0,182.62501284813035
58,179.0,181.29196268622664
59,176.0,179.9805674766018
60,178.0,179.58503922838574
61,178.0,179.59891377628463
62,179.0,179.6101048574746
63,179.0,180.47963472848036
