,y_actual,y_predict
0,193.0,183.42206228009485
1,194.0,182.54205592742036
2,194.0,183.3984966633042
3,189.0,182.3541776894944
4,188.0,182.1962615424446
5,188.0,181.7967583748102
6,186.0,182.16709876831797
7,181.0,182.17585051068974
8,185.0,181.23087024742892
9,181.0,180.98924733519414
10,179.0,180.57376332948834
11,177.0,180.990877980165
12,168.0,180.5776858664983
13,169.0,180.3015853057792
14,166.0,180.5202414420891
15,174.0,180.27396942943972
16,171.0,179.31579510456618
17,166.0,178.6275093364741
18,165.0,178.11636729277595
19,176.0,177.66036314994187
20,179.0,177.51730913702974
21,179.0,178.02113494268846
22,181.0,177.3827302421046
23,181.0,177.43618883409377
24,177.0,177.50895907395898
25,178.0,176.92679050619003
26,178.0,177.3833408043426
27,175.0,178.0135601877634
28,173.0,178.2312734407231
29,175.0,177.81882486624153
30,175.0,177.68956933356432
31,170.0,176.89903878318816
32,170.0,177.77171085095182
33,171.0,177.76324284662525
34,172.0,177.24019528389
35,171.0,177.03457452606384
36,170.0,177.51007009837298
37,170.0,177.15781844985017
38,169.0,177.079541751819
39,169.0,177.34891958011912
40,168.0,177.64837485376566
41,172.0,177.32737505125039
42,176.0,177.50117187926674
43,190.0,177.4292362819419
44,185.0,177.1782006227782
45,192.0,177.1147447511522
46,216.0,176.82972925826678
47,212.0,177.41295416418546
48,208.0,177.79308869382365
49,194.0,176.45368904436967
50,187.0,178.46183121589166
51,181.0,178.69099956384633
52,181.0,179.44088090053475
53,183.0,182.80794709208365
54,187.0,182.822850857302
55,189.0,181.8924384004801
56,183.0,179.3474809646947
57,183.0,181.95175953784013
58,179.0,180.87336128052797
59,176.0,182.12275350282485
60,178.0,181.99739916617645
61,178.0,180.3033621041363
62,179.0,179.1036502309527
63,179.0,177.6798092298319
