,y_actual,y_predict
0,193.0,182.26348563315233
1,194.0,181.6769656271958
2,194.0,181.60620055035372
3,189.0,181.87390311163145
4,188.0,181.8501315220376
5,188.0,181.48582836276555
6,186.0,181.41300937815927
7,181.0,181.54357285430407
8,185.0,181.24016715486533
9,181.0,181.15418757518498
10,179.0,180.76616068185265
11,177.0,180.8812325457521
12,168.0,181.09888597929486
13,169.0,180.93828668888435
14,166.0,180.6640091653149
15,174.0,180.54661210451172
16,171.0,180.53954144942995
17,166.0,180.5278676093779
18,165.0,181.0840485004574
19,176.0,181.51042546031312
20,179.0,181.4734211689967
21,179.0,180.94747430462928
22,181.0,180.31297977298675
23,181.0,180.8111099617827
24,177.0,181.20155226616646
25,178.0,181.30411831509616
26,178.0,181.5827015432922
27,175.0,181.30325982562607
28,173.0,181.193032687802
29,175.0,181.32267203479222
30,175.0,181.4183824551929
31,170.0,181.3636965142749
32,170.0,181.4130449464612
33,171.0,181.3945449025663
34,172.0,181.08652696440774
35,171.0,180.76990861083482
36,170.0,181.8208303548815
37,170.0,182.14597184364908
38,169.0,181.63695419762266
39,169.0,181.53049762315473
40,168.0,181.5160989278242
41,172.0,181.4993679219296
42,176.0,181.3426859949579
43,190.0,181.23354789387025
44,185.0,181.1928409423196
45,192.0,180.84109727381846
46,216.0,180.00850993462296
47,212.0,181.6840527730358
48,208.0,183.42864888292178
49,194.0,184.37040310119468
50,187.0,185.2750408263259
51,181.0,183.75603699498052
52,181.0,182.73243623371525
53,183.0,181.9349703292696
54,187.0,180.20794205041892
55,189.0,179.61816366465453
56,183.0,180.62576030677803
57,183.0,181.49125349885932
58,179.0,181.55576987174314
59,176.0,181.2506177686781
60,178.0,180.549709133568
61,178.0,180.67713677887258
62,179.0,180.8643020340183
63,179.0,181.27591847190808
