,y_actual,y_predict
0,193.0,185.25694044080575
1,194.0,185.30800488188765
2,194.0,185.801469802859
3,189.0,186.7108743271495
4,188.0,185.38777876292025
5,188.0,184.58531777548637
6,186.0,185.215421885274
7,181.0,183.7934522618587
8,185.0,182.94869926999948
9,181.0,183.83516482631023
10,179.0,183.64499081616674
11,177.0,183.3493826585626
12,168.0,184.12737912121082
13,169.0,184.41099429408982
14,166.0,182.90548313641955
15,174.0,182.54986866662037
16,171.0,182.74479136842396
17,166.0,181.64095272145954
18,165.0,181.39694964312713
19,176.0,180.9741534412344
20,179.0,180.89335519310526
21,179.0,180.09346417716222
22,181.0,181.0841678159431
23,181.0,181.01546505391835
24,177.0,180.7329858032647
25,178.0,180.53708950003198
26,178.0,180.9247568301663
27,175.0,181.1017938496543
28,173.0,181.31484442157503
29,175.0,182.15736275402642
30,175.0,181.3541904005533
31,170.0,180.90060950996445
32,170.0,181.13042018911773
33,171.0,179.96767849401547
34,172.0,180.3067973554094
35,171.0,181.24499830031633
36,170.0,181.0585667222356
37,170.0,181.2850126400233
38,169.0,181.56107084212826
39,169.0,181.2909661270753
40,168.0,180.3822176762819
41,172.0,180.97348023028272
42,176.0,180.66684492902584
43,190.0,180.51935255788825
44,185.0,180.64090755319074
45,192.0,180.89395694410481
46,216.0,180.48957477548586
47,212.0,179.02780341380486
48,208.0,180.90877275861288
49,194.0,181.4778995415619
50,187.0,181.1852445230652
51,181.0,183.70002467974757
52,181.0,182.84848202239206
53,183.0,182.8353236907554
54,187.0,182.93481275821722
55,189.0,184.05221812559444
56,183.0,184.72185478627154
57,183.0,182.52365094789616
58,179.0,183.5073751157875
59,176.0,186.48126929745118
60,178.0,184.23348971310512
61,178.0,181.50422428854017
62,179.0,183.8682213594571
63,179.0,181.6618351948895
