,y_actual,y_predict
0,222.0,201.75784418472455
1,220.0,202.43441875812314
2,210.0,203.5761217484911
3,218.0,202.464701247863
4,208.0,203.39325098066442
5,210.0,203.28344961048793
6,208.0,204.27676761984856
7,208.0,205.1413967670445
8,206.0,204.3047531405524
9,206.0,203.9890683416801
10,204.0,204.90444566021387
11,206.0,203.50468132377972
12,208.0,204.33810997490338
13,214.0,203.95309811908922
14,216.0,203.57312943848842
15,214.0,204.7346926169159
16,214.0,204.65029072407282
17,214.0,204.760213192957
18,218.0,203.9780444528713
19,212.0,205.06680777593346
20,208.0,205.09917238216343
21,218.0,205.0632724749512
22,214.0,204.39153403703992
23,216.0,204.2978583270345
24,218.0,204.20538969769598
25,210.0,202.85934240414272
26,212.0,201.8848571970313
27,210.0,202.37503742085073
28,210.0,200.91072747322306
29,208.0,201.30859141769105
30,212.0,202.50371847019554
31,208.0,200.85658463166033
32,212.0,201.27262510151007
33,210.0,202.79554291724494
34,210.0,201.39216515163
35,212.0,202.57058448888455
36,210.0,203.06119051138583
37,212.0,201.92422208984718
38,212.0,203.53667872747673
39,210.0,202.7741631357245
40,210.0,203.21988450818566
41,208.0,203.4745629032567
42,206.0,203.76001599571816
43,204.0,203.1345802346499
44,204.0,202.15776680722308
45,195.0,202.2903816113625
46,200.0,203.1183451950009
47,195.0,203.10253204762384
48,200.0,203.66503945120766
49,200.0,203.4191231335988
50,202.0,203.07221049378472
51,204.0,203.1128215313667
52,206.0,201.9124130126434
53,202.0,201.0082236521353
54,199.0,200.75114672137022
55,197.0,199.63380019688566
56,199.0,200.55688486220177
57,192.0,200.86906170496127
58,194.0,201.69558382333727
59,194.0,200.61205118316494
60,194.0,200.06064970299835
61,198.0,201.36707428068067
62,199.0,201.1904615815541
63,200.0,200.4565721617335
64,200.0,199.4175374370187
65,202.0,197.6872283183569
66,202.0,197.2019428261737
67,199.0,197.37841489454294
68,198.0,196.61257885435435
69,198.0,195.558070839926
70,194.0,196.35691995039213
71,200.0,197.5386480168533
72,196.0,196.9641557476191
73,183.0,197.2027202017488
74,184.0,196.9228806203498
75,183.0,197.8268238770326
76,195.0,197.74712530173943
