,y_actual,y_predict
0,222.0,215.07274084798593
1,220.0,215.63702176167578
2,210.0,216.38044086850883
3,218.0,215.3826636922186
4,208.0,215.33765794347082
5,210.0,214.5938306168006
6,208.0,214.07459842236773
7,208.0,212.23860528959057
8,206.0,210.62407434829075
9,206.0,211.56289793919535
10,204.0,211.55815946395612
11,206.0,210.10232251945615
12,208.0,210.97056118942297
13,214.0,211.8485971354821
14,216.0,210.53128539333835
15,214.0,210.55080181732447
16,214.0,212.3560983809097
17,214.0,212.5507235362012
18,218.0,211.27380407268362
19,212.0,212.44401994909535
20,208.0,214.31106513436765
21,218.0,213.5970085577371
22,214.0,212.4684350111276
23,216.0,212.85128271584327
24,218.0,213.7318070450247
25,210.0,213.21823914498333
26,212.0,211.8951068520511
27,210.0,213.2585181377217
28,210.0,213.06311951326504
29,208.0,211.45401848176118
30,212.0,212.24321485330225
31,208.0,213.31031713332936
32,212.0,211.9465113002563
33,210.0,212.11010784151225
34,210.0,212.2793921156192
35,212.0,212.9983668623455
36,210.0,212.37868133668707
37,212.0,211.7918096544
38,212.0,212.22870254043028
39,210.0,212.7961124884702
40,210.0,212.6967763904832
41,208.0,212.329878557492
42,206.0,212.4276208402295
43,204.0,211.926014367379
44,204.0,211.61245465550599
45,195.0,211.3929495754011
46,200.0,209.19617995398548
47,195.0,209.08653484020599
48,200.0,206.96058843073357
49,200.0,206.97647189348928
50,202.0,206.69100708179803
51,204.0,207.09977772277705
52,206.0,205.5268891112795
53,202.0,207.13118135216544
54,199.0,207.62549846409564
55,197.0,207.0802534859711
56,199.0,207.42943574995167
57,192.0,207.75843359384893
58,194.0,206.9748468269604
59,194.0,206.21284688131834
60,194.0,205.91273303240774
61,198.0,205.6096815632334
62,199.0,204.94823260906503
63,200.0,205.30672775430722
64,200.0,205.9122798888564
65,202.0,206.1880646167531
66,202.0,205.0916369174178
67,199.0,206.03775377565267
68,198.0,207.34566669551646
69,198.0,207.07639395296502
70,194.0,206.43887957240815
71,200.0,205.75163659350392
72,196.0,206.16943885422992
73,183.0,205.6323778048986
74,184.0,205.2054931410966
75,183.0,204.84667376383064
76,195.0,202.85251790600344
