,y_actual,y_predict
0,26.0,25.84416639140066
1,26.0,26.23024479002033
2,26.0,25.986951867348406
3,26.0,25.98696752515285
4,26.0,25.66681631214342
5,26.0,25.77162378341295
6,26.0,25.962975854293976
7,26.0,25.909531853276484
8,25.0,25.646241957104387
9,26.0,25.629159292456297
10,25.0,25.469013225831585
11,26.0,25.453846685002297
12,26.0,25.705555677562714
13,26.0,26.020394980414615
14,25.0,25.863787577594184
15,25.0,25.879691992457882
16,25.0,25.51923367635923
17,25.0,25.33876965124325
18,25.0,25.242196227885557
19,25.0,25.172201927571063
20,26.0,25.456375420419956
21,26.0,25.650870795543057
22,25.0,25.744101277652018
23,25.0,25.58722377770493
24,24.0,25.240002178037884
25,25.0,25.339683675577653
26,25.0,25.34788249342949
27,25.0,25.530147166056498
28,25.0,25.16785492961238
29,24.0,25.39418653562065
30,24.0,25.190979549550182
31,24.0,24.99149716371176
32,24.0,24.63257135522304
33,24.0,24.69966700448989
34,24.0,24.861783997248953
35,24.0,25.3074246839725
36,23.0,25.4616383999386
37,24.0,24.845296329169727
38,23.0,24.325263456308562
39,23.0,24.28581166078708
40,23.0,23.967102923012025
41,23.0,24.166953267254875
42,23.0,24.559361333320915
