,y_actual,y_predict
0,26.0,21.43953988346057
1,26.0,23.152848161300213
2,26.0,24.835424083467966
3,26.0,24.25557839763183
4,26.0,24.065467207752967
5,26.0,23.782620713830678
6,26.0,23.689730788968365
7,26.0,23.684747692704157
8,25.0,23.73870448681718
9,26.0,23.90939217028362
10,25.0,23.807833693436162
11,26.0,23.736907753757265
12,26.0,23.55605424075575
13,26.0,23.535681479948924
14,25.0,23.784147349763938
15,25.0,24.13927222622395
16,25.0,23.971044775280728
17,25.0,23.481568107791464
18,25.0,23.50702182614027
19,25.0,23.971569311729592
20,26.0,23.886711840546905
21,26.0,23.79050637559364
22,25.0,23.96581115414542
23,25.0,23.820896216793326
24,24.0,23.694193263234823
25,25.0,24.219659394237958
26,25.0,23.825965430981977
27,25.0,23.498229968945125
28,25.0,23.3770522631297
29,24.0,23.441942119195545
30,24.0,23.786954011210472
31,24.0,23.530672939752492
32,24.0,23.055883292831428
33,24.0,23.18634411945642
34,24.0,23.079812332472528
35,24.0,23.17918654560009
36,23.0,23.268087644780366
37,24.0,22.83985256492156
38,23.0,22.809993131847403
39,23.0,23.125703400071487
40,23.0,23.063451884054405
41,23.0,22.996808353890863
42,23.0,22.716218541034024
