,y_actual,y_predict
0,940.0,906.6778565776355
1,935.0,920.049734588285
2,935.0,894.6586306699796
3,945.0,891.4787695171987
4,940.0,894.9740426173031
5,940.0,909.0805634013204
6,940.0,898.5384371917178
7,935.0,906.1737955821422
8,945.0,907.2884858754613
9,950.0,893.8484350220402
10,930.0,891.6784805738182
11,930.0,887.8325996884594
12,935.0,893.8683402058494
13,915.0,895.0168596645439
14,910.0,884.7462993309822
15,850.0,880.6664119471095
16,830.0,893.5084872827192
17,845.0,887.2216488206204
18,850.0,889.1301346912121
19,820.0,868.4316215811897
20,835.0,856.7581959870928
21,815.0,850.412767468612
22,780.0,854.9168056997289
23,825.0,853.8268280619146
24,885.0,841.6632815323912
25,875.0,842.9735024721599
26,855.0,821.7340121291434
27,860.0,824.1062180370882
28,865.0,819.430638282497
29,855.0,826.9997050147263
30,830.0,811.3837024323393
31,825.0,806.3059832978986
32,835.0,805.8262490738945
33,820.0,808.5331450514466
34,815.0,798.0562975544979
35,800.0,796.8281252035652
36,830.0,791.3080382806395
37,820.0,800.5546071430697
38,795.0,796.3683443988722
39,795.0,789.1364599038513
40,770.0,787.8568041938255
41,725.0,784.5460158102214
42,745.0,775.1747501359716
43,750.0,763.3513603662777
44,780.0,770.6357894014349
45,745.0,768.6106218515993
46,750.0,752.716477286404
47,745.0,746.7789120940054
48,745.0,752.1975999525584
49,730.0,749.878010938003
50,745.0,739.0283190893958
51,730.0,736.1639261586906
52,725.0,731.048229605706
53,715.0,726.1180709110145
54,725.0,714.3892066466638
55,730.0,711.1614596993109
56,735.0,705.9711347855421
57,725.0,708.5575344595702
58,710.0,705.7549231676268
59,715.0,704.1260866392795
60,720.0,694.5118708005272
61,715.0,691.1860691169378
62,720.0,684.5728210130684
63,730.0,681.7595456555664
