,y_actual,y_predict
0,940.0,860.954363087693
1,935.0,856.6343272180568
2,935.0,850.6918741614594
3,945.0,854.7694783982391
4,940.0,874.3911339269807
5,940.0,869.3031245521217
6,940.0,881.1027342193487
7,935.0,878.6606833045643
8,945.0,868.9203436870592
9,950.0,857.4022685662783
10,930.0,849.0310132794351
11,930.0,844.9251751955074
12,935.0,843.8143437423453
13,915.0,848.928368131262
14,910.0,864.80315418167
15,850.0,853.22287134186
16,830.0,843.5424884532927
17,845.0,842.9436607749466
18,850.0,846.1285544984322
19,820.0,850.988940539537
20,835.0,840.8301740210203
21,815.0,835.93619999205
22,780.0,846.0353474301428
23,825.0,855.6734599404916
24,885.0,835.4722548556878
25,875.0,810.9464958425641
26,855.0,813.4595333377347
27,860.0,815.4176053043424
28,865.0,828.9342702133783
29,855.0,824.2603143873531
30,830.0,811.324565706935
31,825.0,800.4603549722377
32,835.0,810.0829678079564
33,820.0,823.4313390506502
34,815.0,833.5387508380788
35,800.0,828.662961593348
36,830.0,827.272299914809
37,820.0,829.6558733227159
38,795.0,826.9868261357027
39,795.0,805.5079912319553
40,770.0,796.6231725557325
41,725.0,795.1227107962295
42,745.0,789.4761343086612
43,750.0,784.475117661589
44,780.0,779.5657082719912
45,745.0,775.6171340029573
46,750.0,774.6087306382094
47,745.0,779.9917644215631
48,745.0,786.9925204696871
49,730.0,798.0483708536757
50,745.0,786.950410876475
51,730.0,786.651463313821
52,725.0,785.9413563324507
53,715.0,781.8589285454748
54,725.0,781.0788157722584
55,730.0,777.7007308241683
56,735.0,777.6699404954165
57,725.0,777.5311026422719
58,710.0,779.3730315594078
59,715.0,787.2602918195736
60,720.0,793.0457222387871
61,715.0,784.4137701423449
62,720.0,775.7985477258328
63,730.0,765.6334623565593
