,y_actual,y_predict
0,1165.0,1162.8046960008053
1,1115.0,1158.3643695148378
2,1125.0,1157.0177816426421
3,1100.0,1157.7089590936785
4,1095.0,1150.9437159544636
5,1115.0,1156.1061901187848
6,1065.0,1136.0790816445024
7,1115.0,1134.8032117785133
8,1115.0,1122.5429227987302
9,1070.0,1109.8141593714136
10,1065.0,1113.0726412830668
11,1100.0,1109.8667251621232
12,1100.0,1087.729222598876
13,1100.0,1090.3178837779449
14,1100.0,1113.0406957722416
15,1090.0,1104.9862472578461
16,1190.0,1105.9180211791966
17,1220.0,1098.803527025372
18,1205.0,1110.659809787879
19,1215.0,1153.5987561233155
20,1205.0,1178.0933397918307
21,1125.0,1191.8561823901184
22,1050.0,1195.2630268174667
23,1090.0,1171.616263073629
24,1015.0,1127.3136912602235
25,1025.0,1086.0718377475312
26,1010.0,1100.4920413339946
27,940.0,1068.1512819394165
28,975.0,1044.9448686513392
29,940.0,1004.1106239337796
30,955.0,1000.560791001903
31,995.0,998.2311770648212
32,1020.0,1015.5225555877687
33,1005.0,996.7145913060476
34,1020.0,1036.410063153608
35,1020.0,1062.5392219816263
36,1005.0,1049.9358521482027
37,995.0,1069.4985067314542
38,1010.0,1071.4689575888854
39,1060.0,1041.8189854892914
40,1080.0,1046.7000206984303
41,1035.0,1033.2013406046106
42,1065.0,1063.9568065124595
43,1010.0,1071.8888270909765
44,1040.0,1066.6336213784098
45,1040.0,1052.5870309905124
46,1035.0,1048.260633541282
47,1025.0,1045.3080721912374
48,1040.0,1048.2107945636458
49,1065.0,1052.2774481398121
50,1065.0,1057.7533664813757
51,1065.0,1059.7435817576538
52,1075.0,1071.4126498941039
53,1080.0,1068.5474261773934
54,1055.0,1083.1552225610694
55,1070.0,1100.0146898161634
56,1090.0,1096.508306759758
57,1075.0,1088.6775166286284
58,1080.0,1085.9021981283645
59,1090.0,1089.8114727923225
60,1145.0,1082.282522955064
61,1105.0,1082.3101891607007
62,1105.0,1095.4137998187775
63,1105.0,1109.5417169089994
64,1105.0,1114.8499063909223
65,1105.0,1117.895418230408
66,1125.0,1100.4373657463082
67,1130.0,1113.0721834969304
68,1130.0,1111.1329616155022
69,1130.0,1116.3816986109236
70,1130.0,1133.828684612769
71,1130.0,1136.4366325208032
72,1130.0,1127.400989086067
73,1130.0,1118.7752433771457
74,1125.0,1130.8643004381574
75,1110.0,1137.0833251016252
