,y_actual,y_predict
0,178.0,171.21532857937427
1,179.0,172.82498615245498
2,171.0,175.31583302946527
3,166.0,172.21972985635165
4,165.0,171.33629346402597
5,167.0,173.316720622468
6,166.0,170.72948512488625
7,172.0,169.4410464762276
8,166.0,166.9615295133828
9,165.0,166.42104739600148
10,170.0,165.0335749055963
11,160.0,162.09582735828437
12,165.0,158.93239925745848
13,165.0,157.39454054484267
14,155.0,155.53445745383777
15,159.0,152.14439058162333
16,158.0,152.82080467693743
17,161.0,153.11982263792626
18,157.0,150.885454246682
19,168.0,152.0512477554018
20,164.0,153.08444955272353
21,164.0,152.16886562550548
22,164.0,151.0111629846144
23,162.0,149.18310596426426
24,159.0,149.4372428894493
25,158.0,150.26799079469697
26,152.0,150.1318698723945
27,159.0,149.64707235995272
28,156.0,149.1455532707974
29,153.0,148.94115595092126
30,151.0,149.7454988805111
31,161.0,150.67299305102995
32,158.0,149.01030284219794
33,158.0,147.71398926213303
34,156.0,148.54798296173067
35,161.0,147.60982693035328
36,157.0,146.65322857889598
37,160.0,146.2214367101527
38,159.0,146.26260633869558
39,157.0,145.62646438616855
40,158.0,145.79452365495413
41,159.0,146.69005923495024
42,157.0,146.62239690657793
43,159.0,147.67792113157054
44,159.0,146.94439860053137
45,157.0,146.74666831769838
46,157.0,146.29616420834708
47,157.0,147.4884909049755
48,153.0,148.24558424612783
49,151.0,147.27203488550813
50,152.0,145.48330528609682
51,153.0,146.07449197467486
52,152.0,147.16052396735188
53,152.0,146.4805739131201
54,152.0,145.87655250343266
55,153.0,145.2305044675257
56,150.0,145.2187359325021
57,149.0,144.37938431042244
58,144.0,144.0549263396636
59,140.0,143.29688827666308
60,141.0,142.85555471725272
61,142.0,142.34166651989887
62,140.0,141.85393362171442
63,141.0,140.97576742769917
64,140.0,140.79653344905176
65,139.0,141.2309098068513
66,139.0,139.67217948940294
67,139.0,138.81692280020712
68,138.0,137.32019322805496
69,137.0,136.54911800354898
70,136.0,135.77468901648177
71,149.0,134.62874141458786
72,156.0,134.08979109620333
73,148.0,132.8622060305966
74,156.0,132.8940701489345
75,152.0,135.22513082134435
