,y_actual,y_predict
0,204.0,210.18312033501957
1,202.0,206.9659389363184
2,204.0,205.46227991529565
3,206.0,207.5093069649953
4,208.0,207.27061081754462
5,204.0,208.26495119256833
6,206.0,207.11956554533666
7,204.0,205.024389487353
8,202.0,204.76411929517707
9,204.0,203.8047449132913
10,204.0,204.49766198239575
11,204.0,204.35906508900928
12,206.0,204.29797569775977
13,202.0,205.15197357565324
14,204.0,204.7902763922026
15,204.0,204.76533919586288
16,202.0,204.0682434614258
17,204.0,202.66797270847098
18,200.0,202.978784531823
19,204.0,202.58885439824613
20,202.0,202.32483014705366
21,202.0,203.159053502228
22,202.0,203.2195767517228
23,202.0,202.01682207334414
24,197.0,201.60173907037813
25,192.0,202.4698567932261
26,179.0,200.8079476721881
27,167.0,198.9655134689989
28,163.0,196.94391561978298
29,162.0,194.05853372805598
30,160.0,189.45129908711647
31,174.0,184.66444923470308
32,173.0,179.74983331985396
33,176.0,178.1536438208453
34,178.0,179.65974264323967
35,179.0,172.9287957039645
36,179.0,169.5841515330534
37,178.0,169.95949677666295
38,178.0,168.934921736023
39,179.0,173.03014855762848
40,180.0,176.09688452479043
41,179.0,176.46162135028138
42,179.0,176.2472827778501
43,175.0,176.5394186630785
44,177.0,175.0583581337658
45,177.0,176.60081808433657
46,175.0,178.01057845146607
47,167.0,176.90713447256465
48,170.0,176.4702819711723
49,171.0,175.9544863939078
50,171.0,175.21927044798494
51,167.0,173.73139599826698
52,166.0,172.39325256311207
53,165.0,172.3072461948712
54,166.0,171.64051992170624
55,164.0,169.78780754975537
56,163.0,168.02577895530476
57,168.0,166.2782274142968
58,166.0,167.02889094238472
59,167.0,167.76242194260897
60,161.0,167.42843874600936
61,162.0,165.5460174115003
62,161.0,164.68139763592265
63,162.0,165.54190614399562
64,159.0,163.12690717306367
65,158.0,162.74780787043758
66,158.0,163.23954242312567
67,159.0,163.85388710441163
68,158.0,162.73659287186751
69,157.0,160.29392035278124
70,149.0,158.6583503029042
71,144.0,159.39459069581184
72,150.0,157.94561827238385
73,149.0,156.86887057313152
74,147.0,153.779259783165
75,146.0,152.1611457707258
