,y_actual,y_predict
0,204.0,209.49763050655466
1,202.0,206.80170390918155
2,204.0,203.97152757832444
3,206.0,202.05740904533275
4,208.0,200.6630827808027
5,204.0,202.9355623047618
6,206.0,202.18309251488495
7,204.0,201.4868257737316
8,202.0,200.67238368105916
9,204.0,201.25212631747806
10,204.0,201.83817739059265
11,204.0,201.92792433828444
12,206.0,202.18410348230412
13,202.0,201.03892676833902
14,204.0,200.9069281223084
15,204.0,201.3514370169553
16,202.0,202.07102340657767
17,204.0,202.34144371164214
18,200.0,201.86717867595746
19,204.0,200.3294837518224
20,202.0,199.77724616898792
21,202.0,200.29610160764116
22,202.0,200.32880977354296
23,202.0,200.1130895456388
24,197.0,200.01647475927936
25,192.0,200.40269801231926
26,179.0,200.85178995926643
27,167.0,199.89304911696334
28,163.0,197.12862610704957
29,162.0,194.72056911239596
30,160.0,191.7469836832371
31,174.0,187.94532158081245
32,173.0,185.23540319435796
33,176.0,180.24772803401626
34,178.0,179.14112309698422
35,179.0,175.01587728281197
36,179.0,175.7535734688032
37,178.0,175.826592275599
38,178.0,175.72230087663664
39,179.0,176.22815527427923
40,180.0,175.14693909903417
41,179.0,175.57968707270464
42,179.0,176.5966124598728
43,175.0,176.29681344160701
44,177.0,175.85506785790585
45,177.0,175.4170089353933
46,175.0,173.6812048357962
47,167.0,175.06019809446872
48,170.0,171.21333900862402
49,171.0,165.9008871949801
50,171.0,165.0562171764742
51,167.0,169.0224917338722
52,166.0,170.52782222102795
53,165.0,171.27386899790162
54,166.0,173.0035398951557
55,164.0,173.10918599045982
56,163.0,171.6934204768604
57,168.0,170.2898135314223
58,166.0,168.51528937967066
59,167.0,169.2729555420821
60,161.0,168.74589778776794
61,162.0,166.4929164554334
62,161.0,166.00408674912975
63,162.0,166.5730726922086
64,159.0,166.40516448344877
65,158.0,165.23451139052042
66,158.0,163.80283324974317
67,159.0,162.72992722668374
68,158.0,162.34443860996845
69,157.0,160.48292408168794
70,149.0,160.63059946249865
71,144.0,160.94773994189472
72,150.0,159.6966340617482
73,149.0,158.62486032219823
74,147.0,157.06582050595296
75,146.0,155.55893312897166
