,y_actual,y_predict
0,146.0,134.47965000174145
1,151.0,136.9763590994063
2,150.0,138.0085127920663
3,151.0,139.3032295859843
4,149.0,143.0311720834768
5,146.0,147.08983744527796
6,147.0,147.39391174832915
7,147.0,149.4013427195578
8,144.0,146.44185083361592
9,134.0,150.99387618519214
10,128.0,150.5368852300311
11,133.0,148.0203122899018
12,133.0,139.12325986363743
13,134.0,135.0133566977626
14,134.0,132.95461437537307
15,138.0,129.04771342798253
16,139.0,129.96593655366576
17,140.0,128.94548297679245
18,140.0,129.11135004517118
19,142.0,127.3150114720174
20,144.0,133.99643338107427
21,144.0,135.85058609368104
22,147.0,137.80201708694062
23,148.0,143.46037449752902
24,147.0,150.11413044395562
25,149.0,150.0659080704566
26,151.0,148.8203391175514
27,154.0,147.25835833771936
28,149.0,146.85267260479526
29,141.0,149.2962071584238
30,138.0,149.64604000755327
31,142.0,147.81585751644553
32,145.0,143.70037090086842
33,146.0,140.0721766403734
34,148.0,137.8675414127004
35,146.0,138.12495008893137
36,146.0,137.74582098340574
37,142.0,139.16629716748974
38,138.0,138.62762604308347
39,136.0,139.11472840152373
40,135.0,140.21083128649292
41,134.0,138.6131740404512
42,131.0,136.02623492465563
43,130.0,134.3470139589234
44,127.0,134.57575152899926
45,125.0,132.55709849805066
46,125.0,129.99485281677818
47,124.0,127.07223253721274
48,116.0,125.80322045026664
49,108.0,126.06816157401035
50,108.0,125.73972479832842
51,109.0,120.7651836887101
52,102.0,117.09022573861196
53,95.00000000000001,116.27666011799599
54,88.99999999999999,113.43469034845518
55,83.0,108.87962505060854
56,78.0,107.66871516254025
57,73.0,102.77551713135087
58,73.0,99.23775514347636
