,y_actual,y_predict
0,146.0,130.0866824840552
1,151.0,132.6484562381849
2,150.0,144.48218869551528
3,151.0,146.62731207180607
4,149.0,145.57357230905666
5,146.0,148.68753146486327
6,147.0,141.70507519902566
7,147.0,141.23457609551787
8,144.0,145.09825587133815
9,134.0,143.6887811057125
10,128.0,142.49356739183474
11,133.0,135.53282590348908
12,133.0,128.81908617853745
13,134.0,127.7190423954798
14,134.0,133.93150356093588
15,138.0,134.9018164111194
16,139.0,135.81053357578372
17,140.0,136.849447471541
18,140.0,136.6202624900181
19,142.0,140.33272945458162
20,144.0,139.53054524570786
21,144.0,138.85203046393923
22,147.0,140.32987950495314
23,148.0,141.96517447286286
24,147.0,142.76065976787868
25,149.0,144.28955048740045
26,151.0,146.61233911063957
27,154.0,147.0595605610526
28,149.0,147.23718290553342
29,141.0,148.35126805331987
30,138.0,146.18788048371096
31,142.0,140.86861804752266
32,145.0,136.98824308291094
33,146.0,136.31502369141978
34,148.0,141.41047621237374
35,146.0,145.65827403780048
36,146.0,145.35261234345083
37,142.0,143.68492601255912
38,138.0,143.8025768363628
39,136.0,140.09724393925637
40,135.0,136.89492408711837
41,134.0,135.30923662951636
42,131.0,134.92363538031825
43,130.0,133.25238814462188
44,127.0,130.74666952877664
45,125.0,129.31107328935173
46,125.0,128.58737608035443
47,124.0,127.31357117489333
48,116.0,126.79282102406496
49,108.0,124.55443381229699
50,108.0,120.14715525722892
51,109.0,114.78877189958104
52,102.0,114.30624784731819
53,95.00000000000001,110.9841443058481
54,88.99999999999999,105.53276065645213
55,83.0,100.65899131412799
56,78.0,93.97760617861474
57,73.0,90.34960191476165
58,73.0,88.92189360043756
