,y_actual,y_predict
0,146.0,134.65579527555457
1,151.0,137.206193746866
2,150.0,137.04284566622346
3,151.0,151.7634545187463
4,149.0,159.37536353027483
5,146.0,162.17514178746598
6,147.0,154.06414837120963
7,147.0,151.21322424380378
8,144.0,144.53826222057154
9,134.0,148.99250059080856
10,128.0,145.53884582605647
11,133.0,142.75000156916047
12,133.0,141.5793158088596
13,134.0,127.05680603567525
14,134.0,129.35789826819416
15,138.0,132.96188940808065
16,139.0,135.39094744338124
17,140.0,133.7055546512492
18,140.0,141.3294579669132
19,142.0,140.37433259023382
20,144.0,143.11621090303692
21,144.0,139.78970066525955
22,147.0,143.77747889286016
23,148.0,150.95322303274946
24,147.0,149.14227310494118
25,149.0,149.20692099457867
26,151.0,151.46423432344946
27,154.0,151.22573337754952
28,149.0,152.52817261562217
29,141.0,154.02176686221804
30,138.0,154.20423105660535
31,142.0,148.72545111723215
32,145.0,139.25466399274507
33,146.0,140.11002887457906
34,148.0,139.48820663918383
35,146.0,145.2232981774041
36,146.0,146.37353784746693
37,142.0,146.40914689551337
38,138.0,147.45401197640888
39,136.0,144.9163555379526
40,135.0,139.0505830836487
41,134.0,135.9858146713224
42,131.0,135.8099206833905
43,130.0,137.53988301035787
44,127.0,136.58216509885517
45,125.0,131.669133869821
46,125.0,129.31992958443382
47,124.0,127.36798376156392
48,116.0,125.72964271845986
49,108.0,124.44228676218451
50,108.0,119.42979535557762
51,109.0,114.88345764541052
52,102.0,111.83523119877738
53,95.00000000000001,110.66061679823594
54,88.99999999999999,108.80982886486797
55,83.0,100.88826210058595
56,78.0,93.10041006973404
57,73.0,87.24522839598508
58,73.0,83.89486438626335
