,y_actual,y_predict
0,138.0,144.2645255102909
1,140.0,143.111916446352
2,143.0,140.1769664224621
3,142.0,137.78698555362075
4,141.0,139.3814698016887
5,142.0,141.16312358663927
6,140.0,139.87608222138584
7,140.0,141.8101096790106
8,139.0,140.7739305065596
9,140.0,142.874648110866
10,141.0,143.0685082513351
11,143.0,140.57653604194752
12,143.0,141.56839734932365
13,143.0,142.3139093724966
14,142.0,141.86808243986897
15,142.0,142.41682810394605
16,141.0,142.6962661442619
17,137.0,145.2749247908179
18,140.0,144.48343308107889
19,139.0,141.019616243556
20,140.0,140.4246152353195
21,139.0,140.85609615919753
22,137.0,140.72985679535307
23,137.0,140.281606044887
24,137.0,140.37959444338165
25,137.0,140.40456508337098
26,132.0,140.3810869323512
27,130.0,138.30930746839516
28,129.0,137.5664811377743
29,129.0,136.17989784658957
30,128.0,135.8461847951315
31,125.0,135.58786803341255
32,123.0,135.8817406867044
33,122.0,133.4665981865412
34,120.0,130.98947998346807
35,117.0,130.69774367652445
36,116.0,129.71058233111447
37,115.0,125.86303240284246
38,113.0,125.7253690007376
39,110.0,124.09144012004813
40,103.0,122.58768463085642
41,96.0,121.54381658053454
42,90.0,119.5905895715349
43,90.0,116.88795195339966
44,89.00000000000001,113.82465575405915
45,89.00000000000001,111.12910647403788
46,89.00000000000001,108.72848719107714
