,y_actual,y_predict
0,640.0,691.0728390317724
1,635.0,696.9918419633647
2,635.0,700.1423813025148
3,645.0,702.5853243147637
4,650.0,709.7032442368366
5,655.0,713.8995475242989
6,645.0,717.5570193049118
7,610.0,722.4755174327288
8,620.0,720.2086572614141
9,620.0,719.8787083403793
10,620.0,727.0994558379338
11,620.0,723.862864078864
12,620.0,720.7596479414228
13,600.0,722.6811350553801
14,630.0,716.4755284033665
15,590.0,715.4683060317038
16,645.0,723.5351668565622
17,645.0,725.7696025661189
18,610.0,710.8768296165688
19,610.0,705.6937568876035
20,600.0,707.1158547508542
21,600.0,693.3134293845333
22,600.0,686.6254338072486
23,600.0,701.5328427985643
24,595.0,697.3887413933994
25,625.0,700.3532153605647
26,655.0,692.2940853680236
27,650.0,687.431354312165
28,715.0,686.2590448950482
29,785.0,713.1124287038044
30,755.0,716.4567642472567
31,735.0,707.9984455976355
32,725.0,684.6566610198945
33,790.0,681.8105138211578
34,860.0,667.2080223666264
35,835.0,683.4697530893243
36,835.0,722.0914902137853
37,850.0,771.0164002882723
38,830.0,758.0279640139951
39,825.0,700.4542040487477
40,825.0,681.404044671507
41,840.0,722.1816707480491
42,850.0,744.3616163077825
43,855.0,777.45134245626
44,865.0,796.658407706891
45,870.0,744.514469123453
46,900.0,786.7296171995679
47,890.0,785.3028658256021
48,880.0,717.1976857154089
49,870.0,742.6291968307876
50,860.0,768.2585572081883
