,y_actual,y_predict
0,640.0,628.1064857704375
1,635.0,624.957916667679
2,635.0,629.5980673037628
3,645.0,636.5653861088982
4,650.0,637.3328213296336
5,655.0,644.0754018370417
6,645.0,651.1692848751377
7,610.0,646.438934940634
8,620.0,651.3305440327455
9,620.0,651.3901014642381
10,620.0,652.6451608097991
11,620.0,654.5744162843858
12,620.0,654.8699517431155
13,600.0,656.0635397132608
14,630.0,655.6214561953136
15,590.0,658.3749835194922
16,645.0,657.7544904052529
17,645.0,649.7392310096966
18,610.0,656.4860709805416
19,610.0,671.552675072293
20,600.0,664.303293472515
21,600.0,656.3367082979075
22,600.0,661.058970881128
23,600.0,667.646728336474
24,595.0,662.1805795484361
25,625.0,649.7219304577633
26,655.0,655.7090848043464
27,650.0,651.5571399819275
28,715.0,658.0275839332751
29,785.0,674.1921163273241
30,755.0,683.1799969906765
31,735.0,687.8973433649962
32,725.0,707.9280800122236
33,790.0,715.7639540753701
34,860.0,706.141507180696
35,835.0,688.1295310326991
36,835.0,727.4735755824513
37,850.0,756.1525616674435
38,830.0,774.9090620015656
39,825.0,782.0221032430497
40,825.0,784.0790675641199
41,840.0,804.9713792032856
42,850.0,815.3713001422138
43,855.0,806.6044237095228
44,865.0,806.964995733329
45,870.0,844.5651746708595
46,900.0,866.7411422294977
47,890.0,900.1458435024344
48,880.0,880.5059266986623
49,870.0,915.0813611996027
50,860.0,917.9240182653032
