,y_actual,y_predict
0,1000.0,1021.6163607033966
1,995.0,1023.4074123171881
2,995.0,1021.5038194462352
3,1000.0,1024.292756722071
4,1000.0,1025.8233367658065
5,1015.0,1025.1387739392062
6,985.0,1016.4715182761419
7,1005.0,1009.7973994937569
8,1005.0,1012.8673290298376
9,995.0,1008.7230427963027
10,1010.0,1007.6538467208701
11,1005.0,1006.3673902627451
12,1005.0,1003.0198607634128
13,1000.0,998.196321189396
14,1005.0,994.0700069122718
15,1005.0,996.2088862547265
16,1010.0,992.2596390541655
17,1010.0,992.68863831487
18,1010.0,995.0267339070747
19,1020.0,998.4900345633652
20,1025.0,1003.6968856534763
21,1025.0,1003.1822489378275
22,1005.0,1004.4358831181304
23,1010.0,1004.4335103146484
24,1015.0,1003.6205319049308
25,1010.0,1001.5256982909883
26,1015.0,1001.743960123059
27,1015.0,1008.5312336631255
28,1020.0,1009.2410808310112
29,1015.0,1007.5301000571515
30,1010.0,1007.02112017718
31,1000.0,1007.8230826437364
32,1000.0,1008.5388933975596
33,1005.0,1008.6214813940367
34,1005.0,1008.9351335349071
35,1005.0,1009.6889813209727
36,1010.0,1008.4092102141028
37,1010.0,1005.8502544346837
38,1000.0,1008.1733643744799
39,1000.0,1007.3173867959605
40,1000.0,1005.0434471184323
41,1000.0,1003.6990960597617
42,1000.0,1003.4376636396264
43,995.0,1003.4697551300644
44,985.0,1003.6848051064715
45,990.0,1003.2939060324748
46,985.0,1001.8256278687561
47,990.0,999.5583464762836
48,990.0,995.875529920683
49,995.0,993.2756049374182
50,990.0,994.1204312417792
