,y_actual,y_predict
0,1000.0,1043.8774706688423
1,995.0,1041.1985620046557
2,995.0,1033.6819491220924
3,1000.0,1025.3889107321197
4,1000.0,1019.4400397850866
5,1015.0,1012.830861837161
6,985.0,1006.882008934261
7,1005.0,1006.8708125497702
8,1005.0,1004.2039167670899
9,995.0,1000.2386553985426
10,1010.0,997.6752788065527
11,1005.0,997.6927545493073
12,1005.0,1002.2292661006101
13,1000.0,1002.2482124401995
14,1005.0,1003.4814928385434
15,1005.0,1003.5923289251418
16,1010.0,1009.1422170266201
17,1010.0,1011.8310634970247
18,1010.0,1011.5768487300663
19,1020.0,1011.3533631215089
20,1025.0,1007.845746074712
21,1025.0,1009.3335750564737
22,1005.0,1014.1512953976165
23,1010.0,1016.9827446506646
24,1015.0,1016.7784760436907
25,1010.0,1016.3260464763606
26,1015.0,1015.0130290545445
27,1015.0,1017.6350129903312
28,1020.0,1018.2030693615559
29,1015.0,1019.0188446118797
30,1010.0,1018.9402985011816
31,1000.0,1018.9054282142705
32,1000.0,1018.7391876174727
33,1005.0,1018.6767458954256
34,1005.0,1017.5166434782294
35,1005.0,1014.5033815416542
36,1010.0,1013.0987360127567
37,1010.0,1012.5073034673053
38,1000.0,1008.9916206930832
39,1000.0,1008.6416096243339
40,1000.0,1010.9934277796413
41,1000.0,1011.6269211989814
42,1000.0,1008.8183248403049
43,995.0,1007.7627069749113
44,985.0,1006.3713960602582
45,990.0,1004.6258517497474
46,985.0,1001.1658802359849
47,990.0,1000.4118700527227
48,990.0,999.2597702084865
49,995.0,998.3297755966377
50,990.0,997.3978683066969
