,y_actual,y_predict
0,605.0,435.7260650219935
1,565.0,430.81615887912716
2,610.0,429.5697033893676
3,570.0,401.4798523765477
4,535.0,424.9747308098744
5,500.0,424.0804435360259
6,466.0,434.82784407048723
7,466.0,445.607941999659
8,484.0,454.80834574606854
9,555.0,425.13710428207855
10,520.0,429.427591479067
11,540.0,436.0611873013878
12,560.0,390.2035334987222
13,525.0,408.9781392312924
14,525.0,437.6010555995044
15,500.0,437.43093965064065
16,520.0,441.4063475924909
17,510.0,421.5012622184582
18,510.0,419.37386065791134
19,510.0,422.6882234352836
20,496.0,388.31754839622363
21,462.0,395.7189502271768
22,430.0,377.71558466627346
23,400.0,379.10131628019144
24,372.0,399.739106354022
25,346.0,398.32482435742173
26,386.0,355.88455822316354
27,390.0,358.73722379693345
28,364.0,352.1445569540512
29,340.0,346.3587233013775
30,318.0,331.87330134482596
31,322.0,360.5928633860726
32,316.0,371.87403171836496
33,300.0,343.53094760469173
34,300.0,330.76495904674266
35,292.0,353.1200777934978
36,294.0,337.8412575087908
37,274.0,368.23108718119596
38,264.0,361.82694548235327
39,262.0,365.8898829553647
40,264.0,354.4000579990623
41,260.0,337.4463339631003
42,286.0,357.5622457277875
43,286.0,393.56165583839777
44,278.0,367.52681839197925
45,260.0,393.5340212325247
46,260.0,412.38353854874293
47,242.0,360.17538363317817
48,226.0,343.8753525308338
49,212.0,355.62180832808275
50,212.0,357.2982730625354
51,226.0,333.4587061244523
52,228.0,325.15711129988676
53,220.0,342.3984777096524
54,206.0,344.8059170541923
55,194.0,341.3045484897594
56,193.0,345.07868846140104
57,187.0,300.00954125579574
58,189.0,336.6287742166862
59,176.0,354.39777896359396
60,164.0,351.1940742850926
61,164.0,344.5307599443301
62,153.0,363.73259376986306
63,146.0,353.42940742719196
