,y_actual,y_predict
0,605.0,614.221121932577
1,565.0,634.8336136720535
2,610.0,619.9738237168838
3,570.0,567.8146108278381
4,535.0,588.9392091216414
5,500.0,594.2211599998003
6,466.0,588.0334017917953
7,466.0,537.4865388540034
8,484.0,528.731754184262
9,555.0,506.6317287100038
10,520.0,502.5045307620286
11,540.0,444.466696777411
12,560.0,492.91849131995366
13,525.0,500.64367228573246
14,525.0,473.87734770641015
15,500.0,485.47759661410373
16,520.0,483.2573165533056
17,510.0,487.70029099558076
18,510.0,491.5992523869719
19,510.0,520.8244585121079
20,496.0,446.5058195348618
21,462.0,460.082668619669
22,430.0,423.76344947483193
23,400.0,446.4035855419801
24,372.0,408.4894578314826
25,346.0,380.0529280603296
26,386.0,365.35292034525617
27,390.0,307.95585874364616
28,364.0,309.6151640450954
29,340.0,321.93608100871245
30,318.0,328.28769302132054
31,322.0,324.41843453853915
32,316.0,313.98459975592414
33,300.0,306.18109450698165
34,300.0,275.89956064554184
35,292.0,276.67319172313955
36,294.0,333.033455276873
37,274.0,301.720552499638
38,264.0,269.2884663960131
39,262.0,318.6307094945578
40,264.0,286.1430380800892
41,260.0,224.33661211827769
42,286.0,244.37740937150113
43,286.0,242.99983129315146
44,278.0,238.8829462408344
45,260.0,272.2785401173818
46,260.0,268.93980258738054
47,242.0,254.29780621120358
48,226.0,241.49564186765247
49,212.0,262.3106919901139
50,212.0,243.733170792783
51,226.0,219.16347737881662
52,228.0,332.477201516082
53,220.0,295.23655480286914
54,206.0,233.14551607547656
55,194.0,224.55044079994877
56,193.0,255.07276672615785
57,187.0,275.61880220763925
58,189.0,243.31099248046408
59,176.0,180.28342367225986
60,164.0,222.14785871479174
61,164.0,242.12127352665638
62,153.0,199.54438493967552
63,146.0,169.18121165700637
