,y_actual,y_predict
0,605.0,406.051420614633
1,565.0,403.1243898013341
2,610.0,413.83956123604435
3,570.0,428.0057543237909
4,535.0,440.24859757456795
5,500.0,417.5500495161693
6,466.0,386.67908319607557
7,466.0,397.6250876227551
8,484.0,433.19871875313754
9,555.0,414.8280798622488
10,520.0,387.43670639098286
11,540.0,408.86924504343466
12,560.0,377.2369351851463
13,525.0,407.64133403406146
14,525.0,401.26285489898567
15,500.0,398.0392997174894
16,520.0,388.33692540098195
17,510.0,368.0666167882299
18,510.0,387.01890923817166
19,510.0,386.0282156420454
20,496.0,374.73153634004717
21,462.0,383.06396058276334
22,430.0,380.7993902253748
23,400.0,356.85960036109617
24,372.0,383.0435169061534
25,346.0,376.9156224037726
26,386.0,372.6602885483918
27,390.0,370.381674545503
28,364.0,377.76001024807437
29,340.0,363.62134770065444
30,318.0,349.3042127409869
31,322.0,343.0152716021198
32,316.0,364.4841187237455
33,300.0,345.00424777435086
34,300.0,336.0806817963795
35,292.0,343.9544111265099
36,294.0,355.4875013337697
37,274.0,337.3669215445661
38,264.0,332.98695879069675
39,262.0,339.38459899452187
40,264.0,349.0690246058967
41,260.0,343.0223714740298
42,286.0,360.6261955806166
43,286.0,362.04060765914994
44,278.0,356.9711326105577
45,260.0,384.7793198152204
46,260.0,386.39352733647934
47,242.0,366.55632391842863
48,226.0,370.192998506421
49,212.0,369.95994371503406
50,212.0,343.5184831538597
51,226.0,354.3164361291722
52,228.0,375.85381561644544
53,220.0,386.0311971199526
54,206.0,339.9323115755838
55,194.0,354.2268825231315
56,193.0,375.67210676570164
57,187.0,372.52188137154667
58,189.0,402.82596103363574
59,176.0,396.12534699936896
60,164.0,383.8173847328694
61,164.0,403.89359028828954
62,153.0,357.0941849160167
63,146.0,351.94352833459965
