,y_actual,y_predict
0,575.0,566.0595896611608
1,580.0,565.7745466391225
2,580.0,567.1729616326552
3,580.0,570.8096624334322
4,580.0,570.5902617076072
5,575.0,567.7759774205961
6,580.0,567.7720460347863
7,570.0,569.1524056124628
8,570.0,568.1434325564425
9,565.0,567.6185903569836
10,560.0,565.6958092302425
11,560.0,565.1666912099448
12,560.0,565.4892973948374
13,560.0,564.8740969435108
14,560.0,566.4162576184209
15,560.0,564.7773699343852
16,565.0,561.8909868397554
17,560.0,559.8894507533048
18,560.0,560.0589259507408
19,560.0,562.8390387727001
20,560.0,564.2876535263329
21,560.0,561.7366799467218
22,550.0,558.9571024250624
23,555.0,555.4638950124887
24,560.0,555.0993028557058
25,555.0,556.4625767008563
26,555.0,556.3317221037526
27,560.0,552.5630982991256
28,555.0,551.1729585217058
29,555.0,548.8387859512987
30,550.0,550.0107425916907
31,550.0,546.6041134210795
32,545.0,546.7069349557518
33,550.0,546.1497531590709
34,545.0,547.7125316709454
35,520.0,548.4017922350882
36,530.0,546.5249723431209
37,540.0,545.3456750682873
38,540.0,546.4853118561404
39,520.0,549.3192179705414
40,520.0,542.1604320610891
41,515.0,542.1016762716039
42,520.0,541.3373946867296
43,520.0,540.0830237386757
44,520.0,539.771206926223
45,505.0,536.9202414055403
46,500.0,532.7133075724897
