,y_actual,y_predict
0,52.0,30.89375533208701
1,51.0,29.916632269572744
2,51.0,31.277239009387444
3,50.0,31.730350872334043
4,51.0,29.364026113026654
5,50.0,30.467622757589908
6,50.0,30.29048133527806
7,50.0,30.967565248043257
8,50.0,30.40935177130865
9,50.0,31.35353182771533
10,50.0,32.26179889910094
11,50.0,32.75545691417349
12,50.0,30.196237964397483
13,50.0,30.132680415650356
14,50.0,30.71358453128346
15,50.0,29.34058703944197
16,50.0,30.66857153087173
17,50.0,30.729812496066387
18,50.0,30.231414394648
19,50.0,29.871155952450493
20,50.0,30.148932140264577
21,50.0,31.33164902308127
22,50.0,30.53909233016239
23,50.0,30.362164746332297
24,50.0,31.259074618352997
25,50.0,29.44091292713722
26,50.0,29.696592471835487
27,50.0,30.961886648360803
28,50.0,30.55864667132832
29,50.0,30.577749575699414
30,50.0,31.14227128764611
31,50.0,30.881150741578466
32,50.0,30.56779420638165
33,50.0,30.63019940331037
34,50.0,30.500910281251493
35,50.0,30.37353382561284
36,50.0,30.290790213085046
37,50.0,30.395571069150407
38,50.0,30.40440972639672
39,50.0,30.676222196552686
40,50.0,30.53582535335761
41,50.0,30.452903542095015
42,50.0,30.485288192166905
43,50.0,30.29697964914061
44,50.0,30.387528366252866
45,50.0,30.562626443072304
46,50.0,30.363067619921964
47,50.0,30.348918640378457
48,50.0,30.510319174449194
49,50.0,30.641782321072697
50,50.0,30.522674286729
51,50.0,30.503310024213533
52,50.0,30.67249190303744
53,50.0,30.65470766930389
54,50.0,30.46960670350407
55,50.0,30.505709767175574
56,50.0,30.529719076711643
57,50.0,30.479478913412265
58,50.0,30.430604940413076
59,50.0,30.440322711417764
60,50.0,30.48645242390097
61,50.0,30.511804163905907
62,50.0,30.597410836106235
63,50.0,30.48764041546633
64,50.0,30.418796304253334
65,50.0,30.53328305140772
66,50.0,30.328045628574955
67,50.0,30.40636991247959
68,50.0,30.546244039385897
69,50.0,30.374104061564225
70,50.0,30.365467362884004
71,50.0,30.47122237203297
72,50.0,30.506553241186992
73,50.0,30.320347443231356
74,50.0,30.291194130217264
75,50.0,30.375494011695707
76,50.0,30.557684398160376
77,50.0,30.510948809978828
78,50.0,30.571690818716036
79,50.0,30.498189780566804
80,50.0,30.304095718617162
81,50.0,30.384974184387318
82,50.0,30.49224982273995
83,50.0,30.486761301707958
84,50.0,30.524420634330085
85,50.0,30.497619544615418
86,50.0,30.467325759698554
87,50.0,30.460494808197694
88,50.0,30.447664499291733
