,y_actual,y_predict
0,142.0,130.14239411874897
1,128.0,130.15116433843488
2,124.0,130.62306681314007
3,124.0,131.2956206516701
4,120.0,129.71517700831745
5,116.0,128.06916006961995
6,110.0,123.09845817405463
7,103.0,117.90026241113111
8,113.0,117.6667201164033
9,116.0,116.21402343042578
10,117.0,114.07498666284474
11,118.0,113.79985621578945
12,119.0,112.28646668965493
13,117.0,112.63248887681112
14,114.0,116.7446686488774
15,125.0,116.97100497237693
16,124.0,118.92070510664348
17,124.0,119.09555679924009
18,122.0,119.80703956771961
19,122.0,117.2115863851642
20,125.0,119.27526809037846
21,124.0,120.70660757074751
22,123.0,119.01517528516274
23,123.0,118.39447106884242
24,122.0,120.4068767096148
25,124.0,120.15711837254267
26,124.0,120.2541956318247
27,123.0,120.26149545796042
28,120.0,120.047245560877
29,118.0,119.65058343698502
30,118.0,119.88781735807288
31,119.0,119.38308652240306
32,119.0,118.61209974259435
33,121.0,117.05621480002691
34,118.0,117.16759971853494
35,118.0,115.80399219638235
36,115.0,115.5426479924005
37,116.0,121.47688522458873
38,117.0,116.71356096121619
39,117.0,115.8323676634042
40,115.0,116.5991831139925
41,114.0,116.93305630479423
42,120.0,117.28696230417702
43,117.0,116.62448222571427
44,118.0,116.33151934624172
45,118.0,115.82615238286579
46,117.0,115.11921636323652
47,116.0,116.8099186662077
48,116.0,117.30072769060439
49,119.0,116.95613418370615
50,118.0,117.1397560959887
51,116.0,116.91814380283128
52,116.0,116.82620770681339
53,116.0,116.66476683766041
54,114.0,117.07326510821534
55,116.0,116.91338848752
56,114.0,115.61168349099833
57,113.0,116.00993071999409
58,120.0,117.42045526755325
59,118.0,116.38352539329719
60,119.0,116.32406309526024
61,115.0,116.51446341752592
62,119.0,116.52472488740813
63,115.0,117.55077802072196
64,117.0,117.32804989699807
65,117.0,117.49046060019481
66,116.0,116.71627232520945
67,116.0,116.53157629565266
68,113.0,116.47808942672393
69,111.0,116.78428584814824
70,112.00000000000003,116.11016776116057
71,111.0,114.95631552885638
72,115.0,114.55706718084772
73,115.0,115.01086608673631
74,110.0,115.20252823609118
75,109.0,114.90064914041
76,103.0,114.70014377310784
77,106.0,113.68204745028197
78,106.0,112.78956027860573
79,101.00000000000003,111.64629279419833
80,103.99999999999997,111.5082009403566
81,107.0,111.69889325566771
