,y_actual,y_predict
0,142.0,130.36954385144648
1,128.0,123.04127967876582
2,124.0,119.64842477411347
3,124.0,124.24930704932012
4,120.0,132.35252076456885
5,116.0,131.56582893024532
6,110.0,128.67024861028128
7,103.0,129.3252098678242
8,113.0,128.4254332983353
9,116.0,126.80284880153346
10,117.0,123.8833980501056
11,118.0,125.55240944113064
12,119.0,125.26049982228622
13,117.0,124.77662563271846
14,114.0,120.05326270327745
15,125.0,116.58271679189491
16,124.0,114.19888556901401
17,124.0,111.01356472140017
18,122.0,109.8030449816367
19,122.0,109.68802057838386
20,125.0,112.15156590266679
21,124.0,111.9052280555554
22,123.0,112.10874720821928
23,123.0,114.83717193799836
24,122.0,111.41453374271225
25,124.0,110.83357186553943
26,124.0,113.52079429094388
27,123.0,115.92938235274792
28,120.0,111.438393745853
29,118.0,113.38752032235175
30,118.0,115.92307321730206
31,119.0,116.46438661023487
32,119.0,113.77548522481919
33,121.0,116.12330744820486
34,118.0,114.90559216553618
35,118.0,115.069859110236
36,115.0,114.72956207243479
37,116.0,115.62129840485136
38,117.0,115.01546497720182
39,117.0,114.10496809161646
40,115.0,113.29750303777524
41,114.0,110.34229356660543
42,120.0,110.52733373082287
43,117.0,113.46567017529617
44,118.0,111.21113972992498
45,118.0,108.44602815965237
46,117.0,111.4067542137162
47,116.0,112.31320490995776
48,116.0,110.53636465858509
49,119.0,110.33803881080061
50,118.0,112.02125357782114
51,116.0,111.2895607192687
52,116.0,109.97294322078406
53,116.0,110.89407699588148
54,114.0,111.34754219543245
55,116.0,110.09288979251701
56,114.0,109.79332578455313
57,113.0,110.01428109335833
58,120.0,109.43705255583777
59,118.0,109.06766049672422
60,119.0,111.27068545454637
61,115.0,110.50722792398051
62,119.0,110.10114902437343
63,115.0,110.10890769672338
64,117.0,110.21415033295438
65,117.0,109.2853830253836
66,116.0,109.22406448584354
67,116.0,109.5841127675034
68,113.0,109.49749511624154
69,111.0,109.40916721999932
70,112.00000000000003,109.43415348202959
71,111.0,109.24827905196804
72,115.0,109.27291075101456
73,115.0,108.86983520844618
74,110.0,108.78738888640476
75,109.0,109.20710803256259
76,103.0,109.33775406374588
77,106.0,108.46210863379704
78,106.0,107.56940246733674
79,101.00000000000003,107.69135127709546
80,103.99999999999997,106.42979532432025
81,107.0,105.06908687597584
