,y_actual,y_predict
0,142.0,141.53168885662632
1,145.0,143.3473577805791
2,143.0,143.91315767790468
3,141.0,142.93512917169178
4,141.0,142.92275029378098
5,142.0,142.29864382550375
6,145.0,141.649293845108
7,143.0,142.55675212837073
8,142.0,143.44410687893583
9,143.0,143.10094377814403
10,142.0,142.6746079026615
11,140.0,141.88496020705728
12,142.0,142.27809746380987
13,144.0,141.86876305871954
14,143.0,141.87164822519009
15,144.0,143.0740532132792
16,147.0,142.28319903459334
17,146.0,142.7634018944068
18,147.0,142.89646297045698
19,149.0,143.23589139609155
20,148.0,143.51411904697744
21,149.0,144.14856647605
22,148.0,144.07707444580151
23,148.0,145.65598349130403
24,148.0,146.54801731764084
25,148.0,146.48199512922884
26,148.0,146.54137940136016
27,149.0,146.18684734388881
28,150.0,146.60833017506536
29,150.0,147.72580688780002
30,149.0,148.11961742537343
31,148.0,148.7807136708282
32,146.0,148.91199439356686
33,148.0,149.2789889242187
34,146.0,148.21034540497996
35,146.0,147.72534824348247
36,144.0,147.88756147534266
37,146.0,147.67081475632548
38,146.0,146.27197444042528
39,147.0,146.22900647179821
40,145.0,146.27156776073483
41,146.0,147.00373354142636
42,146.0,146.96091017002257
43,145.0,146.61810178429408
44,145.0,146.34854092947788
45,146.0,146.16220029531627
46,145.0,145.30736184533382
47,144.0,146.084129091409
48,145.0,146.64403213322316
49,143.0,145.0824386052071
50,144.0,144.43628557904458
51,145.0,144.36389659414547
52,145.0,144.2324147908932
53,142.0,144.79909582754806
54,142.0,144.45316052686638
55,145.0,144.23971017267345
56,145.0,143.72054739851538
57,145.0,143.04546137170934
58,140.0,143.576969133804
59,141.0,144.35570651704626
60,139.0,142.8960020668078
61,137.0,142.68627283178242
62,136.0,142.09072883376408
63,138.0,141.18706170894893
