,y_actual,y_predict
0,123.0,139.39904856161252
1,131.0,129.42390429254903
2,131.0,128.15177891871969
3,137.0,131.82301695114415
4,142.0,138.08292708009998
5,140.0,108.15262035466054
6,162.0,101.99888967963761
7,165.0,113.86645537457275
8,162.0,147.50051472800328
9,161.0,138.29319249287897
10,178.0,100.40341744748218
11,169.0,91.02629313430316
12,169.0,150.6341170534527
13,179.0,175.34406480396808
14,185.00000000000006,99.09288952315461
15,184.0,108.47148582506651
16,192.0,121.92467778307707
17,188.0,152.72731774249132
18,175.0,102.31350273814854
19,163.0,69.83214140601842
20,180.0,140.6234487896353
21,179.0,123.78347244411725
22,174.0,143.3843435679155
23,176.0,118.80736546627173
24,174.0,145.44761381938525
25,167.0,147.64745191440704
26,167.0,173.01135519265694
27,165.0,139.5187048901666
28,163.0,72.79957255895425
29,169.0,84.46927025732748
30,158.0,132.1103164409447
31,147.0,144.66294569216956
32,154.0,152.9281624273798
33,155.0,137.86520359107436
34,153.0,146.13369141235768
35,158.0,147.77976734606398
36,158.0,162.6179044365652
37,170.0,165.4686886601342
38,168.00000000000006,156.45786056542113
39,167.0,162.6717138024677
40,165.0,155.91119666088434
41,154.0,144.12213703170363
42,156.0,148.09617950191512
43,146.0,153.6375301531927
44,141.0,160.92793052775778
45,133.0,142.4397520425859
46,136.0,128.81492619831965
47,139.0,152.02207158513056
