,y_actual,y_predict
0,82.0,73.1471558432346
1,83.0,73.27591309110026
2,87.0,71.9035712562079
3,87.0,77.03207711648237
4,84.0,78.36812559144812
5,79.0,76.7232642541364
6,74.0,74.12030197936474
7,69.0,76.05255385250982
8,73.0,73.44084312294595
9,70.0,68.29816289028228
10,69.0,69.70044328613787
11,71.0,70.42141599439347
12,67.0,67.2616920533081
13,63.0,65.62893743419018
14,59.0,66.66443026626416
15,68.0,63.70594311427851
16,64.0,58.53451668279021
17,69.0,60.12453829327791
18,76.0,63.01691410032032
19,90.0,66.23835059718593
20,106.0,70.08104349446887
21,110.0,75.3089977160336
22,111.0,86.97351032434833
23,104.0,102.72722665410615
24,102.0,108.21634614311873
25,107.0,110.70049198695551
26,105.0,119.5913693009741
27,105.0,116.88043796468577
28,106.0,117.57418507077665
29,105.0,121.08122914248747
30,103.0,117.93713430025817
31,100.0,108.08676049384215
32,97.0,106.38891272666339
33,100.0,101.29876118184725
34,96.0,97.22727542589067
35,96.0,97.30513176118791
36,93.0,96.60203555345973
37,93.0,95.86000224653131
38,87.0,90.47188297589949
39,87.0,89.64231599751523
40,84.0,91.65298242793256
41,79.0,88.61752763003385
42,78.0,84.36722104660566
43,75.0,82.41355577849959
44,78.0,81.3982035952836
45,75.0,77.40569731723798
46,76.0,76.15236394163988
47,72.0,76.030778729709
48,69.0,75.14117832724531
49,67.0,72.55507882189445
50,68.0,73.49109649802338
51,67.0,70.05657997463646
52,63.0,70.94532741392236
53,59.0,67.00530739885416
54,59.999999999999986,67.2633979796637
55,56.0,64.17077231997337
56,53.0,62.121883314483824
57,50.0,60.39381564246645
58,51.0,55.49833396343611
59,50.0,55.31881870782762
60,51.0,51.257052712899736
61,51.0,50.877434975244725
62,59.0,50.39397008713645
63,61.0,45.842772927631515
