{
    "DOWN": {
        "precision": 0.6337308347529813,
        "recall": 0.38851174934725846,
        "f1-score": 0.48170929103269666,
        "support": 1915.0
    },
    "UP": {
        "precision": 0.3666846944294213,
        "recall": 0.6119133574007221,
        "f1-score": 0.45857287791680756,
        "support": 1108.0
    },
    "accuracy": 0.470393648693351,
    "macro avg": {
        "precision": 0.5002077645912013,
        "recall": 0.5002125533739903,
        "f1-score": 0.4701410844747521,
        "support": 3023.0
    },
    "weighted avg": {
        "precision": 0.5358521964868534,
        "recall": 0.470393648693351,
        "f1-score": 0.4732292560567109,
        "support": 3023.0
    }
}