{
    "R2": 0.8676636285421275,
    "RMSE": 330.4120719979289,
    "MSE": 109172.13732196452,
    "MAPE": 0.03512916831294539,
    "ACMAPE": 0.846630765757035
}