{
    "R2": 0.9486647495835508,
    "RMSE": 42.987961043952446,
    "MSE": 1847.964794716373,
    "MAPE": 0.021119601985444506,
    "ACMAPE": 0.8608487216242706
}