{
    "R2": 0.994607427148715,
    "RMSE": 19.1458200750386,
    "MSE": 366.5624263457511,
    "MAPE": 0.08810119046214432,
    "ACMAPE": 1.1595654583282111
}