{
    "R2": 0.3852740878304731,
    "RMSE": 80.64806164466692,
    "MSE": 6504.109847041996,
    "MAPE": 0.04629242777417489,
    "ACMAPE": 0.47354415987579157
}