{
    "R2": 0.991968916959113,
    "RMSE": 7.340184854855636,
    "MSE": 53.87831370345206,
    "MAPE": 0.061755455452119745,
    "ACMAPE": 1.3493071320713206
}