{
    "DOWN": {
        "precision": 0.65,
        "recall": 0.6610169491525424,
        "f1-score": 0.6554621848739496,
        "support": 177.0
    },
    "UP": {
        "precision": 0.3548387096774194,
        "recall": 0.34375,
        "f1-score": 0.3492063492063492,
        "support": 96.0
    },
    "accuracy": 0.5494505494505495,
    "macro avg": {
        "precision": 0.5024193548387097,
        "recall": 0.5023834745762712,
        "f1-score": 0.5023342670401494,
        "support": 273.0
    },
    "weighted avg": {
        "precision": 0.546207018787664,
        "recall": 0.5494505494505495,
        "f1-score": 0.5477678250787494,
        "support": 273.0
    }
}