{
    "R2": 0.95220125143802,
    "RMSE": 2.4698726296598488,
    "MSE": 6.100270806742856,
    "MAPE": 0.02832645096443248,
    "ACMAPE": 1.353491389701473
}