{
    "R2": 0.9785974125096628,
    "RMSE": 45.092419848104896,
    "MSE": 2033.3263277577646,
    "MAPE": 0.024776041572521813,
    "ACMAPE": 0.9722792425968496
}