{
    "R2": 0.9876403249132727,
    "RMSE": 58.7665225370749,
    "MSE": 3453.504171100532,
    "MAPE": 0.040209432809645285,
    "ACMAPE": 1.0821562787910732
}