{
    "R2": 0.8327043587680218,
    "RMSE": 14.7971077143521,
    "MSE": 218.95439671013844,
    "MAPE": 0.25775094065604054,
    "ACMAPE": 2.2577509406560408
}