{
    "DOWN": {
        "precision": 1.0,
        "recall": 0.005988023952095809,
        "f1-score": 0.011904761904761906,
        "support": 167.0
    },
    "UP": {
        "precision": 0.3438735177865613,
        "recall": 1.0,
        "f1-score": 0.511764705882353,
        "support": 87.0
    },
    "accuracy": 0.3464566929133858,
    "macro avg": {
        "precision": 0.6719367588932806,
        "recall": 0.5029940119760479,
        "f1-score": 0.26183473389355744,
        "support": 254.0
    },
    "weighted avg": {
        "precision": 0.7752637639662632,
        "recall": 0.3464566929133858,
        "f1-score": 0.1831166324797636,
        "support": 254.0
    }
}