{
    "DOWN": {
        "precision": 0.8382978723404255,
        "recall": 0.6670428893905191,
        "f1-score": 0.742928975487115,
        "support": 886.0
    },
    "UP": {
        "precision": 0.25692695214105793,
        "recall": 0.4722222222222222,
        "f1-score": 0.33278955954323003,
        "support": 216.0
    },
    "accuracy": 0.6288566243194192,
    "macro avg": {
        "precision": 0.5476124122407418,
        "recall": 0.5696325558063706,
        "f1-score": 0.5378592675151725,
        "support": 1102.0
    },
    "weighted avg": {
        "precision": 0.7243449515028,
        "recall": 0.6288566243194192,
        "f1-score": 0.6625386725434861,
        "support": 1102.0
    }
}