{
    "DOWN": {
        "precision": 0.5932367149758454,
        "recall": 0.9761526232114467,
        "f1-score": 0.7379807692307693,
        "support": 629.0
    },
    "UP": {
        "precision": 0.5714285714285714,
        "recall": 0.045351473922902494,
        "f1-score": 0.08403361344537816,
        "support": 441.0
    },
    "accuracy": 0.5925233644859813,
    "macro avg": {
        "precision": 0.5823326432022085,
        "recall": 0.5107520485671746,
        "f1-score": 0.41100719133807373,
        "support": 1070.0
    },
    "weighted avg": {
        "precision": 0.5842484988035577,
        "recall": 0.5925233644859813,
        "f1-score": 0.4684567545566034,
        "support": 1070.0
    }
}