{
    "DOWN": {
        "precision": 0.7272727272727273,
        "recall": 0.4181184668989547,
        "f1-score": 0.5309734513274337,
        "support": 287.0
    },
    "UP": {
        "precision": 0.3814814814814815,
        "recall": 0.6959459459459459,
        "f1-score": 0.4928229665071771,
        "support": 148.0
    },
    "accuracy": 0.5126436781609195,
    "macro avg": {
        "precision": 0.5543771043771044,
        "recall": 0.5570322064224503,
        "f1-score": 0.5118982089173054,
        "support": 435.0
    },
    "weighted avg": {
        "precision": 0.6096242114632919,
        "recall": 0.5126436781609195,
        "f1-score": 0.517993516262151,
        "support": 435.0
    }
}