{
    "DOWN": {
        "precision": 0.943089430894309,
        "recall": 0.28698664027709053,
        "f1-score": 0.4400606980273141,
        "support": 4042.0
    },
    "UP": {
        "precision": 0.02503382949932341,
        "recall": 0.5138888888888888,
        "f1-score": 0.04774193548387097,
        "support": 144.0
    },
    "accuracy": 0.29479216435738176,
    "macro avg": {
        "precision": 0.4840616301968162,
        "recall": 0.4004377645829897,
        "f1-score": 0.24390131675559254,
        "support": 4186.0
    },
    "weighted avg": {
        "precision": 0.9115079673011703,
        "recall": 0.29479216435738176,
        "f1-score": 0.4265647826412043,
        "support": 4186.0
    }
}