{
    "DOWN": {
        "precision": 0.695906432748538,
        "recall": 0.16879432624113475,
        "f1-score": 0.271689497716895,
        "support": 705.0
    },
    "UP": {
        "precision": 0.07424960505529225,
        "recall": 0.47474747474747475,
        "f1-score": 0.12841530054644806,
        "support": 99.0
    },
    "accuracy": 0.2064676616915423,
    "macro avg": {
        "precision": 0.3850780189019151,
        "recall": 0.32177090049430473,
        "f1-score": 0.20005239913167153,
        "support": 804.0
    },
    "weighted avg": {
        "precision": 0.6193591368012353,
        "recall": 0.2064676616915423,
        "f1-score": 0.2540475256772504,
        "support": 804.0
    }
}