{
    "DOWN": {
        "precision": 0.0,
        "recall": 0.0,
        "f1-score": 0.0,
        "support": 210.0
    },
    "UP": {
        "precision": 0.2857142857142857,
        "recall": 1.0,
        "f1-score": 0.4444444444444445,
        "support": 84.0
    },
    "accuracy": 0.2857142857142857,
    "macro avg": {
        "precision": 0.14285714285714285,
        "recall": 0.5,
        "f1-score": 0.22222222222222224,
        "support": 294.0
    },
    "weighted avg": {
        "precision": 0.08163265306122448,
        "recall": 0.2857142857142857,
        "f1-score": 0.126984126984127,
        "support": 294.0
    }
}