{
    "R2": 0.9710594168627157,
    "RMSE": 4.83251383517116,
    "MSE": 23.353189967120674,
    "MAPE": 0.03640303304364027,
    "ACMAPE": 0.9568102519237882
}