{
    "DOWN": {
        "precision": 0.8043478260869565,
        "recall": 0.5657492354740061,
        "f1-score": 0.6642728904847397,
        "support": 327.0
    },
    "UP": {
        "precision": 0.30392156862745096,
        "recall": 0.5794392523364486,
        "f1-score": 0.39871382636655944,
        "support": 107.0
    },
    "accuracy": 0.5691244239631337,
    "macro avg": {
        "precision": 0.5541346973572038,
        "recall": 0.5725942439052274,
        "f1-score": 0.5314933584256496,
        "support": 434.0
    },
    "weighted avg": {
        "precision": 0.6809708455612259,
        "recall": 0.5691244239631337,
        "f1-score": 0.5988009553219625,
        "support": 434.0
    }
}