{
    "DOWN": {
        "precision": 0.7222222222222222,
        "recall": 0.06989247311827956,
        "f1-score": 0.12745098039215683,
        "support": 186.0
    },
    "UP": {
        "precision": 0.2311111111111111,
        "recall": 0.9122807017543859,
        "f1-score": 0.3687943262411348,
        "support": 57.0
    },
    "accuracy": 0.2674897119341564,
    "macro avg": {
        "precision": 0.4766666666666667,
        "recall": 0.4910865874363327,
        "f1-score": 0.2481226533166458,
        "support": 243.0
    },
    "weighted avg": {
        "precision": 0.6070233196159122,
        "recall": 0.2674897119341564,
        "f1-score": 0.18406238250488005,
        "support": 243.0
    }
}