{
    "R2": 0.6188192342632021,
    "RMSE": 37.61627906012042,
    "MSE": 1414.9844503288539,
    "MAPE": 0.08928590885765343,
    "ACMAPE": 1.0223113130146972
}