{
    "DOWN": {
        "precision": 0.6450511945392492,
        "recall": 0.6342281879194631,
        "f1-score": 0.6395939086294417,
        "support": 298.0
    },
    "UP": {
        "precision": 0.4322916666666667,
        "recall": 0.44385026737967914,
        "f1-score": 0.43799472295514513,
        "support": 187.0
    },
    "accuracy": 0.5608247422680412,
    "macro avg": {
        "precision": 0.538671430602958,
        "recall": 0.5390392276495711,
        "f1-score": 0.5387943157922934,
        "support": 485.0
    },
    "weighted avg": {
        "precision": 0.5630181394626039,
        "recall": 0.5608247422680412,
        "f1-score": 0.5618639133282181,
        "support": 485.0
    }
}