{
    "DOWN": {
        "precision": 0.7832929782082324,
        "recall": 0.4156761965949245,
        "f1-score": 0.5431269674711439,
        "support": 3113.0
    },
    "UP": {
        "precision": 0.2617694805194805,
        "recall": 0.6430707876370887,
        "f1-score": 0.3720796077300259,
        "support": 1003.0
    },
    "accuracy": 0.4710884353741497,
    "macro avg": {
        "precision": 0.5225312293638564,
        "recall": 0.5293734921160066,
        "f1-score": 0.4576032876005849,
        "support": 4116.0
    },
    "weighted avg": {
        "precision": 0.6562064699036118,
        "recall": 0.4710884353741497,
        "f1-score": 0.5014456016255799,
        "support": 4116.0
    }
}