{
    "DOWN": {
        "precision": 0.673202614379085,
        "recall": 0.6477987421383647,
        "f1-score": 0.6602564102564102,
        "support": 159.0
    },
    "UP": {
        "precision": 0.4909090909090909,
        "recall": 0.5192307692307693,
        "f1-score": 0.5046728971962617,
        "support": 104.0
    },
    "accuracy": 0.596958174904943,
    "macro avg": {
        "precision": 0.582055852644088,
        "recall": 0.583514755684567,
        "f1-score": 0.582464653726336,
        "support": 263.0
    },
    "weighted avg": {
        "precision": 0.6011169625126235,
        "recall": 0.596958174904943,
        "f1-score": 0.5987328917839561,
        "support": 263.0
    }
}