{
    "R2": 0.9760808380669789,
    "RMSE": 4.062191818885275,
    "MSE": 16.501402373418458,
    "MAPE": 0.03277503975351539,
    "ACMAPE": 1.0341505555719472
}