{
    "DOWN": {
        "precision": 0.5910652920962199,
        "recall": 0.8775510204081632,
        "f1-score": 0.7063655030800822,
        "support": 392.0
    },
    "UP": {
        "precision": 0.3333333333333333,
        "recall": 0.0916030534351145,
        "f1-score": 0.1437125748502994,
        "support": 262.0
    },
    "accuracy": 0.5626911314984709,
    "macro avg": {
        "precision": 0.46219931271477666,
        "recall": 0.4845770369216389,
        "f1-score": 0.4250390389651908,
        "support": 654.0
    },
    "weighted avg": {
        "precision": 0.48781487436552223,
        "recall": 0.5626911314984709,
        "f1-score": 0.48096020155683583,
        "support": 654.0
    }
}