{
    "DOWN": {
        "precision": 0.6059405940594059,
        "recall": 0.9134328358208955,
        "f1-score": 0.7285714285714285,
        "support": 335.0
    },
    "UP": {
        "precision": 0.46296296296296297,
        "recall": 0.11160714285714286,
        "f1-score": 0.1798561151079137,
        "support": 224.0
    },
    "accuracy": 0.592128801431127,
    "macro avg": {
        "precision": 0.5344517785111844,
        "recall": 0.5125199893390192,
        "f1-score": 0.4542137718396711,
        "support": 559.0
    },
    "weighted avg": {
        "precision": 0.5486472320458045,
        "recall": 0.592128801431127,
        "f1-score": 0.5086926625323814,
        "support": 559.0
    }
}