{
    "R2": 0.8673157671100463,
    "RMSE": 9.666827091845876,
    "MSE": 93.44754602364542,
    "MAPE": 0.07204082198586544,
    "ACMAPE": 1.2863939853475275
}