{
    "DOWN": {
        "precision": 0.7247706422018348,
        "recall": 0.31287128712871287,
        "f1-score": 0.43706777316735823,
        "support": 505.0
    },
    "UP": {
        "precision": 0.33904761904761904,
        "recall": 0.7478991596638656,
        "f1-score": 0.46657929226736566,
        "support": 238.0
    },
    "accuracy": 0.4522207267833109,
    "macro avg": {
        "precision": 0.531909130624727,
        "recall": 0.5303852233962892,
        "f1-score": 0.451823532717362,
        "support": 743.0
    },
    "weighted avg": {
        "precision": 0.6012146805454373,
        "recall": 0.4522207267833109,
        "f1-score": 0.44652099193694333,
        "support": 743.0
    }
}