{
    "R2": 0.9904169630877402,
    "RMSE": 21.963096234736557,
    "MSE": 482.3775962162991,
    "MAPE": 0.07178250917202147,
    "ACMAPE": 1.164283100608028
}