{
    "DOWN": {
        "precision": 0.725604670558799,
        "recall": 0.4876681614349776,
        "f1-score": 0.5833053972510895,
        "support": 1784.0
    },
    "UP": {
        "precision": 0.35814606741573035,
        "recall": 0.6078665077473182,
        "f1-score": 0.4507291206363234,
        "support": 839.0
    },
    "accuracy": 0.5261151353412123,
    "macro avg": {
        "precision": 0.5418753689872646,
        "recall": 0.5477673345911479,
        "f1-score": 0.5170172589437065,
        "support": 2623.0
    },
    "weighted avg": {
        "precision": 0.6080683503006843,
        "recall": 0.5261151353412123,
        "f1-score": 0.5408991844871595,
        "support": 2623.0
    }
}