{
    "R2": 0.9176060745574591,
    "RMSE": 11.3827415020077,
    "MSE": 129.56680410152853,
    "MAPE": 0.028348434906263494,
    "ACMAPE": 0.8511332450328457
}