{
    "DOWN": {
        "precision": 0.6666666666666666,
        "recall": 0.2832369942196532,
        "f1-score": 0.3975659229208925,
        "support": 346.0
    },
    "UP": {
        "precision": 0.3951219512195122,
        "recall": 0.7677725118483413,
        "f1-score": 0.5217391304347827,
        "support": 211.0
    },
    "accuracy": 0.466786355475763,
    "macro avg": {
        "precision": 0.5308943089430894,
        "recall": 0.5255047530339972,
        "f1-score": 0.4596525266778376,
        "support": 557.0
    },
    "weighted avg": {
        "precision": 0.5638014333464698,
        "recall": 0.466786355475763,
        "f1-score": 0.44460460655721357,
        "support": 557.0
    }
}