{
    "DOWN": {
        "precision": 0.6604095563139932,
        "recall": 0.5375,
        "f1-score": 0.5926493108728943,
        "support": 720.0
    },
    "UP": {
        "precision": 0.40747330960854095,
        "recall": 0.5350467289719626,
        "f1-score": 0.4626262626262626,
        "support": 428.0
    },
    "accuracy": 0.5365853658536586,
    "macro avg": {
        "precision": 0.5339414329612671,
        "recall": 0.5362733644859813,
        "f1-score": 0.5276377867495785,
        "support": 1148.0
    },
    "weighted avg": {
        "precision": 0.5661092831520302,
        "recall": 0.5365853658536586,
        "f1-score": 0.5441738190178783,
        "support": 1148.0
    }
}