{
    "DOWN": {
        "precision": 0.6202686202686203,
        "recall": 0.32151898734177214,
        "f1-score": 0.42350979574822845,
        "support": 1580.0
    },
    "UP": {
        "precision": 0.3514821536600121,
        "recall": 0.6513452914798207,
        "f1-score": 0.4565815324165029,
        "support": 892.0
    },
    "accuracy": 0.4405339805825243,
    "macro avg": {
        "precision": 0.4858753869643162,
        "recall": 0.48643213941079644,
        "f1-score": 0.4400456640823657,
        "support": 2472.0
    },
    "weighted avg": {
        "precision": 0.5232793289195594,
        "recall": 0.4405339805825243,
        "f1-score": 0.43544344830004916,
        "support": 2472.0
    }
}