{
    "R2": 0.9912501556552837,
    "RMSE": 41.45438605294111,
    "MSE": 1718.4661230262786,
    "MAPE": 0.05403861114749735,
    "ACMAPE": 1.0174111059643598
}