{
    "R2": -1.7353903814058405,
    "RMSE": 9.20667615184113,
    "MSE": 84.76288576488018,
    "MAPE": 0.14022003037750083,
    "ACMAPE": 1.6369087720993551
}