{
    "DOWN": {
        "precision": 0.7924528301886793,
        "recall": 0.5698778833107191,
        "f1-score": 0.6629834254143647,
        "support": 737.0
    },
    "UP": {
        "precision": 0.3796477495107632,
        "recall": 0.6381578947368421,
        "f1-score": 0.4760736196319018,
        "support": 304.0
    },
    "accuracy": 0.5898174831892411,
    "macro avg": {
        "precision": 0.5860502898497213,
        "recall": 0.6040178890237806,
        "f1-score": 0.5695285225231332,
        "support": 1041.0
    },
    "weighted avg": {
        "precision": 0.6719026433240429,
        "recall": 0.5898174831892411,
        "f1-score": 0.6084007347728001,
        "support": 1041.0
    }
}