{
    "R2": 0.9507726636829664,
    "RMSE": 142.684505101258,
    "MSE": 20358.867995990917,
    "MAPE": 0.13410867109723817,
    "ACMAPE": 1.2917972117436634
}