{
    "R2": 0.8608111860195011,
    "RMSE": 69.4679629657616,
    "MSE": 4825.797878612425,
    "MAPE": 0.026883265865826154,
    "ACMAPE": 0.744497431755854
}