{
    "R2": 0.9895302313569949,
    "RMSE": 10.880684139255655,
    "MSE": 118.38928733824957,
    "MAPE": 0.048234684228915345,
    "ACMAPE": 1.6690489458526205
}