{
    "R2": 0.9662171907423196,
    "RMSE": 568.2305002249428,
    "MSE": 322885.9013858887,
    "MAPE": 0.03161286321096087,
    "ACMAPE": 0.906949186080916
}