{
    "R2": 0.5033988019598259,
    "RMSE": 5.547294477442636,
    "MSE": 30.77247601946556,
    "MAPE": 0.014453697146429299,
    "ACMAPE": 0.8083468269174217
}