{
    "R2": 0.5344245197382202,
    "RMSE": 12.004970124092992,
    "MSE": 144.1193076803653,
    "MAPE": 0.16108082740246193,
    "ACMAPE": 1.5786632449848794
}