{
    "R2": 0.995052791283937,
    "RMSE": 113.8678312449773,
    "MSE": 12965.882992434626,
    "MAPE": 0.10767241027476177,
    "ACMAPE": 1.3219079523023898
}