{
    "DOWN": {
        "precision": 0.7018970189701897,
        "recall": 0.5967741935483871,
        "f1-score": 0.6450809464508095,
        "support": 434.0
    },
    "UP": {
        "precision": 0.4648318042813456,
        "recall": 0.5801526717557252,
        "f1-score": 0.5161290322580645,
        "support": 262.0
    },
    "accuracy": 0.5905172413793104,
    "macro avg": {
        "precision": 0.5833644116257677,
        "recall": 0.5884634326520561,
        "f1-score": 0.5806049893544369,
        "support": 696.0
    },
    "weighted avg": {
        "precision": 0.6126569525212283,
        "recall": 0.5905172413793104,
        "f1-score": 0.5965387028897474,
        "support": 696.0
    }
}