{
    "DOWN": {
        "precision": 0.5942028985507246,
        "recall": 0.22043010752688172,
        "f1-score": 0.32156862745098036,
        "support": 186.0
    },
    "UP": {
        "precision": 0.08227848101265822,
        "recall": 0.3170731707317073,
        "f1-score": 0.13065326633165827,
        "support": 41.0
    },
    "accuracy": 0.23788546255506607,
    "macro avg": {
        "precision": 0.3382406897816914,
        "recall": 0.2687516391292945,
        "f1-score": 0.22611094689131933,
        "support": 227.0
    },
    "weighted avg": {
        "precision": 0.5017407790834968,
        "recall": 0.23788546255506607,
        "f1-score": 0.28708611729286493,
        "support": 227.0
    }
}