{
    "R2": 0.9926808742952629,
    "RMSE": 50.08333187274533,
    "MSE": 2508.3401314755483,
    "MAPE": 0.1653300508530793,
    "ACMAPE": 1.2357998495107974
}