{
    "R2": 0.9920603887616084,
    "RMSE": 11.741466665818566,
    "MSE": 137.86203946452855,
    "MAPE": 0.05254630270881437,
    "ACMAPE": 1.1029190156069397
}