{
    "R2": 0.9940994350903914,
    "RMSE": 56.220944944385785,
    "MSE": 3160.7946504396577,
    "MAPE": 0.04421380866305796,
    "ACMAPE": 1.249142472735691
}