{
    "R2": 0.7647930075935142,
    "RMSE": 133.4088224185918,
    "MSE": 17797.913899115363,
    "MAPE": 0.0638933876322199,
    "ACMAPE": 0.687598796147755
}