{
    "R2": 0.7990741865378219,
    "RMSE": 17.64466699872837,
    "MSE": 311.3342734960139,
    "MAPE": 0.016056512195552992,
    "ACMAPE": 0.865841919920875
}