{
    "R2": 0.9862488143227959,
    "RMSE": 3.256317477514795,
    "MSE": 10.603603514368316,
    "MAPE": 0.03664282468624054,
    "ACMAPE": 0.9252587133021292
}