{
    "DOWN": {
        "precision": 0.9055555555555556,
        "recall": 0.4987251402345742,
        "f1-score": 0.6432094705688918,
        "support": 1961.0
    },
    "UP": {
        "precision": 0.27826725403817915,
        "recall": 0.7879417879417879,
        "f1-score": 0.4112859468258275,
        "support": 481.0
    },
    "accuracy": 0.5556920556920557,
    "macro avg": {
        "precision": 0.5919114047968673,
        "recall": 0.643333464088181,
        "f1-score": 0.5272477086973596,
        "support": 2442.0
    },
    "weighted avg": {
        "precision": 0.781998768893042,
        "recall": 0.5556920556920557,
        "f1-score": 0.5975275643770761,
        "support": 2442.0
    }
}