{
    "DOWN": {
        "precision": 0.8241881298992161,
        "recall": 0.41151803187028235,
        "f1-score": 0.5489464851762074,
        "support": 3577.0
    },
    "UP": {
        "precision": 0.22065901517956313,
        "recall": 0.654945054945055,
        "f1-score": 0.3301024646912213,
        "support": 910.0
    },
    "accuracy": 0.46088700690884776,
    "macro avg": {
        "precision": 0.5224235725393896,
        "recall": 0.5332315434076687,
        "f1-score": 0.4395244749337143,
        "support": 4487.0
    },
    "weighted avg": {
        "precision": 0.701787529410051,
        "recall": 0.46088700690884776,
        "f1-score": 0.5045631424881446,
        "support": 4487.0
    }
}