{
    "R2": 0.977247300517878,
    "RMSE": 25.54096817461421,
    "MSE": 652.3410552966559,
    "MAPE": 0.1251002354569416,
    "ACMAPE": 1.38540647809534
}