{
    "DOWN": {
        "precision": 0.8042168674698795,
        "recall": 0.35039370078740156,
        "f1-score": 0.48811700182815354,
        "support": 762.0
    },
    "UP": {
        "precision": 0.39114391143911437,
        "recall": 0.8302872062663186,
        "f1-score": 0.5317725752508361,
        "support": 383.0
    },
    "accuracy": 0.5109170305676856,
    "macro avg": {
        "precision": 0.597680389454497,
        "recall": 0.59034045352686,
        "f1-score": 0.5099447885394948,
        "support": 1145.0
    },
    "weighted avg": {
        "precision": 0.6660448655836062,
        "recall": 0.5109170305676856,
        "f1-score": 0.5027196958201949,
        "support": 1145.0
    }
}