{
    "DOWN": {
        "precision": 0.7407407407407407,
        "recall": 0.054945054945054944,
        "f1-score": 0.10230179028132992,
        "support": 364.0
    },
    "UP": {
        "precision": 0.31610337972166996,
        "recall": 0.9578313253012049,
        "f1-score": 0.47533632286995514,
        "support": 166.0
    },
    "accuracy": 0.33773584905660375,
    "macro avg": {
        "precision": 0.5284220602312053,
        "recall": 0.5063881901231299,
        "f1-score": 0.28881905657564255,
        "support": 530.0
    },
    "weighted avg": {
        "precision": 0.6077411144592959,
        "recall": 0.33773584905660375,
        "f1-score": 0.2191390212430503,
        "support": 530.0
    }
}