{
    "R2": 0.8517777073975674,
    "RMSE": 13.169508339289044,
    "MSE": 173.43594989860364,
    "MAPE": 0.013104243934966892,
    "ACMAPE": 0.8177019450843921
}