{
    "DOWN": {
        "precision": 0.6666666666666666,
        "recall": 0.5,
        "f1-score": 0.5714285714285715,
        "support": 32.0
    },
    "UP": {
        "precision": 0.23809523809523808,
        "recall": 0.38461538461538464,
        "f1-score": 0.2941176470588235,
        "support": 13.0
    },
    "accuracy": 0.4666666666666667,
    "macro avg": {
        "precision": 0.45238095238095233,
        "recall": 0.4423076923076923,
        "f1-score": 0.4327731092436975,
        "support": 45.0
    },
    "weighted avg": {
        "precision": 0.5428571428571428,
        "recall": 0.4666666666666667,
        "f1-score": 0.49131652661064434,
        "support": 45.0
    }
}