{
    "R2": 0.9807074939784762,
    "RMSE": 3.643963598651486,
    "MSE": 13.278470708297089,
    "MAPE": 0.03768930655007243,
    "ACMAPE": 0.8000655441738348
}