{
    "DOWN": {
        "precision": 0.7096774193548387,
        "recall": 0.8399412628487518,
        "f1-score": 0.7693342299932749,
        "support": 681.0
    },
    "UP": {
        "precision": 0.441025641025641,
        "recall": 0.26875,
        "f1-score": 0.3339805825242718,
        "support": 320.0
    },
    "accuracy": 0.6573426573426573,
    "macro avg": {
        "precision": 0.5753515301902399,
        "recall": 0.5543456314243759,
        "f1-score": 0.5516574062587734,
        "support": 1001.0
    },
    "weighted avg": {
        "precision": 0.6237947329758744,
        "recall": 0.6573426573426573,
        "f1-score": 0.6301602367963909,
        "support": 1001.0
    }
}