{
    "DOWN": {
        "precision": 0.7985611510791367,
        "recall": 0.5285714285714286,
        "f1-score": 0.6361031518624642,
        "support": 210.0
    },
    "UP": {
        "precision": 0.4,
        "recall": 0.7021276595744681,
        "f1-score": 0.5096525096525096,
        "support": 94.0
    },
    "accuracy": 0.5822368421052632,
    "macro avg": {
        "precision": 0.5992805755395684,
        "recall": 0.6153495440729484,
        "f1-score": 0.5728778307574869,
        "support": 304.0
    },
    "weighted avg": {
        "precision": 0.67532184778493,
        "recall": 0.5822368421052632,
        "f1-score": 0.5970032822317546,
        "support": 304.0
    }
}