{
    "DOWN": {
        "precision": 0.8520220588235294,
        "recall": 0.6015574302401038,
        "f1-score": 0.7052111068847471,
        "support": 1541.0
    },
    "UP": {
        "precision": 0.37538148524923703,
        "recall": 0.6962264150943396,
        "f1-score": 0.48777263714474556,
        "support": 530.0
    },
    "accuracy": 0.625784645098986,
    "macro avg": {
        "precision": 0.6137017720363832,
        "recall": 0.6488919226672216,
        "f1-score": 0.5964918720147463,
        "support": 2071.0
    },
    "weighted avg": {
        "precision": 0.7300425783820157,
        "recall": 0.625784645098986,
        "f1-score": 0.6495653372265139,
        "support": 2071.0
    }
}