{
    "R2": 0.9473235370745575,
    "RMSE": 24.655589490380752,
    "MSE": 607.8980931181738,
    "MAPE": 0.02172880021425525,
    "ACMAPE": 1.1030685131329157
}