{
    "R2": 0.9536920393135372,
    "RMSE": 208.3058560812336,
    "MSE": 43391.3296777356,
    "MAPE": 0.02678347261497779,
    "ACMAPE": 0.8930255108315384
}