{
    "DOWN": {
        "precision": 0.6230366492146597,
        "recall": 0.6839080459770115,
        "f1-score": 0.652054794520548,
        "support": 522.0
    },
    "UP": {
        "precision": 0.4349315068493151,
        "recall": 0.37026239067055394,
        "f1-score": 0.39999999999999997,
        "support": 343.0
    },
    "accuracy": 0.5595375722543353,
    "macro avg": {
        "precision": 0.5289840780319874,
        "recall": 0.5270852183237827,
        "f1-score": 0.526027397260274,
        "support": 865.0
    },
    "weighted avg": {
        "precision": 0.5484469800455114,
        "recall": 0.5595375722543353,
        "f1-score": 0.5521070551904348,
        "support": 865.0
    }
}