{
    "DOWN": {
        "precision": 0.6720430107526881,
        "recall": 0.40192926045016075,
        "f1-score": 0.5030181086519114,
        "support": 622.0
    },
    "UP": {
        "precision": 0.3392539964476021,
        "recall": 0.610223642172524,
        "f1-score": 0.4360730593607306,
        "support": 313.0
    },
    "accuracy": 0.4716577540106952,
    "macro avg": {
        "precision": 0.5056485036001451,
        "recall": 0.5060764513113424,
        "f1-score": 0.469545584006321,
        "support": 935.0
    },
    "weighted avg": {
        "precision": 0.5606387738783652,
        "recall": 0.4716577540106952,
        "f1-score": 0.4806076269105857,
        "support": 935.0
    }
}