{
    "DOWN": {
        "precision": 0.7777777777777778,
        "recall": 0.13725490196078433,
        "f1-score": 0.23333333333333334,
        "support": 51.0
    },
    "UP": {
        "precision": 0.3333333333333333,
        "recall": 0.9166666666666666,
        "f1-score": 0.4888888888888888,
        "support": 24.0
    },
    "accuracy": 0.38666666666666666,
    "macro avg": {
        "precision": 0.5555555555555556,
        "recall": 0.5269607843137255,
        "f1-score": 0.36111111111111105,
        "support": 75.0
    },
    "weighted avg": {
        "precision": 0.6355555555555555,
        "recall": 0.38666666666666666,
        "f1-score": 0.3151111111111111,
        "support": 75.0
    }
}