{
    "DOWN": {
        "precision": 0.6910569105691057,
        "recall": 0.183585313174946,
        "f1-score": 0.29010238907849834,
        "support": 463.0
    },
    "UP": {
        "precision": 0.17286652078774617,
        "recall": 0.6752136752136753,
        "f1-score": 0.27526132404181186,
        "support": 117.0
    },
    "accuracy": 0.2827586206896552,
    "macro avg": {
        "precision": 0.4319617156784259,
        "recall": 0.4293994941943106,
        "f1-score": 0.2826818565601551,
        "support": 580.0
    },
    "weighted avg": {
        "precision": 0.5865254009063142,
        "recall": 0.2827586206896552,
        "f1-score": 0.2871085880279943,
        "support": 580.0
    }
}