{
    "R2": 0.9922036690399147,
    "RMSE": 40.24004352113422,
    "MSE": 1619.2611025827762,
    "MAPE": 0.0648203377455621,
    "ACMAPE": 1.1905963782146354
}