{
    "DOWN": {
        "precision": 0.5714285714285714,
        "recall": 0.5656565656565656,
        "f1-score": 0.5685279187817259,
        "support": 99.0
    },
    "UP": {
        "precision": 0.3484848484848485,
        "recall": 0.35384615384615387,
        "f1-score": 0.351145038167939,
        "support": 65.0
    },
    "accuracy": 0.4817073170731707,
    "macro avg": {
        "precision": 0.45995670995670995,
        "recall": 0.4597513597513597,
        "f1-score": 0.45983647847483244,
        "support": 164.0
    },
    "weighted avg": {
        "precision": 0.48306673001794953,
        "recall": 0.4817073170731707,
        "f1-score": 0.4823700697579689,
        "support": 164.0
    }
}