{
    "R2": 0.9932216598341844,
    "RMSE": 138.97914359301944,
    "MSE": 19315.20235384912,
    "MAPE": 0.19396087243667676,
    "ACMAPE": 1.254857593382472
}