{
    "R2": 0.9899287862030082,
    "RMSE": 112.75499308280506,
    "MSE": 12713.688465103418,
    "MAPE": 0.08399242829092682,
    "ACMAPE": 1.1037224386751427
}