{
    "DOWN": {
        "precision": 0.7751937984496124,
        "recall": 0.7194244604316546,
        "f1-score": 0.7462686567164178,
        "support": 139.0
    },
    "UP": {
        "precision": 0.524390243902439,
        "recall": 0.5972222222222222,
        "f1-score": 0.5584415584415584,
        "support": 72.0
    },
    "accuracy": 0.6777251184834123,
    "macro avg": {
        "precision": 0.6497920211760257,
        "recall": 0.6583233413269385,
        "f1-score": 0.6523551075789882,
        "support": 211.0
    },
    "weighted avg": {
        "precision": 0.6896115428695343,
        "recall": 0.6777251184834123,
        "f1-score": 0.6821759975894516,
        "support": 211.0
    }
}