{
    "R2": 0.029124471314364353,
    "RMSE": 738.6982986032762,
    "MSE": 545675.176359375,
    "MAPE": 0.10386167539767062,
    "ACMAPE": 1.141023837559833
}