{
    "R2": 0.9836813236092495,
    "RMSE": 37.74070352536702,
    "MSE": 1424.3607025896504,
    "MAPE": 0.025151914756658258,
    "ACMAPE": 1.011542769410986
}