{
    "DOWN": {
        "precision": 0.6822742474916388,
        "recall": 0.34459459459459457,
        "f1-score": 0.45791245791245794,
        "support": 1184.0
    },
    "UP": {
        "precision": 0.31509267431597526,
        "recall": 0.6526508226691042,
        "f1-score": 0.425,
        "support": 547.0
    },
    "accuracy": 0.44194107452339687,
    "macro avg": {
        "precision": 0.498683460903807,
        "recall": 0.49862270863184943,
        "f1-score": 0.44145622895622894,
        "support": 1731.0
    },
    "weighted avg": {
        "precision": 0.5662440218838468,
        "recall": 0.44194107452339687,
        "f1-score": 0.44751204515791465,
        "support": 1731.0
    }
}