{
    "R2": 0.9393064924423811,
    "RMSE": 22.046318980265703,
    "MSE": 486.0401805796238,
    "MAPE": 0.024103810789475644,
    "ACMAPE": 0.8218566197782396
}