{
    "R2": 0.9918518616416442,
    "RMSE": 41.42377473605302,
    "MSE": 1715.9291133832644,
    "MAPE": 0.04824706341001586,
    "ACMAPE": 1.0605170020603225
}