{
    "DOWN": {
        "precision": 0.6511627906976745,
        "recall": 0.3684210526315789,
        "f1-score": 0.4705882352941176,
        "support": 76.0
    },
    "UP": {
        "precision": 0.4146341463414634,
        "recall": 0.6938775510204082,
        "f1-score": 0.5190839694656488,
        "support": 49.0
    },
    "accuracy": 0.496,
    "macro avg": {
        "precision": 0.5328984685195689,
        "recall": 0.5311493018259935,
        "f1-score": 0.4948361023798832,
        "support": 125.0
    },
    "weighted avg": {
        "precision": 0.5584435621100396,
        "recall": 0.496,
        "f1-score": 0.4895985630893578,
        "support": 125.0
    }
}