{
    "R2": 0.9979087494038366,
    "RMSE": 133.27662998061888,
    "MSE": 17762.6600989908,
    "MAPE": 0.05340569984157252,
    "ACMAPE": 1.085298703956799
}