{
    "R2": -0.7556840943219427,
    "RMSE": 33.488931145748836,
    "MSE": 1121.5085092847064,
    "MAPE": 0.22366056602889292,
    "ACMAPE": 1.6915504742857737
}