{
    "DOWN": {
        "precision": 0.5704074338813439,
        "recall": 0.38127090301003347,
        "f1-score": 0.45704467353951894,
        "support": 2093.0
    },
    "UP": {
        "precision": 0.44420600858369097,
        "recall": 0.632640586797066,
        "f1-score": 0.5219364599092285,
        "support": 1636.0
    },
    "accuracy": 0.4915526950925181,
    "macro avg": {
        "precision": 0.5073067212325174,
        "recall": 0.5069557449035498,
        "f1-score": 0.48949056672437374,
        "support": 3729.0
    },
    "weighted avg": {
        "precision": 0.5150399005515074,
        "recall": 0.4915526950925181,
        "f1-score": 0.4855142263689222,
        "support": 3729.0
    }
}