,y_actual,y_predict
0,1685.0,1678.1357910923189
1,1695.0,1663.45952180513
2,1695.0,1649.3299317467695
3,1680.0,1662.59058637554
4,1720.0,1672.9221433685025
5,1640.0,1680.226755494452
6,1565.0,1665.8265672311722
7,1560.0,1661.3305502205885
8,1475.0,1662.42754280314
9,1515.0,1656.0537094932854
10,1485.0,1641.6411919165334
11,1575.0,1626.096282428469
12,1665.0,1610.1907862114995
13,1685.0,1613.3815900445056
14,1675.0,1618.4585398440945
15,1700.0,1617.723870216462
16,1725.0,1614.1583086762378
17,1770.0,1616.2005743989318
18,1750.0,1617.985302272711
19,1755.0,1618.16567295897
20,1690.0,1613.5081728706223
21,1660.0,1608.9326057798985
22,1615.0,1598.6209837544432
23,1640.0,1604.7869901075583
24,1615.0,1607.2243843187946
25,1580.0,1612.7125033670989
26,1490.0,1606.6035464484996
27,1505.0,1607.8116223496384
28,1525.0,1601.5930371682605
29,1495.0,1609.2016434901823
30,1455.0,1610.9451377534547
31,1455.0,1606.3355912435036
32,1500.0,1598.0298515162654
33,1500.0,1586.026765773901
34,1495.0,1583.5399840162245
35,1500.0,1573.3830337203265
36,1450.0,1562.6732887436497
37,1440.0,1540.7964051599424
38,1420.0,1520.100970658997
39,1395.0,1505.716612278237
40,1395.0,1489.595549894646
41,1395.0,1476.5013972317922
42,1325.0,1460.7170924022655
43,1300.0,1440.6181183148756
44,1345.0,1433.9076258605278
45,1315.0,1433.6796530586278
46,1280.0,1431.2493302780376
47,1275.0,1418.207868911528
48,1220.0,1406.4694908582962
49,1190.0,1395.0595196040522
50,1170.0,1385.9428006556493
51,1150.0,1373.0147352326603
52,1140.0,1354.9280681826626
53,1070.0,1331.3284406967832
54,1045.0,1313.9392163393275
55,1080.0,1297.0036038729734
56,1155.0,1283.7133349924022
57,1095.0,1275.9774991528934
58,1140.0,1263.2360182776854
59,1105.0,1245.4717409842967
