,y_actual,y_predict
0,1685.0,1679.7968462515992
1,1695.0,1677.4855217308561
2,1695.0,1676.7090631815631
3,1680.0,1681.3910848263806
4,1720.0,1679.5044081510366
5,1640.0,1673.7659843573308
6,1565.0,1672.7446968523714
7,1560.0,1671.2550922546088
8,1475.0,1667.8306570693348
9,1515.0,1659.7454953676151
10,1485.0,1638.8664286060375
11,1575.0,1625.4540756226236
12,1665.0,1609.8917054648527
13,1685.0,1594.1020724599489
14,1675.0,1572.9355372811751
15,1700.0,1552.177387766091
16,1725.0,1547.65439950363
17,1770.0,1559.6705596605088
18,1750.0,1587.739261022115
19,1755.0,1624.5412987288792
20,1690.0,1657.6798854886833
21,1660.0,1677.5038680867071
22,1615.0,1689.4574151536463
23,1640.0,1691.0300211958104
24,1615.0,1693.8058142921807
25,1580.0,1693.6499265014884
26,1490.0,1681.120163275726
27,1505.0,1665.5072211420281
28,1525.0,1642.146180633273
29,1495.0,1616.7188976126251
30,1455.0,1587.6943721989485
31,1455.0,1573.4857311375613
32,1500.0,1560.2973583391417
33,1500.0,1543.1599218999165
34,1495.0,1520.739227023468
35,1500.0,1508.9168634301182
36,1450.0,1499.9361746267073
37,1440.0,1500.6693821692757
38,1420.0,1495.156984073803
39,1395.0,1491.586797283713
40,1395.0,1486.412253306103
41,1395.0,1484.7630213539267
42,1325.0,1479.1819614944877
43,1300.0,1468.0644353700611
44,1345.0,1446.915065632279
45,1315.0,1428.1369166980774
46,1280.0,1414.72130214029
47,1275.0,1400.8705766908643
48,1220.0,1383.7268420390558
49,1190.0,1369.1914390243778
50,1170.0,1350.1611647677003
51,1150.0,1333.1921773980584
52,1140.0,1317.9142038729983
53,1070.0,1301.4344807764032
54,1045.0,1277.0091969846787
55,1080.0,1250.677382386537
56,1155.0,1230.4912736527372
57,1095.0,1209.3486801168863
58,1140.0,1195.501328709916
59,1105.0,1181.744514108831
