,y_actual,y_predict
0,344.0,347.50130051638746
1,338.0,348.8871526311236
2,340.0,349.5453027432105
3,340.0,349.44102546429656
4,338.0,349.4840277442975
5,336.0,349.48508221740474
6,336.0,349.2605805594354
7,342.0,348.9929177282573
8,344.0,348.4041317238508
9,344.0,348.01612895492065
10,338.0,347.69341684961296
11,336.0,347.6739452092229
12,330.0,347.6034977387612
13,326.0,346.4719469808998
14,324.0,345.36762474094303
15,318.0,344.2376340254868
16,322.0,343.1043643320124
17,324.0,341.1359374928161
18,328.0,339.1443700246102
19,330.0,337.03051256564584
20,322.0,335.29135418065675
21,326.0,334.1376450427076
22,326.0,333.38547348603686
23,330.0,333.28506742346167
24,324.0,333.08949877417285
25,332.0,333.8419447827482
26,328.0,334.75638963922756
27,332.0,335.0460519572856
28,332.0,335.81080496705704
29,334.0,336.13969946263694
30,342.0,336.7584440591569
31,340.0,336.619686954122
32,334.0,337.30999127355926
33,330.0,338.1067540423102
34,330.0,338.47044615042694
35,330.0,338.48827107938934
36,338.0,337.99300095026877
37,336.0,338.4081166784067
38,338.0,339.45649406433483
39,380.0,339.37597854242506
40,368.0,335.58787779632996
41,372.0,336.1615833908201
42,372.0,337.8340355181524
43,382.0,339.736117220619
44,380.0,339.75008537807986
45,354.0,342.0106157128015
46,334.0,347.6357097254599
47,340.0,351.8048941635217
48,330.0,360.7462483189058
49,334.0,360.86835774920075
50,334.0,354.8419211605645
51,342.0,350.8752533384292
52,334.0,348.52827065375607
53,332.0,345.7443894266213
54,332.0,344.08180312301783
55,332.0,340.9872134501927
56,330.0,340.4974612488385
57,330.0,339.705898621438
58,332.0,339.64944819811126
59,330.0,338.78141460318477
60,332.0,338.9687352504982
61,332.0,338.80452634252015
62,332.0,338.5879837897845
63,334.0,338.5613186205263
64,332.0,338.6509199449622
65,332.0,339.42865886327274
66,336.0,339.8338509883336
67,332.0,340.02394504436734
68,334.0,340.3203386565068
69,330.0,340.2884155665497
70,330.0,340.589041515955
71,332.0,340.3146907252067
72,332.0,339.89441819022943
73,332.0,339.4339023391344
74,330.0,339.6130905431693
75,324.0,340.10017044966287
76,324.0,339.6321866177951
77,328.0,338.3466250069375
78,332.0,337.54519655580816
79,334.0,337.3823599073532
80,330.0,337.53286066493797
81,330.0,337.5725406324094
82,334.0,336.90453914143086
83,380.0,336.7096927339963
84,372.0,334.7865215693861
85,358.0,336.86617365413406
