,y_actual,y_predict
0,344.0,327.2875277314132
1,338.0,328.61471936274876
2,340.0,330.3734793916617
3,340.0,332.72749671199506
4,338.0,334.73621020182037
5,336.0,335.41052408660494
6,336.0,335.88483475711575
7,342.0,335.9474386810405
8,344.0,335.91847678268584
9,344.0,335.5396609301415
10,338.0,334.895580089375
11,336.0,335.087927539994
12,330.0,335.27884495174146
13,326.0,335.34793460751723
14,324.0,334.8386240967504
15,318.0,333.85757409647374
16,322.0,332.71761644342916
17,324.0,331.4040751831386
18,328.0,330.0220653950669
19,330.0,328.780156081879
20,322.0,328.24618823420866
21,326.0,327.7494158420312
22,326.0,327.53545891513374
23,330.0,326.17994095827527
24,324.0,325.1297435228745
25,332.0,323.85177989632336
26,328.0,322.0814062183944
27,332.0,321.4504557345379
28,332.0,321.04149350699794
29,334.0,320.73026504717257
30,342.0,321.38460172226905
31,340.0,322.21931107804136
32,334.0,322.768864904926
33,330.0,323.25636371169503
34,330.0,324.05984332969035
35,330.0,324.4437726545627
36,338.0,325.0560748537429
37,336.0,325.15861875220673
38,338.0,325.59829070338856
39,380.0,326.4313677925703
40,368.0,327.74872248985116
41,372.0,325.9062690748699
42,372.0,329.9880622485697
43,382.0,331.7897812229723
44,380.0,335.53453301297645
45,354.0,340.5582162336164
46,334.0,336.9230863122475
47,340.0,342.9116124259551
48,330.0,350.96748362321455
49,334.0,355.63898727089423
50,334.0,355.0384865036121
51,342.0,355.09255352881985
52,334.0,357.2531472581715
53,332.0,356.27210448031343
54,332.0,357.88647391772844
55,332.0,360.17397276328705
56,330.0,360.0458615031835
57,330.0,353.2797120298621
58,332.0,346.50801573910013
59,330.0,339.4211186583145
60,332.0,332.4389899809038
61,332.0,330.0883960869595
62,332.0,329.2062209965271
63,334.0,329.3304754851291
64,332.0,330.2175040408219
65,332.0,329.6556576575782
66,336.0,328.5074231128841
67,332.0,328.394406707534
68,334.0,328.2997641349556
69,330.0,328.0686900761127
70,330.0,327.5275142547372
71,332.0,327.4802940823075
72,332.0,327.84060609854646
73,332.0,327.8667801433438
74,330.0,328.0473694965758
75,324.0,328.0760136085147
76,324.0,327.95177356474983
77,328.0,328.1698761598906
78,332.0,328.3498877196392
79,334.0,327.90973908883353
80,330.0,326.9327625326148
81,330.0,326.2184075594316
82,334.0,326.553195548542
83,380.0,326.64662475480543
84,372.0,326.7388261499166
85,358.0,325.8002150809946
