,y_actual,y_predict
0,98.0,92.51722984242349
1,97.0,95.54945242508177
2,97.0,97.6626006822123
3,97.0,98.5312798299553
4,103.0,100.79205813243688
5,103.0,99.70674541945428
6,103.0,99.47114603098011
7,105.0,99.38173710168178
8,103.0,99.20950848987367
9,101.0,101.96391992567173
10,102.0,102.37511018091358
11,99.99999999999999,103.65591676416011
12,99.0,103.94626873555342
13,99.99999999999999,101.8065895815293
14,99.99999999999999,102.49891459198219
15,99.99999999999999,101.94980425183287
16,99.0,100.3028790207766
17,97.0,99.18607898333072
18,96.0,98.52162783942481
19,98.0,97.86680936274502
20,99.99999999999999,97.96268193735355
21,99.0,97.50250710554563
22,98.0,95.9615895222375
23,98.0,95.9320055432542
24,101.0,96.3588186900754
25,103.0,96.18632921365837
26,101.0,95.50749186965247
27,101.0,95.48913473050543
28,99.99999999999999,96.09428265331417
29,99.99999999999999,96.75354548999799
30,99.0,97.41130110894132
31,96.0,96.46271043599555
32,96.0,96.56172304756345
33,96.0,97.04772347565563
34,96.0,97.478671809611
35,95.0,96.98264258655323
36,95.0,95.67912145902525
37,94.0,96.10036949418924
38,94.0,96.11255283759158
39,95.0,95.46089372117551
40,97.0,94.88418004074033
41,96.0,94.85560087358402
