,y_actual,y_predict
0,124.0,120.01651268506576
1,121.0,119.60231116379833
2,118.0,119.23920281559408
3,115.0,119.2759338708131
4,111.0,118.61007109977449
5,104.0,118.0872055991622
6,97.0,116.57573338120386
7,91.0,114.17380374016162
8,91.0,111.63632702440609
9,86.0,108.7367818071386
10,84.0,105.20515660284158
11,91.0,101.97363115394097
12,87.0,99.11016861689612
13,93.0,95.97841951649386
14,91.0,92.73951115607795
15,91.0,91.05388908414116
16,106.0,89.71137360344504
17,107.0,89.59559584937584
18,108.0,90.66534730919243
19,105.0,91.43137178368006
20,104.0,94.87626765709442
21,110.0,96.11542237657638
22,110.0,96.9783055120787
23,115.0,98.02031141544676
24,112.0,99.19426774732182
25,107.0,103.28958772676681
26,106.0,105.57520134015796
27,99.0,106.849564045292
28,96.0,105.79708627405802
29,101.0,103.42532442058284
30,112.0,103.81819073442247
31,106.0,103.40464370489666
32,118.0,103.98902531247607
33,116.0,103.38298430997067
34,116.0,104.86981216132162
35,114.0,104.75044387779138
36,113.0,105.10914816941649
37,114.0,106.73322966740515
38,110.0,107.74533080325185
39,106.0,111.18363894203323
40,109.0,111.20468054568909
41,106.0,112.75959388840438
42,99.0,111.50754506993795
43,97.0,110.11703760601978
44,98.0,108.43580124042637
45,94.0,106.56572871551214
46,89.0,104.51411730835892
47,90.0,102.57636299726677
48,87.0,100.00435113783654
49,85.0,98.55995514827647
50,82.0,96.08004312205735
51,84.0,93.89412022273108
52,78.99999999999999,91.55732168509802
53,78.99999999999999,89.82134044952788
54,80.0,88.21751149505798
55,81.0,86.92606472044406
56,80.0,85.78694325276088
