,y_actual,y_predict
0,640.0,692.3645611097597
1,630.0,687.3806091070785
2,630.0,681.3765744969528
3,635.0,673.0736934725214
4,650.0,661.2801158026564
5,640.0,652.5804148868754
6,630.0,648.2769338701937
7,625.0,645.1245484874228
8,620.0,644.6470838019852
9,620.0,643.3071430001496
10,620.0,642.152619830951
11,625.0,640.9078983647019
12,620.0,639.0761212820986
13,605.0,638.6641856594683
14,595.0,637.5731921574925
15,630.0,634.6932056318143
16,630.0,631.141452255802
17,660.0,629.2404179141136
18,680.0,629.1220025831356
19,675.0,630.7554336105244
20,670.0,634.1480320913909
21,670.0,639.4020828945901
22,665.0,644.1677399853592
23,670.0,650.2145887204849
24,665.0,655.0190160459363
25,660.0,659.2586066022071
26,660.0,662.6692748085826
27,650.0,665.1339282424416
28,655.0,665.4984496269221
29,675.0,663.858208628106
30,670.0,662.4725523227152
31,650.0,661.8747931751111
32,650.0,662.0078957954588
33,660.0,661.5204792312468
34,665.0,660.2097626776555
35,630.0,659.5220908609415
36,645.0,658.9083666147595
37,650.0,658.4269332042518
38,635.0,656.8877293311817
39,640.0,655.4384832263702
40,640.0,653.9597122123241
41,640.0,651.9098807466011
42,640.0,650.407071886391
43,625.0,650.4778474834767
44,625.0,649.8809001205461
45,615.0,648.1436057541034
46,615.0,646.0645199740369
47,625.0,644.2241740532138
48,615.0,641.9240573462247
49,615.0,639.13938035443
50,605.0,636.696750338101
51,610.0,634.8105836823762
52,615.0,632.7171112739301
53,610.0,630.3694450313458
54,620.0,628.5449740108036
55,615.0,627.7478766267177
56,610.0,627.4809648326953
57,605.0,627.4368879315366
58,605.0,626.5630167636111
59,575.0,625.4056222819564
60,575.0,624.3905156138991
61,570.0,622.5244481453672
62,570.0,619.7639743632811
63,595.0,616.4445567674218
