,y_actual,y_predict
0,196.0,198.2019589984891
1,194.0,198.6081608204277
2,194.0,199.33913051860813
3,194.0,198.45044520806425
4,197.0,198.03095970319447
5,194.0,198.40924428194324
6,196.0,199.10597505868054
7,204.0,199.0046934661251
8,204.0,203.1683134412788
9,204.0,208.9399043221356
10,206.0,210.5219797102616
11,208.0,210.04667084437477
12,208.0,209.57127544789003
13,206.0,210.8224677188045
14,210.0,211.1150981309811
15,208.0,211.15647088214655
16,212.0,210.64965375325647
17,218.0,211.56913468552222
18,216.0,215.1014926252824
19,220.0,217.24523317986188
20,220.0,217.25588834136252
21,224.0,218.96366240254815
22,226.0,220.87201253547107
23,234.0,223.0190723110752
24,238.0,230.07217578435552
25,238.0,234.3172902766245
26,240.0,233.4093135873514
27,224.0,233.45570387704444
28,224.0,234.5297290752601
29,246.0,233.82840352377357
30,230.0,230.3411029934607
31,230.0,233.72621954069706
32,220.0,234.29633132965836
33,212.0,225.10566682264098
34,214.0,215.98186358151816
35,214.0,213.15820854479236
36,214.0,212.55335657499572
37,210.0,211.67001082041884
38,216.0,208.91793667562806
39,216.0,209.93412420412238
40,216.0,215.08391208008908
41,210.0,216.93137557586562
42,208.0,215.90025873789048
43,212.0,212.5569018572074
44,208.0,209.51651023247032
45,208.0,209.6438641122529
46,208.0,210.610717456498
47,208.0,210.6115401152539
48,208.0,209.52011917647903
49,210.0,208.43317248769205
