,y_actual,y_predict
0,177.0,177.97394731790396
1,180.0,178.017358329383
2,179.0,177.59415156304703
3,191.0,177.13728292191544
4,190.0,176.8470445138022
5,188.0,177.43751079573838
6,185.0,178.9526651417524
7,185.0,181.3046530627405
8,185.0,182.3940439842906
9,178.0,183.40336106896189
10,182.0,183.53798010812807
11,184.0,183.68555319803173
12,188.0,183.57315985045793
13,187.0,183.54040237173479
14,187.0,183.62745049371097
15,180.0,184.14119015290376
16,185.0,183.89374612258374
17,185.0,183.69460190209256
18,181.0,182.9851205754645
19,180.0,182.7782099327565
20,184.0,182.96685556946926
21,182.0,183.1717898221587
22,181.0,183.01124212706142
23,188.0,182.58307541233495
24,183.0,182.4927101173517
25,183.0,182.96671643161193
26,186.0,183.15230894102405
27,184.0,183.3359092492975
28,184.0,183.28904983251414
29,183.0,183.44190857988332
30,184.0,183.6057418257474
31,185.0,183.77299343578755
32,186.0,183.88245382057386
33,185.0,183.92723881839376
34,186.0,184.1363535312504
35,186.0,184.3472533195718
36,186.0,184.4692044892752
37,189.0,184.61820690444023
38,185.0,184.9450939079451
39,186.0,185.31164468745388
40,186.0,185.49218396286662
41,185.0,185.30108918364292
42,187.0,185.15478414557515
43,182.0,185.07375847926346
44,183.0,184.7633719607453
45,184.0,184.34737822742096
46,186.0,183.93010379336462
47,184.0,183.7194048062691
48,180.0,183.80974480346015
49,181.0,183.77666794011
50,180.0,183.23496947715907
51,184.0,182.53963594083964
52,182.0,181.83879697248463
53,182.0,181.52981764365964
54,182.0,181.79189012234082
55,183.0,182.05510890723275
56,183.0,182.17260766550243
57,183.0,182.2744613203854
58,180.0,182.30214501065296
59,181.0,182.11804507098284
60,170.0,182.23246856638366
61,173.0,181.17867321962333
62,165.0,180.02502590579078
63,175.0,178.34064197860607
64,165.0,176.68455046981464
65,177.0,175.12721521746914
66,174.0,174.38320398554933
67,172.0,173.75483212416975
68,170.0,173.44295145479757
