,y_actual,y_predict
0,342.0,413.6408989342876
1,334.0,407.66062798405034
2,336.0,398.99693586398917
3,334.0,390.25003820228403
4,346.0,380.7006315817845
5,346.0,372.0189398955717
6,346.0,362.72432902045324
7,340.0,353.6848959569785
8,328.0,346.04900453525477
9,322.0,340.64229994887023
10,322.0,334.6269213542761
11,314.0,329.2002644186198
12,312.0,322.3528304075863
13,302.0,315.0493366343687
14,316.0,308.9807234738452
15,314.0,304.30924173222155
16,298.0,301.616608520287
17,278.0,299.9492288982722
18,309.99999999999994,298.13140007238695
19,320.0,297.659930304276
20,348.0,299.5288711057425
21,329.99999999999994,298.5129144615472
22,376.0,295.3821361499662
23,434.0,288.6663451923193
24,422.0,285.80241893929633
25,394.0,290.4413401449807
26,368.0,295.058526025501
27,388.0,299.5394840574828
28,362.0,303.52829829136346
29,349.99999999999994,315.01019606835047
30,386.0,327.4906877004856
31,368.0,334.8446142203731
32,363.99999999999994,339.69328980425274
33,349.99999999999994,342.0398983376466
34,328.0,345.48749448457903
35,328.0,351.31375027916107
36,320.0,357.57993414928194
37,346.0,364.16089816802
38,408.0,366.9967213248347
39,380.0,363.1738087525584
40,354.0,358.853148743662
41,329.99999999999994,356.57076979420043
42,343.99999999999994,365.18895357719924
43,343.99999999999994,364.00870844006414
44,332.0,371.8579201917679
45,324.00000000000006,379.47547243288443
46,326.0,377.2117298266788
47,326.0,371.8745613000967
48,332.0,368.4516296530087
49,309.99999999999994,361.3318673003191
50,304.00000000000006,373.1564785149038
51,304.00000000000006,368.77099459677777
52,309.99999999999994,369.5123305017411
53,316.0,355.28987142276037
54,316.0,352.46521309117645
55,294.0,349.07144583547085
56,274.0,340.79618774910455
57,264.0,345.276381648561
58,254.0,348.4969030800581
59,238.0,342.67234535775447
60,222.0,345.84150010282843
61,222.0,341.507849841002
