,y_actual,y_predict
0,342.0,396.83775205832893
1,334.0,389.57072438729097
2,336.0,379.9145514722841
3,334.0,369.6332332479666
4,346.0,359.22120591001556
5,346.0,349.3657217613258
6,346.0,340.9252836940735
7,340.0,333.86261902174675
8,328.0,327.8060197225933
9,322.0,322.49886462353277
10,322.0,318.55441252792656
11,314.0,315.92286746620914
12,312.0,313.5390286981103
13,302.0,311.6102308488285
14,316.0,308.98365264852555
15,314.0,307.05897262451896
16,298.0,305.35376844250175
17,278.0,302.5550057131642
18,309.99999999999994,298.55315877454643
19,320.0,295.28356305420226
20,348.0,293.1479400014055
21,329.99999999999994,294.3925420778938
22,376.0,293.71488388337224
23,434.0,298.9456681817096
24,422.0,302.2508809680942
25,394.0,310.935756539829
26,368.0,325.3299331779678
27,388.0,338.8573712733799
28,362.0,350.59359782587137
29,349.99999999999994,358.4168290717149
30,386.0,365.4811069127062
31,368.0,367.8614646326342
32,363.99999999999994,370.42279440563783
33,349.99999999999994,367.6704315013088
34,328.0,363.87515505536425
35,328.0,355.6595417577784
36,320.0,348.31983659322293
37,346.0,343.94963532560286
38,408.0,339.49771432958255
39,380.0,341.70601487589687
40,354.0,337.3729164875609
41,329.99999999999994,357.79996186476177
42,343.99999999999994,363.9586153078499
43,343.99999999999994,371.60146882591533
44,332.0,358.56876408882897
45,324.00000000000006,360.3133635477062
46,326.0,353.8566559679435
47,326.0,357.96815592394205
48,332.0,345.4236894187164
49,309.99999999999994,340.4898130582656
50,304.00000000000006,329.9358268778364
51,304.00000000000006,331.43378133826906
52,309.99999999999994,331.2403709057539
53,316.0,329.82001834844624
54,316.0,322.1509720654858
55,294.0,322.8805063681139
56,274.0,324.5003824181391
57,264.0,332.68729829421915
58,254.0,323.5776923938376
59,238.0,316.7163341901208
60,222.0,299.8216612183538
61,222.0,289.12932459903806
