,y_actual,y_predict
0,342.0,399.68346648616557
1,334.0,394.6961857525576
2,336.0,392.39156205624835
3,334.0,381.342163288582
4,346.0,369.10542993201807
5,346.0,358.2764409460942
6,346.0,353.73320611330035
7,340.0,350.68584560239805
8,328.0,345.67479185689183
9,322.0,343.26985454073326
10,322.0,337.59065180546486
11,314.0,337.8177265209003
12,312.0,337.97823680302054
13,302.0,337.9119270805472
14,316.0,337.93323788764167
15,314.0,335.42628887935535
16,298.0,333.8496287688167
17,278.0,330.7084073127231
18,309.99999999999994,328.70442731331303
19,320.0,324.15193798660164
20,348.0,320.61731563539877
21,329.99999999999994,316.9351308031988
22,376.0,318.06621674787283
23,434.0,323.4673176957385
24,422.0,329.7845710896337
25,394.0,337.0460375739597
26,368.0,350.4140266824255
27,388.0,371.4942780133383
28,362.0,389.72499425378794
29,349.99999999999994,403.12826081383855
30,386.0,403.69524714761224
31,368.0,399.2789856694393
32,363.99999999999994,392.72196446982736
33,349.99999999999994,387.28940673300343
34,328.0,378.30919394023954
35,328.0,365.8664844162999
36,320.0,355.0973100263844
37,346.0,344.78092660951694
38,408.0,342.6972645684407
39,380.0,350.0996710518779
40,354.0,366.55636873122626
41,329.99999999999994,380.1991059343449
42,343.99999999999994,434.59472878406996
43,343.99999999999994,461.00820062351744
44,332.0,495.84031152734264
45,324.00000000000006,500.1344391568882
46,326.0,466.13175165747083
47,326.0,436.2802777794641
48,332.0,404.47542645594507
49,309.99999999999994,396.9575510575734
50,304.00000000000006,369.391003237446
51,304.00000000000006,358.39946628266773
52,309.99999999999994,347.9978820892292
53,316.0,358.09754903155977
54,316.0,381.8517123275372
55,294.0,409.13994610122705
56,274.0,411.7692836689825
57,264.0,414.63363444007507
58,254.0,435.1415292836336
59,238.0,446.7551550176212
60,222.0,450.4929517169403
61,222.0,432.1367054833064
