,y_actual,y_predict
0,276.0,297.5586812951421
1,286.0,292.4326711870124
2,280.0,288.1494676905795
3,274.0,266.2412893923862
4,258.0,278.6571433238071
5,268.0,306.33086353916576
6,262.0,336.77375920834396
7,262.0,270.86457979575715
8,266.0,277.8156581926629
9,262.0,268.2848942886377
10,280.0,257.59007444169896
11,284.0,256.6634833718242
12,280.0,257.2652234281917
13,268.0,259.3888038092633
14,264.0,271.3790114458063
15,254.0,274.1586680542054
16,258.0,269.1206270926703
17,264.0,269.0899091476665
18,270.0,257.7012472321156
19,264.0,257.24151451239374
20,270.0,253.99277117487057
21,268.0,254.3926745103547
22,270.0,256.8459513336268
23,262.0,256.15113758813754
24,264.0,258.3497832468778
25,268.0,259.03178381328263
26,264.0,259.2651676434382
27,256.0,260.61858397613486
28,254.0,256.6108573521677
29,262.0,255.27415386175485
30,260.0,254.83413970478958
31,262.0,253.1024042189691
32,266.0,251.4187343493292
33,264.0,252.77310940321118
34,262.0,252.0177796218246
35,262.0,253.99064644143294
36,258.0,257.7778153700205
37,260.0,260.2046884936224
38,258.0,256.01825105844375
39,278.0,257.8794527713511
40,286.0,256.2693971419102
41,290.0,256.1801972046047
42,290.0,255.5737542321527
43,294.0,271.5197750360495
44,290.0,293.52004239079577
45,282.0,291.09564380430714
46,300.0,282.6616569362344
47,304.0,287.5899243220557
48,298.0,281.32841261550357
49,300.0,280.02052258341564
50,300.0,295.1739530366171
51,288.0,303.27416241960617
52,284.0,296.3594117822073
53,288.0,291.0114706753785
54,286.0,286.28641331376
55,274.0,283.33377230987765
56,274.0,278.6761363678289
57,270.0,280.62888299823817
58,264.0,276.67049164823754
59,268.0,277.5553006124028
60,264.0,271.4546597296011
61,262.0,272.3170942142127
62,264.0,269.85250707209275
63,262.0,261.8540387359679
64,262.0,256.7612470213387
65,258.0,255.4624130177441
66,264.0,255.19134108045398
67,266.0,256.9700927714279
68,260.0,255.56607150697883
69,260.0,254.15835787039728
70,260.0,257.48777630009204
71,262.0,255.76457861509712
72,260.0,254.80311082318514
73,258.0,255.95228067634358
74,250.0,254.92813324802142
75,250.0,252.14233564175996
76,234.0,254.29979515660844
77,234.0,249.07745948074214
78,222.00000000000003,250.67555700675055
79,226.0,245.0926773867631
80,236.0,241.55104472713901
