,y_actual,y_predict
0,800.0,859.2023114378419
1,800.0,846.36903525294
2,810.0,835.998062046268
3,820.0,835.1236208802162
4,820.0,830.1192700173839
5,820.0,829.3790002735241
6,815.0,833.6944588383667
7,815.0,841.0193988210459
8,795.0,842.9505834406584
9,810.0,840.1847930749418
10,850.0,832.3438936725036
11,850.0,823.2619610785431
12,850.0,827.3130023222565
13,845.0,835.2627053786832
14,850.0,837.6888886052034
15,860.0,835.5262462465071
16,890.0,836.1631315335762
17,890.0,850.0632859349074
18,905.0,856.7865468956837
19,905.0,867.1214126950587
20,910.0,869.3821190686499
21,900.0,875.8825880680938
22,900.0,890.0930501449566
23,900.0,892.2341700200212
24,900.0,890.3234400923373
25,900.0,892.7651587623047
26,900.0,903.030908194686
27,900.0,906.9564067607204
28,900.0,910.2772945068234
29,895.0,911.4227695992391
30,895.0,910.4060467318177
31,895.0,909.816286240426
32,915.0,914.3520061619871
33,915.0,914.8685519413518
34,900.0,916.0878404498129
35,900.0,924.8194139210709
36,900.0,927.2211181771055
37,895.0,921.2571743890641
38,895.0,914.6752446098754
39,950.0,914.1368553921476
40,915.0,914.5539298935637
41,900.0,913.9046569882988
42,890.0,931.6797163800038
43,890.0,921.2114506842339
44,900.0,909.7104575899106
45,900.0,907.2403961482665
46,900.0,914.1929730925142
47,900.0,910.9659831220026
48,900.0,907.2577832536265
49,900.0,905.486242751918
50,950.0,907.4288336089126
51,940.0,909.032496269412
52,930.0,914.8498871892721
53,930.0,931.4419012683533
54,930.0,922.7358375260455
55,920.0,915.4168537225188
56,900.0,915.8804728322131
57,885.0,916.5133647017572
58,880.0,909.8267234414071
59,880.0,894.2137077043799
60,870.0,887.8045132928179
61,925.0,886.1481646786965
62,900.0,882.9463079325462
63,900.0,888.6433963779401
64,900.0,911.1509209416338
65,850.0,912.1678906973102
66,820.0,914.9359647793857
67,795.0,905.3613975335594
68,780.0,894.6448116308877
69,780.0,867.927626291835
70,815.0,843.826431869764
71,830.0,819.0675271363126
72,835.0,808.3023721416715
73,835.0,821.4236681648828
74,845.0,833.4600384402227
75,875.0,847.0520762992857
