,y_actual,y_predict
0,800.0,835.7709248516472
1,800.0,833.7064946407991
2,810.0,829.0402819320458
3,820.0,826.2948968806069
4,820.0,830.1241460604206
5,820.0,831.912579890979
6,815.0,831.7552997281169
7,815.0,842.1290874608961
8,795.0,850.9960297623829
9,810.0,838.6377542357318
10,850.0,824.8701541385223
11,850.0,803.971384305588
12,850.0,806.1471734638642
13,845.0,824.1116270082034
14,850.0,842.856111649874
15,860.0,855.0841165887624
16,890.0,854.9431310507317
17,890.0,852.9476320406858
18,905.0,853.4791083872731
19,905.0,857.2724353259811
20,910.0,858.2798381617754
21,900.0,869.3312847769407
22,900.0,877.9741266093434
23,900.0,883.9054934921347
24,900.0,891.8894399495331
25,900.0,890.0213414512853
26,900.0,889.3353254014665
27,900.0,895.724509519959
28,900.0,898.4178690438582
29,895.0,907.5701339294684
30,895.0,915.3857581467987
31,895.0,911.8224137898507
32,915.0,909.7153089441217
33,915.0,913.774318506266
34,900.0,918.8046852189713
35,900.0,924.4311574512222
36,900.0,927.7320534208749
37,895.0,925.2786631086512
38,895.0,916.5730005597579
39,950.0,909.3768868685495
40,915.0,906.3614369271477
41,900.0,916.4969836660364
42,890.0,917.8134967693255
43,890.0,923.6555209648304
44,900.0,923.4397097689088
45,900.0,909.673603345642
46,900.0,906.9406429456371
47,900.0,908.2493358634484
48,900.0,896.7812776623451
49,900.0,899.7737978570617
50,950.0,906.6679054903136
51,940.0,912.4685450420704
52,930.0,928.4847416439624
53,930.0,925.0511123762033
54,930.0,922.260873901033
55,920.0,912.8752996144266
56,900.0,896.8224894843148
57,885.0,895.1864659457882
58,880.0,894.9018469931917
59,880.0,877.4423046191993
60,870.0,871.1289398838243
61,925.0,876.2580927595704
62,900.0,884.4530669529494
63,900.0,903.5994733293841
64,900.0,910.1438699216028
65,850.0,922.2546523170065
66,820.0,917.6076228256685
67,795.0,895.1838304136659
68,780.0,872.8068541870218
69,780.0,848.1172509867553
70,815.0,814.361898717645
71,830.0,808.8380085553558
72,835.0,813.9148211210372
73,835.0,828.4375166018208
74,845.0,850.5517049698187
75,875.0,861.8605325908451
