,y_actual,y_predict
0,4460.0,4476.493165389455
1,4360.0,4461.694736797289
2,4380.0,4445.773231779
3,4400.0,4446.188330825971
4,4350.0,4424.651356872582
5,4300.0,4400.676970851802
6,4250.0,4386.373269954123
7,4360.0,4365.627952903365
8,4300.0,4339.408918641411
9,4400.0,4318.9155660756
10,4350.0,4321.831878486392
11,4270.0,4335.439320610386
12,4140.0,4360.059155846334
13,4150.0,4360.552465734235
14,4150.0,4325.233109684875
15,4260.0,4268.209681048621
16,4140.0,4216.233730667692
17,4200.0,4210.3418183828935
18,4200.0,4232.78506009386
19,4400.0,4220.483157423328
20,4600.0,4233.198278376991
21,4650.0,4251.170741895729
22,4690.0,4325.670517484476
23,4690.0,4418.228953445503
24,4690.0,4517.467486414562
25,4590.0,4580.752180419023
26,4520.0,4613.970983672206
27,4530.0,4625.693292796808
28,4600.0,4601.3375746736965
29,4770.0,4556.293859394715
30,4990.0,4532.297511839245
31,4930.0,4559.214540964583
32,5000.0,4630.161871942084
33,5150.0,4730.790665541904
34,5075.0,4801.001431529881
35,4940.0,4859.173341371517
36,4900.0,4896.267212571629
37,4900.0,4912.254631128813
38,4880.0,4887.2313865165315
39,4970.0,4842.568916535395
40,4950.0,4822.705504116775
41,5000.0,4822.097178286333
42,5025.0,4836.108811027024
43,5000.0,4859.250944581051
44,5100.0,4883.311469585718
45,4750.0,4895.129379383066
46,4420.0,4892.38201743479
47,4450.0,4885.538062494025
48,4360.0,4798.388905881542
49,4310.0,4650.27227205518
50,4390.0,4478.972070000647
51,4530.0,4384.178534291789
52,4420.0,4367.043039616819
53,4400.0,4409.329150018303
54,4370.0,4440.97447730785
55,4450.0,4457.898313713714
56,4450.0,4444.833949382318
57,4420.0,4419.308627629157
58,4550.0,4421.7622142655755
59,4620.0,4422.195686928526
60,4470.0,4445.931273811243
61,4460.0,4481.074706104462
62,4470.0,4518.987606554789
63,4490.0,4526.201637949672
