,y_actual,y_predict
0,4460.0,4418.558144987214
1,4360.0,4400.900492400517
2,4380.0,4425.080749724741
3,4400.0,4423.195848203977
4,4350.0,4411.922144657531
5,4300.0,4398.168060823649
6,4250.0,4388.927318314443
7,4360.0,4367.438028958113
8,4300.0,4327.71898758969
9,4400.0,4316.030040322131
10,4350.0,4330.162447036199
11,4270.0,4359.011223169339
12,4140.0,4361.688070941017
13,4150.0,4350.048573295045
14,4150.0,4287.86493631236
15,4260.0,4248.659372407171
16,4140.0,4250.628966170406
17,4200.0,4260.933410838038
18,4200.0,4275.231614118336
19,4400.0,4290.844008365762
20,4600.0,4305.354419676906
21,4650.0,4383.137285560134
22,4690.0,4480.7319441282725
23,4690.0,4522.199141018855
24,4690.0,4513.475753239876
25,4590.0,4499.571873799821
26,4520.0,4496.777116602769
27,4530.0,4506.142857570286
28,4600.0,4496.474400428963
29,4770.0,4488.221550828004
30,4990.0,4533.638872610158
31,4930.0,4639.1405806460925
32,5000.0,4704.10042760088
33,5150.0,4722.004373446174
34,5075.0,4742.248105248134
35,4940.0,4740.318152199688
36,4900.0,4745.51415292874
37,4900.0,4750.242914050203
38,4880.0,4729.390335590891
39,4970.0,4745.455473096923
40,4950.0,4792.479430155959
41,5000.0,4810.039861719527
42,5025.0,4851.492012499387
43,5000.0,4849.271843122965
44,5100.0,4816.402398986828
45,4750.0,4785.024603119859
46,4420.0,4759.5613176386
47,4450.0,4745.40836719643
48,4360.0,4680.709801741305
49,4310.0,4552.838635806601
50,4390.0,4457.679740020641
51,4530.0,4394.104713948891
52,4420.0,4428.973959809022
53,4400.0,4488.5771019983085
54,4370.0,4486.921508991922
55,4450.0,4446.161074217701
56,4450.0,4379.57523458589
57,4420.0,4335.920506805223
58,4550.0,4347.276529938218
59,4620.0,4405.872624362915
60,4470.0,4474.239026524595
61,4460.0,4511.330293590158
62,4470.0,4533.275103948612
63,4490.0,4511.950251221582
