,y_actual,y_predict
0,4460.0,4406.856408525541
1,4360.0,4361.457807577306
2,4380.0,4378.069523990162
3,4400.0,4396.665967081461
4,4350.0,4405.410419415451
5,4300.0,4389.542935721621
6,4250.0,4393.848033086931
7,4360.0,4380.532514445782
8,4300.0,4323.1637486336185
9,4400.0,4291.191313109998
10,4350.0,4296.031617994605
11,4270.0,4326.266893230825
12,4140.0,4329.600995627623
13,4150.0,4310.6246093057525
14,4150.0,4297.063549711544
15,4260.0,4234.99941356979
16,4140.0,4172.82710457239
17,4200.0,4153.766734911343
18,4200.0,4196.276656209824
19,4400.0,4193.472524128399
20,4600.0,4198.752088641619
21,4650.0,4276.448265779222
22,4690.0,4378.563846597053
23,4690.0,4429.835349647886
24,4690.0,4411.564539114416
25,4590.0,4397.291798483033
26,4520.0,4422.396697180813
27,4530.0,4455.741338002327
28,4600.0,4458.958370083772
29,4770.0,4441.501698814533
30,4990.0,4499.050410323973
31,4930.0,4576.934866389405
32,5000.0,4663.219739680193
33,5150.0,4709.8015146929565
34,5075.0,4698.2701754352165
35,4940.0,4734.434081253363
36,4900.0,4767.647039671227
37,4900.0,4797.704712931264
38,4880.0,4739.161742851349
39,4970.0,4704.087580537109
40,4950.0,4742.585022389006
41,5000.0,4771.008803763891
42,5025.0,4789.935364311407
43,5000.0,4824.958717067129
44,5100.0,4835.394062898047
45,4750.0,4790.000872762706
46,4420.0,4769.048469145716
47,4450.0,4745.6370680794125
48,4360.0,4738.836399641803
49,4310.0,4623.575321233988
50,4390.0,4454.070178058308
51,4530.0,4393.4895305641385
52,4420.0,4392.3457946706
53,4400.0,4420.253552317359
54,4370.0,4400.724829057831
55,4450.0,4403.834715470034
56,4450.0,4358.034556974478
57,4420.0,4317.356297112665
58,4550.0,4312.55230543759
59,4620.0,4285.942824602386
60,4470.0,4349.016786252248
61,4460.0,4454.798988513844
62,4470.0,4467.69495214446
63,4490.0,4458.421976236514
