,y_actual,y_predict
0,482.0,475.785058083954
1,482.0,476.2786799233183
2,482.0,475.98147388377527
3,482.0,476.1497797087516
4,482.0,476.18748258035254
5,476.0,476.3466631021797
6,480.0,476.7762571973834
7,480.0,477.2777647366895
8,468.0,477.1320770039572
9,478.0,476.98016548645563
10,484.0,477.3967589271255
11,472.0,477.59056505444687
12,482.0,477.0647786039549
13,484.0,477.24986422963184
14,482.0,476.9300616570511
15,482.0,476.629160267226
16,482.0,476.8576928240451
17,480.0,477.0280183300881
18,482.0,476.8235395917242
19,484.0,476.81316667557445
20,484.0,477.0817275603809
21,482.0,477.0881681357593
22,484.0,477.2358972549288
23,486.0,477.0901794708552
24,484.0,477.21737300018214
25,482.0,477.2516883577347
26,484.0,477.38250032578856
27,486.0,477.69315869620056
28,484.0,477.8141328841471
29,484.0,477.88367998976133
30,484.0,477.89863737247924
31,484.0,477.8135303372168
32,484.0,477.93082949169263
33,482.0,478.0293394251218
34,480.0,478.12845389331324
35,470.0,478.16527368520593
36,464.0,477.89772238514564
37,470.0,477.8275278309862
38,476.0,477.8410286006415
39,476.0,476.3807095470012
40,476.0,475.37997109134596
41,470.0,474.3006378839194
42,468.0,473.63467642629814
43,468.0,473.6563671803412
44,468.0,473.7427691126941
45,468.0,473.26515624835935
46,472.0,472.86823369065246
47,470.0,472.89001097384914
48,470.0,472.3192020015662
49,478.0,471.19060388826557
50,478.0,470.66410860030186
51,486.0,470.393022116592
52,478.0,470.4267525838388
53,482.0,470.5431029578386
54,480.0,470.79589717847847
55,480.0,471.1591016636552
56,480.0,471.6662780318346
57,480.0,471.72855563616525
58,470.0,472.4083412953862
59,476.0,472.9122347007058
60,470.0,473.8593643408123
61,468.0,474.77583494783084
62,468.0,475.24741263756493
63,466.0,475.36736899710957
64,458.0,475.3084581369071
