,y_actual,y_predict
0,585.0,572.8111600605056
1,585.0,571.5339926483738
2,575.0,576.564273765477
3,585.0,583.6009528935576
4,585.0,589.5375150408557
5,575.0,590.7105754370965
6,590.0,584.6496446490061
7,600.0,581.9364463155903
8,575.0,588.2717232627973
9,575.0,594.2750047174407
10,580.0,583.6084374814269
11,575.0,578.3347702499029
12,575.0,576.9495695448754
13,575.0,577.8560658744077
14,580.0,576.2648237036378
15,585.0,578.9293722159032
16,590.0,580.8553422235531
17,580.0,583.9091754247562
18,590.0,588.8291293323887
19,580.0,588.8559712879429
20,580.0,587.8577887570119
21,570.0,585.1540166200341
22,585.0,579.1992714650723
23,585.0,578.3735906776747
24,585.0,579.6392141307967
25,580.0,585.7367771224859
26,585.0,584.4152228160813
27,600.0,585.5438297709813
28,605.0,591.9791817646727
29,580.0,607.9309543194202
30,585.0,599.3120325328664
31,585.0,580.3431764165168
32,600.0,581.1512222309275
33,595.0,589.5477398021081
34,595.0,599.2516077952355
35,590.0,596.5622509275195
36,615.0,594.0241535878175
37,625.0,602.3835124506567
38,610.0,621.5239670319564
39,610.0,626.0248163138097
40,640.0,609.0001719307747
41,625.0,615.5665228062123
42,720.0,635.9691403931047
43,740.0,673.2902333666702
44,760.0,716.6073443781471
45,760.0,727.7353998717433
46,760.0,743.1962801512409
47,800.0,754.7545820113187
48,800.0,781.8932591975979
49,805.0,788.7771227706362
50,845.0,786.318952373986
51,835.0,801.4267339113366
52,895.0,811.449239051785
53,835.0,841.8973097525758
54,790.0,836.6502378610015
55,765.0,816.9747282172164
56,770.0,776.2269094621413
57,770.0,755.2026081885233
58,760.0,768.7930852620469
59,710.0,791.0428860213914
60,710.0,789.4705745341653
61,795.0,730.636358799903
