,y_actual,y_predict
0,585.0,576.89457817961
1,585.0,566.4329563399855
2,575.0,558.6915046177701
3,585.0,558.9215852331492
4,585.0,567.1694405692297
5,575.0,570.0062950983581
6,590.0,570.8261549745833
7,600.0,572.5981233235693
8,575.0,575.9214682351344
9,575.0,580.0824802353816
10,580.0,585.0725904106883
11,575.0,584.2005732913824
12,575.0,579.9277348153707
13,575.0,571.0242264503145
14,580.0,566.5729791998622
15,585.0,569.7857385427519
16,590.0,573.6954923019019
17,580.0,578.6979410864996
18,590.0,586.5377141442342
19,580.0,595.0646052504496
20,580.0,598.1332823623222
21,570.0,594.2957752316846
22,585.0,592.8442819034531
23,585.0,590.6626850354266
24,585.0,588.9926315636252
25,580.0,593.241661847471
26,585.0,595.4665534549506
27,600.0,599.3008702408637
28,605.0,598.6401322329954
29,580.0,597.8517686925422
30,585.0,604.1769069982317
31,585.0,604.0991408776192
32,600.0,597.7240061512882
33,595.0,595.1325380631502
34,595.0,592.7813675225769
35,590.0,594.8635978746652
36,615.0,601.0076146342649
37,625.0,600.5192178740604
38,610.0,602.2680591596928
39,610.0,611.9238273236132
40,640.0,620.2485572453232
41,625.0,618.0656490086063
42,720.0,622.650588339787
43,740.0,631.9249839430843
44,760.0,659.0489416274586
45,760.0,700.6722575220361
46,760.0,735.817282906009
47,800.0,749.9339593888238
48,800.0,768.4616652058937
49,805.0,783.7646723531902
50,845.0,798.1639703187385
51,835.0,803.2500765967224
52,895.0,817.5247984512077
53,835.0,828.2934293166754
54,790.0,831.3426159667274
55,765.0,833.7127250199113
56,770.0,824.2652022040402
57,770.0,792.554303026978
58,760.0,766.981047749133
59,710.0,753.8426053350203
60,710.0,755.9482093660664
61,795.0,740.7755874974048
