,y_actual,y_predict
0,1840.0,1775.6500327947124
1,1825.0,1742.2653061861834
2,1930.0,1744.1205737383889
3,1950.0,1786.9433665512838
4,1960.0,1833.2578294085624
5,1925.0,1835.2638114442016
6,1880.0,1838.6965500043555
7,1825.0,1859.074687399468
8,1805.0,1859.79967791081
9,1695.0,1844.1695362531848
10,1675.0,1809.5110791754064
11,1635.0,1777.7173122763384
12,1670.0,1736.0389106899624
13,1700.0,1697.111170803582
14,1725.0,1679.3238839099988
15,1640.0,1678.1741216783412
16,1585.0,1669.9779134469081
17,1510.0,1675.5887645592825
18,1515.0,1686.6726019204857
19,1420.0,1663.6598573288156
20,1375.0,1611.626538564692
21,1380.0,1596.4238269349894
22,1300.0,1553.0086122553064
23,1220.0,1516.0445356431915
24,1135.0,1483.504028211498
25,1060.0,1464.323302871954
26,1000.0,1430.8356093357993
27,1020.0,1388.0731621451957
28,1080.0,1358.5715498745442
29,1210.0,1313.7800049299833
30,1175.0,1260.5914441492125
31,1180.0,1222.4798522892352
32,1100.0,1191.520562821448
33,1125.0,1167.219171323473
34,1105.0,1149.0928584270523
35,1150.0,1156.3692786291292
36,1130.0,1176.875558688612
37,1170.0,1182.8620130286918
38,1170.0,1170.1183991048465
39,1155.0,1163.549347078264
40,1170.0,1163.150233805281
41,1155.0,1168.355676010801
42,1155.0,1164.7211236322494
43,1155.0,1166.217336091569
44,1160.0,1171.6872221146473
45,1150.0,1166.6398914224228
46,1160.0,1158.2960689333072
47,1170.0,1155.0189127549152
48,1160.0,1161.365781936017
49,1145.0,1170.721229843618
50,1160.0,1173.9975157832027
51,1170.0,1176.873763821072
52,1170.0,1173.8065527549331
53,1150.0,1174.1964469355516
54,1100.0,1173.0672848881595
