,y_actual,y_predict
0,1840.0,1738.3328873808816
1,1825.0,1757.2960980602659
2,1930.0,1785.2648934517672
3,1950.0,1788.16102100739
4,1960.0,1789.1251912159166
5,1925.0,1806.273410082894
6,1880.0,1841.61114293967
7,1825.0,1894.6625867183707
8,1805.0,1914.2292264257067
9,1695.0,1908.355875935609
10,1675.0,1886.0823040283428
11,1635.0,1844.7179498715395
12,1670.0,1813.328898407776
13,1700.0,1758.5179949305573
14,1725.0,1721.3513464404584
15,1640.0,1717.8479553671395
16,1585.0,1740.5679053926085
17,1510.0,1756.4593362521157
18,1515.0,1737.095870111314
19,1420.0,1726.4406661551338
20,1375.0,1671.5705592440581
21,1380.0,1646.151944287328
22,1300.0,1595.3323503071965
23,1220.0,1574.1922168552112
24,1135.0,1540.930496462467
25,1060.0,1517.5199575535062
26,1000.0,1505.6089972987543
27,1020.0,1487.2421296598461
28,1080.0,1438.8228786686
29,1210.0,1379.3404516890826
30,1175.0,1342.5555660857467
31,1180.0,1301.8880284589
32,1100.0,1266.1570292461274
33,1125.0,1237.3786126192776
34,1105.0,1210.7862086813204
35,1150.0,1197.2150520416894
36,1130.0,1178.944442673039
37,1170.0,1168.4472414503032
38,1170.0,1169.544150271901
39,1155.0,1172.6590884976258
40,1170.0,1180.523327819049
41,1155.0,1187.1621077300638
42,1155.0,1182.6848106515617
43,1155.0,1167.2191169335474
44,1160.0,1162.6116919583965
45,1150.0,1159.7384081714645
46,1160.0,1162.3939690868033
47,1170.0,1166.4121608045461
48,1160.0,1169.7456649457088
49,1145.0,1174.0304216881027
50,1160.0,1174.9818374591102
51,1170.0,1174.3939367548758
52,1170.0,1173.7806359554543
53,1150.0,1173.059289569118
54,1100.0,1172.7651760472243
