,y_actual,y_predict
0,107.0,88.83576724176834
1,114.0,88.95402900195916
2,114.0,88.35676135955109
3,115.0,93.63048855780247
4,114.0,95.96425192805296
5,119.0,99.25138635623085
6,117.0,102.40861368324113
7,115.0,105.81903185682057
8,117.0,111.1123349930844
9,113.0,112.2173242509322
10,112.0,109.07627403463337
11,113.0,109.7489912856525
12,124.0,109.47032012800312
13,124.0,109.42110249420227
14,120.0,110.94084672586592
15,123.0,111.90403298699263
16,120.0,110.80604836361454
17,112.0,107.8617706394239
18,105.0,110.02643145777296
19,116.0,111.94840293441871
20,119.0,110.23280127953555
21,118.0,110.28977521153612
22,121.0,108.91079907725509
23,124.99999999999999,110.67397342067483
24,122.0,107.93791744337875
25,121.0,105.89088655194021
26,116.0,112.62766728546313
27,116.0,114.85882310972639
28,120.0,111.20634742772395
29,118.0,113.66320935086281
30,118.0,114.30180760474511
31,122.0,115.26731421912538
32,121.0,114.73076793369074
33,124.0,115.48226825855843
34,128.0,113.44653411042478
35,129.0,113.334852131291
36,130.0,113.15899549949657
37,129.0,114.73411229260549
38,124.99999999999999,118.42511891102973
39,126.0,119.08327131556993
40,121.0,119.79017292578939
41,121.0,119.37260738324386
42,117.0,119.30679867899619
43,116.0,120.95723435658923
44,108.0,113.00602648359757
45,110.0,135.70980068182257
46,114.0,120.04939886955327
