,y_actual,y_predict
0,107.0,98.61377942697803
1,114.0,102.93357998976245
2,114.0,102.87577813829117
3,115.0,108.83429278195109
4,114.0,113.53846585271017
5,119.0,112.12118754922955
6,117.0,116.84931581625426
7,115.0,118.98643741852351
8,117.0,118.45317012994013
9,113.0,116.94114951544444
10,112.0,117.62320264786405
11,113.0,116.97859108414156
12,124.0,116.08873016456278
13,124.0,114.66351037036924
14,120.0,117.30510727225865
15,123.0,119.82943373858672
16,120.0,118.09045425233202
17,112.0,122.99784887212942
18,105.0,124.03786823887752
19,116.0,122.74220694817973
20,119.0,117.07458616803999
21,118.0,119.38795657448455
22,121.0,114.38816178428016
23,124.99999999999999,111.11411066247564
24,122.0,120.75208462667825
25,121.0,124.03298787147098
26,116.0,125.15278163669711
27,116.0,123.9894022688067
28,120.0,125.6422563427485
29,118.0,120.88881116980232
30,118.0,118.51203956178162
31,122.0,119.59726768910377
32,121.0,119.47848303240511
33,124.0,120.60074966236627
34,128.0,120.08601251877963
35,129.0,120.69445707404287
36,130.0,124.14044310383301
37,129.0,126.29958082781795
38,124.99999999999999,127.72194647857282
39,126.0,127.83929316987492
40,121.0,128.05608824076268
41,121.0,129.07507191674728
42,117.0,126.63154385455844
43,116.0,123.86159764734771
44,108.0,122.97484142578426
45,110.0,141.76568301271402
46,114.0,152.21365634859944
