,y_actual,y_predict
0,61.0,59.20728359359053
1,61.0,59.45357273198006
2,59.0,59.87630397339951
3,57.0,60.586467869395136
4,57.0,60.60611614806455
5,54.0,59.51255191923114
6,54.0,58.10414548370993
7,54.0,56.65149928378297
8,54.0,55.60800209675159
9,54.0,54.725003188967406
10,54.0,54.06610841752917
11,51.0,53.647103337609984
12,51.0,53.48610348806866
13,51.0,53.256537714855966
14,53.0,52.675996653114666
15,52.0,51.90038858166913
16,52.0,51.380100864321065
17,53.0,51.4665429218705
18,53.0,51.679621784473575
19,52.0,51.99597692105281
20,51.0,52.007784475859474
21,52.0,51.99612528470284
22,51.0,51.937774535526174
23,54.0,51.68385436337586
24,52.0,51.41486179314292
25,52.0,51.42754772819579
26,51.0,51.80342113472039
27,51.0,52.21508811479007
28,51.0,52.243052976870196
29,51.0,51.87257208323903
30,52.0,51.2015924181256
31,51.0,50.887363265213274
32,56.0,50.905780589223845
33,55.0,50.99412777091571
34,57.0,51.844699948440166
35,54.0,52.94376100835843
36,51.0,54.42009987162488
37,51.0,55.55711757966764
38,53.0,55.156586303103076
39,51.0,53.87840985478467
40,51.0,52.5608184111
41,50.0,51.650668112385006
42,50.0,51.37400783896641
43,50.0,51.23672257012196
44,50.0,50.77320755221842
45,50.0,50.45637782055415
46,51.0,50.183387861523244
47,50.0,50.01448343274138
48,50.0,50.00459870455812
49,50.0,50.05032421290238
50,50.0,50.16868974446684
51,50.0,50.213246046091825
52,50.0,50.12943660035515
53,50.0,50.05145042788215
54,50.0,50.04687981589088
55,50.0,49.981786950390685
56,50.0,50.007773349478654
57,51.0,50.00667158078212
58,50.0,50.008545514839035
59,50.0,50.01310516815161
60,50.0,50.114257144411425
61,50.0,50.22074852612177
62,50.0,50.18205848949996
63,50.0,50.09945365544449
64,50.0,50.07032633044736
65,50.0,50.06646381769487
66,50.0,50.06211912307978
67,51.0,50.06107299075201
68,50.0,50.063048081843036
69,50.0,50.1061915568916
70,50.0,50.15196595780235
71,50.0,50.10274294500368
72,50.0,50.00359893587098
73,50.0,49.84826556619046
74,50.0,49.86956249377208
75,50.0,49.91204339024721
