,y_actual,y_predict
0,236.0,238.9978465983779
1,242.0,238.81710325254454
2,232.0,238.42546293058652
3,232.0,236.46405355286961
4,226.0,233.04950593131264
5,220.0,228.81360479475208
6,222.0,222.3745064788231
7,218.0,220.42668881962592
8,216.0,217.51462336106079
9,216.0,213.35258016334222
10,214.0,211.9557624119368
11,214.0,212.14999959144532
12,212.0,211.8513702644886
13,218.0,211.1460538796252
14,224.0,213.03392930713923
15,220.0,215.1409219984528
16,224.0,217.53778332313556
17,220.0,219.2968739038655
18,222.0,219.33804365770425
19,218.0,220.10981977348393
20,218.0,220.5652978380482
21,220.0,218.89514430548195
22,216.0,217.78691554702996
23,210.0,216.97190440915486
24,208.0,213.2902479100379
25,204.0,209.06198663461302
26,202.0,207.32570730119912
27,206.0,204.31094993454298
28,216.0,201.83738971635012
29,212.0,204.6122700750911
30,210.0,208.82374511930894
31,212.0,208.24663850776787
32,212.0,208.78371021788675
33,216.0,209.4915787461451
34,214.0,212.67697284843447
35,212.0,212.72121475890486
36,214.0,211.9694285637237
37,214.0,210.96062735576027
38,218.0,211.49389481218097
39,216.0,213.89623564889112
40,216.0,214.92661128837432
41,214.0,214.0921511456302
42,216.0,213.85188055906923
43,220.0,214.16065626194413
44,220.0,215.48712539912987
45,220.0,216.60511817082602
46,218.0,217.6817586742337
47,220.0,216.94823513999827
48,220.0,217.27758909217286
49,216.0,217.5620699805565
50,216.0,216.52142458946557
51,216.0,215.3828382739628
52,214.0,214.61426482794081
53,216.0,214.7013374757059
54,218.0,213.21699537876313
55,218.0,214.15201894404612
56,218.0,215.44096351821895
57,216.0,216.7733184915003
58,216.0,215.89569572066037
59,214.0,214.43048399302492
60,212.0,213.7119857824284
61,214.0,212.77527982137966
62,212.0,211.98391348144997
63,212.0,211.41013495462371
64,212.0,211.0957645211023
65,212.0,210.6177030973757
66,212.0,210.24473940768516
67,206.0,209.5335560499514
68,200.0,207.6866087230661
69,194.0,204.1163467065012
70,188.0,198.1191400896942
71,182.0,192.48104645707355
72,178.0,187.93931814367178
73,179.0,182.6993425665242
74,184.0,180.51300707126384
75,182.0,181.6071353139312
76,181.0,183.09327604489266
