,y_actual,y_predict
0,236.0,240.9358298895989
1,242.0,240.35537378103325
2,232.0,238.1508092727425
3,232.0,239.93155075752702
4,226.0,236.62648937387019
5,220.0,233.657093475594
6,222.0,227.86667343616583
7,218.0,222.20607036783315
8,216.0,223.19979578028472
9,216.0,217.69006512096442
10,214.0,214.91182048050885
11,214.0,213.40743544201
12,212.0,212.7718446751161
13,218.0,211.70253431907813
14,224.0,211.36161262147172
15,220.0,213.78802497287154
16,224.0,217.16433581720813
17,220.0,218.18841674744291
18,222.0,219.86623078872924
19,218.0,219.93297244839056
20,218.0,220.0165788510613
21,220.0,217.91934201592153
22,216.0,216.3890802010947
23,210.0,217.39256707770596
24,208.0,215.59722545657607
25,204.0,211.5102497382917
26,202.0,208.09436537682626
27,206.0,206.20792559369903
28,216.0,203.34027283426533
29,212.0,202.85136454620172
30,210.0,206.01824107909604
31,212.0,208.33207872182328
32,212.0,208.22004237979576
33,216.0,209.54114314503803
34,214.0,209.20405017234097
35,212.0,210.54921225593495
36,214.0,211.66963379533655
37,214.0,210.61523048541696
38,218.0,210.07887353859007
39,216.0,211.33875854953618
40,216.0,213.3418882833424
41,214.0,214.34922427753895
42,216.0,213.79672754733258
43,220.0,213.4464792593811
44,220.0,213.48942521529494
45,220.0,214.71919738130165
46,218.0,216.0924605723527
47,220.0,216.04854188579614
48,220.0,216.60435752401312
49,216.0,217.5637722591813
50,216.0,216.86247425111355
51,216.0,215.1434904559885
52,214.0,215.03876284902094
53,216.0,214.65859034838257
54,218.0,214.10174793893157
55,218.0,213.24305517935778
56,218.0,213.74502803526784
57,216.0,216.21222471893094
58,216.0,216.580947751658
59,214.0,215.77327542803985
60,212.0,214.35307645402563
61,214.0,213.58735390410126
62,212.0,211.23554203985643
63,212.0,211.666752310225
64,212.0,209.97651861946912
65,212.0,210.22708138958131
66,212.0,210.0787022401121
67,206.0,209.02927474312395
68,200.0,208.36759664552287
69,194.0,206.35223028651373
70,188.0,203.18805374391502
71,182.0,198.47195377628
72,178.0,193.5844533672975
73,179.0,189.46477187532685
74,184.0,185.77999478697285
75,182.0,184.40342798241815
76,181.0,184.92835993254488
