,y_actual,y_predict
0,63.0,49.24241313581952
1,59.0,51.21280220600913
2,57.00000000000001,54.20415645461138
3,58.0,60.73035503218325
4,54.99999999999999,62.144920561562536
5,53.0,58.03129357331785
6,52.00000000000001,57.174151146171525
7,56.0,56.09411043611993
8,54.0,54.0169055405534
9,54.0,53.46613925972968
10,54.99999999999999,52.44751328956293
11,54.0,54.03561319313166
12,53.0,54.55585551237157
13,53.0,53.3020819862999
14,53.0,52.30934365494685
15,52.00000000000001,52.7668482887644
16,51.0,52.43125308622908
17,51.0,51.35612531483272
18,51.0,51.18900121311143
19,52.00000000000001,50.44159110491336
20,51.0,49.675918334908744
21,53.0,49.65598996440268
22,53.0,49.814496879963684
23,53.0,50.2853933306542
24,52.00000000000001,50.30442570622803
25,51.0,51.26096945035238
26,50.0,51.934360755726345
27,51.0,50.79441466638044
28,51.0,49.921030076066685
29,51.0,49.93031474838453
30,51.0,49.10669095044784
31,51.0,49.95184268031322
32,51.0,49.739738430316336
33,50.0,49.20274280986041
34,50.0,49.10719607510762
35,51.0,49.155694055835255
36,50.0,48.83972655436564
37,50.0,48.6234790794808
38,50.0,48.64278807093976
39,50.0,48.65290860430176
40,50.0,48.36468687878717
41,50.0,48.65320927374211
42,50.0,48.44602397578926
43,50.0,48.170418339991556
44,50.0,48.14840933695831
45,50.0,48.143893281964324
46,50.0,48.134482328481525
47,50.0,48.13744091577452
48,50.0,48.20094230157537
49,50.0,48.13807833498805
50,50.0,48.30071043527059
51,50.0,48.243378786385634
52,50.0,48.13818657598658
53,50.0,48.13743490238572
54,50.0,48.130230862595056
55,50.0,48.150195313433954
56,50.0,48.146082155490035
57,50.0,48.13350815949481
58,50.0,48.137645370993965
59,50.0,48.135047587029376
60,50.0,48.136971871447585
61,50.0,48.13842109815005
62,50.0,48.1381204287097
63,50.0,48.13507164058461
64,50.0,48.134734890811416
65,50.0,48.136803496561
66,50.0,48.13386896282323
67,50.0,48.13505961380699
68,50.0,48.13448834187034
69,50.0,48.13168610268633
70,50.0,48.13501150669654
71,50.0,48.13561885896604
72,50.0,48.13310526244476
73,50.0,48.13356829338288
74,50.0,48.13330370427538
75,50.0,48.132407709343155
76,50.0,48.133147356166404
77,50.0,48.1343680740942
78,50.0,48.13425983309568
79,50.0,48.1348010380883
80,50.0,48.13381484232397
81,50.0,48.13303310177906
82,50.0,48.13273243233873
83,50.0,48.13292486078055
84,50.0,48.13281060639322
85,50.0,48.133351811385836
86,50.0,48.13286472689248
87,50.0,48.13308120888952
88,50.0,48.13296094111338
89,50.0,48.13256405745213
90,50.0,48.132786552837985
