,y_actual,y_predict
0,63.0,54.76975175223291
1,59.0,55.040721065260506
2,57.00000000000001,53.81512026574916
3,58.0,55.37693564684294
4,54.99999999999999,57.46318467917504
5,53.0,59.70437468750566
6,52.00000000000001,58.34673189657246
7,56.0,58.4644680360227
8,54.0,58.228665020737836
9,54.0,57.10221898926342
10,54.99999999999999,56.02392216196583
11,54.0,55.737390198705974
12,53.0,56.088788587025824
13,53.0,56.44166626899217
14,53.0,55.801757512495
15,52.00000000000001,55.63290155479733
16,51.0,55.796706265897214
17,51.0,56.04567258928037
18,51.0,55.57219038140289
19,52.00000000000001,55.12579247671168
20,51.0,54.76094815101961
21,53.0,54.307520594813134
22,53.0,54.038992717641136
23,53.0,54.13544747410377
24,52.00000000000001,54.042648858035726
25,51.0,54.4101931953021
26,50.0,54.77806225556404
27,51.0,54.93605201968765
28,51.0,54.56199518234341
29,51.0,53.8726984635752
30,51.0,53.552780165659456
31,51.0,53.19949958664304
32,51.0,53.08344118266993
33,50.0,52.79520743037773
34,50.0,52.64218472540861
35,51.0,52.7108756657498
36,50.0,52.988862603515045
37,50.0,53.087680621778794
38,50.0,53.03009641056394
39,50.0,52.94590295387857
40,50.0,52.797498531513156
41,50.0,52.750269375823784
42,50.0,52.75404578399451
43,50.0,52.526156388379526
44,50.0,52.29402755365568
45,50.0,52.28107471416563
46,50.0,52.423790470719716
47,50.0,52.58950142607139
48,50.0,52.62275546617353
49,50.0,52.626610048398746
50,50.0,52.62542541080379
51,50.0,52.660862311042834
52,50.0,52.65112663456447
53,50.0,52.57624791714098
54,50.0,52.538002764329114
55,50.0,52.5651051076818
56,50.0,52.60113733341273
57,50.0,52.59896650005344
58,50.0,52.59246001336438
59,50.0,52.592526160641256
60,50.0,52.59739700557484
61,50.0,52.603332220327246
62,50.0,52.6027669617794
63,50.0,52.60061416858653
64,50.0,52.59955581215652
65,50.0,52.600042896649875
66,50.0,52.60183488651433
67,50.0,52.603368300660094
68,50.0,52.6038974788751
69,50.0,52.60322999271753
70,50.0,52.6042462554259
71,50.0,52.60571953568359
72,50.0,52.60551508046415
73,50.0,52.604943808527494
74,50.0,52.60489570141704
75,50.0,52.60555116079699
76,50.0,52.60668167789269
77,50.0,52.60692822683377
78,50.0,52.60688011972332
79,50.0,52.60618256662172
80,50.0,52.605208397635
81,50.0,52.604324429480386
82,50.0,52.604564965032665
83,50.0,52.60527454491188
84,50.0,52.606368981674734
85,50.0,52.6068620795569
86,50.0,52.60688011972332
87,50.0,52.60673579839195
88,50.0,52.60681998583525
89,50.0,52.60661553061581
90,50.0,52.60661553061581
