,y_actual,y_predict
0,108.0,94.17991455940648
1,103.0,97.85236994519386
2,103.0,103.85949466338468
3,113.0,107.71343762542655
4,106.0,108.71891995303693
5,116.0,106.61866695717187
6,113.0,102.7908893295932
7,124.0,99.80504766571748
8,120.0,97.79159435717993
9,124.0,98.35162519904819
10,136.0,100.39879780219619
11,146.0,103.85274740758612
12,142.0,107.94755465796857
13,139.0,115.12716455094774
14,135.0,120.67113011168924
15,122.0,123.23730540230041
16,114.0,125.66409664724478
17,125.0,124.81041965336243
18,137.0,123.88295337503466
19,150.0,121.42427678283104
20,139.0,121.78700567255818
21,140.0,125.3448849742424
22,154.0,126.19056307743224
23,159.0,127.26869671433958
24,167.0,126.80107158995243
25,168.0,126.92427599864149
26,184.0,129.11811574007
27,175.0,132.60978445136655
28,172.0,137.00706370520967
29,165.0,139.09042066327714
30,181.0,139.6170551721185
31,199.0,139.636298800295
32,218.0,141.59807427306916
33,238.0,143.49424947384642
34,216.0,144.61184026360138
35,195.0,146.1095781268632
36,192.0,147.87692241712773
37,196.0,147.92708149606892
38,214.0,147.36410066717082
39,234.0,147.23612943764192
40,212.0,148.031047787357
41,191.0,148.85893710711218
42,173.0,148.31859454412162
43,178.0,148.10895362112885
44,195.0,146.51417926681717
