,y_actual,y_predict
0,127.0,129.13884522793845
1,127.0,129.11138734060864
2,126.0,129.36832687884032
3,118.0,129.39645450357344
4,120.0,129.65709543475066
5,117.0,129.22394361053955
6,128.0,128.98511121390223
7,140.0,129.4789351889268
8,154.0,129.3443018163918
9,169.0,128.6779629097158
10,163.0,127.58313072412346
11,149.0,127.05930857135691
12,139.0,130.02836419599896
13,133.0,131.6039904303312
14,120.0,133.667091596415
15,129.0,137.7006532595107
16,125.0,142.4850114179056
17,121.0,143.99425624247476
18,121.0,141.19101581959083
19,117.0,137.9466503318818
20,116.0,137.5900744818147
21,115.0,136.63054666822867
22,119.0,136.98136755145117
23,120.0,138.01945196555155
24,117.0,137.9434461937169
25,115.0,139.44086830208462
26,116.0,138.480895483332
27,115.0,138.23510269769645
28,113.0,134.70260036116557
29,114.0,133.19401332642295
30,109.0,130.53600226220757
31,118.0,129.5389301982049
32,111.0,128.16594159730585
33,111.0,125.65237673651407
34,120.0,123.11059270899237
35,121.0,123.39832535951204
36,118.0,124.54222472851039
37,119.0,124.19325721313785
38,115.0,124.35479787481586
39,116.0,125.23311910273422
40,117.0,125.96573172270647
41,115.0,125.58379226090071
42,116.0,126.08022922145257
43,112.0,126.3037411225756
44,116.0,126.43073343078666
45,116.0,126.63472602039357
46,123.0,126.48157087486673
47,122.0,125.88254629859804
48,124.0,125.80551909308546
49,120.0,126.04599789945995
50,116.0,125.00340119270817
51,123.0,124.76288267326153
52,120.0,124.29565366762601
53,120.0,124.51918172321906
54,120.0,124.56236666022556
55,112.0,125.80340151130576
56,116.0,126.04332837328757
57,116.0,126.26991029681913
58,115.0,126.57323874194651
59,115.0,126.15795981951435
60,115.0,125.25497071586086
61,115.0,124.90895139126873
62,113.0,124.77958639527209
63,113.0,124.75289786457743
64,114.0,124.5277839785098
65,114.0,124.96433564555922
66,114.0,125.26049150599346
67,114.0,125.35167541207527
68,119.0,125.24842411688138
69,121.0,125.270718631728
70,122.0,125.33475764333681
71,122.0,124.87777191790586
72,121.0,124.34593310938715
73,121.0,123.74319637052625
74,122.0,123.87920085370503
75,122.0,124.4229481990472
76,130.0,125.1216599905595
77,138.0,125.35491438331618
78,148.0,125.35764045013367
79,146.0,125.3219929196018
80,140.0,125.02161266525482
81,137.0,125.04836312141792
82,137.0,125.48444698193939
83,137.0,126.47819660993932
84,137.0,127.88440216673374
85,137.0,129.68239333481694
