,y_actual,y_predict
0,127.0,126.06955044366012
1,127.0,125.97547286813428
2,126.0,125.65353783904746
3,118.0,125.03248462358471
4,120.0,124.3936857227945
5,117.0,124.48649180690843
6,128.0,124.41558849174291
7,140.0,124.33724469692292
8,154.0,123.94007762780556
9,169.0,124.29469516907092
10,163.0,124.90329194193504
11,149.0,129.773394830008
12,139.0,134.9668844618859
13,133.0,140.56297512273738
14,120.0,144.31418609796918
15,129.0,144.72074093348246
16,125.0,143.35170277360854
17,121.0,139.48444649947092
18,121.0,137.18469252813586
19,117.0,136.86939780657536
20,116.0,136.22928368371805
21,115.0,129.8296345981071
22,119.0,126.8137633193194
23,120.0,124.42482615618813
24,117.0,120.07966546413714
25,115.0,117.73462740020824
26,116.0,117.69661323981704
27,115.0,119.4691920803379
28,113.0,118.87436699317398
29,114.0,117.67725345369246
30,109.0,116.98520268865568
31,118.0,116.94391994049516
32,111.0,115.98619679996989
33,111.0,116.1332105544738
34,120.0,117.72755174233531
35,121.0,117.96180501982215
36,118.0,116.40529221594653
37,119.0,115.1439215795108
38,115.0,115.64967226513762
39,116.0,116.03588391116328
40,117.0,115.01120722339469
41,115.0,116.1050156194489
42,116.0,118.00987399160091
43,112.0,117.91737215000587
44,116.0,118.09968611393604
45,116.0,117.85168538245404
46,123.0,117.21722530307261
47,122.0,116.69823468305073
48,124.0,116.31643320734315
49,120.0,115.99319437790436
50,116.0,116.73204598882259
51,123.0,117.51893157016785
52,120.0,117.6617303541999
53,120.0,117.95332661546831
54,120.0,118.96449547388052
55,112.0,119.2396828322164
56,116.0,119.59536522229789
57,116.0,119.70937943314894
58,115.0,119.63047427049544
59,115.0,118.92261635653475
60,115.0,118.71265132473732
61,115.0,118.6875243928122
62,113.0,117.43725860831594
63,113.0,116.37044029306361
64,114.0,115.76861493555353
65,114.0,115.73811125752023
66,114.0,115.39103381514117
67,114.0,114.0991958482297
68,119.0,113.98642687777675
69,121.0,114.99424906848117
70,122.0,114.8866764525544
71,122.0,114.60262567499562
72,121.0,115.1085890611445
73,121.0,115.64458091466665
74,122.0,116.04052024406175
75,122.0,116.76301545407506
76,130.0,117.42327018347619
77,138.0,118.20725738365698
78,148.0,118.99943490014276
79,146.0,120.29195270100129
80,140.0,121.6432310403865
81,137.0,124.83723496777837
82,137.0,127.98435391142408
83,137.0,130.4122469059287
84,137.0,131.89059058519155
85,137.0,132.71107174282346
