,y_actual,y_predict
0,157.0,154.71487526496384
1,157.0,156.07955930987288
2,154.0,153.7351994876303
3,144.0,147.44849061552702
4,134.0,145.54353330698962
5,125.0,150.77825531321622
6,123.0,162.05742258763024
7,144.0,171.0573851200276
8,134.0,177.6440240798626
9,128.0,169.85551903947027
10,122.0,160.82186855187626
11,124.0,146.8572562731776
12,123.0,139.97279004064862
13,118.0,133.42305763045582
14,111.0,127.88108859845795
15,106.0,127.1764953597366
16,103.0,128.3937677790399
17,96.0,130.10825939693842
18,90.0,127.89881232520474
19,84.0,130.83217493098118
20,79.0,123.3337618079654
21,74.00000000000003,114.72143606194075
22,69.0,107.71041469581311
23,69.0,100.03651307497833
24,65.0,95.3263790487822
25,61.00000000000003,92.2454975309185
26,56.99999999999997,90.14926988313078
27,54.0,87.34383567791642
28,51.0,84.34854731500778
29,50.0,80.5456706911205
30,50.0,74.74466917814559
31,62.0,70.25869952643316
32,57.99999999999997,66.59375040318542
33,54.0,59.754516151264426
34,51.0,69.64343301222368
35,50.0,74.66632858934113
36,57.99999999999997,91.04716117560312
37,56.99999999999997,107.35503895443287
38,54.0,86.70138276929029
39,53.0,89.33050237077796
40,52.0,114.99204475427362
41,51.0,157.88514787922833
42,50.0,211.30473387453526
43,51.0,214.41264085709335
44,51.0,236.7399849290511
45,53.0,200.40797317051994
46,52.0,177.58252746865645
47,51.0,176.88146395517705
48,50.0,185.29754126920895
49,50.0,175.67612179261855
50,50.0,143.1583831644739
51,50.0,115.41553668276964
52,50.0,97.37840466618451
53,50.0,88.942919227646
54,50.0,83.52488753909773
55,50.0,81.65941165575893
56,50.0,78.18618347498389
57,50.0,81.99296532679841
58,50.0,75.84229571326
59,50.0,72.95450840483241
60,50.0,69.04031132772207
61,50.0,68.16425283423862
62,50.0,65.76876027490457
