,y_actual,y_predict
0,3500.0,3540.1354874669332
1,3530.0,3541.058614529002
2,3540.0,3538.456379133774
3,3540.0,3536.089463759923
4,3540.0,3530.501104918054
5,3540.0,3526.536973175689
6,3540.0,3526.188397542816
7,3540.0,3523.113993049825
8,3530.0,3522.9855601515733
9,3530.0,3524.5557657890954
10,3540.0,3524.263088185716
11,3530.0,3521.8651386583497
12,3530.0,3522.5736033866624
13,3490.0,3524.9134900103554
14,3600.0,3528.5356050965515
15,3620.0,3530.435234566835
16,3690.0,3529.495756398004
17,3680.0,3531.9717108983264
18,3500.0,3536.826097594234
19,3580.0,3540.6113942547186
20,3570.0,3545.533216395187
21,3540.0,3547.654298850933
22,3540.0,3547.4739887715446
23,3500.0,3543.5421653952026
24,3520.0,3540.200624180648
25,3530.0,3535.5978854453797
26,3530.0,3537.9505038974803
27,3500.0,3540.5586186894097
28,3540.0,3540.972009265162
29,3530.0,3536.434813961944
30,3530.0,3530.9127785246296
31,3530.0,3524.34181649951
32,3530.0,3524.3110474851633
33,3480.0,3523.0738978295904
34,3480.0,3520.32951437603
35,3480.0,3518.316449102583
36,3480.0,3515.97656247889
37,3480.0,3512.7685999217842
38,3470.0,3509.105040752012
39,3470.0,3503.6942260474316
40,3470.0,3499.862398106466
41,3450.0,3496.5877581968866
42,3450.0,3494.2388742170997
43,3450.0,3490.8549507960993
44,3450.0,3487.5228120471206
45,3450.0,3482.1278672410185
46,3450.0,3477.399303881889
47,3450.0,3473.259178937661
48,3450.0,3469.6574950124177
49,3450.0,3467.673906521643
50,3460.0,3465.545131168769
51,3600.0,3464.81622240867
52,3600.0,3463.6871517153963
53,3600.0,3463.2890516897332
54,3460.0,3474.709887896567
55,3450.0,3488.2463892253654
56,3450.0,3503.0667690575096
57,3450.0,3508.6104558107845
58,3450.0,3503.028923658955
59,3450.0,3493.2907333338426
60,3490.0,3484.1240138039498
61,3390.0,3477.311049864289
62,3450.0,3474.556184404001
63,3450.0,3476.173260468464
64,3450.0,3477.069572436209
65,3450.0,3473.195541676039
66,3450.0,3471.821703769666
67,3450.0,3461.9889070271247
68,3450.0,3457.607979086488
69,3470.0,3449.3415936597803
70,3470.0,3452.9129590498464
71,3450.0,3458.4248239546014
72,3450.0,3455.735944683033
73,3500.0,3452.4533956463238
74,3490.0,3456.6246680074005
75,3580.0,3459.7271386397224
76,3580.0,3463.445015300646
77,3580.0,3466.2695042471746
78,3580.0,3480.0922348918143
79,3380.0,3486.4399579424503
80,3390.0,3501.6556829592523
81,3390.0,3514.8026446536874
82,3390.0,3507.0476328833056
83,3420.0,3497.1581967512666
84,3420.0,3481.9211944771005
85,3420.0,3466.3624728510517
