,y_actual,y_predict
0,6775.0,7002.285333848276
1,6800.0,6980.126844010129
2,6625.0,6954.663373960122
3,6575.0,6925.93809576449
4,6575.0,6892.397790678649
5,6550.0,6858.521377642111
6,6550.0,6812.007012967392
7,6925.0,6744.069181175445
8,7075.0,6702.511555088581
9,7100.0,6772.785800566831
10,7125.0,6864.457170884608
11,7000.0,6960.374526112204
12,7025.0,7088.56580581605
13,7025.0,7163.894963648596
14,6975.0,7162.525165208019
15,6975.0,7139.653726502029
16,7000.0,7112.645574556693
17,7050.0,7111.845549826441
18,6975.0,7109.645481818251
19,6975.0,7123.738600389564
20,7100.0,7138.311245979072
21,7000.0,7149.044016773352
22,6950.0,7157.377201196836
23,6750.0,7133.812082511324
24,6850.0,7119.193094025857
25,6825.0,7123.849823339868
26,6750.0,7068.006389798489
27,6825.0,6988.881748786847
28,6750.0,6942.880326797409
29,6725.0,6944.071095313593
30,6775.0,6937.889440812531
31,6725.0,6937.647969933583
32,6725.0,6933.403936303593
33,6725.0,6901.593928606898
34,6725.0,6890.111622447965
35,6775.0,6896.973785789698
36,6700.0,6899.225074893423
37,6700.0,6904.846712083309
38,6725.0,6898.177237624777
39,6600.0,6882.763590428591
40,6625.0,6876.64169387232
41,6600.0,6865.842335653844
42,6500.0,6832.625211289827
43,6425.0,6815.936890544772
44,6375.0,6786.342805004886
45,6500.0,6745.757038228292
46,6525.0,6706.029590666867
47,6550.0,6661.029541095126
48,6400.0,6632.981600910441
49,6400.0,6663.144240610758
50,6550.0,6712.130389009979
51,6500.0,6696.270630462686
52,6525.0,6662.237505264811
53,6525.0,6629.79808786799
54,6425.0,6626.241148648097
55,6450.0,6659.434979609145
56,6525.0,6662.906184471513
57,6450.0,6650.308112114856
58,6500.0,6655.2338741354115
59,6475.0,6641.83065493895
60,6500.0,6622.345662377718
61,6500.0,6629.629058252727
62,6500.0,6631.448992559059
63,6500.0,6633.831871096311
64,6450.0,6632.45731641115
65,6400.0,6641.111120501681
66,6400.0,6655.071795954542
67,6450.0,6646.730318591781
68,6400.0,6624.56670664408
69,6400.0,6598.249917533468
70,6425.0,6581.526839616443
71,6350.0,6576.070817302118
72,6375.0,6570.102096212491
73,6375.0,6554.87845488974
74,6375.0,6548.023608847369
75,6400.0,6549.7590283460695
76,6375.0,6546.455389639093
