,y_actual,y_predict
0,139.0,142.02446766877281
1,139.0,141.9249462349667
2,139.0,142.0087559477553
3,139.0,142.54098760818965
4,138.0,143.06549745928012
5,135.0,143.23856675807872
6,137.0,143.45516801706634
7,135.0,143.46511091553901
8,136.0,143.79273427379067
9,133.0,143.77157036832475
10,146.0,143.7523062914373
11,132.0,144.03430834030905
12,119.0,139.02466607810365
13,108.0,138.92695664625074
14,98.0,143.454842134062
15,104.0,150.03517576280603
16,108.0,159.97856363780474
17,111.0,159.36928953718248
18,100.0,167.86504631508933
19,90.0,172.6059453153551
20,81.0,174.21860740825701
21,73.0,172.14965017299824
22,69.0,165.56215332958135
23,68.0,168.13149712876705
24,66.0,177.2223871983674
25,70.00000000000001,179.66361838592562
26,71.0,179.62697966020775
27,68.0,177.7709303432208
28,68.0,167.80776313216955
29,63.0,167.96405407869887
30,62.0,160.3200011997224
31,61.0,150.55341756632376
32,59.999999999999986,129.48743185391362
33,62.0,122.39173621047028
34,59.0,103.92213897531346
35,62.0,95.80556744063801
36,58.0,83.19720947236908
37,58.0,80.77284330809191
38,59.0,80.73602083982905
39,58.0,83.75453874659115
40,59.0,80.2824656570583
41,59.0,77.82743413319592
42,58.0,74.16918708788161
43,57.0,72.76338789908246
44,58.0,73.33375249347793
45,58.0,76.33658179149234
46,58.0,78.3141600455994
47,63.0,83.47436256703448
48,69.0,85.21557626023856
49,74.0,86.07591663659058
50,66.99999999999999,88.11738644936312
51,66.0,87.97587464376443
52,71.0,88.58040841784846
53,64.0,87.16970018294144
54,58.0,89.54161998456352
55,53.000000000000014,87.40625888691083
56,48.0,89.80847887425512
57,51.0,94.91588372653398
58,47.0,102.41456259517464
59,46.0,105.60919599789645
60,46.0,106.52079014378128
61,48.0,107.29861971690809
62,47.0,116.8335958723376
63,47.0,119.32024035884744
64,48.0,119.90921495289471
65,46.0,114.1071107395452
66,47.0,117.20918412412797
67,47.0,109.79178648595858
68,46.0,108.00848997188265
69,46.0,97.53726812358789
70,46.0,94.92074654810222
71,46.0,87.98095009821492
72,46.0,89.32488236318403
73,46.0,91.64143903370089
74,46.0,89.15308423922502
75,46.0,75.48991463396051
76,45.0,72.66296046429977
77,47.0,68.2797647191862
78,45.0,62.690875817297
79,45.0,62.981156681215026
80,45.0,61.77620311707332
81,45.0,62.3758278450495
82,44.0,69.85738976666815
83,44.0,75.10102758212088
84,42.999999999999986,77.42234075776483
85,42.0,77.29552835576592
86,40.0,79.33795963896262
87,39.0,80.30999699285714
88,39.0,80.24938737650481
