,y_actual,y_predict
0,139.0,136.15905432595707
1,139.0,138.26256440458323
2,139.0,138.41984340064698
3,139.0,138.2513318414551
4,138.0,137.6824002077879
5,135.0,136.78957784744355
6,137.0,135.28346909643773
7,135.0,135.1438940990492
8,136.0,135.12551059964153
9,133.0,133.26550215083597
10,146.0,133.32146620095628
11,132.0,132.42483493854706
12,119.0,144.51507590955524
13,108.0,122.91941706497883
14,98.0,140.46977461539734
15,104.0,160.3766129712042
16,108.0,148.8426473549147
17,111.0,149.61513799371517
18,100.0,138.673445092375
19,90.0,138.80910718248452
20,81.0,150.1043507863503
21,73.0,137.97286134741046
22,69.0,158.29899499064052
23,68.0,166.99310184587196
24,66.0,156.09655341889516
25,70.00000000000001,136.94190850654076
26,71.0,112.67027639484385
27,68.0,85.43952490979908
28,68.0,79.42794032779074
29,63.0,73.79956642415642
30,62.0,72.16429013085796
31,61.0,70.38850972692457
32,59.999999999999986,68.46965512795326
33,62.0,69.16453014227446
34,59.0,65.67091641727777
35,62.0,63.92203869540435
36,58.0,63.73065061155356
37,58.0,69.27484962853626
38,59.0,65.48869003718004
39,58.0,63.465229305044204
40,59.0,62.45812601539245
41,59.0,60.345941901906215
42,58.0,60.34138416229949
43,57.0,60.798008654501146
44,58.0,60.69543640108
45,58.0,60.00102363215501
46,58.0,60.13100703757199
47,63.0,60.28134773023848
48,69.0,60.40844672438304
49,74.0,68.34345288987736
50,66.99999999999999,67.80653637235234
51,66.0,76.01276040162459
52,71.0,78.29499535147212
53,64.0,75.665688068327
54,58.0,74.93040356146827
55,53.000000000000014,90.32685010648379
56,48.0,94.35054373959541
57,51.0,121.96080793984447
58,47.0,147.60830191725438
59,46.0,136.84980842257096
60,46.0,126.01635952566356
61,48.0,111.47316251262204
62,47.0,82.49172130375067
63,47.0,72.8404904311719
64,48.0,65.02030602209855
65,46.0,61.18787566658075
66,47.0,58.745139870257816
67,47.0,56.37265612925235
68,46.0,54.668930537681675
69,46.0,55.00266246884436
70,46.0,65.79673961412877
71,46.0,58.6187434891155
72,46.0,55.19902431315849
73,46.0,54.759271777918855
74,46.0,52.708973078078515
75,46.0,53.72274194634376
76,45.0,54.34834486558748
77,47.0,53.49481798637575
78,45.0,53.07935182425349
79,45.0,52.27555330476709
80,45.0,53.99181499148324
81,45.0,52.105354549878996
82,44.0,51.57584320360142
83,44.0,51.72148748304231
84,42.999999999999986,51.092186600628835
85,42.0,52.934086586037495
86,40.0,52.318264779377785
87,39.0,53.363900845258414
88,39.0,51.48597345366838
