,y_actual,y_predict
0,760.0,767.7754899124616
1,755.0,768.1002702323855
2,765.0,765.1088570072118
3,760.0,762.4938495700529
4,765.0,760.5267210263477
5,770.0,760.7505075706141
6,765.0,762.8501219311488
7,760.0,762.3333039713799
8,800.0,759.1672722775241
9,755.0,766.4059072005481
10,745.0,770.5441561816391
11,720.0,765.7790577215696
12,720.0,746.1213524119336
13,705.0,725.1608028223906
14,695.0,713.9271252363241
15,695.0,709.5141377504514
16,700.0,707.644015534398
17,700.0,700.8848876672209
18,695.0,696.1426419461901
19,690.0,701.5762057767733
20,690.0,702.3095281065536
21,695.0,703.7806668617104
22,695.0,703.4033084548719
23,700.0,700.1058598593636
24,695.0,699.7092063706215
25,690.0,699.7196588845918
26,680.0,696.3688110487881
27,680.0,694.2035428461495
28,680.0,691.5207619394407
29,675.0,689.1266225137197
30,680.0,692.8573407575909
31,675.0,694.3047226959721
32,675.0,694.816823068892
33,665.0,693.5678487766927
34,670.0,691.9367954569879
35,665.0,692.9396826207416
36,665.0,692.4742868632638
37,670.0,691.4372065491262
38,675.0,691.1024308104636
39,700.0,693.2004736533212
40,700.0,695.8282858246027
41,710.0,707.664491782741
42,710.0,717.7112042921304
43,715.0,720.6489573686687
44,715.0,719.5981561073996
45,715.0,719.1838114151554
46,705.0,718.9099608077486
47,700.0,717.2562489133514
48,695.0,713.0858798907813
49,690.0,707.6694915146556
50,700.0,704.5327988625287
51,690.0,702.853196366093
52,685.0,703.6236364467217
53,695.0,701.8702474536396
54,710.0,699.6670160762285
55,730.0,701.3017625636016
56,720.0,712.6992177756874
57,720.0,727.303614704864
58,705.0,729.9722135241192
59,695.0,718.986578867777
60,720.0,704.1107017542535
61,720.0,704.4868385437471
62,760.0,711.9400149565951
63,745.0,726.5511590968022
64,745.0,743.4681110317539
65,720.0,744.6630644038045
