,y_actual,y_predict
0,1455.0,1422.1172201864863
1,1450.0,1465.297921649099
2,1500.0,1494.1515819096126
3,1515.0,1476.451727721455
4,1500.0,1467.900495594108
5,1490.0,1482.8220954977587
6,1545.0,1507.3470900864822
7,1610.0,1515.3813104744813
8,1610.0,1504.6518052930955
9,1560.0,1519.3831848018351
10,1535.0,1566.522860230285
11,1565.0,1608.4086809824316
12,1530.0,1597.350800886218
13,1500.0,1565.4634516383433
14,1500.0,1548.9034802102065
15,1485.0,1538.598611828662
16,1485.0,1515.2931104023705
17,1500.0,1478.9023268958574
18,1580.0,1467.0862045039844
19,1620.0,1467.9178668814334
20,1620.0,1483.1074260901255
21,1615.0,1524.9755876330576
22,1615.0,1581.0767358942269
23,1585.0,1624.0944495739645
24,1575.0,1629.4311057869531
25,1550.0,1607.1962898932707
26,1510.0,1588.3880324049962
27,1510.0,1566.120777311778
28,1500.0,1538.8016927346318
29,1480.0,1519.5177402981346
30,1480.0,1499.448480908377
31,1500.0,1485.8988767945623
32,1590.0,1474.5016807517245
33,1590.0,1479.5377705056999
34,1550.0,1501.4262163664687
35,1550.0,1543.0300176279761
36,1530.0,1579.3849548592625
37,1485.0,1581.6635686917473
38,1465.0,1550.9309301811963
39,1495.0,1518.9287960734255
40,1495.0,1497.9709137591049
41,1485.0,1485.9457120885668
42,1580.0,1483.840811129336
43,1565.0,1495.9925064832714
44,1590.0,1516.4998390277074
45,1545.0,1528.6544615875182
