,y_actual,y_predict
0,27.0,27.50722089430901
1,27.0,28.202386797055148
2,26.0,28.739692573012547
3,27.0,29.054909542156995
4,28.0,29.185790884372658
5,28.0,28.962229885000514
6,28.0,28.66669578800208
7,28.0,28.58988842085585
8,28.0,28.640764656738572
9,28.0,28.546648755910972
10,28.0,28.435842299906504
11,27.0,28.291214787632352
12,27.0,28.045466476911756
13,28.0,27.95174430200115
14,27.0,27.992852711438825
15,27.0,28.021153045611545
16,27.0,28.058360144767367
17,27.0,28.242454400590514
18,27.0,28.282747968565193
19,27.0,28.27973168567067
20,27.0,28.23123492380803
21,27.0,28.271624355484242
22,27.0,28.158039563987256
23,26.0,28.100449445293897
24,27.0,28.035043011222324
25,27.0,28.04686163613936
26,27.0,27.9846529412545
27,27.0,27.93927517339517
28,27.0,27.88549221313395
29,27.0,27.811228657781854
30,26.0,27.75039629175465
31,27.0,27.68046029778585
32,26.0,27.676586377133003
33,27.0,27.58043337264792
34,27.0,27.527773387176037
35,26.0,27.503252821806452
36,27.0,27.54145793056926
37,26.0,27.506453984696783
38,26.0,27.48735827772263
39,26.0,27.49625819529848
40,26.0,27.440249827680347
41,26.0,27.366902113048212
42,26.0,27.332957803447993
43,26.0,27.329809707963864
44,25.0,27.271639271505897
45,24.0,27.125176654088197
46,24.0,27.155411380809618
47,25.0,27.171273399708987
48,25.0,26.904150907251122
49,25.0,26.748103631532366
50,24.0,26.600192787480857
