,y_actual,y_predict
0,104.0,103.22598899216061
1,106.0,101.70174795678271
2,111.0,100.48915285132735
3,123.0,100.32938696308669
4,117.0,100.98865373835585
5,125.0,102.63484069588839
6,125.0,104.3446019325748
7,123.0,105.89230264696822
8,121.0,106.27895975185184
9,122.0,107.29768933301649
10,130.0,107.10837185585946
11,131.0,106.71746954057579
12,138.0,107.65072331627483
13,135.0,109.76240331014792
14,134.0,112.67000749118822
15,128.0,114.49798717502496
16,125.0,116.37768323869126
17,144.0,116.88658965207607
18,144.0,115.70036882309242
19,142.0,114.99793269892731
20,145.0,115.92153746973467
21,152.0,118.72586058428914
22,142.0,120.15731211472014
23,144.0,122.024419843456
24,158.0,123.17425189846674
25,160.0,122.73932998305864
26,155.0,123.54139774374369
27,150.0,125.23752967857867
28,151.0,126.93627117568442
29,167.0,127.35427380614234
30,170.0,127.9832596561149
31,180.0,129.1128857407544
32,174.0,129.55465583347797
33,180.0,133.34549681361884
34,183.0,136.91287616190397
35,195.0,139.70654997600383
36,262.0,139.96972224248213
37,244.0,141.5040173474934
38,228.0,147.06493079141023
39,214.0,153.2978361991504
40,216.0,157.92350187159767
41,202.0,157.90762465279437
42,192.0,160.7300410255531
43,180.0,159.60804356861334
44,190.0,155.55849977447645
45,186.0,156.00674210925996
46,206.0,156.9624178947312
47,210.0,158.131932688588
48,236.0,158.85667870148419
49,224.0,163.69810482917853
50,266.0,168.9893385893285
51,260.0,169.11734124615538
52,294.0,168.74254478866084
53,284.0,170.7938629910533
54,282.0,172.11550185474027
55,276.0,172.47469370145308
56,274.0,173.79997320129877
57,302.0,174.59459920268597
58,294.0,176.20500031164806
59,318.0,178.1903517697298
60,312.0,180.52918789368613
61,298.0,185.3189020384545
62,302.0,188.22974893588014
63,288.0,191.24536525165115
64,302.0,190.38836477617264
65,298.0,189.70678316565588
66,292.0,190.04693641989613
67,296.0,188.33584621910467
68,284.0,188.06763510113132
69,272.0,188.19791535400918
70,278.0,188.5535545026347
71,296.0,189.00141430680736
72,286.0,187.48651394345808
73,278.0,187.29052636358028
74,290.0,188.10932654081364
75,306.0,187.11012140996638
76,308.0,186.3290642530065
77,312.0,186.36926074547392
78,310.0,187.77589175523346
79,300.0,187.71745690674385
80,302.0,188.3855400232905
81,326.0,188.647103023061
82,366.0,187.49721600675556
83,388.0,187.2035468170926
