,y_actual,y_predict
0,104.0,110.86194358208687
1,106.0,109.34215276273812
2,111.0,107.49499048783682
3,123.0,107.2396337174601
4,117.0,108.7077708128552
5,125.0,112.60873993757149
6,125.0,117.8304311715797
7,123.0,124.14215107587188
8,121.0,128.8064589353734
9,122.0,131.38850098668155
10,130.0,131.53634027397953
11,131.0,130.70624664991806
12,138.0,130.2687129737874
13,135.0,132.7512465018756
14,134.0,136.90644349197618
15,128.0,140.4534431921989
16,125.0,143.14638834233725
17,144.0,143.2844247331185
18,144.0,141.3505610158805
19,142.0,139.86172989381748
20,145.0,141.5978912387841
21,152.0,146.85253396739677
22,142.0,151.98456464296348
23,144.0,155.16551772380257
24,158.0,156.9568777962288
25,160.0,157.1542811790572
26,155.0,157.3934023829894
27,150.0,159.91154863156987
28,151.0,163.65665521919271
29,167.0,167.36344718907753
30,170.0,166.79102310667236
31,180.0,166.05110777644813
32,174.0,168.94337775627645
33,180.0,175.06341464928911
34,183.0,181.80864286449054
35,195.0,186.02116668338022
36,262.0,188.46969675768412
37,244.0,191.8213244445293
38,228.0,200.92714466256794
39,214.0,215.61086795993077
40,216.0,229.4925784579032
41,202.0,233.98322401542052
42,192.0,230.551053848919
43,180.0,223.20223629878456
44,190.0,216.74411709311468
45,186.0,210.02645746331802
46,206.0,202.62367231872452
47,210.0,198.60658206986238
48,236.0,199.06420299996782
49,224.0,203.87393184980198
50,266.0,211.86689577342983
51,260.0,219.99270774162238
52,294.0,228.36182676594893
53,284.0,235.2758960783664
54,282.0,242.82232806270073
55,276.0,249.07664199393946
56,274.0,253.62889696432634
57,302.0,255.9750143606001
58,294.0,255.73406404478143
59,318.0,255.7032329569252
60,312.0,256.84217168333305
61,298.0,259.82854859034137
62,302.0,263.1087969445771
63,288.0,264.8643574281092
64,302.0,265.0954235046951
65,298.0,264.12930067633357
66,292.0,262.2866639144351
67,296.0,261.7760954714996
68,284.0,261.8943194147794
69,272.0,261.94555213521585
70,278.0,261.5412832330693
71,296.0,259.620293649494
72,286.0,257.63465199577644
73,278.0,256.93790106793165
74,290.0,257.16736667161683
75,306.0,258.0281221027469
76,308.0,258.0281748655898
77,312.0,258.3239105999322
78,310.0,260.0718028836325
79,300.0,262.9065921430466
80,302.0,265.0106863790298
81,326.0,265.5096469965317
82,366.0,265.1366136973701
83,388.0,265.5989041390704
