,y_actual,y_predict
0,50.0,50.593801833894176
1,50.0,50.588474657496974
2,50.0,50.59314581724985
3,50.0,50.59190564145445
4,50.0,50.59010582259392
5,50.0,50.589880105526866
6,50.0,50.590088914948446
7,50.0,50.59092161648796
8,50.0,50.589645934637076
9,50.0,50.5908852650502
10,50.0,50.590621505780824
11,50.0,50.590229671097006
12,50.0,50.590194587732654
13,50.0,50.59023432069951
14,50.0,50.59025672332976
15,50.0,50.58985728020548
16,50.0,50.59018867005673
17,50.0,50.59018740198332
18,50.0,50.59012442100394
19,50.0,50.59006270809797
20,50.0,50.59017514394036
21,50.0,50.590452429326106
22,50.0,50.590157813603746
23,50.0,50.59013160675327
24,50.0,50.590486667308184
25,50.0,50.59027912596001
26,50.0,50.59025672332976
27,50.0,50.59029772437003
28,50.0,50.59018782467446
29,50.0,50.59046130583997
30,50.0,50.59026095024113
31,50.0,50.589963798371954
32,50.0,50.59011216296097
33,50.0,50.59062700076561
34,50.0,50.5898276918259
35,50.0,50.59038648950876
36,50.0,50.59027912596001
37,50.0,50.590016634764055
38,50.0,50.589912230053265
39,50.0,50.59041016021242
40,50.0,50.58978542271222
41,50.0,50.59029645629662
42,50.0,50.590337034645756
43,50.0,50.589880528218
44,50.0,50.59007792497889
45,50.0,50.590058481186595
46,50.0,50.59013287482668
47,50.0,50.59008299727253
48,51.0,50.59004326430567
49,50.0,50.590191628894694
50,50.0,50.95477668319937
51,50.0,50.71735698933006
52,50.0,50.998424615368464
53,50.0,51.083231251602
54,50.0,50.71422315724176
