,y_actual,y_predict
0,50.0,51.36936229476824
1,50.0,51.36791077340443
2,50.0,51.37172513822299
3,50.0,51.37105136855092
4,50.0,51.37023768811257
5,50.0,51.36817284190926
6,50.0,51.36837150674356
7,50.0,51.37117352628946
8,50.0,51.36942612112989
9,50.0,51.37011214884493
10,50.0,51.36988135948423
11,50.0,51.369959134653406
12,50.0,51.36957194957209
13,50.0,51.36966536431333
14,50.0,51.37014765490042
15,50.0,51.369600269878255
16,50.0,51.36980527507961
17,50.0,51.36983570884146
18,50.0,51.36988305024878
19,50.0,51.36978667666959
20,50.0,51.36981457428462
21,50.0,51.36983486345919
22,50.0,51.36954320657479
23,50.0,51.369750747922964
24,50.0,51.370090591596956
25,50.0,51.369932082420654
26,50.0,51.36953813428114
27,50.0,51.3694434514665
28,50.0,51.36991348401063
29,50.0,51.37020556358617
30,50.0,51.36984331728192
31,50.0,51.36963323978693
32,50.0,51.36958632107074
33,50.0,51.369864451838765
34,50.0,51.369698334221994
35,50.0,51.37001281642778
36,50.0,51.36998238266593
37,50.0,51.36998787765071
38,50.0,51.369506855137026
39,50.0,51.36961041446554
40,50.0,51.369816687740304
41,50.0,51.37006438474647
42,50.0,51.369949835448395
43,50.0,51.36980654315302
44,50.0,51.36976089251024
45,50.0,51.36969368461949
46,50.0,51.369949412757265
47,50.0,51.36969410731063
48,51.0,51.36980654315302
49,50.0,51.23046429644848
50,50.0,51.285133477318716
51,50.0,51.20017255882025
52,50.0,51.4519506479158
53,50.0,51.510504783024444
54,50.0,51.51305487865281
