,y_actual,y_predict
0,193.0,188.12591524534264
1,194.0,187.75802001092066
2,194.0,187.3923287178275
3,189.0,186.9142571112488
4,188.0,186.28952510845016
5,188.0,186.13371137139453
6,186.0,185.7182238088585
7,181.0,185.24112354027156
8,185.0,184.90633398792278
9,181.0,183.92533047178327
10,179.0,183.08681421999896
11,177.0,182.2111381464142
12,168.0,181.63507683797548
13,169.0,180.79286730305472
14,166.0,179.8253658376881
15,174.0,178.91713975591125
16,171.0,177.6674270955485
17,166.0,176.32023485552924
18,165.0,174.83352781031712
19,176.0,174.32341239715285
20,179.0,173.30985143581267
21,179.0,171.73848750714942
22,181.0,170.87986611100712
23,181.0,170.89274312971008
24,177.0,170.9273109923421
25,178.0,171.53917179670535
26,178.0,171.26266155381728
27,175.0,170.86484788052607
28,173.0,170.9700058886242
29,175.0,170.5491850208831
30,175.0,169.65844544806936
31,170.0,169.46977953392903
32,170.0,169.69584131405554
33,171.0,169.64522762036395
34,172.0,168.82763329048996
35,171.0,168.5526993700752
36,170.0,168.06101157080914
37,170.0,168.11455609258235
38,169.0,169.2048719944891
39,169.0,169.27353110450687
40,168.0,168.95752226229027
41,172.0,168.88782132437322
42,176.0,168.7031597543374
43,190.0,168.04519855045334
44,185.0,167.6204425351225
45,192.0,167.7130520462885
46,216.0,168.66408118432022
47,212.0,170.1392829751479
48,208.0,170.63582552428355
49,194.0,172.6166423680327
50,187.0,174.48049834770003
51,181.0,175.8105373294945
52,181.0,176.7412703052193
53,183.0,176.39516190872317
54,187.0,176.5049945415344
55,189.0,175.73461614226073
56,183.0,175.98033446153673
57,183.0,175.31992983656346
58,179.0,175.82836723424563
59,176.0,177.8341805105689
60,178.0,179.29789664999672
61,178.0,180.4244424242817
62,179.0,181.71001795681607
63,179.0,182.73521056126825
