,y_actual,y_predict
0,193.0,190.35471946394034
1,194.0,188.31300192687587
2,194.0,186.21136667502302
3,189.0,185.69394682602862
4,188.0,187.63323476710363
5,188.0,188.1265878095979
6,186.0,187.6680645417774
7,181.0,186.63716193146755
8,185.0,185.10649622395354
9,181.0,184.087787720949
10,179.0,183.08514574328876
11,177.0,181.25141676207943
12,168.0,180.27948962990416
13,169.0,178.99165648023984
14,166.0,177.02157742392325
15,174.0,174.19194968966482
16,171.0,172.22808324356373
17,166.0,170.1421381397508
18,165.0,168.93869240323173
19,176.0,168.8926068777281
20,179.0,169.61310233003212
21,179.0,167.69366667502294
22,181.0,167.42609539311428
23,181.0,170.63684213102326
24,177.0,175.2196430690931
25,178.0,176.7161212118764
26,178.0,177.1850126397188
27,175.0,177.70805078493774
28,173.0,176.8450066725391
29,175.0,176.09034641113394
30,175.0,175.68026454338118
31,170.0,174.9280201780497
32,170.0,174.18839091937946
33,171.0,173.9733376903842
34,172.0,172.95379042214975
35,171.0,171.85519680633192
36,170.0,170.2154469968796
37,170.0,170.9121640692776
38,169.0,172.26480589859824
39,169.0,172.41682999475395
40,168.0,171.58331917310028
41,172.0,171.37281852508204
42,176.0,170.81028675201313
43,190.0,169.5830031395193
44,185.0,169.7339207381358
45,192.0,171.42838235636208
46,216.0,173.74812275919257
47,212.0,178.735013720783
48,208.0,184.10419634868853
49,194.0,186.55507029053982
50,187.0,190.76539754535472
51,181.0,194.99260486958426
52,181.0,194.1083742960295
53,183.0,190.61702469706947
54,187.0,186.52238366773338
55,189.0,181.93202171703695
56,183.0,178.99376972239867
57,183.0,178.71574750332903
58,179.0,180.68692258878684
59,176.0,182.41904845200503
60,178.0,182.36698033811143
61,178.0,180.56935415343787
62,179.0,179.39205984926207
63,179.0,178.84927721418333
