,y_actual,y_predict
0,193.0,182.03154602945253
1,194.0,182.41234803061184
2,194.0,181.55816232507237
3,189.0,180.96732626734692
4,188.0,180.10152783456513
5,188.0,178.96496489472904
6,186.0,179.7868883719741
7,181.0,179.42358177185338
8,185.0,179.3015449877334
9,181.0,178.3480553315764
10,179.0,177.79232947225086
11,177.0,177.62562658038667
12,168.0,177.40348248704714
13,169.0,176.7980617481486
14,166.0,176.94862928192046
15,174.0,176.9173659166333
16,171.0,176.10954193658776
17,166.0,175.6808510161783
18,165.0,174.9735854363001
19,176.0,174.04696181200762
20,179.0,172.53381090642418
21,179.0,171.20764676778023
22,181.0,170.364033901673
23,181.0,170.83432898405007
24,177.0,173.25130083721243
25,178.0,172.20488333358688
26,178.0,171.12527122713323
27,175.0,170.9701753230808
28,173.0,171.40583399300752
29,175.0,172.12698163863024
30,175.0,172.37052911934936
31,170.0,171.20823655489642
32,170.0,171.2923960075609
33,171.0,171.70787839652573
34,172.0,171.89611619764972
35,171.0,171.75483469873103
36,170.0,171.43556553661736
37,170.0,171.69930190887814
38,169.0,171.3276383745374
39,169.0,170.75222182240879
40,168.0,170.26634976386165
41,172.0,170.14926861424956
42,176.0,169.92624178032497
43,190.0,170.15090604953258
44,185.0,169.83149105738087
45,192.0,170.13791391887057
46,216.0,171.08221159408194
47,212.0,172.75738807898455
48,208.0,175.15837586059348
49,194.0,175.1564871837593
50,187.0,175.76503253735743
51,181.0,177.25335401971188
52,181.0,178.87448932000663
53,183.0,179.78043854543563
54,187.0,179.14280252435938
55,189.0,178.5614973164928
56,183.0,180.55683831467394
57,183.0,180.10839672037037
58,179.0,180.27549789637948
59,176.0,180.7067755215491
60,178.0,180.93084935694415
61,178.0,180.30332944596813
62,179.0,178.84974121884983
63,179.0,177.87835205724176
