,y_actual,y_predict
0,222.0,210.5750879678292
1,220.0,212.2534535537161
2,210.0,213.55520997153786
3,218.0,213.81477137901533
4,208.0,213.58100399627372
5,210.0,214.12239725421205
6,208.0,213.61608355740168
7,208.0,213.23576720631755
8,206.0,211.24498258025577
9,206.0,209.37714048735876
10,204.0,207.64765171478123
11,206.0,206.54080171376557
12,208.0,205.80957255910403
13,214.0,205.36378868408406
14,216.0,204.54293086009955
15,214.0,204.48063924743292
16,214.0,205.1049577752626
17,214.0,205.03015393160564
18,218.0,205.21264577766956
19,212.0,207.06097144658048
20,208.0,208.00474055245033
21,218.0,208.7581034257479
22,214.0,209.63611202693752
23,216.0,210.19408799500818
24,218.0,210.3111162235462
25,210.0,209.85937116698045
26,212.0,209.65549953939612
27,210.0,209.28967596913435
28,210.0,208.38527175608036
29,208.0,208.61152320612598
30,212.0,208.90490631073553
31,208.0,208.6493919439405
32,212.0,208.28086904442046
33,210.0,207.29546151515828
34,210.0,206.687510844915
35,212.0,206.07749368382136
36,210.0,205.7569102469029
37,212.0,205.93828876613816
38,212.0,206.1283434218172
39,210.0,206.1122294808759
40,210.0,206.41820685108416
41,208.0,206.5754554762117
42,206.0,206.34272719851018
43,204.0,206.08102117198376
44,204.0,205.8312218829093
45,195.0,205.02144654388246
46,200.0,204.33113703318696
47,195.0,203.20116889823422
48,200.0,202.36520108065918
49,200.0,200.69771484641385
50,202.0,199.7513401651239
51,204.0,198.60169153696816
52,206.0,198.09437779921697
53,202.0,197.6150730206292
54,199.0,197.78480653187756
55,197.0,197.75956721735108
56,199.0,198.2304810274196
57,192.0,198.2161523158141
58,194.0,198.48199523045125
59,194.0,198.52774319708482
60,194.0,197.69358795371505
61,198.0,196.99128185813942
62,199.0,196.28689364607365
63,200.0,195.4296124559469
64,200.0,195.16162101585093
65,202.0,194.73044711395107
66,202.0,194.80845421374667
67,199.0,195.82483176089553
68,198.0,196.2616152674479
69,198.0,196.64542394900514
70,194.0,197.68718925425765
71,200.0,197.8343046520393
72,196.0,197.50661545546697
73,183.0,197.1180995499499
74,184.0,196.48226101925093
75,183.0,194.66185446207515
76,195.0,192.80744260650084
