,y_actual,y_predict
0,26.0,22.318019044549366
1,26.0,22.53477981759142
2,26.0,22.87112902929787
3,26.0,22.880261443739663
4,26.0,22.870845231592327
5,26.0,22.90032692013428
6,26.0,22.886440404818263
7,26.0,22.881067820668516
8,25.0,22.9048128811074
9,26.0,22.851862100929885
10,25.0,22.789853280881683
11,26.0,22.575173038605087
12,26.0,22.54190999028998
13,26.0,22.56520293162555
14,25.0,22.669380176266223
15,25.0,22.754799371183324
16,25.0,22.8176576271226
17,25.0,22.564040339645608
18,25.0,22.413531651656
19,25.0,22.112216777392348
20,26.0,21.895062602013645
21,26.0,21.864856740016172
22,25.0,21.938170494872736
23,25.0,22.134161190320214
24,24.0,22.35655485851089
25,25.0,22.265890299105145
26,25.0,22.008847866906088
27,25.0,21.815354591267386
28,25.0,21.807768385014406
29,24.0,21.840759378977303
30,24.0,21.86402296192955
31,24.0,21.891555253818254
32,24.0,21.641051912200005
33,24.0,21.246948888802933
34,24.0,20.95801933785426
35,24.0,20.890326734792993
36,23.0,20.89530591660609
37,24.0,20.804752919057
38,23.0,20.904340469770112
39,23.0,20.79760121687734
40,23.0,20.828548867360333
41,23.0,20.56777987770367
42,23.0,20.271514645373124
