,y_actual,y_predict
0,26.0,26.594237855472148
1,26.0,26.513110856198175
2,26.0,26.511709482700464
3,26.0,26.532984524488352
4,26.0,26.64898536870958
5,26.0,26.75856455588333
6,26.0,26.802799810662368
7,26.0,26.858788204901963
8,25.0,26.94084880076589
9,26.0,26.99912323445427
10,25.0,27.001984698216358
11,26.0,26.89121356067933
12,26.0,26.877896597999957
13,26.0,26.825362706865754
14,25.0,26.739469863364224
15,25.0,26.640381405167762
16,25.0,26.729386237302474
17,25.0,26.774392638950363
18,25.0,26.836904465966324
19,25.0,26.703335565159254
20,26.0,26.60209415885178
21,26.0,26.473594472233362
22,25.0,26.35591237125999
23,25.0,26.20881904186467
24,24.0,26.08749062968147
25,25.0,26.121362375144326
26,25.0,26.04063660710922
27,25.0,26.013159117536066
28,25.0,26.09025227494023
29,24.0,26.193895197004256
30,24.0,26.175317212031796
31,24.0,26.163558200894567
32,24.0,25.99385891633364
33,24.0,25.89643801431043
34,24.0,25.76615725243654
35,24.0,25.590770270411433
36,23.0,25.351207819648224
37,24.0,25.235790228642525
38,23.0,25.307735882835818
39,23.0,25.28618291501905
40,23.0,25.097480927540122
41,23.0,24.97703913853355
42,23.0,24.832196618527007
