,y_actual,y_predict
0,940.0,892.7638758389462
1,935.0,891.638139615678
2,935.0,886.3984939011541
3,945.0,882.6716099991332
4,940.0,889.6207862171602
5,940.0,885.7873018558054
6,940.0,886.345338377993
7,935.0,885.304142911162
8,945.0,881.584783747447
9,950.0,877.6587193793282
10,930.0,879.7536676220009
11,930.0,881.8670418264226
12,935.0,884.9441131245245
13,915.0,882.3880013261028
14,910.0,877.9434535474045
15,850.0,871.1151394187913
16,830.0,872.4985014580335
17,845.0,873.4624236507229
18,850.0,862.6392613281945
19,820.0,851.336911450684
20,835.0,833.0767512002958
21,815.0,820.4484877663788
22,780.0,810.9265745802543
23,825.0,804.8401224718023
24,885.0,793.4434882664588
25,875.0,789.7029697958835
26,855.0,788.5676668647264
27,860.0,790.6801889086136
28,865.0,799.6994720858031
29,855.0,808.4393752356342
30,830.0,811.7559679579742
31,825.0,811.4958821314001
32,835.0,818.521801033047
33,820.0,822.1261828385875
34,815.0,816.9103333050309
35,800.0,805.720645481601
36,830.0,800.3238324231872
37,820.0,795.6322063249436
38,795.0,790.0829047663302
39,795.0,784.7443682335357
40,770.0,780.8669654476454
41,725.0,779.1229224424892
42,745.0,774.8226792071578
43,750.0,765.9539631493396
44,780.0,758.4691879567873
45,745.0,748.3914651208156
46,750.0,735.4796573278709
47,745.0,725.5443900076908
48,745.0,725.0161630257152
49,730.0,723.145003394391
50,745.0,717.3899010470354
51,730.0,713.5788019782158
52,725.0,713.0959726428357
53,715.0,712.711953733223
54,725.0,706.0336841727101
55,730.0,701.4146042694159
56,735.0,694.0936247826479
57,725.0,690.5428165412856
58,710.0,688.4944356561313
59,715.0,688.5269182470769
60,720.0,689.027116382788
61,715.0,687.4841109105553
62,720.0,684.9350897309218
63,730.0,681.9298993798047
