,y_actual,y_predict
0,940.0,933.1837633387644
1,935.0,923.0797441149736
2,935.0,919.1484542341423
3,945.0,921.1431208682379
4,940.0,924.8425587696429
5,940.0,925.9020676487185
6,940.0,924.3734202775695
7,935.0,923.9513274784088
8,945.0,925.6916000751617
9,950.0,924.6625117193228
10,930.0,924.2055928877462
11,930.0,924.7322280981573
12,935.0,923.1762794328984
13,915.0,924.0908245500802
14,910.0,920.9546808405767
15,850.0,917.0734272537796
16,830.0,913.7304014763649
17,845.0,906.2754760202762
18,850.0,883.6935916576831
19,820.0,856.3159889836144
20,835.0,838.1627186055717
21,815.0,835.9529859467325
22,780.0,838.316380836319
23,825.0,832.3776097563714
24,885.0,824.4351520034613
25,875.0,812.4526654697993
26,855.0,814.0341628725969
27,860.0,832.3201612735357
28,865.0,853.8559783835997
29,855.0,861.554396653588
30,830.0,860.6250753943053
31,825.0,858.1233410850944
32,835.0,856.5368754255948
33,820.0,848.8585552814236
34,815.0,838.6122413268477
35,800.0,832.0605738804819
36,830.0,829.8088763349365
37,820.0,823.9092403255797
38,795.0,818.2567791067723
39,795.0,816.375900021803
40,770.0,817.6989033695912
41,725.0,815.3587097564479
42,745.0,806.1215628954008
43,750.0,792.6052999488812
44,780.0,771.437640307535
45,745.0,754.7353501032337
46,750.0,751.2475535059333
47,745.0,758.0678766197216
48,745.0,763.560509502781
49,730.0,761.9350936754478
50,745.0,757.8733991150648
51,730.0,754.4337817449731
52,725.0,750.06290565627
53,715.0,746.2251042174896
54,725.0,744.0318761395714
55,730.0,739.2237452255912
56,735.0,734.0979031386939
57,725.0,731.6043045508138
58,710.0,732.6789674167555
59,715.0,737.5978952787403
60,720.0,738.3498626365624
61,715.0,734.706715565946
62,720.0,728.9309322471247
63,730.0,725.3713531836559
