,y_actual,y_predict
0,1165.0,1184.578039644391
1,1115.0,1181.0901272634037
2,1125.0,1177.656731240142
3,1100.0,1176.5338017512124
4,1095.0,1170.3749063015782
5,1115.0,1163.1013613209602
6,1065.0,1155.3454689825003
7,1115.0,1149.1726409113226
8,1115.0,1142.2153465360007
9,1070.0,1136.4566357845908
10,1065.0,1132.3369586315782
11,1100.0,1125.741653667706
12,1100.0,1121.13749945613
13,1100.0,1114.3872239332022
14,1100.0,1107.9334345967236
15,1090.0,1104.6192421026408
16,1190.0,1099.162391548847
17,1220.0,1095.8496520281535
18,1205.0,1094.1901971873222
19,1215.0,1095.0707587726272
20,1205.0,1098.0385265838993
21,1125.0,1102.7656063249806
22,1050.0,1110.1574790699945
23,1090.0,1117.2676342073953
24,1015.0,1124.2707271001057
25,1025.0,1126.3786531246826
26,1010.0,1126.5725753128254
27,940.0,1128.3858064880087
28,975.0,1125.4852138163224
29,940.0,1121.8252733667607
30,955.0,1119.468251972728
31,995.0,1110.3194358435671
32,1020.0,1093.1304421852205
33,1005.0,1074.2990113880708
34,1020.0,1056.6800371251416
35,1020.0,1042.406225583612
36,1005.0,1032.2328243698748
37,995.0,1029.1271634128107
38,1010.0,1026.310425219072
39,1060.0,1021.8270270287892
40,1080.0,1019.6177511343546
41,1035.0,1018.3799372289247
42,1065.0,1022.1218811081435
43,1010.0,1026.7397888075577
44,1040.0,1031.7096743346551
45,1040.0,1038.9335395675973
46,1035.0,1045.6918163960404
47,1025.0,1046.4998288305928
48,1040.0,1049.7932219110858
49,1065.0,1047.1117495687909
50,1065.0,1047.1872643775575
51,1065.0,1047.2247630332552
52,1075.0,1048.924901128994
53,1080.0,1050.773162895487
54,1055.0,1051.9075967490628
55,1070.0,1052.4779186600804
56,1090.0,1054.8414883862388
57,1075.0,1055.3218851770646
58,1080.0,1055.6893083109162
59,1090.0,1057.7249041259365
60,1145.0,1062.1689725159758
61,1105.0,1065.6709170372324
62,1105.0,1069.9222773675774
63,1105.0,1075.5613268036723
64,1105.0,1079.0226676850016
65,1105.0,1080.6801719588168
66,1125.0,1084.1271025287208
67,1130.0,1088.5344286053748
68,1130.0,1090.6018107012599
69,1130.0,1092.0683584449466
70,1130.0,1095.156145838945
71,1130.0,1100.0199245011147
72,1130.0,1104.1571368535272
73,1130.0,1107.2627380993563
74,1125.0,1109.2547049052
75,1110.0,1111.196116198585
