,y_actual,y_predict
0,1165.0,1159.4920759025824
1,1115.0,1160.641815736111
2,1125.0,1159.8242694076737
3,1100.0,1154.482960093967
4,1095.0,1151.5310157600195
5,1115.0,1143.1999051892567
6,1065.0,1131.921467953401
7,1115.0,1123.7924401062564
8,1115.0,1116.5061368250535
9,1070.0,1106.7932684645698
10,1065.0,1105.2757273260333
11,1100.0,1096.1078633128477
12,1100.0,1091.052670334413
13,1100.0,1090.8515429905576
14,1100.0,1088.85354534996
15,1090.0,1094.4319281711048
16,1190.0,1095.1906390291379
17,1220.0,1096.2627144494331
18,1205.0,1104.393473922398
19,1215.0,1130.5487862714285
20,1205.0,1158.552061830776
21,1125.0,1186.6631360733816
22,1050.0,1202.1425771645747
23,1090.0,1189.55642407063
24,1015.0,1166.076035731769
25,1025.0,1132.8357862903317
26,1010.0,1096.1651860986276
27,940.0,1077.873962846216
28,975.0,1062.2448853996439
29,940.0,1043.2678188998725
30,955.0,1025.372799596673
31,995.0,1009.4713792064122
32,1020.0,995.4481558152181
33,1005.0,992.063046277478
34,1020.0,997.517110306963
35,1020.0,1006.520171311032
36,1005.0,1022.2588984891529
37,995.0,1039.402750453698
38,1010.0,1048.3878184722307
39,1060.0,1046.6765342792569
40,1080.0,1038.8008213955213
41,1035.0,1037.136191580974
42,1065.0,1043.1271790372618
43,1010.0,1056.8410982301862
44,1040.0,1063.1483561955156
45,1040.0,1065.3490734795735
46,1035.0,1059.0063868480331
47,1025.0,1051.0263385326807
48,1040.0,1046.578090356178
49,1065.0,1041.6375827567929
50,1065.0,1037.3057714889053
51,1065.0,1041.7846714328039
52,1075.0,1051.0435751759046
53,1080.0,1061.8693415378066
54,1055.0,1070.7052508908416
55,1070.0,1074.782393740656
56,1090.0,1077.7983087112339
57,1075.0,1076.1036242416421
58,1080.0,1077.9758103097004
59,1090.0,1078.5568205318164
60,1145.0,1079.091116664271
61,1105.0,1079.131262518062
62,1105.0,1088.8419016590988
63,1105.0,1103.8869634180505
64,1105.0,1111.5763374405117
65,1105.0,1112.3937046352437
66,1125.0,1108.3298972946213
67,1130.0,1104.0155615148985
68,1130.0,1107.556179012811
69,1130.0,1109.2789277629408
70,1130.0,1113.9588157244793
71,1130.0,1120.0989021350297
72,1130.0,1127.391753748358
73,1130.0,1126.5375447215156
74,1125.0,1122.2896476428114
75,1110.0,1120.6180316137468
