,y_actual,y_predict
0,178.0,194.51600897605306
1,179.0,194.6617491911744
2,171.0,193.21364917615952
3,166.0,192.33567192651392
4,165.0,191.66242939740457
5,167.0,190.999491084454
6,166.0,188.80869461445243
7,172.0,187.3935012858151
8,166.0,185.80651703709174
9,165.0,185.23510202719433
10,170.0,183.25156403466636
11,160.0,180.95297480178257
12,165.0,179.5457373807099
13,165.0,177.98425387387536
14,155.0,176.52208762534178
15,159.0,175.8204022205877
16,158.0,175.3159477456897
17,161.0,174.2800939791797
18,157.0,173.21810515753998
19,168.0,172.15204728393968
20,164.0,170.8455442039404
21,164.0,170.07143912150684
22,164.0,168.39079244954542
23,162.0,167.5101362386588
24,159.0,167.34891945525962
25,158.0,166.93336330627935
26,152.0,167.26201854124957
27,159.0,166.9081594769714
28,156.0,166.464815009627
29,153.0,166.30311911729052
30,151.0,165.99078732625495
31,161.0,165.51222497801143
32,158.0,165.14586184527076
33,158.0,164.95054060315073
34,156.0,163.93927659674733
35,161.0,163.61610074849682
36,157.0,163.53708151390623
37,160.0,163.161696287515
38,159.0,163.08215745590786
39,157.0,163.17112326195763
40,158.0,162.86459476227543
41,159.0,163.18836443568767
42,157.0,162.97244825727643
43,159.0,162.93354596116927
44,159.0,162.9980907074425
45,157.0,162.64538555342182
46,157.0,162.14676810994317
47,157.0,162.70711637818994
48,153.0,162.45030723977706
49,151.0,162.03547312820933
50,152.0,162.03434621000468
51,153.0,162.19150743746968
52,152.0,161.6284194758631
53,152.0,161.20592636931156
54,152.0,160.87433574859867
55,153.0,160.69308411400397
56,150.0,160.3971972311407
57,149.0,160.03476144208332
58,144.0,159.64376806115683
59,140.0,159.37415119368734
60,141.0,158.92275634659342
61,142.0,158.33913418081437
62,140.0,157.63522867971696
63,141.0,157.25803498578773
64,140.0,156.5489605065779
65,139.0,155.9035062958327
66,139.0,155.29162345076537
67,139.0,154.4548495697287
68,138.0,153.50569427683274
69,137.0,152.5111113590637
70,136.0,151.60658742548304
71,149.0,150.99064902448157
72,156.0,150.64712791642825
73,148.0,149.88795618720985
74,156.0,149.50850190885808
75,152.0,149.0822501589533
