,y_actual,y_predict
0,178.0,189.82814396086934
1,179.0,189.52705435982762
2,171.0,188.38670086087785
3,166.0,186.54104502209793
4,165.0,183.5136838594689
5,167.0,179.60109808101578
6,166.0,175.30615637853418
7,172.0,172.2989515313383
8,166.0,170.61985690241323
9,165.0,171.11580888067724
10,170.0,171.80397126697534
11,160.0,172.2509259213826
12,165.0,172.66337798429015
13,165.0,171.8714176589252
14,155.0,171.61593787911303
15,159.0,171.06341055816688
16,158.0,169.81033149868455
17,161.0,168.83653246157638
18,157.0,167.40808603501114
19,168.0,167.080537474206
20,164.0,166.9678928898319
21,164.0,167.324194734889
22,164.0,167.70242087483808
23,162.0,168.17818954561614
24,159.0,169.12688597361438
25,158.0,169.18124796796639
26,152.0,169.11520516276244
27,159.0,168.68340654600593
28,156.0,167.3848121374789
29,153.0,166.0449603762373
30,151.0,165.24726423965103
31,161.0,164.86361269708786
32,158.0,164.66532232915915
33,158.0,164.31142952481503
34,156.0,164.17252842107348
35,161.0,164.9805962539506
36,157.0,165.68290922393243
37,160.0,165.62178572035242
38,159.0,165.74929617780967
39,157.0,166.11287912911132
40,158.0,166.1336765057986
41,159.0,165.9086235175124
42,157.0,165.72626520875264
43,159.0,165.55350932277875
44,159.0,165.44143831952675
45,157.0,165.29423715954727
46,157.0,165.10082560516332
47,157.0,164.7750180317642
48,153.0,164.51877572646026
49,151.0,164.08262464118872
50,152.0,163.78638686163896
51,153.0,163.368867040817
52,152.0,162.7108210374376
53,152.0,162.1056997015983
54,152.0,161.8259675623396
55,153.0,161.78072888183615
56,150.0,161.5355060820904
57,149.0,161.32361171954727
58,144.0,161.16672041261035
59,140.0,161.09922678456803
60,141.0,160.36739125682925
61,142.0,158.88435340346317
62,140.0,156.84639943247757
63,141.0,155.1455492089906
64,140.0,154.2383125741029
65,139.0,154.01228112390245
66,139.0,153.94210178660592
67,139.0,153.70833711327646
68,138.0,153.37495826906513
69,137.0,152.87665798220698
70,136.0,152.46410469910143
71,149.0,151.81426427977516
72,156.0,151.48170869317443
73,148.0,151.90270374079518
74,156.0,156.4040671671134
75,152.0,161.1589129613361
