,y_actual,y_predict
0,178.0,186.87817576164935
1,179.0,187.32393601771992
2,171.0,187.6273941713954
3,166.0,185.95300290767182
4,165.0,184.56006452657334
5,167.0,182.30977757218653
6,166.0,179.39363041513292
7,172.0,177.50021213891216
8,166.0,175.8000164727057
9,165.0,173.81421789575518
10,170.0,172.58313735931003
11,160.0,170.58258087748766
12,165.0,168.59907662502567
13,165.0,167.1831140228834
14,155.0,166.47107041786487
15,159.0,165.07836146921522
16,158.0,164.31837323039946
17,161.0,162.6016314358227
18,157.0,160.33963667853112
19,168.0,158.59570039075197
20,164.0,157.0765741627838
21,164.0,156.17794124472812
22,164.0,154.9932398030175
23,162.0,153.62217848071856
24,159.0,153.0342848225829
25,158.0,152.72345109047808
26,152.0,153.2933073093259
27,159.0,153.3025318433725
28,156.0,152.78993251654015
29,153.0,152.04024849388318
30,151.0,151.39268215500584
31,161.0,150.8918783552499
32,158.0,150.44865535214313
33,158.0,150.21625377748038
34,156.0,149.61770500649942
35,161.0,148.58574484360673
36,157.0,148.72194674206764
37,160.0,148.37594236515613
38,159.0,148.33390899092342
39,157.0,148.55147843256907
40,158.0,148.96289130144356
41,159.0,148.29816476499462
42,157.0,148.39891260209436
43,159.0,148.04222612028474
44,159.0,147.8293937839066
45,157.0,147.80253669136428
46,157.0,147.5844409046889
47,157.0,147.50600874724682
48,153.0,147.407366290266
49,151.0,147.30356160318595
50,152.0,147.29248136550893
51,153.0,147.42961448979165
52,152.0,147.2316682705362
53,152.0,146.70775927357803
54,152.0,146.26146592446452
55,153.0,145.61264445513171
56,150.0,145.34507898367548
57,149.0,145.00073461801156
58,144.0,144.76155803809445
59,140.0,144.21096064892396
60,141.0,143.68997354168204
61,142.0,143.05129433619123
62,140.0,141.99742337443303
63,141.0,141.09300066105038
64,140.0,140.2616454346146
65,139.0,139.55332673288336
66,139.0,138.85758632775986
67,139.0,137.88774162638785
68,138.0,136.5514393200903
69,137.0,135.34058932722354
70,136.0,134.54619971710602
71,149.0,133.8022312616308
72,156.0,133.29509107747856
73,148.0,132.48323760919533
74,156.0,131.88686169846528
75,152.0,131.03767822115088
