,y_actual,y_predict
0,204.0,204.47531960243194
1,202.0,203.38649421241183
2,204.0,201.32095971915845
3,206.0,199.13903591682657
4,208.0,198.2235712198471
5,204.0,198.42662065609755
6,206.0,199.04192912632314
7,204.0,199.78222686847306
8,202.0,199.63171403910587
9,204.0,199.44694963357693
10,204.0,198.9010811454833
11,204.0,198.32898816253615
12,206.0,197.81245794894704
13,202.0,197.31409144998912
14,204.0,196.9171991207855
15,204.0,197.537528729193
16,202.0,197.80898696080783
17,204.0,197.80986987235394
18,200.0,197.2644731690559
19,204.0,196.9629218072635
20,202.0,197.1959700167324
21,202.0,196.65854647648027
22,202.0,196.2658934706544
23,202.0,196.09954215172007
24,197.0,196.11226012185335
25,192.0,195.77181347355383
26,179.0,195.03952933314656
27,167.0,193.9672635894526
28,163.0,191.22961773658142
29,162.0,185.8412692288884
30,160.0,177.33538027132838
31,174.0,167.34306591735123
32,173.0,158.9337647870194
33,176.0,156.0412656846614
34,178.0,158.83952914398645
35,179.0,161.77704999541186
36,179.0,166.08658843031748
37,178.0,168.22508781210428
38,178.0,169.48992262980323
39,179.0,170.7329946888587
40,180.0,171.38866771824064
41,179.0,171.51517344129377
42,179.0,171.02295362424445
43,175.0,171.4033671845155
44,177.0,171.9509206183078
45,177.0,172.21299707227263
46,175.0,171.44937294187088
47,167.0,170.08397382509492
48,170.0,169.3811290559341
49,171.0,168.80044284992397
50,171.0,167.26863849595134
51,167.0,164.88034254445125
52,166.0,163.1522217972399
53,165.0,163.01150861205593
54,166.0,162.84968642715953
55,164.0,161.57143944169948
56,163.0,160.13678905670986
57,168.0,159.0278454150481
58,166.0,158.01906168549573
59,167.0,157.39472864610826
60,161.0,157.64939133899918
61,162.0,158.72136053225017
62,161.0,159.57000702260478
63,162.0,158.79369188120094
64,159.0,156.80887302669473
65,158.0,155.03366815688085
66,158.0,154.21516197518332
67,159.0,153.66016782118587
68,158.0,152.81091475037974
69,157.0,151.7380222068859
70,149.0,151.2134918711197
71,144.0,151.77581890879753
72,150.0,151.7488328184883
73,149.0,149.4299296706406
74,147.0,145.28089242320368
75,146.0,141.7181893197587
