,y_actual,y_predict
0,138.0,145.92367115382086
1,140.0,144.61377777408106
2,143.0,143.42657565116315
3,142.0,142.00568480350674
4,141.0,141.2357692073936
5,142.0,141.1661774789767
6,140.0,141.41737833682234
7,140.0,141.2750681352872
8,139.0,141.34306301864564
9,140.0,141.20583279275886
10,141.0,141.1841542920269
11,143.0,140.77772473643338
12,143.0,140.29287847147106
13,143.0,140.23359830602723
14,142.0,140.4120610009265
15,142.0,140.81452896310745
16,141.0,141.3379909189285
17,137.0,141.72721550273315
18,140.0,141.94625499536937
19,139.0,141.8114446493554
20,140.0,141.0309004840369
21,139.0,140.50132483659252
22,137.0,140.0243820686273
23,137.0,139.85649478039753
24,137.0,139.36394191671906
25,137.0,139.12357440229096
26,132.0,138.8416672575321
27,130.0,138.63789722658305
28,129.0,138.43091578467184
29,129.0,137.82342158050946
30,128.0,136.68585751421753
31,125.0,135.85101667894588
32,123.0,135.25724234699967
33,122.0,134.2462878133204
34,120.0,132.67988322909792
35,117.0,131.25021662505983
36,116.0,130.08934374026973
37,115.0,128.97971166411253
38,113.0,127.75829649589777
39,110.0,126.42904801514116
40,103.0,124.93361738526775
41,96.0,123.69605655801557
42,90.0,122.51198511776465
43,90.0,121.0481842277421
44,89.00000000000001,118.89251822017265
45,89.00000000000001,116.47082688318525
46,89.00000000000001,114.00838547797369
