,y_actual,y_predict
0,640.0,658.3058563683837
1,635.0,663.0819720796393
2,635.0,668.7354997305899
3,645.0,672.1254697017013
4,650.0,676.9526239175756
5,655.0,679.8668474746787
6,645.0,681.8622653637087
7,610.0,685.6116815092596
8,620.0,689.6028550421295
9,620.0,691.9204159632527
10,620.0,693.2041469393496
11,620.0,694.9636243294548
12,620.0,695.995390217309
13,600.0,698.6443636636438
14,630.0,699.2471058862034
15,590.0,698.0609860501897
16,645.0,695.7100249311909
17,645.0,693.7817076644097
18,610.0,695.5015176284987
19,610.0,696.1554109406136
20,600.0,698.5472403916194
21,600.0,696.17462543647
22,600.0,691.948149385983
23,600.0,688.1801567258833
24,595.0,684.9483310624655
25,625.0,681.938860648949
26,655.0,681.3965014807509
27,650.0,685.7405912617342
28,715.0,688.199258636803
29,785.0,694.3170490382228
30,755.0,701.8880482737231
31,735.0,710.7856358178751
32,725.0,720.3390306180652
33,790.0,727.0394105383823
34,860.0,729.3075466723124
35,835.0,736.8853385323245
36,835.0,744.4796428497132
37,850.0,763.0774359514585
38,830.0,780.2992910139833
39,825.0,792.6316573340368
40,825.0,806.9748281511306
41,840.0,804.069423747399
42,850.0,802.4812631025766
43,855.0,808.9771887779211
44,865.0,808.729051577525
45,870.0,813.9000401899555
46,900.0,814.6831059527303
47,890.0,816.5167768160936
48,880.0,813.489517982585
49,870.0,816.6275228654538
50,860.0,804.1713506433875
