,y_actual,y_predict
0,640.0,673.7711237208442
1,635.0,678.712664232364
2,635.0,683.847325438566
3,645.0,688.5271810289782
4,650.0,691.6064165749111
5,655.0,693.7715750201105
6,645.0,697.4503628820642
7,610.0,700.4333007788414
8,620.0,703.6762348226762
9,620.0,707.5581634386747
10,620.0,708.2645213312726
11,620.0,710.7327584259576
12,620.0,711.2458830389367
13,600.0,711.2916300515324
14,630.0,709.4850546295916
15,590.0,705.3515362084727
16,645.0,701.6947024091676
17,645.0,700.6747954679747
18,610.0,700.7716560418136
19,610.0,703.1300477666317
20,600.0,702.6811716241727
21,600.0,701.4391346029519
22,600.0,699.5545002915943
23,600.0,694.3095058474667
24,595.0,689.4867049158097
25,625.0,687.403996172557
26,655.0,686.8248217300713
27,650.0,684.9048357486029
28,715.0,691.4426054920724
29,785.0,696.1736497003523
30,755.0,703.7678789611166
31,735.0,715.4185810180129
32,725.0,725.3943194439227
33,790.0,725.6285336404853
34,860.0,730.9405536502372
35,835.0,743.1489264267173
36,835.0,753.6374892391084
37,850.0,774.0262084565989
38,830.0,783.112450826279
39,825.0,797.8267391229125
40,825.0,804.2352988874098
41,840.0,809.8883011419894
42,850.0,821.8487618879465
43,855.0,826.4712366889748
44,865.0,836.741272139311
45,870.0,846.4455307546241
46,900.0,845.3516555100462
47,890.0,856.5036813541681
48,880.0,854.6351466887527
49,870.0,852.4758801885719
50,860.0,848.828691165507
