,y_actual,y_predict
0,1000.0,1031.913109835953
1,995.0,1026.390910456475
2,995.0,1019.8647174759512
3,1000.0,1014.190424099902
4,1000.0,1006.1132476723185
5,1015.0,999.0898937189007
6,985.0,996.2543304035418
7,1005.0,1000.1877709436452
8,1005.0,1006.2308683529033
9,995.0,1009.17790832158
10,1010.0,1010.2512004151906
11,1005.0,1003.8701815062547
12,1005.0,1002.9674876675476
13,1000.0,1005.7696242266309
14,1005.0,1006.1847836373685
15,1005.0,1006.9541493777645
16,1010.0,1005.4170148027379
17,1010.0,1004.1920527496803
18,1010.0,1003.5080538022346
19,1020.0,1004.738050168383
20,1025.0,1006.6521447247084
21,1025.0,1008.8193262896831
22,1005.0,1012.4088637000383
23,1010.0,1016.1392626342079
24,1015.0,1018.1180454071316
25,1010.0,1017.120042458223
26,1015.0,1014.990789660693
27,1015.0,1012.5839820102437
28,1020.0,1011.6118182597087
29,1015.0,1011.6762899467117
30,1010.0,1012.2176319791153
31,1000.0,1013.4839331407436
32,1000.0,1013.9214221659975
33,1005.0,1013.0057094853724
34,1005.0,1010.1250268155911
35,1005.0,1007.9895217259967
36,1010.0,1007.0970408665349
37,1010.0,1007.3372263201306
38,1000.0,1007.083291237233
39,1000.0,1008.1551398002081
40,1000.0,1007.5598548323734
41,1000.0,1006.3115436712885
42,1000.0,1004.4331674761225
43,995.0,1001.3956452028063
44,985.0,1000.0903236036901
45,990.0,999.4213103086529
46,985.0,998.0651132767057
47,990.0,996.2654997218331
48,990.0,993.6360094267422
49,995.0,990.2440642941724
50,990.0,988.3414097181325
