,y_actual,y_predict
0,1000.0,1047.109486140111
1,995.0,1047.3741078607438
2,995.0,1047.257443519205
3,1000.0,1046.036915811818
4,1000.0,1045.1509714395147
5,1015.0,1042.9982567581264
6,985.0,1039.6339371930912
7,1005.0,1036.220248880326
8,1005.0,1033.6424054047493
9,995.0,1029.8914361590255
10,1010.0,1025.522166653899
11,1005.0,1023.6401004335462
12,1005.0,1021.0811175879277
13,1000.0,1018.7293625870856
14,1005.0,1017.3832341813202
15,1005.0,1016.6842856697316
16,1010.0,1017.9933875146993
17,1010.0,1018.9549322929979
18,1010.0,1019.7892208237205
19,1020.0,1019.5980432351962
20,1025.0,1019.2931515208693
21,1025.0,1019.9775745054392
22,1005.0,1020.6649025954129
23,1010.0,1021.7070054052325
24,1015.0,1022.5738906621156
25,1010.0,1023.3861924168478
26,1015.0,1023.9316981329279
27,1015.0,1023.845862192521
28,1020.0,1024.3729493599
29,1015.0,1025.6234483721043
30,1010.0,1027.3004836208663
31,1000.0,1028.5019612348992
32,1000.0,1028.432910849162
33,1005.0,1028.6318970362172
34,1005.0,1028.637274187834
35,1005.0,1027.0946135970937
36,1010.0,1026.0290128151498
37,1010.0,1026.3798809802138
38,1000.0,1026.9169375310437
39,1000.0,1026.761942940102
40,1000.0,1026.0987984993044
41,1000.0,1024.937545768633
42,1000.0,1023.6806095120018
43,995.0,1022.7644547501197
44,985.0,1021.6825375609627
45,990.0,1020.4383224180557
46,985.0,1020.3059145705247
47,990.0,1019.3389836185429
48,990.0,1018.4566616059277
49,995.0,1017.2315642218732
50,990.0,1016.2173215533165
