,y_actual,y_predict
0,605.0,635.6346061834647
1,565.0,635.9246993008884
2,610.0,628.4657596292755
3,570.0,607.3498404020502
4,535.0,613.7816739428165
5,500.0,604.8748495096384
6,466.0,573.8704555490996
7,466.0,548.5625471646481
8,484.0,566.3653315879499
9,555.0,536.2286985934568
10,520.0,495.25615731720393
11,540.0,481.7484701946007
12,560.0,523.209078883939
13,525.0,523.3875721092959
14,525.0,524.0682232227344
15,500.0,537.3153302169014
16,520.0,535.6120477911157
17,510.0,541.5044263519349
18,510.0,540.4555080825419
19,510.0,518.1273501172464
20,496.0,493.84105320278627
21,462.0,508.28528861767177
22,430.0,517.886958704831
23,400.0,498.3200551372597
24,372.0,484.9779987384661
25,346.0,466.10440065478775
26,386.0,436.1343661936867
27,390.0,398.6911246745474
28,364.0,387.3764212198954
29,340.0,393.126094696799
30,318.0,396.4736647900594
31,322.0,392.63569101219457
32,316.0,395.9341057445657
33,300.0,378.77510721485487
34,300.0,344.8297558692568
35,292.0,327.6194296103735
36,294.0,349.52660341549625
37,274.0,326.8165066830747
38,264.0,283.9346618169913
39,262.0,289.40605881927627
40,264.0,304.9189309733876
41,260.0,262.30834531204033
42,286.0,267.0727131864877
43,286.0,267.33326469689865
44,278.0,261.1328677282712
45,260.0,266.90293545065015
46,260.0,280.4539814832026
47,242.0,270.4419549298068
48,226.0,260.01897613492076
49,212.0,270.4787030759146
50,212.0,229.0108774409266
51,226.0,199.81792122865102
52,228.0,232.55044846747973
53,220.0,262.65940002660375
54,206.0,202.4750892667659
55,194.0,207.51057130459395
56,193.0,221.34374423698551
57,187.0,231.84904148079175
58,189.0,188.77782593810346
59,176.0,161.14862106686624
60,164.0,174.0493979222809
61,164.0,205.07538548371843
62,153.0,149.61513020725243
63,146.0,136.81178992302583
