,y_actual,y_predict
0,605.0,619.6625428541927
1,565.0,598.801459337237
2,610.0,565.8451703603237
3,570.0,567.0260021164604
4,535.0,565.5512060045703
5,500.0,551.463832161743
6,466.0,538.4414651217976
7,466.0,551.7235173264793
8,484.0,547.3689777856199
9,555.0,516.2527341757028
10,520.0,489.76898918134685
11,540.0,499.759552215777
12,560.0,488.8483212914605
13,525.0,466.79696727330054
14,525.0,469.4490360996369
15,500.0,485.884201517389
16,520.0,487.0652622177279
17,510.0,499.52186650757073
18,510.0,507.5603263945335
19,510.0,472.06702345949446
20,496.0,467.65448818957066
21,462.0,477.95651940467553
22,430.0,471.0134430536182
23,400.0,469.14149119006515
24,372.0,468.72254411296507
25,346.0,464.47898007089344
26,386.0,460.0411048403968
27,390.0,448.8454419643863
28,364.0,449.8044580081579
29,340.0,451.0629434750929
30,318.0,443.72247202161554
31,322.0,447.5036312143687
32,316.0,443.8664675183078
33,300.0,427.55858467047995
34,300.0,424.7064394244425
35,292.0,448.79747815400435
36,294.0,425.65527785776646
37,274.0,380.07089497693283
38,264.0,379.4067278460599
39,262.0,365.6849154549781
40,264.0,322.42236109603675
41,260.0,289.3118209628238
42,286.0,284.9754343557321
43,286.0,271.0396007617182
44,278.0,280.002238149123
45,260.0,291.28346761992395
46,260.0,266.42279262893067
47,242.0,261.7044685555323
48,226.0,281.57760320515075
49,212.0,265.7524283947637
50,212.0,215.97419098178284
51,226.0,248.06795348963928
52,228.0,271.1103887480862
53,220.0,240.72062931992497
54,206.0,216.84792531019764
55,194.0,242.1699137630905
56,193.0,265.6148199209879
57,187.0,237.41364478979955
58,189.0,174.4593017033901
59,176.0,143.85573700830574
60,164.0,178.4689888362574
61,164.0,151.53598247110585
62,153.0,111.19665923219682
63,146.0,115.80397398550488
