,y_actual,y_predict
0,605.0,583.2628498222472
1,565.0,583.2344191149433
2,610.0,582.9386440186807
3,570.0,575.7283585638751
4,535.0,578.0963284482661
5,500.0,584.6501892488586
6,466.0,578.4542514888985
7,466.0,583.993681342208
8,484.0,585.865695645089
9,555.0,585.2625109244651
10,520.0,564.4337501662523
11,540.0,556.6032964936339
12,560.0,556.2738249734145
13,525.0,538.6931996787813
14,525.0,524.8894877026039
15,500.0,522.8020160922492
16,520.0,519.9282668387584
17,510.0,517.995311751847
18,510.0,514.2174618434726
19,510.0,497.34860326068133
20,496.0,487.40776274436894
21,462.0,477.15487128032134
22,430.0,476.56622451654357
23,400.0,466.69186107133544
24,372.0,463.47315534430606
25,346.0,478.3809299229669
26,386.0,469.3202966120616
27,390.0,471.5431366853037
28,364.0,473.8974323568847
29,340.0,476.6887512909928
30,318.0,461.7069340759971
31,322.0,454.90334718346844
32,316.0,450.23727702260646
33,300.0,443.8693293208365
34,300.0,431.18020097389376
35,292.0,424.8649104386529
36,294.0,417.9432195574013
37,274.0,400.66291702341266
38,264.0,389.32934648518017
39,262.0,374.53080951068046
40,264.0,357.7217886171268
41,260.0,350.206065580066
42,286.0,343.66177360647436
43,286.0,335.58208294998826
44,278.0,322.4979465040984
45,260.0,316.8880408610605
46,260.0,318.1444079437145
47,242.0,302.67094833890627
48,226.0,293.3386893174183
49,212.0,295.74966038644254
50,212.0,293.41563538250045
51,226.0,283.8330157944473
52,228.0,277.26875624412094
53,220.0,273.8368904565568
54,206.0,257.1613778542467
55,194.0,256.5507108208295
56,193.0,249.69722449875408
57,187.0,251.6717433649376
58,189.0,248.080628673203
59,176.0,249.98377418431943
60,164.0,250.61239772778524
61,164.0,242.60416367880345
62,153.0,253.52576473482867
63,146.0,249.80537982123164
