,y_actual,y_predict
0,605.0,469.5940618452394
1,565.0,464.3331218009189
2,610.0,459.2845483173411
3,570.0,460.4040334338159
4,535.0,460.3837198391391
5,500.0,454.45764485436325
6,466.0,456.36234614539984
7,466.0,459.35187872592667
8,484.0,461.31092304534565
9,555.0,447.56542533588043
10,520.0,445.8565545902477
11,540.0,431.03021130172317
12,560.0,426.77476297424124
13,525.0,429.5003645157346
14,525.0,425.6899524978603
15,500.0,419.59011927009317
16,520.0,405.5438096919148
17,510.0,420.0213981144535
18,510.0,426.6615188465398
19,510.0,419.747268651863
20,496.0,415.46502344615726
21,462.0,420.0374450217239
22,430.0,422.5502845533978
23,400.0,415.32284909652884
24,372.0,411.4811341622674
25,346.0,410.0678095686949
26,386.0,410.9079203190355
27,390.0,410.9464349777952
28,364.0,406.6795706598622
29,340.0,395.6041034900593
30,318.0,385.3840551124871
31,322.0,381.1898285460112
32,316.0,359.9323593624365
33,300.0,350.3247757505973
34,300.0,343.45704025356736
35,292.0,333.6021214557228
36,294.0,326.1362015875783
37,274.0,316.72531226517896
38,264.0,307.2174255607183
39,262.0,297.76701002992684
40,264.0,305.1097171040273
41,260.0,309.61026158224075
42,286.0,308.99148150125694
43,286.0,302.7244438834943
44,278.0,294.20597808604674
45,260.0,288.9831702596025
46,260.0,284.4966105648145
47,242.0,270.6380664521862
48,226.0,260.30582240729365
49,212.0,258.5990693955322
50,212.0,258.17812946321664
51,226.0,251.65368278934253
52,228.0,237.68709782633783
53,220.0,226.7774382917735
54,206.0,220.77198210812736
55,194.0,222.09614334145851
56,193.0,219.75252999822578
57,187.0,212.5418490943434
58,189.0,202.89697099227726
59,176.0,204.41180111990593
60,164.0,209.11073518035266
61,164.0,221.94225121129418
62,153.0,222.2048450080552
63,146.0,206.57534464475225
