,y_actual,y_predict
0,575.0,573.2632245215668
1,580.0,572.4728075577015
2,580.0,570.94906647836
3,580.0,569.8603161268114
4,580.0,571.4214514422732
5,575.0,573.720673729569
6,580.0,575.1762846826143
7,570.0,574.4416837442915
8,570.0,572.7071747533893
9,565.0,571.4327234625247
10,560.0,571.5961194913898
11,560.0,572.1432336934942
12,560.0,570.1932904642358
13,560.0,566.1779700061917
14,560.0,561.0168765515278
15,560.0,558.5975034792746
16,565.0,558.508691894257
17,560.0,558.3361145877055
18,560.0,557.9205592097389
19,560.0,558.0002970159009
20,560.0,557.0289463567846
21,560.0,556.4198711449561
22,550.0,555.4099657011182
23,555.0,555.6981371585163
24,560.0,555.505205277443
25,555.0,553.3053404298454
26,555.0,552.1503686047097
27,560.0,551.8036958448544
28,555.0,552.980478963361
29,555.0,552.8743227710822
30,550.0,551.7730082194597
31,550.0,553.268066855678
32,545.0,555.0531266232704
33,550.0,554.0704030266329
34,545.0,551.5557903780549
35,520.0,549.0937556269752
36,530.0,548.2163984352885
37,540.0,546.4142046703889
38,540.0,540.8317596763135
39,520.0,535.2711566895605
40,520.0,531.654869697355
41,515.0,532.1170356907874
42,520.0,531.2371467919442
43,520.0,528.8570129867633
44,520.0,525.9736574102236
45,505.0,524.1823144456673
46,500.0,523.9010360765585
