,y_actual,y_predict
0,52.0,34.77582664973039
1,51.0,34.31073983180491
2,51.0,33.64399144565837
3,50.0,33.39672288124291
4,51.0,32.77589036909782
5,50.0,33.07462272812498
6,50.0,32.73242175772103
7,50.0,32.63958021688762
8,50.0,32.33515737826235
9,50.0,32.59630168416129
10,50.0,32.513973868681376
11,50.0,32.65023650122896
12,50.0,32.54837810441438
13,50.0,32.254112593673
14,50.0,32.28302830837404
15,50.0,31.683627164068156
16,50.0,31.47230722442069
17,50.0,31.92987405573743
18,50.0,31.933770668071816
19,50.0,31.63376715806973
20,50.0,31.525030290091678
21,50.0,31.685337871922286
22,50.0,31.825318918069485
23,50.0,31.50804201070693
24,50.0,31.637806329391964
25,50.0,31.592104293872296
26,50.0,31.162550303666933
27,50.0,31.660663287109628
28,50.0,31.38678371162993
29,50.0,31.299905888454646
30,50.0,31.395372890647536
31,50.0,31.437130794170173
32,50.0,31.379465683587284
33,50.0,31.34704539376841
34,50.0,31.385286842257585
35,50.0,31.42624879143142
36,50.0,31.423409491590206
37,50.0,31.405387659543578
38,50.0,31.37463055791622
39,50.0,31.402037523329255
40,50.0,31.454154713301904
41,50.0,31.39743999597127
42,50.0,31.391678236879244
43,50.0,31.369914231401737
44,50.0,31.33722070352283
45,50.0,31.466212827690356
46,50.0,31.45044817961795
47,50.0,31.428030778779487
48,50.0,31.397238037405174
49,50.0,31.459286836864266
50,50.0,31.52284438561142
51,50.0,31.4642051219449
52,50.0,31.41419067704294
53,50.0,31.413489762019395
54,50.0,31.3957411680328
55,50.0,31.43609724150832
56,50.0,31.398877465765366
57,50.0,31.33157774358733
58,50.0,31.35405454400407
59,50.0,31.392628630131554
60,50.0,31.40506690182093
61,50.0,31.36752636835533
62,50.0,31.386154076100297
63,50.0,31.423587690325007
64,50.0,31.38822118142403
65,50.0,31.394066099925624
66,50.0,31.380154718695195
67,50.0,31.33686430605323
68,50.0,31.429955325115372
69,50.0,31.399459581632414
70,50.0,31.377244139360045
71,50.0,31.365376103622026
72,50.0,31.420772150315088
73,50.0,31.452467765279067
74,50.0,31.41821796844954
75,50.0,31.39113176075918
76,50.0,31.392616750215893
77,50.0,31.402429560545812
78,50.0,31.426118112359234
79,50.0,31.41985739680976
80,50.0,31.363297118382633
81,50.0,31.323558800521113
82,50.0,31.392818708781988
83,50.0,31.35506433683463
84,50.0,31.390086328181667
85,50.0,31.356252328400018
86,50.0,31.378455890756726
87,50.0,31.369736032666935
88,50.0,31.375806669565947
