,y_actual,y_predict
0,52.0,56.91805300191804
1,51.0,56.30156853890219
2,51.0,56.31941217221399
3,50.0,56.93940121034768
4,51.0,56.717318067117986
5,50.0,56.73393806911747
6,50.0,56.698547800385185
7,50.0,56.63968281832126
8,50.0,56.55857863415366
9,50.0,56.46694884471691
10,50.0,56.6767243953294
11,50.0,56.854519213002206
12,50.0,56.40593359791967
13,50.0,55.99844061108317
14,50.0,56.071561491931504
15,50.0,55.992845170810284
16,50.0,56.00278866021242
17,50.0,56.034840672646
18,50.0,55.586136258406924
19,50.0,55.492997719682165
20,50.0,55.56354065883363
21,50.0,55.64238765902704
22,50.0,55.32954196020333
23,50.0,55.33836873753401
24,50.0,55.4390391427832
25,50.0,55.28621590781438
26,50.0,55.356343049917996
27,50.0,55.70004088969429
28,50.0,55.5484769257848
29,50.0,55.6261715741598
30,50.0,55.644264685700335
31,50.0,55.463927566077615
32,50.0,55.535040741180495
33,50.0,55.55858673400607
34,50.0,55.53646633105893
35,50.0,55.475142206454706
36,50.0,55.428050220803556
37,50.0,55.41792853266662
38,50.0,55.401130331932336
39,50.0,55.398291032091095
40,50.0,55.35686576620677
41,50.0,55.32278228819638
42,50.0,55.33100318982872
43,50.0,55.35381262788377
44,50.0,55.355392656665714
45,50.0,55.395380452755944
46,50.0,55.332678257935896
47,50.0,55.31064101439833
48,50.0,55.3517574024757
49,50.0,55.378035775901594
50,50.0,55.32486127343577
51,50.0,55.29998473005699
52,50.0,55.34784891022562
53,50.0,55.38764662766542
54,50.0,55.35766172055557
55,50.0,55.37251161512265
56,50.0,55.381029514646315
57,50.0,55.380696877008035
58,50.0,55.39184023789116
59,50.0,55.390260209109215
60,50.0,55.38481920773984
61,50.0,55.39766139656146
62,50.0,55.41843936903973
63,50.0,55.37771501817895
64,50.0,55.360097103264565
65,50.0,55.3806255975141
66,50.0,55.3809819949837
67,50.0,55.37188197959301
68,50.0,55.395226013852465
69,50.0,55.34603128313063
70,50.0,55.34373845940945
71,50.0,55.35353938982374
72,50.0,55.36414815450246
73,50.0,55.33175162451491
74,50.0,55.310700413976605
75,50.0,55.364718390453845
76,50.0,55.39295694996261
77,50.0,55.36271068470836
78,50.0,55.35971694596364
79,50.0,55.33870137517229
80,50.0,55.3396517684246
81,50.0,55.35896851127745
82,50.0,55.386755633991385
83,50.0,55.37902180890086
84,50.0,55.38952365433869
85,50.0,55.37221461723129
86,50.0,55.36405311517723
87,50.0,55.36167713204651
88,50.0,55.36938719730574
