,y_actual,y_predict
0,142.0,161.96503718002486
1,128.0,159.84388498647635
2,124.0,155.37680852433743
3,124.0,151.03664475372958
4,120.0,145.32284141419402
5,116.0,140.60066731358083
6,110.0,135.93793465435851
7,103.0,132.37014463052512
8,113.0,130.0449622964832
9,116.0,127.07968949356913
10,117.0,124.29310600613445
11,118.0,122.83504916210867
12,119.0,121.91751315846386
13,117.0,123.06726705980898
14,114.0,125.4771586619944
15,125.0,126.9410032253135
16,124.0,128.36649241645088
17,124.0,129.0868601161699
18,122.0,129.38131424583875
19,122.0,130.10380932346015
20,125.0,131.43889538206818
21,124.0,133.73994657657
22,123.0,134.2109522154928
23,123.0,134.15267874628364
24,122.0,133.72538863759078
25,124.0,133.13409229227435
26,124.0,132.74409386681197
27,123.0,132.05682566445694
28,120.0,131.47170288638674
29,118.0,131.17648748913513
30,118.0,130.4405815880701
31,119.0,129.69684401639375
32,119.0,129.0220585167308
33,121.0,127.57826761863885
34,118.0,127.01915307825792
35,118.0,126.90615176967694
36,115.0,127.36281846440457
37,116.0,128.34588605010205
38,117.0,128.61290326182365
39,117.0,128.93579542845268
40,115.0,127.81652351538571
41,114.0,126.7608226596378
42,120.0,126.23663257315476
43,117.0,125.19539580147864
44,118.0,124.38623093098013
45,118.0,124.61183727186611
46,117.0,124.63350732716614
47,116.0,125.52935241886482
48,116.0,126.15326855868483
49,119.0,126.15497880366522
50,118.0,126.09738317545438
51,116.0,125.88695004460766
52,116.0,125.5844661061895
53,116.0,125.32821092385655
54,114.0,125.12794540798458
55,116.0,125.04143203995324
56,114.0,124.75810493097984
57,113.0,124.37563575476028
58,120.0,124.4892210494321
59,118.0,123.97847307136183
60,119.0,124.13930909777787
61,115.0,124.70791341213524
62,119.0,125.14876034079444
63,115.0,125.6884677719774
64,117.0,126.15398811297536
65,117.0,125.99363178941968
66,116.0,125.49004806928548
67,116.0,125.27578774387902
68,113.0,124.92218416586473
69,111.0,124.25288396412662
70,112.00000000000003,123.90133476575338
71,111.0,123.23936567512013
72,115.0,122.12117830765047
73,115.0,121.50886889138624
74,110.0,121.09458290153799
75,109.0,121.12521088633886
76,103.0,121.05174335044435
77,106.0,120.61305508465671
78,106.0,119.87923484820189
79,101.00000000000003,118.32965904108028
80,103.99999999999997,116.65247184478324
81,107.0,115.22036066850845
