,y_actual,y_predict
0,142.0,144.4342092532917
1,145.0,143.87592389291288
2,143.0,143.15597883691922
3,141.0,142.5893203935805
4,141.0,142.6749874703726
5,142.0,143.15252883754528
6,145.0,143.63073896687558
7,143.0,143.84369226811356
8,142.0,143.32513725415956
9,143.0,142.67434356086272
10,142.0,143.0353553814018
11,140.0,143.30404187488355
12,142.0,144.02121021232415
13,144.0,143.90564540028953
14,143.0,143.36965964293677
15,144.0,143.21453619367998
16,147.0,143.0442051833322
17,146.0,143.13019760387667
18,147.0,143.5420466450529
19,149.0,144.3481648681201
20,148.0,145.33629710530894
21,149.0,146.10240708416288
22,148.0,146.56784295255002
23,148.0,146.93546557739043
24,148.0,147.13542094385548
25,148.0,147.45109249757323
26,148.0,147.99799986394606
27,149.0,147.9828148961712
28,150.0,148.2597479500425
29,150.0,148.28613016529428
30,149.0,148.02229219745527
31,148.0,147.83828771218208
32,146.0,147.82114390389825
33,148.0,147.94696834079014
34,146.0,147.57278009828065
35,146.0,147.34231923636904
36,144.0,146.74101394273606
37,146.0,146.17943221753305
38,146.0,145.60281012177842
39,147.0,145.06709096555608
40,145.0,144.62463249967902
41,146.0,144.30985112261703
42,146.0,144.00958595117226
43,145.0,144.3801547444368
44,145.0,144.9183297941231
45,146.0,145.15107935895927
46,145.0,144.95449943392492
47,144.0,144.41632890290182
48,145.0,144.27871075498706
49,143.0,144.17699112708047
50,144.0,143.92178832466857
51,145.0,143.74449857295093
52,145.0,143.55028642744762
53,142.0,143.38188714562943
54,142.0,143.32814894320046
55,145.0,143.0995610671965
56,145.0,142.78410866864527
57,145.0,142.67762636969724
58,140.0,142.94984419849104
59,141.0,143.20525711874302
60,139.0,143.2150061346556
61,137.0,142.93223270856316
62,136.0,142.33765570447542
63,138.0,141.0931525904305
