,y_actual,y_predict
0,82.0,85.90805213665634
1,83.0,82.59892566618188
2,87.0,79.70654092758787
3,87.0,79.49476490760014
4,84.0,81.12999356651126
5,79.0,82.6362952780763
6,74.0,83.01167499449711
7,69.0,81.8995762443499
8,73.0,79.59620053912141
9,70.0,77.72342833385656
10,69.0,74.68481623246726
11,71.0,71.00249380993819
12,67.0,71.18062467504869
13,63.0,70.42054516811247
14,59.0,70.05709353885347
15,68.0,69.10221242574532
16,64.0,68.43999592969035
17,69.0,68.40035323791373
18,76.0,67.12141756965421
19,90.0,70.37935731790904
20,106.0,70.15313451320831
21,110.0,73.5218701590612
22,111.0,82.1084093180854
23,104.0,95.00842345922882
24,102.0,106.92649835169189
25,107.0,111.84140615545225
26,105.0,107.35931464356445
27,105.0,102.57639954223686
28,106.0,100.52488912635272
29,105.0,100.69606901143051
30,103.0,100.23669251798745
31,100.0,100.22782348724866
32,97.0,99.34788925650406
33,100.0,98.46663092323476
34,96.0,96.43543085568902
35,96.0,94.37962882926108
36,93.0,92.39172445809636
37,93.0,92.0984435639828
38,87.0,90.09960250788387
39,87.0,88.8938341103316
40,84.0,87.6235173893661
41,79.0,86.5527092022657
42,78.0,84.48560429728794
43,75.0,82.22622541524107
44,78.0,79.72453800406188
45,75.0,77.57530748212207
46,76.0,75.65147359635999
47,72.0,73.97827244582146
48,69.0,74.04553596092109
49,67.0,73.22878575908284
50,68.0,72.34066799418474
51,67.0,70.88662479103132
52,63.0,69.67123264663005
53,59.0,68.20835613894423
54,59.999999999999986,67.9874654705487
55,56.0,67.17379665401245
56,53.0,66.58534584262192
57,50.0,64.27205164934162
58,51.0,62.58648476561288
59,50.0,61.99168362103475
60,51.0,61.25936337647134
61,51.0,63.35966239297052
62,59.0,62.33961221361294
63,61.0,63.639246752705475
