,y_actual,y_predict
0,82.0,83.3577770847731
1,83.0,84.27974989601103
2,87.0,84.69530373152865
3,87.0,84.08287170409211
4,84.0,87.20237240254686
5,79.0,85.76042698603565
6,74.0,86.5678749768825
7,69.0,86.10413095470705
8,73.0,80.98329729725697
9,70.0,79.28038534032103
10,69.0,76.0145947582098
11,71.0,74.74953425536089
12,67.0,72.82785287353441
13,63.0,72.12643579750701
14,59.0,71.93366165354831
15,68.0,69.54147506498518
16,64.0,70.54898981167214
17,69.0,72.95296158257148
18,76.0,71.35370921350518
19,90.0,68.1632518033642
20,106.0,71.43057414657483
21,110.0,84.7613078978527
22,111.0,105.97999503398457
23,104.0,110.47735056755678
24,102.0,105.02629735146343
25,107.0,103.3633027315158
26,105.0,105.00102329332333
27,105.0,108.5282604867578
28,106.0,105.16888733986961
29,105.0,103.95214653117674
30,103.0,107.2809067849559
31,100.0,106.44492248674703
32,97.0,104.90740053656417
33,100.0,104.05261085646148
34,96.0,104.4312840825348
35,96.0,103.5187251266833
36,93.0,100.38178334084164
37,93.0,98.52224322927219
38,87.0,96.26982649169753
39,87.0,95.72009842226882
40,84.0,93.174257885755
41,79.0,90.6744237715328
42,78.0,89.4333444847299
43,75.0,86.32433389362936
44,78.0,82.34066538589194
45,75.0,81.58398880011532
46,76.0,80.75659665454566
47,72.0,79.9542396481108
48,69.0,79.13026382102814
49,67.0,77.27603798266071
50,68.0,75.86787169430072
51,67.0,75.99535619606338
52,63.0,75.99117622991459
53,59.0,75.62299980985918
54,59.999999999999986,72.04171556480517
55,56.0,67.6166765716503
56,53.0,66.12394635274146
57,50.0,64.61723378980282
58,51.0,64.9490677263978
59,50.0,62.4469605322934
60,51.0,60.4867216422097
61,51.0,57.132334534002226
62,59.0,51.47015953407586
63,61.0,49.753274164661704
