,y_actual,y_predict
0,64.0,66.29445337109026
1,65.0,65.95370533850634
2,64.0,65.62901971044369
3,64.0,65.0494011174608
4,64.0,64.67284200175416
5,63.0,64.11246367008397
6,64.0,63.167675105630984
7,64.0,63.00774652751212
8,64.0,63.24381731051249
9,65.0,63.38019552224024
10,64.0,63.66117616743588
11,63.0,63.6146097205325
12,65.0,64.00863212440547
13,64.0,63.66904917331898
14,66.0,63.9782922480755
15,67.0,63.82490842323592
16,66.0,63.54064147215985
17,67.0,63.734327565330844
18,68.0,64.51106879417652
19,72.0,65.40745225194196
20,73.0,65.64873456088897
21,71.0,65.83473071819867
22,70.0,66.99884313844058
23,72.0,67.40920852154213
24,71.0,68.903661841607
25,72.0,68.76952325280897
26,72.0,68.96459033070963
27,69.0,69.12664809277766
28,69.0,69.64615653955428
29,70.0,68.89786429260148
30,69.0,68.15114853722226
31,68.0,68.09536789753695
32,66.0,68.63337089377116
33,64.0,69.57430454083578
34,64.0,68.12492077176235
35,65.0,66.70123197468864
36,66.0,65.6109077176349
37,67.0,65.28203635271515
38,67.0,65.50785720438637
39,67.0,65.23115880578757
40,66.0,65.51710124554141
41,65.0,66.22737313228777
42,65.0,67.24928491815211
43,65.0,67.1130678876392
44,65.0,66.3347446950182
45,65.0,65.27175856290441
46,63.0,64.43234967974905
47,63.0,63.89861102108781
48,59.0,63.5955326303262
49,59.0,63.672337469090955
50,57.0,63.00963891436788
51,60.0,62.14452859206527
52,60.0,60.14647352073191
