,y_actual,y_predict
0,640.0,686.0278000148637
1,630.0,688.3566148133644
2,630.0,696.4802943711304
3,635.0,689.6324922747199
4,650.0,682.8451982025807
5,640.0,678.5544351457831
6,630.0,671.769771857308
7,625.0,665.7971863867539
8,620.0,667.5062637192692
9,620.0,665.708280931961
10,620.0,665.7556951701106
11,625.0,649.4017817996627
12,620.0,636.1940150964398
13,605.0,639.0107124836874
14,595.0,640.2281790311778
15,630.0,641.3051767640613
16,630.0,641.9736964757016
17,660.0,637.8759126754438
18,680.0,637.6853387068254
19,675.0,636.4236900268297
20,670.0,638.5820901761027
21,670.0,640.9207065228829
22,665.0,639.5779695738388
23,670.0,642.6468613996399
24,665.0,643.1496116743506
25,660.0,648.0963268133994
26,660.0,655.1387843513701
27,650.0,663.8217985821966
28,655.0,657.7616004991073
29,675.0,659.201511080174
30,670.0,659.017040529656
31,650.0,662.5153514146657
32,650.0,664.8572449662388
33,660.0,662.2721768058173
34,665.0,661.8964407664033
35,630.0,659.9077186469319
36,645.0,663.8892819414399
37,650.0,661.4311077519191
38,635.0,660.3822669207648
39,640.0,654.8838238317069
40,640.0,654.7025102215856
41,640.0,656.7458474099211
42,640.0,655.0821849199708
43,625.0,651.851898274647
44,625.0,645.6038622379498
45,615.0,650.2490745360573
46,615.0,650.2928658092753
47,625.0,642.6956887444434
48,615.0,643.8455216021953
49,615.0,646.6417439760123
50,605.0,649.8172501889273
51,610.0,644.8795097804352
52,615.0,643.5583903565841
53,610.0,645.9181281379238
54,620.0,641.0859197369807
55,615.0,637.810984934617
56,610.0,634.8729558047867
57,605.0,632.1598361286523
58,605.0,626.7759599098981
59,575.0,626.749967767298
60,575.0,626.9097390174737
61,570.0,622.674643343006
62,570.0,620.5239250820316
63,595.0,618.6514685674586
