,y_actual,y_predict
0,129.0,129.94161365514464
1,130.0,129.71307083031226
2,131.0,129.66348048255637
3,132.0,129.9431060913991
4,131.0,130.2672359049115
5,132.0,130.7755641293048
6,132.0,130.775515241493
7,133.0,130.48380438450886
8,135.0,130.80199523421814
9,135.0,131.3567714064648
10,134.0,132.51618388700874
11,131.0,133.37126362815968
12,130.0,133.35968129074888
13,130.0,132.82204731284227
14,130.0,131.92638774558043
15,131.0,130.6829063353481
16,131.0,130.8217074336643
17,130.0,131.3299754536227
18,129.0,131.50425280736394
19,128.0,131.76956650930404
20,130.0,130.85044396103567
21,130.0,130.08109375084686
22,129.0,129.9000368345386
23,129.0,130.06509747776195
24,129.0,130.18906565184795
25,129.0,130.1918332451934
26,129.0,130.0513944051821
27,129.0,129.8112407250487
28,129.0,129.63412968888312
29,129.0,129.7947017067199
30,130.0,129.78290978544925
31,130.0,129.76422196672615
32,130.0,129.9659493741247
33,128.0,130.32720314338553
34,130.0,130.3585216714835
35,130.0,130.08856136409835
36,130.0,130.07321919182866
37,130.0,129.9683054950542
38,129.0,130.2724664481085
39,128.0,130.3709523029619
40,128.0,130.45362159270525
41,129.0,129.96536045705855
42,129.0,129.38044268551639
43,128.0,129.4067117363869
44,129.0,129.4361476310659
45,128.0,129.38157072650702
46,128.0,129.50984962866445
47,129.0,129.04857547045776
48,129.0,128.3491737603176
49,127.0,128.65666270589327
50,128.0,129.05139195161502
51,127.0,128.97707432971978
52,128.0,129.11892865294845
53,128.0,128.49444298773307
54,128.0,128.37657175750863
55,127.0,128.4160024937099
56,128.0,128.71591654444708
57,128.0,128.88505841462535
58,127.0,128.50479815053487
59,127.0,128.4725421533793
60,127.0,128.22486110822442
61,128.0,128.24665239766657
62,128.0,128.20734659698434
63,128.0,128.12136289466736
64,128.0,128.15562872408557
