,y_actual,y_predict
0,400.0,423.8691499739972
1,408.0,412.4895264392166
2,400.0,408.59726229372336
3,396.0,403.98288086937026
4,400.0,403.2489200655601
5,406.0,397.9951233911349
6,396.0,398.18223307238355
7,392.0,397.25749244556255
8,388.0,388.1510601501925
9,380.0,389.4885904023242
10,370.0,389.9711352373229
11,372.0,388.37451098974867
12,365.99999999999994,386.38540673569486
13,382.0,386.3895722340139
14,396.0,383.29289575124506
15,398.0,384.1105718131638
16,408.0,381.05097952353776
17,408.0,373.07215888122823
18,408.0,368.2887482899517
19,418.0,362.64803311220794
20,420.0,361.49299671886337
21,418.0,368.9165001447306
22,418.0,371.3515829134044
23,418.0,377.99793945018655
24,420.0,387.2617600333939
25,408.0,392.3545207944268
26,416.0,399.1527041158851
27,412.0,403.1914136725506
28,416.0,404.7184178076795
29,424.0,407.294294419536
30,408.0,409.545014484231
31,410.0,406.09780568886544
32,420.0,402.8085255703083
33,416.0,402.9740422089195
34,412.0,396.7126452654356
35,416.0,396.40595200812055
36,416.0,399.87270487127483
37,420.0,398.57671702129767
38,430.0,403.32808704982847
39,430.0,404.4686905544029
40,430.0,400.6024776605588
41,434.0,400.92671104322795
42,426.0,403.5160523469481
43,424.0,404.1481273134959
44,424.0,405.0894398687644
45,418.0,408.5478167028663
46,416.0,408.6268936223062
47,414.0,410.64321997077997
48,420.0,413.668632657983
49,414.0,414.47086260181067
50,416.0,412.1652705403403
51,416.0,411.32399749334957
52,432.0,407.89799896510027
53,418.0,404.3253073474003
54,416.0,402.1912662680519
55,422.0,400.48028220446537
56,420.0,401.3785212554946
57,418.0,401.85163179970596
58,418.0,400.82401462250897
59,416.0,403.53762287337844
60,416.0,401.3370689181686
61,416.0,404.4403876820407
62,410.0,406.305022343081
63,408.0,401.3232889994052
64,406.0,400.88523618969487
65,408.0,402.3534054755936
66,410.0,402.0373454761126
67,408.0,401.3415271271803
68,414.0,402.0659410591674
69,408.0,397.741185607125
70,410.0,397.166842195658
71,406.0,395.52493785554566
72,406.0,396.99634947527113
73,404.0,394.57772605400913
74,400.0,395.4176030961579
75,400.0,396.24180885814434
76,398.0,395.5779860395435
77,400.0,396.2264528048818
78,380.0,392.9027003732089
79,380.0,390.6805984077759
80,380.0,389.03873910007786
81,388.0,385.68195539254555
82,386.0,382.0293087233277
83,388.0,379.64846749762955
84,382.0,378.01482660553387
