,y_actual,y_predict
0,400.0,439.06644146005
1,408.0,439.5541199902744
2,400.0,444.07183933741925
3,396.0,438.38219644158244
4,400.0,434.0483219256524
5,406.0,426.39738229156706
6,396.0,423.9378469219502
7,392.0,423.2515529286339
8,388.0,423.76127482563834
9,380.0,424.900369744335
10,370.0,420.6416768440114
11,372.0,420.0136998271612
12,365.99999999999994,412.13656237624986
13,382.0,407.07228461723616
14,396.0,404.86004475052596
15,398.0,403.6653573164258
16,408.0,404.57685841345443
17,408.0,402.48523786833863
18,408.0,403.8293653691593
19,418.0,406.76752775373427
20,420.0,410.19965069032287
21,418.0,406.70772470759755
22,418.0,407.2253272770974
23,418.0,410.61457935531087
24,420.0,414.1595760382412
25,408.0,414.36300996965895
26,416.0,416.7838399792196
27,412.0,421.6803719951163
28,416.0,426.5116070103365
29,424.0,428.3763767686196
30,408.0,429.4345034064775
31,410.0,432.17060534826965
32,420.0,430.1550445508383
33,416.0,431.86359686405484
34,412.0,428.8360001047603
35,416.0,428.9023328509646
36,416.0,428.27413067204316
37,420.0,427.18851174527975
38,430.0,426.82602332669705
39,430.0,428.1266044829287
40,430.0,433.2450112038824
41,434.0,436.36283040514616
42,426.0,435.19185253715364
43,424.0,431.0046711106743
44,424.0,431.91297490629046
45,418.0,434.9375094614154
46,416.0,437.3925190733991
47,414.0,436.95232722401147
48,420.0,434.9002226224085
49,414.0,434.91821307190514
50,416.0,436.9562000116378
51,416.0,438.4843975057446
52,432.0,437.13166881380033
53,418.0,436.2961599158348
54,416.0,438.1309155700138
55,422.0,436.318743671586
56,420.0,433.71422644426036
57,418.0,431.1287804443737
58,418.0,434.6361075127759
59,416.0,434.38685309984896
60,416.0,436.96561178621806
61,416.0,432.43600388170864
62,410.0,431.25536656085745
63,408.0,432.51956152636734
64,406.0,431.1125687752403
65,408.0,430.84228422485415
66,410.0,429.37341693653434
67,408.0,430.0162546500902
68,414.0,430.0439946172741
69,408.0,427.9201758959627
70,410.0,426.3038949995641
71,406.0,426.83176495951517
72,406.0,426.136306869897
73,404.0,425.70480627646145
74,400.0,425.321715528355
75,400.0,424.57764494754355
76,398.0,425.7225265314726
77,400.0,421.71804160964444
78,380.0,421.4405068405625
79,380.0,421.30705328090414
80,380.0,419.51886114306956
81,388.0,415.266427748328
82,386.0,410.3663381717048
83,388.0,408.2481485021758
84,382.0,409.86591546824496
