,y_actual,y_predict
0,177.0,182.05077982253616
1,180.0,181.52411141039815
2,179.0,184.59740263254918
3,191.0,184.48408591555872
4,190.0,184.56830542814038
5,188.0,185.13823622722802
6,185.0,184.76552701642152
7,185.0,183.23747237747853
8,185.0,177.39720192603244
9,178.0,175.20792466137786
10,182.0,177.09717327232337
11,184.0,179.01335770755344
12,188.0,181.40942703151487
13,187.0,178.93523812512498
14,187.0,179.02039998046746
15,180.0,178.26642774285426
16,185.0,181.8244056909257
17,185.0,184.48553737638832
18,181.0,183.218002564128
19,180.0,184.2181887269137
20,184.0,184.43493704857792
21,182.0,182.9811108753949
22,181.0,181.803214046591
23,188.0,181.12536602804352
24,183.0,180.59494405598232
25,183.0,182.97058066937618
26,186.0,182.67167302408564
27,184.0,184.69945076420998
28,184.0,184.2725868857837
29,183.0,182.0764776361131
30,184.0,182.40366821312483
31,185.0,181.98287738594752
32,186.0,182.63057043614825
33,185.0,181.69011552305858
34,186.0,181.21837494231556
35,186.0,182.06179226771943
36,186.0,182.61367467315785
37,189.0,182.66989427306896
38,185.0,182.72732816700744
39,186.0,182.91543306341111
40,186.0,182.62095253176207
41,185.0,182.42142568216332
42,187.0,182.17726404038606
43,182.0,181.72521937201174
44,183.0,183.06457303532144
45,184.0,183.8286406731493
46,186.0,183.43988317539234
47,184.0,183.01792074421203
48,180.0,182.83046568484644
49,181.0,183.65170475201836
50,180.0,183.808982707469
51,184.0,183.2135137871179
52,182.0,181.1917458537619
53,182.0,181.92527747524747
54,182.0,182.1778016184711
55,183.0,181.48602716529706
56,183.0,181.4552919288409
57,183.0,180.82273960729412
58,180.0,181.47201693173372
59,181.0,181.6908301856893
60,170.0,181.05976252832443
61,173.0,181.04068324964155
62,165.0,180.16215733194852
63,175.0,179.56599430342294
64,165.0,176.77530629946557
65,177.0,176.74129025557863
66,174.0,176.31467144951466
67,172.0,177.0155752434623
68,170.0,177.69469763829375
