,y_actual,y_predict
0,177.0,176.74888591769786
1,180.0,176.23890772398832
2,179.0,179.5406269422571
3,191.0,180.89512291533276
4,190.0,181.0859947577624
5,188.0,181.1927925499157
6,185.0,182.10065441993177
7,185.0,185.0936615173061
8,185.0,189.8837257462655
9,178.0,187.62573967789473
10,182.0,187.4677581275975
11,184.0,187.96991614128171
12,188.0,186.3931569278341
13,187.0,185.5130894259266
14,187.0,184.63106292623277
15,180.0,184.93723736234347
16,185.0,186.63278552146483
17,185.0,188.77378511185876
18,181.0,186.70385966875523
19,180.0,185.65307792149514
20,184.0,186.03191077913505
21,182.0,185.98809500298023
22,181.0,184.83604303117068
23,188.0,184.0103183492127
24,183.0,184.8616855058271
25,183.0,185.02477879126823
26,186.0,185.66217880225247
27,184.0,187.2806509128752
28,184.0,186.79531276880468
29,183.0,186.24823694389133
30,184.0,186.14337759506816
31,185.0,186.56379527981
32,186.0,186.27041203989924
33,185.0,185.90429448508254
34,186.0,185.86407731987347
35,186.0,186.6411432795752
36,186.0,186.92827322146732
37,189.0,187.23020869626623
38,185.0,187.10639497660938
39,186.0,187.90651671171128
40,186.0,188.5185303881855
41,185.0,187.7747436741718
42,187.0,187.34475077506818
43,182.0,187.00670270185066
44,183.0,187.1037308028644
45,184.0,186.81379438714598
46,186.0,185.8492875980868
47,184.0,185.74415313577305
48,180.0,185.00680154765968
49,181.0,185.5714292970496
50,180.0,185.910955710001
51,184.0,185.14480100431356
52,182.0,183.68387247595996
53,182.0,183.34585918720677
54,182.0,183.0461609859088
55,183.0,183.18624592931025
56,183.0,184.68410290988209
57,183.0,185.15079658107376
58,180.0,185.12248677044835
59,181.0,185.20481685417226
60,170.0,184.7132649398835
61,173.0,184.42607965907087
62,165.0,183.33737019679918
63,175.0,180.64071092436342
64,165.0,178.40459163515766
65,177.0,176.67771057923852
66,174.0,174.45615333168928
67,172.0,174.22904556410396
68,170.0,175.18849279471567
