,y_actual,y_predict
0,342.0,385.4781154853902
1,334.0,382.195402156695
2,336.0,387.3791498529194
3,334.0,373.21412806875713
4,346.0,364.57552496661
5,346.0,363.6039304606892
6,346.0,341.97689985611623
7,340.0,332.08095913539245
8,328.0,339.2687292828339
9,322.0,320.61243367759823
10,322.0,301.0590464876587
11,314.0,296.6205402626381
12,312.0,296.3574664148996
13,302.0,303.52142109863576
14,316.0,307.34688077932975
15,314.0,296.7105380933958
16,298.0,296.43672393849613
17,278.0,297.70255191846496
18,309.99999999999994,292.02245769525035
19,320.0,288.98498845537
20,348.0,285.5613351275637
21,329.99999999999994,285.9905653477483
22,376.0,286.24621012926866
23,434.0,284.75954784948766
24,422.0,277.57080131048616
25,394.0,275.27814902373996
26,368.0,276.4374229682362
27,388.0,291.4301700845278
28,362.0,307.3162730265107
29,349.99999999999994,314.00769664696185
30,386.0,321.53143039469415
31,368.0,333.4187004763536
32,363.99999999999994,343.65124157447264
33,349.99999999999994,345.07061774022014
34,328.0,352.1329852498982
35,328.0,345.5358046409009
36,320.0,319.5166676363159
37,346.0,318.7927369722067
38,408.0,332.22958291156357
39,380.0,371.0223837271577
40,354.0,366.4627624968768
41,329.99999999999994,384.5613262622563
42,343.99999999999994,375.6984502639331
43,343.99999999999994,425.24964271047463
44,332.0,392.02596709469856
45,324.00000000000006,386.90046327762497
46,326.0,418.5973596560417
47,326.0,381.0013177304906
48,332.0,354.75544562492587
49,309.99999999999994,391.3906333517173
50,304.00000000000006,407.50495720792367
51,304.00000000000006,467.64462792805034
52,309.99999999999994,460.54882962039034
53,316.0,451.0613814121507
54,316.0,439.69841237236545
55,294.0,462.2627788746416
56,274.0,467.42878171555617
57,264.0,429.6102710956249
58,254.0,434.1434236242655
59,238.0,452.2274688716642
60,222.0,416.4232752661381
61,222.0,491.68841867702054
