,y_actual,y_predict
0,342.0,410.17942104647886
1,334.0,398.60357742068675
2,336.0,383.578184864842
3,334.0,369.5257028209339
4,346.0,362.4107375224309
5,346.0,358.3750140418581
6,346.0,354.4955132109025
7,340.0,353.93540406985653
8,328.0,350.06108235935017
9,322.0,344.1852853060445
10,322.0,343.39309213634164
11,314.0,339.3985044567142
12,312.0,325.68003322997674
13,302.0,321.23473471584236
14,316.0,325.4514302494907
15,314.0,323.61403114059635
16,298.0,328.3072906591911
17,278.0,317.637198786723
18,309.99999999999994,310.1674212856384
19,320.0,310.7960476431198
20,348.0,311.87181888332333
21,329.99999999999994,303.4047635331064
22,376.0,301.3403746123905
23,434.0,313.9975931169051
24,422.0,337.77111443685686
25,394.0,361.61497840094336
26,368.0,361.4981085763792
27,388.0,372.4730468746356
28,362.0,365.7035968329898
29,349.99999999999994,374.6020898973534
30,386.0,360.06845907334707
31,368.0,357.54423217962756
32,363.99999999999994,372.9946946785747
33,349.99999999999994,381.6632263046295
34,328.0,390.20644019653486
35,328.0,379.69719822064275
36,320.0,365.27500338990956
37,346.0,362.83860928479277
38,408.0,349.2597620511507
39,380.0,351.8967833959661
40,354.0,362.6751698279922
41,329.99999999999994,371.84242528222705
42,343.99999999999994,400.47417384262474
43,343.99999999999994,377.67746860085003
44,332.0,335.2223079469068
45,324.00000000000006,349.6347388620389
46,326.0,393.9613449740594
47,326.0,406.79248853169395
48,332.0,374.18427921324127
49,309.99999999999994,372.3162723515279
50,304.00000000000006,361.00566761562936
51,304.00000000000006,351.36240004993857
52,309.99999999999994,354.0227274367757
53,316.0,347.82701356621044
54,316.0,358.5942351730057
55,294.0,371.3330460504997
56,274.0,364.81707574821917
57,264.0,368.89240676468677
58,254.0,331.8502335645584
59,238.0,301.2423533901171
60,222.0,275.18891532550754
61,222.0,305.02595558914743
