,y_actual,y_predict
0,276.0,323.45379233213544
1,286.0,325.20255159684035
2,280.0,318.03944034968896
3,274.0,299.40059198311883
4,258.0,392.3307449965019
5,268.0,347.871850870607
6,262.0,322.6627955315183
7,262.0,260.1866541707859
8,266.0,251.90761737536005
9,262.0,338.3070394088129
10,280.0,390.8998406717901
11,284.0,294.8791203607623
12,280.0,220.77281003563195
13,268.0,294.2247801961216
14,264.0,318.69704534863615
15,254.0,333.58045327557465
16,258.0,250.60310877880397
17,264.0,258.8980162965537
18,270.0,258.5848772283367
19,264.0,253.9046595156673
20,270.0,268.0170483185791
21,268.0,265.64565146680604
22,270.0,274.6531479390475
23,262.0,266.75349266346427
24,264.0,259.0780744997013
25,268.0,261.0926845579441
26,264.0,265.9284483050783
27,256.0,262.43852181100044
28,254.0,262.1890340560707
29,262.0,260.175473408855
30,260.0,264.1498650380963
31,262.0,268.77946486332166
32,266.0,269.73381998049433
33,264.0,267.69592854427935
34,262.0,268.0054270631306
35,262.0,267.37648005420806
36,258.0,265.1183418592142
37,260.0,257.9013478903121
38,258.0,266.13778637145185
39,278.0,268.0410681709777
40,286.0,262.5037278072907
41,290.0,270.93752033998805
42,290.0,268.75751792159394
43,294.0,265.16300012847955
44,290.0,250.73595644142276
45,282.0,253.11780853639195
46,300.0,253.3656897855518
47,304.0,259.8163805022034
48,298.0,287.90439782651697
49,300.0,297.58553844402144
50,300.0,286.42919799190724
51,288.0,246.5208869276028
52,284.0,293.99603450359217
53,288.0,283.12834686239535
54,286.0,272.8381721341003
55,274.0,293.566773570732
56,274.0,304.78908440494627
57,270.0,288.8781476141538
58,264.0,294.4690468072992
59,268.0,306.7480368116765
60,264.0,295.34740383700137
61,262.0,278.3138693167126
62,264.0,279.3515683985455
63,262.0,280.98100574275895
64,262.0,284.09341633659795
65,258.0,275.6468624475831
66,264.0,286.86526066290617
67,266.0,279.4618213348519
68,260.0,276.8579734627252
69,260.0,274.6889963379617
70,260.0,266.5653889757753
71,262.0,260.70305508597244
72,260.0,256.1896807709239
73,258.0,258.5730227704378
74,250.0,262.4462952260162
75,250.0,267.2427384488625
76,234.0,262.8943937345978
77,234.0,261.8808440620804
78,222.00000000000003,264.75300430916667
79,226.0,265.54888540555197
80,236.0,260.0131256362515
