,y_actual,y_predict
0,800.0,824.4163364925524
1,800.0,832.9274634409006
2,810.0,835.6742557553931
3,820.0,831.470773358616
4,820.0,835.2180186045241
5,820.0,849.5122313496969
6,815.0,860.1909013886036
7,815.0,851.0416917451494
8,795.0,858.4246875009972
9,810.0,859.7581186219617
10,850.0,837.6076870581264
11,850.0,827.4788124743296
12,850.0,851.5547625723246
13,845.0,853.8324178246232
14,850.0,869.0211437509813
15,860.0,889.8637465058979
16,890.0,869.4556794242338
17,890.0,869.2450220206358
18,905.0,891.1126986382
19,905.0,889.8285772739699
20,910.0,899.0493845113807
21,900.0,908.8633407814833
22,900.0,912.8233604977762
23,900.0,904.2449564999343
24,900.0,892.7334212771216
25,900.0,900.098628734195
26,900.0,885.9343717942597
27,900.0,908.0880561108548
28,900.0,912.204831352468
29,895.0,899.3366760293377
30,895.0,906.2941043277966
31,895.0,904.5509991808603
32,915.0,904.165458481817
33,915.0,906.1668519489516
34,900.0,911.7998605477544
35,900.0,912.1570955083594
36,900.0,908.7303729395345
37,895.0,910.416224700131
38,895.0,901.2322038127186
39,950.0,899.8796018187517
40,915.0,899.5897673517678
41,900.0,921.4727757299689
42,890.0,912.5845763497247
43,890.0,900.223004864869
44,900.0,898.1406690833253
45,900.0,881.9409789580941
46,900.0,884.7520609741946
47,900.0,888.9352121231705
48,900.0,889.0787282658151
49,900.0,898.9504316987676
50,950.0,913.0317218406026
51,940.0,911.683483596543
52,930.0,924.2791421803985
53,930.0,918.0389798126376
54,930.0,909.8365434217507
55,920.0,909.4893938463633
56,900.0,895.6802362836271
57,885.0,896.1934120383107
58,880.0,884.4962847419911
59,880.0,874.0601577248187
60,870.0,864.2528550931889
61,925.0,864.4819673938499
62,900.0,857.6156964113518
63,900.0,884.217029436735
64,900.0,889.1618555412813
65,850.0,885.7211837860476
66,820.0,900.2386205469992
67,795.0,863.0399548183265
68,780.0,842.4916675522223
69,780.0,822.7764800138666
70,815.0,780.5831784751967
71,830.0,784.473915174924
72,835.0,800.8292745171532
73,835.0,811.5546187806718
74,845.0,836.2124351181042
75,875.0,844.7415602202436
