,y_actual,y_predict
0,4460.0,4423.754550803864
1,4360.0,4409.411585344165
2,4380.0,4448.750394133734
3,4400.0,4468.120930686878
4,4350.0,4452.342479459766
5,4300.0,4431.608157643766
6,4250.0,4421.037888708427
7,4360.0,4389.086691348789
8,4300.0,4364.630916589373
9,4400.0,4374.89650178258
10,4350.0,4377.234320170921
11,4270.0,4396.605724768914
12,4140.0,4433.85332671185
13,4150.0,4420.459365751147
14,4150.0,4366.1991842839125
15,4260.0,4248.520774579554
16,4140.0,4271.144135596765
17,4200.0,4290.183975997125
18,4200.0,4270.976660810493
19,4400.0,4284.754558008075
20,4600.0,4254.689014474737
21,4650.0,4300.402368485356
22,4690.0,4387.945762133597
23,4690.0,4469.883061731111
24,4690.0,4519.902178608092
25,4590.0,4528.870586513221
26,4520.0,4546.26279098498
27,4530.0,4480.861919377052
28,4600.0,4470.257883497072
29,4770.0,4433.331516018062
30,4990.0,4466.8472774142165
31,4930.0,4557.05200976616
32,5000.0,4709.295907503023
33,5150.0,4819.185929470495
34,5075.0,4777.241713000351
35,4940.0,4886.581857490572
36,4900.0,4880.415498359229
37,4900.0,4841.195727453339
38,4880.0,4737.0663983242675
39,4970.0,4678.178698699837
40,4950.0,4716.307105751435
41,5000.0,4756.808052985349
42,5025.0,4860.165400895041
43,5000.0,4881.570403096496
44,5100.0,4902.075937225028
45,4750.0,4881.627809795868
46,4420.0,4841.228423809332
47,4450.0,4814.186338356028
48,4360.0,4706.801725302482
49,4310.0,4558.552396353479
50,4390.0,4453.96022571072
51,4530.0,4392.782797382604
52,4420.0,4325.498181647046
53,4400.0,4507.133759700677
54,4370.0,4434.360091294916
55,4450.0,4414.760361966709
56,4450.0,4375.908468467984
57,4420.0,4340.423981353444
58,4550.0,4404.194346451131
59,4620.0,4355.25481695332
60,4470.0,4443.044503860157
61,4460.0,4482.248649958759
62,4470.0,4547.963869541474
63,4490.0,4505.5031085162955
