,y_actual,y_predict
0,4460.0,4422.545971960077
1,4360.0,4439.62414674016
2,4380.0,4427.447936963818
3,4400.0,4414.335338273626
4,4350.0,4404.805536829577
5,4300.0,4380.540674067366
6,4250.0,4352.89761223001
7,4360.0,4322.20982521381
8,4300.0,4320.891207217951
9,4400.0,4345.998767919936
10,4350.0,4359.502362945116
11,4270.0,4394.2995900175765
12,4140.0,4378.530629414151
13,4150.0,4325.270175199943
14,4150.0,4206.322886469595
15,4260.0,4200.189079020104
16,4140.0,4233.201056120509
17,4200.0,4197.118326963194
18,4200.0,4214.849228067765
19,4400.0,4198.422795828008
20,4600.0,4295.637901785756
21,4650.0,4413.2870005090335
22,4690.0,4512.704755804661
23,4690.0,4554.37519092931
24,4690.0,4610.914771366522
25,4590.0,4612.516603461904
26,4520.0,4570.1395219602055
27,4530.0,4526.420153773088
28,4600.0,4503.680850898828
29,4770.0,4499.788422054912
30,4990.0,4580.510632472269
31,4930.0,4810.1977301428
32,5000.0,4887.332889894252
33,5150.0,4880.669314673187
34,5075.0,4969.234310304659
35,4940.0,4964.862257746634
36,4900.0,4917.0798609678695
37,4900.0,4870.09884319405
38,4880.0,4824.447091432908
39,4970.0,4817.200942378598
40,4950.0,4838.811555470042
41,5000.0,4882.875132374766
42,5025.0,5001.851153389627
43,5000.0,5026.251431148341
44,5100.0,4994.349857019258
45,4750.0,4989.6855626952765
46,4420.0,4928.057734829647
47,4450.0,4841.659668490502
48,4360.0,4681.716386548642
49,4310.0,4502.143485600926
50,4390.0,4369.564420555974
51,4530.0,4448.860693699261
52,4420.0,4504.2960632184095
53,4400.0,4538.685858973401
54,4370.0,4523.867233871073
55,4450.0,4516.353553394185
56,4450.0,4427.011831231492
57,4420.0,4410.401040733141
58,4550.0,4396.892005960239
59,4620.0,4468.633540105263
60,4470.0,4524.955414894251
61,4460.0,4555.012162239782
62,4470.0,4522.583164060219
63,4490.0,4482.670982712809
