,y_actual,y_predict
0,482.0,477.5182080899666
1,482.0,475.9217864098029
2,482.0,477.2935425093285
3,482.0,477.43532754337116
4,482.0,477.5290019002898
5,476.0,479.6511698504314
6,480.0,481.45544418974504
7,480.0,481.2264571794726
8,468.0,481.82504528413557
9,478.0,483.8029497246405
10,484.0,480.1402833747293
11,472.0,479.46700330468315
12,482.0,477.55695654653414
13,484.0,474.39065883965577
14,482.0,478.66525807754624
15,482.0,478.6270004985284
16,482.0,473.0740762571014
17,480.0,473.1040209569471
18,482.0,476.1524591015324
19,484.0,475.1662411586843
20,484.0,476.5565962758992
21,482.0,477.03572772687954
22,484.0,477.6927861531149
23,486.0,476.6059674723147
24,484.0,477.5746939706395
25,482.0,478.11427316821454
26,484.0,476.372861133524
27,486.0,476.2037579687068
28,484.0,479.5902145051128
29,484.0,478.67980643461647
30,484.0,476.8461677254427
31,484.0,478.35829146177923
32,484.0,478.4195688358668
33,482.0,477.9900975185162
34,480.0,477.5625091457066
35,470.0,478.91017697589604
36,464.0,478.06538653505913
37,470.0,478.9237571418963
38,476.0,481.8801302110393
39,476.0,480.3786393875728
40,476.0,477.18555634733656
41,470.0,476.342803711916
42,468.0,478.6144624241725
43,468.0,478.4486005362108
44,468.0,474.2459591763125
45,468.0,471.46774694500186
46,472.0,473.5551725045248
47,470.0,474.60854404259067
48,470.0,477.02640134576313
49,478.0,475.6351168586661
50,478.0,477.80459257723817
51,486.0,476.7813041271981
52,478.0,475.668545175463
53,482.0,473.1164385920757
54,480.0,472.1935099869168
55,480.0,473.32621309003656
56,480.0,473.59670135327366
57,480.0,474.54042069234697
58,470.0,472.32506587182905
59,476.0,476.784865386525
60,470.0,474.7051517378162
61,468.0,475.49134311573187
62,468.0,476.29336516307825
63,466.0,476.0986714103449
64,458.0,479.4093475264674
