,y_actual,y_predict
0,585.0,578.8823821569164
1,585.0,581.4760658709613
2,575.0,584.711803524935
3,585.0,584.2440676720391
4,585.0,577.6501809900013
5,575.0,577.4209928882384
6,590.0,581.8313097774139
7,600.0,581.8210145545602
8,575.0,580.8948046348032
9,575.0,587.751446542547
10,580.0,593.9734760383637
11,575.0,581.1771207839312
12,575.0,575.3585074426421
13,575.0,576.0448973879097
14,580.0,575.925723332945
15,585.0,577.5563457097636
16,590.0,575.7542941715645
17,580.0,576.1189329581879
18,590.0,584.5344986489145
19,580.0,586.85165972327
20,580.0,584.2380353760628
21,570.0,581.3384778508621
22,585.0,579.0017284513508
23,585.0,574.4982221799493
24,585.0,574.1078609943255
25,580.0,578.9840817347637
26,585.0,585.5045513428012
27,600.0,581.7599791497182
28,605.0,579.8602991484125
29,580.0,590.9579426319897
30,585.0,593.7766728714556
31,585.0,584.7761310523701
32,600.0,579.1357111861845
33,595.0,582.7915604796558
34,595.0,588.9733798883422
35,590.0,593.0610491907238
36,615.0,589.7158690118287
37,625.0,590.2413559760403
38,610.0,601.4145832278571
39,610.0,611.9266105568637
40,640.0,619.1294273757954
41,625.0,603.7505086180867
42,720.0,622.4197610271609
43,740.0,624.1457928159625
44,760.0,691.2369637085205
45,760.0,714.5873198763888
46,760.0,705.9057381536303
47,800.0,735.1675956259414
48,800.0,750.363281925422
49,805.0,761.6465643266378
50,845.0,775.5578843870558
51,835.0,782.479765908518
52,895.0,801.0097578130959
53,835.0,812.7519644525142
54,790.0,835.5055813191434
55,765.0,858.6090635233274
56,770.0,816.0944592614939
57,770.0,770.1838250318416
58,760.0,746.9728653985053
59,710.0,755.3681694643305
60,710.0,754.0917184118118
61,795.0,741.8893192253679
