,y_actual,y_predict
0,1840.0,1760.4899288728623
1,1825.0,1773.1485041482597
2,1930.0,1803.9870479815386
3,1950.0,1786.3988418125991
4,1960.0,1813.945462602725
5,1925.0,1823.1364353757526
6,1880.0,2019.8285448582901
7,1825.0,1987.2777517817879
8,1805.0,1949.312088091804
9,1695.0,1829.9667494092541
10,1675.0,1832.1609749768902
11,1635.0,1842.2647194788904
12,1670.0,1785.0078466640707
13,1700.0,1824.6398545001948
14,1725.0,1840.4646577010208
15,1640.0,1858.2148914578881
16,1585.0,1822.724241325698
17,1510.0,1794.500085234189
18,1515.0,1823.8462782928555
19,1420.0,1781.598006262533
20,1375.0,1742.3614131844608
21,1380.0,1720.7187644124633
22,1300.0,1684.0818058088817
23,1220.0,1562.7925303981544
24,1135.0,1478.7126947513773
25,1060.0,1403.6218684869348
26,1000.0,1351.2032378934123
27,1020.0,1345.5477462497215
28,1080.0,1343.3618695356427
29,1210.0,1319.9328244545459
30,1175.0,1315.7349692155465
31,1180.0,1337.680501884917
32,1100.0,1221.4424188511216
33,1125.0,1138.570501863794
34,1105.0,1125.4386526520566
35,1150.0,1139.2329167659007
36,1130.0,1109.7181693282519
37,1170.0,1086.486410104259
38,1170.0,1118.231362045232
39,1155.0,1143.1389292623944
40,1170.0,1165.2383718233189
41,1155.0,1193.4042763046662
42,1155.0,1163.9169957793717
43,1155.0,1164.8081203180134
44,1160.0,1166.9775440796425
45,1150.0,1164.8116284682053
46,1160.0,1129.7179432069424
47,1170.0,1128.9744601209463
48,1160.0,1131.053215876843
49,1145.0,1151.1639995933856
50,1160.0,1153.7815691457945
51,1170.0,1172.1241907757465
52,1170.0,1163.61502291325
53,1150.0,1188.703681387212
54,1100.0,1201.122777820835
