,y_actual,y_predict
0,75.0,73.36999588242773
1,73.0,73.82362665587566
2,74.0,73.85349799766831
3,73.0,71.59165327387717
4,74.0,72.30426934663376
5,69.0,73.24175162345787
6,69.0,76.5920129548487
7,68.0,75.69702568191632
8,69.0,74.2406872419312
9,70.0,73.27364941643697
10,68.0,72.59483664579898
11,69.0,70.66070052378707
12,68.0,67.52712971409089
13,68.0,67.1552262007602
14,69.0,66.55471265510907
15,69.0,66.94777968285302
16,72.0,67.42251349969077
17,77.0,67.50044183573368
18,77.0,67.05380688780075
19,73.0,69.6410891904898
20,75.0,71.35978586909258
21,76.0,71.56431365226703
22,77.0,72.28325230647734
23,84.0,74.29513669526229
24,92.0,74.96002634869691
25,83.0,77.66415882573392
26,80.0,81.3168666529001
27,78.0,82.62083961455427
28,75.0,81.79387014881867
29,73.0,81.44509209866266
30,73.0,80.63882522376146
31,74.0,78.51269360223871
32,76.0,79.21411447285061
33,72.0,76.9699461011194
34,76.0,74.5140686762268
35,73.0,73.88392029767479
36,72.0,70.37549364490216
37,75.0,71.21267465080072
38,76.0,70.94810586032517
39,74.0,69.39883555147445
40,72.0,70.38723443005861
41,72.0,71.33947969941204
42,73.0,72.50062413503639
43,74.0,72.2981684922661
44,78.0,71.33108900895571
45,83.0,73.09401285032247
46,75.0,73.02964883674368
47,75.0,74.69088863644822
48,76.0,74.6558409750467
49,73.0,73.57015765770778
50,74.0,75.09475847658462
51,75.0,75.7541613924899
52,74.0,73.38118705317086
53,73.0,73.69298102537387
54,78.0,73.12419192243456
55,81.0,72.06833425767057
56,83.0,73.99028614035393
57,80.0,73.48319360695822
58,79.0,74.62001122174166
59,78.0,77.01166304450919
60,78.0,75.97753866557959
61,78.0,77.67487966629453
62,79.0,78.64611686841846
63,83.0,77.95783030410382
64,81.0,77.68377293814589
65,80.0,79.34562685468877
66,79.0,78.99410476386784
67,79.0,78.21221443042684
68,78.0,77.16617322847249
69,78.0,76.64928842067653
70,78.0,76.28528779821283
71,78.0,76.56008962965969
72,77.0,75.92517613445841
73,78.0,76.11844690066415
74,76.0,75.20930000163662
75,76.0,74.48227569968839
76,75.0,73.54842034047184
77,76.0,73.08639215756497
78,75.0,72.36787948812
79,76.0,72.11889609609293
80,76.0,71.40916650685654
81,74.0,71.57376460133482
82,74.0,71.17796293952958
83,74.0,71.12431170370826
84,74.0,70.6352892559253
85,74.0,70.31018628335727
86,74.0,69.93391004312957
87,73.0,69.68941628864488
88,72.0,69.33297857551625
89,71.0,69.20526914915396
90,72.0,69.1221093976808
91,72.0,68.38046051465696
92,76.0,68.10492362432484
93,76.0,67.83108529785191
94,76.0,67.98301000961183
95,76.0,68.79784495663819
