,y_actual,y_predict
0,75.0,72.29233774180327
1,73.0,75.96385877627061
2,74.0,72.4938406300038
3,73.0,71.50228785159567
4,74.0,75.40816500941342
5,69.0,74.17515277809815
6,69.0,76.1973441168831
7,68.0,77.0592927101936
8,69.0,77.26101060647758
9,70.0,75.4043217399219
10,68.0,73.86893826566047
11,69.0,72.67251772254595
12,68.0,72.99298727091582
13,68.0,71.27155461445123
14,69.0,70.00810261372271
15,69.0,69.84976528587414
16,72.0,69.79976784367082
17,77.0,70.21731622931566
18,77.0,69.9308502093421
19,73.0,69.43560596514455
20,75.0,70.39373036177959
21,76.0,69.92566313932906
22,77.0,69.5374311058615
23,84.0,73.59336778031532
24,92.0,73.45359640047195
25,83.0,76.68652513312759
26,80.0,81.44485290216983
27,78.0,82.53579585474995
28,75.0,79.27054603195093
29,73.0,83.14616617722635
30,73.0,81.7251159389361
31,74.0,83.58650273211498
32,76.0,82.03262587507652
33,72.0,80.27251057679973
34,76.0,80.32170980149328
35,73.0,79.30490432368491
36,72.0,78.7886914161497
37,75.0,76.76837333529176
38,76.0,77.67246082535581
39,74.0,73.93180931685987
40,72.0,73.64814646477419
41,72.0,74.36010273147471
42,73.0,72.6034840021549
43,74.0,72.32649715106007
44,78.0,72.77240779051192
45,83.0,72.8318413999773
46,75.0,74.79676533573753
47,75.0,77.21054014649069
48,76.0,76.08489488924307
49,73.0,72.56950466216799
50,74.0,75.39148575734043
51,75.0,76.42155454629611
52,74.0,75.70598883139479
53,73.0,76.6182197526192
54,78.0,75.73031968363728
55,81.0,73.2516366200941
56,83.0,74.21824577322197
57,80.0,77.65375243449535
58,79.0,76.49770234664803
59,78.0,76.69661169984205
60,78.0,76.91601132338806
61,78.0,75.91791423644017
62,79.0,77.16469236029778
63,83.0,79.43157902364564
64,81.0,78.47624435689326
65,80.0,79.86462680450559
66,79.0,80.62627143928951
67,79.0,80.66504545953717
68,78.0,79.23232296991708
69,78.0,80.2151598581427
70,78.0,78.16324365182194
71,78.0,77.91813712429943
72,77.0,77.28331500753362
73,78.0,77.03518761643875
74,76.0,77.6975737695018
75,76.0,76.93920800799037
76,75.0,75.72516486483676
77,76.0,75.1135743714868
78,75.0,74.84786738196954
79,76.0,72.44802778262445
80,76.0,71.87489148499806
81,74.0,71.78031480429414
82,74.0,72.37317271837422
83,74.0,71.65929750452896
84,74.0,70.39314446475221
85,74.0,70.64237108467367
86,74.0,69.92195156228865
87,73.0,69.33657861711339
88,72.0,69.3296392312203
89,71.0,68.78255116290288
90,72.0,68.24137312927904
91,72.0,68.27613187356843
92,76.0,67.6866818376109
93,76.0,67.64748317639844
94,76.0,67.98621766145668
95,76.0,68.3609095608695
