,y_actual,y_predict
0,107.0,94.98954015639919
1,114.0,97.7558043007005
2,114.0,88.36621707140125
3,115.0,113.21949898292507
4,114.0,121.41496488714355
5,119.0,128.96020898385746
6,117.0,106.5092225661435
7,115.0,121.11058465119186
8,117.0,115.17966369199794
9,113.0,119.89799854317783
10,112.0,121.3838307575723
11,113.0,111.38076609412181
12,124.0,112.0339509818375
13,124.0,110.46100203050068
14,120.0,114.06154755306781
15,123.0,128.98632112821792
16,120.0,112.40002211203759
17,112.0,127.81086067226087
18,105.0,123.98231048491905
19,116.0,118.58716236007527
20,119.0,108.47822204746353
21,118.0,107.32938573869754
22,121.0,113.28088485421054
23,124.99999999999999,128.68065543835112
24,122.0,104.96924877583263
25,121.0,126.59042022295193
26,116.0,124.89172555515577
27,116.0,119.45725125545118
28,120.0,130.85829062630106
29,118.0,121.29504728801123
30,118.0,122.31407453870483
31,122.0,115.6588329793739
32,121.0,114.93154929902576
33,124.0,118.64980100424413
34,128.0,113.67715325773867
35,129.0,125.56537966241811
36,130.0,120.87413738655093
37,129.0,130.50326568482916
38,124.99999999999999,125.03879019798701
39,126.0,126.87345974517723
40,121.0,132.6738853446322
41,121.0,121.08837244328569
42,117.0,121.50143889712831
43,116.0,118.23702867968717
44,108.0,122.80787403462318
45,110.0,225.40849981337809
46,114.0,190.31585576182502
