,y_actual,y_predict
0,107.0,91.84145262459893
1,114.0,98.31094609319535
2,114.0,99.04839357441475
3,115.0,109.07905192233127
4,114.0,101.84910352617032
5,119.0,113.6081527060577
6,117.0,110.40040050397695
7,115.0,106.05894331082595
8,117.0,102.23879214864141
9,113.0,109.43726871123647
10,112.0,116.9525551955218
11,113.0,118.62291540879914
12,124.0,124.46764559361668
13,124.0,118.19306179831926
14,120.0,120.44730132466842
15,123.0,132.32749908921699
16,120.0,156.6299857854674
17,112.0,141.71278331600377
18,105.0,122.62293207600496
19,116.0,129.1446825143541
20,119.0,130.05257246977624
21,118.0,122.02700435589821
22,121.0,118.37903865627592
23,124.99999999999999,138.37364247264986
24,122.0,104.71513196669747
25,121.0,102.72520573138644
26,116.0,118.97668757738765
27,116.0,128.70587430117737
28,120.0,118.48125402988228
29,118.0,133.15230296827815
30,118.0,140.6166288304031
31,122.0,113.60784768309477
32,121.0,103.02448772638667
33,124.0,111.21791651296002
34,128.0,133.33575249311355
35,129.0,122.60674407161628
36,130.0,129.90629217170675
37,129.0,133.26076041894686
38,124.99999999999999,138.53029355145827
39,126.0,129.47355173675652
40,121.0,142.52478712429996
41,121.0,143.3933617985386
42,117.0,122.07515440932889
43,116.0,111.84118736295608
44,108.0,118.6635815059613
45,110.0,159.6932115715154
46,114.0,215.12587343416334
