,y_actual,y_predict
0,107.0,63.945751850568456
1,114.0,76.13903389918892
2,114.0,89.05516590151805
3,115.0,88.00015683487842
4,114.0,94.9672734801068
5,119.0,113.22923793038368
6,117.0,93.30571535804484
7,115.0,110.18371436986166
8,117.0,118.94663192186383
9,113.0,129.6536895837089
10,112.0,104.30778469340942
11,113.0,115.23064610151278
12,124.0,109.7736436772619
13,124.0,115.61480073594251
14,120.0,124.48340874459274
15,123.0,128.24859041139015
16,120.0,115.54166058690777
17,112.0,100.4455730433751
18,105.0,131.28597639500884
19,116.0,114.62790983312684
20,119.0,120.77873056122382
21,118.0,119.6775105157034
22,121.0,143.90495066940088
23,124.99999999999999,127.62364193509806
24,122.0,103.89375959596907
25,121.0,123.79837074460752
26,116.0,115.68749424421011
27,116.0,120.34502058899858
28,120.0,121.84525424471329
29,118.0,141.98812100841562
30,118.0,118.56379542238096
31,122.0,123.05950708534607
32,121.0,135.31022060041144
33,124.0,135.32117963972166
34,128.0,106.33571896863438
35,129.0,110.2496102235273
36,130.0,126.15478206985402
37,129.0,121.12542183960193
38,124.99999999999999,120.30913681614777
39,126.0,135.90078863131276
40,121.0,134.87850417112236
41,121.0,122.37639726623354
42,117.0,110.68026996612343
43,116.0,128.18431771563428
44,108.0,150.09102333706838
45,110.0,151.7128304308569
46,114.0,263.0079873409878
