,y_actual,y_predict
0,114.0,114.89123859475255
1,113.0,113.02940809642101
2,111.0,112.99678379198212
3,149.0,109.69583145916502
4,139.0,129.47860185787488
5,130.0,132.46865142790787
6,170.0,122.11501366383312
7,159.0,141.0095271304501
8,166.0,141.23999708038988
9,155.0,140.1969988089399
10,173.0,142.43644006046088
11,161.0,148.86104942654484
12,150.0,157.45937022678152
13,141.0,152.10038037996858
14,143.0,145.12572375812192
15,138.0,141.89365912705048
16,140.0,137.97429679144193
17,145.0,134.12315595445315
18,144.0,135.771133766457
19,163.0,139.74479851534264
20,152.0,145.4241842414353
21,142.0,143.22213415010862
22,137.0,139.82234722845536
23,128.0,140.53222169312565
24,138.0,138.95154003583386
25,129.0,147.65949629406038
26,120.0,139.24861027890125
27,120.0,127.85269448050663
28,123.0,121.09318040988788
29,119.0,118.12214877032373
30,119.0,111.64328147865056
31,123.0,114.86173584307929
32,123.0,112.31316818507781
33,122.0,119.75369616700455
34,121.0,121.11868371842152
35,121.0,119.7693224673693
36,120.0,120.71645866899439
37,123.0,121.08381501012951
38,122.0,121.41863453927857
39,120.0,120.13610565879236
40,122.0,120.46597370828135
41,123.0,120.31905979223983
42,125.0,120.39166221592272
43,123.0,121.397298985637
44,124.0,123.27415890785436
45,124.0,121.78479416160997
46,123.0,122.08221177937348
47,126.0,121.49198064881038
48,124.0,122.46664879753602
49,122.0,123.9998502284858
50,123.0,123.2908755273027
51,125.0,122.33773089269988
52,131.0,121.44890618649053
53,128.0,123.78700926632645
54,126.0,127.65902622889685
55,128.0,126.50469724050109
56,125.0,125.39843228666798
57,125.0,125.45421465702823
58,124.0,123.96482729620918
59,124.0,123.86078913081501
60,123.0,124.51151202423026
61,122.0,122.92206221438978
62,123.0,122.90081934343128
63,127.0,122.03550971683846
64,126.0,122.44710164894688
65,124.0,124.86953039968122
66,122.0,125.31757406030837
67,126.0,122.7131165200343
68,123.0,123.3808340809471
69,124.0,122.99315539326166
70,122.0,122.33154006020186
71,122.0,122.46909487890748
72,114.0,122.54736206817931
73,108.0,118.33239758320312
74,115.0,113.02371515529643
75,112.0,109.96073043074833
76,113.0,109.4147908714991
