,y_actual,y_predict
0,114.0,113.75090348662474
1,113.0,112.70572605993053
2,111.0,115.02038042095097
3,149.0,113.05004890067033
4,139.0,109.52153759562316
5,130.0,124.04612001898698
6,170.0,126.81096383011293
7,159.0,132.57533216196157
8,166.0,141.88631717562882
9,155.0,137.73894209337388
10,173.0,150.14067103662865
11,161.0,152.65383687554512
12,150.0,150.8242584679973
13,141.0,155.29936544926193
14,143.0,151.36412249200626
15,138.0,143.50765019917438
16,140.0,140.34799002157482
17,145.0,142.1048748056796
18,144.0,142.1341076653798
19,163.0,145.50049248951788
20,152.0,137.4233709038438
21,142.0,144.48552220288823
22,137.0,141.47799434711746
23,128.0,134.20010779108694
24,138.0,129.02067006715689
25,129.0,132.5536321800102
26,120.0,138.94594719200697
27,120.0,139.7780797546391
28,123.0,130.96052807734185
29,119.0,121.865826260683
30,119.0,116.23539997655406
31,123.0,112.2813238980996
32,123.0,114.00843381417364
33,122.0,121.97587174686271
34,121.0,116.96566908026746
35,121.0,119.41471110734783
36,120.0,117.61102898290983
37,123.0,113.03070268813806
38,122.0,118.9422325841574
39,120.0,118.1500966773059
40,122.0,120.7085213240167
41,123.0,121.16782333552113
42,125.0,119.62520015374172
43,123.0,120.18007432363842
44,124.0,121.26221212141604
45,124.0,121.33040655669237
46,123.0,121.71402240628296
47,126.0,122.64027497502909
48,124.0,121.16890735218226
49,122.0,122.26902966851256
50,123.0,123.25689249473007
51,125.0,122.24000664240683
52,131.0,122.1091742840693
53,128.0,121.70427960263916
54,126.0,123.47003300732108
55,128.0,124.36229698253359
56,125.0,125.07865849355697
57,125.0,126.4095662516802
58,124.0,123.3401493489274
59,124.0,122.7905328822756
60,123.0,122.59047434503385
61,122.0,123.2866558701081
62,123.0,124.40450319347849
63,127.0,122.59313285511489
64,126.0,120.00677995015073
65,124.0,121.2199651300906
66,122.0,122.26766463795637
67,126.0,122.66526667515221
68,123.0,122.62963722739761
69,124.0,122.4555346609136
70,122.0,122.66564148392253
71,122.0,122.05431725761676
72,114.0,122.01331443862878
73,108.0,121.64990304321563
74,115.0,118.45247652592072
75,112.0,114.57802302829522
76,113.0,110.03233633022292
