,y_actual,y_predict
0,61.0,58.58424056099199
1,61.0,59.15741907660054
2,59.0,59.83046508487951
3,57.0,59.8192012491312
4,57.0,59.132595983404855
5,54.0,59.1126191551184
6,54.0,57.879747991965054
7,54.0,57.41196456870966
8,54.0,57.089434638173195
9,54.0,56.900608595986
10,54.0,56.587055509251655
11,51.0,55.613270692278235
12,51.0,54.61452200523665
13,51.0,54.650324008534575
14,53.0,54.25933774111371
15,52.0,53.97301107011049
16,52.0,52.905177186622446
17,53.0,52.25076114286949
18,53.0,51.29333426128719
19,52.0,51.44837933342049
20,51.0,52.231169554287945
21,52.0,52.031389469769394
22,51.0,51.40212359362243
23,54.0,51.74050061652774
24,52.0,52.82709828686818
25,52.0,52.54495698815132
26,51.0,52.12595780905912
27,51.0,52.14540271994121
28,51.0,52.23172254607442
29,51.0,51.797080274632165
30,52.0,51.14852796695655
31,51.0,51.127354956741726
32,56.0,51.02820083190561
33,55.0,52.62779195445939
34,57.0,52.79918821818153
35,54.0,52.975288283989855
36,51.0,52.809248285223916
37,51.0,52.67059318154254
38,53.0,53.89646807132415
39,51.0,53.77737252316352
40,51.0,52.260510152032
41,50.0,52.52093809337682
42,50.0,52.92933264339299
43,50.0,52.41268995117408
44,50.0,52.08998805367963
45,50.0,51.668831700835014
46,51.0,50.98835760509493
47,50.0,50.86714703194609
48,50.0,50.71713958011155
49,50.0,50.143307758657684
50,50.0,50.002323514265896
51,50.0,50.06848780135239
52,50.0,50.320934452705814
53,50.0,50.26481168720546
54,50.0,50.07242618188046
55,50.0,50.26976248104993
56,50.0,50.349806356191806
57,51.0,50.25823900891406
58,50.0,50.26300013331958
59,50.0,50.348557909795815
60,50.0,50.01381242441511
61,50.0,50.09686740727237
62,50.0,50.2838840030119
63,50.0,50.28422540800203
64,50.0,50.250818297486695
65,50.0,50.21580447607956
66,50.0,50.26377651355638
67,51.0,50.31879498143435
68,50.0,50.42738705755308
69,50.0,50.54147617550046
70,50.0,50.343977182101135
71,50.0,50.2656234724042
72,50.0,50.18234931597303
73,50.0,50.13829289869161
74,50.0,50.03993285657327
75,50.0,50.13327045194797
