,y_actual,y_predict
0,236.0,232.13057779533892
1,242.0,231.3561618476577
2,232.0,230.88366456556366
3,232.0,229.93420961332876
4,226.0,229.93417188687826
5,220.0,231.75952336993404
6,222.0,229.8140794182173
7,218.0,228.87930362394707
8,216.0,223.90768903466267
9,216.0,217.9268103236708
10,214.0,219.24581880036072
11,214.0,215.84609461495074
12,212.0,214.7942832141442
13,218.0,213.70073922164278
14,224.0,213.11527773076557
15,220.0,211.5727940754259
16,224.0,212.0278974245696
17,220.0,213.9750309094887
18,222.0,215.41012877255093
19,218.0,219.01412741257133
20,218.0,217.74596960280977
21,220.0,217.45528067405053
22,216.0,217.52984547402258
23,210.0,217.37008925064168
24,208.0,215.59492618236285
25,204.0,216.07718951696864
26,202.0,214.72771336277776
27,206.0,210.97818646938578
28,216.0,207.01789413262895
29,212.0,208.16000634180324
30,210.0,207.22941104610248
31,212.0,206.36412737366211
32,212.0,205.42698806824944
33,216.0,211.364837723173
34,214.0,210.45627977273602
35,212.0,210.84305644148031
36,214.0,211.38868287915963
37,214.0,210.8150409832622
38,218.0,212.25466704001883
39,216.0,212.39670304763425
40,216.0,211.87101860776502
41,214.0,211.35625240659866
42,216.0,213.11481787592294
43,220.0,214.957498035366
44,220.0,213.85399425993128
45,220.0,213.5827869643226
46,218.0,213.58968580659598
47,220.0,214.6746404039879
48,220.0,215.31015979651596
49,216.0,215.8032159548675
50,216.0,214.95031777416452
51,216.0,216.2102976110538
52,214.0,216.37955070362395
53,216.0,214.9802348494148
54,218.0,215.11115684863827
55,218.0,215.01910736830794
56,218.0,214.8667750986061
57,216.0,214.30252402998298
58,216.0,212.94976363533058
59,214.0,213.45903502996262
60,212.0,216.38298992842266
61,214.0,215.64721300349493
62,212.0,212.94707995917577
63,212.0,212.41574776770258
64,212.0,212.36050604782557
65,212.0,212.70454476595071
66,212.0,212.23452519398444
67,206.0,212.12398261547017
68,200.0,211.40424147127456
69,194.0,209.69971863248153
70,188.0,208.2120158225424
71,182.0,207.0105935546394
72,178.0,204.924861247636
73,179.0,200.31130381174066
74,184.0,196.1072190732866
75,182.0,193.56107928212526
76,181.0,190.3237644072371
