,y_actual,y_predict
0,63.0,54.33123740026753
1,59.0,56.83808689930926
2,57.00000000000001,57.11168406324548
3,58.0,56.40340908940269
4,54.99999999999999,58.81267331488609
5,53.0,58.36930014476474
6,52.00000000000001,53.69840038900728
7,56.0,62.91369022680271
8,54.0,63.71888298804625
9,54.0,62.828510574353004
10,54.99999999999999,61.663464600127114
11,54.0,60.24916365985533
12,53.0,57.737491422990466
13,53.0,61.86514764732164
14,53.0,60.117873342034336
15,52.00000000000001,60.31412629913624
16,51.0,60.9412145106971
17,51.0,61.237283708604686
18,51.0,57.37662194729975
19,52.00000000000001,56.42549025310162
20,51.0,55.26345097327918
21,53.0,54.687350285411995
22,53.0,55.76229164175534
23,53.0,55.16119329661789
24,52.00000000000001,53.89619277364375
25,51.0,54.924566447066475
26,50.0,55.195800349201576
27,51.0,53.96961625097596
28,51.0,53.210143284831254
29,51.0,54.389134307700346
30,51.0,54.58162889679793
31,51.0,53.00544752984447
32,51.0,53.09856485551928
33,50.0,53.19054565070957
34,50.0,52.24958861037271
35,51.0,54.43637549016733
36,50.0,55.40765203686857
37,50.0,54.063274781643386
38,50.0,53.144170396230784
39,50.0,52.744532602902005
40,50.0,52.10016191191012
41,50.0,52.3054650191664
42,50.0,52.39738568046863
43,50.0,52.10062494284825
44,50.0,51.78373137950238
45,50.0,52.94870519306259
46,50.0,52.774900216376835
47,50.0,52.59064396994469
48,50.0,52.630470644012775
49,50.0,51.76259431784613
50,50.0,51.46185873022439
51,50.0,52.13463666994006
52,50.0,52.00400181149902
53,50.0,51.836396638673186
54,50.0,52.04893385266416
55,50.0,52.008824549322156
56,50.0,51.99702628048303
57,50.0,52.00937778109239
58,50.0,51.94170911684837
59,50.0,51.81786938775913
60,50.0,51.975895232215585
61,50.0,51.96983974968704
62,50.0,51.98236563857181
63,50.0,51.95755439635455
64,50.0,51.95144479332674
65,50.0,51.9861961672418
66,50.0,51.98878793781758
67,50.0,51.97162572616269
68,50.0,51.973706358689874
69,50.0,51.98082621103724
70,50.0,51.970398994846086
71,50.0,51.972178957932925
72,50.0,51.978883886452614
73,50.0,51.9677110100494
74,50.0,51.97330947502862
75,50.0,51.976123740990246
76,50.0,51.970122378960966
77,50.0,51.97353798380328
78,50.0,51.97086803917302
79,50.0,51.96244929484337
80,50.0,51.967464461108314
81,50.0,51.970398994846086
82,50.0,51.96956914719073
83,50.0,51.9752097058916
84,50.0,51.97437985823625
85,50.0,51.97078385172972
86,50.0,51.970218593181876
87,50.0,51.96911212964141
88,50.0,51.96855889787117
89,50.0,51.97122884250143
90,50.0,51.97036291451324
