,y_actual,y_predict
0,108.0,84.09058969535708
1,103.0,86.9060931366873
2,103.0,91.5523857381969
3,113.0,99.9530087814524
4,106.0,102.37346478717548
5,116.0,104.06436945438458
6,113.0,108.39068782932681
7,124.0,110.18174223134089
8,120.0,112.36704302607424
9,124.0,115.69654339024473
10,136.0,118.72085149437993
11,146.0,120.84930863944527
12,142.0,121.56308770784196
13,139.0,128.80214991385913
14,135.0,134.10721095581053
15,122.0,135.25211865990423
16,114.0,134.6625455836505
17,125.0,130.45421429065735
18,137.0,124.85862791776339
19,150.0,117.33053104558647
20,139.0,119.47774687058103
21,140.0,130.30577328539488
22,154.0,136.20274948320338
23,159.0,137.66279088640178
24,167.0,139.04428720586603
25,168.0,141.7682249785611
26,184.0,148.491384911096
27,175.0,154.69992382546096
28,172.0,158.8522601282189
29,165.0,164.48150631809511
30,181.0,165.7092740431688
31,199.0,164.22153548211952
32,218.0,162.30444137740238
33,238.0,169.0617653628812
34,216.0,178.69574724352236
35,195.0,193.41387695176041
36,192.0,201.5394603738627
37,196.0,200.90278945447884
38,214.0,193.32871342660587
39,234.0,179.84338278150705
40,212.0,183.80847946383165
41,191.0,194.80263647338293
42,173.0,202.73014057956982
43,178.0,201.3174863352173
44,195.0,189.20372710283993
