,y_actual,y_predict
0,53.0,60.795371258022655
1,58.0,63.10308455045053
2,54.0,62.21252747849681
3,52.0,63.1455378864782
4,56.0,58.29439700403455
5,61.0,63.79690703772417
6,66.0,65.68538603088761
7,70.0,66.41359288959214
8,64.0,68.68812289581106
9,63.0,59.243907783225794
10,65.0,61.663441051591946
11,67.0,60.99633609660119
12,70.0,60.54746356442606
13,75.0,68.34778984249223
14,82.0,68.20870205734121
15,90.0,68.63548943658066
16,87.0,73.78676140971608
17,89.0,79.15972289402346
18,89.0,75.64136927050822
19,83.0,78.2344057808117
20,75.0,78.63129566204849
21,68.0,78.51114613364041
22,62.0,80.1095081502891
23,56.0,75.95998225846984
24,56.0,76.43558819630083
25,59.0,74.3701131577545
26,63.0,73.70412992112081
27,65.0,70.29390240737393
28,69.0,60.505838289355374
29,65.0,69.1728110485472
30,65.0,63.9299946878898
31,63.0,60.783032356095006
32,64.0,65.51932938504822
33,64.0,65.77989873915635
34,64.0,65.03397190508488
35,63.0,67.23428066482433
36,63.0,65.92260036222187
37,62.0,67.24936566027704
38,61.0,66.13237756836494
39,61.0,65.35660085640974
40,63.0,64.36086681510872
41,62.0,64.71389063012286
42,62.0,65.70535208853083
43,62.0,66.83697013920364
44,59.0,66.6329840686351
45,62.0,66.31136836761863
46,61.0,64.57056200882474
47,59.0,64.85956321949729
48,57.0,64.78099795994638
49,56.0,64.50857913291073
50,58.0,64.00217620594171
51,57.0,63.9762364689347
52,57.0,64.79335802637132
53,60.0,63.37598222423766
54,59.0,63.14003511717942
55,58.0,62.484800799613495
56,58.0,63.04480281600238
57,58.0,62.70351736030492
58,56.0,62.14346243267278
59,56.0,62.99121695439334
60,57.0,62.4396913191743
61,57.0,62.75781487813578
62,57.0,62.34705431447904
63,57.0,62.38701553094928
64,58.0,62.92650385832723
65,54.0,62.27333572481051
66,55.0,62.18780470008473
67,57.0,62.07072005544234
68,56.0,61.899380221963696
69,61.0,62.412021384512784
70,65.0,62.1769896419629
71,62.0,62.282740698299534
72,63.0,63.31120298911748
73,58.0,63.97641107603745
74,60.0,64.4300853035382
75,61.0,64.63574072383152
