,y_actual,y_predict
0,127.0,129.51186472987624
1,127.0,129.8988100580824
2,126.0,134.28164886389283
3,118.0,132.3310997608467
4,120.0,131.71189522254798
5,117.0,131.0094897787737
6,128.0,131.77553104550898
7,140.0,130.06124123492077
8,154.0,128.4725601694959
9,169.0,128.97634808701412
10,163.0,133.21351143519715
11,149.0,140.54963960772798
12,139.0,147.4879700137074
13,133.0,150.20852075278196
14,120.0,145.12340658033614
15,129.0,143.42905778024212
16,125.0,146.48277830920614
17,121.0,126.76271115540852
18,121.0,99.95998249280686
19,117.0,101.35176816579114
20,116.0,130.22775949267663
21,115.0,148.79656083914242
22,119.0,138.16727630424435
23,120.0,134.13584063671487
24,117.0,143.94655815040377
25,115.0,143.67454043370824
26,116.0,137.18961004977828
27,115.0,126.31172748869646
28,113.0,124.99468181750973
29,114.0,123.09474652009922
30,109.0,122.61024703979626
31,118.0,120.26639229079704
32,111.0,121.08563662181733
33,111.0,120.37529361188376
34,120.0,119.55507462783835
35,121.0,121.77194447275862
36,118.0,119.56909401541233
37,119.0,112.68494738466933
38,115.0,114.50825260728882
39,116.0,109.86005021195348
40,117.0,111.09368631576014
41,115.0,114.30865874525037
42,116.0,114.26226579973718
43,112.0,113.97820425253171
44,116.0,120.74903669945826
45,116.0,120.50732678784695
46,123.0,121.67298218935758
47,122.0,125.28612326510702
48,124.0,124.37086080284858
49,120.0,122.41384772420616
50,116.0,122.66844351807772
51,123.0,121.1616259026305
52,120.0,119.35864165710235
53,120.0,120.3398803211673
54,120.0,120.27243944741144
55,112.0,121.75436840936646
56,116.0,124.56651297419981
57,116.0,125.088772181991
58,115.0,123.57281382891874
59,115.0,124.49749165479273
60,115.0,122.83367547615748
61,115.0,124.48402959643477
62,113.0,125.2424900415572
63,113.0,122.19454944734917
64,114.0,121.1525659373556
65,114.0,121.99434171544961
66,114.0,123.06541538734889
67,114.0,120.35799755930545
68,119.0,119.28722005269003
69,121.0,117.8401605142938
70,122.0,119.2968238851226
71,122.0,121.83269335730473
72,121.0,120.84731645650055
73,121.0,121.32567185336893
74,122.0,120.82763761959288
75,122.0,120.36718810654642
76,130.0,118.80987161778683
77,138.0,118.8874063428995
78,148.0,119.8414637649339
79,146.0,122.32968428155804
80,140.0,125.13092727153312
81,137.0,126.60491025354236
82,137.0,126.80042578500127
83,137.0,126.94354698533098
84,137.0,126.64297826216699
85,137.0,128.27691540227676
