,y_actual,y_predict
0,127.0,119.83902174754776
1,127.0,120.75434209665714
2,126.0,120.74712508717144
3,118.0,119.92736112069852
4,120.0,119.72532120265645
5,117.0,120.73693296278863
6,128.0,120.79915459651912
7,140.0,120.77603351128931
8,154.0,119.48849128719988
9,169.0,127.19947283056831
10,163.0,140.18281601814948
11,149.0,155.46057185299858
12,139.0,158.0339775825002
13,133.0,151.94620459183315
14,120.0,152.7788207854204
15,129.0,144.5603001219723
16,125.0,127.44589311639908
17,121.0,127.19078441810409
18,121.0,125.54950237895423
19,117.0,125.94111096417558
20,116.0,123.47930098674101
21,115.0,120.95843767101049
22,119.0,119.3512119470946
23,120.0,119.00948971153032
24,117.0,117.42751746288812
25,115.0,118.7206195170794
26,116.0,120.77030405925217
27,115.0,119.83886424146498
28,113.0,119.37314837118889
29,114.0,118.63575200877915
30,109.0,115.85198007814103
31,118.0,113.51841303413896
32,111.0,121.85336973273672
33,111.0,127.17545315294312
34,120.0,128.80782465566585
35,121.0,124.2532697230918
36,118.0,120.09598820989616
37,119.0,117.26206203463963
38,115.0,119.45694026102633
39,116.0,122.80443050058065
40,117.0,121.61178501826814
41,115.0,120.98896692695466
42,116.0,118.54811939369219
43,112.0,118.49446097528319
44,116.0,117.09397073536465
45,116.0,116.52935450715597
46,123.0,116.91310125029628
47,122.0,115.97209125522241
48,124.0,116.83448686810331
49,120.0,118.60347672386595
50,116.0,119.05931413571896
51,123.0,123.02503863571587
52,120.0,121.34411083470182
53,120.0,120.53103751123282
54,120.0,119.31588481355163
55,112.0,119.97217765917802
56,116.0,121.34720576191832
57,116.0,120.30671654040248
58,115.0,119.01908815913954
59,115.0,118.94005241451997
60,115.0,118.07189100204437
61,115.0,118.26491941822164
62,113.0,118.67109933540965
63,113.0,117.92521514520521
64,114.0,116.94528364700682
65,114.0,115.33003992113292
66,114.0,114.39820701124168
67,114.0,114.18354910590068
68,119.0,115.49051169537731
69,121.0,117.47640492781505
70,122.0,116.4909580243074
71,122.0,119.85360923398446
72,121.0,122.88987149256694
73,121.0,123.31729319163799
74,122.0,120.50125539952751
75,122.0,119.641439117028
76,130.0,119.32105962878444
77,138.0,118.43361112529938
78,148.0,122.31469697198813
79,146.0,128.80386748361153
80,140.0,140.64220674030608
81,137.0,146.21953987386877
82,137.0,149.3563522656356
83,137.0,144.72831939923506
84,137.0,138.84639272361082
85,137.0,132.20521134142103
