,y_actual,y_predict
0,157.0,168.12641500278903
1,157.0,167.55185297966747
2,154.0,166.12665935918227
3,144.0,169.37279424452817
4,134.0,174.52779703066278
5,125.0,178.0528714036314
6,123.0,167.06350637309382
7,144.0,181.39121365551796
8,134.0,181.61611294240006
9,128.0,182.24604015430896
10,122.0,181.35523513394088
11,124.0,155.71685590180493
12,123.0,143.18427139246418
13,118.0,139.11893984883943
14,111.0,138.75233121284424
15,106.0,146.85643016726993
16,103.0,154.22619607029748
17,96.0,137.95629770592507
18,90.0,128.6719616256161
19,84.0,131.66692812908016
20,79.0,126.2657726040747
21,74.00000000000003,113.61908892163953
22,69.0,106.02786226346254
23,69.0,89.85812655823537
24,65.0,85.44591636256658
25,61.00000000000003,86.16613051299694
26,56.99999999999997,81.14694704814002
27,54.0,75.24953790287302
28,51.0,74.05797132454143
29,50.0,70.72237024225768
30,50.0,67.819734484788
31,62.0,63.1897220029895
32,57.99999999999997,60.11199470768244
33,54.0,194.8887005936872
34,51.0,265.7910177239565
35,50.0,248.73710529129755
36,57.99999999999997,152.75219782936972
37,56.99999999999997,123.72733153676606
38,54.0,161.52894010832068
39,53.0,291.3672331570794
40,52.0,432.5254516145808
41,51.0,350.87926439240493
42,50.0,262.83825353144346
43,51.0,289.75035078006596
44,51.0,330.9870901028086
45,53.0,353.2174820635806
46,52.0,382.07263187107094
47,51.0,287.5934794486002
48,50.0,260.93528370497614
49,50.0,226.51575758091752
50,50.0,201.86265448045037
51,50.0,200.30146451599293
52,50.0,148.5564595674598
53,50.0,135.8157929272149
54,50.0,143.53603157941728
55,50.0,115.23518810733788
56,50.0,112.31600877441812
57,50.0,111.10264158304207
58,50.0,104.12749681633406
59,50.0,96.11838931264444
60,50.0,98.5061572453092
61,50.0,87.86002312644399
62,50.0,82.02268368217892
