,y_actual,y_predict
0,157.0,147.0687608428422
1,157.0,181.45735040704972
2,154.0,185.23312646570554
3,144.0,193.36249138652872
4,134.0,179.84859498101127
5,125.0,175.69151203839232
6,123.0,161.2789947923282
7,144.0,157.83581755502632
8,134.0,148.5961448369733
9,128.0,138.18090195498303
10,122.0,139.34247123308216
11,124.0,147.1205372988228
12,123.0,129.6976525748727
13,118.0,135.0119275071449
14,111.0,138.25933910162084
15,106.0,153.45621172109088
16,103.0,143.6726501849823
17,96.0,135.53446631537835
18,90.0,127.46562169877947
19,84.0,125.04535669086292
20,79.0,123.18937566113846
21,74.00000000000003,119.3615871162427
22,69.0,120.3055686811752
23,69.0,113.83446653328693
24,65.0,110.07030960057952
25,61.00000000000003,103.58406933014908
26,56.99999999999997,97.58246355403176
27,54.0,93.62039524886808
28,51.0,87.69186229531269
29,50.0,84.8351022373401
30,50.0,82.64922600559592
31,62.0,79.02132290441637
32,57.99999999999997,182.0290478811147
33,54.0,150.56284551562436
34,51.0,306.9851220694844
35,50.0,161.7941308333369
36,57.99999999999997,-70.08798252756975
37,56.99999999999997,145.18786789210927
38,54.0,283.2957157660097
39,53.0,204.711502160411
40,52.0,87.21402976392778
41,51.0,106.16789257913982
42,50.0,179.9782721512221
43,51.0,146.26985205821836
44,51.0,131.00927272602294
45,53.0,77.36310304607406
46,52.0,105.52228544795707
47,51.0,94.28861837035481
48,50.0,81.9690404414199
49,50.0,77.24987289347996
50,50.0,69.04252142924133
51,50.0,69.82234394880311
52,50.0,72.06162739104695
53,50.0,76.52367215738087
54,50.0,77.14067671259093
55,50.0,74.81985554439339
56,50.0,74.175192534248
57,50.0,78.468540037043
58,50.0,78.44879932444368
59,50.0,77.08312824390467
60,50.0,72.86254243287519
61,50.0,70.93739380851608
62,50.0,71.34366625672845
