,y_actual,y_predict
0,55.0,57.75994971595008
1,56.0,56.604840531263285
2,57.0,55.42175912608094
3,56.0,55.03005216427032
4,55.0,56.07494301400285
5,55.0,55.50385997558071
6,54.0,54.60483257642978
7,55.0,54.819107106779626
8,53.0,55.00720198622738
9,54.0,54.454259635879005
10,54.0,53.74455315242937
11,55.0,53.141848837742835
12,55.0,53.17629115951005
13,55.0,53.21798510802808
14,56.0,53.72518352280288
15,56.0,54.050539261963166
16,55.0,53.739239360230954
17,56.0,53.11735135506538
18,55.0,53.866128301874404
19,54.0,54.214456241643155
20,54.0,53.88377799438692
21,53.0,53.970300709237144
22,53.0,53.75115108686491
23,52.0,53.89506508169739
24,53.0,53.85558787645294
25,56.0,53.298714656315354
26,55.0,52.955197891987055
27,55.0,52.93232447155067
28,53.0,52.7806852862012
29,55.0,53.09068361390121
30,55.0,53.211236098035236
31,55.0,53.94138136120923
32,55.0,54.05901111436917
33,58.0,53.37985966238523
34,56.0,52.26893136231371
35,56.0,52.88495356843684
36,56.0,53.12927760819524
37,55.0,54.59095105695245
38,55.0,55.57630651590861
39,54.0,55.71331170929339
40,54.0,54.126655195154164
41,55.0,53.770111069307156
42,56.0,53.932587020594354
43,56.0,54.12575164710949
44,56.0,54.266211241218116
45,55.0,54.25956682199571
46,54.0,55.11772537759544
47,54.0,54.610457235640354
48,54.0,53.76412034240003
49,54.0,53.88754035682374
50,54.0,53.79355973898098
51,54.0,53.39111769670391
52,53.0,52.860113260456274
53,56.0,52.589560179709736
54,54.0,53.531196696620086
55,53.0,54.27913401196637
56,53.0,54.230981583373385
57,54.0,54.02337761993856
58,53.0,53.153714079589925
59,52.0,53.3617422167049
60,52.0,52.99210681275725
61,52.0,52.278393921739756
62,52.0,51.8724335621569
63,51.0,51.96492957211918
64,50.0,52.557761680195426
65,50.0,52.51632339800514
66,50.0,52.168925153973674
67,50.0,52.12554903723099
68,50.0,51.076352534115166
69,50.0,50.54595530539594
