,y_actual,y_predict
0,3500.0,3507.4332379038956
1,3530.0,3521.4075316215053
2,3540.0,3538.187898697203
3,3540.0,3472.58740251998
4,3540.0,3488.8460799663744
5,3540.0,3519.0149518058374
6,3540.0,3526.8392858849584
7,3540.0,3486.365279597274
8,3530.0,3519.914203471933
9,3530.0,3530.04477724205
10,3540.0,3518.6668575421336
11,3530.0,3525.1926223486553
12,3530.0,3538.8503038610793
13,3490.0,3536.708813411881
14,3600.0,3526.164838769345
15,3620.0,3540.074093591574
16,3690.0,3560.7208049657306
17,3680.0,3581.261898280936
18,3500.0,3574.224940009756
19,3580.0,3564.380003497144
20,3570.0,3575.9092172696123
21,3540.0,3559.612446017578
22,3540.0,3540.004771282835
23,3500.0,3559.1905400984424
24,3520.0,3551.987496592957
25,3530.0,3542.917548998214
26,3530.0,3523.5833048225713
27,3500.0,3541.3046997154424
28,3540.0,3546.0633660232897
29,3530.0,3541.1080797159584
30,3530.0,3517.226091302036
31,3530.0,3515.2948896774014
32,3530.0,3518.076359150345
33,3480.0,3497.311200070495
34,3480.0,3511.3252672375047
35,3480.0,3507.700678377127
36,3480.0,3493.366260671368
37,3480.0,3494.9494195156326
38,3470.0,3497.6036080299145
39,3470.0,3492.910383474534
40,3470.0,3494.771271092715
41,3450.0,3481.025842029986
42,3450.0,3473.081629652039
43,3450.0,3471.4748232255524
44,3450.0,3471.6288883885372
45,3450.0,3464.8650569247893
46,3450.0,3457.425262161252
47,3450.0,3452.00225749035
48,3450.0,3451.3895672075982
49,3450.0,3456.181437691473
50,3460.0,3455.548341989435
51,3600.0,3453.9685578776903
52,3600.0,3492.6556426526263
53,3600.0,3514.6348553210387
54,3460.0,3519.364279095382
55,3450.0,3538.836598997666
56,3450.0,3514.4839396509888
57,3450.0,3497.5610686384157
58,3450.0,3508.637749700111
59,3450.0,3522.659307692164
60,3490.0,3515.7425758758545
61,3390.0,3498.8791616782123
62,3450.0,3475.6164978181228
63,3450.0,3439.2459204415345
64,3450.0,3419.5154373627397
65,3450.0,3409.3696168033666
66,3450.0,3414.3208977073414
67,3450.0,3420.0159686290017
68,3450.0,3414.834855827016
69,3470.0,3424.5918639541133
70,3470.0,3461.466899488237
71,3450.0,3474.0880618962615
72,3450.0,3454.519084609245
73,3500.0,3472.4389850786947
74,3490.0,3479.505761853174
75,3580.0,3482.698099862064
76,3580.0,3492.0215359466238
77,3580.0,3514.7300557274293
78,3580.0,3535.3775882607574
79,3380.0,3509.521152221947
80,3390.0,3527.5173265372596
81,3390.0,3513.797857301974
82,3390.0,3486.7244963525527
83,3420.0,3490.2673007197436
84,3420.0,3443.40453305087
85,3420.0,3448.0717572356825
