,y_actual,y_predict
0,1455.0,1356.4741965506064
1,1450.0,1404.2891927705768
2,1500.0,1383.7848354189975
3,1515.0,1417.9632751145632
4,1500.0,1387.7891090954295
5,1490.0,1461.0881677176192
6,1545.0,1524.8414160326106
7,1610.0,1493.974653908594
8,1610.0,1532.126511651447
9,1560.0,1576.8388136045703
10,1535.0,1601.8254429559192
11,1565.0,1603.229350088494
12,1530.0,1583.5021419033096
13,1500.0,1581.3349538420116
14,1500.0,1603.066578247036
15,1485.0,1563.940344843569
16,1485.0,1516.6897715007294
17,1500.0,1587.4938909775535
18,1580.0,1558.6118224239553
19,1620.0,1555.460517344786
20,1620.0,1498.6277595627241
21,1615.0,1546.7645564810484
22,1615.0,1512.674172896649
23,1585.0,1514.275402497406
24,1575.0,1492.272075802778
25,1550.0,1528.5701964478953
26,1510.0,1574.9030667553454
27,1510.0,1590.0861477215267
28,1500.0,1570.3169029404942
29,1480.0,1608.8556557221898
30,1480.0,1586.4172550592311
31,1500.0,1585.5477309533296
32,1590.0,1541.7479014546057
33,1590.0,1512.7842070453705
34,1550.0,1508.7321863222846
35,1550.0,1493.1184221965852
36,1530.0,1493.3002448697232
37,1485.0,1471.5392044450014
38,1465.0,1472.4883869402954
39,1495.0,1514.994487416111
40,1495.0,1548.5140178678503
41,1485.0,1534.737291370303
42,1580.0,1556.8356802754051
43,1565.0,1550.5245284343487
44,1590.0,1541.4870442228353
45,1545.0,1506.6737367612059
