,y_actual,y_predict
0,27.0,29.108812332045122
1,27.0,28.87127748632336
2,26.0,29.322583250898653
3,27.0,30.030675346684845
4,28.0,30.99376146483371
5,28.0,30.438233026326795
6,28.0,29.1405278105848
7,28.0,27.75857723156904
8,28.0,27.365368293823753
9,28.0,28.975507007662234
10,28.0,29.8518963907411
11,27.0,29.41402866289795
12,27.0,29.148763529657202
13,28.0,27.291676496977203
14,27.0,27.539335234321122
15,27.0,28.605366984949104
16,27.0,29.171979663945276
17,27.0,28.934196599710624
18,27.0,29.202058612151713
19,27.0,28.697783016926383
20,27.0,29.444747843682457
21,27.0,29.316014875492122
22,27.0,28.75290635715719
23,26.0,28.57497819156451
24,27.0,28.35710738761882
25,27.0,28.435893655460895
26,27.0,28.323154518759534
27,27.0,28.452561956564196
28,27.0,28.691969568169394
29,27.0,28.79590807470006
30,26.0,29.00031516413641
31,27.0,28.831060951680264
32,26.0,28.5950256881467
33,27.0,28.494651257090727
34,27.0,28.554521562399017
35,26.0,28.489512277948062
36,27.0,28.299503574110958
37,26.0,28.17742115021418
38,26.0,28.44970145218465
39,26.0,28.489062060921242
40,26.0,28.20877029246587
41,26.0,28.059296527709083
42,26.0,28.05666369962067
43,26.0,27.828795681086987
44,25.0,27.548798351143454
45,24.0,27.540386311334313
46,24.0,27.94792002505088
47,25.0,27.827902094440592
48,25.0,27.833602560977923
49,25.0,27.59764775447957
50,24.0,27.39329202059761
