,y_actual,y_predict
0,27.0,30.173649210107623
1,27.0,28.89265680361607
2,26.0,29.852798536646556
3,27.0,29.94430899901475
4,28.0,29.709792148039327
5,28.0,28.97190698329947
6,28.0,29.018912722232972
7,28.0,28.693333914064365
8,28.0,28.76344794062172
9,28.0,28.75451378600961
10,28.0,29.184828823653746
11,27.0,28.95280614076988
12,27.0,29.22758061083191
13,28.0,29.1261482553555
14,27.0,28.841234487004996
15,27.0,29.17699367790559
16,27.0,29.46744871057481
17,27.0,29.466058686902645
18,27.0,29.294878641156863
19,27.0,29.130919186358362
20,27.0,28.892800599168364
21,27.0,28.96662078490089
22,27.0,28.92323218884828
23,26.0,28.74550259806591
24,27.0,28.60867085894822
25,27.0,28.414404779652152
26,27.0,28.758697551840612
27,27.0,28.92302163107528
28,27.0,28.687491363826553
29,27.0,28.459371703076357
30,26.0,28.57509117378417
31,27.0,28.55492213572326
32,26.0,28.555209726827847
33,27.0,28.775307649982267
34,27.0,28.814031449844418
35,26.0,28.408372213863096
36,27.0,28.400444628117036
37,26.0,28.502185116919794
38,26.0,28.38421456107787
39,26.0,28.250381986336574
40,26.0,28.20077936820273
41,26.0,28.639607444912976
42,26.0,28.309790091655348
43,26.0,27.601838367717825
44,25.0,27.70139453360718
45,24.0,28.10051449566279
46,24.0,28.404578750245463
47,25.0,27.76702864396988
48,25.0,27.74082019271266
49,25.0,27.51952226143732
50,24.0,27.40845389210546
