,y_actual,y_predict
0,27.0,27.07057714051217
1,27.0,28.623228446766074
2,26.0,28.731446582829268
3,27.0,27.68764322799325
4,28.0,26.600872392650622
5,28.0,25.466943463563137
6,28.0,26.55712259586547
7,28.0,28.354626914341765
8,28.0,29.575081393317955
9,28.0,28.173502721414195
10,28.0,26.85748753868022
11,27.0,27.493135777591547
12,27.0,28.39505743046149
13,28.0,28.428726131919813
14,27.0,28.619994758691295
15,27.0,28.076935448790362
16,27.0,27.56597678408703
17,27.0,27.67324313054219
18,27.0,27.889040881942325
19,27.0,27.67181544613014
20,27.0,27.677240304525576
21,27.0,27.712321283729633
22,27.0,27.68742239910937
23,26.0,27.63684916099755
24,27.0,27.18369117276058
25,27.0,27.322440185908846
26,27.0,27.56373083450836
27,27.0,27.635551577323287
28,27.0,27.798964951393433
29,27.0,27.423215190289064
30,26.0,27.344769580957777
31,27.0,27.397162517546832
32,26.0,27.38930854142873
33,27.0,27.413508990509285
34,27.0,27.306436083308995
35,26.0,27.305402124813934
36,27.0,27.02277710233743
37,26.0,26.911205448572545
38,26.0,26.880455454455408
39,26.0,26.74973160260654
40,26.0,26.66257095569521
41,26.0,26.742312436848945
42,26.0,26.699457938562
43,26.0,26.360322975886145
44,25.0,25.79557792721797
45,24.0,25.689152100003
46,24.0,25.827596403528553
47,25.0,26.098431902568844
48,25.0,26.013044734135793
49,25.0,25.640850489247047
50,24.0,25.3413277775243
