,y_actual,y_predict
0,114.00000000000001,122.26409444976358
1,110.0,135.61309362141066
2,109.0,125.96272153260406
3,105.0,93.47862527011333
4,101.0,95.25765685616969
5,101.0,85.20427083619313
6,101.0,88.99653905056459
7,100.0,166.2129261632043
8,100.0,136.2766768458868
9,93.0,104.44406855183473
10,94.0,81.81874393611977
11,91.0,114.39892082403527
12,85.0,77.54034864247154
13,80.0,91.02877374864457
14,81.0,97.06145134951635
15,81.0,104.76172063940925
16,81.0,103.2566891915323
17,82.0,101.91710721779106
18,83.0,100.24197899176852
19,88.0,96.41040630594668
20,89.0,96.56960031808663
21,89.0,96.36969810337311
22,90.0,92.51276285813063
23,90.0,91.78816502939537
24,90.0,88.47268840090831
25,90.0,87.37259931093857
26,90.0,87.43508578860843
27,89.0,87.83381356989244
28,91.0,90.31473797447728
29,91.0,90.68977949661402
30,101.0,89.80478835147818
31,97.0,89.22069991964071
32,101.0,97.76429816007035
33,100.0,102.18978539559228
34,96.0,95.37986323463548
35,94.0,94.85631241104434
36,94.0,89.12689524661963
37,94.0,84.17507698217511
38,92.0,92.21721612863257
39,90.0,97.8953221505432
40,90.0,94.26970271456804
41,90.0,94.16684874576225
42,90.0,92.79049719366697
43,89.0,95.3046068922815
44,90.0,91.28438909764697
45,88.0,95.85185760347741
46,88.0,96.54585954510932
47,87.0,95.80248170192934
48,85.0,95.44293573597812
49,83.0,95.3415127552106
50,83.0,94.85188316235454
51,80.0,95.23323466031704
52,79.0,93.52250890328605
53,81.0,91.23066571815414
54,80.0,91.26744892496569
55,78.0,92.1954787389088
56,73.0,92.5351135284422
57,68.0,89.77968473275018
58,64.0,87.4827036191381
59,60.0,85.78871360792579
60,56.0,85.14536864284761
61,58.0,89.1299480211012
62,58.0,90.38492453063864
