,y_actual,y_predict
0,114.00000000000001,97.35954660056822
1,110.0,98.81213574395801
2,109.0,73.89055232287885
3,105.0,50.60428840344409
4,101.0,50.414048765103075
5,101.0,78.3709486136967
6,101.0,106.91845129681622
7,100.0,94.66285645673165
8,100.0,67.13921890074488
9,93.0,95.9840945266684
10,94.0,73.94010539437451
11,91.0,56.12224642118929
12,85.0,74.18506328960638
13,80.0,60.91179064209726
14,81.0,74.86907557188562
15,81.0,91.47916701233783
16,81.0,113.04922653482377
17,82.0,81.87750984489023
18,83.0,78.28282700745606
19,88.0,88.43496483052877
20,89.0,92.39542183899485
21,89.0,88.70349995724783
22,90.0,90.47162877729855
23,90.0,87.85906710165301
24,90.0,87.7232867795102
25,90.0,87.9682855601146
26,90.0,88.39327537901468
27,89.0,89.00042316095411
28,91.0,90.47258276932402
29,91.0,90.55094639998961
30,101.0,91.15468706755229
31,97.0,90.99719661260073
32,101.0,92.28459522254747
33,100.0,95.37453450775021
34,96.0,88.46834092296356
35,94.0,83.3932260034527
36,94.0,89.23255667767182
37,94.0,96.3378620266366
38,92.0,88.39033163219315
39,90.0,95.25449505402804
40,90.0,102.1875230716461
41,90.0,99.58266147449206
42,90.0,98.26386289844908
43,89.0,93.60228989353237
44,90.0,88.71652876262459
45,88.0,89.12913031365076
46,88.0,94.30292889397023
47,87.0,93.52038286391496
48,85.0,92.07429449475606
49,83.0,90.13125805105977
50,83.0,91.5397182490417
51,80.0,92.69440293978471
52,79.0,90.55577087394713
53,81.0,91.40253419577564
54,80.0,90.59198168554337
55,78.0,90.85819997448624
56,73.0,90.19239531143643
57,68.0,85.9495702918816
58,64.0,85.79355171034081
59,60.0,86.01091197912086
60,56.0,85.72536853743298
61,58.0,83.03140408509782
62,58.0,83.71592062030481
