,y_actual,y_predict
0,228.0,219.07042095484164
1,226.0,216.16429803381533
2,224.0,214.4748625558943
3,218.0,214.44604714961486
4,220.0,211.90066408814548
5,220.0,210.45921042875582
6,218.0,213.24982983248145
7,216.0,215.38787250537192
8,208.0,217.95678562892593
9,199.0,213.19099560631292
10,196.0,211.7399932530061
11,194.0,213.66870847818126
12,202.0,212.684709220348
13,197.0,212.31922222670306
14,202.0,208.27739131807792
15,200.0,207.62445174896854
16,198.0,208.9090806589258
17,197.0,210.46496746270714
18,197.0,197.38493794686707
19,206.0,194.51377449356409
20,199.0,196.13083583038275
21,199.0,195.3323255456471
22,198.0,197.0330452938971
23,198.0,197.0536907917015
24,197.0,198.78106705849922
25,197.0,198.057761053405
26,197.0,199.1938802577146
27,199.0,199.40731382523347
28,197.0,193.97453634499328
29,197.0,194.09739338465198
30,196.0,194.32443338745495
31,196.0,194.43946521499913
32,198.0,194.2143724442679
33,196.0,193.5881377721428
34,196.0,194.36924391432396
35,193.0,194.73419874516668
36,194.0,193.5960476465213
37,194.0,193.48169311708904
38,193.0,194.46445267748533
39,192.0,193.0823654070664
40,192.0,191.37934768307952
41,191.0,192.1602361222961
42,194.0,195.12529002636404
43,190.0,194.51344793911727
44,189.0,196.22790716335192
45,185.0,195.40778381208048
46,179.0,189.5377983059867
47,184.0,187.86050581564365
48,182.0,188.70029500137906
49,182.0,190.72828277838704
50,181.0,190.09675066745802
51,171.0,185.16979393073083
52,160.0,186.28687622025186
53,150.0,186.0556635772951
54,164.0,180.34119055554183
55,166.0,178.0434446162433
56,160.0,179.93386830887664
