,y_actual,y_predict
0,104.0,100.58289813318851
1,106.0,101.81578549824775
2,111.0,101.8666466803323
3,123.0,103.01543611958321
4,117.0,105.13680798815781
5,125.0,104.85797395115128
6,125.0,104.80194860581986
7,123.0,104.720865307024
8,121.0,105.18489802176526
9,122.0,106.46475530924664
10,130.0,109.59404917000263
11,131.0,112.62384110289409
12,138.0,113.9533603170104
13,135.0,114.38667516416244
14,134.0,117.32113783068044
15,128.0,118.06667460212314
16,125.0,117.73108533379201
17,144.0,118.51522691860859
18,144.0,120.64135183994597
19,142.0,120.20204401322346
20,145.0,119.30173183909582
21,152.0,124.24133862513092
22,142.0,125.06283630270654
23,144.0,122.75544243620313
24,158.0,124.94409792170866
25,160.0,128.70425291181124
26,155.0,127.11455462332418
27,150.0,125.4442610923379
28,151.0,135.69498223802978
29,167.0,135.18863482252465
30,170.0,132.93781151739574
31,180.0,136.89741225203653
32,174.0,137.93638297880105
33,180.0,142.07691629548452
34,183.0,138.51182773396113
35,195.0,138.08582493745152
36,262.0,143.06625477471323
37,244.0,150.12379505072857
38,228.0,147.58651787470055
39,214.0,145.29648738040822
40,216.0,153.9010561941832
41,202.0,160.66975068375555
42,192.0,164.83445377938165
43,180.0,176.95751277060987
44,190.0,189.0920344894538
45,186.0,196.3195942328428
46,206.0,182.79301284268138
47,210.0,198.0764649936398
48,236.0,190.05540485617837
49,224.0,174.93433914799033
50,266.0,165.34845620400796
51,260.0,169.14735450994698
52,294.0,173.48868122211388
53,284.0,163.50244701706873
54,282.0,175.44977056627795
55,276.0,180.1917519258542
56,274.0,190.03456353324077
57,302.0,197.32749643895812
58,294.0,201.83954612307045
59,318.0,212.48119596546746
60,312.0,221.23822741064782
61,298.0,232.1817246833542
62,302.0,223.25587852237925
63,288.0,228.8288746573156
64,302.0,229.03938081279253
65,298.0,230.2587301117495
66,292.0,230.3896786939705
67,296.0,232.8384022320316
68,284.0,240.1421427267322
69,272.0,235.89436453499152
70,278.0,236.94787142496946
71,296.0,237.57785976895676
72,286.0,233.41761513355402
73,278.0,229.09571394137407
74,290.0,229.282775806998
75,306.0,228.61635472000208
76,308.0,225.8858512195403
77,312.0,223.0965347368816
78,310.0,229.00482115070614
79,300.0,230.98876559964438
80,302.0,224.19360614746415
81,326.0,221.32422205073507
82,366.0,228.36957411004514
83,388.0,234.23691655779476
