,y_actual,y_predict
0,50.0,51.367151620122726
1,50.0,51.3662200088572
2,50.0,51.36524316964004
3,50.0,51.36859257420811
4,50.0,51.37288584808467
5,50.0,51.35659617705435
6,50.0,51.36354479665234
7,50.0,51.36223149529028
8,50.0,51.35772349431622
9,50.0,51.360683600347286
10,50.0,51.36848309720367
11,50.0,51.36906176136996
12,50.0,51.36072460138756
13,50.0,51.365913980474154
14,50.0,51.36809718019577
15,50.0,51.351772425801094
16,50.0,51.34606989967441
17,50.0,51.357400558287694
18,50.0,51.362620793827276
19,50.0,51.365923279679166
20,50.0,51.367070040733324
21,50.0,51.367781852607706
22,50.0,51.3643263525643
23,50.0,51.362264887890085
24,50.0,51.3648982536724
25,50.0,51.364989132266814
26,50.0,51.36504112327664
27,50.0,51.36633329008187
28,50.0,51.36655773907551
29,50.0,51.36629355711501
30,50.0,51.366244524943134
31,50.0,51.36797840398633
32,50.0,51.36737480104296
33,50.0,51.365768152031954
34,50.0,51.36624621570768
35,50.0,51.36703707082465
36,50.0,51.36748258728285
37,50.0,51.36590848548937
38,50.0,51.36316860154058
39,50.0,51.366008663288795
40,50.0,51.36623987534063
41,50.0,51.364993359178186
42,50.0,51.36433818791613
43,50.0,51.36612828488052
44,50.0,51.36555891991923
45,50.0,51.36523387043503
46,50.0,51.36564853044024
47,50.0,51.365907217415966
48,51.0,51.36448443904946
49,50.0,51.586214260611584
50,50.0,51.75215603786434
51,50.0,51.55824436539785
52,50.0,51.28125021384486
53,50.0,51.15890649120706
54,50.0,51.41397607618494
