,y_actual,y_predict
0,50.0,50.378703613577436
1,50.0,50.37773226934505
2,50.0,50.37873024311906
3,50.0,50.38186661135418
4,50.0,50.375376611639616
5,50.0,50.36838572292795
6,50.0,50.37264729496925
7,50.0,50.37447289798912
8,50.0,50.375011406497414
9,50.0,50.385856392994505
10,50.0,50.377021725544076
11,50.0,50.37212400334188
12,50.0,50.3713445608856
13,50.0,50.37298333442301
14,50.0,50.378244993694
15,50.0,50.378001100908065
16,50.0,50.38640800492804
17,50.0,50.38836760103828
18,50.0,50.38056091843257
19,50.0,50.37612773378973
20,50.0,50.378723902752
21,50.0,50.38293221571007
22,50.0,50.380076091698655
23,50.0,50.381191996299826
24,50.0,50.38120721318075
25,50.0,50.38100897103759
26,50.0,50.37951348979556
27,50.0,50.37984572502909
28,50.0,50.38075662442891
29,50.0,50.37944754997822
30,50.0,50.3808483484056
31,50.0,50.380558382285756
32,50.0,50.37870953125335
33,50.0,50.37938921860134
34,50.0,50.37947122068188
35,50.0,50.38089949403316
36,50.0,50.38014160882486
37,50.0,50.378849442019636
38,50.0,50.378738696941795
39,50.0,50.380308571823896
40,50.0,50.378723902752
41,50.0,50.37852523791771
42,50.0,50.38082636846649
43,50.0,50.38052414430367
44,50.0,50.37932708300423
45,50.0,50.378810977126186
46,50.0,50.37839673981212
47,50.0,50.37978781634335
48,51.0,50.38087709140291
49,50.0,50.37999704845607
50,50.0,50.48387085917989
51,50.0,50.4361325448799
52,50.0,50.41159236555022
53,50.0,50.73965901909034
54,50.0,50.248794564973046
