,y_actual,y_predict
0,50.0,51.3164088172223
1,50.0,51.30933043144531
2,50.0,51.30705719851155
3,50.0,51.307322225854335
4,50.0,51.31273267240548
5,50.0,51.31235182769122
6,50.0,51.31216203937079
7,50.0,51.314046819149816
8,50.0,51.31186657826616
9,50.0,51.31146502168619
10,50.0,51.312898790022246
11,50.0,51.31418715260724
12,50.0,51.31373487309085
13,50.0,51.31218444200104
14,50.0,51.313091537180625
15,50.0,51.31217683356058
16,50.0,51.312017479002
17,50.0,51.31313676513227
18,50.0,51.31336501834615
19,50.0,51.3134529381026
20,50.0,51.31223093802609
21,50.0,51.31333754342225
22,50.0,51.313355719141136
23,50.0,51.31479625053538
24,50.0,51.31185432022319
25,50.0,51.31293049185751
26,50.0,51.313845195477555
27,50.0,51.31432875413807
28,50.0,51.31438877627949
29,50.0,51.31193294077464
30,50.0,51.313015875467144
31,50.0,51.312938945680244
32,50.0,51.312584730507595
33,50.0,51.313566219327264
34,50.0,51.31212906946212
35,50.0,51.31229011478524
36,50.0,51.3119244869519
37,50.0,51.312479057723394
38,50.0,51.31227827943341
39,50.0,51.312579658213956
40,50.0,51.31189701202801
41,50.0,51.31183234028408
42,50.0,51.31280537528101
43,50.0,51.31222924726154
44,50.0,51.31223305148177
45,50.0,51.31238522029102
46,50.0,51.31287046971608
47,50.0,51.31309491870972
48,51.0,51.31360933382322
49,50.0,51.312080037290244
50,50.0,51.31353958978565
51,50.0,50.59735962519269
52,50.0,51.01753997664835
53,50.0,51.71179241582824
54,50.0,51.38953861080151
