,y_actual,y_predict
0,222.0,211.45214731140703
1,220.0,212.73512561671853
2,210.0,214.34260939451335
3,218.0,215.2860503619495
4,208.0,215.75821422319405
5,210.0,214.29825992263295
6,208.0,211.99714227929636
7,208.0,212.42671455312689
8,206.0,208.94710335074714
9,206.0,208.98740968835497
10,204.0,207.83714384743104
11,206.0,209.35337779578398
12,208.0,210.47590031341937
13,214.0,208.98183133498185
14,216.0,210.2227805759085
15,214.0,211.95507415081227
16,214.0,210.4928228812152
17,214.0,211.78798527908327
18,218.0,209.13040382366557
19,212.0,208.53045738735898
20,208.0,209.55740958617525
21,218.0,211.13401319351166
22,214.0,211.88950506021843
23,216.0,210.63967264312194
24,218.0,208.7211605070856
25,210.0,208.96626429143006
26,212.0,208.5904168733003
27,210.0,208.82846568131993
28,210.0,208.16083288024
29,208.0,209.68809462381168
30,212.0,210.31700318330343
31,208.0,209.85047236517096
32,212.0,210.7397509589947
33,210.0,210.5140034358294
34,210.0,208.94747055328008
35,212.0,208.23206235881545
36,210.0,206.90219541517223
37,212.0,208.21155761311826
38,212.0,208.89137841316466
39,210.0,210.0479765445773
40,210.0,210.84664596018686
41,208.0,211.07404589475047
42,206.0,208.7691468466063
43,204.0,208.02145608052012
44,204.0,207.88612241507275
45,195.0,206.60497621601615
46,200.0,205.4771995770314
47,195.0,204.8995743670372
48,200.0,203.5091815080135
49,200.0,202.3014992540095
50,202.0,201.2686054056971
51,204.0,202.14153958039395
52,206.0,203.49591143349772
53,202.0,202.4431691163555
54,199.0,203.4027943401116
55,197.0,203.48403985373514
56,199.0,202.13810584606972
57,192.0,202.59618709953406
58,194.0,202.46556065804654
59,194.0,200.73680238412504
60,194.0,198.69232024723198
61,198.0,198.33433293528006
62,199.0,195.34544494769935
63,200.0,194.77283556804903
64,200.0,194.63527915535425
65,202.0,195.3108341557624
66,202.0,198.0245897859039
67,199.0,198.29568291548048
68,198.0,200.31934779388237
69,198.0,201.82387423168956
70,194.0,200.26510729207146
71,200.0,198.56025234048204
72,196.0,197.8622940791531
73,183.0,196.96626130256874
74,184.0,195.36439884865624
75,183.0,194.46686991707054
76,195.0,191.5228275154307
