,y_actual,y_predict
0,26.0,27.057536631157085
1,26.0,27.03743201025136
2,26.0,28.44378664700207
3,26.0,27.910507271581526
4,26.0,26.79400991069278
5,26.0,27.121269766919653
6,26.0,27.554566232064886
7,26.0,28.042735472883102
8,25.0,27.811892461969485
9,26.0,28.57626928762586
10,25.0,28.35085953485421
11,26.0,28.09608356984838
12,26.0,28.46030367346463
13,26.0,28.597579559473747
14,25.0,28.619107083358294
15,25.0,28.43538232046691
16,25.0,27.92070637395105
17,25.0,27.951609008246265
18,25.0,28.017761274795387
19,25.0,27.943390618138874
20,26.0,28.03544089323789
21,26.0,28.06680738998975
22,25.0,27.625728996035992
23,25.0,27.571320082819657
24,24.0,27.635346802415544
25,25.0,27.85181007717317
26,25.0,28.315848684118073
27,25.0,28.20545920556436
28,25.0,27.730638243034406
29,24.0,27.98676273644795
30,24.0,27.9020794583397
31,24.0,27.394717663724606
32,24.0,26.916659450125916
33,24.0,27.18074397987353
34,24.0,28.07519605872047
35,24.0,28.091987096760793
36,23.0,27.59634321154626
37,24.0,26.81532801144289
38,23.0,26.870373022964753
39,23.0,27.26553490538733
40,23.0,27.38334618324736
41,23.0,26.723692668161632
42,23.0,26.706606089062433
