,y_actual,y_predict
0,26.0,27.256404448171093
1,26.0,27.493138708006658
2,26.0,27.850819721042104
3,26.0,28.062425161971067
4,26.0,27.488960031445743
5,26.0,27.868160739463512
6,26.0,28.16413238796074
7,26.0,28.03789525408444
8,25.0,28.13463504161435
9,26.0,28.18236394400989
10,25.0,28.009110337840234
11,26.0,27.90145901783862
12,26.0,27.67831377503464
13,26.0,27.7383555833996
14,25.0,27.713811974934085
15,25.0,28.010529326367948
16,25.0,28.0269367481994
17,25.0,27.904320481600706
18,25.0,27.80201825904217
19,25.0,27.282552981592087
20,26.0,27.084851671009137
21,26.0,27.24883781417367
22,25.0,27.237025957946447
23,25.0,27.41244425558044
24,24.0,27.28365685680537
25,25.0,27.46643432252791
26,25.0,27.03778235362579
27,25.0,27.16118542489778
28,25.0,27.238820733780805
29,24.0,27.271901760119256
30,24.0,27.35116743788998
31,24.0,27.18668415943436
32,24.0,27.072460476017497
33,24.0,26.522746277607723
34,24.0,26.08688976143594
35,24.0,26.309256028468845
36,23.0,26.529449775135188
37,24.0,26.277760354830324
38,23.0,26.259004262332315
39,23.0,26.278100912076972
40,23.0,25.903118025131228
41,23.0,25.89224759439618
42,23.0,25.29516266586752
