,y_actual,y_predict
0,940.0,857.2567902923638
1,935.0,856.8580273976515
2,935.0,865.9463998921501
3,945.0,874.831073861867
4,940.0,874.5559064016797
5,940.0,872.167718464085
6,940.0,856.2371560949093
7,935.0,851.5547751345416
8,945.0,864.3679734829773
9,950.0,866.0157947009714
10,930.0,867.1008040820838
11,930.0,861.8244833075687
12,935.0,857.5595645381734
13,915.0,854.1086680998732
14,910.0,859.5198071023694
15,850.0,871.4141191384467
16,830.0,861.2149795047886
17,845.0,862.0178433564299
18,850.0,870.946250847925
19,820.0,870.9370378670503
20,835.0,872.5076340464047
21,815.0,848.6738615444146
22,780.0,842.6187625122375
23,825.0,838.2798987183359
24,885.0,831.555242683437
25,875.0,824.7997320057838
26,855.0,825.971709996932
27,860.0,807.5232061898862
28,865.0,801.3557666736417
29,855.0,809.8480930704072
30,830.0,800.9279820852496
31,825.0,788.6214172924117
32,835.0,810.3200774570963
33,820.0,819.6929590206619
34,815.0,823.8148112912406
35,800.0,806.4599510201583
36,830.0,798.458967524869
37,820.0,806.4565423780198
38,795.0,808.1784211700248
39,795.0,799.3992382430968
40,770.0,799.143734789209
41,725.0,804.5924974832349
42,745.0,802.2976934774368
43,750.0,796.9052698497015
44,780.0,796.8422582056397
45,745.0,794.1164699898196
46,750.0,783.763539497409
47,745.0,766.7957048155616
48,745.0,761.9747593365605
49,730.0,764.977957963409
50,745.0,758.5176646362581
51,730.0,763.2086154374744
52,725.0,764.7518942442182
53,715.0,759.5011704427437
54,725.0,752.3744634597491
55,730.0,748.512833683
56,735.0,741.935360243085
57,725.0,735.4855581376107
58,710.0,734.1716311034415
59,715.0,733.2137303092469
60,720.0,734.2905155372748
61,715.0,728.2965469645831
62,720.0,730.4669676893241
63,730.0,729.5605743719735
