,y_actual,y_predict
0,1165.0,1168.1543250799482
1,1115.0,1168.5322374874477
2,1125.0,1173.1108352903636
3,1100.0,1168.897093038186
4,1095.0,1159.7111763282292
5,1115.0,1154.3736686298294
6,1065.0,1138.6340258794355
7,1115.0,1106.5827266493
8,1115.0,1120.6723887415121
9,1070.0,1112.4783751667392
10,1065.0,1104.262666509848
11,1100.0,1105.7183468087305
12,1100.0,1100.0678726229698
13,1100.0,1102.9205569802914
14,1100.0,1113.5729020114647
15,1090.0,1118.0026994162945
16,1190.0,1109.2174251906981
17,1220.0,1110.55483743642
18,1205.0,1098.4973278113323
19,1215.0,1112.4027409355022
20,1205.0,1169.4344145398904
21,1125.0,1205.5124006261071
22,1050.0,1217.4859761582666
23,1090.0,1186.9085492500008
24,1015.0,1121.1042801056208
25,1025.0,1113.5534162450485
26,1010.0,1097.5453714924886
27,940.0,1060.2211522166806
28,975.0,1056.0723359808967
29,940.0,1038.5389279179906
30,955.0,1007.9395471789207
31,995.0,990.8154795369676
32,1020.0,993.6291923614568
33,1005.0,987.3534221208163
34,1020.0,988.7898754019686
35,1020.0,1018.5736006683819
36,1005.0,1043.5073405679534
37,995.0,1054.3048436118668
38,1010.0,1064.2716837593466
39,1060.0,1051.5534295094228
40,1080.0,1035.803596041557
41,1035.0,1040.2040752299097
42,1065.0,1045.4637592851154
43,1010.0,1081.5043462343601
44,1040.0,1068.6431432873983
45,1040.0,1060.9715234055325
46,1035.0,1066.2684672714952
47,1025.0,1055.005256400612
48,1040.0,1042.4172522583767
49,1065.0,1053.5790734519119
50,1065.0,1054.3070728313137
51,1065.0,1052.4562235779624
52,1075.0,1067.9424120387318
53,1080.0,1095.0476505246097
54,1055.0,1095.769380224317
55,1070.0,1098.118878002716
56,1090.0,1096.5670427114371
57,1075.0,1095.6863218961716
58,1080.0,1083.7658694595834
59,1090.0,1080.972219610117
60,1145.0,1095.8463679102183
61,1105.0,1095.398055956433
62,1105.0,1108.0397006916116
63,1105.0,1124.7044496087601
64,1105.0,1138.4712928598055
65,1105.0,1118.6626080838378
66,1125.0,1125.4630410443228
67,1130.0,1131.8058670020787
68,1130.0,1119.6800477239367
69,1130.0,1124.7739136790278
70,1130.0,1142.4825941209533
71,1130.0,1140.5509754701388
72,1130.0,1153.3958175386595
73,1130.0,1132.6584041143358
74,1125.0,1139.8845980854503
75,1110.0,1139.8696304691634
