,y_actual,y_predict
0,178.0,199.06233441433346
1,179.0,194.6027074496671
2,171.0,188.08464629394828
3,166.0,188.4176809894863
4,165.0,185.7278756912404
5,167.0,188.47696903347548
6,166.0,193.78979454331122
7,172.0,190.19372432407863
8,166.0,189.63541395581873
9,165.0,185.01438801139676
10,170.0,180.21297417806989
11,160.0,178.3615082999234
12,165.0,176.14795752940606
13,165.0,173.49269531073907
14,155.0,171.05572457113027
15,159.0,171.36848823501074
16,158.0,169.71598077809995
17,161.0,170.3114726991006
18,157.0,168.4943204680842
19,168.0,166.16244328607698
20,164.0,165.31309110843253
21,164.0,164.45707864175813
22,164.0,166.36350708743151
23,162.0,165.30429169921766
24,159.0,165.36501707001875
25,158.0,162.24886554968322
26,152.0,162.2568282052611
27,159.0,160.90157747789348
28,156.0,159.07094271650033
29,153.0,158.8984702470809
30,151.0,158.97898754060225
31,161.0,158.679787383257
32,158.0,161.90807063896335
33,158.0,160.40560525558988
34,156.0,158.2650814839401
35,161.0,157.2393564852457
36,157.0,159.07613193865234
37,160.0,157.8532772302999
38,159.0,157.96089454483888
39,157.0,155.67153659401487
40,158.0,154.35740825909772
41,159.0,154.86857025911814
42,157.0,155.294322656046
43,159.0,154.95461417545158
44,159.0,156.0440134267162
45,157.0,157.5746855052723
46,157.0,157.78587132642923
47,157.0,157.9830280281401
48,153.0,159.0632904695297
49,151.0,157.23255448793853
50,152.0,156.91208459298184
51,153.0,156.41374381804445
52,152.0,156.6240658935116
53,152.0,156.09743744723318
54,152.0,155.83915724194233
55,153.0,155.33620082597508
56,150.0,155.74365935911345
57,149.0,156.18133549536853
58,144.0,154.81427574489817
59,140.0,154.34413491713022
60,141.0,154.58670574768774
61,142.0,154.93705584510107
62,140.0,154.3210094758884
63,141.0,152.72664964873564
64,140.0,152.40983042892103
65,139.0,152.15196185243548
66,139.0,150.5132068464295
67,139.0,149.24836599993682
68,138.0,147.52648896731367
69,137.0,146.69189469454108
70,136.0,146.65357947558246
71,149.0,147.03909346978926
72,156.0,144.39134853782883
73,148.0,142.85438056295564
74,156.0,141.85887316737796
75,152.0,139.65356172097975
