,y_actual,y_predict
0,204.0,210.35592162608822
1,202.0,208.7660675229064
2,204.0,208.599096143955
3,206.0,210.26711824798764
4,208.0,209.59834982063595
5,204.0,210.06504608024238
6,206.0,208.8712081345009
7,204.0,207.14210337900153
8,202.0,206.94789653777747
9,204.0,207.4885012555086
10,204.0,210.1740822862921
11,204.0,210.01048079873797
12,206.0,209.59246599025633
13,202.0,208.9200311210644
14,204.0,207.58115304958486
15,204.0,206.5316273330396
16,202.0,206.710669662976
17,204.0,205.88524172434848
18,200.0,206.03139391424764
19,204.0,205.89249373063538
20,202.0,206.5633447508706
21,202.0,208.12183864470953
22,202.0,207.10700932999046
23,202.0,206.1819134833976
24,197.0,205.77687275679543
25,192.0,204.5154213100593
26,179.0,204.78818705953628
27,167.0,201.02048672261324
28,163.0,197.9542831982921
29,162.0,196.11331826775208
30,160.0,191.55265552592272
31,174.0,188.09741825913636
32,173.0,184.39321341592046
33,176.0,182.85911753579768
34,178.0,181.5921125080389
35,179.0,179.41643648435752
36,179.0,176.7517622598026
37,178.0,178.12593657377704
38,178.0,179.9274670351863
39,179.0,185.67734423176012
40,180.0,187.315347343226
41,179.0,184.73625488059588
42,179.0,183.03147400120193
43,175.0,178.19775569923542
44,177.0,176.04764367169366
45,177.0,173.92534672774485
46,175.0,175.70844388321112
47,167.0,179.28966116999263
48,170.0,176.36105705120434
49,171.0,177.41255078432562
50,171.0,179.0300177776166
51,167.0,176.71736240841938
52,166.0,176.45208455762713
53,165.0,176.5613229571607
54,166.0,175.05473887040515
55,164.0,174.54916080385712
56,163.0,173.46498586396524
57,168.0,173.05898134842343
58,166.0,172.7361322730004
59,167.0,173.61404290024882
60,161.0,173.05135865408283
61,162.0,170.04102118934543
62,161.0,168.49707848655987
63,162.0,169.18802753908835
64,159.0,168.89491438535475
65,158.0,168.798670287049
66,158.0,167.9540541868055
67,159.0,166.6627522420725
68,158.0,165.84349794448474
69,157.0,163.56382707228394
70,149.0,162.26026546264768
71,144.0,160.72205157523746
72,150.0,162.0233149189408
73,149.0,159.76074961547246
74,147.0,157.39514651264153
75,146.0,156.51039500585665
