,y_actual,y_predict
0,204.0,215.92673627337726
1,202.0,214.00632615314686
2,204.0,214.08809319800997
3,206.0,212.78216592461285
4,208.0,212.35973655840078
5,204.0,212.2924667863287
6,206.0,212.93579253363112
7,204.0,212.9542123600085
8,202.0,212.85069603606752
9,204.0,212.8696280859373
10,204.0,212.43065255296472
11,204.0,211.27905619588788
12,206.0,211.19708695754093
13,202.0,210.91065966833946
14,204.0,211.0520333522373
15,204.0,211.45266963078328
16,202.0,211.69844255016818
17,204.0,211.62714912776778
18,200.0,210.36409024283518
19,204.0,210.6960582443792
20,202.0,211.1700671683177
21,202.0,210.33506873812198
22,202.0,210.05154629530497
23,202.0,209.80724938835203
24,197.0,210.08091826872348
25,192.0,209.85454244422118
26,179.0,207.59040003157895
27,167.0,205.60651126709837
28,163.0,202.9869059700904
29,162.0,196.54301311981664
30,160.0,190.62400107401436
31,174.0,184.07388924689894
32,173.0,175.83571794150282
33,176.0,171.65045436154534
34,178.0,168.76762010771466
35,179.0,171.82935515604305
36,179.0,177.26346004912807
37,178.0,179.61670913009664
38,178.0,183.74767028007867
39,179.0,179.5170412221313
40,180.0,179.3771368108827
41,179.0,181.51450390916003
42,179.0,181.0434739692167
43,175.0,182.943371560512
44,177.0,184.02031471346532
45,177.0,183.36132571094845
46,175.0,182.2139248686612
47,167.0,183.9825786695988
48,170.0,183.5756103651174
49,171.0,182.02915372334948
50,171.0,179.28988358282484
51,167.0,178.34648922594488
52,166.0,177.88765155307684
53,165.0,177.53536310640732
54,166.0,176.6625073162548
55,164.0,175.11274818091758
56,163.0,173.37730802959135
57,168.0,173.15854141986406
58,166.0,172.6869251188176
59,167.0,171.83286658287898
60,161.0,171.04834238603144
61,162.0,171.642757529594
62,161.0,172.34100576688894
63,162.0,171.19537074769386
64,159.0,170.6781328569113
65,158.0,169.49607605149464
66,158.0,168.83885287206994
67,159.0,167.24349236634498
68,158.0,165.63434900480524
69,157.0,164.74998840542247
70,149.0,164.59472402918516
71,144.0,164.9813786283239
72,150.0,164.10025986446527
73,149.0,159.96287570148007
74,147.0,158.74447124745257
75,146.0,156.7493944435331
