,y_actual,y_predict
0,146.0,132.64451534009646
1,151.0,135.90498029357983
2,150.0,138.91968765522745
3,151.0,144.65287309810478
4,149.0,148.23155178215103
5,146.0,148.1667016380238
6,147.0,147.0430860135227
7,147.0,146.55568333780977
8,144.0,144.21331280260708
9,134.0,144.46589188677942
10,128.0,142.77756946900777
11,133.0,138.42599670356003
12,133.0,134.80912869449185
13,134.0,133.51337611242928
14,134.0,135.95043239346148
15,138.0,137.35749849198172
16,139.0,138.40998182532502
17,140.0,140.8341428504037
18,140.0,140.3677930283981
19,142.0,142.20540990423564
20,144.0,139.93193460295547
21,144.0,141.14315093722035
22,147.0,142.69414255644188
23,148.0,142.36204681317238
24,147.0,144.01501759770275
25,149.0,144.9005061406638
26,151.0,145.03316669917754
27,154.0,146.43680060029573
28,149.0,148.11220937534208
29,141.0,147.96991414840682
30,138.0,145.9866004928516
31,142.0,142.85677355298435
32,145.0,140.3873075221984
33,146.0,139.9681504144712
34,148.0,142.86470438055272
35,146.0,143.12739006028934
36,146.0,146.8650101286709
37,142.0,146.6292733274644
38,138.0,145.7308711417781
39,136.0,142.91388286618516
40,135.0,138.5067391474436
41,134.0,136.60879527334083
42,131.0,137.24408275461525
43,130.0,136.54225354620831
44,127.0,135.70608445413015
45,125.0,133.18998957006755
46,125.0,132.90306399617884
47,124.0,131.05338539804262
48,116.0,130.53666195023777
49,108.0,127.97800168946563
50,108.0,123.35392470814175
51,109.0,120.25279339012535
52,102.0,118.06356014829409
53,95.00000000000001,119.05926513032894
54,88.99999999999999,112.18519888423332
55,83.0,108.92287073787456
56,78.0,104.32377525049857
57,73.0,101.2651909224199
58,73.0,97.22491846133946
