,y_actual,y_predict
0,138.0,144.42548394801423
1,140.0,140.38522179625102
2,143.0,143.20622481597582
3,142.0,142.53712507767165
4,141.0,140.0347467941362
5,142.0,141.15113248132977
6,140.0,139.65627482545392
7,140.0,140.31273369412145
8,139.0,139.45948877652998
9,140.0,141.38014684087864
10,141.0,142.55016171285297
11,143.0,142.6228782169884
12,143.0,141.94684765919502
13,143.0,142.97185088521965
14,142.0,144.15786177353786
15,142.0,144.52455725603687
16,141.0,142.49728664848823
17,137.0,143.47247460943402
18,140.0,143.12391936555838
19,139.0,142.01481891475973
20,140.0,140.7735780586367
21,139.0,142.4672084670912
22,137.0,142.06011142632528
23,137.0,142.96107070433794
24,137.0,141.48034050011984
25,137.0,141.6603055289027
26,132.0,141.27030319688836
27,130.0,138.12608771102825
28,129.0,135.43278700937537
29,129.0,134.2376479167526
30,128.0,135.66832657795473
31,125.0,137.1087536730464
32,123.0,135.88777758799813
33,122.0,132.82246121229514
34,120.0,132.2468645296457
35,117.0,131.33873815420668
36,116.0,129.3640216668248
37,115.0,127.77664347771614
38,113.0,126.11341219485658
39,110.0,126.80626574177383
40,103.0,125.32171177293978
41,96.0,122.46359539623984
42,90.0,117.51851869812307
43,90.0,115.3563235435575
44,89.00000000000001,116.00912404216511
45,89.00000000000001,112.47257101067865
46,89.00000000000001,110.45671459647633
