,y_actual,y_predict
0,138.0,142.5779283084317
1,140.0,141.40822256675844
2,143.0,138.99430280491993
3,142.0,136.8368351780798
4,141.0,136.24514993689445
5,142.0,133.90642169058285
6,140.0,135.36215762701792
7,140.0,135.54569832858277
8,139.0,136.27498790238872
9,140.0,137.9632705535328
10,141.0,138.08197855813117
11,143.0,139.03307010745502
12,143.0,138.05327669571795
13,143.0,137.37925056242457
14,142.0,138.17316412101917
15,142.0,136.03896396403823
16,141.0,134.86475909664543
17,137.0,136.86153212945865
18,140.0,138.31539359425912
19,139.0,139.0542583314674
20,140.0,138.0223774484894
21,139.0,137.84835284084258
22,137.0,138.85601720424728
23,137.0,136.75053269255923
24,137.0,133.86946782121527
25,137.0,133.2716925162003
26,132.0,134.16461440638483
27,130.0,135.22317697541354
28,129.0,135.58778336715176
29,129.0,133.1546089224197
30,128.0,131.7738045957807
31,125.0,132.16900307342917
32,123.0,132.72565420348616
33,122.0,129.56898096339074
34,120.0,127.92984215418748
35,117.0,128.66211473694975
36,116.0,127.72056290933764
37,115.0,125.19803602471318
38,113.0,123.97587658099644
39,110.0,119.99692461595359
40,103.0,120.30498772835307
41,96.0,118.30732077734437
42,90.0,115.7318833866646
43,90.0,112.94464251517331
44,89.00000000000001,110.38399218539246
45,89.00000000000001,108.98057606016982
46,89.00000000000001,109.0502898655209
