,y_actual,y_predict
0,640.0,644.1302869936628
1,635.0,645.4791295914608
2,635.0,647.3681922436604
3,645.0,646.5904742653768
4,650.0,647.3732960941222
5,655.0,645.8785058901021
6,645.0,649.2955337743239
7,610.0,658.6898835873271
8,620.0,657.9751568811043
9,620.0,657.8585188867257
10,620.0,655.5784487495098
11,620.0,642.937806108728
12,620.0,635.2575994846686
13,600.0,634.0731871868609
14,630.0,635.1383532725906
15,590.0,632.0493791296369
16,645.0,631.9624260302239
17,645.0,628.7971943568398
18,610.0,616.4939875353808
19,610.0,607.4480693371806
20,600.0,611.7588715052252
21,600.0,628.5614039711638
22,600.0,634.1111095463589
23,600.0,632.2012186808774
24,595.0,619.8916508104973
25,625.0,616.9033276009164
26,655.0,617.2368604757685
27,650.0,643.4995861784998
28,715.0,621.9070525257841
29,785.0,616.2933424140986
30,755.0,587.0559913357465
31,735.0,577.7444477436559
32,725.0,574.1442066391779
33,790.0,645.4368539477455
34,860.0,695.4830161705745
35,835.0,710.4621792948542
36,835.0,679.9533127060328
37,850.0,658.42245683445
38,830.0,638.8769612642225
39,825.0,669.987481754549
40,825.0,705.6202389239653
41,840.0,697.7847776722532
42,850.0,613.4786439410019
43,855.0,712.4094108309941
44,865.0,714.6243693465088
45,870.0,646.240729159646
46,900.0,673.2465529726383
47,890.0,671.3443554111618
48,880.0,705.4605559554707
49,870.0,700.6833519231607
50,860.0,695.3132380860928
