,y_actual,y_predict
0,640.0,669.3090824545548
1,635.0,681.8695833845915
2,635.0,685.0098774945056
3,645.0,681.7394351978138
4,650.0,682.818524287377
5,655.0,695.9836063272721
6,645.0,704.1854940194967
7,610.0,713.4631307814968
8,620.0,716.070973197639
9,620.0,722.1463190779382
10,620.0,726.0061435180393
11,620.0,725.4712524839729
12,620.0,715.2840795470177
13,600.0,716.5896520008264
14,630.0,712.2987773665707
15,590.0,726.4521299804574
16,645.0,732.4801526590477
17,645.0,730.2321317004673
18,610.0,717.4129481143007
19,610.0,721.129789684845
20,600.0,724.5714361418828
21,600.0,728.8415576194811
22,600.0,728.9506148947914
23,600.0,712.226723007109
24,595.0,703.7491148050067
25,625.0,708.3233281965208
26,655.0,711.6731428735571
27,650.0,699.1670204679266
28,715.0,696.299707301098
29,785.0,687.3813290719763
30,755.0,682.476266079934
31,735.0,689.8958385756282
32,725.0,682.4711997577843
33,790.0,713.1243627070903
34,860.0,707.8845096417367
35,835.0,635.7058001175076
36,835.0,597.607507891886
37,850.0,618.9895264772057
38,830.0,653.9033725335867
39,825.0,707.9831340462499
40,825.0,725.0841104151152
41,840.0,728.4306976573007
42,850.0,682.4702240216666
43,855.0,676.0778014314237
44,865.0,745.6454973971281
45,870.0,741.1881096415539
46,900.0,722.7528141317196
47,890.0,743.8261623490328
48,880.0,773.0136945929132
49,870.0,784.1274040302588
50,860.0,802.1393051216312
