,y_actual,y_predict
0,1000.0,1046.8427352117908
1,995.0,1044.428141517977
2,995.0,1041.0832735282538
3,1000.0,1038.9222224574462
4,1000.0,1031.4872818316132
5,1015.0,1023.1789104396726
6,985.0,1025.2918829182554
7,1005.0,1020.0380764831949
8,1005.0,1025.6038975540612
9,995.0,1024.515141638519
10,1010.0,1025.1336313613176
11,1005.0,1024.235462088946
12,1005.0,1020.1083132706731
13,1000.0,1020.1683641451052
14,1005.0,1020.8067204582733
15,1005.0,1024.983671083467
16,1010.0,1025.807719568745
17,1010.0,1022.6589958151382
18,1010.0,1023.5956667561757
19,1020.0,1022.5087332980606
20,1025.0,1028.5137846530097
21,1025.0,1026.8567964359468
22,1005.0,1027.8833858024693
23,1010.0,1030.4932621250516
24,1015.0,1032.6288168360118
25,1010.0,1032.3299518620877
26,1015.0,1029.51093952767
27,1015.0,1031.7498194548912
28,1020.0,1033.9555568209307
29,1015.0,1031.701772439899
30,1010.0,1032.249019414808
31,1000.0,1030.8584077103064
32,1000.0,1034.6206049177536
33,1005.0,1034.2186989226623
34,1005.0,1030.3271117489185
35,1005.0,1029.4347391542544
36,1010.0,1030.7901422443522
37,1010.0,1030.2051424322947
38,1000.0,1028.347584655511
39,1000.0,1027.6084789260592
40,1000.0,1028.570524429047
41,1000.0,1028.666762812095
42,1000.0,1025.2395594437558
43,995.0,1024.7682196251021
44,985.0,1024.2342350879057
45,990.0,1026.440446112435
46,985.0,1024.5581949397197
47,990.0,1022.9975308153361
48,990.0,1021.8390704142377
49,995.0,1020.3959457718406
50,990.0,1017.4468938823408
