,y_actual,y_predict
0,605.0,512.6415764597123
1,565.0,483.78322219909853
2,610.0,424.24970614740823
3,570.0,463.65292857588497
4,535.0,466.76880713641765
5,500.0,499.29192327602414
6,466.0,431.92762054196675
7,466.0,384.32560443903463
8,484.0,406.15216647019975
9,555.0,471.3264409978265
10,520.0,464.3114657606923
11,540.0,406.9785093487384
12,560.0,420.00993009122925
13,525.0,441.0816839005198
14,525.0,458.5803992035029
15,500.0,349.86031300509677
16,520.0,381.45567959437767
17,510.0,428.73997838056766
18,510.0,389.7345465035876
19,510.0,441.2159284555049
20,496.0,412.88331333580965
21,462.0,357.88873056682223
22,430.0,471.1741514770783
23,400.0,463.4847898724048
24,372.0,387.8137670856167
25,346.0,344.5381980292662
26,386.0,392.68970103082813
27,390.0,427.4399707605792
28,364.0,371.7625619082314
29,340.0,372.4763995244488
30,318.0,375.23018721921164
31,322.0,355.5493630978867
32,316.0,339.00359681731436
33,300.0,378.7744984314079
34,300.0,340.23341222618853
35,292.0,277.99449895885795
36,294.0,374.30965461453576
37,274.0,356.0118095734238
38,264.0,316.5378167196401
39,262.0,250.88943582240046
40,264.0,336.5867473457322
41,260.0,354.8003981564482
42,286.0,242.51217493897468
43,286.0,313.29045004028524
44,278.0,373.29608220801146
45,260.0,346.0197271820148
46,260.0,371.46434127162604
47,242.0,364.9241130576252
48,226.0,300.619529261522
49,212.0,320.1692990872717
50,212.0,391.7848771203964
51,226.0,387.6239879517418
52,228.0,324.7651302075235
53,220.0,416.7239147687236
54,206.0,463.19358325363356
55,194.0,291.97504171328694
56,193.0,294.6044671775242
57,187.0,425.95407085487756
58,189.0,348.97929408842697
59,176.0,301.919016553778
60,164.0,275.1007535106071
61,164.0,334.15709260865316
62,153.0,366.27968647616746
63,146.0,259.73023586960164
