,y_actual,y_predict
0,605.0,447.73368891801647
1,565.0,492.28949834379773
2,610.0,523.1995672929888
3,570.0,482.3412483605746
4,535.0,466.34225286786835
5,500.0,491.3892689272441
6,466.0,501.9631401629165
7,466.0,474.9233729536105
8,484.0,406.446432616038
9,555.0,489.37770272650647
10,520.0,524.1855467198586
11,540.0,503.02596158932204
12,560.0,534.9575587560673
13,525.0,441.5663795898987
14,525.0,459.2853600286038
15,500.0,436.12227377718335
16,520.0,353.0322048460331
17,510.0,421.1107042224433
18,510.0,460.72716736225334
19,510.0,431.3457068190475
20,496.0,473.6092644520712
21,462.0,486.70752649507915
22,430.0,421.25098457912543
23,400.0,469.7868016439122
24,372.0,444.01343928962984
25,346.0,416.1071807139454
26,386.0,437.24706623652963
27,390.0,422.4222631180933
28,364.0,426.4622853577654
29,340.0,352.681540377269
30,318.0,368.8766942218506
31,322.0,330.64684204982643
32,316.0,282.90494624256615
33,300.0,317.78636847975196
34,300.0,375.4080092217937
35,292.0,353.28138459385025
36,294.0,349.6609650442212
37,274.0,361.9530469083248
38,264.0,411.78012488391676
39,262.0,428.82169064767953
40,264.0,388.1520373477926
41,260.0,508.7707127658761
42,286.0,491.56341221275727
43,286.0,455.45677816631064
44,278.0,537.9287549873009
45,260.0,485.0848324285031
46,260.0,438.6857099775656
47,242.0,475.6971627311666
48,226.0,481.0777677474076
49,212.0,476.277734008536
50,212.0,504.26111556073164
51,226.0,553.1853260581661
52,228.0,505.3356755807823
53,220.0,349.66535140700614
54,206.0,440.18787532818516
55,194.0,452.7738955316556
56,193.0,531.887521068768
57,187.0,688.7024153590028
58,189.0,658.2481326903728
59,176.0,649.2840722066196
60,164.0,602.1674594387825
61,164.0,551.9028222630989
62,153.0,538.3217273039945
63,146.0,547.9115963581808
