,y_actual,y_predict
0,575.0,570.6995836307584
1,580.0,570.3030072810509
2,580.0,571.8095046704009
3,580.0,572.4545525011596
4,580.0,572.1332779854558
5,575.0,571.7902272780402
6,580.0,572.0062209490868
7,570.0,571.36418966715
8,570.0,573.1685619287622
9,565.0,571.4964241982237
10,560.0,571.0865816152619
11,560.0,570.2649395318483
12,560.0,566.74701616362
13,560.0,566.654940124314
14,560.0,565.1390793674215
15,560.0,562.8713191358725
16,565.0,560.4692116921476
17,560.0,560.423522495231
18,560.0,560.894959714351
19,560.0,562.317436895139
20,560.0,560.5939059480941
21,560.0,558.6055461468966
22,550.0,557.0028833749652
23,555.0,554.2744314196626
24,560.0,548.4715831086264
25,555.0,547.0516902874833
26,555.0,547.2774158934922
27,560.0,548.5782438872535
28,555.0,547.5701681173919
29,555.0,546.817671914532
30,550.0,551.528963935152
31,550.0,552.4572097569968
32,545.0,551.0466364263225
33,550.0,547.8170907377389
34,545.0,547.9140853970144
35,520.0,548.8233192827948
36,530.0,546.7463497311192
37,540.0,540.6127472625914
38,540.0,540.4898124773031
39,520.0,539.7053342753725
40,520.0,534.0922104313171
41,515.0,528.0624167316213
42,520.0,526.4705038427636
43,520.0,523.5042995755317
44,520.0,519.6390189650973
45,505.0,519.5220953389154
46,500.0,516.1268434935328
