,y_actual,y_predict
0,575.0,571.0409428769802
1,580.0,572.8546083028169
2,580.0,574.6619905316899
3,580.0,569.0768141897721
4,580.0,567.0444588467055
5,575.0,565.3875025836915
6,580.0,564.1652277151003
7,570.0,564.3589844851605
8,570.0,567.5309371267138
9,565.0,567.2613914871309
10,560.0,568.7973918208837
11,560.0,572.4248696607542
12,560.0,574.6407211201799
13,560.0,572.482881733839
14,560.0,569.8420303563178
15,560.0,569.7156073436648
16,565.0,568.0770136360234
17,560.0,567.3596278675942
18,560.0,564.6273849331178
19,560.0,560.1407479179068
20,560.0,558.6922911217395
21,560.0,559.1118788027856
22,550.0,559.7207960571484
23,555.0,559.9347011794837
24,560.0,560.2381637970905
25,555.0,559.3111245947744
26,555.0,558.3822118414081
27,560.0,557.3634958811573
28,555.0,557.9486229861221
29,555.0,555.5949646072539
30,550.0,549.8652900921437
31,550.0,549.5068275625664
32,545.0,547.9806118162643
33,550.0,547.9723892526398
34,545.0,548.6505182031672
35,520.0,548.1649437908786
36,530.0,546.8602326760888
37,540.0,545.4625416542732
38,540.0,546.436959320846
39,520.0,546.8216252388787
40,520.0,543.2104192118157
41,515.0,540.2252863749595
42,520.0,539.921512230129
43,520.0,535.2317068125341
44,520.0,534.2169046872635
45,505.0,530.3153377368213
46,500.0,530.3134510226492
