,y_actual,y_predict
0,52.0,55.74713287534544
1,51.0,58.52055858427276
2,51.0,57.992294374901064
3,50.0,58.400108119460214
4,51.0,57.46235509742219
5,50.0,58.70546947142212
6,50.0,53.87109223506499
7,50.0,53.79344510635261
8,50.0,53.13516710006715
9,50.0,52.00217954417673
10,50.0,52.3208345217551
11,50.0,52.96160153236704
12,50.0,53.90013862883819
13,50.0,56.13782766144766
14,50.0,54.89572308027829
15,50.0,55.726984538396835
16,50.0,55.07870942109176
17,50.0,55.084483060099444
18,50.0,51.84513893915087
19,50.0,52.292987999462895
20,50.0,53.76123865501552
21,50.0,52.16399587529534
22,50.0,53.210081848179186
23,50.0,55.40301923852127
24,50.0,53.98869152012065
25,50.0,53.75919530952308
26,50.0,54.0168825599668
27,50.0,53.9830129204382
28,50.0,52.51969242988184
29,50.0,51.67486410808684
30,50.0,52.642269399596415
31,50.0,50.74568838515077
32,50.0,51.593557965353114
33,50.0,53.11550583966033
34,50.0,52.44184334260336
35,50.0,53.15497091946182
36,50.0,53.41897828503329
37,50.0,53.07808410535125
38,50.0,53.13420482689921
39,50.0,52.88570075125574
40,50.0,53.00081713393979
41,50.0,53.19661002382793
42,50.0,53.05439555353786
43,50.0,53.049322829553745
44,50.0,53.04113756766836
45,50.0,53.07952157514535
46,50.0,52.75423760463224
47,50.0,52.79380960367462
48,50.0,53.094181391061994
49,50.0,52.83724257530443
50,50.0,52.874545510456954
51,50.0,53.37632938783662
52,50.0,53.22860263668326
53,50.0,53.232285410535894
54,50.0,53.22180732492936
55,50.0,53.29717350983623
56,50.0,52.99759767679765
57,50.0,53.04638849038727
58,50.0,53.073664776728094
59,50.0,52.640653731067516
60,50.0,52.61401896017199
61,50.0,52.91664793153356
62,50.0,52.802149304463484
63,50.0,52.985230684602186
64,50.0,53.179491065370996
65,50.0,53.10154693876726
66,50.0,53.13514334023583
67,50.0,53.152048460211006
68,50.0,53.04857439486756
69,50.0,52.742512127882065
70,50.0,52.68982470195806
71,50.0,52.979231327197084
72,50.0,52.83903644256813
73,50.0,52.85755723107221
74,50.0,53.17406194391725
75,50.0,52.957538601213486
76,50.0,52.868748111617975
77,50.0,52.97956396483539
78,50.0,53.1314368065519
79,50.0,52.93408764771314
80,50.0,52.9748951579835
81,50.0,52.94628832108947
82,50.0,52.88952608409622
83,50.0,52.75313277247645
84,50.0,52.75179034200758
85,50.0,52.754403923451406
86,50.0,52.676103399378064
87,50.0,52.825921015686475
88,50.0,52.97041642978206
