,y_actual,y_predict
0,142.0,145.6221655707277
1,128.0,144.6549281794217
2,124.0,146.98249859944227
3,124.0,143.63281695222113
4,120.0,138.2531475115636
5,116.0,138.85250495059847
6,110.0,135.4289386345608
7,103.0,141.84062620931735
8,113.0,140.3819958075238
9,116.0,137.77495675805866
10,117.0,134.68398094908747
11,118.0,130.382527113645
12,119.0,128.54098954606377
13,117.0,128.1403750877354
14,114.0,126.64663252222903
15,125.0,128.57705068717422
16,124.0,128.1775833443815
17,124.0,127.08877256294659
18,122.0,125.35839049076623
19,122.0,123.67767852127795
20,125.0,123.13541615094746
21,124.0,122.27949067988814
22,123.0,122.73266388639368
23,123.0,124.67755656373367
24,122.0,130.26627216827214
25,124.0,127.0235642589085
26,124.0,124.15536871527644
27,123.0,126.7572874581235
28,120.0,127.75974129637285
29,118.0,130.37376732228216
30,118.0,130.44684901022376
31,119.0,126.7649105622738
32,119.0,126.76700665520707
33,121.0,127.3482709537484
34,118.0,128.56179405055056
35,118.0,127.66460370517831
36,115.0,126.4400370142651
37,116.0,125.93186483198843
38,117.0,126.73867290147743
39,117.0,126.67344374079323
40,115.0,128.15832223170625
41,114.0,128.18230737472362
42,120.0,125.79917484948714
43,117.0,123.73232293406534
44,118.0,122.07139349340486
45,118.0,121.62608324247981
46,117.0,123.00724163232726
47,116.0,124.57015526463113
48,116.0,123.70779551824933
49,119.0,123.52525815156409
50,118.0,125.40976041011561
51,116.0,125.69009459037338
52,116.0,124.93904676423824
53,116.0,124.36243349777769
54,114.0,124.00042469138424
55,116.0,123.28412403765515
56,114.0,123.90361856850154
57,113.0,126.33118617825846
58,120.0,125.08769208100762
59,118.0,124.52316524096321
60,119.0,124.20923100383501
61,115.0,123.7738798014237
62,119.0,124.220879440683
63,115.0,125.12049958532614
64,117.0,124.66339490103039
65,117.0,122.58692807175552
66,116.0,124.27397003333579
67,116.0,125.75286266681752
68,113.0,124.42181236923025
69,111.0,123.06053036311803
70,112.00000000000003,123.39915886923106
71,111.0,123.32210399020701
72,115.0,122.75151829446992
73,115.0,123.78302544073944
74,110.0,122.07705607282156
75,109.0,121.29365958858213
76,103.0,122.02044070697752
77,106.0,121.74339144848082
78,106.0,121.81259380024747
79,101.00000000000003,121.46436080860443
80,103.99999999999997,120.6660205374329
81,107.0,119.36715204478108
