,y_actual,y_predict
0,142.0,142.95120090095978
1,128.0,147.26218622367088
2,124.0,151.16298388749277
3,124.0,156.17919498485278
4,120.0,157.40088345860391
5,116.0,153.73234540577454
6,110.0,149.10403664094366
7,103.0,145.59452008631942
8,113.0,146.32284459652635
9,116.0,146.4687681209794
10,117.0,149.83384197302385
11,118.0,146.35872845614495
12,119.0,138.9778638219949
13,117.0,135.19255983596312
14,114.0,132.779049605679
15,125.0,129.72705486827257
16,124.0,127.93027566322633
17,124.0,124.71438940074992
18,122.0,124.75203564696415
19,122.0,123.42811832234375
20,125.0,124.69788136536013
21,124.0,126.24758231235836
22,123.0,127.50089988992326
23,123.0,129.66590318190134
24,122.0,131.6589329984449
25,124.0,132.00660286064317
26,124.0,132.05080852205649
27,123.0,133.83237280377128
28,120.0,133.9299819075289
29,118.0,133.25701093607685
30,118.0,132.21533617483257
31,119.0,133.4530008394979
32,119.0,134.03877017359724
33,121.0,134.13798523910475
34,118.0,131.3863992038293
35,118.0,131.27506642693652
36,115.0,131.45091923854602
37,116.0,130.47862411056025
38,117.0,130.5770883368081
39,117.0,128.82048946047746
40,115.0,128.48483302643396
41,114.0,126.80103427332259
42,120.0,127.45509869508314
43,117.0,128.96619399014642
44,118.0,127.6744897554307
45,118.0,127.43789196204892
46,117.0,127.8021741428675
47,116.0,127.66418657225626
48,116.0,128.64239455941197
49,119.0,130.01485572783488
50,118.0,129.18569976204753
51,116.0,127.27785891650782
52,116.0,127.40195596081509
53,116.0,127.13415662486466
54,114.0,127.31508802980002
55,116.0,127.42944502037761
56,114.0,127.90880374606425
57,113.0,127.49829280916049
58,120.0,127.86472322452755
59,118.0,128.16055389283918
60,119.0,128.91606504124013
61,115.0,126.59348978796098
62,119.0,125.54276324230844
63,115.0,126.38917808274522
64,117.0,127.00417800635663
65,117.0,126.52777049609341
66,116.0,126.6717022108437
67,116.0,125.81714285010406
68,113.0,124.98293957596002
69,111.0,125.70007449553322
70,112.00000000000003,127.23145287893075
71,111.0,127.45491098526821
72,115.0,126.42441538633466
73,115.0,125.9989293775296
74,110.0,126.8200033929524
75,109.0,126.64713308173549
76,103.0,125.79695361667726
77,106.0,124.8874578501048
78,106.0,125.2552022341763
79,101.00000000000003,123.81737633686953
80,103.99999999999997,122.57159843687052
81,107.0,121.15003029520031
