,y_actual,y_predict
0,142.0,153.38172432815284
1,128.0,152.03790976315108
2,124.0,151.63329082877115
3,124.0,145.47208114537727
4,120.0,144.9939842467798
5,116.0,140.4485389369124
6,110.0,133.19047823501128
7,103.0,133.16850575834275
8,113.0,129.59780623237813
9,116.0,126.142673382465
10,117.0,125.46333070562875
11,118.0,121.80990329290029
12,119.0,122.16589495689328
13,117.0,126.22272119020468
14,114.0,129.58087063574325
15,125.0,130.24730304864232
16,124.0,128.6969034039997
17,124.0,129.56955590523287
18,122.0,130.7017693672062
19,122.0,131.50869214824874
20,125.0,135.4398675171183
21,124.0,132.45752354936968
22,123.0,132.3744932412374
23,123.0,133.58144649451742
24,122.0,135.30389261285592
25,124.0,135.23991485093785
26,124.0,133.95585457701853
27,123.0,133.64787491235248
28,120.0,133.3483734743269
29,118.0,133.37513255127584
30,118.0,134.79005785116254
31,119.0,133.0524176661387
32,119.0,130.9530085261516
33,121.0,130.9109093859946
34,118.0,127.31677741813428
35,118.0,127.99010295257008
36,115.0,129.4908220661976
37,116.0,128.7364476050092
38,117.0,129.25122091577717
39,117.0,129.57100544213696
40,115.0,129.70443583557488
41,114.0,129.77425345840155
42,120.0,129.03946338790297
43,117.0,128.42227351645084
44,118.0,128.6718858570003
45,118.0,127.32885341622736
46,117.0,127.87057351375918
47,116.0,130.64539385279232
48,116.0,129.796830777807
49,119.0,129.79798832166568
50,118.0,129.72729471970274
51,116.0,129.8341016043914
52,116.0,129.9160056536342
53,116.0,129.80197194107117
54,114.0,129.79077192211437
55,116.0,127.3352981198729
56,114.0,127.08868913636218
57,113.0,128.2184936557107
58,120.0,128.0575429177411
59,118.0,127.74771743989501
60,119.0,128.90270635941175
61,115.0,127.82501217034925
62,119.0,128.07414480803834
63,115.0,129.84363309166002
64,117.0,129.35882035301768
65,117.0,128.71812504140854
66,116.0,128.57649798605252
67,116.0,128.97508934970895
68,113.0,128.68070821830145
69,111.0,128.11679664931705
70,112.00000000000003,127.34951192419146
71,111.0,126.83885780102867
72,115.0,126.47942479042882
73,115.0,125.608482534176
74,110.0,125.23550313193292
75,109.0,125.32566641303211
76,103.0,125.23799550114211
77,106.0,125.2451076174629
78,106.0,122.08791195711768
79,101.00000000000003,122.25715321191285
80,103.99999999999997,121.07388268028168
81,107.0,119.28382974360338
