,y_actual,y_predict
0,142.0,140.47176183875277
1,145.0,141.1177115250701
2,143.0,139.75041599715868
3,141.0,140.20439253560176
4,141.0,140.1525928396972
5,142.0,140.04239394024484
6,145.0,141.11313863788422
7,143.0,140.93715929850248
8,142.0,143.20532941735465
9,143.0,144.3211952266488
10,142.0,145.6115582537862
11,140.0,143.66330497275374
12,142.0,142.23431161713867
13,144.0,141.45040262383296
14,143.0,142.19329571102577
15,144.0,142.96811767258166
16,147.0,142.12347332683967
17,146.0,141.64409738239678
18,147.0,142.50478072326356
19,149.0,142.6657242107569
20,148.0,142.1469997469319
21,149.0,142.7503226236958
22,148.0,144.32760269110491
23,148.0,143.86300955340965
24,148.0,143.76614748847226
25,148.0,143.58329300299042
26,148.0,143.79903431943953
27,149.0,144.12998573285995
28,150.0,144.26845790812462
29,150.0,144.10687502978462
30,149.0,143.64035242289137
31,148.0,143.68163944879794
32,146.0,144.12136412342252
33,148.0,145.47292114731374
34,146.0,145.79542717916257
35,146.0,146.18996070285232
36,144.0,146.81466137534392
37,146.0,147.5713115327318
38,146.0,147.39291018986032
39,147.0,147.59487636146144
40,145.0,147.69416946721506
41,146.0,147.4344299269231
42,146.0,147.90895734572325
43,145.0,147.29075677028393
44,145.0,147.49170172399573
45,146.0,147.02851163123248
46,145.0,146.74292081861793
47,144.0,146.94621999587108
48,145.0,145.82436017980606
49,143.0,146.37335290925822
50,144.0,146.8478306227629
51,145.0,146.63890570979194
52,145.0,145.7708750225178
53,142.0,145.11916404058584
54,142.0,145.35215083524142
55,145.0,144.76372373180584
56,145.0,144.8827724331886
57,145.0,144.5845112888851
58,140.0,144.51592475909166
59,141.0,144.53813172952152
60,139.0,144.40997566240443
61,137.0,144.7372782552689
62,136.0,144.7708044770828
63,138.0,143.85012910388065
