,y_actual,y_predict
0,50.0,53.52786357265746
1,50.0,53.52754363610768
2,50.0,53.52825934601904
3,50.0,53.5299076117255
4,50.0,53.527959553622395
5,50.0,53.52657790170741
6,50.0,53.526966565367886
7,50.0,53.528578097618635
8,50.0,53.52766094617593
9,50.0,53.52680067234208
10,50.0,53.52677578838821
11,50.0,53.52769056993054
12,50.0,53.52804013023493
13,50.0,53.52783394890285
14,50.0,53.52785883285672
15,50.0,53.52740736683648
16,50.0,53.52733982467596
17,50.0,53.52790978571465
18,50.0,53.52676393888636
19,50.0,53.52736115377928
20,50.0,53.52834940223305
21,50.0,53.52730783102099
22,50.0,53.527222514607715
23,50.0,53.52725924806343
24,50.0,53.5274737240468
25,50.0,53.52720355540477
26,50.0,53.52731849557265
27,50.0,53.52735167417781
28,50.0,53.52735167417781
29,50.0,53.52963388823291
30,50.0,53.52871436688984
31,50.0,53.52178240831126
32,50.0,53.52353020983321
33,50.0,53.52799747202829
34,50.0,53.527854093055986
35,50.0,53.52806619913899
36,50.0,53.533201773238055
37,50.0,53.52694760616494
38,50.0,53.52422459064125
39,50.0,53.52508960427585
40,50.0,53.53134732619951
41,50.0,53.52987798797089
42,50.0,53.527095724937986
43,50.0,53.52629469861335
44,50.0,53.52659923081073
