,y_actual,y_predict
0,50.0,49.41419880724284
1,50.0,49.414454756482655
2,50.0,49.4164383630913
3,50.0,49.42009985916101
4,50.0,49.41810440305052
5,50.0,49.41341674012115
6,50.0,49.41360870205102
7,50.0,49.41402817441629
8,50.0,49.415492772844175
9,50.0,49.418059374943525
10,50.0,49.416374375781345
11,50.0,49.41493110645678
12,50.0,49.41500694326858
13,50.0,49.414748624128386
14,50.0,49.41656633771121
15,50.0,49.41682228695103
16,50.0,49.419334381341905
17,50.0,49.4171208943975
18,50.0,49.4144666059845
19,50.0,49.416729860836654
20,50.0,49.41609946733857
21,50.0,49.41503301217263
22,50.0,49.41495717536083
23,50.0,49.41510884898443
24,50.0,49.415454854438266
25,50.0,49.416258250663276
26,50.0,49.4168933839621
27,50.0,49.416082878035986
28,50.0,49.41571554347883
29,50.0,49.41744320084764
30,50.0,49.41706164688828
31,50.0,49.41869687814271
32,50.0,49.42319494904259
33,50.0,49.419798881814174
34,50.0,49.41385517168936
35,50.0,49.41441920797713
36,50.0,49.41826081647486
37,50.0,49.41882959256336
38,50.0,49.41007044080048
39,50.0,49.40676205988572
40,50.0,49.411072908656465
41,50.0,49.413442809025206
42,50.0,49.418523875415794
43,50.0,49.41235265485558
44,50.0,49.40736401457938
