,y_actual,y_predict
0,50.0,53.49186597100642
1,50.0,53.49072841882942
2,50.0,53.48916191468568
3,50.0,53.48948896093657
4,50.0,53.49092393560984
5,50.0,53.49308646969632
6,50.0,53.49403205994345
7,50.0,53.493657615685194
8,50.0,53.4936422113328
9,50.0,53.49433303729029
10,50.0,53.49352964106528
11,50.0,53.49272861474064
12,50.0,53.49245607619824
13,50.0,53.49226885406911
14,50.0,53.492850664609634
15,50.0,53.49328791122767
16,50.0,53.49329739082914
17,50.0,53.49300352318342
18,50.0,53.4928684388624
19,50.0,53.492453706297866
20,50.0,53.49237312968533
21,50.0,53.49205082323518
22,50.0,53.49269662108567
23,50.0,53.492854219460185
24,50.0,53.49265514782921
25,50.0,53.49288028836425
26,50.0,53.492975084379
27,50.0,53.49291583686977
28,50.0,53.49617326492661
29,50.0,53.50001724332472
30,50.0,53.49625028668859
31,50.0,53.4984033411736
32,50.0,53.49329028112804
33,50.0,53.490252068855305
34,50.0,53.48626115663434
35,50.0,53.48159245290792
36,50.0,53.484132986103205
37,50.0,53.486639155743156
38,50.0,53.491613576617155
39,50.0,53.49042507158222
40,50.0,53.48998427011364
41,50.0,53.49034804982024
42,50.0,53.491305489569214
43,50.0,53.493065140593
44,50.0,53.49566492129752
