,y_actual,y_predict
0,123.0,115.63742137455012
1,131.0,123.61880597119728
2,131.0,133.08719358581584
3,137.0,120.1358843640013
4,142.0,147.92405495274852
5,140.0,137.57567976274407
6,162.0,133.33775877901547
7,165.0,154.04232705473902
8,162.0,165.2599606578096
9,161.0,144.12707637167404
10,178.0,132.7787955908438
11,169.0,141.69538369579078
12,169.0,148.10501143431253
13,179.0,164.85800960114682
14,185.00000000000006,117.74907098904106
15,184.0,133.22817739556655
16,192.0,138.69484915179515
17,188.0,188.01419146693883
18,175.0,100.58447206162833
19,163.0,96.47474494110457
20,180.0,193.11976803155773
21,179.0,166.5952834145712
22,174.0,111.72032851287133
23,176.0,101.29210611182248
24,174.0,179.478586756926
25,167.0,162.31860006087635
26,167.0,142.4197329958185
27,165.0,192.58838009898233
28,163.0,127.58751657110963
29,169.0,117.36023698753144
30,158.0,171.60596577220946
31,147.0,223.787230359001
32,154.0,168.95965713907003
33,155.0,175.78961943798532
34,153.0,152.65705481364114
35,158.0,154.0335605440631
36,158.0,155.87155109767838
37,170.0,159.8508273056068
38,168.00000000000006,145.7051464259206
39,167.0,165.46123058388753
40,165.0,173.54120571477802
41,154.0,180.65506557397782
42,156.0,185.9222010797472
43,146.0,177.52787457723167
44,141.0,179.7419418966714
45,133.0,155.37343011046642
46,136.0,153.36321687510235
47,139.0,184.29012539443374
