,y_actual,y_predict
0,82.0,87.55039031064106
1,83.0,82.84029638239622
2,87.0,81.75216098519181
3,87.0,83.37604210779512
4,84.0,85.00914952320123
5,79.0,82.97422053286249
6,74.0,84.81151661517212
7,69.0,85.26342186570177
8,73.0,81.10257816887506
9,70.0,77.02844644075697
10,69.0,72.6251245153175
11,71.0,70.81932108394949
12,67.0,68.47031408159657
13,63.0,66.57112681247472
14,59.0,67.91741531134987
15,68.0,67.50456327019124
16,64.0,65.8242481388033
17,69.0,65.320508628563
18,76.0,62.83538924560182
19,90.0,64.6055111283278
20,106.0,68.64871735903087
21,110.0,79.64634673557963
22,111.0,96.88974762515068
23,104.0,109.32038863372274
24,102.0,111.42979559996601
25,107.0,121.86576547059241
26,105.0,114.21869268305868
27,105.0,106.98388803649773
28,106.0,107.67404242595751
29,105.0,108.30227883395027
30,103.0,106.9135543005356
31,100.0,102.87507062774102
32,97.0,102.40916740296626
33,100.0,100.88903071797282
34,96.0,100.71644188063013
35,96.0,99.82156069828292
36,93.0,97.56127526374866
37,93.0,96.12311235934006
38,87.0,94.54781441166497
39,87.0,93.14200605292739
40,84.0,92.69183352340812
41,79.0,88.67719039472189
42,78.0,87.4793934069726
43,75.0,84.84726515045114
44,78.0,80.43340845989947
45,75.0,77.32923876976614
46,76.0,75.8440646435109
47,72.0,76.0263084881332
48,69.0,75.25130435847336
49,67.0,73.73045761512772
50,68.0,72.85019961563762
51,67.0,71.29584169068876
52,63.0,69.53984505681818
53,59.0,68.28648488656528
54,59.999999999999986,68.1446831075878
55,56.0,64.91510103566299
56,53.0,60.05764097179386
57,50.0,60.05317519599386
58,51.0,58.703135445446705
59,50.0,59.19485308723338
60,51.0,51.404646603089816
61,51.0,51.23403610442652
62,59.0,49.0455112212225
63,61.0,47.26481884717791
