,y_actual,y_predict
0,64.0,65.17692530677562
1,65.0,65.11354825613145
2,64.0,65.0763004713159
3,64.0,65.0371632844819
4,64.0,64.96257717478568
5,63.0,64.92358027530534
6,64.0,64.85173623615302
7,64.0,64.78318148771842
8,64.0,64.7232797826511
9,65.0,64.65554088974845
10,64.0,64.61758370859843
11,63.0,64.62723468257367
12,65.0,64.57650836740322
13,64.0,64.52290267917255
14,66.0,64.43770746272395
15,67.0,64.40236002433033
16,66.0,64.34317070043481
17,67.0,64.4009850092753
18,68.0,64.43585089391594
19,72.0,64.47355635378598
20,73.0,64.56881445175884
21,71.0,64.53339935705282
22,70.0,64.91897964606189
23,72.0,64.95147258503954
24,71.0,65.25344559104997
25,72.0,65.4626120454664
26,72.0,65.61979357831251
27,69.0,66.01985231817598
28,69.0,66.51638696963558
29,70.0,66.5110142624741
30,69.0,66.75681163532828
31,68.0,66.96384791084975
32,66.0,67.07596934468924
33,64.0,67.12456946074782
34,64.0,67.00233141831245
35,65.0,66.8325230286911
36,66.0,66.44302961796609
37,67.0,66.10447444586067
38,67.0,65.90105479821548
39,67.0,65.7636100046216
40,66.0,65.70265166714586
41,65.0,65.50052843383982
42,65.0,65.36025102963691
43,65.0,65.20656076149997
44,65.0,65.10581653254779
45,65.0,65.03456946085784
46,63.0,64.92524282968809
47,63.0,64.87536520326
48,59.0,64.79392093236675
49,59.0,64.86348953054161
50,57.0,64.72133665356105
51,60.0,64.64779324703245
52,60.0,64.5959894055924
