,y_actual,y_predict
0,64.0,65.26291548489495
1,65.0,65.26635103264097
2,64.0,65.25096419629799
3,64.0,65.28272585013421
4,64.0,65.2724132372215
5,63.0,65.29122467690704
6,64.0,65.29461644703916
7,64.0,65.3137094563778
8,64.0,65.29505024339515
9,65.0,65.27661787804823
10,64.0,65.28295568260722
11,63.0,65.27737105199661
12,65.0,65.28284524362668
13,64.0,65.3024436854168
14,66.0,65.30710301646073
15,67.0,65.34364737461642
16,66.0,65.32735911740524
17,67.0,65.33752149350659
18,68.0,65.36110170827081
19,72.0,65.33400436020736
20,73.0,65.38034594936659
21,71.0,65.30538176027751
22,70.0,65.43516248660013
23,72.0,65.30167857211919
24,71.0,65.40333616128882
25,72.0,65.3968670238881
26,72.0,65.38636039655012
27,69.0,65.48781601172831
28,69.0,65.70856462986079
29,70.0,65.54463238996087
30,69.0,65.62554734970414
31,68.0,65.76397514971941
32,66.0,65.8441787232367
33,64.0,65.90767417242756
34,64.0,65.94989967093363
35,65.0,65.87823074223694
36,66.0,65.82703481266275
37,67.0,65.79123666383502
38,67.0,65.78757526339906
39,67.0,65.78392978209543
40,66.0,65.69275195672796
41,65.0,65.54910964592875
42,65.0,65.50462860536064
43,65.0,65.4334183466642
44,65.0,65.37943258914913
45,65.0,65.3252080446491
46,63.0,65.28472370124166
47,63.0,65.30951178017145
48,59.0,65.26767630040747
49,59.0,65.36242200130846
50,57.0,65.33403221868893
51,60.0,65.37610449554633
52,60.0,65.46352142590077
