,y_actual,y_predict
0,344.0,333.8795880281907
1,338.0,334.0464981207036
2,340.0,334.02881764011204
3,340.0,334.2233462611307
4,338.0,334.4272351365802
5,336.0,334.67065953113035
6,336.0,334.99873067099634
7,342.0,335.24537626421636
8,344.0,335.5324962909475
9,344.0,335.816265115475
10,338.0,335.99935342552266
11,336.0,336.2693996548198
12,330.0,336.2196371910632
13,326.0,336.2425755923536
14,324.0,336.03939451392125
15,318.0,335.8617663522916
16,322.0,335.6952029358688
17,324.0,335.2502875088252
18,328.0,334.90621148946934
19,330.0,334.6247827285496
20,322.0,334.32853356478097
21,326.0,334.1280825605576
22,326.0,333.8684510587985
23,330.0,333.69024510368547
24,324.0,333.51897267037305
25,332.0,333.3451579457337
26,328.0,333.2916253794981
27,332.0,333.1016035476498
28,332.0,332.989323828991
29,334.0,332.8407153450643
30,342.0,332.6989537139158
31,340.0,332.74852839479024
32,334.0,332.718786475233
33,330.0,332.77671027194236
34,330.0,332.950741669138
35,330.0,333.0101677289041
36,338.0,333.07778401129724
37,336.0,333.26390573713263
38,338.0,333.3863835107732
39,380.0,333.507879035492
40,368.0,333.76426044890707
41,372.0,336.0534204507304
42,372.0,336.8616235304524
43,382.0,337.66908992348306
44,380.0,338.4818142372125
45,354.0,339.84987031266047
46,334.0,341.3650903883266
47,340.0,342.909546814252
48,330.0,343.80751011161783
49,334.0,343.91074736226165
50,334.0,344.2083832303904
51,342.0,343.9214220968672
52,334.0,343.9430460179829
53,332.0,343.99166733960976
54,332.0,344.2772417687728
55,332.0,344.4076497579729
56,330.0,344.41781892328044
57,330.0,344.46577578240135
58,332.0,344.4426784879031
59,330.0,344.3307454453343
60,332.0,341.53598725587483
61,332.0,340.13769813640874
62,332.0,339.3694061415516
63,334.0,338.35390520482815
64,332.0,337.1849423189176
65,332.0,336.0776011080101
66,336.0,334.9971417389171
67,332.0,334.3693691192192
68,334.0,334.33010805202315
69,330.0,334.1128865919445
70,330.0,334.1001029111246
71,332.0,334.0394779298805
72,332.0,333.89612736665265
73,332.0,333.700067592903
74,330.0,333.6210254443759
75,324.0,333.6560541743061
76,324.0,333.6573542096437
77,328.0,333.5696307140288
78,332.0,333.4547220350206
79,334.0,333.3520047985118
80,330.0,333.5238405804705
81,330.0,333.60679727984757
82,334.0,333.61904650169527
83,380.0,333.7061633141527
84,372.0,334.2764021477425
85,358.0,335.07573609749454
