,y_actual,y_predict
0,344.0,332.11260888697666
1,338.0,332.6212260455634
2,340.0,332.88757439656683
3,340.0,332.8684205425926
4,338.0,332.88331316962694
5,336.0,332.87115061680163
6,336.0,332.7925995927354
7,342.0,332.64167993487524
8,344.0,332.53701264536005
9,344.0,332.4629395207901
10,338.0,332.44455124318137
11,336.0,332.4687607901352
12,330.0,332.39230426744626
13,326.0,332.3038296403029
14,324.0,331.9285238831701
15,318.0,331.62587565657304
16,322.0,331.33283324663716
17,324.0,330.7902996105757
18,328.0,330.3773072734891
19,330.0,329.84771621145546
20,322.0,329.4051841825308
21,326.0,329.1419703611747
22,326.0,328.81592149850053
23,330.0,328.70284731380207
24,324.0,328.6047524251603
25,332.0,328.727937995818
26,328.0,328.8185504588499
27,332.0,329.09984921623595
28,332.0,329.2373351756074
29,334.0,329.40178964581594
30,342.0,329.4233991220945
31,340.0,329.3889481856477
32,334.0,329.5723398372741
33,330.0,329.8846949943921
34,330.0,330.11455568691974
35,330.0,330.2128528032806
36,338.0,330.2668187146288
37,336.0,330.1465654458993
38,338.0,330.2433169646921
39,380.0,330.34620753924594
40,368.0,329.03672527817616
41,372.0,331.0048921103049
42,372.0,332.1787084614759
43,382.0,333.3179583175033
44,380.0,334.5190176314159
45,354.0,336.8070653807838
46,334.0,339.46713990926617
47,340.0,342.79589483607015
48,330.0,344.12597543482264
49,334.0,345.07724018103073
50,334.0,340.8706580597569
51,342.0,338.52142198049853
52,334.0,337.1579882529177
53,332.0,335.82262084379227
54,332.0,334.09787840621357
55,332.0,332.2468736476782
56,330.0,330.6972170804023
57,330.0,330.4544715931952
58,332.0,330.30356638017213
59,330.0,330.37183268023404
60,332.0,330.3810629311311
61,332.0,330.26270193605967
62,332.0,330.25150718731913
63,334.0,330.2052981534854
64,332.0,330.19819129363975
65,332.0,330.27362223289566
66,336.0,330.32524808063613
67,332.0,330.3504687661859
68,334.0,330.4985427911404
69,330.0,330.5375438512689
70,330.0,330.59223200447127
71,332.0,330.5618545120823
72,332.0,330.5269413408488
73,332.0,330.59057084820654
74,330.0,330.52447127370726
75,324.0,330.4857446654834
76,324.0,330.45798168860676
77,328.0,330.27110883124294
78,332.0,329.99878031768645
79,334.0,329.82194662209645
80,330.0,329.73100192781163
81,330.0,329.83032462760553
82,334.0,329.87636032339424
83,380.0,329.80497393852204
84,372.0,329.19072168633534
85,358.0,330.1563301557685
