,y_actual,y_predict
0,98.0,100.46379383787881
1,97.0,100.32543897862311
2,97.0,100.3847905079812
3,97.0,100.25937260099809
4,103.0,100.32441484349175
5,103.0,100.86935134989815
6,103.0,100.8241927875964
7,105.0,100.75356611014115
8,103.0,101.06295153633431
9,101.0,100.97126245712086
10,102.0,100.99987060923371
11,99.99999999999999,101.66157784391974
12,99.0,102.28192354561182
13,99.99999999999999,102.82126595540446
14,99.99999999999999,102.81785539218399
15,99.99999999999999,102.78801054859174
16,99.0,102.8281547134107
17,97.0,102.92149593514738
18,96.0,103.03578361881607
19,98.0,103.0764398512007
20,99.99999999999999,103.59377301732124
21,99.0,103.53664366796518
22,98.0,103.3113532623699
23,98.0,103.74074607032387
24,101.0,103.70689164107583
25,103.0,103.60842974368234
26,101.0,103.47456755269158
27,101.0,103.61359872760006
28,99.99999999999999,103.61811071916937
29,99.99999999999999,103.70408976194285
30,99.0,103.57738685521946
31,96.0,103.43062635856484
32,96.0,103.32776840942824
33,96.0,103.20623448662256
34,96.0,102.90135139034653
35,95.0,103.01829602836546
36,95.0,103.21466910897801
37,94.0,103.11907672228278
38,94.0,102.95486728178629
39,95.0,102.84273414655433
40,97.0,103.30510217340772
41,96.0,103.43806583074549
