,y_actual,y_predict
0,124.0,107.330701109817
1,121.0,107.32385647188359
2,118.0,107.34181523593405
3,115.0,107.4598928862168
4,111.0,107.61763151269274
5,104.0,107.65376312687738
6,97.0,107.77615919930577
7,91.0,107.9529637207222
8,91.0,107.91908306878912
9,86.0,107.86641789219699
10,84.0,108.02061492317388
11,91.0,108.097447360244
12,87.0,107.72095557343539
13,93.0,107.89950336724773
14,91.0,107.74451727613375
15,91.0,108.02433390428514
16,106.0,108.09928238381863
17,107.0,107.94879210046253
18,108.0,107.79546364731097
19,105.0,107.86816728133815
20,104.0,108.0301937462335
21,110.0,108.1873268149298
22,110.0,108.15963019244325
23,115.0,108.0238506814105
24,112.0,107.59589260007851
25,107.0,107.62391952680849
26,106.0,107.51358567601073
27,99.0,107.4571097671286
28,96.0,107.42733345125747
29,101.0,107.46841962909362
30,112.0,107.31310323373621
31,106.0,106.80523599247397
32,118.0,106.78866572959498
33,116.0,106.24296030222371
34,116.0,106.30072072760808
35,114.0,105.94856135339919
36,113.0,105.88464748229451
37,114.0,106.18480228839816
38,110.0,106.16536327199749
39,106.0,106.26921948957678
40,109.0,106.20795416916485
41,106.0,106.01233453936312
42,99.0,106.28642589396165
43,97.0,106.27875549541966
44,98.0,106.62528134725441
45,94.0,106.60010482381037
46,89.0,106.65163228578622
47,90.0,106.73774382539877
48,87.0,106.7662295080224
49,85.0,106.78898991709318
50,82.0,106.94655727470214
51,84.0,107.35861181838725
52,78.99999999999999,107.53960019355385
53,78.99999999999999,108.12064205822743
54,80.0,108.37386307803706
55,81.0,108.86656690782753
56,80.0,109.08390098326248
