,y_actual,y_predict
0,640.0,687.112757747462
1,630.0,683.4634849792885
2,630.0,682.7009185099234
3,635.0,681.5566629135392
4,650.0,680.9505679399826
5,640.0,680.9224711704514
6,630.0,682.9537368200316
7,625.0,684.3091015306629
8,620.0,685.7394360591928
9,620.0,686.5357742742785
10,620.0,687.5770309319558
11,625.0,688.5530065721426
12,620.0,689.4152571927982
13,605.0,690.3668792927813
14,595.0,691.5696811004763
15,630.0,692.7236104642193
16,630.0,693.6311180804199
17,660.0,696.2243792528236
18,680.0,696.6582781607856
19,675.0,696.2904044062647
20,670.0,696.1544455065103
21,670.0,696.0489360485353
22,665.0,696.0167352564882
23,670.0,695.8657207576513
24,665.0,695.7325504885807
25,660.0,695.8930508416576
26,660.0,696.0599928564488
27,650.0,695.949890801849
28,655.0,695.8646308615619
29,675.0,696.2858944914121
30,670.0,695.9239287253479
31,650.0,695.4484484024455
32,650.0,695.0019142163716
33,660.0,694.6094914920034
34,665.0,694.2345071050648
35,630.0,693.7145590217165
36,645.0,693.3885297605023
37,650.0,693.0183033337331
38,635.0,693.0645449940212
39,640.0,693.2347266309814
40,640.0,693.6360789867576
41,640.0,693.7869206055253
42,640.0,693.9430764072943
43,625.0,693.9819894559469
44,625.0,694.1150394606213
45,615.0,694.4461198264704
46,615.0,694.7471566428769
47,625.0,695.001688720629
48,615.0,695.0874372350252
49,615.0,695.3463514467089
50,605.0,696.019433688875
51,610.0,696.4931175623611
52,615.0,696.9363144114442
53,610.0,697.2692964580561
54,620.0,697.6360652834383
55,615.0,697.9755867065863
56,610.0,698.4200989475014
57,605.0,698.73162131594
58,605.0,699.314640558501
59,575.0,699.9047328508557
60,575.0,700.3262821086466
61,570.0,700.9034835610478
62,570.0,701.5292417633614
63,595.0,702.2959047387175
