,y_actual,y_predict
0,640.0,655.8357616257298
1,630.0,650.2773968013312
2,630.0,653.2724462879469
3,635.0,653.0581501672041
4,650.0,653.426730475052
5,640.0,654.58096801631
6,630.0,654.0841106970065
7,625.0,655.7155272957613
8,620.0,656.0752982365972
9,620.0,654.9612440366753
10,620.0,659.518497962109
11,625.0,661.0554318447032
12,620.0,665.2838979443378
13,605.0,665.0834622952418
14,595.0,665.5886178578738
15,630.0,664.0292095662645
16,630.0,665.3743067040815
17,660.0,667.4296252328752
18,680.0,669.2585009369234
19,675.0,672.2905617914288
20,670.0,670.434731829612
21,670.0,671.2758610157082
22,665.0,673.2346823997073
23,670.0,674.7416403815816
24,665.0,689.0049601725643
25,660.0,692.3204015268286
26,660.0,690.5478396262391
27,650.0,687.7175824283349
28,655.0,685.461527589455
29,675.0,699.1357623024
30,670.0,706.1847742499564
31,650.0,703.3212564300147
32,650.0,697.4434242705123
33,660.0,680.8202614668435
34,665.0,674.7507804756829
35,630.0,684.8813495932511
36,645.0,668.3347350776793
37,650.0,669.5692340702627
38,635.0,670.7657595797879
39,640.0,663.5783233123578
40,640.0,663.2316912567924
41,640.0,664.096963520399
42,640.0,663.9857339870861
43,625.0,664.8768781288968
44,625.0,662.9547373856983
45,615.0,660.1898438870569
46,615.0,659.7001422993194
47,625.0,661.3174578976352
48,615.0,662.0444110727149
49,615.0,661.4710355314135
50,605.0,661.2429240381724
51,610.0,663.6086149071174
52,615.0,662.9636369510074
53,610.0,663.2748511419311
54,620.0,664.9021186190215
55,615.0,665.3611377527121
56,610.0,665.8742307654846
57,605.0,665.7483289758515
58,605.0,665.7410379468399
59,575.0,667.083744829785
60,575.0,666.4108354676883
61,570.0,666.986435900317
62,570.0,666.7176149090071
63,595.0,665.8001027983585
