,y_actual,y_predict
0,640.0,645.9948568226148
1,630.0,639.841093039385
2,630.0,636.2417149625301
3,635.0,636.0456990299895
4,650.0,635.3620711035933
5,640.0,635.2012625730015
6,630.0,635.2580424009949
7,625.0,635.5244731374329
8,620.0,635.4498039805245
9,620.0,634.8258422276273
10,620.0,633.785810763485
11,625.0,632.4453438049165
12,620.0,631.4382948513958
13,605.0,631.1265094045907
14,595.0,631.3948042391678
15,630.0,630.8478567989023
16,630.0,630.5207376415987
17,660.0,630.4172651618321
18,680.0,631.1188425493415
19,675.0,632.6072497481224
20,670.0,637.7458617641464
21,670.0,641.7660900619901
22,665.0,644.8971585805581
23,670.0,647.202236193885
24,665.0,646.9831294972995
25,660.0,646.0674063195424
26,660.0,645.9032003197618
27,650.0,645.3692113681725
28,655.0,644.7038185308301
29,675.0,643.3706726673722
30,670.0,642.7927721781689
31,650.0,642.7500332184163
32,650.0,643.662283761737
33,660.0,643.4150201634221
34,665.0,643.6571574918546
35,630.0,642.9220413708919
36,645.0,643.1648100874037
37,650.0,640.7991192184587
38,635.0,640.0341925603209
39,640.0,639.6510301944497
40,640.0,638.1068353489429
41,640.0,636.7108212724409
42,640.0,636.8193298237927
43,625.0,636.1995472586589
44,625.0,635.835521964812
45,615.0,635.4225039626172
46,615.0,634.7627334857908
47,625.0,633.7873742006338
48,615.0,632.6834071769322
49,615.0,631.9729001580148
50,605.0,631.2658357074349
51,610.0,630.9638217428104
52,615.0,630.6629502899485
53,610.0,630.2885521919409
54,620.0,629.9880114661681
55,615.0,629.7622451286504
56,610.0,629.9532851218037
57,605.0,630.3812910743584
58,605.0,630.3434378556962
59,575.0,630.1574790332768
60,575.0,630.3224366855329
61,570.0,628.7426736448891
62,570.0,627.8213732057644
63,595.0,626.8209838931759
