,y_actual,y_predict
0,196.0,196.16416341761686
1,194.0,196.17250002265018
2,194.0,196.07058181212437
3,194.0,195.6757303323293
4,197.0,195.42485340594894
5,194.0,195.40290677401518
6,196.0,195.43911364848515
7,204.0,195.50995501284586
8,204.0,206.70287945647502
9,204.0,199.36978089254063
10,206.0,198.8886287389918
11,208.0,199.75353420507756
12,208.0,201.12279438646704
13,206.0,203.2687037686757
14,210.0,204.62382237806324
15,208.0,208.13425871795548
16,212.0,208.08482625967008
17,218.0,212.40622118245435
18,216.0,223.58168838699223
19,220.0,228.7874770117017
20,220.0,229.52173240030004
21,224.0,228.87285242613345
22,226.0,227.7212197888759
23,234.0,223.95491988786068
24,238.0,225.3513525312222
25,238.0,225.8531440866006
26,240.0,227.24758343583161
27,224.0,233.19482524969663
28,224.0,216.01749904500403
29,246.0,214.84770734369857
30,230.0,216.2822990536266
31,230.0,221.60338846390493
32,220.0,226.89239201943894
33,212.0,224.91705484221666
34,214.0,218.21210923838893
35,214.0,221.4728060657066
36,214.0,214.48220209811026
37,210.0,209.9975128116999
38,216.0,210.76937316200022
39,216.0,219.32241432126656
40,216.0,216.853181582985
41,210.0,217.033535144952
42,208.0,214.82959123591175
43,212.0,216.98003219462936
44,208.0,218.52357689817464
45,208.0,217.28811975293405
46,208.0,217.66445553900266
47,208.0,213.66098593091124
48,208.0,212.6607126155247
49,210.0,212.102551320211
