,y_actual,y_predict
0,196.0,196.1452552458213
1,194.0,196.10308517700363
2,194.0,196.48127086364053
3,194.0,196.4908164247418
4,197.0,196.283637450308
5,194.0,196.40092102272047
6,196.0,196.32125600967535
7,204.0,196.139519503331
8,204.0,204.30120911370946
9,204.0,203.6736039231914
10,206.0,204.78762603606563
11,208.0,206.6719348785096
12,208.0,208.60659958433385
13,206.0,206.66778388211253
14,210.0,207.1463920360827
15,208.0,208.50530068565885
16,212.0,208.68271560671312
17,218.0,210.17087315616618
18,216.0,213.47877906895965
19,220.0,216.62318418084342
20,220.0,218.54654350953132
21,224.0,218.7998719559138
22,226.0,219.02023548938854
23,234.0,220.49722541532674
24,238.0,222.53874034397947
25,238.0,226.75430958166646
26,240.0,231.26661572647674
27,224.0,235.0282615174756
28,224.0,226.74104814946045
29,246.0,221.79455603282727
30,230.0,218.75229457458065
31,230.0,218.72931158421795
32,220.0,218.03895594928196
33,212.0,218.34674938081318
34,214.0,219.65587610824053
35,214.0,222.51817263893105
36,214.0,220.1710109329105
37,210.0,218.30602081904544
38,216.0,218.09344874783716
39,216.0,219.638996364316
40,216.0,218.1869212629687
41,210.0,218.05041321852144
42,208.0,217.55757078119447
43,212.0,218.54711700652086
44,208.0,217.7188696874251
45,208.0,216.941620026064
46,208.0,215.83843015337823
47,208.0,212.64348128310155
48,208.0,211.59362408088325
49,210.0,209.7247572417127
