,y_actual,y_predict
0,129.0,129.5662263289612
1,130.0,129.55509575114456
2,131.0,129.64726195099377
3,132.0,129.7959248073446
4,131.0,130.1734695345559
5,132.0,130.9659916622051
6,132.0,131.16397009870295
7,133.0,131.42744009640754
8,135.0,131.62101908250884
9,135.0,132.07596634307254
10,134.0,132.4961575381053
11,131.0,133.449804613796
12,130.0,133.78218266122136
13,130.0,133.10564188773878
14,130.0,132.20641441554585
15,131.0,131.2195197801835
16,131.0,130.56335571825556
17,130.0,130.13236665412532
18,129.0,130.56382241579223
19,128.0,130.44438089094638
20,130.0,130.25439244302237
21,130.0,130.27542416072203
22,129.0,130.10976690512885
23,129.0,129.85072261238636
24,129.0,129.74907172438424
25,129.0,129.8287520676343
26,129.0,129.55463991756608
27,129.0,129.40551579565766
28,129.0,129.38081160742945
29,129.0,129.38751964893845
30,130.0,129.3514970269501
31,130.0,129.4340332332058
32,130.0,129.70091225045317
33,128.0,129.7692365887544
34,130.0,129.89222474327994
35,130.0,129.95224268022548
36,130.0,129.8442151014387
37,130.0,129.76267294735618
38,129.0,129.76707782973176
39,128.0,129.72253786453314
40,128.0,129.66663012509767
41,129.0,129.48298351275912
42,129.0,129.37733197215854
43,128.0,129.26229578235322
44,129.0,129.1592149258561
45,128.0,129.1634047923928
46,128.0,129.1934517847192
47,129.0,129.31233245772418
48,129.0,129.2049847816533
49,127.0,129.2825434844045
50,128.0,129.61623629710166
51,127.0,129.42298594573518
52,128.0,129.286353112405
53,128.0,129.17948073450435
54,128.0,129.09514382718092
55,127.0,128.89773755914706
56,128.0,128.83738465015773
57,128.0,128.8165493890351
58,127.0,128.83873087564177
59,127.0,128.72215426710002
60,127.0,128.67435647244324
61,128.0,128.67907052496196
62,128.0,128.63411999267723
63,128.0,128.60457093176726
64,128.0,128.6916754324361
