,y_actual,y_predict
0,129.0,130.02933423277508
1,130.0,129.97232923356378
2,131.0,129.98889541178804
3,132.0,129.94114605227813
4,131.0,130.09744627122694
5,132.0,130.78859227848292
6,132.0,129.97266284761278
7,133.0,129.96034176104598
8,135.0,130.12906944281877
9,135.0,130.41805344630063
10,134.0,130.43838851268225
11,131.0,130.66398177286973
12,130.0,130.52096817477064
13,130.0,130.14310703477744
14,130.0,130.1805265807213
15,131.0,130.17012660409202
16,131.0,130.2261606370413
17,130.0,130.2259442632076
18,129.0,130.51946396922813
19,128.0,130.30277870208036
20,130.0,130.2591802799237
21,130.0,130.35315216015482
22,129.0,130.28034236512147
23,129.0,130.23617946980454
24,129.0,130.2403820109591
25,129.0,130.28961475342504
26,129.0,130.255592005071
27,129.0,130.24955300231971
28,129.0,130.21717161698015
29,129.0,130.14945701833156
30,130.0,130.090171945898
31,130.0,130.072490401301
32,130.0,130.10643891260747
33,128.0,129.96923934279246
34,130.0,129.9567648028164
35,130.0,129.86239231412753
36,130.0,129.77029627734154
37,130.0,129.79026604312946
38,129.0,129.82360345678853
39,128.0,129.78395951540807
40,128.0,129.77862712260313
41,129.0,129.73395181059223
42,129.0,129.71897222292665
43,128.0,129.68645096412558
44,129.0,129.69898163455224
45,128.0,129.75518451151817
46,128.0,129.7137443957192
47,129.0,129.86008236502028
48,129.0,129.74147872294878
49,127.0,129.7092077878507
50,128.0,129.8940544149028
51,127.0,129.67473644855696
52,128.0,129.67636106296925
53,128.0,129.6848168437499
54,128.0,129.68982829712368
55,127.0,129.66882781330378
56,128.0,129.65751979083691
57,128.0,129.67272887961894
58,127.0,129.6626290198343
59,127.0,129.6583622002605
60,127.0,129.63294868609637
61,128.0,129.6136814562705
62,128.0,129.6400233861938
63,128.0,129.61349812697628
64,128.0,129.62585180541762
