,y_actual,y_predict
0,400.0,406.33174908094406
1,408.0,406.0927620584684
2,400.0,405.80088446544477
3,396.0,405.5458208710784
4,400.0,405.49547463193613
5,406.0,405.3154800721405
6,396.0,405.9606369550307
7,392.0,406.0667333230263
8,388.0,406.53450752614793
9,380.0,406.3175638704523
10,370.0,406.6508487683877
11,372.0,406.50843375829163
12,365.99999999999994,406.4138206559322
13,382.0,406.5596356133048
14,396.0,406.42872638505213
15,398.0,406.1957737060872
16,408.0,406.1757117655346
17,408.0,406.1259509477777
18,408.0,406.15893719122283
19,418.0,406.08058079041115
20,420.0,405.9638792888574
21,418.0,406.043429048647
22,418.0,405.91188936659466
23,418.0,405.9537019632347
24,420.0,406.0079209900033
25,408.0,406.1046506158329
26,416.0,406.1999842368205
27,412.0,406.3573049760364
28,416.0,406.3223147901567
29,424.0,406.5697679065132
30,408.0,406.51653959285835
31,410.0,406.7700495689328
32,420.0,406.96454456612
33,416.0,406.7387970734367
34,412.0,406.81562237216355
35,416.0,406.96125719987907
36,416.0,407.02378470707856
37,420.0,407.08892409430507
38,430.0,407.06170199988514
39,430.0,406.8153071452637
40,430.0,406.62752197780117
41,434.0,406.6289855312646
42,426.0,406.79166512777743
43,424.0,406.9305225771469
44,424.0,406.95844267398786
45,418.0,406.94042970828406
46,416.0,406.75867888433226
47,414.0,406.7604351484884
48,420.0,406.93439536477325
49,414.0,406.8095429962385
50,416.0,406.80377884721327
51,416.0,406.7297230419633
52,432.0,406.7333931837255
53,418.0,406.4708316923849
54,416.0,406.78268116113264
55,422.0,406.74174669657066
56,420.0,406.6645611385297
57,418.0,406.55715883052056
58,418.0,406.4390838403319
59,416.0,406.4617801771187
60,416.0,406.6697848985838
61,416.0,406.6831595256189
62,410.0,406.6962864743756
63,408.0,406.78470761977434
64,406.0,406.86292892334325
65,408.0,406.87542541830027
66,410.0,406.9038408716981
67,408.0,406.89715355818055
68,414.0,407.18441532874255
69,408.0,407.114412440776
70,410.0,407.21229039316927
71,406.0,407.22408888570527
72,406.0,407.34754524939797
73,404.0,407.38872739223837
74,400.0,407.3455413069634
75,400.0,407.31415371422446
76,398.0,407.4271175253947
77,400.0,407.48944238673
78,380.0,407.47233006931134
79,380.0,407.6676131337481
80,380.0,407.8121446673143
81,388.0,407.42319970535414
82,386.0,407.28398199667055
83,388.0,407.3612351033329
84,382.0,407.3996702689035
