,y_actual,y_predict
0,400.0,419.7854980679007
1,408.0,418.0508494706207
2,400.0,416.40536505357477
3,396.0,414.1197223516214
4,400.0,411.67011662934885
5,406.0,410.46390089719824
6,396.0,410.489006468148
7,392.0,410.55977490715696
8,388.0,411.97660724079975
9,380.0,411.4712084555642
10,370.0,412.1329597831091
11,372.0,410.30236962724905
12,365.99999999999994,408.2372281417179
13,382.0,403.4174989083409
14,396.0,401.42163979214814
15,398.0,398.97444330403846
16,408.0,399.1671144884482
17,408.0,401.670533945761
18,408.0,405.81281805522354
19,418.0,409.98793079468135
20,420.0,412.48522584365486
21,418.0,415.1100752060186
22,418.0,417.1404291515343
23,418.0,418.2636051117902
24,420.0,419.29741424594795
25,408.0,420.336829915681
26,416.0,420.82032043137923
27,412.0,419.84737260509337
28,416.0,418.8232004075872
29,424.0,418.29175037070246
30,408.0,416.61987695890036
31,410.0,417.62997652695043
32,420.0,417.43942186601095
33,416.0,417.1513720281994
34,412.0,417.25623000480283
35,416.0,416.4921875482673
36,416.0,416.0693556945767
37,420.0,417.2191683278672
38,430.0,418.0075733205172
39,430.0,418.98714091169927
40,430.0,420.56554954770553
41,434.0,421.8143209113315
42,426.0,423.3059070526452
43,424.0,424.59712146671086
44,424.0,424.8265165849493
45,418.0,424.1859530083135
46,416.0,423.3397489119613
47,414.0,421.74481337992177
48,420.0,420.3824027189117
49,414.0,419.2466627150774
50,416.0,419.00801343570856
51,416.0,418.341803899152
52,432.0,418.0038131139265
53,418.0,418.31840955994414
54,416.0,419.33262959389896
55,422.0,419.7802743078465
56,420.0,420.2451664364556
57,418.0,420.84905111167683
58,418.0,420.4189014906691
59,416.0,419.59237655934834
60,416.0,419.17168374533514
61,416.0,418.64737134611056
62,410.0,417.49276276070145
63,408.0,416.5594659751711
64,406.0,416.1428485946484
65,408.0,415.0608322610258
66,410.0,414.57858013671967
67,408.0,414.47678436428583
68,414.0,414.14399482290736
69,408.0,413.98433239814995
70,410.0,414.5864833254222
71,406.0,414.4809948950191
72,406.0,413.95490371543127
73,404.0,413.9484190477779
74,400.0,413.6245459244228
75,400.0,413.32026190127067
76,398.0,412.4868695267753
77,400.0,411.41782252845945
78,380.0,410.2687979624185
79,380.0,408.90611710692286
80,380.0,407.3280687302307
81,388.0,405.4284889157249
82,386.0,404.19329482499825
83,388.0,403.10441104820103
84,382.0,403.1130572717389
