,y_actual,y_predict
0,177.0,178.87368543438788
1,180.0,179.33268225229142
2,179.0,180.61702586638134
3,191.0,180.52923778398224
4,190.0,183.280823306701
5,188.0,184.2264263205109
6,185.0,185.29713640360586
7,185.0,186.4172941838524
8,185.0,187.89678338614803
9,178.0,187.35011865035852
10,182.0,186.11721335344686
11,184.0,185.19642431159758
12,188.0,185.23814511433275
13,187.0,185.20968035472987
14,187.0,185.3264296659045
15,180.0,185.95226226138828
16,185.0,186.35979230209728
17,185.0,186.02824101814866
18,181.0,185.30957026849043
19,180.0,184.79538315459743
20,184.0,183.95948717904812
21,182.0,184.2941516725539
22,181.0,184.13114218604954
23,188.0,183.7361029302577
24,183.0,184.07624439578282
25,183.0,185.04738869308022
26,186.0,184.71268783399807
27,184.0,185.08139208807103
28,184.0,185.5603045929133
29,183.0,184.98334733203177
30,184.0,184.70823384145234
31,185.0,184.91735804098107
32,186.0,184.8529435374971
33,185.0,184.970040693315
34,186.0,185.12349235768977
35,186.0,185.69171081246537
36,186.0,185.97982104380668
37,189.0,186.60942459144582
38,185.0,186.89990965303338
39,186.0,186.8473408407645
40,186.0,186.76139633497468
41,185.0,186.74007662056678
42,187.0,186.1611081852024
43,182.0,185.70815912075557
44,183.0,185.39337711083618
45,184.0,184.93952997476495
46,186.0,184.8799900396227
47,184.0,184.75906659272894
48,180.0,184.558666969298
49,181.0,184.61316631933698
50,180.0,184.2665470378871
51,184.0,183.59319412079776
52,182.0,183.1423400297706
53,182.0,182.68990008339253
54,182.0,182.89838709477928
55,183.0,183.64471623691284
56,183.0,183.89034831286386
57,183.0,184.09448252287382
58,180.0,184.1024687196607
59,181.0,183.93305256727226
60,170.0,183.33955055026763
61,173.0,183.14004583623708
62,165.0,181.5127068494352
63,175.0,180.06505649978212
64,165.0,179.0916290767353
65,177.0,177.69490318285565
66,174.0,177.54249979574672
67,172.0,177.29305723983998
68,170.0,177.26664634474434
