,y_actual,y_predict
0,177.0,184.35843968707667
1,180.0,183.9669500277581
2,179.0,183.76863272885066
3,191.0,183.65390091660694
4,190.0,185.06178155575117
5,188.0,183.46299587082504
6,185.0,182.82319256957828
7,185.0,182.7751362509997
8,185.0,182.7827224264468
9,178.0,182.65655126877584
10,182.0,182.62640104376516
11,184.0,182.46712140050377
12,188.0,182.37373934379622
13,187.0,182.10033029196876
14,187.0,181.99671685941325
15,180.0,182.07403639916222
16,185.0,182.1337929466505
17,185.0,182.15880930094903
18,181.0,182.44412886958418
19,180.0,182.93667214110624
20,184.0,182.97573193232046
21,182.0,182.84159038898275
22,181.0,182.778048659331
23,188.0,182.87475737571773
24,183.0,182.95878083040952
25,183.0,183.10329604967652
26,186.0,182.92091635987853
27,184.0,182.95510474497507
28,184.0,182.9157730024943
29,183.0,183.05123319325236
30,184.0,183.0033808381237
31,185.0,182.9253830013204
32,186.0,183.14215187744082
33,185.0,183.21590442848432
34,186.0,183.1189079497109
35,186.0,183.0055975571685
36,186.0,183.01082787571352
37,189.0,183.23659169808627
38,185.0,183.12831872842312
39,186.0,183.00484811007345
40,186.0,183.12241485615976
41,185.0,183.27815122739594
42,187.0,183.27177144041613
43,182.0,183.3766750603757
44,183.0,183.43582287973825
45,184.0,183.27385850827568
46,186.0,183.31257836040672
47,184.0,183.25199331022267
48,180.0,183.16630178235525
49,181.0,183.2385475336486
50,180.0,183.14406344186673
51,184.0,183.1376694248788
52,182.0,183.12815903610962
53,182.0,183.00093169561273
54,182.0,182.94249537665684
55,183.0,183.15354378950764
56,183.0,182.7792771833665
57,183.0,182.75024796677434
58,180.0,182.76112917966037
59,181.0,182.82214429231243
60,170.0,182.73644960222097
61,173.0,183.31797785793736
62,165.0,182.6448462965301
63,175.0,182.86723760697524
64,165.0,182.76757221112078
65,177.0,182.69520629531428
66,174.0,182.70711997434597
67,172.0,181.95099268105656
68,170.0,181.76625397213246
