,y_actual,y_predict
0,342.0,318.1995578735379
1,334.0,317.72269672594285
2,336.0,316.05642085090903
3,334.0,314.70598641966654
4,346.0,313.5165292404209
5,346.0,312.7982022148305
6,346.0,312.0390365509435
7,340.0,311.19917000202327
8,328.0,310.5569166145074
9,322.0,310.0607823465519
10,322.0,309.9191206667224
11,314.0,308.4936738925794
12,312.0,308.09471181075816
13,302.0,307.61394509692263
14,316.0,307.425374170401
15,314.0,307.1073676844547
16,298.0,306.65737853066605
17,278.0,306.7035236448329
18,309.99999999999994,306.6130588441986
19,320.0,306.0936609860284
20,348.0,305.817342174518
21,329.99999999999994,305.355678773815
22,376.0,305.10215658264275
23,434.0,304.9950082218727
24,422.0,305.1030905223959
25,394.0,305.60512559151897
26,368.0,305.7576973857375
27,388.0,306.58542271786683
28,362.0,306.84280802347257
29,349.99999999999994,308.01418073295275
30,386.0,308.9144137513718
31,368.0,309.3092580079179
32,363.99999999999994,309.9027767210423
33,349.99999999999994,310.72145981828896
34,328.0,311.4441593799963
35,328.0,312.1945799716493
36,320.0,313.8471863648416
37,346.0,317.1763419703523
38,408.0,335.2168741156158
39,380.0,351.08837363600406
40,354.0,388.29547210617676
41,329.99999999999994,397.05306762323613
42,343.99999999999994,397.68190623975227
43,343.99999999999994,396.6959205712716
44,332.0,393.1688546417078
45,324.00000000000006,390.3477198101017
46,326.0,387.40097008169744
47,326.0,384.1202095361225
48,332.0,378.46889763802756
49,309.99999999999994,373.77534095678413
50,304.00000000000006,365.9077900244731
51,304.00000000000006,363.28736733617956
52,309.99999999999994,360.21631871699293
53,316.0,362.15831907823963
54,316.0,360.6390113589055
55,294.0,376.419536656976
56,274.0,374.33396428458644
57,264.0,376.2749033506592
58,254.0,375.3162990976685
59,238.0,373.6863195175865
60,222.0,363.7161305864876
61,222.0,356.18394892917
