,y_actual,y_predict
0,342.0,368.07784149271544
1,334.0,366.80891453083836
2,336.0,364.64013661680497
3,334.0,362.5600829793204
4,346.0,360.18770619910106
5,346.0,358.31668525909345
6,346.0,355.84314582288556
7,340.0,353.9124376422905
8,328.0,352.22022371320344
9,322.0,350.6844022409614
10,322.0,350.20422985242334
11,314.0,348.8852097583321
12,312.0,348.5793020373697
13,302.0,348.22656997332916
14,316.0,347.9853163543687
15,314.0,347.72470471143396
16,298.0,346.8246415002427
17,278.0,346.43145286416814
18,309.99999999999994,345.90725795181135
19,320.0,346.29276281082593
20,348.0,347.2906774370627
21,329.99999999999994,347.39150047859556
22,376.0,347.74614287394934
23,434.0,349.772494975628
24,422.0,352.78169131207216
25,394.0,357.27067273556963
26,368.0,360.6642277322405
27,388.0,363.8540565073045
28,362.0,368.9324388186512
29,349.99999999999994,371.5945067295737
30,386.0,371.38483725499236
31,368.0,372.69952726477356
32,363.99999999999994,374.347591314621
33,349.99999999999994,373.46157965153395
34,328.0,370.76088059627676
35,328.0,368.0512666615577
36,320.0,367.5544107128839
37,346.0,369.20812085305715
38,408.0,372.1755870632585
39,380.0,373.837872468438
40,354.0,381.4724903359529
41,329.99999999999994,372.2755610686521
42,343.99999999999994,360.5421363354201
43,343.99999999999994,348.32208653899187
44,332.0,339.25518715641323
45,324.00000000000006,337.0035857669985
46,326.0,335.55988471586227
47,326.0,335.4566843731396
48,332.0,339.4538616129916
49,309.99999999999994,337.53758704676335
50,304.00000000000006,350.47757703744645
51,304.00000000000006,352.1245373403129
52,309.99999999999994,354.9527616236815
53,316.0,353.5179330002001
54,316.0,347.99346710130527
55,294.0,342.56744694275335
56,274.0,334.1417396525166
57,264.0,325.1616117633667
58,254.0,321.9391800005564
59,238.0,318.1370688136911
60,222.0,320.2960828121234
61,222.0,306.6155210490023
