,y_actual,y_predict
0,276.0,274.173152517518
1,286.0,279.2484022255951
2,280.0,296.9026698462731
3,274.0,313.03868586884596
4,258.0,311.86532773929696
5,268.0,316.41935701487773
6,262.0,316.74318452874127
7,262.0,288.02224279815545
8,266.0,292.2322984592903
9,262.0,262.35467257436414
10,280.0,296.8577654188656
11,284.0,308.7455842239598
12,280.0,296.4863646051058
13,268.0,276.58806753768744
14,264.0,305.8875845478939
15,254.0,286.06071220877834
16,258.0,323.18370502741396
17,264.0,301.2594746272132
18,270.0,326.5078245792063
19,264.0,348.1673896316591
20,270.0,357.46903860594153
21,268.0,369.2943915435385
22,270.0,362.00094603795674
23,262.0,322.4582251596878
24,264.0,323.7177127276111
25,268.0,269.0769664116653
26,264.0,257.28406100391317
27,256.0,259.4708003819876
28,254.0,263.06684694672174
29,262.0,261.7546556249918
30,260.0,260.3192297638792
31,262.0,247.91306668984458
32,266.0,263.1351882204017
33,264.0,260.38009560345233
34,262.0,261.19636895856223
35,262.0,253.58088382457055
36,258.0,280.2295367574969
37,260.0,293.29697129122775
38,258.0,314.28357237223145
39,278.0,307.57310708144587
40,286.0,338.97335711042354
41,290.0,342.3366935409702
42,290.0,346.00845964580344
43,294.0,318.06953642149153
44,290.0,314.4832325369104
45,282.0,291.4285403023557
46,300.0,269.62965621928356
47,304.0,262.2299092633617
48,298.0,263.6636120174792
49,300.0,265.2214691650895
50,300.0,268.2244948539655
51,288.0,250.96458553272703
52,284.0,245.99708831245965
53,288.0,256.9442202551172
54,286.0,262.41822024211774
55,274.0,263.02117813350435
56,274.0,260.5334650817126
57,270.0,268.89697298697615
58,264.0,275.21878048266694
59,268.0,273.36610361489346
60,264.0,269.7478898616728
61,262.0,257.4796271700172
62,264.0,250.50345359830234
63,262.0,270.76565013399033
64,262.0,279.82636858770616
65,258.0,288.2509237122265
66,264.0,302.7999841036468
67,266.0,296.5919923594779
68,260.0,308.5082618635296
69,260.0,302.6819966193997
70,260.0,301.9061968451384
71,262.0,274.17092413854687
72,260.0,292.783407672522
73,258.0,276.65524279911506
74,250.0,303.23438844610905
75,250.0,288.17506813736463
76,234.0,286.1079616163823
77,234.0,289.5229523897085
78,222.00000000000003,286.19011365740687
79,226.0,281.7808253694189
80,236.0,276.24171007597
