,y_actual,y_predict
0,276.0,283.5258145278412
1,286.0,284.54943077280393
2,280.0,297.6568336154073
3,274.0,306.86817494074455
4,258.0,308.61952534378804
5,268.0,311.24270310792053
6,262.0,310.7992038698899
7,262.0,329.21920469238387
8,266.0,381.2834979462876
9,262.0,334.8187712432718
10,280.0,340.6437020511573
11,284.0,335.69666834591885
12,280.0,309.5722739551908
13,268.0,333.89723289315725
14,264.0,334.33245992204195
15,254.0,378.14615412378566
16,258.0,379.63098651516907
17,264.0,378.1878455396534
18,270.0,377.6564743227157
19,264.0,390.24262434359366
20,270.0,362.5259365767356
21,268.0,321.54541894577426
22,270.0,304.3119392355892
23,262.0,302.70670312345806
24,264.0,307.76241564846225
25,268.0,288.9067796927951
26,264.0,286.3528630564528
27,256.0,290.2106534604582
28,254.0,290.41412259849494
29,262.0,286.2949899816607
30,260.0,285.86698575089474
31,262.0,297.93192181712226
32,266.0,311.82076015987343
33,264.0,346.97597126789015
34,262.0,354.8042406822457
35,262.0,350.5433209755246
36,258.0,390.0947869456862
37,260.0,376.2147131283653
38,258.0,323.488992946465
39,278.0,331.86579339140536
40,286.0,307.2356890469965
41,290.0,285.89336353918145
42,290.0,286.6470738591064
43,294.0,288.2792578099588
44,290.0,289.9026059790766
45,282.0,305.95412498042856
46,300.0,284.9730689354694
47,304.0,291.6700473512027
48,298.0,297.1990572051311
49,300.0,285.98078854672497
50,300.0,281.97614537738076
51,288.0,316.07096550956453
52,284.0,312.9000340563488
53,288.0,336.6975343962689
54,286.0,342.60626261802395
55,274.0,332.8487935429109
56,274.0,336.67091044984
57,270.0,332.57979451629166
58,264.0,326.71845821474915
59,268.0,320.63748407193725
60,264.0,301.3924648024406
61,262.0,306.4436428353523
62,264.0,324.00714288003
63,262.0,347.70384793857954
64,262.0,349.6485749958309
65,258.0,355.837197980919
66,264.0,374.6323956348388
67,266.0,367.56079691596005
68,260.0,342.1474756637957
69,260.0,320.284324872081
70,260.0,325.1119265334487
71,262.0,359.28462980624414
72,260.0,360.5205250595947
73,258.0,335.0377872113399
74,250.0,376.3998693961941
75,250.0,350.97039887433453
76,234.0,318.85287640831814
77,234.0,317.70458754219476
78,222.00000000000003,289.8890154584908
79,226.0,281.84603136570917
80,236.0,280.9912407391963
