,y_actual,y_predict
0,800.0,864.6956738673975
1,800.0,863.0984796791796
2,810.0,861.066009152944
3,820.0,860.7459679079582
4,820.0,860.2723127906972
5,820.0,859.8383943380823
6,815.0,859.412425687279
7,815.0,859.2518372217994
8,795.0,860.2684613339189
9,810.0,859.3524812189594
10,850.0,858.8289546741839
11,850.0,858.7019059781493
12,850.0,858.909156323828
13,845.0,859.3219287974005
14,850.0,859.6701029590461
15,860.0,859.6054799582939
16,890.0,860.350650434016
17,890.0,862.2477027523717
18,905.0,863.917642564932
19,905.0,927.1117405079241
20,910.0,887.1777504242046
21,900.0,901.4606063096464
22,900.0,953.2010365507
23,900.0,980.7804143122522
24,900.0,991.9774994893093
25,900.0,931.1835944315359
26,900.0,886.4766124687659
27,900.0,880.8242169697374
28,900.0,921.6117306121021
29,895.0,965.2454708136695
30,895.0,989.0649981408433
31,895.0,945.6702010216414
32,915.0,917.5898592157196
33,915.0,903.1208804470226
34,900.0,921.3747425761059
35,900.0,961.5637126774063
36,900.0,992.1067566779377
37,895.0,1003.2171552417051
38,895.0,988.2763082094929
39,950.0,979.4711450646707
40,915.0,1001.801058217701
41,900.0,1011.9573489706922
42,890.0,997.5824265261381
43,890.0,971.1774225130149
44,900.0,1000.5952768113671
45,900.0,1015.2483971850726
46,900.0,1006.3878770643196
47,900.0,988.0863080233452
48,900.0,963.7103289022484
49,900.0,949.5183803584091
50,950.0,959.5751111079851
51,940.0,1006.4036038461645
52,930.0,978.4032214307865
53,930.0,947.2603403779722
54,930.0,920.0037967847907
55,920.0,900.5967504775286
56,900.0,880.680046573217
57,885.0,875.8853655609628
58,880.0,892.1881623936977
59,880.0,894.8733684329749
60,870.0,903.0849890669488
61,925.0,947.6367492976829
62,900.0,929.1909901862801
63,900.0,901.6009499382141
64,900.0,927.1108393657933
65,850.0,983.8911638916186
66,820.0,944.8978975266924
67,795.0,931.0680507281853
68,780.0,919.6275082231043
69,780.0,957.4487551505707
70,815.0,975.6966950476366
71,830.0,969.6837655436955
72,835.0,952.5779955225313
73,835.0,952.2181250298039
74,845.0,940.3033379617531
75,875.0,929.9617691462544
