,y_actual,y_predict
0,800.0,801.751686071156
1,800.0,803.7884771418544
2,810.0,803.6229879445128
3,820.0,803.4402536025577
4,820.0,820.1543909569859
5,820.0,835.2598538193376
6,815.0,843.2958072876565
7,815.0,847.5523706592635
8,795.0,833.98684859879
9,810.0,799.9070604737544
10,850.0,804.1594390894387
11,850.0,827.0690396930559
12,850.0,823.7721433131346
13,845.0,826.5036038669903
14,850.0,834.6646926473674
15,860.0,831.044199831588
16,890.0,822.4262073020532
17,890.0,838.8082552646504
18,905.0,851.7543593820976
19,905.0,901.0698994738668
20,910.0,921.6664657382406
21,900.0,947.7282985487484
22,900.0,1006.6183333629189
23,900.0,940.0354950660854
24,900.0,922.8104780177454
25,900.0,960.3494452588317
26,900.0,961.1303034318172
27,900.0,965.4309456152553
28,900.0,977.125116424721
29,895.0,1006.1897569549219
30,895.0,920.0958799317077
31,895.0,945.7091136967363
32,915.0,980.317296694326
33,915.0,971.2931513825567
34,900.0,935.8807052054052
35,900.0,948.2073080550401
36,900.0,1018.1203988780999
37,895.0,918.7428582277072
38,895.0,949.2180438822772
39,950.0,974.512429181202
40,915.0,978.6375770207636
41,900.0,977.0243829305687
42,890.0,964.1803917953987
43,890.0,921.7007893778951
44,900.0,894.8593698689151
45,900.0,939.2334970862636
46,900.0,955.5177371805304
47,900.0,966.3590741754135
48,900.0,947.5628247819227
49,900.0,850.6195622067116
50,950.0,918.5867631284691
51,940.0,952.4989079561379
52,930.0,960.2382992525237
53,930.0,946.2911805328807
54,930.0,910.4951363586426
55,920.0,859.3800216038072
56,900.0,881.208708393697
57,885.0,872.7315656136526
58,880.0,862.6105173875401
59,880.0,856.0118115514227
60,870.0,861.2446821831039
61,925.0,868.2489266669215
62,900.0,915.4049598808331
63,900.0,927.9352362825521
64,900.0,933.6625376781544
65,850.0,924.8584222653644
66,820.0,954.0970279753122
67,795.0,890.492990601474
68,780.0,845.1938595034451
69,780.0,876.2076288002438
70,815.0,890.5154821215066
71,830.0,893.6316007488939
72,835.0,842.4327600145739
73,835.0,842.5238741250901
74,845.0,835.3914946369157
75,875.0,847.3527615050778
