,y_actual,y_predict
0,800.0,817.080447015763
1,800.0,817.3016588922632
2,810.0,817.5935054985255
3,820.0,814.2319243957883
4,820.0,815.1326344721747
5,820.0,814.1595491038285
6,815.0,814.6513381634207
7,815.0,813.6760801784303
8,795.0,813.5485006726474
9,810.0,813.3910723768322
10,850.0,813.6990778193857
11,850.0,814.3948089220395
12,850.0,813.6712782018701
13,845.0,813.7430856508435
14,850.0,812.2532014426712
15,860.0,810.6921393505759
16,890.0,808.9068163120306
17,890.0,805.4516151829889
18,905.0,810.6634509353422
19,905.0,936.4456595993735
20,910.0,853.5285107271031
21,900.0,873.1335861037187
22,900.0,978.5820163620224
23,900.0,995.3973659423599
24,900.0,989.944221802429
25,900.0,953.1694873178113
26,900.0,952.9094152299705
27,900.0,947.6910708859941
28,900.0,943.6137823346687
29,895.0,936.3554219421627
30,895.0,906.4751289685856
31,895.0,934.836046931928
32,915.0,943.6695358748592
33,915.0,941.9334269238497
34,900.0,905.3376221946007
35,900.0,950.0560412557846
36,900.0,962.4560748446696
37,895.0,937.4227136964192
38,895.0,921.9471344787567
39,950.0,940.1888990833438
40,915.0,937.9994261435329
41,900.0,957.6795092581276
42,890.0,939.6768281536013
43,890.0,901.2820382069949
44,900.0,940.6778674446225
45,900.0,948.061449560076
46,900.0,930.1765063782667
47,900.0,936.8842318955957
48,900.0,925.2321617058177
49,900.0,890.0042691284503
50,950.0,922.1368002084714
51,940.0,957.6546722996724
52,930.0,952.1595353607838
53,930.0,938.9219487972505
54,930.0,893.8504239815269
55,920.0,865.0959414508529
56,900.0,858.8040313048394
57,885.0,858.0971778862969
58,880.0,858.3286726586189
59,880.0,858.6216549508542
60,870.0,855.8722703096839
61,925.0,897.2111409753714
62,900.0,895.2317267351402
63,900.0,871.6173218854973
64,900.0,908.7124982298708
65,850.0,931.4715957532262
66,820.0,913.1123185114546
67,795.0,908.2104015856313
68,780.0,894.2909158339319
69,780.0,944.4805020705448
70,815.0,967.2511647655963
71,830.0,935.5437397705375
72,835.0,929.1514880654764
73,835.0,892.3751370414327
74,845.0,874.3327223583636
75,875.0,854.92620686085
