,y_actual,y_predict
0,800.0,845.5534152136472
1,800.0,843.0950377586721
2,810.0,841.8076759860949
3,820.0,842.4781010426088
4,820.0,842.9351035470685
5,820.0,843.9763424182137
6,815.0,843.5785066840702
7,815.0,844.0111783509974
8,795.0,845.6225068918153
9,810.0,845.2001551539481
10,850.0,844.1370666722335
11,850.0,846.1407994055844
12,850.0,849.3730234071024
13,845.0,849.5367843866588
14,850.0,850.4182742123917
15,860.0,847.2935330126977
16,890.0,846.9333724262708
17,890.0,844.3166778777623
18,905.0,847.9525147985914
19,905.0,912.6078764287925
20,910.0,850.6777167351822
21,900.0,868.5844971831482
22,900.0,926.7846197422255
23,900.0,955.1017891067778
24,900.0,978.1498230410892
25,900.0,913.481095497982
26,900.0,885.4006611089645
27,900.0,884.498519080699
28,900.0,944.2127641023854
29,895.0,969.2680689873526
30,895.0,999.8761923943655
31,895.0,955.5228662840285
32,915.0,938.3880406013513
33,915.0,939.9001447524756
34,900.0,940.5388199793937
35,900.0,965.1568687911483
36,900.0,976.758226590293
37,895.0,973.1780074211142
38,895.0,957.8783839197548
39,950.0,967.5298167376792
40,915.0,987.8987936933152
41,900.0,980.7472232724676
42,890.0,974.5689017834352
43,890.0,963.6512516289247
44,900.0,981.1797498925449
45,900.0,980.970836137248
46,900.0,979.0939484171213
47,900.0,963.367172744386
48,900.0,949.6191261969743
49,900.0,942.5586930324167
50,950.0,958.3044420675506
51,940.0,971.7660318879175
52,930.0,940.0851504663768
53,930.0,925.2317111347522
54,930.0,904.8866931412147
55,920.0,893.8283336549086
56,900.0,878.852950041922
57,885.0,867.2622871333746
58,880.0,868.7152492030082
59,880.0,880.2447332019611
60,870.0,892.8696912494813
61,925.0,942.2467620666084
62,900.0,923.0003042248259
63,900.0,874.298034558533
64,900.0,921.0317036901647
65,850.0,941.9525761941298
66,820.0,895.163536199103
67,795.0,887.8835545676634
68,780.0,884.7200148786926
69,780.0,914.4232704567994
70,815.0,923.1541835019751
71,830.0,927.6886319490227
72,835.0,934.5792831467044
73,835.0,933.2316559510762
74,845.0,905.482841866205
75,875.0,885.3571223651912
