,y_actual,y_predict
0,4460.0,4548.890131265415
1,4360.0,4548.146795526066
2,4380.0,4546.420427929626
3,4400.0,4545.111763514707
4,4350.0,4542.520360291035
5,4300.0,4538.898067004245
6,4250.0,4534.092512848441
7,4360.0,4528.428751684888
8,4300.0,4522.5875042844655
9,4400.0,4519.415552665531
10,4350.0,4514.484884312104
11,4270.0,4509.71434129856
12,4140.0,4505.991991375464
13,4150.0,4479.451809454069
14,4150.0,4491.505133014567
15,4260.0,4448.0175906718905
16,4140.0,4479.476924885044
17,4200.0,4475.964410336872
18,4200.0,4462.595130784718
19,4400.0,4459.576012928931
20,4600.0,4452.190629480781
21,4650.0,4444.297092577807
22,4690.0,4444.498247504236
23,4690.0,4449.671100370639
24,4690.0,4456.847400749402
25,4590.0,4462.880659670506
26,4520.0,4469.143487519443
27,4530.0,4473.099283637363
28,4600.0,4476.061978577942
29,4770.0,4481.714455158453
30,4990.0,4487.243727240009
31,4930.0,4496.615776000099
32,5000.0,4511.584862209652
33,5150.0,4525.421960065962
34,5075.0,4537.070196030085
35,4940.0,4547.976485126618
36,4900.0,4555.122577544623
37,4900.0,4560.033917432737
38,4880.0,4565.843162913046
39,4970.0,4567.310853144371
40,4950.0,4565.993913368555
41,5000.0,4561.677126332606
42,5025.0,4550.853995932644
43,5000.0,4543.184183122182
44,5100.0,4531.816325644408
45,4750.0,4522.665686190566
46,4420.0,4517.428019308743
47,4450.0,4523.965207199739
48,4360.0,4396.891485133328
49,4310.0,4529.261553913379
50,4390.0,4533.44061116656
51,4530.0,4531.572983738299
52,4420.0,4534.088404102821
53,4400.0,4534.084874053767
54,4370.0,4537.043749597007
55,4450.0,4540.858690970703
56,4450.0,4547.552937109779
57,4420.0,4551.270715330001
58,4550.0,4554.9061450288455
59,4620.0,4558.002866094166
60,4470.0,4560.165744510529
61,4460.0,4561.060756619892
62,4470.0,4564.261353718856
63,4490.0,4565.108623361504
