,y_actual,y_predict
0,4460.0,4523.9458787344265
1,4360.0,4528.587951110264
2,4380.0,4507.982765433024
3,4400.0,4488.029712916292
4,4350.0,4484.347350925924
5,4300.0,4470.014715199934
6,4250.0,4438.314556410734
7,4360.0,4430.276750453793
8,4300.0,4441.367180797708
9,4400.0,4419.777256108507
10,4350.0,4421.871153894172
11,4270.0,4421.336727615239
12,4140.0,4421.91817299018
13,4150.0,4387.720851713124
14,4150.0,4373.12968329616
15,4260.0,4345.242729790958
16,4140.0,4347.542643554209
17,4200.0,4345.11906233475
18,4200.0,4308.724082977699
19,4400.0,4310.5920576239005
20,4600.0,4303.464628170157
21,4650.0,4315.507043300382
22,4690.0,4332.039941240915
23,4690.0,4404.047936219869
24,4690.0,4444.076377707439
25,4590.0,4483.529942026095
26,4520.0,4506.1167004854915
27,4530.0,4534.674739463747
28,4600.0,4556.702187691862
29,4770.0,4571.7335995216
30,4990.0,4587.201464301605
31,4930.0,4594.803396004846
32,5000.0,4610.925535122654
33,5150.0,4621.059785130152
34,5075.0,4641.675908172494
35,4940.0,4652.092909322262
36,4900.0,4659.453235209093
37,4900.0,4665.637591803646
38,4880.0,4671.53178993988
39,4970.0,4668.357523534681
40,4950.0,4661.569297073245
41,5000.0,4644.887269027589
42,5025.0,4651.60732503352
43,5000.0,4656.194131887281
44,5100.0,4644.484843435419
45,4750.0,4650.801200716734
46,4420.0,4651.844359147057
47,4450.0,4645.2515585160445
48,4360.0,4510.6469686847295
49,4310.0,4555.021189906216
50,4390.0,4559.930967313601
51,4530.0,4561.477938974503
52,4420.0,4537.159546779914
53,4400.0,4513.3050377528325
54,4370.0,4490.102025320036
55,4450.0,4434.185180257767
56,4450.0,4423.065381063116
57,4420.0,4445.624333152504
58,4550.0,4472.266423539216
59,4620.0,4489.567714780416
60,4470.0,4509.08813374422
61,4460.0,4494.600175859847
62,4470.0,4494.184555985966
63,4490.0,4511.06808617599
