,y_actual,y_predict
0,482.0,483.4657830310934
1,482.0,484.16952931453255
2,482.0,485.40749489913793
3,482.0,485.66961181755863
4,482.0,485.75682291442894
5,476.0,484.53148684444716
6,480.0,481.20152976736
7,480.0,478.6774193992901
8,468.0,477.86267901339
9,478.0,476.5814912103464
10,484.0,476.4124118995121
11,472.0,476.84126047005225
12,482.0,476.093100803754
13,484.0,477.34391077884226
14,482.0,478.443531097123
15,482.0,479.30478990678967
16,482.0,479.5083485713089
17,480.0,479.58993784568383
18,482.0,479.2695589772471
19,484.0,479.2742631229891
20,484.0,479.5742463683358
21,482.0,481.25120825920203
22,484.0,481.8185046155741
23,486.0,482.65760073651677
24,484.0,483.62074832612916
25,482.0,485.08223976210223
26,484.0,484.83055311462834
27,486.0,486.62218273825084
28,484.0,487.666448369145
29,484.0,487.5244189487091
30,484.0,487.86197525730995
31,484.0,488.6926831953306
32,484.0,489.1285001398532
33,482.0,490.0925696157453
34,480.0,489.92122785987266
35,470.0,489.59207189504787
36,464.0,483.843808790968
37,470.0,479.0895790393573
38,476.0,473.68628966324206
39,476.0,472.8269824367828
40,476.0,470.94547287655814
41,470.0,470.0352254696524
42,468.0,472.2911382584296
43,468.0,474.79215925731296
44,468.0,470.99290581993307
45,468.0,470.05124645937184
46,472.0,465.86225133165186
47,470.0,466.2322181871133
48,470.0,468.71594960872676
49,478.0,468.19686121631077
50,478.0,467.33986151190163
51,486.0,469.2837005939491
52,478.0,469.49976763227687
53,482.0,473.83988312039946
54,480.0,475.0434665796865
55,480.0,477.7330861709515
56,480.0,477.9847833422413
57,480.0,478.2890286161277
58,470.0,479.68379905880175
59,476.0,479.5573530712032
60,470.0,477.3652066559236
61,468.0,475.63103847071517
62,468.0,475.1099188648842
63,466.0,474.310291848041
64,458.0,473.7623459829011
