,y_actual,y_predict
0,585.0,592.548965588889
1,585.0,585.1838297064422
2,575.0,587.9932903308065
3,585.0,576.0862661769278
4,585.0,587.0145512872954
5,575.0,587.5569881811482
6,590.0,585.0880293304355
7,600.0,592.4568096434817
8,575.0,574.3960254563597
9,575.0,565.9691624222278
10,580.0,575.7464768483559
11,575.0,582.2083106605284
12,575.0,583.2467032785897
13,575.0,591.9765942580924
14,580.0,591.728295404249
15,585.0,593.1152693929087
16,590.0,594.9989389525902
17,580.0,596.3174516665396
18,590.0,593.2952165789771
19,580.0,600.6027638032446
20,580.0,599.804379057276
21,570.0,600.5077345903184
22,585.0,598.1103392820389
23,585.0,599.6425189728027
24,585.0,603.5231897060244
25,580.0,605.8200441383443
26,585.0,603.8161220697451
27,600.0,603.072348979302
28,605.0,621.2036446780047
29,580.0,604.9639317682606
30,585.0,597.751764107659
31,585.0,598.4920258616385
32,600.0,601.9766652076
33,595.0,600.9366421863757
34,595.0,603.362098827365
35,590.0,606.3112965506674
36,615.0,613.4144914303562
37,625.0,600.4568221688603
38,610.0,619.5349358484277
39,610.0,627.6576217769763
40,640.0,648.6406337755358
41,625.0,664.4211728955729
42,720.0,697.4785541277593
43,740.0,724.3417186239674
44,760.0,744.7619056154122
45,760.0,752.4256616786163
46,760.0,740.0705095696645
47,800.0,728.9496098431316
48,800.0,728.8361275197369
49,805.0,757.0203296039404
50,845.0,773.3693313931697
51,835.0,782.9824389720484
52,895.0,788.9272059813622
53,835.0,803.0581078785688
54,790.0,801.3870562007492
55,765.0,797.6850349857725
56,770.0,795.6617692503553
57,770.0,795.1815969248335
58,760.0,794.1291824481175
59,710.0,793.1682584461299
60,710.0,790.7310386322604
61,795.0,785.2560312896126
