,y_actual,y_predict
0,1840.0,1568.0316875587152
1,1825.0,1549.812456273397
2,1930.0,1545.4821105753615
3,1950.0,1559.3077474780816
4,1960.0,1684.9594824384549
5,1925.0,1639.9183285285033
6,1880.0,1680.1877726934695
7,1825.0,1664.9367968036668
8,1805.0,1659.8310105390601
9,1695.0,1645.4708056533836
10,1675.0,1668.6915509174721
11,1635.0,1718.9437627927468
12,1670.0,1649.7142532473952
13,1700.0,1580.7224820662038
14,1725.0,1535.7232661881478
15,1640.0,1734.7597412281677
16,1585.0,1714.5689771262448
17,1510.0,1691.6216092249706
18,1515.0,1671.706656435026
19,1420.0,1656.4674015741587
20,1375.0,1647.1050461460247
21,1380.0,1637.9257944019325
22,1300.0,1634.036166870482
23,1220.0,1632.1597688322374
24,1135.0,1617.294485501312
25,1060.0,1623.357330491692
26,1000.0,1667.0044570147709
27,1020.0,1708.370932378667
28,1080.0,1738.188155789248
29,1210.0,1707.4476226016377
30,1175.0,1757.928489723522
31,1180.0,1775.2843149359583
32,1100.0,1750.7554647697334
33,1125.0,1737.6081960141298
34,1105.0,1719.6703578068896
35,1150.0,1572.5927315249353
36,1130.0,1633.074294636306
37,1170.0,1665.669170747389
38,1170.0,1643.7467809912991
39,1155.0,1680.4726943179612
40,1170.0,1642.3976388904075
41,1155.0,1646.0781915484122
42,1155.0,1630.6965030702618
43,1155.0,1619.9652348033337
44,1160.0,1604.7064743554504
45,1150.0,1581.154365269273
46,1160.0,1556.5958114050095
47,1170.0,1569.2519527312431
48,1160.0,1590.0856057520348
49,1145.0,1554.5109367824991
50,1160.0,1538.6325867000635
51,1170.0,1629.6587568900768
52,1170.0,1579.1804596921704
53,1150.0,1502.2744690972763
54,1100.0,1433.7248497671114
