,y_actual,y_predict
0,1840.0,1602.91258583412
1,1825.0,1657.8846262642373
2,1930.0,1645.031008716161
3,1950.0,1662.4986732128125
4,1960.0,1796.5801735432597
5,1925.0,1756.0168470135832
6,1880.0,1745.3978939427182
7,1825.0,1735.6374858451477
8,1805.0,1714.7431200700678
9,1695.0,1720.5845300764424
10,1675.0,1731.5634900638888
11,1635.0,1791.8276906369224
12,1670.0,1751.18642334407
13,1700.0,1709.522462282902
14,1725.0,1682.2689759960117
15,1640.0,1792.03518820253
16,1585.0,1757.5682924422015
17,1510.0,1724.5085456382612
18,1515.0,1692.6913910712478
19,1420.0,1669.445232114491
20,1375.0,1647.2336647222426
21,1380.0,1628.486327656986
22,1300.0,1613.6561530229412
23,1220.0,1593.642829254072
24,1135.0,1606.6026431315977
25,1060.0,1564.3084524067106
26,1000.0,1678.0497863087528
27,1020.0,1795.9478362699292
28,1080.0,1871.5446384133907
29,1210.0,1896.8296173232798
30,1175.0,1826.5259883350957
31,1180.0,1749.742941917478
32,1100.0,1670.6503224978171
33,1125.0,1593.9271117969397
34,1105.0,1514.7263329114576
35,1150.0,1432.110101264005
36,1130.0,1516.4240634439554
37,1170.0,1587.6555182726663
38,1170.0,1587.006211342594
39,1155.0,1630.9932137110957
40,1170.0,1598.9499942176726
41,1155.0,1629.3812594904095
42,1155.0,1625.3607562008349
43,1155.0,1631.3153516420796
44,1160.0,1621.364143686016
45,1150.0,1607.1831400072297
46,1160.0,1546.8235395049494
47,1170.0,1507.7282021623373
48,1160.0,1490.008991059201
49,1145.0,1418.237060141881
50,1160.0,1372.0010751482923
51,1170.0,1662.0900145079122
52,1170.0,1560.9966430470636
53,1150.0,1380.764284755104
54,1100.0,1289.2389578229754
