,y_actual,y_predict
0,1840.0,1936.3668235193372
1,1825.0,1941.2958289287362
2,1930.0,1939.8511237288217
3,1950.0,1884.590089228544
4,1960.0,1659.4191428285583
5,1925.0,1680.6033117239394
6,1880.0,1675.0611686848952
7,1825.0,1697.669388206
8,1805.0,1685.3969270114017
9,1695.0,1854.8934346852136
10,1675.0,1609.1993405501134
11,1635.0,1657.1361121101368
12,1670.0,1546.8940730401525
13,1700.0,1566.7831532224327
14,1725.0,1650.1175681421196
15,1640.0,1525.2734385904828
16,1585.0,1519.1647275957782
17,1510.0,1554.7251447051597
18,1515.0,1599.8999958506183
19,1420.0,1685.3019622015586
20,1375.0,1626.2751868225337
21,1380.0,1573.5011248649087
22,1300.0,1532.8217268349424
23,1220.0,1496.686857249086
24,1135.0,1470.218089791421
25,1060.0,1425.0902315415549
26,1000.0,1436.2032015065797
27,1020.0,1455.8079413566963
28,1080.0,1386.8484166025587
29,1210.0,1317.7317729512652
30,1175.0,1198.8944225749763
31,1180.0,1232.8396917552363
32,1100.0,1367.4522689152996
33,1125.0,1362.9067804677595
34,1105.0,1342.4615395021178
35,1150.0,1302.7261092227423
36,1130.0,1349.6897702302422
37,1170.0,1483.4968402429122
38,1170.0,1492.1152600438731
39,1155.0,1530.348766496835
40,1170.0,1471.1617363015146
41,1155.0,1388.966067953896
42,1155.0,1361.8398812875312
43,1155.0,1213.624274991521
44,1160.0,1204.2373625120445
45,1150.0,1174.9989430906658
46,1160.0,1213.4813110724645
47,1170.0,1223.3023639369162
48,1160.0,1276.8715182210528
49,1145.0,1289.0889096161286
50,1160.0,1271.791458391186
51,1170.0,1522.0752327882578
52,1170.0,1575.6103117840971
53,1150.0,1524.0751605453197
54,1100.0,1510.2146036107729
