,y_actual,y_predict
0,75.0,71.82895500797073
1,73.0,72.58020803332181
2,74.0,72.74185514185486
3,73.0,73.13114071493129
4,74.0,73.03469077630038
5,69.0,73.12382909629375
6,69.0,71.89876544506322
7,68.0,71.21532731303017
8,69.0,71.2249677379715
9,70.0,71.03946413878008
10,68.0,70.88406704647258
11,69.0,70.8512836889498
12,68.0,70.44491706744445
13,68.0,70.40129461491517
14,69.0,70.3374761843481
15,69.0,70.12255410413977
16,72.0,69.9174498305416
17,77.0,69.76729759166955
18,77.0,69.40603563466871
19,73.0,69.0424462151646
20,75.0,68.96902632987134
21,76.0,68.84333932329392
22,77.0,68.67512237401122
23,84.0,68.65611565943497
24,92.0,68.82637115410881
25,83.0,68.40090912719279
26,80.0,68.28822339066099
27,78.0,68.05761378316454
28,75.0,67.95555750875789
29,73.0,67.83173032210225
30,73.0,67.76694569896021
31,74.0,67.68098815480126
32,76.0,67.60620699957971
33,72.0,67.49096266685495
34,76.0,67.49229840457333
35,73.0,67.4006444900037
36,72.0,67.30088208308726
37,75.0,67.25481928881092
38,76.0,67.16973924639251
39,74.0,67.06558664317231
40,72.0,66.98373709720761
41,72.0,66.95453765567571
42,73.0,66.87936411070187
43,74.0,66.9314914767318
44,78.0,66.94454918639931
45,83.0,66.97599680620371
46,75.0,66.8729743392221
47,75.0,67.03483242443701
48,76.0,66.91602164512817
49,73.0,66.80093453706442
50,74.0,66.99286822175128
51,75.0,67.14466124106008
52,74.0,67.23879312379138
53,73.0,67.31932843284605
54,78.0,67.38762306295025
55,81.0,67.39488899237007
56,83.0,67.22850633079922
57,80.0,67.10667871931959
58,79.0,67.03654173870038
59,78.0,66.93452846591042
60,78.0,66.9112699664841
61,78.0,66.84805221475015
62,79.0,66.75473198753384
63,83.0,66.73515415773596
64,81.0,66.68789538099547
65,80.0,66.57441948975702
66,79.0,66.48296848906614
67,79.0,66.39657555353821
68,78.0,66.3490963935122
69,78.0,66.2914984155592
70,78.0,66.32635928868824
71,78.0,66.42586637350558
72,77.0,66.42628832686933
73,78.0,66.39338671490066
74,76.0,66.55142706283397
75,76.0,66.93211500017378
76,75.0,68.05790404407719
77,76.0,68.12554693092846
78,75.0,68.142415658875
79,76.0,68.13632421111099
80,76.0,68.26115790435725
81,74.0,68.44819746754474
82,74.0,68.67228292350927
83,74.0,68.84478928405665
84,74.0,68.99052848201603
85,74.0,69.09747350271994
86,74.0,69.20414438811747
87,73.0,69.32793663595955
88,72.0,69.49102295485113
89,71.0,69.83921779558081
90,72.0,70.0872470892376
91,72.0,70.32539676146024
92,76.0,70.50435336451088
93,76.0,70.72619601740499
94,76.0,70.82118927627057
95,76.0,70.91914695908662
