,y_actual,y_predict
0,107.0,118.3991592781507
1,114.0,120.43468644641666
2,114.0,111.93153952204071
3,115.0,110.73035909410405
4,114.0,110.67053101866483
5,119.0,110.84029808487833
6,117.0,112.16429383009498
7,115.0,113.13340625164392
8,117.0,113.57168067463556
9,113.0,113.84742143310552
10,112.0,114.03670996894522
11,113.0,114.112987497027
12,124.0,113.87651844503162
13,124.0,114.4530118449301
14,120.0,115.04932084374047
15,123.0,115.50889240574952
16,120.0,116.12199945487436
17,112.0,116.17548741015597
18,105.0,116.86821634627739
19,116.0,117.51564937240678
20,119.0,122.40652917749807
21,118.0,125.11172336715407
22,121.0,125.63531707034231
23,124.99999999999999,126.60889589956244
24,122.0,127.5134523897471
25,121.0,127.81156876128192
26,116.0,128.81651048729546
27,116.0,126.73619941186807
28,120.0,126.48777999593297
29,118.0,126.13746112303168
30,118.0,125.26577085710049
31,122.0,123.26004878978168
32,121.0,122.3825848749097
33,124.0,122.95945955351183
34,128.0,122.99724971988084
35,129.0,123.53520128968032
36,130.0,123.88960529154913
37,129.0,125.00960603664295
38,124.99999999999999,123.59792708326715
39,126.0,122.03685224012929
40,121.0,122.74272984468755
41,121.0,123.25325113517968
42,117.0,123.68237486928403
43,116.0,122.8388883337447
44,108.0,133.97722667778896
45,110.0,155.89650360276585
46,114.0,155.30957406006496
