,y_actual,y_predict
0,107.0,106.16548347429926
1,114.0,105.55852045914159
2,114.0,105.58442562363439
3,115.0,105.34841410608334
4,114.0,105.46594598989861
5,119.0,105.69263251972643
6,117.0,105.88494949784072
7,115.0,105.95386290010373
8,117.0,106.01030304191917
9,113.0,106.26641339399049
10,112.0,106.58329957142149
11,113.0,107.05341621300536
12,124.0,107.31703230869971
13,124.0,113.96493152956631
14,120.0,115.53908967907753
15,123.0,113.11963664360403
16,120.0,112.97156978246608
17,112.0,108.63378375854725
18,105.0,108.99756721652551
19,116.0,108.57899945567328
20,119.0,113.68412521117659
21,118.0,108.9794619249414
22,121.0,108.38683498904047
23,124.99999999999999,108.51869205843522
24,122.0,113.0410496559459
25,121.0,116.4632438946291
26,116.0,116.75633828095317
27,116.0,118.02655194160255
28,120.0,116.27490310870988
29,118.0,114.3738910670869
30,118.0,114.79331942844163
31,122.0,114.7641461607748
32,121.0,115.57274024809277
33,124.0,113.84861973760266
34,128.0,115.76074333001733
35,129.0,109.47691080273742
36,130.0,109.85156615060797
37,129.0,111.54240647710921
38,124.99999999999999,110.42016163450256
39,126.0,109.80233762312986
40,121.0,110.22281177750028
41,121.0,110.20185234247751
42,117.0,110.30296745468195
43,116.0,110.25065601654299
44,108.0,176.98844931556033
45,110.0,187.85476164507577
46,114.0,194.872109036089
