,y_actual,y_predict
0,107.0,100.50329863910568
1,114.0,101.23765231598696
2,114.0,101.33895262070459
3,115.0,101.98694122437357
4,114.0,102.43277585937443
5,119.0,102.67817772671219
6,117.0,103.04307233976965
7,115.0,103.64361897902899
8,117.0,104.0995520528376
9,113.0,103.83663315248705
10,112.0,103.84294059161294
11,113.0,103.77054121263097
12,124.0,103.88421673470091
13,124.0,103.53951899925895
14,120.0,104.30463642068509
15,123.0,105.0009493766207
16,120.0,104.91356029774721
17,112.0,105.58504656323746
18,105.0,114.1338815699863
19,116.0,113.90149764695843
20,119.0,113.7056729047707
21,118.0,115.23975321569108
22,121.0,109.50988596376337
23,124.99999999999999,107.3906082048243
24,122.0,114.09396713655417
25,121.0,114.92909822164523
26,116.0,114.89981601720595
27,116.0,114.28022723011927
28,120.0,114.28443218953652
29,118.0,113.94980021187055
30,118.0,114.3668537515855
31,122.0,114.3683461853683
32,121.0,114.81336379457568
33,124.0,113.96956134239619
34,128.0,106.1986438278384
35,129.0,111.25128384636682
36,130.0,113.30168088407461
37,129.0,114.43615932622939
38,124.99999999999999,109.9517770876009
39,126.0,114.42997171755323
40,121.0,105.04706231240624
41,121.0,105.40111771660315
42,117.0,105.81061104430884
43,116.0,105.64204228259248
44,108.0,161.12967908746617
45,110.0,175.08639148092166
46,114.0,175.43962985932507
