,y_actual,y_predict
0,114.0,116.60780122149379
1,113.0,116.39847997690653
2,111.0,117.15224970173789
3,149.0,113.06787956596912
4,139.0,127.90695525608832
5,130.0,127.72012937306783
6,170.0,126.04791712480285
7,159.0,128.56082822536493
8,166.0,133.2119632095129
9,155.0,130.65631626281356
10,173.0,139.03889754266072
11,161.0,148.50533328894122
12,150.0,160.07344897101922
13,141.0,136.12599351606912
14,143.0,134.05066512072065
15,138.0,135.85532523283035
16,140.0,131.6783487845274
17,145.0,147.1773802547541
18,144.0,145.67362670732922
19,163.0,146.0671277211648
20,152.0,128.49429568327864
21,142.0,143.3361442307391
22,137.0,137.07378591109028
23,128.0,135.89992636430566
24,138.0,131.05463584934168
25,129.0,149.09929285847863
26,120.0,146.7704380274897
27,120.0,141.83208964995964
28,123.0,125.42942259540443
29,119.0,124.51199619856659
30,119.0,119.65863042679254
31,123.0,117.43999606688892
32,123.0,118.92821080640185
33,122.0,118.85229256704962
34,121.0,116.76791092721938
35,121.0,116.94390199605353
36,120.0,117.78412093741771
37,123.0,116.29778876856321
38,122.0,116.89599617083087
39,120.0,116.96719723234582
40,122.0,117.62657223959057
41,123.0,118.42191200143026
42,125.0,119.02857577170079
43,123.0,118.38005946760394
44,124.0,119.99112621571177
45,124.0,120.91730278465779
46,123.0,119.4212337438512
47,126.0,119.56601818256662
48,124.0,119.07218779358242
49,122.0,119.86799393468328
50,123.0,119.58127968389084
51,125.0,119.87050674758655
52,131.0,119.86070759287145
53,128.0,123.07465201794221
54,126.0,122.71664661806687
55,128.0,122.40322900336048
56,125.0,123.28457310485427
57,125.0,123.16249295764393
58,124.0,124.15366010687808
59,124.0,125.11638016019909
60,123.0,125.5397047931567
61,122.0,123.54435636306313
62,123.0,124.098600290715
63,127.0,123.65646978526739
64,126.0,123.17556381107123
65,124.0,123.56328587425233
66,122.0,123.3736771241608
67,126.0,122.22938631911978
68,123.0,123.66061084754674
69,124.0,122.98950295408743
70,122.0,120.93017974591211
71,122.0,121.77483410975705
72,114.0,121.33618550734684
73,108.0,119.47309230014122
74,115.0,119.590346274679
75,112.0,116.9787024898908
76,113.0,115.1806043117421
