,y_actual,y_predict
0,114.0,120.06381094161725
1,113.0,120.0285981952057
2,111.0,120.75306610442068
3,149.0,120.11071801824718
4,139.0,121.32116646392151
5,130.0,122.98190297407609
6,170.0,123.09963593271995
7,159.0,129.47751441195447
8,166.0,125.58111801106529
9,155.0,128.11017663623102
10,173.0,132.04344700477233
11,161.0,140.52215264643746
12,150.0,149.76202001300447
13,141.0,138.84071527365492
14,143.0,133.86970106984398
15,138.0,132.41179319696258
16,140.0,131.72606182976926
17,145.0,128.66172815511052
18,144.0,128.8501582595215
19,163.0,129.42209943574989
20,152.0,129.06545146645072
21,142.0,126.48147485279767
22,137.0,125.88988629165841
23,128.0,125.04328670366131
24,138.0,123.72585315400208
25,129.0,126.63096849863963
26,120.0,133.93471426470677
27,120.0,136.2641685672898
28,123.0,138.54914889903867
29,119.0,140.2267180673608
30,119.0,136.5093750638369
31,123.0,130.1580917878252
32,123.0,131.92672243372022
33,122.0,130.1700890050519
34,121.0,128.68781193528818
35,121.0,124.96873683144184
36,120.0,123.61392138985663
37,123.0,123.48998870117718
38,122.0,123.54044811968365
39,120.0,123.34701787720398
40,122.0,123.26538556507542
41,123.0,123.28779846222494
42,125.0,122.99869596405529
43,123.0,123.38139981604452
44,124.0,123.62980238223446
45,124.0,123.99727921085757
46,123.0,123.97136253755745
47,126.0,124.05399174462507
48,124.0,124.10527789266447
49,122.0,124.25180105851419
50,123.0,124.32165859185544
51,125.0,123.83631867810143
52,131.0,123.8069909113338
53,128.0,123.91275519901738
54,126.0,124.10891624407087
55,128.0,124.38704548329636
56,125.0,124.5351398059894
57,125.0,124.55387468354417
58,124.0,124.15556010188092
59,124.0,124.11551006087485
60,123.0,124.20032694999352
61,122.0,124.0636730069673
62,123.0,123.8823489765496
63,127.0,123.60777133773917
64,126.0,123.60421343490167
65,124.0,123.743680853455
66,122.0,123.04356772896513
67,126.0,123.46024052575916
68,123.0,124.47075833629437
69,124.0,124.6044382773864
70,122.0,124.6660451982812
71,122.0,124.95825961021744
72,114.0,125.28668662935013
73,108.0,125.7559939218568
74,115.0,125.50865646506064
75,112.0,125.42709644542487
76,113.0,124.76890332775457
