,y_actual,y_predict
0,61.0,56.796977429415165
1,61.0,59.00011398773014
2,59.0,56.154141337142136
3,57.0,55.07905365133301
4,57.0,54.76076135755054
5,54.0,54.49563298602067
6,54.0,54.63224471761299
7,54.0,54.39744491086032
8,54.0,54.18855900732117
9,54.0,54.095121940862924
10,54.0,54.04204990291631
11,51.0,53.97503336781743
12,51.0,53.96577918514679
13,51.0,53.940677910107304
14,53.0,53.91580086649343
15,52.0,53.897397030087404
16,52.0,53.87689081332243
17,53.0,53.88817488047757
18,53.0,53.951569150779974
19,52.0,53.97456214463352
20,51.0,54.02423109135757
21,52.0,54.06179154109846
22,51.0,54.09765086671571
23,54.0,54.13356498572644
24,52.0,54.18045632888884
25,52.0,54.20290307475818
26,51.0,54.06588418610356
27,51.0,54.15381409502971
28,51.0,54.204895025354894
29,51.0,54.24309276441069
30,52.0,54.28301944577451
31,51.0,54.314100787480555
32,56.0,54.34948130313634
33,55.0,54.39807039852124
34,57.0,54.184205039977954
35,54.0,54.09872481722786
36,51.0,54.0132268919968
37,51.0,54.03676697680984
38,53.0,54.058797292888755
39,51.0,54.05748730929702
40,51.0,54.07319446776868
41,50.0,54.085673030901624
42,50.0,54.08451815476218
43,50.0,54.092945378678955
44,50.0,54.09081686608619
45,50.0,54.114204372372775
46,51.0,54.11198987630102
47,50.0,54.092459824915224
48,50.0,54.111163760522444
49,50.0,54.146967449770926
50,50.0,54.1833561638667
51,50.0,54.22215494430017
52,50.0,54.23911897892067
53,50.0,54.241860334545095
54,50.0,54.24614854981614
55,50.0,54.254175360472885
56,50.0,54.27173032076766
57,51.0,54.26501855155436
58,50.0,54.36815404865804
59,50.0,54.433241013331255
60,50.0,54.51039011134697
61,50.0,54.56130076066473
62,50.0,54.60636537638613
63,50.0,54.611984649631026
64,50.0,54.63734134618164
65,50.0,54.64512032210482
66,50.0,54.6496959919478
67,51.0,54.65785514972418
68,50.0,54.673273167673344
69,50.0,54.68074361464248
70,50.0,54.68118533369143
71,50.0,54.68282154871819
72,50.0,54.69479769858171
73,50.0,54.68605435893333
74,50.0,54.68761302023393
75,50.0,54.679836573236614
