,y_actual,y_predict
0,61.0,61.23684100368476
1,61.0,62.8193196225961
2,59.0,63.02662594851041
3,57.0,62.57890296615247
4,57.0,61.410462300669714
5,54.0,59.58427099195328
6,54.0,56.39244581363913
7,54.0,54.388875224120504
8,54.0,53.192931014781934
9,54.0,52.58852953761957
10,54.0,52.09936615371706
11,51.0,51.61793116722066
12,51.0,51.42140665324993
13,51.0,51.11046341799567
14,53.0,50.724933729589836
15,52.0,50.47138362358931
16,52.0,50.290712945789714
17,53.0,50.152398404123176
18,53.0,50.17453072021149
19,52.0,50.33602118136827
20,51.0,50.399836096337516
21,52.0,50.37682034215129
22,51.0,50.25230446291285
23,54.0,50.17754519982802
24,52.0,50.23007689061741
25,52.0,50.468364086121085
26,51.0,50.54946336631886
27,51.0,50.54621369659802
28,51.0,50.599871602367195
29,51.0,50.416182230074654
30,52.0,50.00928733308919
31,51.0,49.68838097295022
32,56.0,49.746757854360695
33,55.0,50.700094619863755
34,57.0,51.37943322789593
35,54.0,52.15457429103399
36,51.0,52.93343371815093
37,51.0,53.43702293809303
38,53.0,52.797668333744
39,51.0,51.92928661738893
40,51.0,51.10530946710769
41,50.0,50.42976003297827
42,50.0,50.01078782909517
43,50.0,49.88775305743118
44,50.0,49.72322367037465
45,50.0,49.54181201730018
46,51.0,49.415120418853064
47,50.0,49.27787139794583
48,50.0,49.28635088633023
49,50.0,49.26483478517471
50,50.0,49.33211011368586
51,50.0,49.365211224173
52,50.0,49.342301684872595
53,50.0,49.28454354732077
54,50.0,49.28792893606237
55,50.0,49.24173220453421
56,50.0,49.22390917809904
57,51.0,49.23667098092749
58,50.0,49.22468218643471
59,50.0,49.27535427374703
60,50.0,49.27771544751825
61,50.0,49.31071708692184
62,50.0,49.31776098839714
63,50.0,49.31865032732204
64,50.0,49.271908190784956
65,50.0,49.261467941889364
66,50.0,49.26231091717363
67,51.0,49.26087785919038
68,50.0,49.25559409010862
69,50.0,49.262599214720844
70,50.0,49.24716518024128
71,50.0,49.2067386145339
72,50.0,49.16571943720167
73,50.0,49.172050181586485
74,50.0,49.173255636242985
75,50.0,49.20472896145621
