,y_actual,y_predict
0,236.0,238.196182976728
1,242.0,238.18499147616745
2,232.0,237.6058863823834
3,232.0,238.76344298468734
4,226.0,236.78914441613716
5,220.0,233.45925392987917
6,222.0,232.02382978400175
7,218.0,219.15049527590685
8,216.0,218.84678103520235
9,216.0,219.5864279802082
10,214.0,221.24229924726546
11,214.0,221.617631291359
12,212.0,218.7214114518228
13,218.0,212.66953360024846
14,224.0,208.27205695870393
15,220.0,211.11287601549074
16,224.0,210.93366619888872
17,220.0,212.24023412361623
18,222.0,212.18558583060934
19,218.0,213.29723851935307
20,218.0,212.99848683634065
21,220.0,213.34785212142356
22,216.0,214.8187809357612
23,210.0,216.55978372274168
24,208.0,213.09338415386722
25,204.0,210.28951152773018
26,202.0,215.22350417897403
27,206.0,209.6266475960227
28,216.0,207.4472639639932
29,212.0,213.4459245785953
30,210.0,216.53519729298432
31,212.0,216.33812298243447
32,212.0,215.4190954321655
33,216.0,215.25084463961824
34,214.0,217.35318474191413
35,212.0,215.6234881642964
36,214.0,210.2560991478223
37,214.0,208.87373266622782
38,218.0,208.55590159559796
39,216.0,209.68590769269537
40,216.0,210.8414015758271
41,214.0,211.72027288825197
42,216.0,211.02949240280472
43,220.0,211.17938876736451
44,220.0,212.0720057630125
45,220.0,213.0750021957672
46,218.0,214.39908437023314
47,220.0,214.36681499981216
48,220.0,213.41190347731035
49,216.0,213.5279694121053
50,216.0,213.06833379073203
51,216.0,212.92164825300034
52,214.0,213.80271483699107
53,216.0,214.2262166758511
54,218.0,213.49281039950242
55,218.0,214.83726587687477
56,218.0,215.4146600251467
57,216.0,214.9498844298006
58,216.0,215.5259968983892
59,214.0,216.5887902650109
60,212.0,217.57191811358894
61,214.0,215.76554252532017
62,212.0,214.8716458892564
63,212.0,215.40725850341119
64,212.0,213.98350202707772
65,212.0,213.40394829442283
66,212.0,211.7910793180467
67,206.0,210.72328413783174
68,200.0,209.10077554353475
69,194.0,207.87508803052054
70,188.0,207.4731463483071
71,182.0,204.1135651455018
72,178.0,199.6656309058578
73,179.0,197.26507442829313
74,184.0,194.8446248953407
75,182.0,193.71950386376673
76,181.0,188.8739348750696
