,y_actual,y_predict
0,236.0,231.61472976271347
1,242.0,232.05950422148925
2,232.0,231.19455702820204
3,232.0,229.9826641408332
4,226.0,229.20574652162998
5,220.0,229.8046009024364
6,222.0,230.9635436968879
7,218.0,226.67144442394834
8,216.0,235.1903310916586
9,216.0,236.22922169298414
10,214.0,236.99350146108515
11,214.0,237.64878543514257
12,212.0,238.49189920992546
13,218.0,237.22752882990446
14,224.0,233.3111740429295
15,220.0,236.1257258036439
16,224.0,231.811498692941
17,220.0,231.0902117839085
18,222.0,229.51582531649802
19,218.0,227.553042492056
20,218.0,225.7066808173331
21,220.0,225.91891950408098
22,216.0,225.369111580062
23,210.0,224.52556223046625
24,208.0,222.17957696796614
25,204.0,223.21317388552387
26,202.0,224.55175082355493
27,206.0,219.22029685659422
28,216.0,215.69030374740802
29,212.0,219.15846728275204
30,210.0,216.57625743618982
31,212.0,215.86067333898635
32,212.0,216.56269783613473
33,216.0,215.60452501493185
34,214.0,216.2460031473721
35,212.0,214.7576263594929
36,214.0,213.93331667120214
37,214.0,214.6208863298213
38,218.0,215.26527041858424
39,216.0,216.0883432910787
40,216.0,215.34317655851046
41,214.0,215.634895827222
42,216.0,214.59328994109393
43,220.0,213.9319840098289
44,220.0,214.96043661997018
45,220.0,214.94323539780757
46,218.0,215.28505233388813
47,220.0,215.5820308737268
48,220.0,215.04764283976274
49,216.0,216.38381889069998
50,216.0,216.86973098484984
51,216.0,215.27322356220418
52,214.0,214.92564263626676
53,216.0,214.83466071252232
54,218.0,215.24892670844528
55,218.0,215.95825229340014
56,218.0,218.1216796761337
57,216.0,217.20185171333375
58,216.0,217.4227553755464
59,214.0,217.93563117565233
60,212.0,218.12415177827557
61,214.0,218.60808935157672
62,212.0,218.35939047204621
63,212.0,217.78746360019608
64,212.0,217.40730843333228
65,212.0,217.3618011573193
66,212.0,217.21062311307614
67,206.0,217.39745367268011
68,200.0,217.32685422854627
69,194.0,221.8992668916309
70,188.0,222.91079612981937
71,182.0,218.07073520289595
72,178.0,211.30345780783546
73,179.0,203.38347471826233
74,184.0,196.47665075150286
75,182.0,195.35003085824667
76,181.0,195.52118454821522
