,y_actual,y_predict
0,63.0,55.06238129174295
1,59.0,55.81723597528396
2,57.00000000000001,57.104925014226524
3,58.0,59.146320179447976
4,54.99999999999999,61.053280024502435
5,53.0,58.96698889844869
6,52.00000000000001,57.44934787153037
7,56.0,56.46796883163354
8,54.0,56.69670010168149
9,54.0,56.19789551353817
10,54.99999999999999,55.56611084531912
11,54.0,55.49484617456858
12,53.0,55.92375714460934
13,53.0,56.18912799265772
14,53.0,55.969945984035114
15,52.00000000000001,55.95437130702525
16,51.0,55.70146020058476
17,51.0,55.48069667070595
18,51.0,55.078761762852935
19,52.00000000000001,54.782686551556544
20,51.0,54.59212827365477
21,53.0,54.53001598066833
22,53.0,54.57380547796016
23,53.0,54.61384863402529
24,52.00000000000001,54.620228839549405
25,51.0,54.69322536627633
26,50.0,54.5493430122937
27,51.0,54.4282453885004
28,51.0,54.22145697420882
29,51.0,53.72841922593131
30,51.0,53.50602005429702
31,51.0,53.65181466592025
32,51.0,53.75369951247551
33,50.0,54.12637327039416
34,50.0,54.09835689194283
35,51.0,54.065674123777335
36,50.0,53.98207599258385
37,50.0,53.96009705649464
38,50.0,53.79334578487938
39,50.0,53.59376141037846
40,50.0,53.55054919841209
41,50.0,53.50250823523379
42,50.0,53.473728156403986
43,50.0,53.712531852703485
44,50.0,53.740235534936865
45,50.0,53.74976074280699
46,50.0,53.75377167314119
47,50.0,53.75985120922496
48,50.0,53.72724060172516
49,50.0,53.72214124801691
50,50.0,53.71904435278136
51,50.0,53.71695169347656
52,50.0,53.75028390763319
53,50.0,53.74590616058177
54,50.0,53.74644736557439
55,50.0,53.74573778569518
56,50.0,53.74642331201916
57,50.0,53.75712113070663
58,50.0,53.75585831905718
59,50.0,53.75389194091733
60,50.0,53.755443395229506
61,50.0,53.75498036429138
62,50.0,53.75709707715141
63,50.0,53.758901093793476
64,50.0,53.76038038743997
65,50.0,53.76038038743997
66,50.0,53.7620641363059
67,50.0,53.76308641240308
68,50.0,53.762112243416354
69,50.0,53.76320668017921
70,50.0,53.76288797057244
71,50.0,53.762641421631365
72,50.0,53.764794214824235
73,50.0,53.76523920559594
74,50.0,53.76445145166224
75,50.0,53.7640665947786
76,50.0,53.76300823834858
77,50.0,53.762328725413404
78,50.0,53.76286391701722
79,50.0,53.763922273447236
80,50.0,53.76481826837946
81,50.0,53.76578041058856
82,50.0,53.76575034364453
83,50.0,53.76566014281242
84,50.0,53.765533861647484
85,50.0,53.765581968757935
86,50.0,53.76570824992288
87,50.0,53.765990879196806
88,50.0,53.76572027670049
89,50.0,53.76578041058856
90,50.0,53.76570824992288
