,y_actual,y_predict
0,53.0,59.17032411722757
1,58.0,62.905916093575726
2,54.0,65.1008146786921
3,52.0,65.58805050779108
4,56.0,66.05046302711581
5,61.0,66.60808006921488
6,66.0,66.9885978890067
7,70.0,67.15947342632576
8,64.0,66.49451005390586
9,63.0,65.85495862884146
10,65.0,65.70778865128284
11,67.0,64.57031861710576
12,70.0,64.01184309008485
13,75.0,63.49682885827566
14,82.0,62.920977278968984
15,90.0,62.2139031708215
16,87.0,61.13254021899469
17,89.0,59.80952632808648
18,89.0,58.36574517000514
19,83.0,57.05656227808444
20,75.0,54.232424669214566
21,68.0,52.6501192307229
22,62.0,51.78770564905785
23,56.0,51.53412057905972
24,56.0,52.61613169361644
25,59.0,54.54403220856889
26,63.0,57.529557046060674
27,65.0,60.06561145432852
28,69.0,61.58414561688407
29,65.0,62.610512622469024
30,65.0,63.21535691751866
31,63.0,63.32336728394239
32,64.0,60.574130831027844
33,64.0,58.74695480430256
34,64.0,78.73074234375099
35,63.0,74.83131930073296
36,63.0,69.90965699049461
37,62.0,62.74876440997659
38,61.0,64.15384099361503
39,61.0,64.7593599070162
40,63.0,62.83602298679472
41,62.0,67.32436999315672
42,62.0,70.33365065609006
43,62.0,68.56122982944981
44,59.0,70.3552252155283
45,62.0,67.2422557119643
46,61.0,65.42644898863398
47,59.0,66.85612665482502
48,57.0,64.80460166556355
49,56.0,66.84597166446282
50,58.0,67.15853292897685
51,57.0,68.29768157234629
52,57.0,66.73387919562178
53,60.0,63.800523521200816
54,59.0,62.35265496957785
55,58.0,61.70646582904679
56,58.0,60.166068740777234
57,58.0,58.363999098977644
58,56.0,58.70588774284825
59,56.0,58.779384105295094
60,57.0,57.90896240696301
61,57.0,57.97238182313147
62,57.0,58.28811379389772
63,57.0,58.00584818449185
64,58.0,57.92784642968162
65,54.0,57.49081278818536
66,55.0,58.24861819636814
67,57.0,57.023230840394376
68,56.0,57.166961587141245
69,61.0,57.43140668981799
70,65.0,57.420763593236735
71,62.0,57.734191279359116
72,63.0,64.34842209069456
73,58.0,57.73552728825137
74,60.0,57.060903645593726
75,61.0,62.84480625317546
