,y_actual,y_predict
0,127.0,124.29735796421413
1,127.0,127.05078237669589
2,126.0,124.98432814842661
3,118.0,125.66899564755698
4,120.0,135.07367257636187
5,117.0,133.63790585389495
6,128.0,130.28607780258622
7,140.0,129.25769702946045
8,154.0,130.44313963744852
9,169.0,130.96498623315105
10,163.0,131.62062448618977
11,149.0,140.63624742362245
12,139.0,150.6491312304263
13,133.0,136.7577533597191
14,120.0,134.5607434163914
15,129.0,143.1492138959202
16,125.0,135.6496830907647
17,121.0,131.2438147417213
18,121.0,133.04782210368467
19,117.0,128.02319935391887
20,116.0,126.10738623177808
21,115.0,122.41837905304945
22,119.0,117.37642491280216
23,120.0,117.11299800864778
24,117.0,118.97618457915273
25,115.0,118.93682152051406
26,116.0,114.55373821006869
27,115.0,115.55277371528287
28,113.0,117.75942181929193
29,114.0,116.71460589221985
30,109.0,114.88319516426303
31,118.0,114.16994300351828
32,111.0,114.1313728601169
33,111.0,114.38570479764465
34,120.0,114.0498089409377
35,121.0,112.55597278836507
36,118.0,114.3958538434407
37,119.0,117.4533794231996
38,115.0,119.89183340248604
39,116.0,118.58152953012497
40,117.0,118.94503472231824
41,115.0,124.83910080906679
42,116.0,120.41896452919697
43,112.0,116.93337376397753
44,116.0,115.36769329836014
45,116.0,115.53183886833041
46,123.0,115.14426755441059
47,122.0,120.3273525296594
48,124.0,124.59283264449546
49,120.0,124.35528116271092
50,116.0,130.9949009461312
51,123.0,130.5224230839419
52,120.0,127.92166581737149
53,120.0,125.94117692826154
54,120.0,123.7803853067401
55,112.0,121.63153655029093
56,116.0,118.87267615864423
57,116.0,117.53132743350386
58,115.0,119.42934977242169
59,115.0,117.42536622596252
60,115.0,114.42470303450182
61,115.0,112.89351505480919
62,113.0,113.5423862676628
63,113.0,112.21556579590236
64,114.0,111.63612918764741
65,114.0,112.48595123802197
66,114.0,112.27929248775726
67,114.0,111.86242908105638
68,119.0,112.24395189215595
69,121.0,111.84395375216592
70,122.0,112.71494354310252
71,122.0,114.2406457340143
72,121.0,121.31088108985104
73,121.0,124.39053156252123
74,122.0,121.3064830353855
75,122.0,119.25214869825588
76,130.0,122.50379312091903
77,138.0,126.6783222232829
78,148.0,128.40283343823083
79,146.0,131.54356429863424
80,140.0,133.43898812373752
81,137.0,136.34648167137075
82,137.0,137.1243435087919
83,137.0,138.49070107836422
84,137.0,139.0476087636814
85,137.0,136.64556060743277
