,y_actual,y_predict
0,127.0,122.6417711418531
1,127.0,123.67420062903003
2,126.0,122.37661705561139
3,118.0,120.62490440554537
4,120.0,127.717628802972
5,117.0,128.1272832774222
6,128.0,126.49117336109347
7,140.0,128.70039069894014
8,154.0,130.65046341339612
9,169.0,130.52525213550584
10,163.0,131.97486408016672
11,149.0,135.55836195582555
12,139.0,139.88579522046572
13,133.0,131.0240846693425
14,120.0,130.97836549985013
15,129.0,143.00166973631698
16,125.0,138.96984232288926
17,121.0,129.43161066897525
18,121.0,133.54661189548605
19,117.0,134.92898927243544
20,116.0,132.28384995531903
21,115.0,128.03785011202984
22,119.0,127.3402422093029
23,120.0,124.43639006431762
24,117.0,123.4748369681895
25,115.0,120.36738061398094
26,116.0,119.12174846997151
27,115.0,117.4652112262904
28,113.0,116.92271989099305
29,114.0,116.35410139283455
30,109.0,115.89551099004733
31,118.0,116.05559371080517
32,111.0,116.01058870350867
33,111.0,116.05327958297343
34,120.0,116.00915095567603
35,121.0,116.05056563200847
36,118.0,116.31395753481112
37,119.0,115.98882324755553
38,115.0,115.6036697193168
39,116.0,116.11417655016149
40,117.0,116.45993201840982
41,115.0,116.43919640992104
42,116.0,116.15124836646764
43,112.0,116.71684059390726
44,116.0,116.72190098164403
45,116.0,115.97172104861757
46,123.0,116.21526180016558
47,122.0,115.29540339118373
48,124.0,115.39509801055944
49,120.0,115.99235973028615
50,116.0,116.03564294031867
51,123.0,116.70808756356293
52,120.0,117.13364476755139
53,120.0,117.23266493780335
54,120.0,117.04740009068112
55,112.0,117.10332417351175
56,116.0,116.71412125811896
57,116.0,116.68460165655162
58,115.0,116.7802145798332
59,115.0,116.40947756989002
60,115.0,116.446731123984
61,115.0,116.09922424194332
62,113.0,115.97103582984715
63,113.0,115.49514802827579
64,114.0,115.4989281742627
65,114.0,115.00595163581175
66,114.0,114.8635553673246
67,114.0,114.78942115815315
68,119.0,114.8750035017522
69,121.0,114.5527231708685
70,122.0,114.59036577844903
71,122.0,114.78240069471948
72,121.0,116.50770347869886
73,121.0,113.68673722702354
74,122.0,115.1275436393125
75,122.0,115.31444951134857
76,130.0,116.4161372501597
77,138.0,117.73736019805492
78,148.0,118.27064617784711
79,146.0,128.59218671247638
80,140.0,142.31224743817458
81,137.0,150.35790652196854
82,137.0,149.5767342381904
83,137.0,147.61464394423828
84,137.0,145.95040640317643
85,137.0,145.07180718375298
