,y_actual,y_predict
0,157.0,162.79684101825234
1,157.0,150.79358655142514
2,154.0,137.58393851452053
3,144.0,130.61012410018336
4,134.0,128.1739377784095
5,125.0,125.51859736083884
6,123.0,121.43158321929928
7,144.0,116.39158617702788
8,134.0,115.86969108768352
9,128.0,114.28155075906878
10,122.0,113.61948588162116
11,124.0,113.60980864098823
12,123.0,113.82771821359944
13,118.0,109.35321748676131
14,111.0,106.53527367780194
15,106.0,104.39602415092548
16,103.0,102.67361479069095
17,96.0,101.16725894693738
18,90.0,99.16580817692267
19,84.0,96.59338948091724
20,79.0,93.80866156663586
21,74.00000000000003,90.87497710141488
22,69.0,88.04307532121001
23,69.0,85.15227326265179
24,65.0,82.91912660715076
25,61.00000000000003,81.57517031047101
26,56.99999999999997,80.40240032370136
27,54.0,79.32895616152109
28,51.0,78.38826829157122
29,50.0,77.28066411367561
30,50.0,76.31549346864333
31,62.0,75.64059712800614
32,57.99999999999997,152.09711730186893
33,54.0,221.879737056154
34,51.0,232.23620840356875
35,50.0,239.87444665686593
36,57.99999999999997,256.8655857691887
37,56.99999999999997,226.44299052482793
38,54.0,184.2451306217303
39,53.0,184.6987593228847
40,52.0,199.97703556020656
41,51.0,182.85954180589746
42,50.0,118.56724873573154
43,51.0,91.85039360543215
44,51.0,88.42622753265528
45,53.0,82.70157107992856
46,52.0,82.55196008145171
47,51.0,81.92061132366268
48,50.0,81.09989119734624
49,50.0,80.93042147114039
50,50.0,81.45676894946774
51,50.0,77.83904733538424
52,50.0,78.27731261238529
53,50.0,77.36479817248204
54,50.0,76.9910335281696
55,50.0,76.05113957818295
56,50.0,75.79058362916831
57,50.0,75.12075121045879
58,50.0,74.89922608342042
59,50.0,74.84871560792175
60,50.0,74.84013268940029
61,50.0,74.83723595439932
62,50.0,74.82479072254321
