,y_actual,y_predict
0,55.0,56.925001595491494
1,56.0,56.70966082034295
2,57.0,56.57719660957496
3,56.0,56.44775100465397
4,55.0,56.356385156072335
5,55.0,56.32447625518922
6,54.0,56.18266860226152
7,55.0,56.09981528027439
8,53.0,55.964254020581585
9,54.0,55.886859755751814
10,54.0,55.778834921677706
11,55.0,55.621867417633915
12,55.0,55.50263393932716
13,55.0,55.46594872659375
14,56.0,55.42175622078176
15,56.0,55.48896741198908
16,55.0,55.433763822288626
17,56.0,55.4854490946833
18,55.0,55.49458335530212
19,54.0,55.468031826105104
20,54.0,55.43087014430633
21,53.0,55.426695229386084
22,53.0,55.371750211312566
23,52.0,55.38727613012522
24,53.0,55.33740085911908
25,56.0,55.3566136025899
26,55.0,55.33646244748426
27,55.0,55.33197376025268
28,53.0,55.37107908720221
29,55.0,55.415271593014204
30,55.0,55.3547861694063
31,55.0,55.29480045725719
32,55.0,55.29196488525847
33,58.0,55.28543667800323
34,56.0,55.23024180420031
35,56.0,55.28164235727544
36,56.0,55.31161923420451
37,55.0,55.364559595844504
38,55.0,55.40200018636446
39,54.0,55.4356232137632
40,54.0,55.55359288692708
41,55.0,55.6377623094423
42,56.0,55.52608260900099
43,56.0,55.525998355324795
44,56.0,55.5154898881943
45,55.0,55.58119032382854
46,54.0,55.60516194735458
47,54.0,55.62434854313279
48,54.0,55.64012141237566
49,54.0,55.6509697995101
50,54.0,55.570928807128254
51,54.0,55.5533546523944
52,53.0,55.49854618338229
53,56.0,55.49872340663221
54,54.0,55.457479779486924
55,53.0,55.41377826923619
56,53.0,55.475855796794185
57,54.0,55.48127127446387
58,53.0,55.469374074325806
59,52.0,55.457447821195956
60,52.0,55.44646869559846
61,52.0,55.388359806718995
62,52.0,55.36391171412759
63,51.0,55.249747982888216
64,50.0,55.24347253666154
65,50.0,55.19891686845218
66,50.0,55.16738856176151
67,50.0,55.07462235897559
68,50.0,55.00656282040799
69,50.0,54.969098987494604
