,y_actual,y_predict
0,3500.0,3523.9934210583046
1,3530.0,3518.3077046583653
2,3540.0,3521.1636370509113
3,3540.0,3520.0234356609058
4,3540.0,3518.472062626827
5,3540.0,3519.819384042212
6,3540.0,3529.432926137636
7,3540.0,3534.1813678554236
8,3530.0,3535.1126550258737
9,3530.0,3535.150500424428
10,3540.0,3538.766061682253
11,3530.0,3541.082461609142
12,3530.0,3537.948604162469
13,3490.0,3542.891204976393
14,3600.0,3531.0861924114774
15,3620.0,3536.531123834174
16,3690.0,3539.7623877480833
17,3680.0,3542.075394923286
18,3500.0,3541.866949202066
19,3580.0,3540.062602511507
20,3570.0,3544.750299043939
21,3540.0,3540.9211488798646
22,3540.0,3540.5967318012995
23,3500.0,3541.494657771554
24,3520.0,3539.1774289629934
25,3530.0,3536.5391706792216
26,3530.0,3538.29670872284
27,3500.0,3538.785815837369
28,3540.0,3537.280957995229
29,3530.0,3535.2823389451996
30,3530.0,3534.14995272524
31,3530.0,3533.679817219155
32,3530.0,3533.7997939798574
33,3480.0,3534.068310454762
34,3480.0,3532.065652537209
35,3480.0,3521.583344631701
36,3480.0,3522.935554389614
37,3480.0,3515.413973202265
38,3470.0,3509.2561675037296
39,3470.0,3502.6406363566825
40,3470.0,3492.077538551639
41,3450.0,3481.5083219523926
42,3450.0,3485.7333615764924
43,3450.0,3489.810914642333
44,3450.0,3493.0796680762533
45,3450.0,3494.3088017767795
46,3450.0,3487.177262508067
47,3450.0,3482.863230724072
48,3450.0,3482.3511723394085
49,3450.0,3479.4093696076097
50,3460.0,3478.9479270624097
51,3600.0,3494.6755906042386
52,3600.0,3518.0571455702325
53,3600.0,3517.891209637595
54,3460.0,3518.699456788991
55,3450.0,3511.988861666388
56,3450.0,3477.8187862230934
57,3450.0,3478.3999783587865
58,3450.0,3476.0497429414913
59,3450.0,3471.44710331164
60,3490.0,3467.431537144808
61,3390.0,3514.3740047145125
62,3450.0,3466.9234301060014
63,3450.0,3449.3236826080088
64,3450.0,3451.2738970277546
65,3450.0,3441.830883178328
66,3450.0,3441.947714307345
67,3450.0,3442.0421965212313
68,3450.0,3442.011975804388
69,3470.0,3442.4428501202424
70,3470.0,3445.4504961745097
71,3450.0,3499.9441079488197
72,3450.0,3440.154117336849
73,3500.0,3438.9087715345613
74,3490.0,3507.6165571841348
75,3580.0,3507.506614525158
76,3580.0,3499.33128767065
77,3580.0,3510.7612930592045
78,3580.0,3510.781564621823
79,3380.0,3510.6365193388906
80,3390.0,3504.9836299995604
81,3390.0,3470.6821575050803
82,3390.0,3448.6472302165503
83,3420.0,3430.2255204070807
84,3420.0,3421.8340922596417
85,3420.0,3413.9144728266297
