,y_actual,y_predict
0,3500.0,3534.952629379937
1,3530.0,3530.743758740307
2,3540.0,3533.53992155667
3,3540.0,3536.1361436985294
4,3540.0,3537.2248463099004
5,3540.0,3540.821168245946
6,3540.0,3546.115482601928
7,3540.0,3547.3824977393424
8,3530.0,3550.3619000367776
9,3530.0,3546.1432218220903
10,3540.0,3544.614969953147
11,3530.0,3545.33262703068
12,3530.0,3543.880343968848
13,3490.0,3546.7229550488164
14,3600.0,3539.482076441443
15,3620.0,3547.4502909930725
16,3690.0,3546.4737551206913
17,3680.0,3547.476686498227
18,3500.0,3544.299552161301
19,3580.0,3538.111554061756
20,3570.0,3544.373461635067
21,3540.0,3542.3554333682578
22,3540.0,3547.5609956053872
23,3500.0,3546.8837889830907
24,3520.0,3540.306206201266
25,3530.0,3540.983242928561
26,3530.0,3540.524629392544
27,3500.0,3540.107480533436
28,3540.0,3537.1588343795142
29,3530.0,3537.2191213632004
30,3530.0,3539.9542043525394
31,3530.0,3541.725488446238
32,3530.0,3542.8578643695314
33,3480.0,3542.810736525922
34,3480.0,3538.8077014024966
35,3480.0,3535.693912159275
36,3480.0,3531.6972275050534
37,3480.0,3522.260576995664
38,3470.0,3521.679366197263
39,3470.0,3517.2589814297285
40,3470.0,3512.1715477016237
41,3450.0,3510.606275454547
42,3450.0,3500.2366812984483
43,3450.0,3489.4537337311285
44,3450.0,3481.208914190224
45,3450.0,3474.354852392406
46,3450.0,3470.798522709928
47,3450.0,3468.4887203722446
48,3450.0,3467.9384227415244
49,3450.0,3468.4844343847194
50,3460.0,3469.352214288964
51,3600.0,3475.3857456555224
52,3600.0,3500.761788134021
53,3600.0,3498.850092257417
54,3460.0,3502.657815058033
55,3450.0,3488.923376289343
56,3450.0,3463.1409830480334
57,3450.0,3457.381982696832
58,3450.0,3455.855422055399
59,3450.0,3454.562212197831
60,3490.0,3453.345702210712
61,3390.0,3515.4972269010855
62,3450.0,3463.259152743725
63,3450.0,3446.3735588824115
64,3450.0,3444.9235899964265
65,3450.0,3443.8191231882965
66,3450.0,3440.2838501892747
67,3450.0,3442.442958235243
68,3450.0,3443.553031578406
69,3470.0,3444.716168793546
70,3470.0,3449.3102016970965
71,3450.0,3490.531546491238
72,3450.0,3436.9108372128694
73,3500.0,3440.5980735677804
74,3490.0,3476.6342950082453
75,3580.0,3478.4922326314095
76,3580.0,3463.3643486393403
77,3580.0,3480.087216553868
78,3580.0,3490.710584449629
79,3380.0,3499.3291079950122
80,3390.0,3482.169665916055
81,3390.0,3447.091761683281
82,3390.0,3438.4298014884253
83,3420.0,3432.8646333141915
84,3420.0,3429.1340788823604
85,3420.0,3431.1184988289733
