,y_actual,y_predict
0,6775.0,6565.139747695126
1,6800.0,6552.940224243723
2,6625.0,6543.6614008326815
3,6575.0,6528.03299090022
4,6575.0,6504.032370947676
5,6550.0,6482.734395514507
6,6550.0,6459.134885521993
7,6925.0,6436.021853982066
8,7075.0,6434.132039466827
9,7100.0,6472.496640022069
10,7125.0,6524.795817662448
11,7000.0,6579.3489674163175
12,7025.0,6621.486001657667
13,7025.0,6645.070877051457
14,6975.0,6644.838674751701
15,6975.0,6637.462349174793
16,7000.0,6624.675490494596
17,7050.0,6627.446429808017
18,6975.0,6630.024558283246
19,6975.0,6631.310207781158
20,7100.0,6631.258498865667
21,7000.0,6635.247890477858
22,6950.0,6636.076940495579
23,6750.0,6632.62122391686
24,6850.0,6612.891711601946
25,6825.0,6600.022777213904
26,6750.0,6583.622758063714
27,6825.0,6554.708083769594
28,6750.0,6537.054611238685
29,6725.0,6545.117177540762
30,6775.0,6535.521515067345
31,6725.0,6530.016710757272
32,6725.0,6530.75368475802
33,6725.0,6519.157716548997
34,6725.0,6516.56178264532
35,6775.0,6518.322446826818
36,6700.0,6516.82020526779
37,6700.0,6515.776514468782
38,6725.0,6515.042345432789
39,6600.0,6510.503180728529
40,6625.0,6502.0153573785265
41,6600.0,6489.697903452405
42,6500.0,6480.257245770474
43,6425.0,6460.966649462293
44,6375.0,6439.981488576852
45,6500.0,6410.446673161798
46,6525.0,6392.803566804984
47,6550.0,6380.093783678067
48,6400.0,6383.545109877168
49,6400.0,6382.944237644555
50,6550.0,6394.1981221084025
51,6500.0,6389.038206508261
52,6525.0,6381.1805245883215
53,6525.0,6369.739683125773
54,6425.0,6376.437329186849
55,6450.0,6384.93893345065
56,6525.0,6385.231137605175
57,6450.0,6379.083386591157
58,6500.0,6374.6853238095955
59,6475.0,6369.668217502003
60,6500.0,6368.212318838934
61,6500.0,6370.79325227892
62,6500.0,6370.209819609785
63,6500.0,6373.380649333341
64,6450.0,6377.259061905208
65,6400.0,6378.694959950021
66,6400.0,6374.1973818971355
67,6450.0,6365.504674164996
68,6400.0,6360.046334705872
69,6400.0,6344.417680863432
70,6425.0,6332.281817916478
71,6350.0,6331.0898298504
72,6375.0,6328.280840580297
73,6375.0,6320.743168552457
74,6375.0,6317.007931138108
75,6400.0,6315.366173071242
76,6375.0,6315.704354256758
