,y_actual,y_predict
0,6775.0,6705.719459128905
1,6800.0,6707.485611284927
2,6625.0,6705.545673269056
3,6575.0,6701.818484884006
4,6575.0,6696.208921238067
5,6550.0,6690.31922698155
6,6550.0,6685.631155235273
7,6925.0,6681.2245556044545
8,7075.0,6678.893507937683
9,7100.0,6676.417699698533
10,7125.0,6678.845457671872
11,7000.0,6685.1471158824725
12,7025.0,6689.702012780361
13,7025.0,6692.327947611423
14,6975.0,6697.592500592441
15,6975.0,6701.808484574877
16,7000.0,6706.75205202388
17,7050.0,6710.529241954572
18,6975.0,6715.430612977254
19,6975.0,6716.119170847222
20,7100.0,6714.90876757775
21,7000.0,6715.941482427714
22,6950.0,6715.756720618822
23,6750.0,6716.627479242907
24,6850.0,6718.133867271575
25,6825.0,6712.4280811390245
26,6750.0,6712.644673200141
27,6825.0,6708.8285796278415
28,6750.0,6707.358046366047
29,6725.0,6705.566405617249
30,6775.0,6702.537409546327
31,6725.0,6698.041904728261
32,6725.0,6693.782870634578
33,6725.0,6690.236663453748
34,6725.0,6689.6900611914025
35,6775.0,6689.32809878296
36,6700.0,6689.491396513723
37,6700.0,6688.576490183488
38,6725.0,6687.70634133435
39,6600.0,6686.520938837698
40,6625.0,6685.547738022545
41,6600.0,6684.526121076613
42,6500.0,6683.664265166753
43,6425.0,6681.396756049442
44,6375.0,6680.885154869045
45,6500.0,6675.613040678686
46,6525.0,6673.101255717672
47,6550.0,6667.717430757052
48,6400.0,6664.498062947728
49,6400.0,6662.8458167517765
50,6550.0,6657.533823279894
51,6500.0,6653.509430585755
52,6525.0,6649.497965120488
53,6525.0,6647.333142104224
54,6425.0,6645.745166187669
55,6450.0,6647.350581667704
56,6525.0,6648.313904128718
57,6450.0,6645.889073075123
58,6500.0,6643.080693579967
59,6475.0,6642.381769535902
60,6500.0,6642.36469583739
61,6500.0,6644.23524146431
62,6500.0,6642.469942993215
63,6500.0,6641.7963855869375
64,6450.0,6642.005782303682
65,6400.0,6641.3661283844485
66,6400.0,6641.677967292262
67,6450.0,6642.337255964783
68,6400.0,6642.823246597412
69,6400.0,6642.749707738823
70,6425.0,6641.520767310967
71,6350.0,6640.339389328963
72,6375.0,6639.498753587253
73,6375.0,6638.84580657418
74,6375.0,6635.809859068864
75,6400.0,6633.593936912055
76,6375.0,6632.8756220246805
