,y_actual,y_predict
0,6775.0,6742.475351419401
1,6800.0,6741.736670048802
2,6625.0,6739.989177006154
3,6575.0,6739.8902715097765
4,6575.0,6740.181621979375
5,6550.0,6740.215769376398
6,6550.0,6741.178238152487
7,6925.0,6742.388153602003
8,7075.0,6746.3859601084605
9,7100.0,6739.106954613069
10,7125.0,6735.872342430073
11,7000.0,6733.035303512416
12,7025.0,6730.2482661404
13,7025.0,6732.949569154891
14,6975.0,6732.278938668359
15,6975.0,6731.119146719473
16,7000.0,6730.235216956537
17,7050.0,6729.441289975754
18,6975.0,6728.677607832335
19,6975.0,6727.3392737790155
20,7100.0,6726.062526995327
21,7000.0,6724.777731182339
22,6950.0,6722.438390576292
23,6750.0,6720.5118676092525
24,6850.0,6719.773674058611
25,6825.0,6716.6383332369605
26,6750.0,6714.282284797368
27,6825.0,6712.098802667732
28,6750.0,6717.011271594446
29,6725.0,6720.345033183798
30,6775.0,6722.393998960162
31,6725.0,6725.529827601769
32,6725.0,6727.513669413811
33,6725.0,6730.078870660168
34,6725.0,6732.979204217307
35,6775.0,6734.46144515808
36,6700.0,6736.232475513676
37,6700.0,6736.845421290237
38,6725.0,6739.481600340406
39,6600.0,6740.593220068491
40,6625.0,6740.9753050501795
41,6600.0,6744.431387493867
42,6500.0,6746.507671187849
43,6425.0,6748.229797592709
44,6375.0,6752.4771240074115
45,6500.0,6755.870643541553
46,6525.0,6759.424168021745
47,6550.0,6759.241235537693
48,6400.0,6761.4615480741195
49,6400.0,6763.0179376484275
50,6550.0,6765.180199609915
51,6500.0,6767.794426761997
52,6525.0,6767.473441229981
53,6525.0,6768.939828022137
54,6425.0,6770.352798528949
55,6450.0,6771.27819298827
56,6525.0,6773.861931393011
57,6450.0,6775.326854725294
58,6500.0,6775.7941862445505
59,6475.0,6778.77159535497
60,6500.0,6778.489635419552
61,6500.0,6778.649884275581
62,6500.0,6778.955259568957
63,6500.0,6778.452073282827
64,6450.0,6777.819614707967
65,6400.0,6776.582747205801
66,6400.0,6778.495489259041
67,6450.0,6780.536771871075
68,6400.0,6782.64732491707
69,6400.0,6783.197341919118
70,6425.0,6784.272253195404
71,6350.0,6787.671626569034
72,6375.0,6789.272407759473
73,6375.0,6791.956880985432
74,6375.0,6794.505008533277
75,6400.0,6795.413573204065
76,6375.0,6797.583396374892
