,y_actual,y_predict
0,139.0,138.13184602898627
1,139.0,137.6577024362679
2,139.0,137.8575357435076
3,139.0,138.58397980716364
4,138.0,138.27675533824717
5,135.0,138.01460904037006
6,137.0,137.54856860944741
7,135.0,136.4927700785309
8,136.0,137.38111790343984
9,133.0,136.6653031726699
10,146.0,136.21562160631944
11,132.0,156.26675679623722
12,119.0,138.09375931956475
13,108.0,127.61326482862182
14,98.0,129.4017431135894
15,104.0,129.1562076040254
16,108.0,129.32700727792857
17,111.0,129.36760397985157
18,100.0,129.18085221732485
19,90.0,129.55607529525224
20,81.0,130.04726418695623
21,73.0,130.33361134255242
22,69.0,130.40219700321651
23,68.0,130.20608708264334
24,66.0,129.8894536086868
25,70.00000000000001,129.49009207616885
26,71.0,129.0904601300941
27,68.0,128.6712798262132
28,68.0,128.23264592483244
29,63.0,127.79466841191427
30,62.0,127.4294113447294
31,61.0,127.08280125682805
32,59.999999999999986,126.87430084840918
33,62.0,126.91171499077922
34,59.0,127.06551327900942
35,62.0,127.44060230577189
36,58.0,138.97435297795212
37,58.0,139.90501474643102
38,59.0,140.19216852024363
39,58.0,140.65822744098213
40,59.0,141.38232792047933
41,59.0,138.78454808458338
42,58.0,135.5402441028108
43,57.0,133.8696823071919
44,58.0,119.29443782083047
45,58.0,129.59325831492413
46,58.0,152.26185921654937
47,63.0,149.8183942281139
48,69.0,148.75647787937842
49,74.0,145.09590342849415
50,66.99999999999999,144.52848564849958
51,66.0,146.91904087327026
52,71.0,147.23869743211804
53,64.0,146.80616979242134
54,58.0,147.67859788588447
55,53.000000000000014,151.1801691653771
56,48.0,147.4927475018804
57,51.0,126.70341334788074
58,47.0,118.78001416428549
59,46.0,119.05529978755017
60,46.0,119.23212714142005
61,48.0,119.29280147212785
62,47.0,119.49127115544873
63,47.0,119.77028709906088
64,48.0,119.97603714737224
65,46.0,120.16260401174046
66,47.0,120.26277258910127
67,47.0,120.33714787335302
68,46.0,120.4628739986708
69,46.0,121.23130150043849
70,46.0,121.4782884605466
71,46.0,121.56432619614498
72,46.0,121.58685603675671
73,46.0,121.0768884258313
74,46.0,120.88361438076393
75,46.0,120.26925326955626
76,45.0,120.02944960290543
77,47.0,120.06119199426382
78,45.0,119.92006385234399
79,45.0,119.59395434776496
80,45.0,130.41446268480522
81,45.0,141.1037719110364
82,44.0,154.67218814375684
83,44.0,151.45307422485124
84,42.999999999999986,153.1235770841821
85,42.0,149.24639097378883
86,40.0,146.5137718445886
87,39.0,145.1803903307882
88,39.0,142.6692006137391
