,y_actual,y_predict
0,760.0,759.9426018613501
1,755.0,760.4432485603894
2,765.0,746.870973233182
3,760.0,756.5804904709215
4,765.0,761.5227972688948
5,770.0,764.6439962129587
6,765.0,766.6877104559679
7,760.0,767.5826705588686
8,800.0,767.6691910005532
9,755.0,771.075110721593
10,745.0,767.5226191671707
11,720.0,766.8525923917061
12,720.0,750.2510983598792
13,705.0,737.4519570803993
14,695.0,723.2610199799101
15,695.0,711.0113956552626
16,700.0,704.1469983517211
17,700.0,701.0982014720643
18,695.0,699.7226077555997
19,690.0,699.3430407293232
20,690.0,698.9956645336102
21,695.0,699.5494657449669
22,695.0,700.308502715347
23,700.0,700.5013200463947
24,695.0,701.264487054222
25,690.0,701.137588518709
26,680.0,701.7337499182614
27,680.0,701.6065722715009
28,680.0,701.2665824111247
29,675.0,701.1138074313901
30,680.0,701.0714512882848
31,675.0,700.9479263582871
32,675.0,700.7739834197262
33,665.0,700.6787174922816
34,670.0,700.5652162966564
35,665.0,700.474865154225
36,665.0,700.4272463483195
37,670.0,700.3486057430182
38,675.0,700.2557992306255
39,700.0,700.3270535005901
40,700.0,700.4974165340179
41,710.0,699.973605623968
42,710.0,700.1809933711615
43,715.0,700.2064855317814
44,715.0,700.5329931053684
45,715.0,700.349819270182
46,705.0,700.5123469632225
47,700.0,700.6482498702904
48,695.0,700.7591460276042
49,690.0,701.0677298049826
50,700.0,701.2095951755151
51,690.0,701.5611054537659
52,685.0,701.9115437830219
53,695.0,701.8972201173992
54,710.0,702.2800434415651
55,730.0,702.1714368055003
56,720.0,704.0364096212888
57,720.0,703.2207454283579
58,705.0,702.1494881441987
59,695.0,702.789854293236
60,720.0,701.941699933041
61,720.0,702.8894565577457
62,760.0,701.8151088244095
63,745.0,714.0803128152943
64,745.0,744.0081993861602
65,720.0,760.8524559876404
