,y_actual,y_predict
0,760.0,757.6471323067678
1,755.0,759.5215059129848
2,765.0,745.1507228227375
3,760.0,753.6108802837897
4,765.0,759.5893430927109
5,770.0,760.7154588835798
6,765.0,759.6321199252329
7,760.0,758.7727141456847
8,800.0,759.3798478533429
9,755.0,762.3915492301492
10,745.0,759.3616742727932
11,720.0,759.281820140328
12,720.0,745.9693475163117
13,705.0,731.3253863149608
14,695.0,714.6397326574191
15,695.0,702.9035860590222
16,700.0,697.9230238284845
17,700.0,696.7713905951798
18,695.0,694.7127833400534
19,690.0,695.3535782686886
20,690.0,691.9585863597582
21,695.0,692.4861794294685
22,695.0,692.121138323342
23,700.0,691.8170365062883
24,695.0,692.0879240848703
25,690.0,692.2200610126401
26,680.0,692.2194259334244
27,680.0,691.8992044305455
28,680.0,691.5787483124151
29,675.0,691.4358393085218
30,680.0,691.3821852275221
31,675.0,691.2742055804919
32,675.0,690.9771826718934
33,665.0,690.8289098779363
34,670.0,690.5972799031015
35,665.0,690.5508139480016
36,665.0,690.5444469754825
37,670.0,690.6766809854255
38,675.0,690.6471922753464
39,700.0,690.6684087752592
40,700.0,691.1722045772885
41,710.0,690.8091698360727
42,710.0,691.2225093233163
43,715.0,691.3574090479289
44,715.0,692.272315492311
45,715.0,692.3574403777573
46,705.0,693.3812851556288
47,700.0,694.4304036592307
48,695.0,695.2641696323542
49,690.0,695.8054391532
50,700.0,694.785178325552
51,690.0,694.9262751288808
52,685.0,693.9549760771994
53,695.0,692.9130537896784
54,710.0,692.4767503234062
55,730.0,692.1942047938712
56,720.0,694.2142057048283
57,720.0,693.8528294507363
58,705.0,693.4360395012571
59,695.0,694.8233194843085
60,720.0,694.2340994601326
61,720.0,696.3855132276518
62,760.0,696.9529585294196
63,745.0,712.2725092641898
64,745.0,737.3727349933321
65,720.0,754.6767859131568
