,y_actual,y_predict
0,760.0,774.5055740295196
1,755.0,779.9878973815422
2,765.0,740.7857766019141
3,760.0,776.7862264174324
4,765.0,782.3810882335304
5,770.0,782.106899861063
6,765.0,782.0268677446139
7,760.0,780.9486549272611
8,800.0,780.1267835428877
9,755.0,778.5242137282613
10,745.0,774.3204261901468
11,720.0,776.3844437538783
12,720.0,756.7824163346056
13,705.0,742.6903862486885
14,695.0,729.8699637478471
15,695.0,721.2996223182355
16,700.0,713.0358057149145
17,700.0,707.3415560241059
18,695.0,702.4480522322953
19,690.0,699.6202022433417
20,690.0,697.8638967399762
21,695.0,696.9562390978522
22,695.0,696.4962071304382
23,700.0,696.0177295501352
24,695.0,695.5015153201302
25,690.0,695.2590768633571
26,680.0,695.0725091972027
27,680.0,694.605920138014
28,680.0,694.382085052661
29,675.0,694.1189519126552
30,680.0,694.1397436780608
31,675.0,694.3809483822175
32,675.0,694.7575260865807
33,665.0,695.255800340015
34,670.0,695.4311711955385
35,665.0,695.7957188006184
36,665.0,696.2918855618782
37,670.0,697.3629284562385
38,675.0,697.7076632078249
39,700.0,698.0669683755575
40,700.0,698.1071078090437
41,710.0,697.6316438211974
42,710.0,697.5521658821531
43,715.0,697.2950316114269
44,715.0,697.137192178329
45,715.0,696.7093186807542
46,705.0,696.5900653663729
47,700.0,696.4832911563253
48,695.0,696.4537094091638
49,690.0,696.646834167093
50,700.0,696.6543742158703
51,690.0,696.6732283829044
52,685.0,696.6281377585901
53,695.0,696.7818269287881
54,710.0,696.7671634755594
55,730.0,696.4024864275821
56,720.0,696.5230665316624
57,720.0,695.7499121952775
58,705.0,694.882559835352
59,695.0,695.6438580113472
60,720.0,695.40235397049
61,720.0,695.6408889148865
62,760.0,694.8604979115152
63,745.0,705.2134015272253
64,745.0,746.2404085281509
65,720.0,766.627600410457
