,y_actual,y_predict
0,760.0,762.2826675279273
1,755.0,768.653195681639
2,765.0,742.5048399678969
3,760.0,757.8750640575711
4,765.0,762.9885975158038
5,770.0,764.5839701030766
6,765.0,766.441605124615
7,760.0,768.7054744318532
8,800.0,771.4178330406329
9,755.0,773.1552398809685
10,745.0,771.9799105072464
11,720.0,775.3209692239293
12,720.0,756.2416726755309
13,705.0,739.2925703609209
14,695.0,723.7662416763567
15,695.0,713.5959658086093
16,700.0,706.0563255853444
17,700.0,702.0228242239375
18,695.0,699.4038343951363
19,690.0,697.3805731411993
20,690.0,696.3195944321171
21,695.0,695.799962100601
22,695.0,695.1317090973408
23,700.0,694.7636908045725
24,695.0,694.7452573269553
25,690.0,694.6305304688947
26,680.0,694.9058838274393
27,680.0,695.2370351649729
28,680.0,695.3685734193418
29,675.0,695.1417935080715
30,680.0,695.2146010928058
31,675.0,695.490581440385
32,675.0,695.8437704312122
33,665.0,696.0216937388701
34,670.0,696.2401569439783
35,665.0,696.409630057486
36,665.0,696.4597325489865
37,670.0,696.5742167016143
38,675.0,696.5844629159669
39,700.0,696.633117265052
40,700.0,696.5721294348926
41,710.0,696.022389494444
42,710.0,695.9480488203928
43,715.0,695.7210262036898
44,715.0,695.8245926569344
45,715.0,695.4194849289515
46,705.0,695.3533800592518
47,700.0,695.2830157092072
48,695.0,695.3824440348235
49,690.0,695.426980481733
50,700.0,695.4306089279526
51,690.0,695.4148452100956
52,685.0,695.3811860116638
53,695.0,695.2785458841541
54,710.0,695.2951550259353
55,730.0,695.0695077400177
56,720.0,695.7214428480161
57,720.0,695.5819034045473
58,705.0,694.8253946157586
59,695.0,696.1732511463504
60,720.0,695.9771249312363
61,720.0,696.742140545443
62,760.0,695.9632826313884
63,745.0,705.5737948243146
64,745.0,733.018091870947
65,720.0,748.9772630675943
