,y_actual,y_predict
0,1455.0,1494.3001016175467
1,1450.0,1498.732131247621
2,1500.0,1502.3001072876923
3,1515.0,1509.630502617123
4,1500.0,1520.3101973116477
5,1490.0,1529.955388657661
6,1545.0,1528.2274734255805
7,1610.0,1521.6914066019435
8,1610.0,1542.5816272722618
9,1560.0,1564.5977664909667
10,1535.0,1576.4404736706251
11,1565.0,1573.512260068737
12,1530.0,1597.5308000540565
13,1500.0,1572.755409395543
14,1500.0,1550.9977280595303
15,1485.0,1540.9695046266902
16,1485.0,1535.373454784869
17,1500.0,1530.8921425247304
18,1580.0,1522.820732226021
19,1620.0,1524.3617381649178
20,1620.0,1530.5373267830619
21,1615.0,1543.2013791391337
22,1615.0,1533.0926335512324
23,1585.0,1521.4713383045007
24,1575.0,1518.8011027154894
25,1550.0,1518.096653826161
26,1510.0,1516.6578601579909
27,1510.0,1505.1576360657396
28,1500.0,1507.3267436063
29,1480.0,1508.2089362753338
30,1480.0,1508.0737089612924
31,1500.0,1511.0715516734267
32,1590.0,1512.9989008008783
33,1590.0,1517.4886107827901
34,1550.0,1516.580601117676
35,1550.0,1510.821779434397
36,1530.0,1508.698403487265
37,1485.0,1507.7440863849438
38,1465.0,1504.9330090050485
39,1495.0,1505.5941256500264
40,1495.0,1507.4156634831343
41,1485.0,1516.5644774918712
42,1580.0,1518.0122447255935
43,1565.0,1527.0441624472458
44,1590.0,1532.8769320691117
45,1545.0,1542.595735444841
