,y_actual,y_predict
0,1455.0,1496.7307382076194
1,1450.0,1497.0721175944507
2,1500.0,1496.6534791673048
3,1515.0,1501.7154818913236
4,1500.0,1510.58069283903
5,1490.0,1513.759302510708
6,1545.0,1518.442975872093
7,1610.0,1550.7009765655516
8,1610.0,1574.697634487279
9,1560.0,1583.6636180962653
10,1535.0,1596.267974647274
11,1565.0,1588.6807529925238
12,1530.0,1588.0955517523767
13,1500.0,1595.8007733947875
14,1500.0,1598.7239963505929
15,1485.0,1600.810686250321
16,1485.0,1599.8845135126855
17,1500.0,1602.830866193604
18,1580.0,1595.0413794115705
19,1620.0,1593.400320616117
20,1620.0,1594.9519796649206
21,1615.0,1599.579988127694
22,1615.0,1599.8292325099264
23,1585.0,1593.2706118049553
24,1575.0,1588.4805513054475
25,1550.0,1577.3973820699507
26,1510.0,1576.8551291783015
27,1510.0,1552.5062947988915
28,1500.0,1529.9603793037434
29,1480.0,1522.7442889643928
30,1480.0,1523.1157561886635
31,1500.0,1522.7130974263775
32,1590.0,1516.6366019251589
33,1590.0,1529.483196759092
34,1550.0,1547.1972550937921
35,1550.0,1553.832558995299
36,1530.0,1560.49655911178
37,1485.0,1559.278217636905
38,1465.0,1547.2968760675144
39,1495.0,1531.0168127028282
40,1495.0,1525.6696233473872
41,1485.0,1526.1147985753369
42,1580.0,1529.0501622374775
43,1565.0,1538.803420265968
44,1590.0,1548.3914591169412
45,1545.0,1568.6963345861677
