,y_actual,y_predict
0,1455.0,1492.983626765378
1,1450.0,1495.967121370025
2,1500.0,1483.6845175303888
3,1515.0,1507.4805898691875
4,1500.0,1542.4051311540773
5,1490.0,1567.6593839015968
6,1545.0,1564.0583928182111
7,1610.0,1607.807212155535
8,1610.0,1602.7118824728213
9,1560.0,1589.0416630808509
10,1535.0,1566.751662158372
11,1565.0,1563.4085051269185
12,1530.0,1593.9450208438261
13,1500.0,1551.4177581091417
14,1500.0,1527.2235377843242
15,1485.0,1517.4150947270373
16,1485.0,1516.276987485334
17,1500.0,1493.4758772222397
18,1580.0,1474.3258084643003
19,1620.0,1474.7305786537745
20,1620.0,1497.0532107237154
21,1615.0,1507.8376130120078
22,1615.0,1487.9675955696953
23,1585.0,1501.3207409809957
24,1575.0,1507.4171510795627
25,1550.0,1512.1188195590332
26,1510.0,1513.789102426258
27,1510.0,1512.733436818878
28,1500.0,1500.9825287349474
29,1480.0,1483.1747038382755
30,1480.0,1461.024441006105
31,1500.0,1455.1973338480634
32,1590.0,1461.3574706581444
33,1590.0,1468.393705790601
34,1550.0,1487.5641690157045
35,1550.0,1490.7023256619257
36,1530.0,1499.5222848860192
37,1485.0,1498.5335131309366
38,1465.0,1499.9397716256076
39,1495.0,1499.4986752910909
40,1495.0,1516.2441164029642
41,1485.0,1524.1010728810736
42,1580.0,1512.471331925587
43,1565.0,1507.047555347573
44,1590.0,1495.887414993651
45,1545.0,1512.8805649043468
