,y_actual,y_predict
0,27.0,24.38853160062345
1,27.0,24.64007452973109
2,26.0,24.81848714938685
3,27.0,25.136316404397952
4,28.0,25.464810496204123
5,28.0,25.834830689290342
6,28.0,25.986130999931614
7,28.0,26.329930758797925
8,28.0,26.33127969802658
9,28.0,26.464389871302785
10,28.0,26.537977245188742
11,27.0,26.569328099292246
12,27.0,26.477586536929294
13,28.0,26.60945219393744
14,27.0,26.546675164250654
15,27.0,26.579862835349523
16,27.0,26.587665455913232
17,27.0,26.57692700949021
18,27.0,26.564918369021928
19,27.0,26.578014035391472
20,27.0,26.64001388435515
21,27.0,26.644979966464696
22,27.0,26.690431343951985
23,26.0,26.677575336836263
24,27.0,26.64182844727694
25,27.0,26.622126744760983
26,27.0,26.58820297738252
27,27.0,26.664455704541336
28,27.0,26.654021967741027
29,27.0,26.69210039946967
30,26.0,26.6342980111515
31,27.0,26.641869531720452
32,26.0,26.606244183639856
33,27.0,26.627043183167952
34,27.0,26.595334552035528
35,26.0,26.585262015967764
36,27.0,26.575682493222146
37,26.0,26.54076756364395
38,26.0,26.520903235205758
39,26.0,26.50324890745816
40,26.0,26.486544657466787
41,26.0,26.46432482093389
42,26.0,26.371359284524633
43,26.0,26.302806466820748
44,25.0,26.27238686010352
45,24.0,26.246094528107463
46,24.0,26.19046105603638
47,25.0,26.107884748280295
48,25.0,26.051314893267495
49,25.0,25.993300235324508
50,24.0,25.901360098151248
