,y_actual,y_predict
0,27.0,27.113450469169063
1,27.0,27.133129917611452
2,26.0,27.142408154437977
3,27.0,27.17393361742641
4,28.0,27.208862241819112
5,28.0,27.237266998952425
6,28.0,27.269922284137444
7,28.0,27.325162030291537
8,28.0,27.34297384840593
9,28.0,27.399959683409293
10,28.0,27.44140361580232
11,27.0,27.506780948393068
12,27.0,27.55838472129632
13,28.0,27.622967754645835
14,27.0,27.690784476070128
15,27.0,27.75540859386315
16,27.0,27.768345058014084
17,27.0,27.847764711026976
18,27.0,27.852504828697207
19,27.0,27.86783446168273
20,27.0,27.8735006911838
21,27.0,27.86592574691122
22,27.0,27.842456258554822
23,26.0,27.855233520487147
24,27.0,27.850911094659292
25,27.0,27.840071648979297
26,27.0,27.831017664740276
27,27.0,27.82095539978339
28,27.0,27.827302946306038
29,27.0,27.838073917913512
30,26.0,27.82702562631233
31,27.0,27.821895206428735
32,26.0,27.812801849598014
33,27.0,27.811179014079276
34,27.0,27.77548690377797
35,26.0,27.765109658087493
36,27.0,27.755358950160574
37,26.0,27.794134105577115
38,26.0,27.75179829838951
39,26.0,27.747373161452874
40,26.0,27.725961318975717
41,26.0,27.731497447738995
42,26.0,27.68828517242313
43,26.0,27.661368014515325
44,25.0,27.63405884254234
45,24.0,27.616228194058007
46,24.0,27.59304972050982
47,25.0,27.550005206671628
48,25.0,27.523100031726514
49,25.0,27.48744215846147
50,24.0,27.452789142210662
