,y_actual,y_predict
0,114.00000000000001,101.59539384987943
1,110.0,98.83589014539282
2,109.0,97.62771375893462
3,105.0,97.05182965851637
4,101.0,96.57285751943081
5,101.0,96.27669750934493
6,101.0,96.00662236692756
7,100.0,95.89387413797166
8,100.0,95.778659158207
9,93.0,95.74109912931755
10,94.0,95.70909951109098
11,91.0,95.57675356023995
12,85.0,95.6994641916335
13,80.0,95.72004316246915
14,81.0,95.56601433572439
15,81.0,95.3665754885661
16,81.0,95.16370227011603
17,82.0,95.06001696540233
18,83.0,94.93740173321132
19,88.0,94.8541182293857
20,89.0,94.75869176992128
21,89.0,94.62804937625862
22,90.0,96.61770877308655
23,90.0,96.82473867107626
24,90.0,102.48540026737786
25,90.0,102.13916930441107
26,90.0,101.71678252089481
27,89.0,101.48246845097594
28,91.0,101.03527787479686
29,91.0,98.80021084363935
30,101.0,98.47124713633397
31,97.0,102.18156743571552
32,101.0,102.01347404082347
33,100.0,101.80234197712412
34,96.0,101.47817548686123
35,94.0,101.40343702589252
36,94.0,101.21961639103733
37,94.0,101.32899839098897
38,92.0,101.4987680861544
39,90.0,101.67882726673764
40,90.0,101.77887377329697
41,90.0,101.78089078500801
42,90.0,101.7967134241737
43,89.0,101.81537078250088
44,90.0,101.77107829560293
45,88.0,101.90199325841573
46,88.0,101.98005706301615
47,87.0,101.98083388509406
48,85.0,101.93388384898225
49,83.0,101.89979907675709
50,83.0,101.9011891794228
51,80.0,101.8466889778521
52,79.0,101.84771111216511
53,81.0,101.79225691856888
54,80.0,101.51741181602407
55,78.0,101.25075741644096
56,73.0,101.81363996839747
57,68.0,101.64107643944311
58,64.0,101.55951012126334
59,60.0,100.33796421799073
60,56.0,101.66977797095296
61,58.0,101.5926000160905
62,58.0,101.36830286243932
