,y_actual,y_predict
0,114.00000000000001,94.52514089362282
1,110.0,93.05381262116083
2,109.0,92.19921293626575
3,105.0,91.6781970057709
4,101.0,92.29939572740011
5,101.0,92.15148607807603
6,101.0,92.35140192124706
7,100.0,92.33289447595249
8,100.0,92.3790813184439
9,93.0,92.46913816565052
10,94.0,92.69306735094901
11,91.0,92.64442738610632
12,85.0,91.87157118933857
13,80.0,91.41980145143708
14,81.0,92.15587444139331
15,81.0,87.11143717973081
16,81.0,86.51104911271489
17,82.0,85.99503482612516
18,83.0,85.47028469827339
19,88.0,85.23036933231913
20,89.0,84.85242494873341
21,89.0,84.58394433584436
22,90.0,84.40421223824129
23,90.0,84.20899821291019
24,90.0,84.05116704652093
25,90.0,83.95688537748711
26,90.0,83.910357823558
27,89.0,83.97242181904517
28,91.0,84.0754257008835
29,91.0,84.28924257071174
30,101.0,84.49839850807257
31,97.0,84.29168206460551
32,101.0,84.53995167501157
33,100.0,84.61347720326216
34,96.0,84.83303165370086
35,94.0,85.13415242231932
36,94.0,85.24078147385453
37,94.0,85.29570415760799
38,92.0,85.40041159663471
39,90.0,85.4957835422691
40,90.0,85.57157139446585
41,90.0,85.59243656290914
42,90.0,85.6072098108468
43,89.0,85.69076588382256
44,90.0,85.68490564709452
45,88.0,85.64173069371219
46,88.0,85.67495687311438
47,87.0,85.55302306379875
48,85.0,85.39294320192084
49,83.0,85.38317159788826
50,83.0,85.18985192815066
51,80.0,85.00434136456457
52,79.0,84.8010320354743
53,81.0,84.51108660201163
54,80.0,84.17604460265812
55,78.0,84.03736141906629
56,73.0,83.86039589833715
57,68.0,83.60246371155856
58,64.0,83.40392434259573
59,60.0,83.05742081047879
60,56.0,82.52137269135366
61,58.0,82.00097004144666
62,58.0,81.50695208527333
