,y_actual,y_predict
0,228.0,203.1812551886804
1,226.0,203.12559579741153
2,224.0,202.9121743245018
3,218.0,203.02209013237916
4,220.0,202.95855715055922
5,220.0,202.90293404311774
6,218.0,202.71703990061394
7,216.0,202.65776422121178
8,208.0,202.59470292914835
9,199.0,202.58245109008806
10,196.0,202.4970510549404
11,194.0,202.26898301036042
12,202.0,201.81350003009408
13,197.0,201.68347088721453
14,202.0,201.4177402297681
15,200.0,201.28408270414613
16,198.0,201.03732848844263
17,197.0,200.94120053498654
18,197.0,200.80865571340556
19,206.0,200.68336765730945
20,199.0,201.57378487691085
21,199.0,200.19414071753852
22,198.0,200.0603259619977
23,198.0,199.97960654058778
24,197.0,199.9165936269609
25,197.0,199.830661429011
26,197.0,199.76808392131323
27,199.0,199.6807608433121
28,197.0,199.56256022817288
29,197.0,199.56617651630617
30,196.0,199.80496038458548
31,196.0,199.9443265657222
32,198.0,199.9559132012797
33,196.0,199.99109641927214
34,196.0,199.9915560144195
35,193.0,200.0629867760088
36,194.0,200.0441796587939
37,194.0,200.01503165076304
38,193.0,199.88113223295824
39,192.0,199.73163076936098
40,192.0,199.99530534325334
41,191.0,199.79656672584133
42,194.0,199.7487204520778
43,190.0,199.7113843936582
44,189.0,199.65196357894635
45,185.0,199.6359140326157
46,179.0,199.6301086202278
47,184.0,199.55571467939882
48,182.0,199.4528984070875
49,182.0,199.27002791686905
50,181.0,199.34693753639942
51,171.0,199.08142458191753
52,160.0,199.1073917077442
53,150.0,199.05540907765433
54,164.0,198.9524718592516
55,166.0,199.0500511658047
56,160.0,198.64345459568798
