,y_actual,y_predict
0,104.0,96.30353973114532
1,106.0,96.90541743395914
2,111.0,97.66926112563912
3,123.0,97.86416074668898
4,117.0,96.60500449344057
5,125.0,97.11784407447496
6,125.0,99.72073761656023
7,123.0,103.47891427486128
8,121.0,107.31692798460162
9,122.0,110.25328571655973
10,130.0,112.99718987988713
11,131.0,115.9009731517222
12,138.0,119.6398383347227
13,135.0,123.70773040747113
14,134.0,128.47804981057752
15,128.0,132.84156329817546
16,125.0,136.35030554040662
17,144.0,139.56121472529082
18,144.0,139.53397151075046
19,142.0,143.58977209867223
20,145.0,145.5849770176618
21,152.0,147.9064673570213
22,142.0,149.48983190591102
23,144.0,151.00670208206117
24,158.0,153.88901307529585
25,160.0,151.77438385835097
26,155.0,156.6977242996165
27,150.0,158.35482052452744
28,151.0,158.5630490839534
29,167.0,159.5664488608096
30,170.0,158.95031076307833
31,180.0,161.19908950804563
32,174.0,163.75464021532446
33,180.0,165.5143030098905
34,183.0,167.1873336133512
35,195.0,168.81177843232655
36,262.0,170.54299326077316
37,244.0,169.36588061754168
38,228.0,173.90980785256065
39,214.0,177.19007379441064
40,216.0,179.03435499824553
41,202.0,179.97176604627316
42,192.0,180.53576566143184
43,180.0,180.92992168535977
44,190.0,181.07006858985625
45,186.0,181.31496732508378
46,206.0,181.36755429182085
47,210.0,181.37050901102214
48,236.0,181.5832399997072
49,224.0,181.5901431383173
50,266.0,181.66293827387742
51,260.0,181.54467915536904
52,294.0,181.5220438957735
53,284.0,181.41711618889946
54,282.0,181.49789610134877
55,276.0,181.58474374072927
56,274.0,181.64246629084
57,302.0,181.68542403875145
58,294.0,181.7420385691617
59,318.0,181.6832695560005
60,312.0,181.5105328022185
61,298.0,181.36842487872838
62,302.0,181.1655429540476
63,288.0,181.20217795462062
64,302.0,181.07071053777793
65,298.0,181.16877907507757
66,292.0,181.10530537509294
67,296.0,181.17802136638872
68,284.0,181.22208713400067
69,272.0,181.31957528002863
70,278.0,181.35052068737775
71,296.0,181.35706327989487
72,286.0,181.3681083016711
73,278.0,181.35157594423535
74,290.0,181.40671311504497
75,306.0,181.35941122640304
76,308.0,181.43771128523696
77,312.0,181.52320467831686
78,310.0,181.52775987041883
79,300.0,181.54483744389768
80,302.0,181.49992747079963
81,326.0,181.47818917953308
82,366.0,181.4791916735478
83,388.0,181.3966529996692
