,y_actual,y_predict
0,50.0,50.23810555150544
1,50.0,50.238436941356696
2,50.0,50.238557408330685
3,50.0,50.23857431597616
4,50.0,50.238595873224135
5,50.0,50.238602213591186
6,50.0,50.23850499462972
7,50.0,50.23848766429311
8,50.0,50.238544304905446
9,50.0,50.23856797560911
10,50.0,50.23860601781142
11,50.0,50.23866096765921
12,50.0,50.238683792980595
13,50.0,50.23866054496807
14,50.0,50.238058632789254
15,50.0,50.23806285970062
16,50.0,50.238058632789254
17,50.0,50.238067931994266
18,50.0,50.238083994257465
19,50.0,50.23810555150544
20,50.0,50.238067931994266
21,50.0,50.23793985657981
22,50.0,50.23802481749831
23,50.0,50.23803411670332
24,50.0,50.2379914248985
25,50.0,50.237954650769595
26,50.0,50.23798635260486
27,50.0,50.238073004287905
28,50.0,50.238074695052454
29,50.0,50.23807680850813
30,50.0,50.238092448080195
31,50.0,50.238087375786556
32,50.0,50.23800495101488
33,50.0,50.23807680850813
34,50.0,50.23813978948752
35,50.0,50.238097097682704
36,50.0,50.23804003437923
37,50.0,50.238044261290604
38,50.0,50.23799184758964
39,50.0,50.23802439480717
40,50.0,50.238007064470565
41,50.0,50.23794746502027
42,50.0,50.23797324917962
43,50.0,50.23797789878212
44,50.0,50.23794873309368
45,50.0,50.237927175845705
46,50.0,50.23793478428617
47,50.0,50.237890401716804
48,51.0,50.23790054630409
49,50.0,50.264071468039575
50,50.0,50.35571048380848
51,50.0,50.27111054354084
52,50.0,50.30838429336687
53,50.0,50.32253937415631
54,50.0,50.32782681758664
