,y_actual,y_predict
0,193.0,202.36224580427861
1,194.0,200.50474232334167
2,194.0,199.06029417978291
3,189.0,199.07051456967753
4,188.0,199.18589555445587
5,188.0,199.02436114105197
6,186.0,197.64672449589818
7,181.0,195.80077747961678
8,185.0,192.8995150639518
9,181.0,190.8955206212516
10,179.0,188.94963831699286
11,177.0,186.82100349046905
12,168.0,184.51943105293242
13,169.0,182.33475416314127
14,166.0,179.35655443852514
15,174.0,175.71958473534056
16,171.0,173.70566132031064
17,166.0,172.21506395165292
18,165.0,171.1221366896858
19,176.0,169.72058197820374
20,179.0,171.93567946661815
21,179.0,173.48682281561616
22,181.0,175.31169973567475
23,181.0,177.62602252025715
24,177.0,180.9924575361203
25,178.0,181.9436050195931
26,178.0,181.5166554100758
27,175.0,180.99805404675988
28,173.0,180.19571205146346
29,175.0,178.47856076671937
30,175.0,177.80070661573336
31,170.0,177.24412958269073
32,170.0,175.78618217723732
33,171.0,174.33305593385927
34,172.0,173.71011899859104
35,171.0,173.0019056043026
36,170.0,172.01586367651615
37,170.0,171.74301017841796
38,169.0,171.8526908577846
39,169.0,171.51039865715927
40,168.0,170.66186410810514
41,172.0,169.8309905143678
42,176.0,171.27894245901797
43,190.0,172.62348344589276
44,185.0,177.58540004342368
45,192.0,177.42739311636683
46,216.0,179.9394915847554
47,212.0,182.38419345617172
48,208.0,187.9966173540513
49,194.0,203.26325168243133
50,187.0,207.1855170799256
51,181.0,209.2444923571019
52,181.0,210.36929657798356
53,183.0,201.8812925185446
54,187.0,193.33200880170034
55,189.0,188.49835675545174
56,183.0,188.20845181339308
57,183.0,188.0918188243857
58,179.0,189.09127905576136
59,176.0,189.46240259860866
60,178.0,188.41084579869784
61,178.0,186.28640027144874
62,179.0,184.8803620138303
63,179.0,183.62972102078635
