,y_actual,y_predict
0,193.0,166.65326409460732
1,194.0,169.07659653020502
2,194.0,177.03999226556755
3,189.0,179.5881501614146
4,188.0,181.0329048390666
5,188.0,183.32395584953477
6,186.0,185.86975382896517
7,181.0,189.62572965443144
8,185.0,195.1567842712613
9,181.0,200.93933523760234
10,179.0,204.5953531407173
11,177.0,208.29508772042524
12,168.0,212.50725935337096
13,169.0,214.73506636612092
14,166.0,225.64008011046155
15,174.0,229.6009506962087
16,171.0,229.2098183667669
17,166.0,230.00746405281157
18,165.0,229.5739601752873
19,176.0,229.32515278940448
20,179.0,171.96143964763985
21,179.0,201.69505430268728
22,181.0,207.30087995720473
23,181.0,208.62127103709207
24,177.0,209.52941385670752
25,178.0,208.26994933799148
26,178.0,206.34896613849875
27,175.0,205.07913119632346
28,173.0,203.98760597215002
29,175.0,201.50288976102672
30,175.0,200.01550097655416
31,170.0,199.62649239808766
32,170.0,198.31662694879543
33,171.0,196.36708692970223
34,172.0,197.33821409843154
35,171.0,198.93418838191855
36,170.0,199.46653592389808
37,170.0,199.641056001
38,169.0,199.9840301429784
39,169.0,200.867844244052
40,168.0,206.45100965673782
41,172.0,205.6200435854154
42,176.0,197.0385298134226
43,190.0,198.49098147161914
44,185.0,171.98904194335498
45,192.0,188.5036066368213
46,216.0,191.25282943561697
47,212.0,166.13221627881282
48,208.0,180.10751333308892
49,194.0,186.0799036441868
50,187.0,186.23224332818538
51,181.0,189.35019559975814
52,181.0,189.51569555548255
53,183.0,189.68858078408707
54,187.0,189.99526103074368
55,189.0,188.92198040538742
56,183.0,189.73107391109255
57,183.0,189.61249307253047
58,179.0,189.1806033492189
59,176.0,188.65386266502134
60,178.0,187.9180010595734
61,178.0,186.69650020628214
62,179.0,190.21651526983774
63,179.0,192.69326030114323
