,y_actual,y_predict
0,193.0,167.73108129520472
1,194.0,167.57652020907452
2,194.0,168.37605424860516
3,189.0,170.3064074322274
4,188.0,172.0518992166264
5,188.0,172.81468667335574
6,186.0,174.52474434529586
7,181.0,176.17440320074505
8,185.0,176.71476891918232
9,181.0,182.71785581669653
10,179.0,185.2796763461161
11,177.0,187.38885078459202
12,168.0,190.28634813382024
13,169.0,191.9999125169856
14,166.0,194.6237576980625
15,174.0,196.22554448878643
16,171.0,197.765191515894
17,166.0,199.7638274322296
18,165.0,200.13621591323394
19,176.0,200.0521169266828
20,179.0,160.14860158166042
21,179.0,179.41449924427334
22,181.0,184.1185484818783
23,181.0,186.56573172737876
24,177.0,187.4082290421972
25,178.0,187.80059203488688
26,178.0,188.117191310916
27,175.0,188.25472423415613
28,173.0,188.75949922845493
29,175.0,188.7339586008608
30,175.0,189.77918941659362
31,170.0,190.00446869407696
32,170.0,189.5745281137129
33,171.0,189.04350371256632
34,172.0,189.8159463465373
35,171.0,195.54027782283453
36,170.0,195.46854625822365
37,170.0,194.81137855082153
38,169.0,194.44107501900854
39,169.0,193.89340465254386
40,168.0,193.38900603554947
41,172.0,192.8682990287574
42,176.0,186.50197004919292
43,190.0,187.1555654056853
44,185.0,176.7170178059109
45,192.0,180.05714118050247
46,216.0,180.4300140371099
47,212.0,163.55972331871553
48,208.0,169.59820309168853
49,194.0,171.11089775296227
50,187.0,169.63205376801375
51,181.0,169.91075016807963
52,181.0,167.89051717879286
53,183.0,166.6129399873251
54,187.0,165.65116922210092
55,189.0,164.4059928136311
56,183.0,163.21279786173739
57,183.0,164.41503362929336
58,179.0,165.42020677666048
59,176.0,166.53926186655232
60,178.0,169.08904349580246
61,178.0,170.94361744205057
62,179.0,178.41248763392832
63,179.0,186.07035840533305
