,y_actual,y_predict
0,222.0,201.97130995508508
1,220.0,201.67280945347358
2,210.0,202.35170443436772
3,218.0,203.167772999784
4,208.0,202.09769403539389
5,210.0,201.743152176996
6,208.0,201.62858108030088
7,208.0,201.7494219649259
8,206.0,202.2691229285498
9,206.0,201.95712578064683
10,204.0,201.9015453802316
11,206.0,202.3329028833979
12,208.0,201.8900722542814
13,214.0,201.80435390129352
14,216.0,202.80435187162618
15,214.0,201.22555286191186
16,214.0,201.48956757670402
17,214.0,201.67880579270872
18,218.0,201.97060680129857
19,212.0,201.84984013846213
20,208.0,201.92734331137737
21,218.0,201.81129949814047
22,214.0,202.45806425740017
23,216.0,201.03185352577262
24,218.0,201.16869115904117
25,210.0,201.62253786414664
26,212.0,201.9779391327281
27,210.0,201.274820503888
28,210.0,201.5318193064546
29,208.0,201.3386199907858
30,212.0,201.333076795102
31,208.0,201.47234030893404
32,212.0,201.32986963255343
33,210.0,201.19583680161114
34,210.0,201.1407993921755
35,212.0,201.37388705959015
36,210.0,201.19827830781435
37,212.0,201.3267171597438
38,212.0,201.44905419937015
39,210.0,201.8021584989156
40,210.0,201.65372273457922
41,208.0,201.55830476574718
42,206.0,201.48834877680736
43,204.0,201.7528400736104
44,204.0,201.68427476660395
45,195.0,201.7127407757286
46,200.0,201.70349430343575
47,195.0,201.31391194800912
48,200.0,201.35533551885555
49,200.0,201.40811892976436
50,202.0,201.06814798038732
51,204.0,201.7334330291022
52,206.0,200.4526423133488
53,202.0,200.58404613041142
54,199.0,200.52529372513698
55,197.0,200.64284150619508
56,199.0,200.64043515768117
57,192.0,200.5043983384473
58,194.0,200.68615187303536
59,194.0,200.3858427036285
60,194.0,200.24728234358295
61,198.0,200.1496767851928
62,199.0,200.23364116012428
63,200.0,199.59832218194532
64,200.0,199.4625275601268
65,202.0,199.2586481197226
66,202.0,199.25131578829308
67,199.0,199.11508364856292
68,198.0,199.14844829573374
69,198.0,198.96539002023064
70,194.0,199.2893407825046
71,200.0,199.3389873462435
72,196.0,199.39489197868252
73,183.0,199.12765838211203
74,184.0,199.63415177377894
75,183.0,199.18464899651022
76,195.0,199.3192677889413
