,y_actual,y_predict
0,26.0,23.67698337892563
1,26.0,23.686526810734073
2,26.0,23.80634620201401
3,26.0,24.06726981248955
4,26.0,24.39959105400285
5,26.0,24.523855304519248
6,26.0,24.54530258215602
7,26.0,24.505713780845653
8,25.0,24.469328957769584
9,26.0,24.51503017448966
10,25.0,24.541063231602884
11,26.0,24.6165103623149
12,26.0,24.630371433698695
13,26.0,24.65272882121876
14,25.0,24.697412280649996
15,25.0,24.773734291185306
16,25.0,24.851156262482785
17,25.0,24.744027521704478
18,25.0,24.739917348038002
19,25.0,24.70506503257186
20,26.0,24.669330008380204
21,26.0,24.640308267843785
22,25.0,24.552111769863476
23,25.0,24.454183946421402
24,24.0,24.443086477521923
25,25.0,24.44420601053965
26,25.0,24.3767717612517
27,25.0,24.382426185881435
28,25.0,24.4267612591638
29,24.0,24.445715031442912
30,24.0,24.36545508309001
31,24.0,24.215284995121497
32,24.0,24.16698654008932
33,24.0,24.127703065965605
34,24.0,24.08961154220517
35,24.0,24.035887657933245
36,23.0,24.059215829328817
37,24.0,24.006965735900156
38,23.0,23.96870980519306
39,23.0,23.892875143821062
40,23.0,23.841450999576807
41,23.0,23.880658141903858
42,23.0,23.891691022360007
