,y_actual,y_predict
0,940.0,848.7899000836323
1,935.0,846.7057405148984
2,935.0,844.8996746934706
3,945.0,843.975273455388
4,940.0,846.2807857426213
5,940.0,848.9639980887105
6,940.0,849.4388766055173
7,935.0,849.9598843406994
8,945.0,850.7556736520532
9,950.0,851.261101320102
10,930.0,849.7409755542994
11,930.0,850.4566456968959
12,935.0,843.5222456209697
13,915.0,838.5919020235208
14,910.0,837.5598069880597
15,850.0,837.276487728041
16,830.0,838.0616169934614
17,845.0,833.3196491096711
18,850.0,827.566697261778
19,820.0,819.4008448207857
20,835.0,811.3299520046539
21,815.0,806.92215967845
22,780.0,804.4331434632561
23,825.0,803.6524840210175
24,885.0,804.211501331745
25,875.0,804.576708395593
26,855.0,803.2119009461051
27,860.0,803.7543252441579
28,865.0,805.3909879826984
29,855.0,805.1641685739768
30,830.0,805.1217213322511
31,825.0,803.2158241002646
32,835.0,805.3409516886641
33,820.0,806.6955492902368
34,815.0,807.0554343703684
35,800.0,806.7995771894663
36,830.0,807.7794010193022
37,820.0,807.0982674961099
38,795.0,805.6594507081131
39,795.0,807.2727513852037
40,770.0,806.1812945253292
41,725.0,801.6654225177311
42,745.0,798.3754557924736
43,750.0,796.6283819899443
44,780.0,795.0073314755386
45,745.0,792.3296822906757
46,750.0,791.0022573552076
47,745.0,791.0051514853253
48,745.0,793.0855004494043
49,730.0,794.0991856016169
50,745.0,796.2563254848179
51,730.0,797.3438431120322
52,725.0,799.7670500240506
53,715.0,801.1133511192861
54,725.0,801.8205478920379
55,730.0,803.0761340865853
56,735.0,804.3160115859939
57,725.0,803.7353686918873
58,710.0,803.6523875500136
59,715.0,805.2494489414439
60,720.0,807.5237207019072
61,715.0,809.4621447407161
62,720.0,811.6881166852156
63,730.0,814.5562961028248
