,y_actual,y_predict
0,1165.0,1138.6994693932006
1,1115.0,1137.0495882537443
2,1125.0,1137.9276618709166
3,1100.0,1138.642186414911
4,1095.0,1139.2565553137517
5,1115.0,1138.3378183454172
6,1065.0,1136.7488028583616
7,1115.0,1136.619448419201
8,1115.0,1135.0957172159501
9,1070.0,1133.3886128094396
10,1065.0,1133.3503976189197
11,1100.0,1133.4003759227712
12,1100.0,1133.1329492041132
13,1100.0,1132.692957015764
14,1100.0,1133.1729955391786
15,1090.0,1132.3192442984728
16,1190.0,1132.3160596992627
17,1220.0,1131.5710625215777
18,1205.0,1125.743823175918
19,1215.0,1123.551425657296
20,1205.0,1123.2513169892454
21,1125.0,1125.4643745952421
22,1050.0,1125.0463561414417
23,1090.0,1129.891405379508
24,1015.0,1128.928601519605
25,1025.0,1131.0494450747276
26,1010.0,1130.1733618320618
27,940.0,1130.0158634973832
28,975.0,1132.0572513022166
29,940.0,1131.1409624945245
30,955.0,1131.721176566838
31,995.0,1131.597355368805
32,1020.0,1133.0545284485675
33,1005.0,1133.6785904712533
34,1020.0,1134.3902090684687
35,1020.0,1134.9322875652429
36,1005.0,1135.6882517064573
37,995.0,1136.665664915236
38,1010.0,1137.0423233867966
39,1060.0,1137.0926798618043
40,1080.0,1135.0942841463057
41,1035.0,1134.3495855247966
42,1065.0,1135.2137862316604
43,1010.0,1132.3650229121163
44,1040.0,1133.9268896909066
45,1040.0,1132.46195415057
46,1035.0,1131.5024145048574
47,1025.0,1131.527513127381
48,1040.0,1132.0410297499907
49,1065.0,1130.8963852751979
50,1065.0,1130.5117653056122
51,1065.0,1129.6577951237107
52,1075.0,1128.9350304292602
53,1080.0,1127.8543565910982
54,1055.0,1127.503393854413
55,1070.0,1130.1561649963278
56,1090.0,1130.507187444248
57,1075.0,1128.5774795529596
58,1080.0,1129.1223047665524
59,1090.0,1126.8313439023816
60,1145.0,1125.9411090969763
61,1105.0,1124.381571056358
62,1105.0,1125.8811789205934
63,1105.0,1125.1238812284598
64,1105.0,1126.047315480629
65,1105.0,1126.5584635575763
66,1125.0,1126.6551360473443
67,1130.0,1126.2525429959674
68,1130.0,1125.1196417307615
69,1130.0,1125.4282692016989
70,1130.0,1124.8959833474955
71,1130.0,1124.6357418808047
72,1130.0,1125.2019238128494
73,1130.0,1125.030492856627
74,1125.0,1125.7792518421288
75,1110.0,1126.306939931223
