,y_actual,y_predict
0,1165.0,1121.9942561623404
1,1115.0,1121.3753492096255
2,1125.0,1121.0736084344796
3,1100.0,1116.1452023120924
4,1095.0,1115.0946428402094
5,1115.0,1109.2280338868163
6,1065.0,1104.21223041986
7,1115.0,1099.689164065668
8,1115.0,1093.707431850834
9,1070.0,1087.3406815915132
10,1065.0,1085.686083264477
11,1100.0,1081.9024012318628
12,1100.0,1077.8794562798532
13,1100.0,1079.2345032437006
14,1100.0,1078.957383401197
15,1090.0,1079.5918152750605
16,1190.0,1081.020287154443
17,1220.0,1089.9467187400214
18,1205.0,1096.179059008936
19,1215.0,1111.3635863095399
20,1205.0,1127.2415202806274
21,1125.0,1149.6690801206685
22,1050.0,1148.0002705196578
23,1090.0,1134.0944195130967
24,1015.0,1117.8795549455933
25,1025.0,1100.5274700002055
26,1010.0,1082.6773336421215
27,940.0,1073.4185891289812
28,975.0,1064.9215410356333
29,940.0,1056.0831238107205
30,955.0,1048.5978029826388
31,995.0,1041.847845919632
32,1020.0,1037.1474571006793
33,1005.0,1034.7814989251133
34,1020.0,1037.226873043478
35,1020.0,1041.6247249374826
36,1005.0,1048.0659351070817
37,995.0,1055.4007040075116
38,1010.0,1057.821158637058
39,1060.0,1057.570928754134
40,1080.0,1055.6124400474853
41,1035.0,1054.7273603120511
42,1065.0,1057.6325905563372
43,1010.0,1059.4880176710526
44,1040.0,1064.7329331474223
45,1040.0,1065.4604548369425
46,1035.0,1063.1262232310062
47,1025.0,1057.8290405201028
48,1040.0,1056.1735266207938
49,1065.0,1052.1481136043967
50,1065.0,1051.2649048209985
51,1065.0,1054.0689046178973
52,1075.0,1058.301276775453
53,1080.0,1061.8708542224315
54,1055.0,1066.6904266668178
55,1070.0,1070.7039770511576
56,1090.0,1070.3475606883255
57,1075.0,1070.7579361040218
58,1080.0,1071.6629792957535
59,1090.0,1070.8327144742211
60,1145.0,1071.2243206583237
61,1105.0,1073.5651005963855
62,1105.0,1080.884742650568
63,1105.0,1083.7200311347049
64,1105.0,1088.1341443884253
65,1105.0,1089.9123250685539
66,1125.0,1088.38614570466
67,1130.0,1086.5773331608807
68,1130.0,1086.76534393674
69,1130.0,1089.3262791989368
70,1130.0,1092.7626607839577
71,1130.0,1095.0950811490934
72,1130.0,1097.7453444191303
73,1130.0,1096.4461672676732
74,1125.0,1096.1738243239847
75,1110.0,1095.4755014284708
