,y_actual,y_predict
0,1165.0,1159.205442069939
1,1115.0,1158.0381670370102
2,1125.0,1156.780349867793
3,1100.0,1154.5233049852084
4,1095.0,1152.8528831808476
5,1115.0,1150.0442856188395
6,1065.0,1148.44758728619
7,1115.0,1146.5100373193468
8,1115.0,1144.8538665964509
9,1070.0,1142.185809378328
10,1065.0,1140.333984841469
11,1100.0,1138.468546142987
12,1100.0,1136.822347196367
13,1100.0,1135.7330152291026
14,1100.0,1134.7652155291894
15,1090.0,1134.0583937345339
16,1190.0,1133.5487185347213
17,1220.0,1137.1302780362273
18,1205.0,1133.42230984983
19,1215.0,1132.9348870369972
20,1205.0,1133.2963987585654
21,1125.0,1134.0671513823613
22,1050.0,1134.715058091632
23,1090.0,1135.1832936942246
24,1015.0,1133.7215228493528
25,1025.0,1134.1068792575059
26,1010.0,1133.5063036539934
27,940.0,1132.2391516283417
28,975.0,1132.1954031966945
29,940.0,1130.5482488703117
30,955.0,1129.8897334649228
31,995.0,1129.2601382011094
32,1020.0,1128.2792219331998
33,1005.0,1127.6589615258206
34,1020.0,1127.051260381576
35,1020.0,1126.814246585373
36,1005.0,1126.2117204148444
37,995.0,1126.871031970036
38,1010.0,1127.0104776079431
39,1060.0,1126.5938723200422
40,1080.0,1126.5071517028055
41,1035.0,1126.0981297417734
42,1065.0,1126.800234348849
43,1010.0,1126.7550528475574
44,1040.0,1126.9455515915495
45,1040.0,1126.6918186494943
46,1035.0,1127.0262015665423
47,1025.0,1126.890856100118
48,1040.0,1126.544948914679
49,1065.0,1126.59952498364
50,1065.0,1125.8351614620092
51,1065.0,1125.4740677190873
52,1075.0,1125.6195640954934
53,1080.0,1125.4995644165124
54,1055.0,1125.3821124168992
55,1070.0,1126.2344504917057
56,1090.0,1125.9070537891746
57,1075.0,1125.8637432399187
58,1080.0,1125.8804424820262
59,1090.0,1126.008980867639
60,1145.0,1126.35383315459
61,1105.0,1126.3789118733685
62,1105.0,1126.164648057772
63,1105.0,1126.130274290049
64,1105.0,1126.2279021595803
65,1105.0,1126.124522107726
66,1125.0,1126.6032270802216
67,1130.0,1127.793371516227
68,1130.0,1127.0351582518203
69,1130.0,1127.8692246886596
70,1130.0,1128.5007705194892
71,1130.0,1128.8907445964965
72,1130.0,1129.9445085713344
73,1130.0,1129.8908480746463
74,1125.0,1130.1583544082846
75,1110.0,1130.5583997802935
