,y_actual,y_predict
0,204.0,208.5354051965468
1,202.0,207.54539850185995
2,204.0,206.39954780961543
3,206.0,204.5289547939107
4,208.0,202.7882306528736
5,204.0,202.2394438388299
6,206.0,201.01840412972973
7,204.0,200.69511022864225
8,202.0,200.24166438200984
9,204.0,199.9971181030935
10,204.0,199.77742814312336
11,204.0,200.49122505932527
12,206.0,199.21054501227638
13,202.0,199.41177470717236
14,204.0,199.48157863757518
15,204.0,199.0033438698245
16,202.0,198.7509390041698
17,204.0,198.78021662062918
18,200.0,198.52090347761006
19,204.0,198.4423782682711
20,202.0,198.484367115081
21,202.0,197.87862239664082
22,202.0,197.7521099338049
23,202.0,197.19830198157928
24,197.0,197.09275024323432
25,192.0,199.4998569285139
26,179.0,198.15054567326848
27,167.0,200.1181106838207
28,163.0,197.76014375489598
29,162.0,196.02615939665338
30,160.0,194.2129421518784
31,174.0,192.4805416425925
32,173.0,194.3168561230043
33,176.0,189.85023357050684
34,178.0,188.40475235456643
35,179.0,187.63098485105888
36,179.0,186.70799181669793
37,178.0,185.65085014559486
38,178.0,184.86910947904144
39,179.0,183.87346832593835
40,180.0,182.9801168563077
41,179.0,182.2015438876677
42,179.0,181.448871904307
43,175.0,180.62837748668508
44,177.0,179.8620844022967
45,177.0,178.9655719745354
46,175.0,178.11779491616124
47,167.0,177.3140825576977
48,170.0,176.71988308718454
49,171.0,175.62877291079712
50,171.0,174.92045543800714
51,167.0,174.36612178272358
52,166.0,173.92790784520676
53,165.0,173.9111527451796
54,166.0,174.08319244079246
55,164.0,174.19180404052616
56,163.0,174.39430081458747
57,168.0,174.3744521542576
58,166.0,174.3181277894438
59,167.0,173.9919290419719
60,161.0,173.66344550813264
61,162.0,173.49373777736668
62,161.0,172.9422011319428
63,162.0,172.51731174501077
64,159.0,172.12580450225994
65,158.0,171.72190279895005
66,158.0,171.24370173011334
67,159.0,170.7647053669069
68,158.0,170.26614341424795
69,157.0,169.88339788913004
70,149.0,169.71502463535737
71,144.0,169.2214096832696
72,150.0,168.4745810915918
73,149.0,168.00009364307488
74,147.0,167.65484826942566
75,146.0,167.20702340164382
