,y_actual,y_predict
0,146.0,120.13009233300151
1,151.0,122.54482094414846
2,150.0,125.58174565505051
3,151.0,124.8104634806432
4,149.0,125.56877072308592
5,146.0,126.30449288083827
6,147.0,126.3333968861028
7,147.0,125.73009012990691
8,144.0,126.05093316883676
9,134.0,126.46134430211265
10,128.0,127.33246051845255
11,133.0,127.13634108154417
12,133.0,128.15893978179378
13,134.0,129.51159329364344
14,134.0,130.10677922562908
15,138.0,130.36986941434526
16,139.0,131.1501794937048
17,140.0,131.95616976434047
18,140.0,132.35103794652417
19,142.0,132.04185212091346
20,144.0,132.62199767356935
21,144.0,129.386140349674
22,147.0,126.0402443254989
23,148.0,125.74068703938579
24,147.0,125.28044775454065
25,149.0,125.12112024799762
26,151.0,125.1557486682149
27,154.0,125.42735193227297
28,149.0,126.00445753865844
29,141.0,126.80351599632677
30,138.0,127.39960288013044
31,142.0,127.19782031750867
32,145.0,126.9244335365863
33,146.0,127.13822266119138
34,148.0,127.56780506852738
35,146.0,127.91017288830732
36,146.0,127.87247387719998
37,142.0,127.8029963955039
38,138.0,127.86946457554924
39,136.0,127.25530349506933
40,135.0,126.7359629967454
41,134.0,126.26938640455428
42,131.0,125.6899211624549
43,130.0,124.77736729140899
44,127.0,124.08665595101516
45,125.0,123.38276129524303
46,125.0,122.30973380887879
47,124.0,121.29500464695819
48,116.0,120.01855204635832
49,108.0,119.37586082497374
50,108.0,118.85112687358942
51,109.0,118.30394880276516
52,102.0,117.95210566658595
53,95.00000000000001,117.4151874144243
54,88.99999999999999,116.49547496022552
55,83.0,115.62846512292023
56,78.0,115.20914866317078
57,73.0,114.81088505712863
58,73.0,114.66136995780117
