,y_actual,y_predict
0,138.0,140.60732896410437
1,140.0,132.40708066084989
2,143.0,133.230209986371
3,142.0,134.58623269537037
4,141.0,136.57729370905338
5,142.0,136.34853137930412
6,140.0,138.2212191154664
7,140.0,133.79868288921585
8,139.0,132.5902236278872
9,140.0,131.2466055105873
10,141.0,135.87015519185366
11,143.0,133.88699964415054
12,143.0,133.25436940544282
13,143.0,136.83306260701693
14,142.0,136.85673371835202
15,142.0,135.3519563270822
16,141.0,135.12394614876615
17,137.0,133.34986900966632
18,140.0,133.81741185369927
19,139.0,135.60184584237678
20,140.0,133.59103790009786
21,139.0,131.09515135288513
22,137.0,128.60536865238166
23,137.0,129.26492276202566
24,137.0,127.71996827652919
25,137.0,127.38993919190759
26,132.0,126.88875430759254
27,130.0,127.98860447715244
28,129.0,125.8796191140292
29,129.0,124.67879556803555
30,128.0,124.09757153251672
31,125.0,122.49693027520368
32,123.0,120.63419377816032
33,122.0,119.50179238479475
34,120.0,118.24549471712794
35,117.0,116.29034991887193
36,116.0,114.24777046997988
37,115.0,112.92137701429695
38,113.0,111.50250043605462
39,110.0,110.216463252034
40,103.0,108.76434236803705
41,96.0,108.48159249863573
42,90.0,107.66330293286025
43,90.0,106.22724894858834
44,89.00000000000001,104.64455300060052
45,89.00000000000001,103.44818329372183
46,89.00000000000001,102.30103421911355
