,y_actual,y_predict
0,640.0,596.6069280314862
1,635.0,594.6650818081498
2,635.0,593.8036381653044
3,645.0,592.9159247039051
4,650.0,590.8876320133708
5,655.0,589.7355691206965
6,645.0,587.4300360236396
7,610.0,586.2452109143976
8,620.0,584.1636655488236
9,620.0,584.122553282787
10,620.0,584.3333498125246
11,620.0,584.6127105686876
12,620.0,585.5067475506958
13,600.0,584.4578312241572
14,630.0,583.0192771959983
15,590.0,580.902999377465
16,645.0,572.61149407566
17,645.0,567.1230347060074
18,610.0,563.6710116706408
19,610.0,559.8339669160571
20,600.0,559.1717047903172
21,600.0,559.9740601055729
22,600.0,560.3329808836414
23,600.0,561.7561670679464
24,595.0,562.3306879997168
25,625.0,561.9828005454408
26,655.0,560.5520336420674
27,650.0,552.0115467528412
28,715.0,425.71824944220924
29,785.0,411.8821424156711
30,755.0,414.80181696012414
31,735.0,562.0230121319842
32,725.0,571.8578317455092
33,790.0,570.1312479210646
34,860.0,454.59494405805253
35,835.0,421.9713664577331
36,835.0,386.2789064346143
37,850.0,422.42049591629956
38,830.0,459.87135908158615
39,825.0,444.9761374096637
40,825.0,452.08964775505063
41,840.0,342.4430712218202
42,850.0,447.9580714240891
43,855.0,450.48100603383426
44,865.0,443.3173672453999
45,870.0,434.3060595331443
46,900.0,419.24710183500764
47,890.0,406.090632542767
48,880.0,398.2265700261046
49,870.0,396.5983572900657
50,860.0,396.79019264005433
