,y_actual,y_predict
0,640.0,647.983431394189
1,635.0,645.5955048876539
2,635.0,644.1595403130381
3,645.0,643.4693008305385
4,650.0,640.8814422406534
5,655.0,637.9880844251444
6,645.0,635.394709173363
7,610.0,633.4586235459523
8,620.0,632.1129145622247
9,620.0,631.6016663648567
10,620.0,630.7997801535037
11,620.0,630.3039373283018
12,620.0,630.3683359120707
13,600.0,629.8635801127168
14,630.0,629.1301080145402
15,590.0,628.3918885848678
16,645.0,626.2679737547978
17,645.0,624.1969926091137
18,610.0,620.4634509396317
19,610.0,618.9730327839852
20,600.0,618.8856668731378
21,600.0,619.4849189626609
22,600.0,619.6299658893897
23,600.0,620.4352671771546
24,595.0,621.2598580174006
25,625.0,621.9615999275954
26,655.0,621.2440398337999
27,650.0,608.4168439529743
28,715.0,396.8665252271091
29,785.0,356.3040560010807
30,755.0,345.0812224411187
31,735.0,551.2679044820532
32,725.0,575.2837163114148
33,790.0,581.1070595751592
34,860.0,399.8439042426388
35,835.0,360.7963122497461
36,835.0,308.7384448503838
37,850.0,335.0361618927908
38,830.0,459.2850917880911
39,825.0,400.8969017731314
40,825.0,392.0586136533254
41,840.0,363.7685405044237
42,850.0,387.92227591775094
43,855.0,398.16594303771376
44,865.0,420.1163982771851
45,870.0,432.3414148601345
46,900.0,427.85655638001543
47,890.0,422.3389468938463
48,880.0,421.2180137361582
49,870.0,417.2634678360147
50,860.0,415.90743856642666
