,y_actual,y_predict
0,1000.0,1039.4901389866404
1,995.0,1042.9103502534647
2,995.0,1048.156785660218
3,1000.0,1047.415086086656
4,1000.0,1029.4042761468145
5,1015.0,1019.2589127786113
6,985.0,1030.2578538556525
7,1005.0,1018.0442358813309
8,1005.0,1011.9589873775195
9,995.0,1017.1561126799747
10,1010.0,1010.1469955474485
11,1005.0,1007.9712159531266
12,1005.0,1008.5948211876143
13,1000.0,1005.5916008110215
14,1005.0,1005.0875469793434
15,1005.0,1004.1516429139559
16,1010.0,999.0761350675322
17,1010.0,997.7500446713993
18,1010.0,1000.1469731590626
19,1020.0,997.0349376387609
20,1025.0,997.3388188816431
21,1025.0,1005.7402213120013
22,1005.0,1006.7236716676919
23,1010.0,1005.7406904594577
24,1015.0,1004.0926746875003
25,1010.0,1006.502649083281
26,1015.0,1006.3451869571595
27,1015.0,1005.5710485436002
28,1020.0,1003.7172394354353
29,1015.0,1003.9824521014219
30,1010.0,1002.585339998028
31,1000.0,1000.9934414795213
32,1000.0,1003.3283161939958
33,1005.0,1001.6813740479485
34,1005.0,1001.0773827859691
35,1005.0,999.2648045215774
36,1010.0,1002.3838952978596
37,1010.0,999.6805052563034
38,1000.0,999.0860503185841
39,1000.0,1001.0519495805869
40,1000.0,996.8780348807607
41,1000.0,996.6316422454329
42,1000.0,996.3443796489906
43,995.0,995.7748256147318
44,985.0,996.6000379465843
45,990.0,995.1717816697318
46,985.0,995.3588000856129
47,990.0,993.3910061896511
48,990.0,991.1079903132528
49,995.0,990.7186881450216
50,990.0,989.8035438545843
