,y_actual,y_predict
0,1000.0,1069.262694446078
1,995.0,1044.98580897966
2,995.0,1023.1293612506129
3,1000.0,1011.8678464620277
4,1000.0,1007.1288616949788
5,1015.0,1001.5795600278212
6,985.0,1028.2759268925636
7,1005.0,1043.8863844705158
8,1005.0,1041.9008531918716
9,995.0,1053.6815157293413
10,1010.0,1048.1796611097557
11,1005.0,1022.0957842936085
12,1005.0,1003.2557607354346
13,1000.0,994.2508542346865
14,1005.0,991.694054729154
15,1005.0,991.0115624668089
16,1010.0,988.5357991623205
17,1010.0,989.5080982438526
18,1010.0,995.6951788119242
19,1020.0,996.3768500662204
20,1025.0,998.4805253053046
21,1025.0,1017.6986907354848
22,1005.0,1030.725553270485
23,1010.0,1026.6825938654881
24,1015.0,1025.5611284479546
25,1010.0,1019.1276417114556
26,1015.0,1010.6702032262449
27,1015.0,1003.6607973875916
28,1020.0,999.7097457737364
29,1015.0,998.322296303533
30,1010.0,995.9451351635081
31,1000.0,996.5305139023574
32,1000.0,1004.8692490590068
33,1005.0,1008.2923203209023
34,1005.0,1003.4305722953801
35,1005.0,996.1867190374068
36,1010.0,1000.358278977884
37,1010.0,999.1095888900073
38,1000.0,996.9424073250325
39,1000.0,998.291774652661
40,1000.0,995.8497809429742
41,1000.0,990.7181648651663
42,1000.0,987.9334589385053
43,995.0,983.2270257872844
44,985.0,983.9023364847185
45,990.0,983.3112016674605
46,985.0,983.9584266719697
47,990.0,979.5514539510601
48,990.0,975.9137116395495
49,995.0,973.7461240815835
50,990.0,972.3391508595365
