,y_actual,y_predict
0,605.0,500.6573673116519
1,565.0,499.0061592853349
2,610.0,494.54882379764274
3,570.0,473.6196710067212
4,535.0,425.1568247031403
5,500.0,429.50654600919665
6,466.0,420.0728689337525
7,466.0,494.31627892743364
8,484.0,489.59107872305026
9,555.0,477.12846985117426
10,520.0,519.026747009428
11,540.0,468.14151494719107
12,560.0,500.51398580168404
13,525.0,449.5684477552503
14,525.0,470.6395355450434
15,500.0,460.8129798118973
16,520.0,495.6318755662879
17,510.0,459.46713131867557
18,510.0,451.11170859018284
19,510.0,483.15044123705
20,496.0,392.3720825763552
21,462.0,424.1674319263453
22,430.0,483.91201371944703
23,400.0,452.6325641129538
24,372.0,488.70333717207654
25,346.0,505.8179777625917
26,386.0,532.9478241089482
27,390.0,635.9786260670847
28,364.0,527.3447893936179
29,340.0,402.4621791027354
30,318.0,350.70786964528946
31,322.0,328.81877852969046
32,316.0,297.63631411007736
33,300.0,286.19502142220466
34,300.0,264.88266416694785
35,292.0,234.58356143962013
36,294.0,209.24388704709955
37,274.0,196.7751070883161
38,264.0,187.18838081363424
39,262.0,185.9613855810702
40,264.0,189.49701252341097
41,260.0,193.16216985148043
42,286.0,196.0853606461135
43,286.0,199.86229477767867
44,278.0,203.10476907552868
45,260.0,203.42216899235396
46,260.0,204.6546796988825
47,242.0,205.69656313733216
48,226.0,209.35371782487576
49,212.0,403.3874050635584
50,212.0,377.7556707147853
51,226.0,340.208756496584
52,228.0,319.3949772746092
53,220.0,303.42213865701575
54,206.0,294.0706057207014
55,194.0,290.79472638242487
56,193.0,287.5678046804993
57,187.0,280.3601741979487
58,189.0,280.79683323106315
59,176.0,225.83307467694908
60,164.0,228.5533688755709
61,164.0,228.2367182306804
62,153.0,234.38240273823544
63,146.0,235.56280262235407
