,y_actual,y_predict
0,605.0,626.6168686908268
1,565.0,645.7182662557939
2,610.0,644.9219775070844
3,570.0,642.0140531281229
4,535.0,626.4985461644562
5,500.0,558.2416836446221
6,466.0,542.8759894416969
7,466.0,564.0942883535689
8,484.0,552.775328618065
9,555.0,563.7303503243488
10,520.0,550.8588991399379
11,540.0,551.4421865280709
12,560.0,546.3496557576515
13,525.0,536.6618402110994
14,525.0,532.5467346796275
15,500.0,470.0320425107944
16,520.0,496.47890667547074
17,510.0,517.5743041769261
18,510.0,477.25460770008704
19,510.0,467.0741666695128
20,496.0,464.32761673350905
21,462.0,444.435477113461
22,430.0,440.48993598345635
23,400.0,487.4525525555826
24,372.0,452.400841360562
25,346.0,447.6670245289285
26,386.0,440.3187273463544
27,390.0,601.3673827041805
28,364.0,634.0266686113824
29,340.0,600.8124219578049
30,318.0,579.0630141228148
31,322.0,547.5195398182963
32,316.0,524.2487353196935
33,300.0,493.21924074933895
34,300.0,469.31135738161726
35,292.0,452.12106113879656
36,294.0,432.7253662083272
37,274.0,426.2661634288313
38,264.0,409.0228666031781
39,262.0,382.08634282255485
40,264.0,361.61736787825674
41,260.0,335.2498224731228
42,286.0,315.7380495800389
43,286.0,326.7854262067931
44,278.0,318.935283332777
45,260.0,305.586688853422
46,260.0,263.23852479287683
47,242.0,271.0410264597052
48,226.0,283.5233947772229
49,212.0,361.29328175006884
50,212.0,361.4992899059204
51,226.0,356.8996603932214
52,228.0,360.8096319194323
53,220.0,364.19143437421394
54,206.0,365.9970860780918
55,194.0,367.20386657824815
56,193.0,372.06792144132663
57,187.0,369.517670345686
58,189.0,371.1595749121459
59,176.0,372.30773008668143
60,164.0,374.7141938167229
61,164.0,372.29351993630684
62,153.0,375.33119844192197
63,146.0,377.86286863423504
