,y_actual,y_predict
0,605.0,508.2518211379173
1,565.0,502.2970240623074
2,610.0,506.64400844449085
3,570.0,454.66909563829677
4,535.0,533.4713570602809
5,500.0,473.210807881077
6,466.0,552.7098505762071
7,466.0,461.42412554682846
8,484.0,428.82589489575815
9,555.0,566.0913894433429
10,520.0,468.27351168637176
11,540.0,493.53335219489486
12,560.0,495.94825564075745
13,525.0,478.4762955897796
14,525.0,496.19659766092525
15,500.0,512.8075193801614
16,520.0,533.0089522109623
17,510.0,511.84832642496065
18,510.0,452.7352664007948
19,510.0,443.22247869690125
20,496.0,416.92782080053587
21,462.0,446.29451444269336
22,430.0,528.7980231242732
23,400.0,520.8148012293926
24,372.0,580.1153665552424
25,346.0,575.8676398913108
26,386.0,552.2147067059598
27,390.0,542.4117114125413
28,364.0,542.0472114293701
29,340.0,485.3917217251319
30,318.0,496.55185662356735
31,322.0,482.14987182056086
32,316.0,481.54834174212635
33,300.0,483.53177902564494
34,300.0,468.69977457139083
35,292.0,481.6369327418619
36,294.0,491.1902539761172
37,274.0,477.58528638064575
38,264.0,480.0456768768836
39,262.0,489.45367057545155
40,264.0,470.30453814430484
41,260.0,485.5018646995476
42,286.0,493.9502804003928
43,286.0,473.96585545370846
44,278.0,449.8971908166442
45,260.0,439.70210776367736
46,260.0,431.7244013427614
47,242.0,425.0488671052011
48,226.0,422.39552867919747
49,212.0,398.1836074108211
50,212.0,435.65312548045165
51,226.0,422.51299786808676
52,228.0,419.1355505564261
53,220.0,415.97470527325083
54,206.0,416.27728625625446
55,194.0,417.4812934095967
56,193.0,418.3652157550138
57,187.0,419.2971435370315
58,189.0,420.27803415867743
59,176.0,420.33798632001617
60,164.0,419.9413821157496
61,164.0,417.774102637784
62,153.0,417.86842764913166
63,146.0,415.98188579595933
