,y_actual,y_predict
0,575.0,561.3562525540152
1,580.0,559.3524129211917
2,580.0,559.5293954859496
3,580.0,558.991629294412
4,580.0,560.370378583481
5,575.0,561.7611633538853
6,580.0,562.1352987742132
7,570.0,561.4049692690219
8,570.0,562.6570235075807
9,565.0,563.2331645878375
10,560.0,560.9971362560387
11,560.0,559.1642460903298
12,560.0,555.35016124957
13,560.0,551.6327068883734
14,560.0,548.0046520649828
15,560.0,545.5214466258092
16,565.0,544.6039814009896
17,560.0,545.2300633666111
18,560.0,545.0615797910424
19,560.0,547.2203142696882
20,560.0,545.9471376078166
21,560.0,545.5944931782211
22,550.0,545.2579823486509
23,555.0,544.0366640002678
24,560.0,543.1488465141945
25,555.0,542.1115178992505
26,555.0,542.1660922036054
27,560.0,541.3192515167257
28,555.0,541.0453839853766
29,555.0,542.0452591301507
30,550.0,542.2498140480656
31,550.0,542.4990489902003
32,545.0,542.1852269954765
33,550.0,541.1499562152921
34,545.0,539.8940802836081
35,520.0,539.0059644334331
36,530.0,537.4376661856784
37,540.0,535.4500610701496
38,540.0,533.3940603720285
39,520.0,531.8740269054206
40,520.0,530.9163044654172
41,515.0,529.6456507352873
42,520.0,529.1847045245058
43,520.0,527.9178856506235
44,520.0,526.9728349095247
45,505.0,525.2134081284287
46,500.0,525.3699439768099
