,y_actual,y_predict
0,142.0,130.67034882985342
1,128.0,131.79672243091815
2,124.0,132.29418472542142
3,124.0,131.80043491392433
4,120.0,130.73060368044227
5,116.0,129.2632239156089
6,110.0,127.51425857175161
7,103.0,125.5610440926169
8,113.0,123.4851403927868
9,116.0,121.63381062986062
10,117.0,119.59881724135971
11,118.0,118.02245107232002
12,119.0,117.26142334102505
13,117.0,117.191928996213
14,114.0,117.25191271040251
15,125.0,117.1473583434929
16,124.0,117.1797695715355
17,124.0,117.41404184887688
18,122.0,118.36925538370505
19,122.0,119.20565903401285
20,125.0,119.46918275751236
21,124.0,119.87244600989567
22,123.0,120.21525627355214
23,123.0,120.54961959553731
24,122.0,120.64437133877897
25,124.0,121.0383012420316
26,124.0,121.36891036771837
27,123.0,121.34809543490852
28,120.0,121.29451471107231
29,118.0,121.30571473002914
30,118.0,121.4134497354693
31,119.0,121.15432676429734
32,119.0,120.64807339346206
33,121.0,120.12332017753428
34,118.0,119.97325660882996
35,118.0,119.82694723642402
36,115.0,119.47172726833682
37,116.0,119.17054687030003
38,117.0,118.79555480170808
39,117.0,118.6367314416409
40,115.0,118.50276920372738
41,114.0,118.53418974108013
42,120.0,118.39731800103536
43,117.0,118.4746544447818
44,118.0,118.28475468202257
45,118.0,118.20809607927444
46,117.0,118.40562937450704
47,116.0,118.47538442739537
48,116.0,118.46465368297586
49,119.0,118.42203312666629
50,118.0,118.4180286506147
51,116.0,118.54100986435549
52,116.0,118.82150046945904
53,116.0,118.88497767187064
54,114.0,118.67783989110805
55,116.0,118.60269339520232
56,114.0,118.53160351696346
57,113.0,118.37992355818625
58,120.0,118.19786589436137
59,118.0,118.16046992790038
60,119.0,118.06338224029531
61,115.0,117.97607631971209
62,119.0,117.93273620911202
63,115.0,118.0273106708618
64,117.0,118.0057136138231
65,117.0,117.99638026469245
66,116.0,118.01520338779954
67,116.0,118.11407431864635
68,113.0,118.25038292924637
69,111.0,118.12462778157399
70,112.00000000000003,117.87444188325676
71,111.0,117.62075206839438
72,115.0,117.41154947966766
73,115.0,117.20348357815354
74,110.0,117.00843222380709
75,109.0,116.89747486654412
76,103.0,116.57767991186125
77,106.0,116.24240932577067
78,106.0,115.79910131287141
79,101.00000000000003,115.45761544624241
80,103.99999999999997,115.03972125661852
81,107.0,114.5933160317731
