,y_actual,y_predict
0,142.0,144.7718008423244
1,145.0,144.64136962827243
2,143.0,144.44435817089987
3,141.0,144.28498040021475
4,141.0,144.35477115375824
5,142.0,144.32982361408108
6,145.0,144.7958898359884
7,143.0,144.40620031927813
8,142.0,144.08958210561428
9,143.0,144.0626960594127
10,142.0,144.13306746118087
11,140.0,143.9938835964579
12,142.0,143.79835426062385
13,144.0,143.66911597366385
14,143.0,143.71848914741543
15,144.0,143.74265495835425
16,147.0,144.00823261153573
17,146.0,144.6856525278986
18,147.0,145.04840855244336
19,149.0,145.36005397722573
20,148.0,145.80815399414186
21,149.0,146.28608170702046
22,148.0,146.3542321858125
23,148.0,146.6063216292609
24,148.0,146.7805002813466
25,148.0,147.11989933567017
26,148.0,147.12642654470181
27,149.0,147.0999878461597
28,150.0,147.34340823420678
29,150.0,147.61569384294899
30,149.0,147.26956875841176
31,148.0,147.47423257195953
32,146.0,147.51465653318968
33,148.0,147.30055549149202
34,146.0,147.04027371161277
35,146.0,146.71412789653448
36,144.0,146.3066506620305
37,146.0,145.85175231628912
38,146.0,145.76182865873702
39,147.0,145.43077783472563
40,145.0,145.6506718026805
41,146.0,145.7291338709569
42,146.0,145.92972410960536
43,145.0,146.00826977315148
44,145.0,146.1439042279095
45,146.0,145.78441971554122
46,145.0,145.73990410475884
47,144.0,145.5107039498876
48,145.0,145.29803080576974
49,143.0,145.08163428315268
50,144.0,145.1721431075927
51,145.0,144.84722410958054
52,145.0,144.68961991421205
53,142.0,144.69459496242516
54,142.0,144.6665363231161
55,145.0,144.4415475623726
56,145.0,144.45611347328534
57,145.0,144.46408439521807
58,140.0,144.5535652237739
59,141.0,144.4906948029628
60,139.0,144.37555700460317
61,137.0,143.93196661358775
62,136.0,143.37601514276577
63,138.0,142.70564660036888
