,y_actual,y_predict
0,142.0,145.95068392898455
1,145.0,145.9360027921595
2,143.0,145.96053009615653
3,141.0,145.61332505110803
4,141.0,145.4765586712116
5,142.0,145.42131801325957
6,145.0,145.63903624487057
7,143.0,145.3943393344618
8,142.0,145.25571352464738
9,143.0,145.254183957145
10,142.0,145.240677672759
11,140.0,145.27334760789137
12,142.0,145.14130549039893
13,144.0,145.10773860061596
14,143.0,145.10069400464482
15,144.0,145.13257995170727
16,147.0,145.12372337178206
17,146.0,145.31906066442895
18,147.0,145.22004319713218
19,149.0,145.2782752101406
20,148.0,145.43043441632037
21,149.0,145.44430897175934
22,148.0,145.45325592494913
23,148.0,145.55087486597708
24,148.0,145.69908024183306
25,148.0,146.02058990844031
26,148.0,146.01169491987764
27,149.0,146.19139763775857
28,150.0,146.34820202973586
29,150.0,146.4524430717232
30,149.0,146.53869531540323
31,148.0,146.75224056152393
32,146.0,146.74164429625625
33,148.0,146.79472051452248
34,146.0,146.79023574126953
35,146.0,146.7861237577328
36,144.0,146.71324223854194
37,146.0,146.6100540450865
38,146.0,146.65367044188667
39,147.0,146.54662556936688
40,145.0,146.46319974953545
41,146.0,146.45355240354547
42,146.0,146.33403827985032
43,145.0,146.24977424799025
44,145.0,146.20445431515344
45,146.0,146.1031571822586
46,145.0,146.14675550440586
47,144.0,145.95512125627363
48,145.0,145.94585347799472
49,143.0,145.8827797173384
50,144.0,145.87096115366776
51,145.0,145.80226617595687
52,145.0,145.8094079231874
53,142.0,145.90933590112442
54,142.0,145.76693022952048
55,145.0,145.62871561805974
56,145.0,145.61816453942433
57,145.0,145.55972692723907
58,140.0,145.55634470781354
59,141.0,145.58186611772055
60,139.0,145.48175513392283
61,137.0,145.3426322711534
62,136.0,145.24510596272162
63,138.0,145.1782681555971
