,y_actual,y_predict
0,142.0,145.01987545349547
1,145.0,145.0639346792919
2,143.0,145.137188988199
3,141.0,145.08537347697316
4,141.0,145.10943761798939
5,142.0,145.10876659650015
6,145.0,145.39540799831502
7,143.0,145.1842757183576
8,142.0,144.8939177160384
9,143.0,144.75560143465503
10,142.0,144.66559192250162
11,140.0,144.68231097644212
12,142.0,144.52502082816792
13,144.0,144.4705325276432
14,143.0,144.45807231379433
15,144.0,144.45629421981442
16,147.0,144.41660454135868
17,146.0,144.682358422406
18,147.0,144.50544371973626
19,149.0,144.5416201375329
20,148.0,144.70850340783835
21,149.0,144.81108384108973
22,148.0,144.79939405932106
23,148.0,144.87787194291874
24,148.0,145.05079440662732
25,148.0,145.46776761190316
26,148.0,145.3601804997961
27,149.0,145.44108716487838
28,150.0,145.57075020618174
29,150.0,145.73118760339366
30,149.0,145.7957321889304
31,148.0,146.00675602097036
32,146.0,146.19896188000084
33,148.0,146.358509100557
34,146.0,146.40561842403176
35,146.0,146.51878834455596
36,144.0,146.62810158601582
37,146.0,146.54916279876895
38,146.0,146.6640385146614
39,147.0,146.5631345054673
40,145.0,146.53222684899353
41,146.0,146.4956369735116
42,146.0,146.3328385747635
43,145.0,146.2627631454367
44,145.0,146.27546058910502
45,146.0,146.1715222975539
46,145.0,146.29241687286495
47,144.0,146.0159605379641
48,145.0,145.93480308707268
49,143.0,145.8274916134225
50,144.0,145.74133200233862
51,145.0,145.59253016293664
52,145.0,145.51399353671698
53,142.0,145.66498466845252
54,142.0,145.4686419732376
55,145.0,145.32768001453474
56,145.0,145.3072714720693
57,145.0,145.2562986915353
58,140.0,145.24791883058055
59,141.0,145.22695449253814
60,139.0,145.08952838781053
61,137.0,144.98544323970452
62,136.0,144.8703596653036
63,138.0,144.75539131681498
