,y_actual,y_predict
0,82.0,79.4145908346627
1,83.0,78.15220979729379
2,87.0,77.46833428860882
3,87.0,77.95668026966649
4,84.0,78.98355415444647
5,79.0,80.69514311376182
6,74.0,80.35521719141722
7,69.0,79.35758074079988
8,73.0,78.04919328113934
9,70.0,76.20538163193751
10,69.0,74.72707140308688
11,71.0,75.56307356439893
12,67.0,75.84690934269551
13,63.0,75.36866048072164
14,59.0,75.14325491299232
15,68.0,74.28674590920663
16,64.0,73.11430559644978
17,69.0,71.38045027899561
18,76.0,71.70020429205158
19,90.0,71.63933576789755
20,106.0,71.94164646067871
21,110.0,74.49306028539095
22,111.0,81.11434548810806
23,104.0,92.07786526909638
24,102.0,103.72658242840652
25,107.0,103.68931776224338
26,105.0,96.84077146195204
27,105.0,94.28586540056423
28,106.0,93.67191054357988
29,105.0,94.21244358063637
30,103.0,95.92535887536434
31,100.0,97.40398617429676
32,97.0,97.31664006542452
33,100.0,97.9847603170871
34,96.0,96.06892463578282
35,96.0,94.4093887591923
36,93.0,92.41257069953078
37,93.0,90.99197615711938
38,87.0,90.62579147307078
39,87.0,90.43426774633608
40,84.0,88.6834246177387
41,79.0,87.40247488459337
42,78.0,84.968068851617
43,75.0,82.6498444418535
44,78.0,81.76380772847821
45,75.0,80.28794027899019
46,76.0,79.12661081642375
47,72.0,79.5829327192196
48,69.0,79.24127854164041
49,67.0,78.6972889941147
50,68.0,78.3230659136261
51,67.0,77.66310910012592
52,63.0,76.92282637731111
53,59.0,75.86646050914791
54,59.999999999999986,75.27727731052619
55,56.0,74.69011264256605
56,53.0,74.2124532629978
57,50.0,73.32108887909308
58,51.0,72.75488656273818
59,50.0,71.0205534072734
60,51.0,69.67108081025285
61,51.0,68.18206165103382
62,59.0,67.9850360885135
63,61.0,68.90421778987641
