,y_actual,y_predict
0,82.0,73.66720883247228
1,83.0,72.41511694254659
2,87.0,72.09835499927661
3,87.0,72.445341313161
4,84.0,72.2531834462627
5,79.0,72.57348674974207
6,74.0,73.07310881469475
7,69.0,72.95823119801548
8,73.0,71.85711379056048
9,70.0,72.55935703511086
10,69.0,72.8087750793168
11,71.0,72.75587796496578
12,67.0,73.72082940250291
13,63.0,73.79119663178355
14,59.0,73.73504843265013
15,68.0,73.5230848500788
16,64.0,73.896200418169
17,69.0,72.88133947029104
18,76.0,72.7865578447118
19,90.0,72.62361508309709
20,106.0,72.55233236977746
21,110.0,75.38047692348844
22,111.0,74.15562626594276
23,104.0,72.8208996606138
24,102.0,72.12191643239741
25,107.0,71.68095679835358
26,105.0,71.58339299445092
27,105.0,71.23451765740312
28,106.0,71.40149748034102
29,105.0,71.40463692072842
30,103.0,71.59036853625052
31,100.0,72.2681839871749
32,97.0,72.65419224999971
33,100.0,72.8009376427878
34,96.0,72.69468343917833
35,96.0,71.27427645935055
36,93.0,76.05467509601482
37,93.0,81.25932243367933
38,87.0,83.46149026195236
39,87.0,85.1343966712881
40,84.0,86.29685597513196
41,79.0,87.12895504839481
42,78.0,85.73601258973704
43,75.0,85.88697367488032
44,78.0,84.29825160515043
45,75.0,83.49066964102958
46,76.0,82.06372476543058
47,72.0,81.36301774775539
48,69.0,80.95544425359236
49,67.0,80.26896966339177
50,68.0,79.63724995027502
51,67.0,79.02745719633629
52,63.0,78.48624982713397
53,59.0,77.51158086145603
54,59.999999999999986,77.36332157067176
55,56.0,77.04730987773618
56,53.0,76.79786057309963
57,50.0,76.96941781623252
58,51.0,75.93139735505575
59,50.0,74.91266904533498
60,51.0,73.8905422802304
61,51.0,72.56115674275827
62,59.0,72.40827090824519
63,61.0,72.20264426153406
