,y_actual,y_predict
0,344.0,349.2345942975202
1,338.0,349.3428005721211
2,340.0,350.0574155523718
3,340.0,349.74097250635884
4,338.0,348.87838461501326
5,336.0,348.34535568175346
6,336.0,347.9587829516947
7,342.0,347.4756898202364
8,344.0,346.8728634341836
9,344.0,346.5421777788053
10,338.0,347.34447292015966
11,336.0,348.81978191096096
12,330.0,349.14288402686987
13,326.0,347.75671412571785
14,324.0,344.66030440342007
15,318.0,341.60610249508363
16,322.0,339.8919047885767
17,324.0,337.4637710091622
18,328.0,336.1342393142189
19,330.0,335.69589628804886
20,322.0,336.24475676275335
21,326.0,337.6333245068615
22,326.0,338.32495775131054
23,330.0,338.4872599407934
24,324.0,338.03834329387735
25,332.0,337.9798128140105
26,328.0,338.10601735561886
27,332.0,338.78706253448485
28,332.0,339.4646987317989
29,334.0,340.31096395723887
30,342.0,341.09175073617416
31,340.0,341.14298657331335
32,334.0,341.3107778008884
33,330.0,342.7597538536844
34,330.0,344.6611999833193
35,330.0,343.8727718855662
36,338.0,342.46598920189433
37,336.0,340.5053047953754
38,338.0,340.69245210464385
39,380.0,341.69089368877036
40,368.0,343.2995285258628
41,372.0,337.7832330261258
42,372.0,341.04106380284423
43,382.0,353.94612458876134
44,380.0,363.22179727605067
45,354.0,369.25926249780105
46,334.0,370.11383350456464
47,340.0,366.6480259635017
48,330.0,355.57074986050645
49,334.0,350.66586098005047
50,334.0,348.9123444269992
51,342.0,344.52472516254375
52,334.0,343.93712363477823
53,332.0,344.02013811350355
54,332.0,343.5709325698458
55,332.0,343.8746063798759
56,330.0,343.78374835461364
57,330.0,341.7854929268376
58,332.0,340.73780889308955
59,330.0,340.92846629776955
60,332.0,341.19761694716743
61,332.0,341.5592867780923
62,332.0,341.70838638647984
63,334.0,342.1116140136972
64,332.0,342.3218008381156
65,332.0,342.4658736431977
66,336.0,342.55678944780834
67,332.0,342.5887414274395
68,334.0,342.6048907553002
69,330.0,342.6902597424703
70,330.0,343.5232357177924
71,332.0,342.6913719949258
72,332.0,341.48041796761026
73,332.0,341.34215198703623
74,330.0,341.7970199068311
75,324.0,342.2636459240129
76,324.0,341.7701380650166
77,328.0,340.6177722969163
78,332.0,339.1764375629381
79,334.0,338.5168718568169
80,330.0,339.01153530278
81,330.0,340.5919738178832
82,334.0,341.688279173258
83,380.0,342.9714284963226
84,372.0,342.7277152050307
85,358.0,340.70091677917543
