,y_actual,y_predict
0,400.0,434.06624482652774
1,408.0,427.24802208072384
2,400.0,421.2230002796886
3,396.0,420.46634313909163
4,400.0,417.9761181791569
5,406.0,414.34211492944246
6,396.0,414.33506735661086
7,392.0,416.613910164011
8,388.0,413.87148116801535
9,380.0,414.07464490494755
10,370.0,409.6783554628537
11,372.0,406.2780479269395
12,365.99999999999994,398.1441131337128
13,382.0,394.82792614763554
14,396.0,390.19082587028845
15,398.0,391.03680480456933
16,408.0,396.84330681540985
17,408.0,401.0347438050368
18,408.0,410.03014868304973
19,418.0,415.55386964854705
20,420.0,419.71788189788987
21,418.0,425.57340169165195
22,418.0,427.8260581501601
23,418.0,430.75131874804975
24,420.0,430.20007696509794
25,408.0,429.50414603513
26,416.0,431.59261431124764
27,412.0,426.54252176272576
28,416.0,427.23586332887373
29,424.0,426.2151135948513
30,408.0,424.8768853402986
31,410.0,428.7412293889509
32,420.0,425.7785693710187
33,416.0,423.26816988949565
34,412.0,425.7001003891713
35,416.0,424.79001781319187
36,416.0,423.67938338030723
37,420.0,425.2654024943234
38,430.0,425.9927885656516
39,430.0,428.8041621878787
40,430.0,434.5296734016733
41,434.0,437.73670181558526
42,426.0,438.0831586946915
43,424.0,439.7489302143614
44,424.0,438.2663730721067
45,418.0,437.6156772022626
46,416.0,435.9322529762029
47,414.0,433.6601425147346
48,420.0,431.39435910746977
49,414.0,429.94472066003885
50,416.0,430.7361878568585
51,416.0,429.25570220565976
52,432.0,428.34312033068886
53,418.0,427.4518613038699
54,416.0,433.11732179324935
55,422.0,432.47439401486497
56,420.0,431.5218233560316
57,418.0,432.2121702666313
58,418.0,432.2759811976371
59,416.0,431.85026726943397
60,416.0,429.55111484320275
61,416.0,428.36644712127537
62,410.0,426.26708100090684
63,408.0,424.42624597080277
64,406.0,423.42409462386956
65,408.0,421.900107660496
66,410.0,420.1594472359124
67,408.0,420.03594583980544
68,414.0,420.2722309174256
69,408.0,419.5693875118688
70,410.0,421.31772596308366
71,406.0,420.75673466244467
72,406.0,420.44294879988377
73,404.0,419.4246983648527
74,400.0,419.6942849128178
75,400.0,419.5008031449514
76,398.0,417.66480909938025
77,400.0,414.8383045859619
78,380.0,412.55563402334974
79,380.0,411.0422972259486
80,380.0,403.16432667537345
81,388.0,397.29133430487866
82,386.0,395.1180249602959
83,388.0,396.15201422411064
84,382.0,396.54532733025405
