,y_actual,y_predict
0,800.0,849.7714640174706
1,800.0,838.5071133155866
2,810.0,837.6049095652573
3,820.0,843.3814281344984
4,820.0,844.7438809698408
5,820.0,851.3305263147004
6,815.0,848.597658497791
7,815.0,849.6014814538876
8,795.0,844.465600873192
9,810.0,841.6799730361845
10,850.0,835.6661578206284
11,850.0,844.3336391008825
12,850.0,879.4972049434036
13,845.0,891.6661233506587
14,850.0,885.1785727791589
15,860.0,873.2891627376213
16,890.0,869.789645166803
17,890.0,880.9306751853032
18,905.0,906.9246569311244
19,905.0,916.770906184984
20,910.0,926.2646483883224
21,900.0,936.907902307046
22,900.0,931.908995330237
23,900.0,922.2541832293219
24,900.0,934.7513087105978
25,900.0,924.2158276873979
26,900.0,926.0949374018198
27,900.0,926.4350136287007
28,900.0,925.4734826306895
29,895.0,922.0929775432049
30,895.0,923.4474990933547
31,895.0,920.2222311684219
32,915.0,924.4344225483949
33,915.0,920.7683788495639
34,900.0,941.2842280850613
35,900.0,932.028341112715
36,900.0,927.3041466972696
37,895.0,912.2717751028174
38,895.0,915.1233838259798
39,950.0,915.208862712075
40,915.0,919.205977388685
41,900.0,949.1282321073064
42,890.0,932.8672180256308
43,890.0,909.4248202232621
44,900.0,917.2396111927318
45,900.0,911.4399221607569
46,900.0,920.4932897836113
47,900.0,915.119952079235
48,900.0,920.530557565707
49,900.0,922.3028881098315
50,950.0,926.7088867699973
51,940.0,929.3220076110142
52,930.0,958.8396834600269
53,930.0,954.4832445309537
54,930.0,936.9069641316769
55,920.0,934.9370057116131
56,900.0,933.2729727005542
57,885.0,899.9794928067338
58,880.0,912.6331022362493
59,880.0,892.8335714977715
60,870.0,898.9843788338333
61,925.0,900.5775919489389
62,900.0,905.9606693949759
63,900.0,939.3641688674406
64,900.0,921.5972876491833
65,850.0,925.0105177748711
66,820.0,925.9511249932691
67,795.0,875.5467459747865
68,780.0,865.8963284848109
69,780.0,842.034948969256
70,815.0,840.3148044300368
71,830.0,836.1015082251225
72,835.0,885.0095777685959
73,835.0,892.7447040703761
74,845.0,897.982154479188
75,875.0,875.5910871053885
