,y_actual,y_predict
0,4460.0,4432.303259024319
1,4360.0,4425.981114777342
2,4380.0,4420.329911329276
3,4400.0,4420.986037496092
4,4350.0,4396.112212337215
5,4300.0,4382.301416239841
6,4250.0,4370.276130527977
7,4360.0,4350.618820891428
8,4300.0,4302.958268674688
9,4400.0,4310.8642764886645
10,4350.0,4333.992810673385
11,4270.0,4371.8511111026855
12,4140.0,4381.127154102433
13,4150.0,4353.811808130545
14,4150.0,4291.611794035036
15,4260.0,4183.160889155932
16,4140.0,4158.311007567484
17,4200.0,4164.476513121391
18,4200.0,4173.636686601161
19,4400.0,4143.008158113345
20,4600.0,4206.759744507458
21,4650.0,4301.918813902388
22,4690.0,4454.759174190086
23,4690.0,4535.410378538764
24,4690.0,4556.497965673631
25,4590.0,4566.890198610364
26,4520.0,4585.603220124934
27,4530.0,4589.273718835692
28,4600.0,4550.073276395115
29,4770.0,4500.381643904976
30,4990.0,4520.032906162408
31,4930.0,4612.021239201194
32,5000.0,4730.794774287524
33,5150.0,4746.509684631662
34,5075.0,4753.9528219971235
35,4940.0,4798.926514991589
36,4900.0,4830.31131308701
37,4900.0,4802.548345321127
38,4880.0,4754.119486608203
39,4970.0,4735.758138996945
40,4950.0,4735.681519571573
41,5000.0,4753.854038493264
42,5025.0,4763.351548668917
43,5000.0,4802.228904816557
44,5100.0,4807.976866330499
45,4750.0,4781.487088880024
46,4420.0,4763.440089243552
47,4450.0,4767.086919264752
48,4360.0,4695.494862442791
49,4310.0,4516.60621231501
50,4390.0,4320.7250344989525
51,4530.0,4271.068008063475
52,4420.0,4308.983223300066
53,4400.0,4414.965683508414
54,4370.0,4424.177433319652
55,4450.0,4411.411039850219
56,4450.0,4402.967799078962
57,4420.0,4401.3900986303925
58,4550.0,4427.158993768289
59,4620.0,4421.875957075672
60,4470.0,4471.102838353455
61,4460.0,4534.62821225982
62,4470.0,4523.962371586565
63,4490.0,4488.531616448201
