,y_actual,y_predict
0,1840.0,1800.7919933956196
1,1825.0,1792.1876159686155
2,1930.0,1794.7265376888176
3,1950.0,1782.5807234356396
4,1960.0,1877.9425253445686
5,1925.0,1926.0325201233368
6,1880.0,1911.9779186313062
7,1825.0,1909.8579081169523
8,1805.0,1869.8714955265684
9,1695.0,1860.50710047623
10,1675.0,1815.544988725445
11,1635.0,1828.0182031348945
12,1670.0,1790.155553963721
13,1700.0,1755.7736696568772
14,1725.0,1763.0524286257487
15,1640.0,1719.1639876009108
16,1585.0,1706.063276621496
17,1510.0,1708.6155238734345
18,1515.0,1672.445951496762
19,1420.0,1609.7783824952396
20,1375.0,1557.3807328154612
21,1380.0,1538.6888156848722
22,1300.0,1521.3104203530577
23,1220.0,1496.8384102084603
24,1135.0,1481.1737810888842
25,1060.0,1458.5073473506918
26,1000.0,1392.8243532908036
27,1020.0,1285.9042435059714
28,1080.0,1192.6888312252418
29,1210.0,1143.4829183459294
30,1175.0,1120.2413145454293
31,1180.0,1134.8353825130775
32,1100.0,1170.9822742908354
33,1125.0,1230.9274779510802
34,1105.0,1256.0353088737647
35,1150.0,1230.184185229823
36,1130.0,1201.7096451164857
37,1170.0,1180.0339000748495
38,1170.0,1185.4281297116208
39,1155.0,1201.104421220994
40,1170.0,1216.8459534459496
41,1155.0,1231.913132180161
42,1155.0,1240.8112695945433
43,1155.0,1242.8926088718993
44,1160.0,1242.9238830790355
45,1150.0,1244.008037463114
46,1160.0,1240.947516357806
47,1170.0,1243.3892976711472
48,1160.0,1244.7499976311976
49,1145.0,1245.103423366799
50,1160.0,1243.8013013564628
51,1170.0,1244.1549990416913
52,1170.0,1245.2079879984847
53,1150.0,1242.7173645320859
54,1100.0,1239.8343721434603
