,y_actual,y_predict
0,75.0,73.47963656697779
1,73.0,67.84182226401879
2,74.0,66.61949593445058
3,73.0,68.78277960899152
4,74.0,72.11599214316594
5,69.0,70.99967017393658
6,69.0,71.78102836237106
7,68.0,69.34812051979264
8,69.0,68.56971869250549
9,70.0,69.0722328975244
10,68.0,70.51612774468035
11,69.0,70.13699727214497
12,68.0,67.17442776641207
13,68.0,69.69714314164356
14,69.0,68.56270270998267
15,69.0,69.20025139800664
16,72.0,70.92348877857162
17,77.0,69.89041659545036
18,77.0,72.22801538604064
19,73.0,72.4392285768096
20,75.0,71.70286217363582
21,76.0,68.4559713535617
22,77.0,72.21228351333531
23,84.0,72.11231550493909
24,92.0,71.49360824402723
25,83.0,76.98177960851183
26,80.0,77.14960954324434
27,78.0,68.8889734452039
28,75.0,68.77803464935008
29,73.0,73.3433940073039
30,73.0,69.52750310760858
31,74.0,67.59080838940372
32,76.0,69.29617859823469
33,72.0,72.08415347740979
34,76.0,73.1892963701007
35,73.0,68.60290653398523
36,72.0,70.98994912096397
37,75.0,68.45012178989155
38,76.0,68.70262593928499
39,74.0,72.40176207446936
40,72.0,72.15947484044099
41,72.0,70.04721930310336
42,73.0,69.96889992110867
43,74.0,71.74467587066314
44,78.0,72.15659776352443
45,83.0,70.42106595198815
46,75.0,74.11178317690528
47,75.0,73.62211704867252
48,76.0,66.12341584632864
49,73.0,68.18372543070676
50,74.0,70.96660193070325
51,75.0,65.74870782130957
52,74.0,69.33550626429721
53,73.0,71.99714104984145
54,78.0,71.08522457793907
55,81.0,71.73921197774268
56,83.0,76.21665721797825
57,80.0,74.46633956930378
58,79.0,73.95380867519752
59,78.0,70.67359697739201
60,78.0,72.30635492504315
61,78.0,73.79898807331375
62,79.0,73.54002561861395
63,83.0,74.01585194527567
64,81.0,74.14743286094044
65,80.0,76.08258086474504
66,79.0,73.04375336701744
67,79.0,73.99828578485848
68,78.0,74.2218216264097
69,78.0,75.3862610609128
70,78.0,74.78626353466193
71,78.0,74.96591891398373
72,77.0,74.85810848574397
73,78.0,74.80871440997481
74,76.0,74.02003519629913
75,76.0,74.75374759344294
76,75.0,72.54081586483424
77,76.0,73.28727958512665
78,75.0,73.1154679694489
79,76.0,73.27273563208234
80,76.0,73.12276480628071
81,74.0,73.40560794004828
82,74.0,73.1744715627474
83,74.0,72.57399698731139
84,74.0,73.17221935307334
85,74.0,73.1784949015088
86,74.0,72.81922176927979
87,73.0,72.0953244911451
88,72.0,72.33964086396097
89,71.0,72.54684415397375
90,72.0,70.38396361958925
91,72.0,70.07837128679301
92,76.0,71.00411143466017
93,76.0,71.13437005061176
94,76.0,73.36029229886189
95,76.0,72.64329140500361
