,y_actual,y_predict
0,236.0,243.15263306236017
1,242.0,240.1373852518475
2,232.0,237.1645878552231
3,232.0,243.34090232525233
4,226.0,236.67794927199253
5,220.0,232.9357300940267
6,222.0,225.68341819088036
7,218.0,222.7617417278678
8,216.0,224.1855770346392
9,216.0,218.3563835719776
10,214.0,219.74648856427768
11,214.0,216.98086189206523
12,212.0,215.28092995444513
13,218.0,214.67269902123758
14,224.0,212.69867881271412
15,220.0,215.85666515852867
16,224.0,220.22549926706967
17,220.0,219.5618288050284
18,222.0,224.21278392325598
19,218.0,221.58035857789406
20,218.0,222.25696768300776
21,220.0,218.96604760048743
22,216.0,219.33256159659237
23,210.0,220.76016030798297
24,208.0,216.99436694171217
25,204.0,210.09425675369187
26,202.0,209.56356999041245
27,206.0,205.85964519897658
28,216.0,201.96773970101324
29,212.0,205.07198012973157
30,210.0,213.90031316444703
31,212.0,213.5097363205397
32,212.0,211.27607146367035
33,216.0,214.08210979199313
34,214.0,212.3182972871473
35,212.0,215.13845448466301
36,214.0,213.53048994685253
37,214.0,210.95512745105694
38,218.0,213.21501321066094
39,216.0,215.1932638798099
40,216.0,217.17057291714698
41,214.0,216.52728799361768
42,216.0,216.72548186207712
43,220.0,216.02343238390068
44,220.0,215.64547146896894
45,220.0,218.51478878057694
46,218.0,219.5786247227565
47,220.0,218.2945274876567
48,220.0,219.49269355502764
49,216.0,219.2103957026043
50,216.0,218.89256310252375
51,216.0,217.1777378838415
52,214.0,217.6307056099965
53,216.0,216.9487403685449
54,218.0,216.17796094480218
55,218.0,217.33520400971338
56,218.0,219.22754849216153
57,216.0,221.16192559354946
58,216.0,218.83583883510528
59,214.0,217.87597953960145
60,212.0,218.47506078892778
61,214.0,217.9939761509918
62,212.0,212.0442747826239
63,212.0,213.90417349800407
64,212.0,212.3427501448772
65,212.0,214.00774789914675
66,212.0,213.35294009407272
67,206.0,212.38512510586446
68,200.0,211.59199479946525
69,194.0,205.99598655183337
70,188.0,199.6359065413952
71,182.0,193.96272730980505
72,178.0,190.15307770954774
73,179.0,185.58149247928972
74,184.0,181.8460762980203
75,182.0,183.20496673106283
76,181.0,186.32376956967605
