,y_actual,y_predict
0,760.0,772.7804319037191
1,755.0,774.6283283697684
2,765.0,755.2798760471779
3,760.0,762.0751280898381
4,765.0,764.2204681539027
5,770.0,762.3131129019204
6,765.0,768.1256653108321
7,760.0,764.1773656915917
8,800.0,760.5794295674324
9,755.0,760.5061709551022
10,745.0,789.2422615999068
11,720.0,781.102847711232
12,720.0,721.1369955204766
13,705.0,707.9903885476556
14,695.0,710.1293798421085
15,695.0,706.263126794409
16,700.0,695.9230016197332
17,700.0,693.3706951085799
18,695.0,699.3187175998712
19,690.0,699.1104399327575
20,690.0,693.4811665313863
21,695.0,689.8983084822364
22,695.0,692.8879014166646
23,700.0,695.6570935476132
24,695.0,696.5809355970109
25,690.0,698.6313030026955
26,680.0,694.4274426529512
27,680.0,690.4703570970453
28,680.0,686.0906364358215
29,675.0,688.8904296767491
30,680.0,687.2836954414058
31,675.0,685.7052808849738
32,675.0,686.879024583202
33,665.0,684.5784319214434
34,670.0,684.3902785797952
35,665.0,680.1449965028617
36,665.0,682.7735570158942
37,670.0,680.0608747998708
38,675.0,681.1788407445625
39,700.0,683.4604578865706
40,700.0,684.2242518834325
41,710.0,698.7722177769497
42,710.0,700.6249825094709
43,715.0,702.7856959401549
44,715.0,701.2002105654487
45,715.0,707.8969186404133
46,705.0,710.7619996427505
47,700.0,710.1536058893874
48,695.0,704.213600767558
49,690.0,699.6501884995579
50,700.0,693.8404150678512
51,690.0,693.4074488012792
52,685.0,696.5614948918477
53,695.0,692.4199855677767
54,710.0,687.0448935210334
55,730.0,695.6731808727138
56,720.0,710.2929835292342
57,720.0,724.7942812131243
58,705.0,713.1997451445557
59,695.0,704.5748354434809
60,720.0,700.0075196631041
61,720.0,693.8194655439144
62,760.0,705.0548744287346
63,745.0,718.8834998479431
64,745.0,743.8323598057698
65,720.0,745.5565490599286
