,y_actual,y_predict
0,222.0,221.43432745790957
1,220.0,222.24235467849488
2,210.0,222.00320035646646
3,218.0,219.70475469751867
4,208.0,215.7390650017409
5,210.0,215.74370972314193
6,208.0,213.18140951220892
7,208.0,210.5921316343327
8,206.0,210.33123814107074
9,206.0,211.5977899926469
10,204.0,210.0035020675793
11,206.0,210.32490975699196
12,208.0,208.76415054831205
13,214.0,209.43863128599074
14,216.0,210.12676883276782
15,214.0,213.51529427492255
16,214.0,214.37815772483233
17,214.0,214.08979826338654
18,218.0,213.93352624074032
19,212.0,216.95893720791634
20,208.0,218.27532899052272
21,218.0,216.83975068789465
22,214.0,213.8010130032589
23,216.0,216.49200598276653
24,218.0,215.89976298683234
25,210.0,215.16059210079294
26,212.0,216.35471911235658
27,210.0,215.00301924364163
28,210.0,214.05571093037958
29,208.0,214.5337969090707
30,212.0,213.91535362176845
31,208.0,213.0484743824556
32,212.0,214.0053573064442
33,210.0,212.72489863553446
34,210.0,212.89605407999557
35,212.0,213.54401029428243
36,210.0,213.59125441591735
37,212.0,213.44991269200509
38,212.0,213.8583278496809
39,210.0,214.68467417961028
40,210.0,214.82404707292025
41,208.0,213.99031762823233
42,206.0,213.76287081674963
43,204.0,213.01667620566477
44,204.0,210.49327602476652
45,195.0,208.4542511425389
46,200.0,207.2646516600785
47,195.0,202.96173331469117
48,200.0,202.58927275396655
49,200.0,201.10190717496056
50,202.0,203.5780944855033
51,204.0,203.93727325248238
52,206.0,205.36572626340694
53,202.0,205.5507064925932
54,199.0,206.3132338035752
55,197.0,205.44564750406587
56,199.0,204.83804841071588
57,192.0,203.53563180961677
58,194.0,204.58941323179909
59,194.0,200.6986250399264
60,194.0,200.5232662983858
61,198.0,200.52951655426608
62,199.0,200.1151011509452
63,200.0,202.62978222489048
64,200.0,204.13383208068683
65,202.0,204.02907388572373
66,202.0,204.6300750527101
67,199.0,205.93180412566238
68,198.0,206.04005074468864
69,198.0,204.60333958318228
70,194.0,203.6809580716527
71,200.0,203.42143182186456
72,196.0,201.04856905384239
73,183.0,202.32900428629262
74,184.0,201.37022284708036
75,183.0,194.4784602353185
76,195.0,192.60906339127126
