,y_actual,y_predict
0,204.0,210.84021545857115
1,202.0,209.13141092884888
2,204.0,208.16020822815872
3,206.0,207.1565265141818
4,208.0,208.3166790255163
5,204.0,209.8036031658602
6,206.0,211.37094639450834
7,204.0,209.94984971271847
8,202.0,208.72510986286412
9,204.0,207.69465773162733
10,204.0,206.61960845763926
11,204.0,206.4181563499111
12,206.0,207.92234781377456
13,202.0,208.41832842962322
14,204.0,209.9545001628467
15,204.0,208.43548791661806
16,202.0,206.30080999167572
17,204.0,206.4759499873741
18,200.0,206.00036395426167
19,204.0,206.68388576615058
20,202.0,204.98986158009666
21,202.0,205.21748426441596
22,202.0,205.64244104917594
23,202.0,204.65530550195956
24,197.0,204.91564983174624
25,192.0,204.79018203524348
26,179.0,202.99283023916678
27,167.0,199.11370781308477
28,163.0,193.20867407679833
29,162.0,183.24708639258137
30,160.0,175.47759958271604
31,174.0,169.31348185602553
32,173.0,167.0505121655895
33,176.0,172.33484560541476
34,178.0,178.28883038413778
35,179.0,184.21483832448075
36,179.0,186.9564202105039
37,178.0,182.2912908353595
38,178.0,183.192453713249
39,179.0,183.30588425768076
40,180.0,182.28395795167904
41,179.0,182.5161704280814
42,179.0,182.9233274464811
43,175.0,184.1379037038813
44,177.0,183.5574264311378
45,177.0,182.31688853041308
46,175.0,180.89068309326495
47,167.0,180.27793574050128
48,170.0,180.0005330204617
49,171.0,177.4218988630616
50,171.0,174.6281173592949
51,167.0,174.04642692564838
52,166.0,174.83363355604817
53,165.0,174.3729761418256
54,166.0,172.04831047968858
55,164.0,170.32828421161344
56,163.0,169.73559445244624
57,168.0,169.34496338145874
58,166.0,169.64751223110466
59,167.0,170.6975838700563
60,161.0,172.4289801517058
61,162.0,173.03560104190925
62,161.0,172.03454110343938
63,162.0,169.04592595864872
64,159.0,167.24822369386675
65,158.0,166.49209420193247
66,158.0,165.9543673714546
67,159.0,164.4791906725215
68,158.0,163.6335636048588
69,157.0,163.34510764103624
70,149.0,164.7836536204811
71,144.0,165.2543533110675
72,150.0,163.16998786468622
73,149.0,158.91066081159983
74,147.0,155.85356273383405
75,146.0,154.52300829410575
