,y_actual,y_predict
0,1685.0,1656.6430422421536
1,1695.0,1682.7674727266283
2,1695.0,1677.3269839109853
3,1680.0,1676.1390960305375
4,1720.0,1675.616794258449
5,1640.0,1674.2017208526743
6,1565.0,1672.659649894731
7,1560.0,1671.7884088694632
8,1475.0,1676.288523935779
9,1515.0,1666.2053667600815
10,1485.0,1647.2343983288117
11,1575.0,1620.2708083394155
12,1665.0,1596.591216047344
13,1685.0,1585.2799214764086
14,1675.0,1582.2952154033837
15,1700.0,1582.2001236401836
16,1725.0,1577.307354383126
17,1770.0,1581.887448314144
18,1750.0,1592.3455037821618
19,1755.0,1613.0992529835437
20,1690.0,1634.4288036176968
21,1660.0,1654.175527672748
22,1615.0,1673.732475898196
23,1640.0,1688.6277064822273
24,1615.0,1693.1651293200675
25,1580.0,1697.840557523587
26,1490.0,1692.6683542879302
27,1505.0,1680.5835464255952
28,1525.0,1668.6501979232298
29,1495.0,1649.9496519655013
30,1455.0,1619.6451765171316
31,1455.0,1584.517134828315
32,1500.0,1553.7406800452272
33,1500.0,1532.9509269991447
34,1495.0,1513.210262162003
35,1500.0,1499.432739375348
36,1450.0,1486.390434498225
37,1440.0,1481.279041348571
38,1420.0,1477.496542936978
39,1395.0,1476.5952237290714
40,1395.0,1473.738253280002
41,1395.0,1466.1511002446923
42,1325.0,1457.8283778370953
43,1300.0,1453.9119580570452
44,1345.0,1448.162533479084
45,1315.0,1439.5223699104795
46,1280.0,1431.838016335435
47,1275.0,1422.739011109923
48,1220.0,1414.0529605639256
49,1190.0,1401.8692089065871
50,1170.0,1387.220044427123
51,1150.0,1368.4122039193144
52,1140.0,1351.8968565577948
53,1070.0,1337.6834777784597
54,1045.0,1320.6002509546838
55,1080.0,1303.93591150174
56,1155.0,1290.4602671052678
57,1095.0,1280.6121119865857
58,1140.0,1273.66096595411
59,1105.0,1270.210445203103
