,y_actual,y_predict
0,1685.0,1670.735574067546
1,1695.0,1669.370942596479
2,1695.0,1661.7629197027318
3,1680.0,1655.0727769419427
4,1720.0,1648.778233629789
5,1640.0,1648.2207152895726
6,1565.0,1651.37594406244
7,1560.0,1651.48687976667
8,1475.0,1648.880164858216
9,1515.0,1647.4224941664424
10,1485.0,1640.3121987689008
11,1575.0,1630.9950546693951
12,1665.0,1622.7744954556442
13,1685.0,1612.4526177469754
14,1675.0,1605.4819303852792
15,1700.0,1607.8228550993126
16,1725.0,1609.4037908087885
17,1770.0,1610.720356233377
18,1750.0,1617.6610146172209
19,1755.0,1616.889441400233
20,1690.0,1617.4270810069831
21,1660.0,1628.172372926778
22,1615.0,1640.9244820357205
23,1640.0,1643.9042887179303
24,1615.0,1644.9326757705562
25,1580.0,1638.8884301745484
26,1490.0,1633.7764395382096
27,1505.0,1629.8561958433768
28,1525.0,1627.0995820695887
29,1495.0,1617.3175933293069
30,1455.0,1609.337490874541
31,1455.0,1597.9311748329565
32,1500.0,1583.399511382
33,1500.0,1568.2840823522265
34,1495.0,1557.6895328083795
35,1500.0,1551.8218199253379
36,1450.0,1549.2251427931885
37,1440.0,1546.2015930563962
38,1420.0,1541.146518298726
39,1395.0,1533.8096770380728
40,1395.0,1524.7605514068591
41,1395.0,1518.9607551867416
42,1325.0,1510.5159205592813
43,1300.0,1502.259680846565
44,1345.0,1496.4346496005835
45,1315.0,1494.1839664637205
46,1280.0,1491.8424934677878
47,1275.0,1485.5165856193091
48,1220.0,1478.6265941063366
49,1190.0,1472.004614032401
50,1170.0,1463.447142620973
51,1150.0,1451.7632272363746
52,1140.0,1438.8345151219148
53,1070.0,1425.8736371360476
54,1045.0,1410.9153260166117
55,1080.0,1398.609940128758
56,1155.0,1382.8898826909854
57,1095.0,1370.526125868654
58,1140.0,1360.1164176173193
59,1105.0,1350.9426211173802
