,y_actual,y_predict
0,1685.0,1686.2717813377774
1,1695.0,1682.897239805312
2,1695.0,1681.4054842554842
3,1680.0,1679.5528608065465
4,1720.0,1680.1774101235424
5,1640.0,1680.1015222853175
6,1565.0,1681.1678040522702
7,1560.0,1674.629247178043
8,1475.0,1670.8568076305198
9,1515.0,1662.8692963408623
10,1485.0,1652.9561206123633
11,1575.0,1639.954219893643
12,1665.0,1624.801570958034
13,1685.0,1608.4920823618215
14,1675.0,1592.2303224078423
15,1700.0,1574.400658983371
16,1725.0,1562.1811987100468
17,1770.0,1564.7504195717156
18,1750.0,1576.0387706539545
19,1755.0,1604.9142899176968
20,1690.0,1640.7419533681411
21,1660.0,1669.419233579121
22,1615.0,1689.513895218498
23,1640.0,1694.6744685515662
24,1615.0,1696.7446333878129
25,1580.0,1697.2055697627447
26,1490.0,1692.6448590027073
27,1505.0,1677.6547159014817
28,1525.0,1658.0433612414413
29,1495.0,1634.194497456938
30,1455.0,1612.3728778769473
31,1455.0,1592.1873736590876
32,1500.0,1579.0216491206497
33,1500.0,1561.069620423131
34,1495.0,1542.3780437949297
35,1500.0,1524.8124554266305
36,1450.0,1515.3172532657986
37,1440.0,1508.9259733447477
38,1420.0,1506.9604389708925
39,1395.0,1500.5575045448602
40,1395.0,1496.093871312593
41,1395.0,1494.5281187941664
42,1325.0,1494.2380073770469
43,1300.0,1483.776591925084
44,1345.0,1471.2096052788586
45,1315.0,1455.1580481698477
46,1280.0,1437.07624536439
47,1275.0,1420.3771251571354
48,1220.0,1408.8618275442434
49,1190.0,1391.6415583627393
50,1170.0,1376.5862997567529
51,1150.0,1362.4071393913193
52,1140.0,1344.9267877705486
53,1070.0,1330.3519646931838
54,1045.0,1316.1784277318425
55,1080.0,1295.9295618083734
56,1155.0,1275.1801285696322
57,1095.0,1257.176013091709
58,1140.0,1236.4113685448983
59,1105.0,1221.6535317813514
