,y_actual,y_predict
0,344.0,332.04765045460704
1,338.0,333.30130342034477
2,340.0,334.642102088214
3,340.0,336.024848562977
4,338.0,337.2508685553719
5,336.0,338.0565582334411
6,336.0,338.4086078028676
7,342.0,338.21230246688754
8,344.0,338.1565020612296
9,344.0,337.8081214804226
10,338.0,337.58018195122713
11,336.0,337.4047205151602
12,330.0,337.2769270414725
13,326.0,337.29623978865465
14,324.0,336.99379378977676
15,318.0,336.45117348469273
16,322.0,335.7033931584957
17,324.0,334.42875184447405
18,328.0,333.1041169493025
19,330.0,331.7657016795522
20,322.0,330.76019657009135
21,326.0,330.03789693651163
22,326.0,329.3374378966039
23,330.0,328.43788566715875
24,324.0,327.6538776895535
25,332.0,326.96301002147
26,328.0,326.37446957929393
27,332.0,325.87291594604153
28,332.0,325.6410763108332
29,334.0,325.71936732783195
30,342.0,326.03946491762724
31,340.0,326.6064103283618
32,334.0,327.3074038272416
33,330.0,327.815428747508
34,330.0,328.62353071337037
35,330.0,328.768715770908
36,338.0,329.35474281143127
37,336.0,329.58675578468456
38,338.0,330.15232893589604
39,380.0,330.3509887803209
40,368.0,330.55601879790015
41,372.0,330.254396154736
42,372.0,332.22653531706305
43,382.0,333.79086783881695
44,380.0,338.43001505142706
45,354.0,340.2179825409251
46,334.0,344.4479075189277
47,340.0,349.7538428562013
48,330.0,353.22118154999515
49,334.0,356.58963811152626
50,334.0,356.83991658127303
51,342.0,355.79395148313813
52,334.0,355.6700003361149
53,332.0,356.4985923033818
54,332.0,355.87968159123534
55,332.0,352.32625166841706
56,330.0,349.27392758890164
57,330.0,346.8892005449263
58,332.0,343.5177755693744
59,330.0,340.2746929713194
60,332.0,337.2342714375616
61,332.0,334.28519905352704
62,332.0,332.7614420791439
63,334.0,332.44888469430674
64,332.0,332.3881874888772
65,332.0,332.29049705567377
66,336.0,332.0948706270367
67,332.0,331.75866704389205
68,334.0,331.4980388483741
69,330.0,331.53046750762906
70,330.0,331.6834527771923
71,332.0,331.46002003716734
72,332.0,331.4018940127388
73,332.0,331.5701908096118
74,330.0,331.5331542473268
75,324.0,331.4833773387332
76,324.0,331.33916008528024
77,328.0,331.26476917429443
78,332.0,331.3130149301571
79,334.0,331.1308510896829
80,330.0,330.63240309640366
81,330.0,330.3045341842568
82,334.0,329.950736789543
83,380.0,330.27945794707784
84,372.0,330.2906671406555
85,358.0,330.15972469248334
