,y_actual,y_predict
0,344.0,334.1074697780378
1,338.0,334.8336406279562
2,340.0,335.39048909756855
3,340.0,335.55513135065917
4,338.0,335.6502217131872
5,336.0,335.4749047254911
6,336.0,335.6287422404424
7,342.0,336.27224528772547
8,344.0,337.0383561121828
9,344.0,337.77406055457703
10,338.0,338.46946390150515
11,336.0,339.36387376894817
12,330.0,340.64656085722595
13,326.0,341.6490903302474
14,324.0,342.5109559797388
15,318.0,343.200740285041
16,322.0,343.4207062641657
17,324.0,343.262361960044
18,328.0,342.8671656622457
19,330.0,342.2418919993635
20,322.0,341.64477132395916
21,326.0,341.0067284250941
22,326.0,340.54442141420054
23,330.0,339.5933588957116
24,324.0,338.9808544688122
25,332.0,338.1572676375951
26,328.0,337.2671334419291
27,332.0,336.8102721346165
28,332.0,336.16877691968824
29,334.0,335.56121262707177
30,342.0,335.264082328241
31,340.0,335.0262914201538
32,334.0,334.58102931702024
33,330.0,334.33283812623216
34,330.0,334.0376434355707
35,330.0,333.8189774917836
36,338.0,333.80775385336887
37,336.0,333.50447005394005
38,338.0,333.4210944542876
39,380.0,333.6031860705764
40,368.0,333.6352247192301
41,372.0,333.4140887083015
42,372.0,335.0973600186102
43,382.0,338.03057197152583
44,380.0,340.6429496479548
45,354.0,342.64601520648006
46,334.0,343.2946317260911
47,340.0,343.96123206787246
48,330.0,345.5306780619543
49,334.0,345.3950699314038
50,334.0,344.74460447264596
51,342.0,342.36312751701473
52,334.0,343.5331882105437
53,332.0,341.46379196012583
54,332.0,338.5381202121684
55,332.0,335.0968544493122
56,330.0,333.3499247419716
57,330.0,331.1143550857322
58,332.0,333.02527702849466
59,330.0,331.7138591592555
60,332.0,333.7500322843787
61,332.0,332.22357412546074
62,332.0,333.7607792431696
63,334.0,334.10797534733575
64,332.0,335.2605577879923
65,332.0,337.72022464676263
66,336.0,337.52045254988224
67,332.0,335.6051538214832
68,334.0,334.01458947558365
69,330.0,333.1250908527494
70,330.0,332.1934566401393
71,332.0,332.9625431010361
72,332.0,334.6884989049298
73,332.0,334.9015313622539
74,330.0,335.33944104331147
75,324.0,335.36084829187087
76,324.0,335.2575532618787
77,328.0,335.16590077057674
78,332.0,335.2757682014425
79,334.0,335.1570460854439
80,330.0,334.8507722047385
81,330.0,334.76085309388674
82,334.0,334.9847047341872
83,380.0,335.40562728683324
84,372.0,335.5299684444577
85,358.0,335.53538525836444
