,y_actual,y_predict
0,98.0,85.90604144174237
1,97.0,87.3125074732766
2,97.0,88.355917600743
3,97.0,87.52493821981675
4,103.0,87.10774807856947
5,103.0,87.83633326966388
6,103.0,88.49491012904274
7,105.0,90.5056352113849
8,103.0,93.17498546136682
9,101.0,95.22755515931208
10,102.0,96.89560076203963
11,99.99999999999999,97.36804589211954
12,99.0,97.24228016565786
13,99.99999999999999,97.62330674278543
14,99.99999999999999,97.49754101632374
15,99.99999999999999,97.34075172470352
16,99.0,95.71021265574905
17,97.0,94.74076247574092
18,96.0,94.3602093195703
19,98.0,94.30369831595392
20,99.99999999999999,94.23390254058639
21,99.0,94.0954897114176
22,98.0,94.35444131321725
23,98.0,93.79706059879959
24,101.0,93.94984996641617
25,103.0,94.36242183792012
26,101.0,93.77967928652298
27,101.0,92.50475664945567
28,99.99999999999999,92.31989059659266
29,99.99999999999999,93.17640572423767
30,99.0,93.3631074910154
31,96.0,93.2335543968981
32,96.0,92.30167838222835
33,96.0,92.53882363505174
34,96.0,93.16443493718336
35,95.0,93.01470831330867
36,95.0,92.72273318434867
37,94.0,93.01242816339357
38,94.0,93.38668192234108
39,95.0,93.06459142352774
40,97.0,92.49825435753675
41,96.0,92.31159123736775
