,y_actual,y_predict
0,98.0,91.45200370432865
1,97.0,92.34963882366307
2,97.0,92.44296072209538
3,97.0,93.0305727461926
4,103.0,96.48971475384609
5,103.0,98.69337336862378
6,103.0,101.19641759958557
7,105.0,103.05068188648173
8,103.0,106.11821780786762
9,101.0,107.48246241936361
10,102.0,109.0016123003042
11,99.99999999999999,107.10019915075667
12,99.0,104.41940950459048
13,99.99999999999999,103.03630534803393
14,99.99999999999999,103.66453495790705
15,99.99999999999999,104.1905539493398
16,99.0,104.87656990091742
17,97.0,105.24651456299146
18,96.0,105.88132375800097
19,98.0,105.90837638411243
20,99.99999999999999,105.91176762402854
21,99.0,105.39536197651753
22,98.0,105.00936931016808
23,98.0,104.42353503007247
24,101.0,104.47827795133942
25,103.0,103.87299476540012
26,101.0,102.54410213924048
27,101.0,102.04572513470232
28,99.99999999999999,102.53081736748933
29,99.99999999999999,102.89283947477361
30,99.0,102.63327918888643
31,96.0,102.4638621178635
32,96.0,102.78704438337348
33,96.0,103.85990322669262
34,96.0,104.05662412678376
35,95.0,104.06939683096924
36,95.0,103.66908559608508
37,94.0,103.85493713747073
38,94.0,103.84107266658862
39,95.0,103.81173989056205
40,97.0,102.89341917390456
41,96.0,102.22844630078079
