,y_actual,y_predict
0,640.0,667.5159901023012
1,630.0,675.0999380835658
2,630.0,672.465366091113
3,635.0,671.2319043789455
4,650.0,666.5705916848145
5,640.0,670.8054017313416
6,630.0,670.6765985631533
7,625.0,640.2952264319854
8,620.0,626.3438950339761
9,620.0,612.1263884613704
10,620.0,614.3753176347833
11,625.0,619.3996784745431
12,620.0,627.2084306781569
13,605.0,629.5867192425899
14,595.0,620.7538405412138
15,630.0,604.400257897855
16,630.0,613.6109321664277
17,660.0,631.1208269118765
18,680.0,647.7679448799371
19,675.0,662.130219719309
20,670.0,666.690705750387
21,670.0,656.2258542274242
22,665.0,649.690220920581
23,670.0,646.5653610514601
24,665.0,653.3685976726028
25,660.0,664.3055921814771
26,660.0,664.8188655908438
27,650.0,662.6339020430893
28,655.0,653.8253167497187
29,675.0,652.7556401119458
30,670.0,666.6913972706643
31,650.0,679.5541479711438
32,650.0,664.9589736122624
33,660.0,651.8857076029915
34,665.0,652.131663325999
35,630.0,659.4486544140927
36,645.0,650.5108901262962
37,650.0,643.8019858908189
38,635.0,647.7989730941224
39,640.0,643.7361862331204
40,640.0,640.1203319340042
41,640.0,640.3312155525086
42,640.0,637.1040557814827
43,625.0,638.438163760109
44,625.0,634.5575924921986
45,615.0,631.4456309795559
46,615.0,623.6765960927434
47,625.0,622.1754709340782
48,615.0,625.8406486686316
49,615.0,626.5883173859338
50,605.0,624.9075773517418
51,610.0,617.3869034758583
52,615.0,611.6846122354659
53,610.0,612.9508610286111
54,620.0,614.3637722527608
55,615.0,616.7433837255505
56,610.0,616.3999236434313
57,605.0,609.6190411669074
58,605.0,605.6025560983913
59,575.0,605.3830134433701
60,575.0,590.5463256276109
61,570.0,579.7026412570355
62,570.0,578.3445405313937
63,595.0,580.2369759687634
