,y_actual,y_predict
0,640.0,678.5389736543638
1,630.0,656.8077685408464
2,630.0,640.9392573059764
3,635.0,639.4710244596357
4,650.0,638.7180340428076
5,640.0,637.6089106831245
6,630.0,636.3763810200267
7,625.0,637.826303612066
8,620.0,640.3935275427211
9,620.0,640.6613713858129
10,620.0,636.730634831693
11,625.0,632.8469817886335
12,620.0,630.6921595051434
13,605.0,628.5178694225399
14,595.0,626.9675260597842
15,630.0,626.0142653574046
16,630.0,624.5162219738886
17,660.0,622.0268542066378
18,680.0,621.859010208876
19,675.0,625.7963162056312
20,670.0,635.8180385282337
21,670.0,646.1872497902237
22,665.0,655.8801241548292
23,670.0,662.0816178702482
24,665.0,661.682069480413
25,660.0,659.2583510403655
26,660.0,658.4795939766798
27,650.0,657.8535877290494
28,655.0,657.8716574545585
29,675.0,656.240631715091
30,670.0,652.5747474272107
31,650.0,650.388476004149
32,650.0,651.6771691402105
33,660.0,655.4742167850518
34,665.0,657.3123077484486
35,630.0,654.1547960957952
36,645.0,649.9882511270858
37,650.0,649.1094641519711
38,635.0,648.7389445807366
39,640.0,646.304252014548
40,640.0,642.8017769748244
41,640.0,642.6446665744118
42,640.0,643.748648631163
43,625.0,641.9626171182139
44,625.0,640.8506224460747
45,615.0,640.1288857391745
46,615.0,638.342869259275
47,625.0,635.7489315996434
48,615.0,631.4234271654319
49,615.0,628.2794602903856
50,605.0,626.1111383284369
51,610.0,625.5219480190527
52,615.0,625.4131538397602
53,610.0,623.4064070939282
54,620.0,621.7450897597012
55,615.0,620.7451965377463
56,610.0,620.9780434415826
57,605.0,622.5805815522317
58,605.0,622.8460351404517
59,575.0,622.5085882781357
60,575.0,621.3850782900731
61,570.0,618.9270694640968
62,570.0,615.5416567808954
63,595.0,610.9670998154777
