,y_actual,y_predict
0,196.0,195.42944199994116
1,194.0,196.32374809089526
2,194.0,197.10362611916804
3,194.0,196.99193984028918
4,197.0,195.92800163748745
5,194.0,195.0924522948197
6,196.0,194.26894801138155
7,204.0,193.96437019593583
8,204.0,194.839308266774
9,204.0,199.56728574612768
10,206.0,203.32861879082267
11,208.0,205.83988508045175
12,208.0,206.79432004774483
13,206.0,207.6413285138792
14,210.0,209.08226446182354
15,208.0,210.5206811332172
16,212.0,212.69520062147467
17,218.0,215.32228378988162
18,216.0,218.44499429019805
19,220.0,221.53404098850964
20,220.0,222.96743486773224
21,224.0,223.21280875712313
22,226.0,222.5469792930523
23,234.0,221.31002748625164
24,238.0,222.8050265156212
25,238.0,224.8806285508734
26,240.0,226.26067724359567
27,224.0,228.0067460389638
28,224.0,228.7271812549239
29,246.0,228.95244759662455
30,230.0,229.2896591909221
31,230.0,229.0034184453257
32,220.0,228.19653421744403
33,212.0,226.27790424948893
34,214.0,224.59582668550522
35,214.0,222.34501564136986
36,214.0,219.4430754069681
37,210.0,217.26924124877203
38,216.0,215.8206224653654
39,216.0,215.9223685418089
40,216.0,215.9637280043468
41,210.0,216.21471649339088
42,208.0,215.48986698078576
43,212.0,214.4502104999101
44,208.0,211.56465796323155
45,208.0,210.2904497894234
46,208.0,209.158283446318
47,208.0,210.59228767529373
48,208.0,214.50844188385196
49,210.0,217.93424280044354
