,y_actual,y_predict
0,196.0,198.23364650344516
1,194.0,199.06064538688764
2,194.0,200.15550591692957
3,194.0,200.59329635171233
4,197.0,199.7040325223138
5,194.0,198.71613864511025
6,196.0,199.000182749671
7,204.0,198.9826936796812
8,204.0,199.2335273407626
9,204.0,202.89396941674417
10,206.0,209.20591854046958
11,208.0,211.65000989078672
12,208.0,211.20419374304745
13,206.0,208.34602505023014
14,210.0,209.37358208121466
15,208.0,209.16120879860318
16,212.0,209.3042061743372
17,218.0,209.062702365938
18,216.0,210.2643262019132
19,220.0,213.19945459043942
20,220.0,215.3825736749403
21,224.0,216.8615280772295
22,226.0,218.20364778206437
23,234.0,219.99048577767746
24,238.0,223.9209145990319
25,238.0,230.65554282476583
26,240.0,234.83168995819463
27,224.0,235.96635456327695
28,224.0,238.39019280907664
29,246.0,236.76064611685936
30,230.0,229.90543503062963
31,230.0,223.0536579729857
32,220.0,223.30854404739011
33,212.0,225.9772314363119
34,214.0,219.34729882151842
35,214.0,219.21752726137825
36,214.0,216.24528435421752
37,210.0,214.9363078771297
38,216.0,215.56574658921002
39,216.0,213.6943960128415
40,216.0,214.30113434967265
41,210.0,216.93962286896036
42,208.0,218.19108956548533
43,212.0,216.19441425185533
44,208.0,211.01114706948005
45,208.0,210.53200489810564
46,208.0,210.62743207763648
47,208.0,211.01658613563464
48,208.0,210.79960262638144
49,210.0,210.2196912472064
