,y_actual,y_predict
0,196.0,195.89163406333566
1,194.0,196.51192494602722
2,194.0,197.34783524490342
3,194.0,197.54787915346355
4,197.0,197.22598285692106
5,194.0,196.40967791922935
6,196.0,195.8225603954752
7,204.0,195.3401597290136
8,204.0,195.77726533592147
9,204.0,197.1767222236801
10,206.0,199.78679533076428
11,208.0,203.3539228099555
12,208.0,206.38979568325436
13,206.0,208.68760953010084
14,210.0,211.1486596414577
15,208.0,213.35661640697623
16,212.0,214.94464479120086
17,218.0,217.2428452443973
18,216.0,219.89252410148183
19,220.0,222.5360569683306
20,220.0,224.4184188723215
21,224.0,225.08266575356407
22,226.0,225.4263183147249
23,234.0,225.6409908389381
24,238.0,225.11133457680435
25,238.0,225.27313072493516
26,240.0,225.91651291575573
27,224.0,226.92512530847839
28,224.0,228.91406138723855
29,246.0,230.7076169385904
30,230.0,231.35874732637848
31,230.0,231.44592813992813
32,220.0,231.6656144942147
33,212.0,231.44586756850958
34,214.0,229.92348778565727
35,214.0,228.02167256710393
36,214.0,226.8547666612389
37,210.0,225.98421198326076
38,216.0,224.0953426692689
39,216.0,221.73223963206925
40,216.0,219.02704691537414
41,210.0,217.58281685573047
42,208.0,216.79693669434099
43,212.0,216.2183751924934
44,208.0,215.20331936060467
45,208.0,212.55345484903194
46,208.0,210.99453999351329
47,208.0,211.29091470827674
48,208.0,212.63099491782256
49,210.0,215.56010355807462
