,y_actual,y_predict
0,129.0,130.02662141188543
1,130.0,129.83947343635964
2,131.0,129.73081755865834
3,132.0,129.530524646404
4,131.0,129.40705349840457
5,132.0,129.24601342503632
6,132.0,129.21306394521716
7,133.0,129.1824031392538
8,135.0,129.29608812426093
9,135.0,129.51012711226286
10,134.0,129.71234158711965
11,131.0,129.9965472596636
12,130.0,130.2477455112781
13,130.0,130.5916355067186
14,130.0,131.07659218841997
15,131.0,131.4581724234289
16,131.0,131.8124442889017
17,130.0,131.93970831629946
18,129.0,131.96561206657634
19,128.0,131.91857112767252
20,130.0,131.82386502493463
21,130.0,131.6986447796688
22,129.0,131.5412744608396
23,129.0,131.3048756362509
24,129.0,130.87781253500663
25,129.0,130.38816307603796
26,129.0,130.0930219242596
27,129.0,129.85060491950614
28,129.0,129.83333303666535
29,129.0,129.7835290310653
30,130.0,129.6823892017624
31,130.0,129.60623240228088
32,130.0,129.45764423564253
33,128.0,129.3150882817816
34,130.0,129.26517835258937
35,130.0,129.2367863032252
36,130.0,129.263041774148
37,130.0,129.2123822318416
38,129.0,129.29872897142764
39,128.0,129.29090148956155
40,128.0,129.32996556717436
41,129.0,129.34061677283646
42,129.0,129.42827080872308
43,128.0,129.4805386695045
44,129.0,129.48031822168653
45,128.0,129.45383370231215
46,128.0,129.31572472866478
47,129.0,129.13025342401752
48,129.0,129.00122038209668
49,127.0,128.9145730730011
50,128.0,128.84007619579594
51,127.0,128.69538819014292
52,128.0,128.60451751730622
53,128.0,128.4663922477216
54,128.0,128.44962463360616
55,127.0,128.3690204012462
56,128.0,128.361896360672
57,128.0,128.21893210304964
58,127.0,128.10547978781347
59,127.0,128.08237214877224
60,127.0,128.0471973681866
61,128.0,127.99303691535783
62,128.0,128.0411325635346
63,128.0,127.9335920522061
64,128.0,127.84600591605809
