,y_actual,y_predict
0,400.0,396.87645067230494
1,408.0,397.00666189813654
2,400.0,394.91321754024324
3,396.0,389.0162003767409
4,400.0,384.2673296472015
5,406.0,382.9061798937907
6,396.0,382.35311429806137
7,392.0,381.76706245888687
8,388.0,380.8180043283657
9,380.0,382.829039368164
10,370.0,382.5385127475682
11,372.0,381.58071832868063
12,365.99999999999994,377.3034495574749
13,382.0,370.6765019912387
14,396.0,366.47169037457667
15,398.0,360.82980435406216
16,408.0,359.83085030854136
17,408.0,363.1352838344969
18,408.0,370.74868895129686
19,418.0,378.19227683392387
20,420.0,382.3358893996071
21,418.0,387.836823963489
22,418.0,390.32605821031
23,418.0,393.3573476275739
24,420.0,395.73008301870533
25,408.0,396.12925033870243
26,416.0,397.3552127845059
27,412.0,396.0457152102509
28,416.0,395.4008060056391
29,424.0,393.59628961763536
30,408.0,389.804267626284
31,410.0,390.85275732749034
32,420.0,392.419952892346
33,416.0,392.8111945074334
34,412.0,392.0602114510331
35,416.0,389.62103073266167
36,416.0,389.3031018879889
37,420.0,391.50831669807457
38,430.0,391.85132859748995
39,430.0,392.8304008321151
40,430.0,395.11331907300575
41,434.0,397.47157654295273
42,426.0,400.2052242181677
43,424.0,402.50489451716294
44,424.0,403.4124102455296
45,418.0,403.48419191385943
46,416.0,402.57570798858615
47,414.0,399.2629884984069
48,420.0,396.6552289372546
49,414.0,394.8795107781699
50,416.0,394.3216041979077
51,416.0,393.1287856089993
52,432.0,392.79516296795697
53,418.0,392.45973903034434
54,416.0,392.8129282553824
55,422.0,394.27808036952575
56,420.0,396.31282497543174
57,418.0,397.47869166440574
58,418.0,396.0616116524845
59,416.0,395.2021905425471
60,416.0,395.41521637820216
61,416.0,394.4770335757247
62,410.0,393.18440064060985
63,408.0,391.6382352132135
64,406.0,390.7233116527011
65,408.0,389.4513485957315
66,410.0,388.4450542666864
67,408.0,387.24212590077667
68,414.0,386.3968449689168
69,408.0,386.44890243980086
70,410.0,387.7616423478826
71,406.0,387.4692693983021
72,406.0,387.07649668112987
73,404.0,387.1017373493224
74,400.0,386.34431465768296
75,400.0,385.46827658688375
76,398.0,384.9411721779751
77,400.0,383.59004213673705
78,380.0,382.0549321670414
79,380.0,379.5756050513575
80,380.0,376.9166211189849
81,388.0,374.75578575315205
82,386.0,370.4608417593495
83,388.0,367.31240051638923
84,382.0,367.4817223940053
