,y_actual,y_predict
0,400.0,446.51142534751904
1,408.0,444.54681872682244
2,400.0,440.8590242582749
3,396.0,437.03262001863635
4,400.0,432.4859223129154
5,406.0,427.930983675385
6,396.0,424.73386239261015
7,392.0,422.4566632683305
8,388.0,420.2970212614755
9,380.0,419.05092932649796
10,370.0,416.8653936814438
11,372.0,413.6613824392872
12,365.99999999999994,411.3218359374651
13,382.0,409.27441470694504
14,396.0,407.7961131278379
15,398.0,406.3339556692428
16,408.0,405.8485062435243
17,408.0,404.49014849979756
18,408.0,403.25301801525774
19,418.0,401.9863462669636
20,420.0,401.36530424190937
21,418.0,400.77042604954
22,418.0,400.4808451096436
23,418.0,400.552198970038
24,420.0,401.2220561321496
25,408.0,402.7519423417911
26,416.0,403.85429081045197
27,412.0,404.8342411771552
28,416.0,404.98784674219473
29,424.0,405.3715454278937
30,408.0,406.2281069795256
31,410.0,407.16081834367054
32,420.0,408.88492935601374
33,416.0,410.56770061206663
34,412.0,411.6093003538913
35,416.0,412.42605325131774
36,416.0,412.8492903967366
37,420.0,412.9119304849717
38,430.0,412.9720712742154
39,430.0,413.24197304908034
40,430.0,413.4679006714208
41,434.0,413.6751398418435
42,426.0,414.10522191422984
43,424.0,413.9589341165075
44,424.0,413.8182528543605
45,418.0,413.8585343489157
46,416.0,414.29787058243244
47,414.0,414.9901313706382
48,420.0,415.71979157888654
49,414.0,415.9253195175674
50,416.0,415.73881777391125
51,416.0,416.14969352161586
52,432.0,416.4624661548559
53,418.0,416.262995075893
54,416.0,416.0762231377513
55,422.0,416.26756586594036
56,420.0,416.3942645634598
57,418.0,416.3027586976843
58,418.0,416.2245148779082
59,416.0,416.0180187423208
60,416.0,415.89055449375894
61,416.0,415.6154289588399
62,410.0,414.9887803982104
63,408.0,414.50008863866515
64,406.0,414.19440861067096
65,408.0,414.09572007482103
66,410.0,413.57190303215333
67,408.0,413.2087616435639
68,414.0,412.96121846237884
69,408.0,412.70408337695653
70,410.0,412.50420700626523
71,406.0,412.4734948997402
72,406.0,412.2868580588413
73,404.0,411.6713325045339
74,400.0,411.1840367498307
75,400.0,411.00091243724404
76,398.0,410.6199382126078
77,400.0,410.12789153820023
78,380.0,409.4578317302244
79,380.0,408.7981744099426
80,380.0,408.04435431144395
81,388.0,407.4534840039437
82,386.0,406.47186743791286
83,388.0,405.7249372987959
84,382.0,404.9935658588057
