,y_actual,y_predict
0,177.0,179.02008059584045
1,180.0,178.35631712312104
2,179.0,178.30984507878134
3,191.0,177.8952585351502
4,190.0,177.99329380451735
5,188.0,178.4065047806956
6,185.0,179.46441101869448
7,185.0,181.04915010448093
8,185.0,182.12730880627768
9,178.0,182.95688191487974
10,182.0,183.40035537502172
11,184.0,183.89067402193893
12,188.0,183.81130536101875
13,187.0,183.8519889542722
14,187.0,183.73376604669977
15,180.0,183.7217179731468
16,185.0,183.93031091903856
17,185.0,183.83441805645148
18,181.0,183.37596830330506
19,180.0,182.9880946471644
20,184.0,183.00326699805865
21,182.0,182.97693199633972
22,181.0,182.92465885201761
23,188.0,182.56344906889493
24,183.0,182.42432386048648
25,183.0,182.39117268487166
26,186.0,182.81831483901254
27,184.0,182.90375655118163
28,184.0,182.92634431742542
29,183.0,183.0280398611069
30,184.0,183.102711038231
31,185.0,183.1958084947759
32,186.0,183.21173029276517
33,185.0,183.28941981272558
34,186.0,183.1490629180576
35,186.0,183.2859666640852
36,186.0,183.45619392693726
37,189.0,183.6897731859993
38,185.0,183.90070933989702
39,186.0,184.24066897754045
40,186.0,184.50501351418694
41,185.0,184.65071931080107
42,187.0,184.65476695755902
43,182.0,184.65872448093214
44,183.0,184.48983483884462
45,184.0,184.2086103503279
46,186.0,183.7917169642671
47,184.0,183.34997165955733
48,180.0,183.12505689433652
49,181.0,182.97586000239366
50,180.0,182.7901330984603
51,184.0,182.23350103252935
52,182.0,181.80639050062877
53,182.0,181.33775206165885
54,182.0,181.3930593599374
55,183.0,181.5585021778326
56,183.0,181.51966532341245
57,183.0,181.52149625112563
58,180.0,181.49105193928017
59,181.0,181.56242649785338
60,170.0,181.61169078601128
61,173.0,181.40168274486626
62,165.0,180.72098081913202
63,175.0,179.44243672391246
64,165.0,178.27798883390665
65,177.0,176.75856864767664
66,174.0,175.8996232211752
67,172.0,175.18813546340033
68,170.0,174.72944221900363
