,y_actual,y_predict
0,276.0,300.41533357927193
1,286.0,300.6252157846966
2,280.0,295.19153391024435
3,274.0,293.4107481756746
4,258.0,291.1943143522401
5,268.0,292.944680122715
6,262.0,293.3094346666363
7,262.0,290.0109673843959
8,266.0,282.9145909051545
9,262.0,280.3854066842539
10,280.0,282.05102927536564
11,284.0,281.4000187234901
12,280.0,285.3605218512367
13,268.0,287.0839138716069
14,264.0,286.6963961773812
15,254.0,280.8903418122922
16,258.0,270.3170463534327
17,264.0,264.7800428377297
18,270.0,250.97669910445987
19,264.0,245.91296700629778
20,270.0,249.779541369271
21,268.0,252.94058762972503
22,270.0,258.7918184917471
23,262.0,259.7116726019416
24,264.0,260.339064927861
25,268.0,260.16539388071794
26,264.0,259.66302397963483
27,256.0,258.0671159655225
28,254.0,257.17685265515456
29,262.0,256.5243521987344
30,260.0,256.0253378217997
31,262.0,256.40276303219673
32,266.0,256.3850266902691
33,264.0,256.6052734490481
34,262.0,256.8816053971656
35,262.0,256.6442312139686
36,258.0,256.7730755678543
37,260.0,256.4209398676418
38,258.0,256.2415553604622
39,278.0,255.76932039825672
40,286.0,255.4645507068734
41,290.0,256.0861777499895
42,290.0,256.7713913279342
43,294.0,257.99838602109173
44,290.0,260.7808669702799
45,282.0,263.03702294444474
46,300.0,264.22520238529046
47,304.0,264.67538676023463
48,298.0,267.04715932706677
49,300.0,269.21414127530954
50,300.0,273.04971266806166
51,288.0,276.69528884213776
52,284.0,280.83298696516783
53,288.0,282.30260289665796
54,286.0,281.1978581103144
55,274.0,280.984633336433
56,274.0,280.9748777005882
57,270.0,279.0496100922595
58,264.0,279.87540588076365
59,268.0,280.2352631732251
60,264.0,278.72236227578907
61,262.0,276.5777418514082
62,264.0,275.0929288935623
63,262.0,271.4676413326773
64,262.0,268.67131074906956
65,258.0,266.69775727780143
66,264.0,265.9323868353529
67,266.0,265.4874106484692
68,260.0,264.356624921823
69,260.0,262.5699832146081
70,260.0,260.77898839498437
71,262.0,258.651093768579
72,260.0,256.2500283828293
73,258.0,255.35333904938173
74,250.0,254.19537228156383
75,250.0,254.0973624739072
76,234.0,253.9073802109228
77,234.0,253.79098627675398
78,222.00000000000003,253.53517614427807
79,226.0,252.48525984517877
80,236.0,250.42469594850132
