,y_actual,y_predict
0,800.0,846.5084777393768
1,800.0,849.7593788373873
2,810.0,855.763985121031
3,820.0,855.7749099263158
4,820.0,853.8273442709825
5,820.0,856.0038987828492
6,815.0,855.3322269406474
7,815.0,855.909217137048
8,795.0,854.5965369739182
9,810.0,855.677623609424
10,850.0,854.0862806728502
11,850.0,850.0739515075244
12,850.0,853.42008974991
13,845.0,849.3725666638306
14,850.0,842.1398641332278
15,860.0,842.0055445780828
16,890.0,840.5349917202788
17,890.0,842.8987122182782
18,905.0,842.5504146125049
19,905.0,844.8948284489617
20,910.0,848.613829678495
21,900.0,852.1406654347315
22,900.0,857.1980602391554
23,900.0,858.6615767816913
24,900.0,861.6657130688068
25,900.0,863.9050882971641
26,900.0,867.3947426821942
27,900.0,871.2907998238171
28,900.0,876.7353277565292
29,895.0,880.3307243811855
30,895.0,883.7883079818882
31,895.0,888.0439949001898
32,915.0,891.935898146922
33,915.0,892.9345487940758
34,900.0,893.2578119307897
35,900.0,896.9474149413562
36,900.0,901.4477002261151
37,895.0,906.9987666130759
38,895.0,913.450987475282
39,950.0,915.5406434935871
40,915.0,916.7456988941462
41,900.0,916.635518838136
42,890.0,917.090373414777
43,890.0,920.4873459488716
44,900.0,922.125634687138
45,900.0,923.083678388547
46,900.0,921.0056631514661
47,900.0,916.1627586907996
48,900.0,915.4137861359502
49,900.0,914.9727943348287
50,950.0,914.8647560344308
51,940.0,912.1898884408328
52,930.0,904.851431326191
53,930.0,905.0473001233132
54,930.0,908.9254084887959
55,920.0,915.679116943623
56,900.0,919.0515179241365
57,885.0,920.6733947656503
58,880.0,917.531655309598
59,880.0,909.5797858087335
60,870.0,911.1800290669009
61,925.0,910.7573934075405
62,900.0,906.3203115160672
63,900.0,896.3550991565251
64,900.0,891.7891848013747
65,850.0,889.322808166937
66,820.0,893.6633814395217
67,795.0,900.822764330589
68,780.0,903.9932539239387
69,780.0,901.373676955053
70,815.0,893.9412541705497
71,830.0,889.667488859774
72,835.0,880.827117906734
73,835.0,875.3596046774793
74,845.0,868.8472973862071
75,875.0,866.1144419137106
