,y_actual,y_predict
0,800.0,816.9544105615739
1,800.0,806.4910023922214
2,810.0,813.3876529745002
3,820.0,810.3292506489308
4,820.0,812.8662867019561
5,820.0,829.4498201694773
6,815.0,835.9102809271948
7,815.0,845.9857412370174
8,795.0,841.2738171678467
9,810.0,812.3885579284873
10,850.0,794.7175434196552
11,850.0,800.725618483282
12,850.0,820.9713935705068
13,845.0,837.7389328544964
14,850.0,851.2772107960282
15,860.0,855.6617733834516
16,890.0,859.811619306825
17,890.0,869.056670970879
18,905.0,878.8272860078124
19,905.0,878.831421386084
20,910.0,887.9064534533168
21,900.0,906.1523164029371
22,900.0,912.7151802366317
23,900.0,911.0051642880748
24,900.0,910.6306286329991
25,900.0,909.5069105680572
26,900.0,910.1110337836848
27,900.0,913.4674240608601
28,900.0,912.5850145763774
29,895.0,910.3965847394439
30,895.0,910.1553255366359
31,895.0,909.3652460873252
32,915.0,909.2104841846642
33,915.0,913.2381204218015
34,900.0,922.8610160435485
35,900.0,926.6609842763165
36,900.0,918.9540526132599
37,895.0,912.4895922658111
38,895.0,910.7712314942345
39,950.0,908.1318417428831
40,915.0,910.0719328562956
41,900.0,933.5459693885455
42,890.0,925.531470509588
43,890.0,911.5110321504097
44,900.0,914.2680394664538
45,900.0,911.9586405567658
46,900.0,908.1892617787951
47,900.0,903.8632734298757
48,900.0,898.909911163912
49,900.0,905.2325959309142
50,950.0,912.9876708037001
51,940.0,921.6833528948841
52,930.0,940.3212311880359
53,930.0,937.7413229895259
54,930.0,919.7513967494747
55,920.0,923.846482857884
56,900.0,921.364984317826
57,885.0,910.7916121196865
58,880.0,897.2759614867276
59,880.0,880.3785219473579
60,870.0,870.6986013109071
61,925.0,866.1478829278534
62,900.0,867.3017028432889
63,900.0,896.190572823378
64,900.0,908.9898339789441
65,850.0,910.4049480790828
66,820.0,899.6039449098125
67,795.0,874.8169566373523
68,780.0,845.6524667815623
69,780.0,814.0800140524728
70,815.0,791.3423958073046
71,830.0,778.7399107631978
72,835.0,803.1870943858576
73,835.0,831.1637554690826
74,845.0,841.6034747103656
75,875.0,862.7483797891448
