,y_actual,y_predict
0,4460.0,4450.609572592128
1,4360.0,4441.83988908785
2,4380.0,4432.65904167325
3,4400.0,4421.011644819148
4,4350.0,4401.589633206436
5,4300.0,4384.640507760627
6,4250.0,4371.9144494418615
7,4360.0,4345.044873434957
8,4300.0,4333.523111605387
9,4400.0,4352.584074430416
10,4350.0,4381.02981733999
11,4270.0,4405.739205869566
12,4140.0,4381.621303100355
13,4150.0,4325.129146846748
14,4150.0,4260.852451188419
15,4260.0,4220.900802735191
16,4140.0,4221.642865342094
17,4200.0,4223.458988775959
18,4200.0,4220.225174494093
19,4400.0,4215.593923744044
20,4600.0,4251.13969482495
21,4650.0,4334.380971395198
22,4690.0,4424.2283007478245
23,4690.0,4496.755762699475
24,4690.0,4528.18934491543
25,4590.0,4547.7496939423045
26,4520.0,4537.088887929175
27,4530.0,4536.186410634107
28,4600.0,4525.395455763228
29,4770.0,4520.148124648748
30,4990.0,4562.355937404818
31,4930.0,4664.259715279402
32,5000.0,4760.433008276344
33,5150.0,4781.138829286455
34,5075.0,4815.343789358186
35,4940.0,4829.146917726057
36,4900.0,4842.899757362321
37,4900.0,4846.589468799079
38,4880.0,4814.797210451362
39,4970.0,4794.5540573459675
40,4950.0,4806.641581873532
41,5000.0,4835.329133143315
42,5025.0,4880.260234070504
43,5000.0,4902.343063560009
44,5100.0,4905.474101331709
45,4750.0,4896.700251212154
46,4420.0,4873.504993313345
47,4450.0,4805.274411235765
48,4360.0,4671.424036639244
49,4310.0,4540.802036576867
50,4390.0,4444.74268893382
51,4530.0,4363.918888334258
52,4420.0,4404.113762954281
53,4400.0,4440.3513368453105
54,4370.0,4463.539852929123
55,4450.0,4437.704725969219
56,4450.0,4398.6755487774235
57,4420.0,4397.0867084199535
58,4550.0,4421.908219409241
59,4620.0,4468.119715424089
60,4470.0,4512.2908141508215
61,4460.0,4546.280556969564
62,4470.0,4532.649938048092
63,4490.0,4501.194596841245
