,y_actual,y_predict
0,4460.0,4500.522672258171
1,4360.0,4484.343126440991
2,4380.0,4461.7432315695405
3,4400.0,4461.832177231773
4,4350.0,4451.504584701492
5,4300.0,4426.575667629508
6,4250.0,4407.602927096005
7,4360.0,4385.739597214079
8,4300.0,4363.0901948513865
9,4400.0,4340.851811724873
10,4350.0,4332.5536501827755
11,4270.0,4342.195053259626
12,4140.0,4365.346937850794
13,4150.0,4372.669330177708
14,4150.0,4353.40310368063
15,4260.0,4305.63829927748
16,4140.0,4236.680498159921
17,4200.0,4202.224412713265
18,4200.0,4221.364830576839
19,4400.0,4231.5665566039615
20,4600.0,4237.3927000240055
21,4650.0,4239.428757087874
22,4690.0,4295.193347083562
23,4690.0,4387.025663528087
24,4690.0,4474.340645641629
25,4590.0,4550.6232696116795
26,4520.0,4612.03912092509
27,4530.0,4645.191374073154
28,4600.0,4634.557708928982
29,4770.0,4596.362693902609
30,4990.0,4562.114736676005
31,4930.0,4560.563251181887
32,5000.0,4608.72787704266
33,5150.0,4691.686981167203
34,5075.0,4766.368988304661
35,4940.0,4848.974219478942
36,4900.0,4893.2467058440825
37,4900.0,4915.52548199092
38,4880.0,4915.740641374252
39,4970.0,4878.792312360552
40,4950.0,4849.720969528033
41,5000.0,4839.9990986936455
42,5025.0,4850.351112219023
43,5000.0,4873.870440194933
44,5100.0,4888.606195948973
45,4750.0,4893.128651744567
46,4420.0,4897.04515436564
47,4450.0,4899.112779327197
48,4360.0,4848.377814797765
49,4310.0,4723.854524238135
50,4390.0,4554.232252877446
51,4530.0,4392.492089162548
52,4420.0,4361.1514166803045
53,4400.0,4401.348316738309
54,4370.0,4427.6356371950815
55,4450.0,4462.783843734973
56,4450.0,4474.189953055777
57,4420.0,4447.870833222689
58,4550.0,4435.029643222068
59,4620.0,4430.232364427162
60,4470.0,4449.4084878688745
61,4460.0,4481.642754653894
62,4470.0,4515.66895535631
63,4490.0,4537.268283864712
