,y_actual,y_predict
0,4460.0,4469.583817736703
1,4360.0,4461.473906187607
2,4380.0,4462.923078128812
3,4400.0,4462.3501685282245
4,4350.0,4447.532874427999
5,4300.0,4428.456518274308
6,4250.0,4410.101709934248
7,4360.0,4389.110417908005
8,4300.0,4364.847088691696
9,4400.0,4357.902440548402
10,4350.0,4364.444460555726
11,4270.0,4387.102659106226
12,4140.0,4394.133041145809
13,4150.0,4390.611788279486
14,4150.0,4373.0821144384145
15,4260.0,4335.603467891403
16,4140.0,4311.686054547569
17,4200.0,4301.6100503494645
18,4200.0,4312.774119831434
19,4400.0,4319.056420819825
20,4600.0,4325.495751121468
21,4650.0,4359.835721102105
22,4690.0,4401.0708027999635
23,4690.0,4444.046343355651
24,4690.0,4476.45757555063
25,4590.0,4504.271179266061
26,4520.0,4526.535256520116
27,4530.0,4525.905981873974
28,4600.0,4519.2287494139455
29,4770.0,4511.568137878887
30,4990.0,4511.94052911927
31,4930.0,4542.455719884585
32,5000.0,4580.498653453348
33,5150.0,4627.828278038678
34,5075.0,4659.828056975053
35,4940.0,4678.903747627693
36,4900.0,4687.423202736723
37,4900.0,4697.7871374113665
38,4880.0,4714.919622864192
39,4970.0,4737.55024652331
40,4950.0,4765.7500144574
41,5000.0,4789.533343806833
42,5025.0,4806.349224368262
43,5000.0,4798.444692230529
44,5100.0,4782.665257219254
45,4750.0,4769.090887604022
46,4420.0,4761.766151556016
47,4450.0,4760.700423959608
48,4360.0,4732.98467783353
49,4310.0,4676.205748496518
50,4390.0,4602.0787113660945
51,4530.0,4545.353774418712
52,4420.0,4516.321609343728
53,4400.0,4512.223222391884
54,4370.0,4514.679384228021
55,4450.0,4494.823899952359
56,4450.0,4468.409873882407
57,4420.0,4431.124280509896
58,4550.0,4414.761143207073
59,4620.0,4432.681755513476
60,4470.0,4474.0739822639
61,4460.0,4507.605397402172
62,4470.0,4542.845066934358
63,4490.0,4537.843218903283
