,y_actual,y_predict
0,585.0,561.2135132251797
1,585.0,553.8958175730613
2,575.0,548.9823030728792
3,585.0,549.9321880906662
4,585.0,560.181360373365
5,575.0,569.7579375265136
6,590.0,572.4788631488698
7,600.0,571.7368046240576
8,575.0,574.2911707645884
9,575.0,579.2407185447585
10,580.0,578.036185299946
11,575.0,573.6466584976815
12,575.0,572.3436160197465
13,575.0,571.3594749201372
14,580.0,571.2845585798431
15,585.0,572.5592559213967
16,590.0,576.5788084280076
17,580.0,582.952349939243
18,590.0,590.4496091531563
19,580.0,594.3478111242298
20,580.0,596.0868739054181
21,570.0,598.1728308933073
22,585.0,596.227644441175
23,585.0,596.002985454561
24,585.0,594.2494663015101
25,580.0,597.2401385062326
26,585.0,597.8307398190935
27,600.0,597.2473060168961
28,605.0,601.7917954957753
29,580.0,607.6766779730681
30,585.0,611.5237169925456
31,585.0,606.6183936535122
32,600.0,599.8192777714133
33,595.0,599.2321701796158
34,595.0,600.8054935737268
35,590.0,602.8260602383617
36,615.0,602.7451761918925
37,625.0,607.3499729724006
38,610.0,616.9979306635456
39,610.0,623.6007243770285
40,640.0,624.7932086880221
41,625.0,630.7905382781178
42,720.0,640.8921574231262
43,740.0,666.8265362365971
44,760.0,699.6788507218587
45,760.0,727.5781922102212
46,760.0,756.2362955374325
47,800.0,779.2428225782555
48,800.0,811.1560091835254
49,805.0,832.6523562113175
50,845.0,848.8584305568841
51,835.0,860.460637823626
52,895.0,860.6593708555025
53,835.0,859.9928197655286
54,790.0,844.7091817295172
55,765.0,825.6616415344718
56,770.0,798.0400518492877
57,770.0,765.9343641493213
58,760.0,744.6629305528144
59,710.0,727.0051436651457
60,710.0,713.9457826548693
61,795.0,703.1599669877562
