,y_actual,y_predict
0,585.0,574.1439021033801
1,585.0,571.5696188168876
2,575.0,566.9602479040965
3,585.0,562.7912580847711
4,585.0,561.5451916405376
5,575.0,562.6738925442393
6,590.0,565.8647970471321
7,600.0,569.2852771905949
8,575.0,571.880143093728
9,575.0,575.5268480371666
10,580.0,579.809159684017
11,575.0,583.1633393752088
12,575.0,583.7674888881826
13,575.0,580.252864216343
14,580.0,576.836921017096
15,585.0,574.0775116168409
16,590.0,574.7225758329578
17,580.0,579.5361327226577
18,590.0,582.3232765920833
19,580.0,586.9099666983291
20,580.0,592.7571913642712
21,570.0,596.1786188248178
22,585.0,599.0645439874377
23,585.0,597.8957171590738
24,585.0,595.9523118196405
25,580.0,595.2038647763125
26,585.0,595.7046549492754
27,600.0,596.3314148071933
28,605.0,596.5981471988381
29,580.0,597.3138804865054
30,585.0,599.3506357040342
31,585.0,602.9340935312573
32,600.0,604.6870607350982
33,595.0,606.0505827541318
34,595.0,604.126012192174
35,590.0,602.6135167326344
36,615.0,602.191175766363
37,625.0,602.9563378673281
38,610.0,603.8065608219048
39,610.0,606.3960931732743
40,640.0,611.4818314851182
41,625.0,617.2231288771362
42,720.0,622.8561218948203
43,740.0,627.1534565422436
44,760.0,635.8896181149436
45,760.0,655.9982615829128
46,760.0,687.2542391321786
47,800.0,726.6090868334184
48,800.0,760.035162308835
49,805.0,789.3726172502527
50,845.0,808.9979269176594
51,835.0,826.6475402595796
52,895.0,842.3814122696357
53,835.0,852.2226275390578
54,790.0,853.2035626358088
55,765.0,855.9766807320462
56,770.0,852.2437347031746
57,770.0,834.8669956558108
58,760.0,806.9238661967862
59,710.0,774.9539345152857
60,710.0,746.3657917290784
61,795.0,721.6698460197022
