,y_actual,y_predict
0,585.0,577.0550975363923
1,585.0,565.3556062854832
2,575.0,559.2288213019299
3,585.0,560.4475643030004
4,585.0,563.220142193628
5,575.0,566.7017477762012
6,590.0,558.098570243
7,600.0,563.3280110761207
8,575.0,566.2113467748935
9,575.0,572.2428481008494
10,580.0,582.0651914047288
11,575.0,585.5465386280972
12,575.0,582.8766467777347
13,575.0,574.6224733847396
14,580.0,565.4165555705903
15,585.0,563.1034108075078
16,590.0,564.1580409101307
17,580.0,566.3701633096449
18,590.0,574.491743627165
19,580.0,577.0110786082594
20,580.0,581.6681128797829
21,570.0,583.1627052207973
22,585.0,578.6879590263181
23,585.0,574.8074194299655
24,585.0,570.6561663614957
25,580.0,569.7807005382605
26,585.0,568.9158274424176
27,600.0,570.928167715103
28,605.0,571.1930289597806
29,580.0,574.8506671950178
30,585.0,584.1860307997849
31,585.0,587.0655498284884
32,600.0,585.4520652789145
33,595.0,583.4980476394218
34,595.0,580.6037825633838
35,590.0,584.1828052242597
36,615.0,588.5116019552878
37,625.0,592.3829032528059
38,610.0,595.3226786942039
39,610.0,606.7188973414044
40,640.0,617.7838760009882
41,625.0,624.5359235334322
42,720.0,633.0807170241977
43,740.0,639.2708888238775
44,760.0,656.9331558950275
45,760.0,690.3550428197013
46,760.0,726.7015481124312
47,800.0,757.0795799815498
48,800.0,779.2985968502019
49,805.0,803.0570431254828
50,845.0,821.099691279342
51,835.0,828.2669357545942
52,895.0,829.7568698008573
53,835.0,826.5731641248954
54,790.0,817.0000474192763
55,765.0,799.8548295355845
56,770.0,780.8261887078157
57,770.0,760.7741792411919
58,760.0,741.7301151518095
59,710.0,727.8084372360033
60,710.0,719.4205238092457
61,795.0,712.029187954723
