,y_actual,y_predict
0,1840.0,1754.64265835202
1,1825.0,1753.2028482453961
2,1930.0,1748.7020275241355
3,1950.0,1749.6190416672935
4,1960.0,1750.8673720413556
5,1925.0,1778.8459304244757
6,1880.0,1810.834603621409
7,1825.0,1831.322037571722
8,1805.0,1843.4304587511504
9,1695.0,1829.523607491616
10,1675.0,1807.3709443886346
11,1635.0,1783.793754748082
12,1670.0,1758.9082154507284
13,1700.0,1750.2886632345228
14,1725.0,1729.6900562765816
15,1640.0,1719.2863921281455
16,1585.0,1711.2088491165723
17,1510.0,1699.0983203275327
18,1515.0,1680.2248666226292
19,1420.0,1648.1373261387016
20,1375.0,1627.1056122043683
21,1380.0,1595.8324384767852
22,1300.0,1578.7669942776083
23,1220.0,1564.3688048277427
24,1135.0,1533.956100117067
25,1060.0,1481.5249224476165
26,1000.0,1432.3092227810928
27,1020.0,1380.600611871931
28,1080.0,1326.082217413805
29,1210.0,1274.4912927058447
30,1175.0,1237.0906179639976
31,1180.0,1215.2718818083422
32,1100.0,1201.4179791412375
33,1125.0,1193.3870346982972
34,1105.0,1189.6405750481235
35,1150.0,1188.571758623023
36,1130.0,1188.2724236682857
37,1170.0,1192.8132481797181
38,1170.0,1197.208443665747
39,1155.0,1197.8426573915056
40,1170.0,1195.2298741525365
41,1155.0,1190.307205169453
42,1155.0,1189.2188355661517
43,1155.0,1190.713987421925
44,1160.0,1194.806502972801
45,1150.0,1198.3841906842904
46,1160.0,1202.3402147172392
47,1170.0,1203.9211666804163
48,1160.0,1205.0385261139847
49,1145.0,1205.6378758975275
50,1160.0,1206.0824047582646
51,1170.0,1205.584600965545
52,1170.0,1205.7268306206079
53,1150.0,1205.5166679486526
54,1100.0,1205.210806202861
