,y_actual,y_predict
0,1840.0,1653.7220564893764
1,1825.0,1659.4050150454216
2,1930.0,1662.1932873788685
3,1950.0,1658.0801444487638
4,1960.0,1661.1595388582045
5,1925.0,1670.1746146123132
6,1880.0,1702.8482609329353
7,1825.0,1744.7742318624973
8,1805.0,1752.4395672265346
9,1695.0,1738.2323204087168
10,1675.0,1709.996307313459
11,1635.0,1696.0819094517678
12,1670.0,1675.7874917494107
13,1700.0,1654.6168659454675
14,1725.0,1639.6376357207155
15,1640.0,1616.157804046726
16,1585.0,1634.122633254473
17,1510.0,1632.9049652008855
18,1515.0,1617.941467262071
19,1420.0,1587.4697766772404
20,1375.0,1559.737747429982
21,1380.0,1532.335630473677
22,1300.0,1485.0625315827867
23,1220.0,1436.421434283724
24,1135.0,1395.0416741805357
25,1060.0,1356.5932931034051
26,1000.0,1318.286251046308
27,1020.0,1263.2834191196428
28,1080.0,1204.6595915033454
29,1210.0,1156.9043667157478
30,1175.0,1129.7323565371878
31,1180.0,1125.2961510473665
32,1100.0,1148.643760812577
33,1125.0,1179.4818967214146
34,1105.0,1202.8166704642179
35,1150.0,1198.177046653198
36,1130.0,1170.4497969206388
37,1170.0,1149.5544657243822
38,1170.0,1139.3758262950316
39,1155.0,1144.4620729789187
40,1170.0,1152.1711922329466
41,1155.0,1164.974172760425
42,1155.0,1171.0940727826066
43,1155.0,1174.766725303939
44,1160.0,1175.1600188548982
45,1150.0,1174.559853222474
46,1160.0,1173.1997243566407
47,1170.0,1174.1144541229294
48,1160.0,1175.1237135796575
49,1145.0,1176.737544252772
50,1160.0,1176.066073428077
51,1170.0,1175.3468754437963
52,1170.0,1180.0545410515592
53,1150.0,1176.659521904708
54,1100.0,1171.2598260804284
