,y_actual,y_predict
0,1840.0,1777.282165677742
1,1825.0,1758.3434304648122
2,1930.0,1755.48689877492
3,1950.0,1775.4563774651326
4,1960.0,1793.423355074935
5,1925.0,1787.29015671598
6,1880.0,1788.4913310246734
7,1825.0,1776.5740904332165
8,1805.0,1768.4628936552683
9,1695.0,1749.9037457320833
10,1675.0,1740.6735578228033
11,1635.0,1729.6531527121608
12,1670.0,1704.1425915864504
13,1700.0,1685.0533050598633
14,1725.0,1677.752151039186
15,1640.0,1680.2853482197343
16,1585.0,1667.9909814826592
17,1510.0,1674.2081170940714
18,1515.0,1681.3051321270377
19,1420.0,1675.2263508884996
20,1375.0,1655.410251788068
21,1380.0,1626.6332221043172
22,1300.0,1587.5981708950155
23,1220.0,1554.9238786940286
24,1135.0,1537.8936417734724
25,1060.0,1533.191537535587
26,1000.0,1531.5292692344854
27,1020.0,1521.668243174195
28,1080.0,1505.1231677880605
29,1210.0,1469.6745134770615
30,1175.0,1424.1494422022329
31,1180.0,1380.0048926159125
32,1100.0,1337.7815583664108
33,1125.0,1294.3222810483694
34,1105.0,1264.3227562051472
35,1150.0,1243.1097062593499
36,1130.0,1230.9516814679073
37,1170.0,1216.4893458997092
38,1170.0,1205.9755829446726
39,1155.0,1196.9501731047276
40,1170.0,1201.6627338057815
41,1155.0,1213.2231764862588
42,1155.0,1215.568769216434
43,1155.0,1214.2525058254796
44,1160.0,1209.3231196866025
45,1150.0,1200.152352770881
46,1160.0,1191.8100260047154
47,1170.0,1189.5747904332866
48,1160.0,1192.5301758126916
49,1145.0,1195.9619897441128
50,1160.0,1198.9045934910362
51,1170.0,1202.2463105109423
52,1170.0,1204.4849998426373
53,1150.0,1204.6597546731218
54,1100.0,1206.0680458179447
