,y_actual,y_predict
0,75.0,72.88658917702416
1,73.0,73.66945107824222
2,74.0,73.16166111237584
3,73.0,73.68181538684064
4,74.0,74.24655293120759
5,69.0,74.01887684024959
6,69.0,75.61157071915241
7,68.0,76.4104708795947
8,69.0,75.94287936252879
9,70.0,75.05271767726916
10,68.0,73.15799388075263
11,69.0,72.0989473773511
12,68.0,71.59203222562422
13,68.0,71.09548852632238
14,69.0,70.49452346369601
15,69.0,70.54183330485633
16,72.0,71.04871351776964
17,77.0,71.50404823027884
18,77.0,72.3651999498801
19,73.0,73.93520241317668
20,75.0,75.32302583977207
21,76.0,75.3384580449611
22,77.0,75.96950005085992
23,84.0,76.49237283377973
24,92.0,77.21432966396134
25,83.0,79.25241010011263
26,80.0,81.24433367595105
27,78.0,80.84955733394372
28,75.0,79.76902883540532
29,73.0,78.63257942196478
30,73.0,77.73260396149655
31,74.0,77.09213250733829
32,76.0,76.15619694491444
33,72.0,73.85262721493038
34,76.0,71.78668710636714
35,73.0,70.34348297267925
36,72.0,69.15309743770683
37,75.0,69.09061608865868
38,76.0,69.87582292178675
39,74.0,70.35179706650584
40,72.0,72.27274109879808
41,72.0,74.22702347822847
42,73.0,75.08029515157159
43,74.0,75.30515194903546
44,78.0,74.77551984949244
45,83.0,75.08631000270587
46,75.0,76.02217434370209
47,75.0,76.8626758806893
48,76.0,77.28903959775525
49,73.0,76.78336746151078
50,74.0,76.18939956819992
51,75.0,76.33196067792595
52,74.0,76.06356877496671
53,73.0,75.80526612632296
54,78.0,75.34766979753606
55,81.0,74.63182188452522
56,83.0,74.77077892125256
57,80.0,75.38159807310316
58,79.0,76.39827992126354
59,78.0,77.80706663599449
60,78.0,78.5618955145333
61,78.0,79.08574658423278
62,79.0,79.99463144215862
63,83.0,80.15124870533965
64,81.0,80.16591763183246
65,80.0,80.4509135340355
66,79.0,79.90651575436212
67,79.0,79.44184834723103
68,78.0,79.14350581824834
69,78.0,79.10304398454566
70,78.0,79.02808679145579
71,78.0,79.40397467333277
72,77.0,79.41303188884775
73,78.0,79.12634279798762
74,76.0,78.67445224621504
75,76.0,78.0604509747295
76,75.0,77.55392149375231
77,76.0,77.1809738474164
78,75.0,76.70419610998545
79,76.0,76.32145753304982
80,76.0,76.13683009179843
81,74.0,75.92055077306337
82,74.0,75.99156794302417
83,74.0,75.77768865202052
84,74.0,75.69958427810927
85,74.0,75.48333452298569
86,74.0,75.40979100804445
87,73.0,75.23477308432237
88,72.0,75.0842002358871
89,71.0,74.88244605698905
90,72.0,74.41960353096617
91,72.0,73.9424683425965
92,76.0,73.25690566193896
93,76.0,72.99337025406444
94,76.0,72.93980099007494
95,76.0,73.21077299003548
