,y_actual,y_predict
0,75.0,73.86029897210769
1,73.0,72.62099103534914
2,74.0,70.66735502396959
3,73.0,70.84121324784161
4,74.0,72.28636320468463
5,69.0,73.75173332797483
6,69.0,75.76737901441949
7,68.0,77.43875241385676
8,69.0,77.11352043643865
9,70.0,76.12729717089883
10,68.0,74.31853360614231
11,69.0,72.56559017124881
12,68.0,72.38421741486052
13,68.0,71.66375085945725
14,69.0,70.68439038318078
15,69.0,70.7552906424962
16,72.0,71.27211632306923
17,77.0,71.82293746923541
18,77.0,72.43409122741586
19,73.0,72.70794971089661
20,75.0,73.17945437508116
21,76.0,73.61796336126054
22,77.0,74.37114474035997
23,84.0,75.10170055007873
24,92.0,77.29180245162748
25,83.0,79.82095328755649
26,80.0,80.70507996467403
27,78.0,79.74235977025542
28,75.0,78.65104592873138
29,73.0,77.83985268111832
30,73.0,77.39967469469123
31,74.0,77.31779961651662
32,76.0,76.93333291211033
33,72.0,76.41606646496626
34,76.0,75.90698913820027
35,73.0,75.9593785453319
36,72.0,74.69132537161772
37,75.0,73.57487170993724
38,76.0,72.42199433512123
39,74.0,71.62504806063723
40,72.0,71.42802137197384
41,72.0,72.4782108861381
42,73.0,73.23992674234967
43,74.0,73.40574097629991
44,78.0,73.42254385802087
45,83.0,74.77637585042464
46,75.0,76.7274008573909
47,75.0,77.23593528874619
48,76.0,76.47541138359722
49,73.0,75.67108764425012
50,74.0,75.62110095245096
51,75.0,75.74569813680543
52,74.0,76.3177701444188
53,73.0,76.15066854956893
54,78.0,75.84705025973881
55,81.0,75.86108759998652
56,83.0,76.80310520357072
57,80.0,77.29539846182304
58,79.0,77.66581170037537
59,78.0,77.50747437252681
60,78.0,76.92179504083263
61,78.0,77.11575114530436
62,79.0,78.24936782724556
63,83.0,79.43994283809153
64,81.0,80.39981955060661
65,80.0,80.33851537081529
66,79.0,79.97813494695656
67,79.0,79.43525028667041
68,78.0,79.12167443497589
69,78.0,79.04009230531497
70,78.0,79.09152761407631
71,78.0,78.70395941806638
72,77.0,78.45654424124791
73,78.0,78.34663748419459
74,76.0,78.13220992257817
75,76.0,77.51941269635992
76,75.0,76.97729400237102
77,76.0,76.45842574500531
78,75.0,75.9693737336109
79,76.0,75.42665032938733
80,76.0,75.24109835337713
81,74.0,75.35903834994804
82,74.0,75.12091689753635
83,74.0,74.78594505393832
84,74.0,74.50334783566619
85,74.0,74.4039563176937
86,74.0,74.33904537730265
87,73.0,74.3279912742127
88,72.0,74.2162058840303
89,71.0,73.9824625337177
90,72.0,73.6192104081445
91,72.0,73.11656316687393
92,76.0,72.76280902338677
93,76.0,72.74480478399957
94,76.0,72.96819683889498
95,76.0,73.32737456128697
