,y_actual,y_predict
0,107.0,98.65635191765836
1,114.0,100.98269669370382
2,114.0,102.01866361251612
3,115.0,106.13085247433182
4,114.0,107.96763539490792
5,119.0,109.99746516997382
6,117.0,114.22792668565756
7,115.0,116.57797610339196
8,117.0,119.87369474924031
9,113.0,119.41436284813071
10,112.0,118.9581792197454
11,113.0,117.21308838055529
12,124.0,116.3380864367411
13,124.0,116.03709413441314
14,120.0,118.41206828568812
15,123.0,119.43146592140812
16,120.0,118.14103359578874
17,112.0,119.85196186313303
18,105.0,119.29250617444845
19,116.0,119.79232987388426
20,119.0,119.06182166507108
21,118.0,121.5401986007723
22,121.0,120.36486886894218
23,124.99999999999999,118.51542749540536
24,122.0,120.01591170569674
25,121.0,120.75513485630734
26,116.0,124.51723361244392
27,116.0,124.27776879920566
28,120.0,125.11360797331776
29,118.0,122.653793863645
30,118.0,120.99109190547213
31,122.0,121.12744806356983
32,121.0,120.55245799113138
33,124.0,121.01145218824632
34,128.0,119.28826853399946
35,129.0,119.90003566082297
36,130.0,121.30805433864384
37,129.0,122.43978757413242
38,124.99999999999999,124.57694185743341
39,126.0,124.92648727925018
40,121.0,125.82244865808714
41,121.0,126.81688887923481
42,117.0,125.86229772945579
43,116.0,125.45456917746408
44,108.0,125.89474999397389
45,110.0,148.7660798419313
46,114.0,158.5227295260601
