,y_actual,y_predict
0,61.0,58.1055368144166
1,61.0,58.203661666430634
2,59.0,58.29448213760652
3,57.0,58.42834071192045
4,57.0,58.574455303892265
5,54.0,58.56051923649284
6,54.0,58.6525809887748
7,54.0,58.76209275092865
8,54.0,58.716767655844414
9,54.0,58.634755011926146
10,54.0,58.59857957057729
11,51.0,58.48383630380931
12,51.0,58.208214154453294
13,51.0,57.81709638288809
14,53.0,57.34622935604285
15,52.0,56.93979809546373
16,52.0,56.6499949943882
17,53.0,56.35678205828783
18,53.0,55.98125975096912
19,52.0,55.540355859115365
20,51.0,55.061989302653686
21,52.0,54.64420822284725
22,51.0,54.21724208434349
23,54.0,53.834081156486434
24,52.0,53.628361468114974
25,52.0,53.54988636997711
26,51.0,53.50249177057
27,51.0,53.43240764841169
28,51.0,53.333038564878095
29,51.0,53.24352133349167
30,52.0,53.21390086795325
31,51.0,53.154799870773594
32,56.0,53.10482576699665
33,55.0,53.07371154925451
34,57.0,53.07337520211609
35,54.0,53.19287875031431
36,51.0,53.30865803370665
37,51.0,53.32935897776228
38,53.0,53.331350928359
39,51.0,53.36932022111276
40,51.0,53.491286100116305
41,50.0,53.628288972240526
42,50.0,53.635993766338686
43,50.0,53.64765127154476
44,50.0,53.70748228532058
45,50.0,53.641691436285015
46,51.0,53.5993277133744
47,50.0,53.51934874732941
48,50.0,53.516907490906185
49,50.0,53.506001076678395
50,50.0,53.50226838211968
51,50.0,53.53175144268677
52,50.0,53.475968396225966
53,50.0,53.19330108093172
54,50.0,52.906080856127176
55,50.0,52.65537073385933
56,50.0,52.538463549536644
57,51.0,52.463844220348996
58,50.0,52.41014079391447
59,50.0,52.3513618132934
60,50.0,52.314214421441804
61,50.0,52.26836668168132
62,50.0,52.22731462831301
63,50.0,52.2330628767764
64,50.0,52.239692034411846
65,50.0,52.24714224997416
66,50.0,52.25044839903904
67,51.0,52.24537621675363
68,50.0,52.24318532398983
69,50.0,52.245452927504495
70,50.0,52.260043143724516
71,50.0,52.24175900980885
72,50.0,52.22881175241787
73,50.0,52.228867388786625
74,50.0,52.23168798408777
75,50.0,52.23809543922345
