,y_actual,y_predict
0,236.0,237.70468889735412
1,242.0,235.75289976451597
2,232.0,236.4868148381296
3,232.0,234.3432203523898
4,226.0,231.40273005263688
5,220.0,227.98791324775735
6,222.0,220.9043632923264
7,218.0,219.54848791642286
8,216.0,215.41416550275494
9,216.0,212.61523096309887
10,214.0,211.06550994706504
11,214.0,210.5154582987049
12,212.0,210.58303758753078
13,218.0,210.61682213377475
14,224.0,213.02625044501082
15,220.0,216.6574345613382
16,224.0,218.43887959344295
17,220.0,219.37591744529277
18,222.0,219.30893311278768
19,218.0,219.71621206811378
20,218.0,219.20922720227247
21,220.0,217.9121403424103
22,216.0,218.1194553450046
23,210.0,216.02929629786968
24,208.0,211.80683469948457
25,204.0,208.05858438760694
26,202.0,206.22140311323344
27,206.0,203.32310016184906
28,216.0,202.38174365105024
29,212.0,206.02311696791534
30,210.0,209.3425113438626
31,212.0,208.91696819814013
32,212.0,210.1779472761509
33,216.0,210.5300431405433
34,214.0,212.76132919176325
35,212.0,213.0187979415854
36,214.0,211.87162223097312
37,214.0,211.5220101945112
38,218.0,212.08135478530113
39,216.0,213.9760627788917
40,216.0,214.88861361527938
41,214.0,214.39342234375604
42,216.0,213.98482551174678
43,220.0,214.0104223985974
44,220.0,215.63303295627412
45,220.0,217.19733014725907
46,218.0,216.71285981529877
47,220.0,216.5071854034845
48,220.0,217.0371635212747
49,216.0,216.8877790128812
50,216.0,215.8877986568993
51,216.0,215.22737164996767
52,214.0,214.7317806819957
53,216.0,214.11185454913166
54,218.0,213.37402204246834
55,218.0,213.90973050220006
56,218.0,216.1501300403014
57,216.0,216.18531862228443
58,216.0,215.47346842404713
59,214.0,214.03108833640366
60,212.0,213.25328312597978
61,214.0,211.46873636786324
62,212.0,211.36310128681598
63,212.0,210.3858567252491
64,212.0,210.33618628444123
65,212.0,209.9308339271754
66,212.0,208.91766970619275
67,206.0,208.74516194254122
68,200.0,206.7662138438748
69,194.0,202.94344971371498
70,188.0,197.29547175106205
71,182.0,191.06650848990262
72,178.0,186.559203013502
73,179.0,182.32872199530013
74,184.0,180.28109340330658
75,182.0,181.72348368728802
76,181.0,183.39155563745686
