,y_actual,y_predict
0,236.0,237.25532914539133
1,242.0,236.01257194297438
2,232.0,235.8024305154936
3,232.0,235.7886746359325
4,226.0,236.36515825122336
5,220.0,235.07886472492385
6,222.0,233.20050197092294
7,218.0,229.8673369307245
8,216.0,225.1984589445142
9,216.0,222.19644578951076
10,214.0,219.05057575211106
11,214.0,215.5269074313703
12,212.0,212.98049743725264
13,218.0,212.07452425849215
14,224.0,211.03553679195588
15,220.0,211.14566743841598
16,224.0,212.70880275668878
17,220.0,215.365235316084
18,222.0,217.97390465968945
19,218.0,218.89985450380914
20,218.0,220.46535435285816
21,220.0,220.56364195276117
22,216.0,217.94059934133028
23,210.0,217.10657203313318
24,208.0,216.2804484163168
25,204.0,214.64258515666435
26,202.0,212.59055072703214
27,206.0,211.14785761181287
28,216.0,208.74264242742777
29,212.0,205.99983464978487
30,210.0,204.03143364311904
31,212.0,204.54160945292938
32,212.0,205.42393120612476
33,216.0,205.78671487198181
34,214.0,205.37891437396834
35,212.0,206.84461144729138
36,214.0,208.45004117548146
37,214.0,208.621904530573
38,218.0,208.95512391447366
39,216.0,208.95655038215625
40,216.0,210.47999849413176
41,214.0,210.30077848119177
42,216.0,210.77038408183628
43,220.0,211.4817193650059
44,220.0,211.09583691510193
45,220.0,211.7015982952521
46,218.0,212.42162085837577
47,220.0,212.94519057774914
48,220.0,214.28833990422697
49,216.0,215.3430786736659
50,216.0,215.4374090748011
51,216.0,215.47789873289693
52,214.0,215.67400796005754
53,216.0,215.0075946831012
54,218.0,214.21513121720548
55,218.0,213.02126137684
56,218.0,212.67303196380743
57,216.0,212.670980460607
58,216.0,213.15769755563994
59,214.0,214.17135629901435
60,212.0,213.81589462345661
61,214.0,214.07838608936493
62,212.0,213.63900651301134
63,212.0,211.58699247605506
64,212.0,209.97991094111316
65,212.0,209.003261845684
66,212.0,207.84245770973527
67,206.0,207.32642512339248
68,200.0,206.35004827018724
69,194.0,206.03714508970035
70,188.0,204.7320852033592
71,182.0,201.5171268191134
72,178.0,197.72465600907515
73,179.0,193.1130868590848
74,184.0,188.68164825501557
75,182.0,184.68354585778258
76,181.0,181.47808230345842
