,y_actual,y_predict
0,63.0,49.751205962771095
1,59.0,49.003537278854324
2,57.00000000000001,49.49500553265324
3,58.0,50.09871368853288
4,54.99999999999999,50.88424266837787
5,53.0,52.50830865040066
6,52.00000000000001,53.804091710677305
7,56.0,55.3512705034151
8,54.0,55.61117518103801
9,54.0,55.23614417470705
10,54.99999999999999,54.23823432898006
11,54.0,53.21662571796509
12,53.0,52.306048317880666
13,53.0,51.808837277771175
14,53.0,51.47710267084988
15,52.00000000000001,51.56973892542013
16,51.0,51.38959583693191
17,51.0,51.40321014919073
18,51.0,50.901879937748504
19,52.00000000000001,50.554943483923374
20,51.0,50.227484396443785
21,53.0,49.82711898306937
22,53.0,49.388881246989115
23,53.0,49.041608043390795
24,52.00000000000001,49.01773488982741
25,51.0,48.99440294125665
26,50.0,49.03391691910677
27,51.0,49.248017614187546
28,51.0,49.37804512035909
29,51.0,49.423470259406386
30,51.0,49.48280436676404
31,51.0,49.28290729604517
32,51.0,48.815799280303
33,50.0,48.65802599817643
34,50.0,48.40589061889203
35,51.0,48.40824185391553
36,50.0,48.24560975363299
37,50.0,48.24657790923091
38,50.0,48.007034566108146
39,50.0,47.96584886616971
40,50.0,47.97427963727698
41,50.0,47.88603916992457
42,50.0,47.76339009181909
43,50.0,47.743383547258546
44,50.0,47.66902799466126
45,50.0,47.68140956221467
46,50.0,47.5873721880524
47,50.0,47.54001073780928
48,50.0,47.478920720920016
49,50.0,47.5021925356027
50,50.0,47.51011818205019
51,50.0,47.50075533567785
52,50.0,47.51976967108526
53,50.0,47.5080255227454
54,50.0,47.5291265040688
55,50.0,47.51175382380568
56,50.0,47.50504288189717
57,50.0,47.47958219368877
58,50.0,47.47816904731914
59,50.0,47.480724737562085
60,50.0,47.48032785390082
61,50.0,47.47907706902899
62,50.0,47.477868377878806
63,50.0,47.47736926660784
64,50.0,47.478391542705
65,50.0,47.47771804315863
66,50.0,47.47803073937659
67,50.0,47.47714075783317
68,50.0,47.476371044065885
69,50.0,47.47695434278016
70,50.0,47.476647659951
71,50.0,47.47634699051066
72,50.0,47.47619665579049
73,50.0,47.47588395957253
74,50.0,47.47585389262849
75,50.0,47.4759440934606
76,50.0,47.47588997296134
77,50.0,47.475799772129236
78,50.0,47.47582382568446
79,50.0,47.475859906017305
80,50.0,47.475817812295645
81,50.0,47.4760403076815
82,50.0,47.47601625412628
83,50.0,47.4760342942927
84,50.0,47.475775718574
85,50.0,47.47558930352099
86,50.0,47.47540288846798
87,50.0,47.47545700896724
88,50.0,47.47530066085825
89,50.0,47.475475049133664
90,50.0,47.47545700896724
