,y_actual,y_predict
0,108.0,101.00911404031363
1,103.0,104.00465606835547
2,103.0,106.63843135363666
3,113.0,104.336593844191
4,106.0,99.47122858430349
5,116.0,95.54344575061887
6,113.0,91.66043689185207
7,124.0,90.48218968460421
8,120.0,90.18637400914575
9,124.0,90.62824039097734
10,136.0,92.66816968242253
11,146.0,94.93585932682738
12,142.0,98.51865818327987
13,139.0,100.73729882559086
14,135.0,102.7628193333349
15,122.0,104.24041565643111
16,114.0,104.92256183997286
17,125.0,106.5913252443432
18,137.0,108.06828472844136
19,150.0,110.27596064955031
20,139.0,113.97152598918888
21,140.0,116.30855496679274
22,154.0,117.09858663630007
23,159.0,119.20901941227653
24,167.0,119.01263879292057
25,168.0,120.87179398133163
26,184.0,122.52914456956407
27,175.0,123.90947398230827
28,172.0,126.66803871309246
29,165.0,126.91166183343645
30,181.0,126.91212198319381
31,199.0,127.65453366358881
32,218.0,128.9681895808002
33,238.0,129.51446724904454
34,216.0,131.32730574675787
35,195.0,133.48082589896717
36,192.0,135.50393354808452
37,196.0,137.12944700834367
38,214.0,138.19102352014897
39,234.0,139.37513763680332
40,212.0,140.92012213413483
41,191.0,141.6278655256242
42,173.0,142.23089040496464
43,178.0,141.78626174689495
44,195.0,141.64316343851596
