,y_actual,y_predict
0,53.0,55.951958062656765
1,58.0,55.450002325683535
2,54.0,56.0984851686098
3,52.0,55.94187847081621
4,56.0,56.503880532200235
5,61.0,56.8299010942179
6,66.0,57.69157920960168
7,70.0,58.24994097744958
8,64.0,58.696376946872704
9,63.0,58.37147016652561
10,65.0,57.710754244158196
11,67.0,57.717013644235564
12,70.0,58.37519511805094
13,75.0,59.595323096444915
14,82.0,62.264944001629864
15,90.0,63.31065006662544
16,87.0,64.32284479570387
17,89.0,65.09411082417137
18,89.0,64.99983357093512
19,83.0,66.44100091359954
20,75.0,68.55040948020365
21,68.0,69.62009227508136
22,62.0,70.2836574678982
23,56.0,69.54747688483477
24,56.0,70.09538339101498
25,59.0,72.09662285746559
26,63.0,71.16588366460103
27,65.0,71.78864370661765
28,69.0,71.79559227563846
29,65.0,70.74326172298703
30,65.0,69.27728429835918
31,63.0,67.34567602803546
32,64.0,66.77698863106583
33,64.0,66.7008969721372
34,64.0,65.62607781832025
35,63.0,65.88658367893647
36,63.0,64.22067583053577
37,62.0,62.552408140685785
38,61.0,62.67897448011992
39,61.0,62.86256855753701
40,63.0,63.1691045542251
41,62.0,63.35685480980007
42,62.0,63.50662272940262
43,62.0,63.357079682583915
44,59.0,63.14957236877659
45,62.0,62.885539973797265
46,61.0,62.90021226155257
47,59.0,62.923551410953465
48,57.0,62.827782060657356
49,56.0,62.59767635485475
50,58.0,62.273692875702494
51,57.0,61.87488496189762
52,57.0,61.711354827923785
53,60.0,61.69001572351803
54,59.0,61.7608453593047
55,58.0,61.69559256855737
56,58.0,61.42730346405798
57,58.0,61.073089146070544
58,56.0,60.72170557959738
59,56.0,60.51547871787689
60,57.0,60.291037160665
61,57.0,60.063132562581906
62,57.0,59.895139365239295
63,57.0,59.67145708436815
64,58.0,59.6633510819011
65,54.0,59.58683348746425
66,55.0,59.600529562781446
67,57.0,59.602481987657654
68,56.0,59.50218343493871
69,61.0,59.411660234411585
70,65.0,59.32081427530059
71,62.0,59.230616478919515
72,63.0,59.13995835472208
73,58.0,59.21994692671663
74,60.0,59.4361237477317
75,61.0,59.57741793172657
