,y_actual,y_predict
0,53.0,58.24190111403661
1,58.0,57.87526852725663
2,54.0,57.73983690901469
3,52.0,58.16313743732347
4,56.0,57.57627238273274
5,61.0,58.019470184068496
6,66.0,57.60097135108535
7,70.0,57.3073377610656
8,64.0,57.091264116974884
9,63.0,56.443738967551575
10,65.0,56.74010806884773
11,67.0,56.89871745719863
12,70.0,58.35413908879661
13,75.0,58.6899641041899
14,82.0,60.18142358357057
15,90.0,61.745453478641096
16,87.0,63.054607269377996
17,89.0,64.75079093117066
18,89.0,66.70694208167937
19,83.0,68.80133443744701
20,75.0,69.11449227622877
21,68.0,70.28184128947338
22,62.0,71.2126982098542
23,56.0,71.25238031951625
24,56.0,71.97384628582978
25,59.0,70.56788740721
26,63.0,69.19831426779733
27,65.0,67.39296412891576
28,69.0,66.81383998921362
29,65.0,66.7781963301932
30,65.0,68.0684727121169
31,63.0,68.95639877249965
32,64.0,68.68648264727008
33,64.0,69.67782637816181
34,64.0,70.20081565711098
35,63.0,70.38886221564819
36,63.0,70.20766766311283
37,62.0,69.15155263378742
38,61.0,68.69948426251953
39,61.0,67.43396637409711
40,63.0,65.65168156893257
41,62.0,63.79273498619331
42,62.0,63.24182841252039
43,62.0,64.01549132030746
44,59.0,63.21876969270876
45,62.0,62.91722851738419
46,61.0,63.201697880071734
47,59.0,63.84582348211575
48,57.0,64.16911646954348
49,56.0,64.10068106751422
50,58.0,64.05703193738893
51,57.0,63.647485686764945
52,57.0,63.19145690893924
53,60.0,62.886873337127355
54,59.0,62.74072719212577
55,58.0,62.676805119146366
56,58.0,62.50287528031026
57,58.0,62.45407524065385
58,56.0,62.45076564238809
59,56.0,62.265454595127295
60,57.0,62.1866671083547
61,57.0,61.92379082404055
62,57.0,61.7796447240341
63,57.0,61.53512335000598
64,58.0,61.364802057960034
65,54.0,61.21142294600516
66,55.0,61.01278355656779
67,57.0,60.89362214562754
68,56.0,60.73330107855727
69,61.0,60.637531728261166
70,65.0,60.619573652299565
71,62.0,60.39991791704031
72,63.0,60.42291843448436
73,58.0,60.49936195318065
74,60.0,60.74995753793473
75,61.0,60.97150220457827
