,y_actual,y_predict
0,127.0,124.78264228251935
1,127.0,124.73319075734722
2,126.0,124.93572607913687
3,118.0,124.72049872872734
4,120.0,124.84576856657148
5,117.0,124.98312867902692
6,128.0,125.11459644853907
7,140.0,125.1981917923245
8,154.0,125.23581420681748
9,169.0,125.60669660699094
10,163.0,127.84916859449636
11,149.0,132.78464054554388
12,139.0,136.6951990028025
13,133.0,140.72362022098312
14,120.0,142.74476789184868
15,129.0,142.6881451281893
16,125.0,139.3779042358357
17,121.0,135.20872192650017
18,121.0,131.90121988991953
19,117.0,130.29947591616698
20,116.0,129.48929356973036
21,115.0,129.99891661644384
22,119.0,132.47699010658067
23,120.0,134.13708587711298
24,117.0,134.06074792898832
25,115.0,134.25431381784554
26,116.0,134.52035909235053
27,115.0,131.0000501834531
28,113.0,127.78992207566299
29,114.0,126.00321211248377
30,109.0,124.17909512774528
31,118.0,122.69695211906237
32,111.0,121.52308486195338
33,111.0,120.81180489275809
34,120.0,120.5653199890472
35,121.0,120.3620307919895
36,118.0,119.77579045944043
37,119.0,119.97270133324814
38,115.0,120.07627975646011
39,116.0,120.09933487760395
40,117.0,119.9032761520903
41,115.0,119.6029699390643
42,116.0,119.3921298734736
43,112.0,119.07988416088992
44,116.0,118.95402064627218
45,116.0,118.73748612999609
46,123.0,118.74780883634497
47,122.0,118.39268108306784
48,124.0,118.25267836855674
49,120.0,118.38508444353644
50,116.0,118.79532317131938
51,123.0,119.02506531305048
52,120.0,119.31580404120149
53,120.0,119.40477882350675
54,120.0,119.43889841041499
55,112.0,119.78338709897183
56,116.0,119.86897886601173
57,116.0,119.86713994884003
58,115.0,120.01452660236048
59,115.0,120.25653267925567
60,115.0,120.59240026564007
61,115.0,120.73182411164179
62,113.0,120.64955208819295
63,113.0,120.48399165588926
64,114.0,120.29587689101265
65,114.0,120.02524509322508
66,114.0,119.5384651402363
67,114.0,119.02095803904547
68,119.0,118.51563948549193
69,121.0,118.05466764458119
70,122.0,117.84320967051187
71,122.0,117.87502859164675
72,121.0,118.17924149400824
73,121.0,118.2860992746362
74,122.0,118.17553269693062
75,122.0,118.09102597179437
76,130.0,118.37801282428102
77,138.0,118.69965639980438
78,148.0,119.13717733505557
79,146.0,120.29618921076656
80,140.0,122.19949810000156
81,137.0,123.98839430145811
82,137.0,125.25660097112801
83,137.0,126.43775927904368
84,137.0,127.05036370668097
85,137.0,127.40035029987119
