,y_actual,y_predict
0,127.0,126.30702519171203
1,127.0,126.08549490557928
2,126.0,125.42697678170634
3,118.0,125.20508975102712
4,120.0,124.62773976181765
5,117.0,124.55394614272267
6,128.0,124.00262908196582
7,140.0,123.94354545403857
8,154.0,123.99618210221819
9,169.0,124.65954252848249
10,163.0,126.80913371745011
11,149.0,132.71293623790604
12,139.0,138.67352407637605
13,133.0,142.891401343204
14,120.0,146.3908714905905
15,129.0,145.08791386347536
16,125.0,140.78384745076787
17,121.0,136.99587460208917
18,121.0,133.25525896092248
19,117.0,130.25825509347493
20,116.0,128.72523762005144
21,115.0,125.22469320040798
22,119.0,122.71051245044634
23,120.0,121.71051844667709
24,117.0,120.57795009219863
25,115.0,119.74211108184049
26,116.0,118.82591300652618
27,115.0,118.96797541596605
28,113.0,119.22430781536579
29,114.0,119.1226921602624
30,109.0,119.01280137788638
31,118.0,119.16173482191215
32,111.0,118.52118316112374
33,111.0,117.87425721570284
34,120.0,118.03411781249777
35,121.0,118.42054754386882
36,118.0,118.39104544297734
37,119.0,119.13887624682033
38,115.0,120.19742212721171
39,116.0,121.25890408253096
40,117.0,120.99079642068551
41,115.0,121.32746769195387
42,116.0,120.5005971048738
43,112.0,119.9341029195242
44,116.0,119.31283161871605
45,116.0,118.57371615145401
46,123.0,117.87738175944772
47,122.0,117.96546535348968
48,124.0,118.01393414840167
49,120.0,118.67732688360604
50,116.0,119.82580604485776
51,123.0,120.68026712054247
52,120.0,121.19354444299722
53,120.0,121.5289677814558
54,120.0,121.89317434688954
55,112.0,121.83924668731339
56,116.0,121.37696498812443
57,116.0,120.91814976896262
58,115.0,120.31825083200357
59,115.0,119.68221299938259
60,115.0,119.22521246568743
61,115.0,118.83380850375312
62,113.0,118.35845783831024
63,113.0,118.03768795037429
64,114.0,117.86737675767608
65,114.0,117.63156726624305
66,114.0,117.54339886123344
67,114.0,116.78873875518545
68,119.0,116.6265976857047
69,121.0,116.32600069221814
70,122.0,116.60788677079296
71,122.0,117.15718586900195
72,121.0,118.34504828197987
73,121.0,119.45961113340455
74,122.0,120.67755855440085
75,122.0,121.40035262210971
76,130.0,122.00882689024277
77,138.0,122.55942776949497
78,148.0,123.1004207776971
79,146.0,123.77208056293908
80,140.0,125.70862794736281
81,137.0,128.79460760677
82,137.0,133.05615377160242
83,137.0,137.06005448151802
84,137.0,141.416149898746
85,137.0,143.787294595897
