,y_actual,y_predict
0,157.0,174.46871436529082
1,157.0,175.066643384087
2,154.0,175.77551735342092
3,144.0,176.8584617335396
4,134.0,178.8016613084141
5,125.0,180.35653209911015
6,123.0,180.81602937080362
7,144.0,180.10431767403352
8,134.0,177.68610720223802
9,128.0,173.571000095513
10,122.0,171.82106102412092
11,124.0,171.7550691093392
12,123.0,171.7935956848523
13,118.0,172.69175519352845
14,111.0,172.88247300739894
15,106.0,171.80930242574655
16,103.0,168.91357591768661
17,96.0,165.62439769595574
18,90.0,162.29778722082318
19,84.0,158.4540451761257
20,79.0,156.3576351413194
21,74.00000000000003,153.60748566003127
22,69.0,153.65743824582603
23,69.0,151.4440859461651
24,65.0,149.42493290669992
25,61.00000000000003,148.20240344980223
26,56.99999999999997,146.6841495352483
27,54.0,144.7867344663616
28,51.0,140.749544166839
29,50.0,138.072199291909
30,50.0,135.94314198077674
31,62.0,134.4852796266693
32,57.99999999999997,133.5632274185591
33,54.0,135.5889249333969
34,51.0,140.06085078467862
35,50.0,149.6826779498988
36,57.99999999999997,146.2077653713639
37,56.99999999999997,144.72253423582123
38,54.0,152.38060037198395
39,53.0,159.6381553439918
40,52.0,177.56216985878842
41,51.0,178.9117586957479
42,50.0,182.7053711319561
43,51.0,185.5913238415497
44,51.0,186.2692242036694
45,53.0,184.67246340626468
46,52.0,191.5810261825426
47,51.0,195.64409398140734
48,50.0,193.6605868754265
49,50.0,189.50881997796677
50,50.0,181.03500107958186
51,50.0,180.00334500195285
52,50.0,172.86125710567876
53,50.0,164.43908591949662
54,50.0,161.5186727920394
55,50.0,156.03373725361655
56,50.0,152.19956516307047
57,50.0,146.7882817942097
58,50.0,141.26245937768027
59,50.0,139.2496040546802
60,50.0,138.77196463896203
61,50.0,135.81012820099073
62,50.0,134.82298528454353
