,y_actual,y_predict
0,157.0,162.5657673943589
1,157.0,164.10223855347454
2,154.0,166.60687365045686
3,144.0,168.72069628121358
4,134.0,170.80404955121912
5,125.0,171.6823503321663
6,123.0,171.90066759340726
7,144.0,170.66831069480253
8,134.0,170.12193283037578
9,128.0,169.7305088312055
10,122.0,169.64283431850896
11,124.0,162.8710618061665
12,123.0,157.49247935687242
13,118.0,153.55591304836554
14,111.0,149.79228181941755
15,106.0,149.3724483599413
16,103.0,146.8348870417811
17,96.0,146.09659511921495
18,90.0,143.9027904164866
19,84.0,141.78862446898904
20,79.0,139.98426969417105
21,74.00000000000003,138.7379977389134
22,69.0,136.95078734384202
23,69.0,131.36745937321896
24,65.0,128.30767037762172
25,61.00000000000003,125.18655642918876
26,56.99999999999997,122.59129644126818
27,54.0,120.26769655319933
28,51.0,117.9559625499864
29,50.0,115.91180103167935
30,50.0,113.63381935555196
31,62.0,111.40069415734726
32,57.99999999999997,108.71964789880488
33,54.0,103.14435568564753
34,51.0,106.98311963760256
35,50.0,113.57371746860557
36,57.99999999999997,133.68806596845346
37,56.99999999999997,151.11560692570143
38,54.0,163.37543701307897
39,53.0,173.64432504130644
40,52.0,191.19275640592895
41,51.0,201.1508086755784
42,50.0,211.94154351423356
43,51.0,229.61782281455694
44,51.0,238.83585584928778
45,53.0,237.65028122094898
46,52.0,233.4862568429758
47,51.0,207.70544944230062
48,50.0,181.46017740583773
49,50.0,179.0024372299269
50,50.0,175.1986808568912
51,50.0,157.49695320315172
52,50.0,135.5684654013714
53,50.0,122.6040420752725
54,50.0,119.56560308949736
55,50.0,115.63834924758623
56,50.0,113.48295310524134
57,50.0,112.05670807723726
58,50.0,111.34282382921643
59,50.0,111.28589762212297
60,50.0,110.10837484422211
61,50.0,106.68186992614815
62,50.0,105.91260439636773
