,y_actual,y_predict
0,157.0,206.88233682744635
1,157.0,205.59795134962945
2,154.0,205.20439234947693
3,144.0,206.2550488629828
4,134.0,207.91730269303017
5,125.0,211.02095576659605
6,123.0,213.57810759628146
7,144.0,213.38125835999222
8,134.0,212.53010642319316
9,128.0,211.25828955668612
10,122.0,209.31949945620198
11,124.0,207.82281548875727
12,123.0,204.77960761887863
13,118.0,201.74079313041813
14,111.0,200.36989719822918
15,106.0,200.0985106789053
16,103.0,201.85054183668697
17,96.0,201.32433919510967
18,90.0,201.47066722725208
19,84.0,199.43385483292903
20,79.0,199.351303249725
21,74.00000000000003,198.03088024276622
22,69.0,195.29889972712317
23,69.0,193.67050551064284
24,65.0,191.28608491620145
25,61.00000000000003,190.17009093545113
26,56.99999999999997,188.9284108416025
27,54.0,189.05411841199714
28,51.0,188.5589483851989
29,50.0,186.94074638446284
30,50.0,186.17847593327738
31,62.0,184.71615582586287
32,57.99999999999997,183.5381878090637
33,54.0,180.3863684696203
34,51.0,184.8501727342511
35,50.0,191.23130443873833
36,57.99999999999997,195.91986315350124
37,56.99999999999997,194.55144553903534
38,54.0,201.23174559723557
39,53.0,209.07391533568318
40,52.0,222.33806758736097
41,51.0,231.0763583913359
42,50.0,232.9739290256208
43,51.0,228.04297259884024
44,51.0,223.80535505886976
45,53.0,220.76223301817635
46,52.0,223.33310142452382
47,51.0,222.86947898761596
48,50.0,217.0899052671622
49,50.0,215.57459636652595
50,50.0,205.58274885519833
51,50.0,199.51229734389094
52,50.0,200.06118571198522
53,50.0,199.1401741827457
54,50.0,200.71218398886424
55,50.0,198.4850078260597
56,50.0,201.35721713737087
57,50.0,194.40901737049612
58,50.0,190.02500206217024
59,50.0,188.98626507676107
60,50.0,192.16718587431623
61,50.0,190.3541623517916
62,50.0,185.79092497608988
