,y_actual,y_predict
0,55.0,58.34420828614905
1,56.0,57.805992897339095
2,57.0,57.35867850924215
3,56.0,56.82573914374129
4,55.0,56.48773954255393
5,55.0,56.02408865717338
6,54.0,55.69742843868172
7,55.0,55.27186602553805
8,53.0,54.95168752951477
9,54.0,54.72839785581244
10,54.0,54.313826189462986
11,55.0,53.9042138688121
12,55.0,53.49223372933032
13,55.0,53.01434978327179
14,56.0,52.56139039887001
15,56.0,52.18061026727167
16,55.0,51.873235424730304
17,56.0,51.74239237090421
18,55.0,51.7095276265912
19,54.0,51.850850094556
20,54.0,51.91702990455477
21,53.0,51.90882824497241
22,53.0,51.83137006356071
23,52.0,51.711677547983676
24,53.0,51.594864183893044
25,56.0,51.462652734153636
26,55.0,51.33047033740602
27,55.0,51.21859017132135
28,53.0,51.11805810382992
29,55.0,51.099449662588334
30,55.0,51.13550733069908
31,55.0,51.19130360143205
32,55.0,51.19878184151883
33,58.0,51.180635342846706
34,56.0,51.136114538227496
35,56.0,51.07457739631679
36,56.0,51.09703826426975
37,55.0,51.113450299332
38,55.0,51.12927546396009
39,54.0,51.214174116569254
40,54.0,51.230519329750386
41,55.0,51.303686384274684
42,56.0,51.50925954358338
43,56.0,51.747395296090474
44,56.0,51.97187033185784
45,55.0,51.98129221709539
46,54.0,51.98003712785005
47,54.0,51.995836144785535
48,54.0,51.98485411388886
49,54.0,52.078584876002225
50,54.0,52.209201316492354
51,54.0,52.252254945026166
52,53.0,52.14281232495269
53,56.0,51.94698353909041
54,54.0,51.75118380621991
55,53.0,51.588431851510705
56,53.0,51.47971265093281
57,54.0,51.35662093531633
58,53.0,51.25456068045673
59,52.0,51.242518215359716
60,52.0,51.32030469557865
61,52.0,51.24629800959161
62,52.0,51.05874351579116
63,51.0,50.90922229354319
64,50.0,50.69717612766364
65,50.0,50.51953160936281
66,50.0,50.36125672068846
67,50.0,50.21625033336468
68,50.0,50.02796951476947
69,50.0,49.81802388019635
