,y_actual,y_predict
0,3500.0,3507.2228937347477
1,3530.0,3507.2151442059526
2,3540.0,3507.5132803297806
3,3540.0,3508.077732016
4,3540.0,3508.9004228166477
5,3540.0,3509.1527902568746
6,3540.0,3507.1615346106387
7,3540.0,3504.859894955503
8,3530.0,3504.4207060812664
9,3530.0,3504.2256910747083
10,3540.0,3503.4764605557407
11,3530.0,3504.0768630538373
12,3530.0,3507.235518735238
13,3490.0,3510.1718976978386
14,3600.0,3512.2003577751257
15,3620.0,3509.846598967185
16,3690.0,3510.8366440663117
17,3680.0,3511.689215793801
18,3500.0,3518.089276318754
19,3580.0,3519.826872293089
20,3570.0,3518.773464081091
21,3540.0,3513.537552418784
22,3540.0,3510.219671657285
23,3500.0,3508.747849383255
24,3520.0,3506.9366991701563
25,3530.0,3504.197940270796
26,3530.0,3503.415832494969
27,3500.0,3502.1259343028373
28,3540.0,3501.178704031044
29,3530.0,3501.0975006559856
30,3530.0,3501.3610271087778
31,3530.0,3500.7702507069876
32,3530.0,3500.960727457685
33,3480.0,3501.9303117929426
34,3480.0,3502.335259101979
35,3480.0,3501.532355920614
36,3480.0,3499.8322977319153
37,3480.0,3496.4735694499686
38,3470.0,3491.4528030994416
39,3470.0,3488.2792756526933
40,3470.0,3487.6664851383257
41,3450.0,3485.662063594825
42,3450.0,3483.6369615179747
43,3450.0,3481.0031250090196
44,3450.0,3478.426551481442
45,3450.0,3475.1661756729873
46,3450.0,3472.214669619882
47,3450.0,3471.3678665999264
48,3450.0,3471.3443258456223
49,3450.0,3471.2903198286394
50,3460.0,3471.272671341869
51,3600.0,3471.3046579370566
52,3600.0,3472.1267386602008
53,3600.0,3476.4597150238906
54,3460.0,3494.329167618253
55,3450.0,3507.7448768190525
56,3450.0,3513.9419179661504
57,3450.0,3507.1500615497384
58,3450.0,3498.283101155766
59,3450.0,3473.7389958846356
60,3490.0,3470.677450641303
61,3390.0,3471.3825741012624
62,3450.0,3474.0717880145
63,3450.0,3472.653890671202
64,3450.0,3468.47484561383
65,3450.0,3462.3427210891955
66,3450.0,3454.9682226377067
67,3450.0,3459.8282853711476
68,3450.0,3462.935775628499
69,3470.0,3464.634233972605
70,3470.0,3471.3659527069985
71,3450.0,3471.090119163301
72,3450.0,3473.388439430501
73,3500.0,3472.6749267613254
74,3490.0,3472.3354714010056
75,3580.0,3475.3741631925377
76,3580.0,3475.886466123036
77,3580.0,3489.309043280985
78,3580.0,3496.1615148068922
79,3380.0,3499.155928357332
80,3390.0,3506.2432135177646
81,3390.0,3510.7528343474883
82,3390.0,3504.427777317141
83,3420.0,3483.4092333576837
84,3420.0,3450.271611766056
85,3420.0,3443.9189545205472
