,y_actual,y_predict
0,6775.0,6728.4146728752585
1,6800.0,6734.19155876661
2,6625.0,6733.6762989365325
3,6575.0,6735.200492393647
4,6575.0,6733.157624366751
5,6550.0,6723.9692915578225
6,6550.0,6723.023164750309
7,6925.0,6711.85038035439
8,7075.0,6695.169742773665
9,7100.0,6684.35501822653
10,7125.0,6680.444043672503
11,7000.0,6671.714017713616
12,7025.0,6662.967893696134
13,7025.0,6663.9303624722215
14,6975.0,6678.610450407361
15,6975.0,6690.82826710717
16,7000.0,6706.076665292763
17,7050.0,6718.524001282562
18,6975.0,6736.660171661388
19,6975.0,6746.303396580659
20,7100.0,6754.208640946452
21,7000.0,6764.228218962911
22,6950.0,6783.510766241792
23,6750.0,6803.742367247933
24,6850.0,6815.896645398281
25,6825.0,6827.32187662219
26,6750.0,6835.761405796403
27,6825.0,6841.046203305656
28,6750.0,6835.037724889496
29,6725.0,6821.804145083244
30,6775.0,6806.650749834369
31,6725.0,6792.984717635822
32,6725.0,6781.330698851858
33,6725.0,6768.91226619454
34,6725.0,6753.793262252666
35,6775.0,6745.102139935389
36,6700.0,6726.88925986825
37,6700.0,6710.862179075545
38,6725.0,6700.60856943449
39,6600.0,6681.171261274101
40,6625.0,6668.935639145844
41,6600.0,6659.107896327661
42,6500.0,6643.881693950134
43,6425.0,6633.52161760336
44,6375.0,6623.7986341210435
45,6500.0,6613.6388078668115
46,6525.0,6600.557915707249
47,6550.0,6589.330983296051
48,6400.0,6573.908555340631
49,6400.0,6558.331000638736
50,6550.0,6543.906896226279
51,6500.0,6531.737739567227
52,6525.0,6515.530531255227
53,6525.0,6500.447747945196
54,6425.0,6485.338622357462
55,6450.0,6473.133976796505
56,6525.0,6468.455417539397
57,6450.0,6456.128451124105
58,6500.0,6442.422661599022
59,6475.0,6435.997950804151
60,6500.0,6430.115695801986
61,6500.0,6424.899315041767
62,6500.0,6422.00642073898
63,6500.0,6419.073891064648
64,6450.0,6418.294842592568
65,6400.0,6418.652902441351
66,6400.0,6418.031541770523
67,6450.0,6418.502288029482
68,6400.0,6416.667109349479
69,6400.0,6413.407008573706
70,6425.0,6407.851105123089
71,6350.0,6405.328344213031
72,6375.0,6400.394777073157
73,6375.0,6393.770304005701
74,6375.0,6384.719292514799
75,6400.0,6377.920789677516
76,6375.0,6374.454463014722
