,y_actual,y_predict
0,1455.0,1426.2293206104878
1,1450.0,1425.7089497824304
2,1500.0,1422.7435462698322
3,1515.0,1425.4666635125245
4,1500.0,1430.4111461186985
5,1490.0,1437.2870087587753
6,1545.0,1442.3059191733514
7,1610.0,1450.14348891091
8,1610.0,1460.0778498078153
9,1560.0,1467.421729479065
10,1535.0,1474.1865022568259
11,1565.0,1485.4648825333165
12,1530.0,1496.095966415519
13,1500.0,1504.9320972523988
14,1500.0,1515.1372486862576
15,1485.0,1521.8655513580316
16,1485.0,1524.4559366097237
17,1500.0,1525.545001156271
18,1580.0,1528.797414805591
19,1620.0,1532.2627946790826
20,1620.0,1533.139996702034
21,1615.0,1534.1132206750908
22,1615.0,1531.696500309671
23,1585.0,1532.4341082032588
24,1575.0,1533.9798648533301
25,1550.0,1538.8118659747229
26,1510.0,1534.825923325248
27,1510.0,1539.9116316181585
28,1500.0,1542.1040608317578
29,1480.0,1543.7012595260637
30,1480.0,1539.8370598488111
31,1500.0,1544.914946263727
32,1590.0,1542.5517313827488
33,1590.0,1545.4602703221963
34,1550.0,1540.854959701702
35,1550.0,1540.8197852442172
36,1530.0,1537.3654423764847
37,1485.0,1533.1728197974223
38,1465.0,1528.2447487389427
39,1495.0,1526.8336435591339
40,1495.0,1524.2665799804806
41,1485.0,1524.551862585866
42,1580.0,1519.8906951188337
43,1565.0,1519.4592921545923
44,1590.0,1518.5272889986973
45,1545.0,1521.4491203320374
