,y_actual,y_predict
0,1455.0,1477.078005817819
1,1450.0,1477.5740472462244
2,1500.0,1481.630482771614
3,1515.0,1486.3713566150207
4,1500.0,1489.3169894912155
5,1490.0,1498.4029405541066
6,1545.0,1508.9513908540594
7,1610.0,1524.0102815119585
8,1610.0,1526.7242332411727
9,1560.0,1529.389094288249
10,1535.0,1533.4518640952047
11,1565.0,1542.1880860364727
12,1530.0,1552.603612397499
13,1500.0,1558.1902088039524
14,1500.0,1567.7437450151826
15,1485.0,1572.4122065034126
16,1485.0,1584.4966720961797
17,1500.0,1587.1006856506356
18,1580.0,1582.5566544055955
19,1620.0,1578.5542042344632
20,1620.0,1564.2814842954924
21,1615.0,1562.8175454489838
22,1615.0,1557.966493495911
23,1585.0,1556.1428922225962
24,1575.0,1562.3481367953455
25,1550.0,1565.7849164278264
26,1510.0,1575.278133003233
27,1510.0,1590.8983753714433
28,1500.0,1596.2866415831015
29,1480.0,1601.9854315524467
30,1480.0,1599.665404954874
31,1500.0,1592.742707020793
32,1590.0,1589.754029822137
33,1590.0,1579.0176625023878
34,1550.0,1573.1975614436542
35,1550.0,1567.8692789589486
36,1530.0,1562.9101123364167
37,1485.0,1563.1032119502217
38,1465.0,1565.4730970216372
39,1495.0,1568.2806713518785
40,1495.0,1571.3094176801387
41,1485.0,1572.6348660978597
42,1580.0,1571.783864966841
43,1565.0,1567.0518687150234
44,1590.0,1564.1709222899738
45,1545.0,1558.3921380223649
