,y_actual,y_predict
0,27.0,25.69563659467069
1,27.0,25.79873800566479
2,26.0,25.9146543393311
3,27.0,25.97699655865738
4,28.0,26.055799945017586
5,28.0,26.16049337819779
6,28.0,26.35848444703897
7,28.0,26.492578935107655
8,28.0,26.64001559620696
9,28.0,26.833634595517708
10,28.0,26.928171611891308
11,27.0,27.03961658862203
12,27.0,27.1876797874849
13,28.0,27.220177582303123
14,27.0,27.408696975062906
15,27.0,27.50678608394851
16,27.0,27.454386299952205
17,27.0,27.48226551857892
18,27.0,27.50038889372328
19,27.0,27.42709424649735
20,27.0,27.382175254923908
21,27.0,27.35023894750035
22,27.0,27.35830176953964
23,26.0,27.39204236877411
24,27.0,27.413560346063676
25,27.0,27.421751556988937
26,27.0,27.389190423653634
27,27.0,27.305563038884358
28,27.0,27.280498104638234
29,27.0,27.270298891536306
30,26.0,27.24309071882029
31,27.0,27.20461000191559
32,26.0,27.164400314679746
33,27.0,27.115811112819205
34,27.0,27.042165535971606
35,26.0,27.00256184427757
36,27.0,26.997054816995107
37,26.0,27.011982164804575
38,26.0,26.979547708503432
39,26.0,26.950798869155705
40,26.0,26.92967804148676
41,26.0,26.877618916001246
42,26.0,26.827131270480077
43,26.0,26.797557318558475
44,25.0,26.778489001213334
45,24.0,26.675144507261784
46,24.0,26.61220313980095
47,25.0,26.566344341582166
48,25.0,26.562547454260905
49,25.0,26.47015025265357
50,24.0,26.363585765441744
