,y_actual,y_predict
0,114.00000000000001,100.38680860969603
1,110.0,104.57918107955973
2,109.0,106.07223311328795
3,105.0,112.05076485248418
4,101.0,108.43896467242118
5,101.0,110.070263779101
6,101.0,105.93139663341003
7,100.0,98.92005949895642
8,100.0,91.20011071642332
9,93.0,89.73768182671344
10,94.0,90.0857798883587
11,91.0,88.15216070879981
12,85.0,92.05995735745861
13,80.0,94.60166468252496
14,81.0,98.68746261468345
15,81.0,100.06250583485806
16,81.0,99.18903073631571
17,82.0,97.93751585498507
18,83.0,96.6166321249435
19,88.0,95.52829076534485
20,89.0,93.9438871809468
21,89.0,92.19945824850086
22,90.0,90.89317059644935
23,90.0,89.72380805697125
24,90.0,88.94743571816667
25,90.0,88.88624394395998
26,90.0,89.1654774098221
27,89.0,89.65405761145013
28,91.0,90.22079701688114
29,91.0,90.88041436022274
30,101.0,91.57248106088866
31,97.0,91.9224598496699
32,101.0,92.55454770884725
33,100.0,93.59802418633268
34,96.0,94.68873689753755
35,94.0,96.38482569120592
36,94.0,97.47611079762609
37,94.0,98.32241075189938
38,92.0,98.08377646095082
39,90.0,97.9522618460077
40,90.0,96.72446048073934
41,90.0,96.23946456343566
42,90.0,94.64185500371326
43,89.0,93.93967598757712
44,90.0,94.57521184650375
45,88.0,94.35271364924353
46,88.0,95.13648624047443
47,87.0,95.11070119887108
48,85.0,94.91641390865047
49,83.0,95.00851502448316
50,83.0,94.20329124113613
51,80.0,93.38749177476365
52,79.0,92.66119038884
53,81.0,92.21102880892437
54,80.0,91.56275034222861
55,78.0,91.10483416999148
56,73.0,90.73618439442555
57,68.0,90.25306920425786
58,64.0,89.9100136718902
59,60.0,89.31281466393091
60,56.0,88.4170842942795
61,58.0,87.34933553397403
62,58.0,86.15511468800307
