,y_actual,y_predict
0,114.00000000000001,104.47579560091117
1,110.0,112.97815412892447
2,109.0,124.2320982276128
3,105.0,130.4027844034298
4,101.0,140.45933903977675
5,101.0,137.99516400946806
6,101.0,138.66404188968573
7,100.0,130.0883690745132
8,100.0,125.9050322719767
9,93.0,110.69387473770897
10,94.0,99.12854764189939
11,91.0,96.25707253053477
12,85.0,94.53042873513556
13,80.0,92.70987123905522
14,81.0,90.4621024855011
15,81.0,89.00046404632664
16,81.0,87.25027027635522
17,82.0,85.67931797951664
18,83.0,83.66993820467601
19,88.0,81.60992871019664
20,89.0,79.82823957492641
21,89.0,78.68657006110266
22,90.0,77.3585722762424
23,90.0,76.86557645438208
24,90.0,77.1032840102202
25,90.0,77.8414557826325
26,90.0,78.79565223498915
27,89.0,79.67746794952583
28,91.0,80.39008636411239
29,91.0,81.06879717642138
30,101.0,81.10951900745249
31,97.0,82.34601532861035
32,101.0,83.02245018851568
33,100.0,84.47919601144511
34,96.0,86.02980102122567
35,94.0,87.81274397458654
36,94.0,89.71864287157607
37,94.0,90.94682583365463
38,92.0,92.88232574034953
39,90.0,93.1171168062811
40,90.0,93.33564912240678
41,90.0,90.54296012389048
42,90.0,88.88199186521777
43,89.0,87.49041732608708
44,90.0,85.39004034047184
45,88.0,84.49922984398049
46,88.0,83.86208582706803
47,87.0,83.28948618490898
48,85.0,82.77426234885465
49,83.0,82.24667750184142
50,83.0,81.86468546637607
51,80.0,81.13610812804876
52,79.0,80.39380693301183
53,81.0,79.39038449213967
54,80.0,78.85700755068592
55,78.0,78.21944105159074
56,73.0,77.5350471725013
57,68.0,76.93863861507742
58,64.0,76.41427008403585
59,60.0,75.92386366910188
60,56.0,75.63414991941684
61,58.0,74.96639638694353
62,58.0,73.96976091790987
