,y_actual,y_predict
0,228.0,213.91202782488858
1,226.0,214.7526999170913
2,224.0,216.21253133507136
3,218.0,217.0678983773809
4,220.0,219.488277606069
5,220.0,221.61633013180864
6,218.0,220.53267129465
7,216.0,218.76315740960354
8,208.0,217.48761155111146
9,199.0,216.98070834008033
10,196.0,216.35132302227387
11,194.0,213.91502728795567
12,202.0,210.36363882732022
13,197.0,207.02871968109812
14,202.0,204.6455253282154
15,200.0,202.37611705813524
16,198.0,200.71518857396057
17,197.0,202.11729242250857
18,197.0,203.2944244464168
19,206.0,203.3308050307142
20,199.0,202.02410345907384
21,199.0,202.02620792106444
22,198.0,203.16763665878716
23,198.0,206.07341488345293
24,197.0,206.39696986720452
25,197.0,202.36540123443592
26,197.0,201.16922020112995
27,199.0,200.71788567179908
28,197.0,200.4192334882697
29,197.0,200.39861217968357
30,196.0,200.5093504209825
31,196.0,201.00163729686625
32,198.0,200.94739297486694
33,196.0,200.31791694749194
34,196.0,200.1094784535485
35,193.0,199.84131677966462
36,194.0,199.75372762026237
37,194.0,199.6547211498306
38,193.0,199.15874541815873
39,192.0,199.30943215345184
40,192.0,199.38334230991512
41,191.0,200.43552492678322
42,194.0,199.33410515610035
43,190.0,196.3626532037966
44,189.0,196.57834846322493
45,185.0,197.12119080531983
46,179.0,196.82854964253374
47,184.0,196.05261999306512
48,182.0,193.60110319314242
49,182.0,191.53379584181562
50,181.0,190.2575605906025
51,171.0,190.1787158336095
52,160.0,190.4888458012141
53,150.0,188.6285376853429
54,164.0,185.82039924027595
55,166.0,183.0267864207878
56,160.0,178.21989286900765
