,y_actual,y_predict
0,104.0,100.64438992888748
1,106.0,100.91669016718404
2,111.0,101.19737035407843
3,123.0,101.4863414522733
4,117.0,101.7583806244202
5,125.0,102.28165227139203
6,125.0,102.91073760130793
7,123.0,103.81518396402039
8,121.0,104.8616288772466
9,122.0,105.77564180290875
10,130.0,106.45981648730789
11,131.0,107.1430590281495
12,138.0,107.91324594025019
13,135.0,108.90479056584682
14,134.0,110.42064725572332
15,128.0,112.34136313205116
16,125.0,114.3125829420482
17,144.0,115.87406410185339
18,144.0,116.79776560453936
19,142.0,117.59148584379045
20,145.0,118.1852854729174
21,152.0,118.93259419650016
22,142.0,119.76414979099978
23,144.0,120.8815854604822
24,158.0,122.03944186451429
25,160.0,123.1213153778956
26,155.0,124.01901579130066
27,150.0,124.70209234903237
28,151.0,125.87626346377331
29,167.0,126.577611354304
30,170.0,127.41507858565797
31,180.0,128.74448457950726
32,174.0,129.88523702863907
33,180.0,131.08380875976022
34,183.0,132.13229438585742
35,195.0,133.4383330356662
36,262.0,134.96124016042256
37,244.0,136.31505996136278
38,228.0,137.0124440433221
39,214.0,137.84020511003794
40,216.0,140.0523884265644
41,202.0,143.12343210878086
42,192.0,145.11948123325652
43,180.0,147.9654342308433
44,190.0,150.17979401463856
45,186.0,151.7807549716287
46,206.0,152.50258144055223
47,210.0,155.04664303879392
48,236.0,157.91998874564257
49,224.0,160.63128657129602
50,266.0,161.60512156852513
51,260.0,160.37331584174495
52,294.0,158.92068002989762
53,284.0,157.41736111056048
54,282.0,156.2249120676652
55,276.0,156.1346040651725
56,274.0,155.58608155059196
57,302.0,157.03027091067491
58,294.0,158.0715500118154
59,318.0,161.0409680617414
60,312.0,163.38865515259084
61,298.0,166.3584777176456
62,302.0,168.5462846007615
63,288.0,171.10740618486773
64,302.0,173.1572250431417
65,298.0,175.06982533469903
66,292.0,175.99707953547227
67,296.0,176.22017842278322
68,284.0,176.60007968532642
69,272.0,176.67253186240782
70,278.0,177.58039571842264
71,296.0,177.72914296630853
72,286.0,178.4997003175353
73,278.0,178.73299122732925
74,290.0,178.30303561450722
75,306.0,178.1421880879875
76,308.0,177.61516643188057
77,312.0,177.14109228860372
78,310.0,176.78073086554042
79,300.0,176.3419638579574
80,302.0,175.89115812839066
81,326.0,175.890938283212
82,366.0,176.43959270489972
83,388.0,176.43657642904842
