,y_actual,y_predict
0,104.0,110.0758739550534
1,106.0,108.7416060850779
2,111.0,106.81460483509198
3,123.0,105.65988891943715
4,117.0,106.79663249173599
5,125.0,109.83220525360048
6,125.0,114.77824580878926
7,123.0,120.94207586139234
8,121.0,126.57408723608998
9,122.0,129.6234387945274
10,130.0,130.6769720659268
11,131.0,130.30303300462904
12,138.0,129.1773729270127
13,135.0,130.7308385316037
14,134.0,134.38113908437833
15,128.0,138.63119926907356
16,125.0,141.88309199216482
17,144.0,142.74086192576866
18,144.0,141.77434777298913
19,142.0,139.64281685870833
20,145.0,139.86106156447434
21,152.0,143.8992393628742
22,142.0,150.40072522848786
23,144.0,154.70849037567953
24,158.0,156.21183127953452
25,160.0,157.40863765387098
26,155.0,157.91609748598017
27,150.0,159.1810118966676
28,151.0,161.89051578566313
29,167.0,167.81932694536792
30,170.0,168.63795564336195
31,180.0,166.698938755136
32,174.0,167.91426488732336
33,180.0,173.07033343472546
34,183.0,180.9114019275089
35,195.0,186.59998386358103
36,262.0,189.54459018664272
37,244.0,191.7321024772192
38,228.0,197.32819114972273
39,214.0,210.44899110290828
40,216.0,225.74895802368815
41,202.0,237.33939810056057
42,192.0,236.45631519308503
43,180.0,227.2459541956868
44,190.0,221.48550047380496
45,186.0,216.19107456166074
46,206.0,208.32357188459443
47,210.0,201.69495834596495
48,236.0,199.83955297608952
49,224.0,203.15182837595336
50,266.0,209.94861468245574
51,260.0,218.1533598635968
52,294.0,226.83845796631738
53,284.0,233.8966313964473
54,282.0,240.9761122212936
55,276.0,248.18257562133775
56,274.0,253.57161410457294
57,302.0,256.6440823835472
58,294.0,256.89039692172537
59,318.0,255.2955344699914
60,312.0,255.27054247008058
61,298.0,257.8355904890778
62,302.0,261.3827836530577
63,288.0,263.80424638896415
64,302.0,265.1433321660301
65,298.0,264.21222627772664
66,292.0,262.2694456400419
67,296.0,260.92098566455763
68,284.0,260.4699161207765
69,272.0,260.98489905489964
70,278.0,260.70713786236496
71,296.0,259.56923680520043
72,286.0,258.0951133255902
73,278.0,255.69709487953685
74,290.0,255.25483673051662
75,306.0,257.03850222168955
76,308.0,257.7574838940011
77,312.0,256.8396038916462
78,310.0,257.2527369513966
79,300.0,260.21967954461087
80,302.0,263.4115501370226
81,326.0,264.6879536567471
82,366.0,264.92628341803606
83,388.0,263.9346937241778
