,y_actual,y_predict
0,50.0,51.21495998555035
1,50.0,51.214938428302375
2,50.0,51.213339810422966
3,50.0,51.21338715183029
4,50.0,51.2144827672569
5,50.0,51.21401611624186
6,50.0,51.21594823742821
7,50.0,51.2160446110074
8,50.0,51.21588525644882
9,50.0,51.21536534635055
10,50.0,51.215134134298715
11,50.0,51.21491982989235
12,50.0,51.21345943201468
13,50.0,51.214257050189836
14,50.0,51.21499422353243
15,50.0,51.21507876175979
16,50.0,51.215039874175204
17,50.0,51.215054245673855
18,50.0,51.21499253276789
19,50.0,51.2145689962488
20,50.0,51.2146493075648
21,50.0,51.214725391969424
22,50.0,51.21471186585305
23,50.0,51.21464338988888
24,50.0,51.21463409068387
25,50.0,51.214741031541486
26,50.0,51.21472792811624
27,50.0,51.214841209340904
28,50.0,51.21487925154322
29,50.0,51.21469749435439
30,50.0,51.21472454658715
31,50.0,51.21487079772049
32,50.0,51.21492447949486
33,50.0,51.2148927776596
34,50.0,51.21481627056384
35,50.0,51.21471144316191
36,50.0,51.21474863998195
37,50.0,51.21481077557905
38,50.0,51.21466494713686
39,50.0,51.2148686842648
40,50.0,51.21496801668195
41,50.0,51.21481162096133
42,50.0,51.21469749435439
43,50.0,51.214816693254974
44,50.0,51.21470003050121
45,50.0,51.21470806163281
46,50.0,51.214787527566536
47,50.0,51.214850508545915
48,51.0,51.214863189280024
49,50.0,51.21475455765786
50,50.0,51.194530900217266
51,50.0,51.202650374264216
52,50.0,51.13552068137201
53,50.0,51.1077532552128
54,50.0,51.16443317782083
