,y_actual,y_predict
0,193.0,178.94681293517104
1,194.0,178.94569770723044
2,194.0,178.66615478157786
3,189.0,178.42289685917154
4,188.0,177.77663334226924
5,188.0,177.5995493564552
6,186.0,177.5871251060688
7,181.0,177.33946754638393
8,185.0,177.42725108567015
9,181.0,177.4689437642074
10,179.0,177.08435600232656
11,177.0,176.9710356145783
12,168.0,176.80326084364154
13,169.0,176.53356222361347
14,166.0,176.185933595452
15,174.0,175.72174251871388
16,171.0,175.10100806970758
17,166.0,174.34174365328755
18,165.0,173.49817783434335
19,176.0,172.6869528173061
20,179.0,172.1533513310083
21,179.0,171.60332246277537
22,181.0,170.93262036978038
23,181.0,170.81809431764194
24,177.0,170.90058691033724
25,178.0,171.00844616929524
26,178.0,172.15885374732179
27,175.0,173.4713470474326
28,173.0,173.55426936988525
29,175.0,173.95881806282702
30,175.0,174.20954856212728
31,170.0,173.96109960772375
32,170.0,173.84613832890858
33,171.0,173.48614637118249
34,172.0,173.12930867514402
35,171.0,172.81013554744564
36,170.0,172.54853359665074
37,170.0,172.24338311032668
38,169.0,171.7579359313139
39,169.0,171.51914942948648
40,168.0,171.459145704077
41,172.0,171.2683201473112
42,176.0,171.31042654986993
43,190.0,171.51803452489406
44,185.0,171.54679667060134
45,192.0,171.8135304806729
46,216.0,171.3960886016182
47,212.0,171.66932300389558
48,208.0,172.88625268368838
49,194.0,174.4485434618694
50,187.0,176.54857629098643
51,181.0,178.50945086692857
52,181.0,179.16386979128544
53,183.0,179.59571909607206
54,187.0,180.1970801376962
55,189.0,180.18406246252638
56,183.0,180.1279877410909
57,183.0,179.19500434273357
58,179.0,178.34608500932183
59,176.0,177.48621888428497
60,178.0,176.20650686716604
61,178.0,175.77558298492684
62,179.0,175.81601007861067
63,179.0,175.89565009348863
