,y_actual,y_predict
0,193.0,186.7785666260503
1,194.0,187.1775104012993
2,194.0,187.19649482079728
3,189.0,186.4658229539538
4,188.0,185.9819582410301
5,188.0,184.80710424571708
6,186.0,183.92610262728405
7,181.0,183.29766958099222
8,185.0,183.0600151212118
9,181.0,182.3866166275799
10,179.0,181.8931019109858
11,177.0,181.2528184765249
12,168.0,180.4936192147671
13,169.0,179.77338405776382
14,166.0,178.87902169172114
15,174.0,178.11378810586143
16,171.0,177.07731186179714
17,166.0,175.9398453254171
18,165.0,174.76793662801765
19,176.0,173.77455162429115
20,179.0,172.89307953422764
21,179.0,172.34002154006035
22,181.0,171.73631266715856
23,181.0,171.35189433973432
24,177.0,170.8677800020005
25,178.0,170.74055735945453
26,178.0,170.7355499892347
27,175.0,170.80030693317906
28,173.0,170.7256089721846
29,175.0,170.5035450691986
30,175.0,170.15708458693155
31,170.0,169.93623129960503
32,170.0,169.6857437964768
33,171.0,169.6897358533497
34,172.0,169.8071966137482
35,171.0,169.19569666597576
36,170.0,169.29911441406335
37,170.0,169.35608125318169
38,169.0,169.54729967801006
39,169.0,169.7585643978241
40,168.0,170.08863759333275
41,172.0,169.92038982460767
42,176.0,169.7409949500478
43,190.0,169.5610452099773
44,185.0,169.2752467900542
45,192.0,169.00647329953924
46,216.0,169.30049511087586
47,212.0,169.4661787283777
48,208.0,169.98309350748426
49,194.0,171.49284505344477
50,187.0,173.16250230792753
51,181.0,175.22277615147362
52,181.0,176.4953474884163
53,183.0,177.77932764114283
54,187.0,179.17188203632463
55,189.0,179.11514412773164
56,183.0,179.21104629361471
57,183.0,178.62524735414345
58,179.0,178.31221218364496
59,176.0,178.43017073859681
60,178.0,178.61982254139787
61,178.0,178.96625424567515
62,179.0,179.2742031489931
63,179.0,179.61940241160738
