,y_actual,y_predict
0,222.0,207.62247490281356
1,220.0,207.63638172214712
2,210.0,207.61499412780685
3,218.0,208.04873844743744
4,208.0,208.42326159260256
5,210.0,208.76143559341403
6,208.0,209.2699525054222
7,208.0,209.55910106167286
8,206.0,209.82025628439982
9,206.0,209.9179009068892
10,204.0,209.98527475886848
11,206.0,209.75476532200443
12,208.0,209.83293649101688
13,214.0,209.59221960501839
14,216.0,209.34963154866574
15,214.0,209.07539375909943
16,214.0,208.67256086120665
17,214.0,208.15274661169494
18,218.0,207.47703144847986
19,212.0,206.67294774871402
20,208.0,205.9241084981098
21,218.0,205.2857347073694
22,214.0,205.09873877066173
23,216.0,204.65846293363626
24,218.0,204.60551935992052
25,210.0,204.48914740824992
26,212.0,204.6082186891788
27,210.0,204.81461385757484
28,210.0,204.92407927649776
29,208.0,205.44103403394425
30,212.0,205.96657117399633
31,208.0,206.44517279879759
32,212.0,206.84679470961356
33,210.0,207.05190076273425
34,210.0,207.048939704011
35,212.0,207.05090853461326
36,210.0,206.72587179038013
37,212.0,206.57472107114577
38,212.0,206.2592745632789
39,210.0,206.08579480491233
40,210.0,205.97154403383107
41,208.0,205.66844178132772
42,206.0,205.45003440241183
43,204.0,204.97902293209518
44,204.0,204.71907869644502
45,195.0,204.4341725013731
46,200.0,204.18806476967785
47,195.0,204.09170535605386
48,200.0,203.8728995233256
49,200.0,203.57978205459096
50,202.0,203.08685953100408
51,204.0,202.7865152039079
52,206.0,201.9775836494249
53,202.0,201.4053297530778
54,199.0,200.8585065853435
55,197.0,200.2849049775722
56,199.0,199.694177668689
57,192.0,199.0509677424612
58,194.0,198.50135539804035
59,194.0,197.95740344160106
60,194.0,197.33920625812408
61,198.0,196.75874890093414
62,199.0,195.98982679690465
63,200.0,195.32953023366423
64,200.0,194.73429102131746
65,202.0,194.33353242709495
66,202.0,193.96997848099969
67,199.0,193.72647632472456
68,198.0,193.59815466509286
69,198.0,193.49627158783466
70,194.0,193.50417425511327
71,200.0,193.4369410338913
72,196.0,193.26419958700055
73,183.0,193.14812452248424
74,184.0,192.95035861361293
75,183.0,192.97538307559353
76,195.0,192.85399138716906
