,y_actual,y_predict
0,222.0,206.22683182885044
1,220.0,206.21122572119938
2,210.0,206.4130425771631
3,218.0,206.70859373928113
4,208.0,207.1741284228827
5,210.0,207.77009422747554
6,208.0,208.01787390261873
7,208.0,208.3096124086498
8,206.0,208.2193704329686
9,206.0,208.23865637876912
10,204.0,208.2511607969396
11,206.0,208.21213576178718
12,208.0,207.9786808918396
13,214.0,207.55200717417353
14,216.0,207.08446068946049
15,214.0,206.48591665431704
16,214.0,206.129972394756
17,214.0,205.6746334410591
18,218.0,204.78682365736722
19,212.0,204.21076491775298
20,208.0,203.3136852233087
21,218.0,202.81961812161373
22,214.0,202.59072593845872
23,216.0,202.77377249473201
24,218.0,203.09930144661573
25,210.0,203.10299691040493
26,212.0,203.41427527888163
27,210.0,203.7184322620648
28,210.0,204.07924390839258
29,208.0,204.5479505968534
30,212.0,204.68281549310973
31,208.0,205.06249119296615
32,212.0,205.459265249065
33,210.0,205.6119941579091
34,210.0,205.6290378244126
35,212.0,205.36044870359805
36,210.0,204.94564265928466
37,212.0,204.52723490502024
38,212.0,204.02956218696437
39,210.0,203.7917868276395
40,210.0,203.50709548511347
41,208.0,203.64338231458257
42,206.0,203.454398015223
43,204.0,203.20640739394386
44,204.0,202.90963352551927
45,195.0,202.40212056086187
46,200.0,202.0323046396566
47,195.0,201.61888537086662
48,200.0,201.41124015129458
49,200.0,200.94484215109952
50,202.0,200.4317938035782
51,204.0,199.91476873075305
52,206.0,199.36308208266192
53,202.0,198.73468135646044
54,199.0,198.20662848841653
55,197.0,197.52436227575697
56,199.0,196.9770429939622
57,192.0,196.6038597474014
58,194.0,195.92085131685604
59,194.0,195.25178876974354
60,194.0,194.6479984260706
61,198.0,193.8615756055764
62,199.0,193.21711953458248
63,200.0,192.58212869483725
64,200.0,192.26281093473455
65,202.0,192.04673177613407
66,202.0,191.90178834227078
67,199.0,191.7058154755551
68,198.0,191.79155336059262
69,198.0,191.7378558497613
70,194.0,191.83092997263824
71,200.0,191.67964643546645
72,196.0,191.59477967984228
73,183.0,191.2579885481443
74,184.0,191.03286214415715
75,183.0,190.92910008372496
76,195.0,190.79793455766776
