,y_actual,y_predict
0,26.0,24.61610913107603
1,26.0,24.59609845699697
2,26.0,24.53821742564524
3,26.0,24.510916086372077
4,26.0,24.576442040743448
5,26.0,24.67638580650765
6,26.0,24.810150429870266
7,26.0,24.92127191078172
8,25.0,24.98090074455448
9,26.0,24.965148993284107
10,25.0,24.932807798205623
11,26.0,24.918565067838514
12,26.0,24.900805203148234
13,26.0,24.868718447391963
14,25.0,24.864950788197696
15,25.0,24.792654790629975
16,25.0,24.745058979572207
17,25.0,24.668464914684687
18,25.0,24.683040373396224
19,25.0,24.636413388988412
20,26.0,24.582108208726517
21,26.0,24.53273327963883
22,25.0,24.444239283374092
23,25.0,24.277974929663
24,24.0,24.160468978989623
25,25.0,24.105523785971087
26,25.0,24.10267602278789
27,25.0,24.104723280718904
28,25.0,24.14361726695708
29,24.0,24.20587661187638
30,24.0,24.17985138366538
31,24.0,24.11456616803733
32,24.0,23.96346835515553
33,24.0,23.865282177940134
34,24.0,23.77783529734757
35,24.0,23.71732571207485
36,23.0,23.56900520225625
37,24.0,23.392802057174514
38,23.0,23.251476671491144
39,23.0,23.093491381879662
40,23.0,23.057535191200238
41,23.0,22.987787501305732
42,23.0,22.93285013718942
