,y_actual,y_predict
0,26.0,24.528926475933453
1,26.0,24.690898634001414
2,26.0,24.965037431427444
3,26.0,25.072287520190194
4,26.0,25.086287554588424
5,26.0,25.086260153430647
6,26.0,25.054717506378793
7,26.0,25.058303143596405
8,25.0,25.061736117220686
9,26.0,25.002672921633458
10,25.0,24.915668374016427
11,26.0,24.812657635806815
12,26.0,24.72065041967002
13,26.0,24.76323377608024
14,25.0,24.85634878188143
15,25.0,24.899975339512718
16,25.0,24.96286099660977
17,25.0,24.780026771346122
18,25.0,24.584002803064205
19,25.0,24.366921045031052
20,26.0,24.231236383398528
21,26.0,24.208963156577347
22,25.0,24.22286337247225
23,25.0,24.34337170714771
24,24.0,24.522712284794856
25,25.0,24.554873415122238
26,25.0,24.340502414483403
27,25.0,24.15160861890004
28,25.0,24.117300412138313
29,24.0,24.126037467017905
30,24.0,24.183176709884112
31,24.0,24.113834165679588
32,24.0,23.897075349863087
33,24.0,23.659389878407566
34,24.0,23.451849594957302
35,24.0,23.279040278988738
36,23.0,23.29149606242371
37,24.0,23.26996658131361
38,23.0,23.247078785668016
39,23.0,23.23926749847616
40,23.0,23.18172310991997
41,23.0,23.051898381600502
42,23.0,22.854328205129768
