,y_actual,y_predict
0,940.0,921.6183370335583
1,935.0,917.0011383148407
2,935.0,904.7110218281715
3,945.0,900.7154822587281
4,940.0,904.6651337873059
5,940.0,905.6258724368658
6,940.0,906.7695040313615
7,935.0,910.4156899386014
8,945.0,911.8527541700271
9,950.0,908.1590402148547
10,930.0,903.4453704922149
11,930.0,903.559350983349
12,935.0,904.3888569105735
13,915.0,906.7582330024032
14,910.0,905.7338234902547
15,850.0,897.6329121134027
16,830.0,894.4480987824203
17,845.0,888.4816726813482
18,850.0,870.0241970709377
19,820.0,846.4854489774422
20,835.0,824.4624372190707
21,815.0,815.2306605772419
22,780.0,820.4777345590679
23,825.0,817.9045956284539
24,885.0,807.8002869916513
25,875.0,800.0367829510169
26,855.0,796.9926404222537
27,860.0,808.199628712387
28,865.0,831.3555316268175
29,855.0,850.2600860264045
30,830.0,850.3807873308117
31,825.0,842.7429850082879
32,835.0,838.7016056334809
33,820.0,835.7164872806173
34,815.0,827.3873737439874
35,800.0,817.5559011847773
36,830.0,813.3256958982934
37,820.0,809.4162245428491
38,795.0,803.6822131687261
39,795.0,800.7419538326865
40,770.0,800.651721287018
41,725.0,800.8600986554898
42,745.0,794.4337952787208
43,750.0,779.3052606791524
44,780.0,761.9800893595271
45,745.0,746.6774808726316
46,750.0,737.2607612770337
47,745.0,741.7251177685374
48,745.0,750.3318105404526
49,730.0,751.3803779998334
50,745.0,745.7510457042163
51,730.0,740.0906577845865
52,725.0,736.5676492708544
53,715.0,730.511191605372
54,725.0,727.9154864990905
55,730.0,724.5894798146178
56,735.0,720.1519342229542
57,725.0,715.0711239967628
58,710.0,715.5284327319803
59,715.0,719.7411526490034
60,720.0,722.203599141867
61,715.0,721.1608199427217
62,720.0,715.2357678434566
63,730.0,710.9710058394427
