,y_actual,y_predict
0,1165.0,1170.3747271678726
1,1115.0,1167.8431499296428
2,1125.0,1165.1627324858364
3,1100.0,1163.394125507083
4,1095.0,1162.3007530795708
5,1115.0,1160.8758837780447
6,1065.0,1159.1501494661557
7,1115.0,1156.0694279016545
8,1115.0,1150.3953478742499
9,1070.0,1145.1842886682316
10,1065.0,1140.64860333967
11,1100.0,1136.234947872086
12,1100.0,1131.8002143384808
13,1100.0,1126.7120806619678
14,1100.0,1123.1539279646552
15,1090.0,1118.9518692108295
16,1190.0,1114.0247170243808
17,1220.0,1109.3671809685475
18,1205.0,1105.0731271050433
19,1215.0,1100.6242221049538
20,1205.0,1098.8657859399273
21,1125.0,1097.691962574873
22,1050.0,1098.7628238667194
23,1090.0,1099.0489402019912
24,1015.0,1098.9811281425636
25,1025.0,1096.4701910879635
26,1010.0,1094.6011896191153
27,940.0,1091.9835485872356
28,975.0,1089.976833106301
29,940.0,1086.9198766134043
30,955.0,1086.0690313194775
31,995.0,1084.2258450079753
32,1020.0,1085.7279806478334
33,1005.0,1085.8282557154578
34,1020.0,1085.7525020617504
35,1020.0,1085.491782905178
36,1005.0,1083.163701556466
37,995.0,1079.5512713463684
38,1010.0,1077.568340840783
39,1060.0,1074.0678891004063
40,1080.0,1071.253121377429
41,1035.0,1067.4655183070372
42,1065.0,1061.2978254020854
43,1010.0,1054.6354846248432
44,1040.0,1049.650392636518
45,1040.0,1043.49671196809
46,1035.0,1038.5267866335025
47,1025.0,1036.740345899173
48,1040.0,1036.475825127294
49,1065.0,1035.4333465759064
50,1065.0,1033.9596334839973
51,1065.0,1034.2444958833303
52,1075.0,1034.2397985994955
53,1080.0,1035.8007697097582
54,1055.0,1037.9291567842592
55,1070.0,1039.7576740356506
56,1090.0,1044.6262096928904
57,1075.0,1046.4817562300764
58,1080.0,1047.9725467352491
59,1090.0,1048.067288561746
60,1145.0,1048.3564103625222
61,1105.0,1049.0884302984266
62,1105.0,1051.2085772224718
63,1105.0,1052.9543347018937
64,1105.0,1055.896068414624
65,1105.0,1057.692540636465
66,1125.0,1058.856352417753
67,1130.0,1060.094683820554
68,1130.0,1061.056512396949
69,1130.0,1063.2769741961088
70,1130.0,1064.5668164911315
71,1130.0,1066.542541841004
72,1130.0,1069.759982230339
73,1130.0,1072.693296658908
74,1125.0,1076.3547896005844
75,1110.0,1078.3611667178532
