,y_actual,y_predict
0,1165.0,1183.1023162742306
1,1115.0,1186.6959175414993
2,1125.0,1189.773673447986
3,1100.0,1189.520338580832
4,1095.0,1179.9189112889526
5,1115.0,1169.6731798656588
6,1065.0,1152.5407128432892
7,1115.0,1139.0129732816783
8,1115.0,1127.267932550325
9,1070.0,1119.2048458105724
10,1065.0,1121.244740834526
11,1100.0,1119.1250516966172
12,1100.0,1114.0555678292276
13,1100.0,1110.3726186503739
14,1100.0,1111.165802794855
15,1090.0,1109.726284336963
16,1190.0,1110.2366362641076
17,1220.0,1108.947769252593
18,1205.0,1113.9019706285812
19,1215.0,1124.635184575943
20,1205.0,1151.7250971781227
21,1125.0,1175.176445952938
22,1050.0,1199.21384059737
23,1090.0,1195.1455748178537
24,1015.0,1157.4941976844552
25,1025.0,1116.1111868117807
26,1010.0,1076.051257488383
27,940.0,1058.506723231987
28,975.0,1053.8447884484947
29,940.0,1050.8625705183074
30,955.0,1047.9080187937568
31,995.0,1039.7141644489443
32,1020.0,1030.7659979737573
33,1005.0,1025.4456473036014
34,1020.0,1026.4992321447337
35,1020.0,1031.0746652521848
36,1005.0,1034.7653370841226
37,995.0,1040.9432605140366
38,1010.0,1043.7804199502093
39,1060.0,1035.6049566658344
40,1080.0,1022.8873791432428
41,1035.0,1013.7535505341141
42,1065.0,1014.7849626032469
43,1010.0,1027.218752528739
44,1040.0,1038.3225344016723
45,1040.0,1042.1771334779442
46,1035.0,1047.142719796108
47,1025.0,1042.8191884861665
48,1040.0,1036.1981678836737
49,1065.0,1028.5620164755092
50,1065.0,1027.3784999866098
51,1065.0,1034.3830657564545
52,1075.0,1046.5021774725103
53,1080.0,1057.2119448081887
54,1055.0,1065.7238609990982
55,1070.0,1073.5599256226692
56,1090.0,1071.653246364418
57,1075.0,1069.3041665646651
58,1080.0,1067.614438127594
59,1090.0,1067.3365818465231
60,1145.0,1068.0822756552852
61,1105.0,1074.3210647376
62,1105.0,1084.1642827244973
63,1105.0,1099.4597734038239
64,1105.0,1111.600938469409
65,1105.0,1113.8468969659934
66,1125.0,1112.833438074907
67,1130.0,1108.1718018475908
68,1130.0,1104.3776703488184
69,1130.0,1105.5517524625584
70,1130.0,1115.9934959672269
71,1130.0,1124.7861942897314
72,1130.0,1133.3749190328365
73,1130.0,1135.758292985332
74,1125.0,1135.6841316312295
75,1110.0,1134.1929629549006
