,y_actual,y_predict
0,178.0,180.83264423037184
1,179.0,180.85441332096016
2,171.0,180.61546617349188
3,166.0,180.21255580125137
4,165.0,178.62713709159078
5,167.0,176.26362522369448
6,166.0,173.80807045572854
7,172.0,170.4219646672634
8,166.0,167.0422492473002
9,165.0,163.7215991868905
10,170.0,161.21162169245372
11,160.0,158.84982381991063
12,165.0,157.1675238847148
13,165.0,156.49987545854955
14,155.0,156.0885570618599
15,159.0,156.53292047919774
16,158.0,156.01787162357323
17,161.0,155.7714206854248
18,157.0,154.8357546709188
19,168.0,153.66193102648913
20,164.0,153.17245039288545
21,164.0,152.03589602536817
22,164.0,151.79734026266556
23,162.0,151.36358472208062
24,159.0,151.31354145617763
25,158.0,151.8419851180073
26,152.0,151.81066084072552
27,159.0,152.50241991806004
28,156.0,152.1600662162906
29,153.0,152.14687385048148
30,151.0,151.64141392161645
31,161.0,151.04791266451025
32,158.0,150.1848822641062
33,158.0,149.25806289490748
34,156.0,148.4178677711776
35,161.0,148.0591568854075
36,157.0,147.9406010414688
37,160.0,148.11700760258475
38,159.0,148.109686008261
39,157.0,148.03294085411935
40,158.0,148.43792961442594
41,159.0,149.04379323171742
42,157.0,148.88900055688617
43,159.0,148.90671409154035
44,159.0,148.9485315293506
45,157.0,148.93736356750196
46,157.0,148.77803622779925
47,157.0,148.5720396287943
48,153.0,148.36202796193447
49,151.0,148.12038160918553
50,152.0,147.7625952012241
51,153.0,147.3997072952822
52,152.0,146.89803974983644
53,152.0,146.43267651541524
54,152.0,145.78098039245856
55,153.0,145.38902204564423
56,150.0,145.02888058107538
57,149.0,144.5529297139409
58,144.0,144.06920513559817
59,140.0,143.74866776050948
60,141.0,143.54257668931973
61,142.0,142.8945109974655
62,140.0,142.0747893457892
63,141.0,140.99518820969337
64,140.0,139.85160241242
65,139.0,138.75046161818466
66,139.0,137.53290410019548
67,139.0,136.24020745520662
68,138.0,135.13601655900413
69,137.0,134.5142411265833
70,136.0,134.0421501230001
71,149.0,133.85697114472208
72,156.0,133.48735546961825
73,148.0,133.79866831066036
74,156.0,135.01708957433934
75,152.0,136.49609211581088
