,y_actual,y_predict
0,178.0,187.0011515542351
1,179.0,186.46714078151413
2,171.0,185.322859938881
3,166.0,184.48371075719737
4,165.0,184.01628263073647
5,167.0,183.009769225627
6,166.0,180.99110107637154
7,172.0,179.74304928672439
8,166.0,178.37155609158057
9,165.0,176.8580914466885
10,170.0,174.951224380157
11,160.0,172.6946820175323
12,165.0,170.6762567967521
13,165.0,168.62363939307946
14,155.0,166.65836827228816
15,159.0,164.83274728470377
16,158.0,163.76083888365773
17,161.0,162.39703167555052
18,157.0,161.33526553834645
19,168.0,160.03968749172049
20,164.0,158.72999934949001
21,164.0,157.33583957800204
22,164.0,155.77077962417064
23,162.0,154.80534812343245
24,159.0,154.30455107168967
25,158.0,154.1369304237622
26,152.0,153.76691661587947
27,159.0,153.53384023989656
28,156.0,153.43191824849976
29,153.0,153.0936403467041
30,151.0,152.9638153207187
31,161.0,152.7281207156136
32,158.0,152.3106886189633
33,158.0,151.79123331071813
34,156.0,150.96173378791275
35,161.0,150.56518679212138
36,157.0,150.09242098721802
37,160.0,149.80758060196573
38,159.0,149.39339429966537
39,157.0,149.28965709271733
40,158.0,149.0393732830704
41,159.0,148.8148331437875
42,157.0,148.99892569194006
43,159.0,149.0050393919007
44,159.0,148.81799121396585
45,157.0,148.56543332386997
46,157.0,148.52121359335996
47,157.0,148.6492976319393
48,153.0,148.52734753736019
49,151.0,148.31620895229565
50,152.0,148.35617743448867
51,153.0,148.49323633062616
52,152.0,148.23369424686663
53,152.0,147.8680531515385
54,152.0,147.53610488612594
55,153.0,147.24953700949402
56,150.0,146.78895811643275
57,149.0,146.29529371464406
58,144.0,145.80576584494798
59,140.0,145.3792374265019
60,141.0,144.88417618598052
61,142.0,144.42786878527585
62,140.0,144.0425707274915
63,141.0,143.55069454920124
64,140.0,142.83614743128496
65,139.0,142.1846267566715
66,139.0,141.49051262272963
67,139.0,140.57367356505608
68,138.0,139.51395207585207
69,137.0,138.37691859939747
70,136.0,137.3975591994112
71,149.0,136.4728384623182
72,156.0,135.7396263398863
73,148.0,134.99116370761882
74,156.0,134.40670478820277
75,152.0,133.68607096237864
