,y_actual,y_predict
0,146.0,127.6952928152423
1,151.0,128.04689079446422
2,150.0,129.1585121148299
3,151.0,131.13732714021884
4,149.0,133.66982302472417
5,146.0,136.24255529484475
6,147.0,138.31777216476416
7,147.0,140.68212102118795
8,144.0,141.82325923921138
9,134.0,142.62052192216757
10,128.0,142.47294969172663
11,133.0,141.84152956145346
12,133.0,140.94518056528446
13,134.0,139.43415565902524
14,134.0,138.20013972773233
15,138.0,137.50440266971404
16,139.0,136.9204081528287
17,140.0,137.1347733962834
18,140.0,137.80677926083598
19,142.0,138.18291132255874
20,144.0,138.40664156178195
21,144.0,138.47429875307017
22,147.0,138.68520728342708
23,148.0,138.92713429780514
24,147.0,139.46983825415884
25,149.0,139.5864103873504
26,151.0,139.6902956480022
27,154.0,140.05620466460596
28,149.0,141.04522299063075
29,141.0,142.34908413905566
30,138.0,143.32254112721643
31,142.0,143.75724731495978
32,145.0,143.77747276393623
33,146.0,143.51073586548037
34,148.0,142.88169375769294
35,146.0,142.17084277325768
36,146.0,141.66246691984855
37,142.0,141.62183828310162
38,138.0,142.14598385778845
39,136.0,142.81226530738832
40,135.0,143.13422993939776
41,134.0,142.87661287975308
42,131.0,142.11378249144835
43,130.0,140.86313878952723
44,127.0,139.32105249677932
45,125.0,137.44669272196788
46,125.0,135.71177822446322
47,124.0,134.4773026238754
48,116.0,133.81113762383023
49,108.0,133.2150752557223
50,108.0,132.40383862620058
51,109.0,131.1249712295714
52,102.0,129.66892889990845
53,95.00000000000001,127.87010198363821
54,88.99999999999999,125.92808501753856
55,83.0,123.64657469698321
56,78.0,121.54071320740246
57,73.0,119.34756971210243
58,73.0,116.92180903787741
