,y_actual,y_predict
0,146.0,126.19843185219052
1,151.0,126.81748994289231
2,150.0,127.46333143117808
3,151.0,128.5064129952093
4,149.0,129.89932127944604
5,146.0,131.9993786780629
6,147.0,134.24748023426355
7,147.0,136.30988765316454
8,144.0,138.11196902804284
9,134.0,139.62925769456083
10,128.0,140.44317266384095
11,133.0,141.27350089141166
12,133.0,141.84469821512644
13,134.0,141.64108923317286
14,134.0,140.75533101755877
15,138.0,139.72196992688413
16,139.0,138.0941951486393
17,140.0,136.77387783945625
18,140.0,136.14224319684547
19,142.0,135.78063668484214
20,144.0,135.78253665126115
21,144.0,135.7745690501492
22,147.0,135.68145843777035
23,148.0,135.87145507967037
24,147.0,136.2807323620188
25,149.0,137.00291572680476
26,151.0,137.79925294224716
27,154.0,138.74904615510548
28,149.0,139.64180973077413
29,141.0,140.5328143052742
30,138.0,141.41832736393096
31,142.0,142.1418529630581
32,145.0,142.64053898773034
33,146.0,142.4844781976432
34,148.0,141.93074217821143
35,146.0,141.5329934017796
36,146.0,141.25098322488452
37,142.0,141.28358297128023
38,138.0,141.50330489425173
39,136.0,141.66456914075735
40,135.0,141.54653219474596
41,134.0,140.99013622232758
42,131.0,140.08861441435977
43,130.0,139.16459945556053
44,127.0,138.25140817642568
45,125.0,137.4529809979224
46,125.0,136.51570304773375
47,124.0,135.53556553248683
48,116.0,134.45065406261793
49,108.0,133.26222506753317
50,108.0,132.0435069303752
51,109.0,130.7826095387154
52,102.0,129.4019836180389
53,95.00000000000001,127.85538643727685
54,88.99999999999999,126.25810918451893
55,83.0,124.76485815766326
56,78.0,123.08777618638338
57,73.0,121.09079503045923
58,73.0,119.14717228628935
