,y_actual,y_predict
0,146.0,137.5236965222528
1,151.0,139.23737429833216
2,150.0,141.4444610955781
3,151.0,142.97083282736372
4,149.0,145.07025894681558
5,146.0,146.15347270475525
6,147.0,148.19216118803843
7,147.0,148.62124102361196
8,144.0,148.01156631545047
9,134.0,147.6319775406299
10,128.0,147.55456923136546
11,133.0,147.21070595414605
12,133.0,145.86146625292668
13,134.0,143.10242695311325
14,134.0,139.32972492414348
15,138.0,136.66898743527955
16,139.0,134.32212439883452
17,140.0,132.6647162733772
18,140.0,132.41308104349042
19,142.0,133.0232644523383
20,144.0,133.0077582747897
21,144.0,135.44308007034903
22,147.0,139.75727252873395
23,148.0,145.24758097402372
24,147.0,148.23693910628748
25,149.0,150.38909235832858
26,151.0,149.53876545196692
27,154.0,146.99394430143383
28,149.0,147.5648964681913
29,141.0,147.61667361757105
30,138.0,148.29925187590678
31,142.0,147.84593214618116
32,145.0,145.9203100516003
33,146.0,142.50301206361436
34,148.0,139.4029962097536
35,146.0,137.4179296819538
36,146.0,136.32326709410867
37,142.0,136.3783109599443
38,138.0,136.79613196225426
39,136.0,136.9678889265319
40,135.0,135.77297552992684
41,134.0,133.90558434162637
42,131.0,133.22811760585014
43,130.0,132.95615886420399
44,127.0,131.41179261175327
45,125.0,129.89442426922415
46,125.0,128.51208224984663
47,124.0,127.26507912874128
48,116.0,125.3808517863989
49,108.0,123.88983781677851
50,108.0,122.03809377127712
51,109.0,119.85237853178297
52,102.0,116.97687741940877
53,95.00000000000001,113.3194481917569
54,88.99999999999999,110.66184258302238
55,83.0,108.66681042490869
56,78.0,106.81713182677247
57,73.0,104.80526351461687
58,73.0,102.00055147366025
