,y_actual,y_predict
0,138.0,136.49777436931132
1,140.0,135.34573040343878
2,143.0,134.7791615069706
3,142.0,135.81784522555523
4,141.0,136.8897417461695
5,142.0,138.7359506015104
6,140.0,140.31219419283167
7,140.0,142.31639816676773
8,139.0,143.51291554735712
9,140.0,144.47455887555674
10,141.0,145.09258910673245
11,143.0,144.73620518720648
12,143.0,144.48119434762455
13,143.0,144.56768782447767
14,142.0,145.358494328199
15,142.0,145.83083558333854
16,141.0,146.0381773491039
17,137.0,146.221983863348
18,140.0,145.59122415830927
19,139.0,144.70922224678588
20,140.0,143.57541499969437
21,139.0,142.94684283455695
22,137.0,143.48387501990067
23,137.0,143.3910079456934
24,137.0,142.88929734296823
25,137.0,141.92286938654166
26,132.0,140.85326279293477
27,130.0,139.59118616072223
28,129.0,138.13131929835293
29,129.0,136.919670284873
30,128.0,136.32366903336933
31,125.0,135.85939666978285
32,123.0,134.9680086172069
33,122.0,133.10271834945968
34,120.0,130.98219474707312
35,117.0,128.9531776517725
36,116.0,126.63808310612264
37,115.0,124.27015287576421
38,113.0,122.31701643997383
39,110.0,120.81129984390391
40,103.0,119.10179352705686
41,96.0,117.37376695790422
42,90.0,115.37326467164993
43,90.0,112.98849570030518
44,89.00000000000001,110.71799073935789
45,89.00000000000001,108.60165713238982
46,89.00000000000001,106.79866351175053
