,y_actual,y_predict
0,1000.0,1039.6855749905392
1,995.0,1037.8167170755003
2,995.0,1033.3840043989483
3,1000.0,1028.2807130988267
4,1000.0,1022.3119981165902
5,1015.0,1015.7249242315191
6,985.0,1010.113514658774
7,1005.0,1005.5331739085542
8,1005.0,1002.9275018689473
9,995.0,1001.2586992558404
10,1010.0,1001.3101521009254
11,1005.0,1001.6735789825174
12,1005.0,1002.2713991510304
13,1000.0,1004.0582374597799
14,1005.0,1003.9083177812283
15,1005.0,1004.4514281386602
16,1010.0,1003.6629085511458
17,1010.0,1003.7061332716092
18,1010.0,1004.3413769718447
19,1020.0,1004.171004268603
20,1025.0,1004.841677623871
21,1025.0,1005.4186207305697
22,1005.0,1006.8620521232267
23,1010.0,1008.180031681602
24,1015.0,1010.1941268226939
25,1010.0,1011.9391929636818
26,1015.0,1012.8893699382267
27,1015.0,1014.0170921588578
28,1020.0,1014.256312251341
29,1015.0,1014.5099315619123
30,1010.0,1013.6415305978621
31,1000.0,1012.7618159624571
32,1000.0,1012.276528029039
33,1005.0,1012.1000834750622
34,1005.0,1011.9852145247512
35,1005.0,1011.2559879580855
36,1010.0,1010.5071835071773
37,1010.0,1009.6534434011428
38,1000.0,1008.5215529858019
39,1000.0,1007.100487295927
40,1000.0,1005.989618295464
41,1000.0,1005.5256314609843
42,1000.0,1005.6256500898837
43,995.0,1004.5770694363378
44,985.0,1003.4963341378885
45,990.0,1002.1267483592981
46,985.0,1000.2551748022514
47,990.0,998.5044428035196
48,990.0,996.0746830159677
49,995.0,994.3437544531401
50,990.0,992.5138808873232
