,y_actual,y_predict
0,1000.0,1045.9589967347397
1,995.0,1044.6417750299481
2,995.0,1042.9090059655605
3,1000.0,1040.2285364838742
4,1000.0,1036.755302532399
5,1015.0,1032.619325622084
6,985.0,1028.7777748289895
7,1005.0,1026.3742602328023
8,1005.0,1025.470145418626
9,995.0,1025.017197082474
10,1010.0,1024.1396748092213
11,1005.0,1023.4361746650982
12,1005.0,1022.2204331639742
13,1000.0,1022.414434659304
14,1005.0,1023.1874904248867
15,1005.0,1023.8740922385094
16,1010.0,1024.0716574500952
17,1010.0,1023.6856257809598
18,1010.0,1023.205705977092
19,1020.0,1023.3461615079152
20,1025.0,1024.1970280857786
21,1025.0,1025.1994969575906
22,1005.0,1026.2581507483515
23,1010.0,1027.6961643900927
24,1015.0,1028.658701595703
25,1010.0,1028.8235979045967
26,1015.0,1029.2962233677224
27,1015.0,1029.5799538251413
28,1020.0,1029.260482451397
29,1015.0,1029.153922824306
30,1010.0,1029.5091666916085
31,1000.0,1029.498416899408
32,1000.0,1029.324399281312
33,1005.0,1028.623181720006
34,1005.0,1027.8178720667888
35,1005.0,1027.2442941908837
36,1010.0,1026.9690940973135
37,1010.0,1026.428997110083
38,1000.0,1025.9426806610873
39,1000.0,1025.7406540376314
40,1000.0,1025.397477184234
41,1000.0,1024.6532198548273
42,1000.0,1023.76515078587
43,995.0,1022.9556594048433
44,985.0,1022.1383774694189
45,990.0,1021.5313818593046
46,985.0,1020.8469498526682
47,990.0,1020.1932018941004
48,990.0,1019.1933764877646
49,995.0,1017.8208134272387
50,990.0,1016.3670247022727
