,y_actual,y_predict
0,1000.0,1034.5461909134995
1,995.0,1033.6624930357475
2,995.0,1032.0146847713188
3,1000.0,1030.4783215829755
4,1000.0,1029.1979234424857
5,1015.0,1026.8617450394063
6,985.0,1024.098231946886
7,1005.0,1022.4326411894428
8,1005.0,1020.0054617129017
9,995.0,1018.112559990717
10,1010.0,1016.8579875155012
11,1005.0,1015.322738552367
12,1005.0,1013.4579225231072
13,1000.0,1012.2407555354808
14,1005.0,1011.6521468968348
15,1005.0,1011.8061265052984
16,1010.0,1011.4085240359136
17,1010.0,1011.2722186556671
18,1010.0,1010.9675885812678
19,1020.0,1010.5691019493689
20,1025.0,1010.3808384883149
21,1025.0,1010.938447306566
22,1005.0,1011.9920532511364
23,1010.0,1012.4694017660598
24,1015.0,1012.6558788579526
25,1010.0,1013.5220874598502
26,1015.0,1014.8270842645735
27,1015.0,1015.0131192752092
28,1020.0,1015.2556414440209
29,1015.0,1015.4728206281151
30,1010.0,1015.8135660345984
31,1000.0,1016.5767877477276
32,1000.0,1017.3305994455272
33,1005.0,1017.4574226339126
34,1005.0,1017.2791014901098
35,1005.0,1016.706082982326
36,1010.0,1016.2312155356822
37,1010.0,1016.1246017761922
38,1000.0,1015.9466234709154
39,1000.0,1015.6989045918162
40,1000.0,1015.1868662313111
41,1000.0,1014.2994377290732
42,1000.0,1013.1788970733531
43,995.0,1012.4775667362163
44,985.0,1011.6359252213197
45,990.0,1010.9347482593128
46,985.0,1010.1303317906762
47,990.0,1009.7109320086971
48,990.0,1008.7222668985862
49,995.0,1007.0410860102808
50,990.0,1005.68397774962
