,y_actual,y_predict
0,605.0,616.0121940533902
1,565.0,628.2354417617614
2,610.0,631.5064508324617
3,570.0,610.4407328248681
4,535.0,594.0890383819637
5,500.0,577.274460388227
6,466.0,565.4597323891967
7,466.0,550.6494984472704
8,484.0,547.2338174538256
9,555.0,513.8234696844232
10,520.0,486.5948651344381
11,540.0,477.7429769032574
12,560.0,497.9473547890243
13,525.0,513.2529407322911
14,525.0,521.0651829342719
15,500.0,526.8359713105604
16,520.0,525.3620285361516
17,510.0,528.424719195868
18,510.0,520.2802997694589
19,510.0,506.0311456280425
20,496.0,494.72498595475815
21,462.0,498.64303296737745
22,430.0,501.8452547118412
23,400.0,492.3463597584054
24,372.0,480.1077519753709
25,346.0,459.83967556859125
26,386.0,429.6293329475121
27,390.0,398.34726088924714
28,364.0,382.7921517818598
29,340.0,377.78198368821785
30,318.0,383.2140126942619
31,322.0,387.1614061909942
32,316.0,388.3676559568635
33,300.0,371.0839764958909
34,300.0,351.4829914618408
35,292.0,339.73822933136114
36,294.0,342.4631830648275
37,274.0,333.5953077640657
38,264.0,324.32603604062103
39,262.0,317.29534690596523
40,264.0,312.5620455239916
41,260.0,300.7466928064775
42,286.0,291.0610210101833
43,286.0,286.69497181988106
44,278.0,286.0942846723732
45,260.0,291.5900395166359
46,260.0,298.56078299404965
47,242.0,300.9122181639212
48,226.0,299.33254869672635
49,212.0,290.9588442533522
50,212.0,281.22655889714196
51,226.0,262.8244063571343
52,228.0,260.4327563576371
53,220.0,259.1407097519559
54,206.0,250.26156155086946
55,194.0,250.73136546054414
56,193.0,252.04261215955466
57,187.0,253.29280360243357
58,189.0,247.5807342107578
59,176.0,233.92813061137588
60,164.0,225.95022646592156
61,164.0,223.53093145399663
62,153.0,224.93812658688023
63,146.0,206.98715282536241
