,y_actual,y_predict
0,605.0,603.7435945798544
1,565.0,596.756841918931
2,610.0,593.5468776978075
3,570.0,583.9141336384633
4,535.0,580.920271931202
5,500.0,582.0145003395413
6,466.0,575.9308701173643
7,466.0,572.1759978816572
8,484.0,562.670421920136
9,555.0,562.8601750376242
10,520.0,555.7716254591144
11,540.0,546.945743208004
12,560.0,538.0148380073658
13,525.0,527.1839456849474
14,525.0,516.0952205645203
15,500.0,510.99956782770585
16,520.0,500.24272854817696
17,510.0,493.16429414078686
18,510.0,500.84125113231755
19,510.0,493.9743819809622
20,496.0,492.5273713699877
21,462.0,488.7420703684839
22,430.0,501.52937415199483
23,400.0,505.9326996210534
24,372.0,508.4525011377881
25,346.0,523.1372320306353
26,386.0,523.4544030032583
27,390.0,518.4377984555654
28,364.0,513.5593305142967
29,340.0,515.8615725995182
30,318.0,516.1080622529585
31,322.0,522.6163631572931
32,316.0,526.3356241629879
33,300.0,520.0209476144713
34,300.0,512.0750436245658
35,292.0,502.1974957736347
36,294.0,496.3628527780138
37,274.0,485.55943375987147
38,264.0,476.172565367243
39,262.0,457.52510171610936
40,264.0,427.83952001981163
41,260.0,405.603064614092
42,286.0,371.3941698736211
43,286.0,341.3640765839961
44,278.0,312.8548599554563
45,260.0,292.6504583297365
46,260.0,278.9886839540693
47,242.0,267.90820602820236
48,226.0,253.5874651973486
49,212.0,248.46223182894153
50,212.0,246.95865118688954
51,226.0,224.66629697286731
52,228.0,231.165825151632
53,220.0,230.8118201788253
54,206.0,227.10484411089476
55,194.0,235.31999688926004
56,193.0,241.27020987754662
57,187.0,240.50943869985764
58,189.0,228.03770327955363
59,176.0,218.73237544588534
60,164.0,208.41081112770235
61,164.0,184.29756481051737
62,153.0,165.2638410704393
63,146.0,155.00348810670766
