,y_actual,y_predict
0,575.0,574.9554272379403
1,580.0,575.9242374144853
2,580.0,576.3854578569778
3,580.0,576.4565584611682
4,580.0,576.385273573268
5,575.0,576.0178710899102
6,580.0,575.4587455388613
7,570.0,574.984811714244
8,570.0,574.6212111793282
9,565.0,574.3681984211419
10,560.0,574.3886736576166
11,560.0,574.37700016214
12,560.0,574.2089882651144
13,560.0,573.7797805356442
14,560.0,573.4236588479525
15,560.0,572.9252591670012
16,565.0,572.2054886796125
17,560.0,570.8208225671456
18,560.0,569.1285869429668
19,560.0,567.5776398840343
20,560.0,566.1287969696178
21,560.0,564.8772780313591
22,550.0,563.691842353905
23,555.0,562.7557425358553
24,560.0,561.8605229874371
25,555.0,561.2332080760425
26,555.0,560.6999787739326
27,560.0,560.5421397764604
28,555.0,560.3477116871716
29,555.0,559.6481180721561
30,550.0,559.4268372137201
31,550.0,559.1792783758034
32,545.0,558.8176172075482
33,550.0,558.6257427639528
34,545.0,558.4153214812749
35,520.0,558.3266064258196
36,530.0,558.0179048856047
37,540.0,558.1546960507894
38,540.0,557.6496665439914
39,520.0,556.490228032746
40,520.0,555.4156346190492
41,515.0,554.2245739007379
42,520.0,553.1302445792595
43,520.0,551.2069808047069
44,520.0,549.515203695949
45,505.0,547.8293236659059
46,500.0,546.6248760523874
