,y_actual,y_predict
0,575.0,566.4201188009126
1,580.0,566.5396618883985
2,580.0,566.8916657127169
3,580.0,567.0676347170707
4,580.0,567.5794958842548
5,575.0,567.9376863759747
6,580.0,568.1109262263401
7,570.0,568.5968297166819
8,570.0,568.8106251463328
9,565.0,569.1907146855712
10,560.0,569.7818748881793
11,560.0,570.3415116071377
12,560.0,570.6216842739875
13,560.0,570.5814862928532
14,560.0,570.6511257904871
15,560.0,570.5412729547432
16,565.0,570.0273912483121
17,560.0,569.5380609585089
18,560.0,568.8507156286362
19,560.0,567.8787770167314
20,560.0,567.2410413003165
21,560.0,566.732387547225
22,550.0,565.9755431263546
23,555.0,565.1691658769055
24,560.0,564.1024659487799
25,555.0,563.1980146640404
26,555.0,562.5374848078021
27,560.0,561.5192251691185
28,555.0,560.3705365409467
29,555.0,559.5439758375634
30,550.0,558.012670350704
31,550.0,557.112891974321
32,545.0,556.1104631838534
33,550.0,555.3417061374545
34,545.0,554.6711064927861
35,520.0,553.6364368285125
36,530.0,553.2150589628566
37,540.0,552.8822162566535
38,540.0,552.6498783756275
39,520.0,552.4320374797751
40,520.0,551.7466161595872
41,515.0,551.3529817676759
42,520.0,550.8771875551307
43,520.0,549.9689803928766
44,520.0,549.4449433377215
45,505.0,548.6092254890424
46,500.0,547.7653728308865
