,y_actual,y_predict
0,52.0,62.84807921926611
1,51.0,62.62832453950455
2,51.0,62.861277805557336
3,50.0,63.02639675322769
4,51.0,62.98670595502878
5,50.0,62.786030419807005
6,50.0,62.74291820589984
7,50.0,62.71823174117151
8,50.0,62.65058750143952
9,50.0,62.651668573764
10,50.0,62.56296124357806
11,50.0,62.47544190495748
12,50.0,62.20861899937607
13,50.0,62.0018371875083
14,50.0,62.03222601175038
15,50.0,62.081515781797464
16,50.0,62.06387410705176
17,50.0,62.094441130028656
18,50.0,62.00726630896203
19,50.0,62.16024398283433
20,50.0,62.27670279598725
21,50.0,62.29541366314177
22,50.0,62.25687521676127
23,50.0,62.11504090377211
24,50.0,62.133573572191835
25,50.0,62.064016666039606
26,50.0,62.02467038539466
27,50.0,62.059229060031186
28,50.0,62.09774374658038
29,50.0,62.13415568805887
30,50.0,62.144942651472405
31,50.0,62.14459813391845
32,50.0,62.14800766971105
33,50.0,62.15150036491323
34,50.0,62.1350942013955
35,50.0,62.13945413044041
36,50.0,62.125198231656
37,50.0,62.153234832598656
38,50.0,62.163796077614776
39,50.0,62.15843823565497
40,50.0,62.14080844082493
41,50.0,62.117892083529
42,50.0,62.130104636820974
43,50.0,62.1384562175255
44,50.0,62.135997074985184
45,50.0,62.13282513750566
46,50.0,62.12197877451386
47,50.0,62.13243310028909
48,50.0,62.154767341717985
49,50.0,62.14424173644883
50,50.0,62.12692081942579
51,50.0,62.110288937510646
52,50.0,62.13223114172297
53,50.0,62.139121492802104
54,50.0,62.121943134766894
55,50.0,62.10765159623553
56,50.0,62.113437115158874
57,50.0,62.122347051899126
58,50.0,62.14129551736673
59,50.0,62.137303865707096
60,50.0,62.15607413243988
61,50.0,62.16722937323868
62,50.0,62.15754724198095
63,50.0,62.147936390217126
64,50.0,62.12894040508691
65,50.0,62.140285724536156
66,50.0,62.14380217956965
67,50.0,62.140226324957894
68,50.0,62.14803142954236
69,50.0,62.14067776175273
70,50.0,62.15380506855004
71,50.0,62.15180924272022
72,50.0,62.154767341717985
73,50.0,62.125245751318616
74,50.0,62.13534367962424
75,50.0,62.14729487477183
76,50.0,62.16303576301294
77,50.0,62.15392386770658
78,50.0,62.12953440086959
79,50.0,62.13382305042056
80,50.0,62.13031847530273
81,50.0,62.14709291620572
82,50.0,62.15129840634711
83,50.0,62.156786927379116
84,50.0,62.15632361066862
85,50.0,62.1551237391876
86,50.0,62.154268385260536
87,50.0,62.15471982205537
88,50.0,62.15757100181226
