,y_actual,y_predict
0,142.0,136.21201184078566
1,128.0,138.23578435368364
2,124.0,140.30943553573474
3,124.0,142.32317600185763
4,120.0,144.0322321533986
5,116.0,145.24098950656648
6,110.0,145.43653099209632
7,103.0,144.99393210516453
8,113.0,144.06231786540084
9,116.0,143.33258553158203
10,117.0,142.26131518951894
11,118.0,140.85170833438823
12,119.0,139.29238204521394
13,117.0,137.3706402450472
14,114.0,135.3582450325979
15,125.0,134.19087769361957
16,124.0,133.12056675727717
17,124.0,131.88300637584237
18,122.0,130.1046957309195
19,122.0,128.47559353221075
20,125.0,127.58162553866126
21,124.0,127.02378325369256
22,123.0,127.1819079161153
23,123.0,127.63536268734322
24,122.0,128.22255027337752
25,124.0,128.6194313920536
26,124.0,129.06751557691024
27,123.0,129.21960224028643
28,120.0,129.39877125862617
29,118.0,129.58177789984867
30,118.0,129.6527322098879
31,119.0,129.75682773058327
32,119.0,129.52445340803717
33,121.0,129.62865321196307
34,118.0,129.46613822553581
35,118.0,129.31057893058363
36,115.0,129.29310106115008
37,116.0,129.17059955026966
38,117.0,128.73032617937824
39,117.0,128.3892574456713
40,115.0,128.05778276917127
41,114.0,127.64858580097192
42,120.0,127.46233595128055
43,117.0,127.39556339878482
44,118.0,127.2303161917182
45,118.0,126.46512755952588
46,117.0,126.25386016283508
47,116.0,126.1209928988419
48,116.0,125.9061694439907
49,119.0,125.98756250540399
50,118.0,125.68645510562857
51,116.0,125.45898209491645
52,116.0,125.3951503295211
53,116.0,125.49978812301515
54,114.0,125.51188497775433
55,116.0,125.42239953765346
56,114.0,125.37129032638035
57,113.0,125.41230492094004
58,120.0,125.0844801575079
59,118.0,125.04349684791734
60,119.0,124.93884862610028
61,115.0,124.52134028442927
62,119.0,124.57487929497324
63,115.0,124.49443521095762
64,117.0,124.62694791196705
65,117.0,124.53084048672875
66,116.0,124.55379322576408
67,116.0,124.54899619716059
68,113.0,124.51322704909558
69,111.0,124.49836668874784
70,112.00000000000003,124.45969846687464
71,111.0,124.3485012581815
72,115.0,124.2365949235209
73,115.0,124.08492539306675
74,110.0,123.95315310299392
75,109.0,123.90989641897826
76,103.0,123.76968761555719
77,106.0,123.58246793182204
78,106.0,123.26318396496868
79,101.00000000000003,122.85911773171046
80,103.99999999999997,122.47978748072927
81,107.0,121.9270029324403
