,y_actual,y_predict
0,142.0,142.44586639210786
1,145.0,142.17931722633253
2,143.0,141.1843956976449
3,141.0,140.9522990796451
4,141.0,141.31568545771003
5,142.0,141.8378260309348
6,145.0,141.99850291729774
7,143.0,141.19944736485456
8,142.0,140.53327666059573
9,143.0,140.75274813353886
10,142.0,141.14425415286644
11,140.0,141.37606835441457
12,142.0,141.0190194015257
13,144.0,140.95234652560896
14,143.0,140.7619707251855
15,144.0,140.48929199274255
16,147.0,140.78468830456004
17,146.0,141.51519121718397
18,147.0,142.53264957871707
19,149.0,143.0696271826482
20,148.0,143.75584719564597
21,149.0,144.2735301075971
22,148.0,144.77129249271135
23,148.0,145.54218999525446
24,148.0,146.08621219515675
25,148.0,146.00745867310218
26,148.0,145.98466201712117
27,149.0,145.76753573039292
28,150.0,146.1509601205387
29,150.0,146.42353944239068
30,149.0,146.32893444973524
31,148.0,146.50957253090417
32,146.0,146.75815775101992
33,148.0,146.9690505418263
34,146.0,146.6356861622426
35,146.0,146.1209268253994
36,144.0,145.24607069732062
37,146.0,144.7351477055573
38,146.0,144.39451731550432
39,147.0,143.81693952247716
40,145.0,143.49084341269435
41,146.0,143.39162034622075
42,146.0,143.9360876344509
43,145.0,144.48439804575577
44,145.0,144.76445801458027
45,146.0,144.33747145159305
46,145.0,144.10681854649428
47,144.0,143.9151097404188
48,145.0,143.40985541167396
49,143.0,143.2231103571535
50,144.0,143.29059433311954
51,145.0,142.99839723486687
52,145.0,142.62929700715117
53,142.0,142.42050765407703
54,142.0,142.0859254947536
55,145.0,142.02215134129708
56,145.0,141.77834460754406
57,145.0,141.63389424082985
58,140.0,141.81957063149707
59,141.0,142.13627469976223
60,139.0,142.31089166218098
61,137.0,141.87728525756594
62,136.0,140.83154006423084
63,138.0,139.524767511584
