,y_actual,y_predict
0,82.0,80.8326800768503
1,83.0,81.28854200473876
2,87.0,80.47058157765869
3,87.0,80.22118139655595
4,84.0,82.80033662053779
5,79.0,83.16896854972481
6,74.0,83.36332357831671
7,69.0,82.38846258427937
8,73.0,77.37814348055196
9,70.0,73.92391502278383
10,69.0,72.20271571394686
11,71.0,69.44351380703633
12,67.0,67.05680225960398
13,63.0,66.69566390220938
14,59.0,65.78799497085888
15,68.0,63.83415107172078
16,64.0,63.816734546100776
17,69.0,64.01066979176748
18,76.0,62.54957959440166
19,90.0,60.45194218027929
20,106.0,62.869690869521634
21,110.0,73.39679717623054
22,111.0,91.72117482439859
23,104.0,105.33149516829931
24,102.0,107.50486320843812
25,107.0,106.42547180025012
26,105.0,104.7849244023612
27,105.0,103.94085035129063
28,106.0,102.38469718447016
29,105.0,102.46013976794751
30,103.0,102.19314889596855
31,100.0,103.51916053982379
32,97.0,104.09513397362912
33,100.0,103.37369235891451
34,96.0,103.57427491185953
35,96.0,102.72984806450074
36,93.0,100.65557335647608
37,93.0,98.91848258445481
38,87.0,97.31597913060611
39,87.0,96.10877721902204
40,84.0,94.36336893957326
41,79.0,91.5623182476409
42,78.0,89.27373319186202
43,75.0,85.97880342265577
44,78.0,81.89598576060669
45,75.0,80.16067906601751
46,76.0,78.65404688704328
47,72.0,76.99462265484775
48,69.0,75.80349753614368
49,67.0,75.68460518702021
50,68.0,73.6914847897211
51,67.0,72.11060462229601
52,63.0,71.76237235696341
53,59.0,70.54934260796034
54,59.999999999999986,68.19404779328102
55,56.0,64.7623134482175
56,53.0,61.91463559115731
57,50.0,59.475366328334744
58,51.0,57.614647251954096
59,50.0,54.53835293436438
60,51.0,52.02864052407257
61,51.0,48.756128949382344
62,59.0,44.31844287916185
63,61.0,42.607684554145294
