,y_actual,y_predict
0,64.0,65.59380260994601
1,65.0,64.32518307584736
2,64.0,63.87830716274631
3,64.0,63.341826433541186
4,64.0,62.845670856420206
5,63.0,62.63314546508209
6,64.0,62.39666376947844
7,64.0,62.53051879873185
8,64.0,63.252968821710866
9,65.0,63.51991476186582
10,64.0,63.81440577568102
11,63.0,63.95082378523959
12,65.0,63.595818179762375
13,64.0,64.10437476096864
14,66.0,63.97341303401626
15,67.0,65.2987534315535
16,66.0,66.08569185960248
17,67.0,66.20233631691531
18,68.0,66.12552252363862
19,72.0,66.64912666468008
20,73.0,70.01023903529708
21,71.0,71.45730458072492
22,70.0,71.5635424027497
23,72.0,70.74313300403053
24,71.0,70.32781378593695
25,72.0,69.97176298992767
26,72.0,70.15886950671741
27,69.0,70.57584033479026
28,69.0,69.82512091762996
29,70.0,68.87370203456142
30,69.0,69.21763787339447
31,68.0,69.1492045083439
32,66.0,68.55402595845395
33,64.0,67.21149389294578
34,64.0,65.53448692793762
35,65.0,64.28798802315765
36,66.0,63.830029409117415
37,67.0,64.38437140479712
38,67.0,65.70596682645365
39,67.0,66.65790905099755
40,66.0,67.11902064818496
41,65.0,66.96660092579712
42,65.0,66.09991759423113
43,65.0,65.01917267505715
44,65.0,64.38376946260588
45,65.0,64.31142496573091
46,63.0,64.31642456822838
47,63.0,63.515143001949816
48,59.0,62.768152641537895
49,59.0,61.24034276956644
50,57.0,59.31598830619343
51,60.0,57.739146511698934
52,60.0,57.654715413602204
