,y_actual,y_predict
0,1685.0,1655.2278282512766
1,1695.0,1655.2342459611968
2,1695.0,1642.5796115329385
3,1680.0,1636.3721536624082
4,1720.0,1637.0124836571379
5,1640.0,1645.0698095086009
6,1565.0,1659.737060261477
7,1560.0,1669.4507246420376
8,1475.0,1649.0111479980349
9,1515.0,1623.0138064460452
10,1485.0,1573.0304181667216
11,1575.0,1521.4394814180557
12,1665.0,1488.43397954535
13,1685.0,1484.3692424823666
14,1675.0,1500.222715182228
15,1700.0,1542.3742479971675
16,1725.0,1585.880964964299
17,1770.0,1623.22012914219
18,1750.0,1642.9123694408424
19,1755.0,1661.9923967652264
20,1690.0,1677.8021404690153
21,1660.0,1693.0020752037851
22,1615.0,1689.9580843931174
23,1640.0,1672.277265445713
24,1615.0,1640.9408320831187
25,1580.0,1614.306386964497
26,1490.0,1594.3975964035071
27,1505.0,1582.6749638817334
28,1525.0,1557.5740140298144
29,1495.0,1528.980466305768
30,1455.0,1497.4028873171878
31,1455.0,1470.4083264297533
32,1500.0,1451.5023294035145
33,1500.0,1443.5414449322336
34,1495.0,1429.8571160098977
35,1500.0,1427.1728121834808
36,1450.0,1434.7113790074336
37,1440.0,1451.658350750054
38,1420.0,1446.8365347941306
39,1395.0,1433.7895906086312
40,1395.0,1416.0984175684418
41,1395.0,1392.324239619539
42,1325.0,1370.5099304648681
43,1300.0,1360.5727568594057
44,1345.0,1345.4489208405143
45,1315.0,1325.5799720975178
46,1280.0,1312.7561927034196
47,1275.0,1300.2487579065312
48,1220.0,1284.248514359862
49,1190.0,1276.1671765729252
50,1170.0,1256.7494216572707
51,1150.0,1228.4075775003935
52,1140.0,1201.3225079240942
53,1070.0,1176.6097838321944
54,1045.0,1156.070637789483
55,1080.0,1136.8506861127735
56,1155.0,1114.9100190681497
57,1095.0,1094.7869486942245
58,1140.0,1086.080906946679
59,1105.0,1085.619169236664
