,y_actual,y_predict
0,1685.0,1651.8647654924143
1,1695.0,1650.0102160275749
2,1695.0,1648.9705118742131
3,1680.0,1647.9496953293465
4,1720.0,1645.304003201278
5,1640.0,1648.69144341688
6,1565.0,1651.3732237407105
7,1560.0,1652.8235418316335
8,1475.0,1642.117304453259
9,1515.0,1623.5063041764447
10,1485.0,1602.7242411354582
11,1575.0,1578.1744692356415
12,1665.0,1563.0008379735132
13,1685.0,1549.6309135739752
14,1675.0,1534.9757039351118
15,1700.0,1533.0992161650574
16,1725.0,1539.11326408109
17,1770.0,1553.028208805249
18,1750.0,1572.478607581659
19,1755.0,1590.2017777911333
20,1690.0,1608.6819003669557
21,1660.0,1625.8479599330103
22,1615.0,1636.535689282666
23,1640.0,1641.5324212228788
24,1615.0,1639.7921533877043
25,1580.0,1638.0824136074955
26,1490.0,1632.7134334041407
27,1505.0,1621.9716490826481
28,1525.0,1602.4067999744507
29,1495.0,1579.1625856857117
30,1455.0,1552.764457094812
31,1455.0,1531.1998270818374
32,1500.0,1508.0057876161118
33,1500.0,1486.695954042557
34,1495.0,1464.8828258027456
35,1500.0,1452.821383184414
36,1450.0,1443.696004193709
37,1440.0,1436.4551966164413
38,1420.0,1427.0681606333242
39,1395.0,1417.3078993206038
40,1395.0,1409.5552213858386
41,1395.0,1400.8221872986505
42,1325.0,1388.12993932627
43,1300.0,1379.185999468602
44,1345.0,1369.4242760708178
45,1315.0,1358.16709270576
46,1280.0,1345.401543661037
47,1275.0,1336.9533349911214
48,1220.0,1322.4985153570856
49,1190.0,1309.3030851865303
50,1170.0,1298.8563749362686
51,1150.0,1281.5224286410398
52,1140.0,1269.6398665068825
53,1070.0,1253.7563085951276
54,1045.0,1236.1859262748399
55,1080.0,1224.0416790312497
56,1155.0,1215.3108380716574
57,1095.0,1202.3695857660719
58,1140.0,1185.555776232356
59,1105.0,1175.1789086609201
