,y_actual,y_predict
0,1685.0,1695.926603823768
1,1695.0,1689.0133946811495
2,1695.0,1687.2013476073648
3,1680.0,1687.653764525097
4,1720.0,1684.165032743283
5,1640.0,1691.7672846185806
6,1565.0,1697.129688953775
7,1560.0,1696.732912104908
8,1475.0,1669.1094191599134
9,1515.0,1633.0087534993004
10,1485.0,1592.58434381247
11,1575.0,1557.3826777055754
12,1665.0,1546.947003385845
13,1685.0,1551.4886894669128
14,1675.0,1551.6710986371552
15,1700.0,1568.961941540017
16,1725.0,1594.397652637548
17,1770.0,1630.0307252186349
18,1750.0,1671.5060858670115
19,1755.0,1703.9601672783135
20,1690.0,1728.794328781586
21,1660.0,1743.3365765334324
22,1615.0,1739.354639482759
23,1640.0,1725.303287889467
24,1615.0,1702.7645929073974
25,1580.0,1686.6960566326554
26,1490.0,1668.965291313029
27,1505.0,1643.477092767552
28,1525.0,1604.105236712434
29,1495.0,1571.3897759642964
30,1455.0,1538.6435270787538
31,1455.0,1513.8832430467432
32,1500.0,1487.219380495464
33,1500.0,1472.8728395072244
34,1495.0,1460.2676699472127
35,1500.0,1465.5031716251829
36,1450.0,1471.3035442442197
37,1440.0,1475.0211766896086
38,1420.0,1466.1696574781968
39,1395.0,1455.8674405960855
40,1395.0,1451.0465806188577
41,1395.0,1440.9694967195799
42,1325.0,1424.07375418824
43,1300.0,1415.5614387116725
44,1345.0,1401.1696574375108
45,1315.0,1387.7194308275357
46,1280.0,1376.0188982838445
47,1275.0,1370.0797962858517
48,1220.0,1346.5703963186324
49,1190.0,1328.8498128750407
50,1170.0,1312.7140734067686
51,1150.0,1284.5737439355375
52,1140.0,1268.2775125144726
53,1070.0,1243.3065054726153
54,1045.0,1217.3139508433592
55,1080.0,1195.452686264518
56,1155.0,1187.7308527011987
57,1095.0,1176.4738661552844
58,1140.0,1161.6512477765946
59,1105.0,1151.9228149310366
