,y_actual,y_predict
0,344.0,340.6720848843545
1,338.0,340.5260909159402
2,340.0,340.48656984167667
3,340.0,340.5705665693238
4,338.0,339.9397171993269
5,336.0,339.39387569557294
6,336.0,338.64219526336313
7,342.0,338.09993607920626
8,344.0,338.0701797148119
9,344.0,338.1320613968824
10,338.0,338.5391313507643
11,336.0,339.14026769087815
12,330.0,339.1085468286403
13,326.0,337.9345426945872
14,324.0,335.6063382981241
15,318.0,332.7043849726596
16,322.0,329.7229561535555
17,324.0,327.83622931290984
18,328.0,326.3989102436411
19,330.0,325.97027414799186
20,322.0,325.93546209061793
21,326.0,326.9095352345827
22,326.0,327.5653019485506
23,330.0,328.0115896351172
24,324.0,328.25312175600925
25,332.0,327.76602740467854
26,328.0,328.2399913990994
27,332.0,328.5060508533611
28,332.0,329.12415987704935
29,334.0,329.61067643489673
30,342.0,330.68504008274
31,340.0,332.8842954185486
32,334.0,333.85721297554664
33,330.0,335.700359742708
34,330.0,335.81307280647934
35,330.0,335.34182444143045
36,338.0,333.70964451989005
37,336.0,332.2956827521872
38,338.0,331.87064342097204
39,380.0,333.26553800372324
40,368.0,353.6791406649262
41,372.0,361.9058509503855
42,372.0,367.82521518413193
43,382.0,373.9549034682491
44,380.0,382.7641162539831
45,354.0,378.63960247460557
46,334.0,380.86153620463705
47,340.0,381.8344465392165
48,330.0,372.01642799874776
49,334.0,361.03167829969806
50,334.0,349.5292545292095
51,342.0,340.8573976993132
52,334.0,337.9833662439333
53,332.0,338.29793146112524
54,332.0,337.39745476210663
55,332.0,336.77944685227794
56,330.0,336.72984328172936
57,330.0,335.4044139205181
58,332.0,334.31836439947335
59,330.0,333.77275401311283
60,332.0,333.3987627361547
61,332.0,332.9571262871293
62,332.0,332.92614211158286
63,334.0,333.1061536713314
64,332.0,333.4238534181707
65,332.0,333.59024349654857
66,336.0,333.78643327383196
67,332.0,334.457583739295
68,334.0,334.7370913368825
69,330.0,334.87132720791
70,330.0,335.00134518650873
71,332.0,335.2396994432421
72,332.0,334.4102191184945
73,332.0,333.6667000192375
74,330.0,333.4583476891288
75,324.0,333.4565565293303
76,324.0,333.032687229919
77,328.0,331.80393716331525
78,332.0,330.6047845678978
79,334.0,330.1724794836291
80,330.0,331.7332152409489
81,330.0,333.079791843652
82,334.0,334.58295048035245
83,380.0,335.55071123051124
84,372.0,346.2186134281096
85,358.0,351.27728204416854
