,y_actual,y_predict
0,344.0,340.30443489087656
1,338.0,341.19767472651574
2,340.0,341.679915612586
3,340.0,341.95532087644153
4,338.0,342.26319813406326
5,336.0,342.2768340602712
6,336.0,342.0435210516803
7,342.0,341.6658463412656
8,344.0,341.5750894298629
9,344.0,341.7815639311506
10,338.0,342.0762241628399
11,336.0,341.98371942614995
12,330.0,341.5196501451321
13,326.0,340.6460841776022
14,324.0,339.35985810423864
15,318.0,337.9061585897159
16,322.0,336.24195446435897
17,324.0,334.63602081180136
18,328.0,333.4387749348791
19,330.0,332.6213560490972
20,322.0,332.1995668062261
21,326.0,331.5931581005764
22,326.0,331.1938305793718
23,330.0,330.7697879419155
24,324.0,330.58506736527727
25,332.0,330.27786901499854
26,328.0,330.2496293584981
27,332.0,330.4905692410697
28,332.0,330.88801893345317
29,334.0,331.40362739318897
30,342.0,331.929867253019
31,340.0,332.8745451535165
32,334.0,334.0155283899942
33,330.0,334.6624404188292
34,330.0,334.50348943154995
35,330.0,334.36190113844646
36,338.0,334.2367655147823
37,336.0,334.4744119744986
38,338.0,334.7972107488288
39,380.0,335.2444806843171
40,368.0,341.8680162811021
41,372.0,345.15430338687725
42,372.0,347.5905262750592
43,382.0,350.4526118501701
44,380.0,354.0718091162347
45,354.0,357.4769844536349
46,334.0,359.4549015507958
47,340.0,358.49388653955555
48,330.0,355.2294039153596
49,334.0,352.61241833590066
50,334.0,349.6841320724309
51,342.0,347.43101193913367
52,334.0,345.8527690392673
53,332.0,344.4243479896427
54,332.0,342.69966333141235
55,332.0,341.0708490569127
56,330.0,339.3904378243468
57,330.0,337.8211507234729
58,332.0,336.4079834218097
59,330.0,335.32353727768134
60,332.0,334.3874829449233
61,332.0,334.0452847543885
62,332.0,334.09423830726826
63,334.0,334.0095626722782
64,332.0,334.1956266187653
65,332.0,334.3318125427991
66,336.0,334.33857272655473
67,332.0,334.61522024639953
68,334.0,334.775919058966
69,330.0,334.89703901792063
70,330.0,334.8375262891319
71,332.0,334.5968464136279
72,332.0,334.5068984131019
73,332.0,334.50733175821443
74,330.0,334.50415389405583
75,324.0,334.334181496081
76,324.0,333.82554989265714
77,328.0,333.00186194758044
78,332.0,332.56454450484335
79,334.0,332.68423442492656
80,330.0,333.26055453492904
81,330.0,333.3876257667625
82,334.0,333.4397427389638
83,380.0,333.6740235516394
84,372.0,337.7345394803135
85,358.0,341.79043306112055
