,y_actual,y_predict
0,344.0,338.2974547815014
1,338.0,338.80560970530155
2,340.0,338.9337787447534
3,340.0,338.768139797904
4,338.0,338.52706991179866
5,336.0,338.3544829983115
6,336.0,337.89467494423366
7,342.0,337.4074361445321
8,344.0,337.11020473184175
9,344.0,336.99779500964917
10,338.0,337.08531627754496
11,336.0,337.240309379463
12,330.0,336.88457637657984
13,326.0,336.2633761577555
14,324.0,335.2514864303032
15,318.0,333.8918516948755
16,322.0,332.2266797654339
17,324.0,330.64082443642394
18,328.0,329.0523545919017
19,330.0,327.68632079364556
20,322.0,326.8019934224876
21,326.0,326.43081888876105
22,326.0,326.12988959777704
23,330.0,326.0114997130314
24,324.0,325.9812811138504
25,332.0,326.20173821743595
26,328.0,326.4351523398865
27,332.0,326.98051716401653
28,332.0,327.26388153310563
29,334.0,327.6854541034205
30,342.0,328.1339085155498
31,340.0,329.22498483990006
32,334.0,330.6686018581377
33,330.0,332.156535636551
34,330.0,332.6103201935646
35,330.0,332.7657033060839
36,338.0,332.39091756308613
37,336.0,331.9973535318784
38,338.0,332.125825912909
39,380.0,332.3858329804324
40,368.0,342.5001367967624
41,372.0,350.4002782054125
42,372.0,355.5119738184091
43,382.0,360.0533078167006
44,380.0,365.4961007629325
45,354.0,369.97851427075585
46,334.0,375.1396762283488
47,340.0,378.0218545718444
48,330.0,374.3705319881036
49,334.0,369.88340946339065
50,334.0,362.05661893745634
51,342.0,355.35754406513735
52,334.0,350.3912646270717
53,332.0,346.558514889548
54,332.0,342.49132544614076
55,332.0,338.88771415929057
56,330.0,336.55186844400964
57,330.0,335.25342203847254
58,332.0,334.682720970096
59,330.0,333.81231842188765
60,332.0,333.2985877909729
61,332.0,332.82589494221554
62,332.0,332.3498508912545
63,334.0,331.91939474613264
64,332.0,331.8781547362561
65,332.0,331.98581210704776
66,336.0,331.98893219185805
67,332.0,332.3738582104892
68,334.0,332.79456409057894
69,330.0,332.9963440198141
70,330.0,333.2101276086666
71,332.0,333.29383543957204
72,332.0,333.16712532866563
73,332.0,332.8989569281896
74,330.0,332.7068694846382
75,324.0,332.57350030383583
76,324.0,332.26875757586146
77,328.0,331.3294242650852
78,332.0,330.44072010829063
79,334.0,330.1879065696355
80,330.0,331.089062175997
81,330.0,331.7954435991095
82,334.0,332.2045213853461
83,380.0,332.5689646249913
84,372.0,337.6204686018562
85,358.0,343.64484680120785
