,y_actual,y_predict
0,98.0,100.62621587272152
1,97.0,100.98179365799996
2,97.0,101.55196639990747
3,97.0,101.88765084334182
4,103.0,101.93696391608212
5,103.0,102.50491447798761
6,103.0,101.36561245260832
7,105.0,100.55213032378488
8,103.0,100.22604956262009
9,101.0,100.6247183166332
10,102.0,101.26414578138602
11,99.99999999999999,101.82997077981133
12,99.0,102.30853173572287
13,99.99999999999999,102.37593142134911
14,99.99999999999999,102.41345727842655
15,99.99999999999999,101.69303618342649
16,99.0,101.14483403858235
17,97.0,100.68777992042942
18,96.0,99.74136311922476
19,98.0,99.09651546759746
20,99.99999999999999,98.70536347898246
21,99.0,98.49625634079315
22,98.0,98.14133554786312
23,98.0,98.3608289621488
24,101.0,98.25266676596391
25,103.0,98.78333301209653
26,101.0,99.226715892411
27,101.0,99.70984680980492
28,99.99999999999999,100.1605242375173
29,99.99999999999999,100.49349375668831
30,99.0,100.57286422936886
31,96.0,100.26985549361628
32,96.0,100.17435972344286
33,96.0,100.01524197364662
34,96.0,99.68786655108937
35,95.0,98.9187507290887
36,95.0,98.20872557183718
37,94.0,97.9177939013129
38,94.0,97.46465275229396
39,95.0,96.9734060470666
40,97.0,96.46564757825908
41,96.0,96.22822213752238
