,y_actual,y_predict
0,640.0,653.1105553777905
1,630.0,650.8679250521217
2,630.0,637.4220649107841
3,635.0,631.2790948571014
4,650.0,631.5024258405988
5,640.0,639.4972420979784
6,630.0,637.898537414954
7,625.0,631.5997347700668
8,620.0,623.394576083965
9,620.0,608.2510637277386
10,620.0,615.5979405182551
11,625.0,617.0942250349785
12,620.0,619.8681533963745
13,605.0,618.3191630080746
14,595.0,607.1377762133417
15,630.0,591.8766452777611
16,630.0,616.4566583722761
17,660.0,629.1463410902898
18,680.0,645.8221721829113
19,675.0,669.450322648651
20,670.0,672.2146749575102
21,670.0,664.5520740612175
22,665.0,664.6343349081276
23,670.0,662.2696061543513
24,665.0,665.3473223802139
25,660.0,667.836284255128
26,660.0,663.2866671188447
27,650.0,659.7755180095547
28,655.0,650.1516603752426
29,675.0,653.0041364203203
30,670.0,671.7932083814917
31,650.0,675.55181651874
32,650.0,655.0145812963312
33,660.0,649.4996770180617
34,665.0,657.1126688509765
35,630.0,663.6963177179496
36,645.0,641.6166014176781
37,650.0,640.781891343722
38,635.0,647.3784536002229
39,640.0,637.1641128142688
40,640.0,636.8985088955537
41,640.0,639.5991210744971
42,640.0,635.1925133381876
43,625.0,637.779024671362
44,625.0,629.4107724311432
45,615.0,626.4464204316237
46,615.0,615.7657694829672
47,625.0,613.0058519237131
48,615.0,620.0095091609024
49,615.0,615.5045702477582
50,605.0,612.7647969748452
51,610.0,605.7631992654385
52,615.0,603.8505443764799
53,610.0,609.5951837173376
54,620.0,609.1105482672845
55,615.0,612.7078217172083
56,610.0,612.9366397637762
57,605.0,605.5389963650697
58,605.0,603.5202682787796
59,575.0,604.2316472145683
60,575.0,580.3506859552452
61,570.0,572.1534496862344
62,570.0,571.345723936146
63,595.0,569.1729521915429
