,y_actual,y_predict
0,196.0,197.81799306791157
1,194.0,198.53338107771052
2,194.0,198.5741839630811
3,194.0,198.2872707511238
4,197.0,197.99688642603877
5,194.0,198.51071006105707
6,196.0,198.64919610226127
7,204.0,198.81349545697458
8,204.0,204.00781970457402
9,204.0,206.66969620832643
10,206.0,207.78557007599605
11,208.0,208.18011375409284
12,208.0,209.42662286543307
13,206.0,209.82633736483092
14,210.0,209.87523456956066
15,208.0,210.37582520385513
16,212.0,210.62154490659984
17,218.0,211.8459083656311
18,216.0,214.23407128206227
19,220.0,214.96739492154381
20,220.0,216.5193969094027
21,224.0,218.57899920532225
22,226.0,220.45794137372792
23,234.0,222.91929233343146
24,238.0,229.39782429254154
25,238.0,233.06045559265036
26,240.0,236.14403772918473
27,224.0,239.35461958812596
28,224.0,241.21154767708717
29,246.0,235.76524509221107
30,230.0,236.38050731101242
31,230.0,235.75221729261943
32,220.0,228.94781573733334
33,212.0,224.77421260348322
34,214.0,218.57119692673106
35,214.0,214.9061170424797
36,214.0,213.14932494276508
37,210.0,212.25805360349497
38,216.0,210.48638040420414
39,216.0,212.16966136157453
40,216.0,213.89675894142573
41,210.0,214.20000913026917
42,208.0,213.77636644824534
43,212.0,211.71118516928476
44,208.0,210.4180706779081
45,208.0,209.5773393885767
46,208.0,208.8543651176435
47,208.0,208.49648321773142
48,208.0,208.15147212618336
49,210.0,207.62225346164476
