,y_actual,y_predict
0,400.0,423.7987417943023
1,408.0,420.345160912319
2,400.0,417.6664527825007
3,396.0,416.28584902612977
4,400.0,415.09962768591043
5,406.0,413.46114580928185
6,396.0,412.5590114544192
7,392.0,412.013601369114
8,388.0,412.0977219189509
9,380.0,410.90627681867744
10,370.0,410.67827770528106
11,372.0,409.9677562730931
12,365.99999999999994,407.9997497051198
13,382.0,405.8717654854894
14,396.0,403.87482559135435
15,398.0,403.13404237678384
16,408.0,402.7473940679509
17,408.0,403.06881292472883
18,408.0,404.0128724572672
19,418.0,405.43323983542933
20,420.0,407.1405312410466
21,418.0,408.96587512064536
22,418.0,411.4476565029064
23,418.0,413.7194967698892
24,420.0,415.3531826943991
25,408.0,416.96610867593535
26,416.0,417.78457280510366
27,412.0,417.44020993326046
28,416.0,417.32163958651495
29,424.0,416.9919122493061
30,408.0,416.81815467888543
31,410.0,417.220519300295
32,420.0,416.50506681874555
33,416.0,415.8734196601332
34,412.0,415.90354634527284
35,416.0,415.38882585028557
36,416.0,415.52685019999126
37,420.0,415.78283695885
38,430.0,416.10193664629355
39,430.0,416.75666291721393
40,430.0,417.54565333124935
41,434.0,418.36744985907285
42,426.0,419.4704738139476
43,424.0,420.4060222201909
44,424.0,420.85677417072236
45,418.0,421.0061917212357
46,416.0,420.91765799480135
47,414.0,420.6542408875898
48,420.0,420.17730258816636
49,414.0,419.40765359605547
50,416.0,418.72989324524127
51,416.0,418.0002105207858
52,432.0,417.2270940327769
53,418.0,416.9397647135935
54,416.0,417.464932728689
55,422.0,417.63670887288225
56,420.0,417.48341853474255
57,418.0,417.69209874242154
58,418.0,417.86277159246544
59,416.0,417.8381163456583
60,416.0,417.6249328965534
61,416.0,417.46144271658386
62,410.0,417.08087378367594
63,408.0,416.51173161605595
64,406.0,415.8367632749259
65,408.0,415.09746613002596
66,410.0,414.54109065184855
67,408.0,414.24901041296073
68,414.0,413.725013240636
69,408.0,413.3363835055756
70,410.0,413.1847593667635
71,406.0,413.01178986359236
72,406.0,412.7736809731947
73,404.0,412.5144743967164
74,400.0,412.3604410237415
75,400.0,412.4718287004126
76,398.0,411.7514451695017
77,400.0,410.8781991083866
78,380.0,410.07880620665725
79,380.0,409.4507841573928
80,380.0,408.55997545471644
81,388.0,407.28762962222555
82,386.0,405.92434082913746
83,388.0,405.0544496828847
84,382.0,404.0528837573368
