,y_actual,y_predict
0,400.0,405.1508865980216
1,408.0,403.8377639144187
2,400.0,401.9983023729495
3,396.0,399.1814573123899
4,400.0,396.2525941213595
5,406.0,394.96779682632587
6,396.0,394.9266822321068
7,392.0,394.65729833000586
8,388.0,395.112666102999
9,380.0,395.0391506867202
10,370.0,395.1388749680981
11,372.0,392.9318813776492
12,365.99999999999994,390.33848715664567
13,382.0,385.5874548712218
14,396.0,383.0979279137081
15,398.0,380.9142611138456
16,408.0,381.43839338341314
17,408.0,384.4704258355123
18,408.0,389.0450211218671
19,418.0,393.8214742051405
20,420.0,396.92904853216015
21,418.0,399.65490559970823
22,418.0,401.88121809587454
23,418.0,403.2135471041592
24,420.0,404.4252793070566
25,408.0,405.18544897596587
26,416.0,405.61246884418256
27,412.0,404.7496928193828
28,416.0,403.8117351789766
29,424.0,403.0334849957422
30,408.0,401.41529022173756
31,410.0,402.3186404517852
32,420.0,402.50005353263003
33,416.0,402.3742554833958
34,412.0,402.1256540404757
35,416.0,400.77916233790637
36,416.0,400.7333868888115
37,420.0,402.0350713391925
38,430.0,402.82199026217194
39,430.0,404.0977135257323
40,430.0,405.73423649234053
41,434.0,407.12522022019834
42,426.0,408.7872315332775
43,424.0,410.1819079191046
44,424.0,410.7066030938504
45,418.0,410.241305673513
46,416.0,409.24910649013117
47,414.0,407.35198094220254
48,420.0,405.76823596510656
49,414.0,404.4780347803617
50,416.0,404.2078853272184
51,416.0,403.4874792801004
52,432.0,403.1553652249358
53,418.0,403.5583377839379
54,416.0,404.1979781960813
55,422.0,404.93466346095414
56,420.0,405.5446500283076
57,418.0,406.2835418814792
58,418.0,405.68515116079755
59,416.0,405.0133125724585
60,416.0,404.49104914808277
61,416.0,404.0658756088507
62,410.0,402.8147625596833
63,408.0,401.66807967918385
64,406.0,401.20471865265966
65,408.0,400.08473999381613
66,410.0,399.5170613796596
67,408.0,399.12007813175404
68,414.0,398.6694612784653
69,408.0,398.6134184389192
70,410.0,399.30489115987547
71,406.0,399.31619429585464
72,406.0,398.8002354094752
73,404.0,398.8847387348334
74,400.0,398.4348424001728
75,400.0,397.99658694459833
76,398.0,397.0142948923536
77,400.0,395.9236323351931
78,380.0,394.6730146425825
79,380.0,393.2888308092779
80,380.0,391.08561994162676
81,388.0,388.68924253300906
82,386.0,386.58841285917714
83,388.0,384.934214669972
84,382.0,385.10819740246393
