,y_actual,y_predict
0,400.0,431.8055050496599
1,408.0,428.14691410175976
2,400.0,425.41241081067386
3,396.0,422.2998153694643
4,400.0,419.91940195170156
5,406.0,418.1671681966533
6,396.0,417.3408233949895
7,392.0,416.2838901161095
8,388.0,415.3219752313172
9,380.0,414.304220152843
10,370.0,411.5829789077565
11,372.0,408.51978402498975
12,365.99999999999994,405.38753193495586
13,382.0,402.01782392453106
14,396.0,399.9620041487516
15,398.0,400.2811488686094
16,408.0,401.92127442835846
17,408.0,404.44412537242425
18,408.0,407.7232281653587
19,418.0,410.90026499137383
20,420.0,414.3485545646816
21,418.0,418.13242568905196
22,418.0,420.85884566177833
23,418.0,423.4678210981156
24,420.0,425.38462581107564
25,408.0,427.2807831620977
26,416.0,427.46931136439554
27,412.0,427.5235979397855
28,416.0,426.9931160998073
29,424.0,426.9675376885079
30,408.0,427.67909486622386
31,410.0,426.948128717962
32,420.0,425.9754736023688
33,416.0,425.5807194589691
34,412.0,425.3625148956742
35,416.0,425.2923093618435
36,416.0,425.640545021313
37,420.0,426.05504587836555
38,430.0,427.0161952121154
39,430.0,428.41147953553497
40,430.0,430.4290442754009
41,434.0,432.15191689635196
42,426.0,434.2445506707886
43,424.0,435.3313404403228
44,424.0,435.70567238385576
45,418.0,434.78878991332306
46,416.0,433.8609645661253
47,414.0,432.71630814426754
48,420.0,431.5517699115142
49,414.0,430.8875868335993
50,416.0,429.9672143509615
51,416.0,429.33081627264477
52,432.0,428.80546812789225
53,418.0,429.5040784865086
54,416.0,429.7160910928428
55,422.0,429.7646810678289
56,420.0,430.17148138204305
57,418.0,430.22034155151476
58,418.0,430.20487291721656
59,416.0,429.6013710175165
60,416.0,429.33392350922867
61,416.0,428.186497593894
62,410.0,427.359589887052
63,408.0,426.3865519959376
64,406.0,425.31851822694256
65,408.0,423.9535632345268
66,410.0,423.12017086003146
67,408.0,422.77805960890123
68,414.0,422.45659571970907
69,408.0,422.5551491583162
70,410.0,422.2631815004641
71,406.0,422.1105891647454
72,406.0,421.7229501427987
73,404.0,421.17627914989424
74,400.0,420.5481895520084
75,400.0,419.63214018113956
76,398.0,418.80336362910583
77,400.0,417.49602761073527
78,380.0,416.34689046365867
79,380.0,412.7350656779671
80,380.0,408.97515179798285
81,388.0,406.71592060699277
82,386.0,405.7544560463431
83,388.0,404.83252994541334
84,382.0,404.3670974278332
