,y_actual,y_predict
0,177.0,177.1157671496177
1,180.0,177.44015757725117
2,179.0,178.7554688512635
3,191.0,179.37548611675675
4,190.0,179.9363223595351
5,188.0,180.98713889125952
6,185.0,182.41394860344522
7,185.0,183.38285562724164
8,185.0,184.7154611044721
9,178.0,184.9700201388588
10,182.0,184.17057195747523
11,184.0,183.5646139400178
12,188.0,183.1683335112943
13,187.0,182.74861625917504
14,187.0,182.7603228125328
15,180.0,183.48946210484118
16,185.0,184.04982085179108
17,185.0,184.2153205897188
18,181.0,183.77834866218177
19,180.0,183.04447393938898
20,184.0,182.33377041317345
21,182.0,182.4411895823486
22,181.0,182.50454948411868
23,188.0,182.12767246204112
24,183.0,182.2434572948867
25,183.0,182.89535294082285
26,186.0,183.07473009890467
27,184.0,183.29146102833673
28,184.0,183.78003254647754
29,183.0,183.3967156551636
30,184.0,183.14929217929978
31,185.0,183.33416212052109
32,186.0,183.31591766898202
33,185.0,183.37696124165038
34,186.0,183.52364890882572
35,186.0,183.83812892635027
36,186.0,184.2010067826486
37,189.0,184.41154765854262
38,185.0,184.7561099132612
39,186.0,184.96315336937843
40,186.0,184.91769007450418
41,185.0,184.82938496847623
42,187.0,184.4644374365505
43,182.0,184.1119696217578
44,183.0,183.9683477307792
45,184.0,183.59165727991936
46,186.0,183.20460422091438
47,184.0,183.01849152564938
48,180.0,182.83207841910158
49,181.0,182.9709459062516
50,180.0,182.90310829525555
51,184.0,182.37038264298874
52,182.0,181.84347390182447
53,182.0,181.3350372923294
54,182.0,181.37497301959982
55,183.0,181.75339478811588
56,183.0,182.20546475428247
57,183.0,182.4572932082196
58,180.0,182.52052187769243
59,181.0,182.47424747235456
60,170.0,182.09134008905244
61,173.0,181.69649531003842
62,165.0,180.68519709201252
63,175.0,179.37633991724474
64,165.0,178.09423515776777
65,177.0,176.68280175992624
66,174.0,176.1038997312665
67,172.0,175.94902032274234
68,170.0,176.14650121339392
