,y_actual,y_predict
0,276.0,278.8824687137297
1,286.0,276.3228127059674
2,280.0,319.43910850172927
3,274.0,302.4918847994984
4,258.0,288.6598701205122
5,268.0,283.21272728239103
6,262.0,273.3778155601839
7,262.0,254.77543746572914
8,266.0,249.7046056485194
9,262.0,246.81443698998007
10,280.0,246.8764170190388
11,284.0,249.59560941430718
12,280.0,250.8450951882436
13,268.0,252.96073373030748
14,264.0,255.37261711862075
15,254.0,256.00799015062296
16,258.0,255.1201884216767
17,264.0,250.3941982502563
18,270.0,246.56554519686816
19,264.0,245.16278063451327
20,270.0,244.35893178773685
21,268.0,246.4593603477533
22,270.0,247.97722327510772
23,262.0,249.14260069857394
24,264.0,249.5950523195644
25,268.0,249.15350939097934
26,264.0,248.82595063790828
27,256.0,248.2858408069238
28,254.0,247.12778334926404
29,262.0,246.13450933424602
30,260.0,245.81949169073366
31,262.0,244.17851082522182
32,266.0,243.50246987699566
33,264.0,244.65831191137593
34,262.0,246.0658182568904
35,262.0,245.85388905217826
36,258.0,246.76698029130904
37,260.0,246.91185083581883
38,258.0,246.65054749006512
39,278.0,245.47218846352263
40,286.0,249.22485638513203
41,290.0,255.6036171015048
42,290.0,257.4262367645508
43,294.0,260.19187531453815
44,290.0,265.51310178509624
45,282.0,266.6487458961273
46,300.0,267.1972898824038
47,304.0,271.58402231115446
48,298.0,274.1161086069943
49,300.0,273.12928652643933
50,300.0,273.0711154707383
51,288.0,274.86927478786816
52,284.0,274.7720682330965
53,288.0,272.35423818229617
54,286.0,270.518338935265
55,274.0,267.8062073919692
56,274.0,265.56177631878637
57,270.0,263.1537019038308
58,264.0,263.3957401360372
59,268.0,260.06234430899275
60,264.0,254.9882476574764
61,262.0,251.4469777572197
62,264.0,248.7689455944596
63,262.0,247.36644014593858
64,262.0,247.54797529793922
65,258.0,246.79544394595828
66,264.0,245.86850307240783
67,266.0,246.15101488546276
68,260.0,245.4962471829963
69,260.0,245.77878490743464
70,260.0,246.26433832070038
71,262.0,246.30623702763515
72,260.0,245.67341626689645
73,258.0,245.07071748934368
74,250.0,243.83416149571676
75,250.0,243.88694298367355
76,234.0,242.55871251562783
77,234.0,240.7499295313098
78,222.00000000000003,239.03379269828756
79,226.0,234.44436847300182
80,236.0,229.81629741939622
