,y_actual,y_predict
0,800.0,816.9335485040244
1,800.0,812.122461767224
2,810.0,814.7391686601451
3,820.0,816.0773523800187
4,820.0,824.3281480078583
5,820.0,829.3956775751508
6,815.0,833.0229598179434
7,815.0,836.4957023575045
8,795.0,829.2066228938672
9,810.0,813.5639929106501
10,850.0,810.9955773604114
11,850.0,823.5473021792855
12,850.0,836.114729091179
13,845.0,844.3854362567862
14,850.0,845.1073128256469
15,860.0,846.7355902451721
16,890.0,849.1989671873114
17,890.0,861.3203657776811
18,905.0,869.6764469018751
19,905.0,876.616043696115
20,910.0,888.6062767287975
21,900.0,894.7111443328058
22,900.0,889.6357081691463
23,900.0,891.6959289352463
24,900.0,892.8314235699528
25,900.0,895.5385656306887
26,900.0,900.1327672076583
27,900.0,901.5379810887705
28,900.0,900.4708312952607
29,895.0,899.8348965279735
30,895.0,897.2790290732962
31,895.0,899.0691417439889
32,915.0,900.6413384963857
33,915.0,912.3535876983256
34,900.0,915.3579708736959
35,900.0,916.1955269344475
36,900.0,908.0231553608157
37,895.0,902.6955845667143
38,895.0,900.6354810725353
39,950.0,900.2581617523842
40,915.0,926.1248047084712
41,900.0,925.7305858872637
42,890.0,912.6287755195801
43,890.0,906.4243255379083
44,900.0,901.6247067605536
45,900.0,900.7653875001218
46,900.0,899.5923473340329
47,900.0,898.9566224217623
48,900.0,897.7775211490125
49,900.0,899.1862531877589
50,950.0,901.6533890035809
51,940.0,925.0837942089619
52,930.0,929.2159999665139
53,930.0,920.976277276912
54,930.0,911.7304540870612
55,920.0,913.0909565051888
56,900.0,903.7409341273056
57,885.0,896.7056681342444
58,880.0,885.00842973821
59,880.0,878.2697629503203
60,870.0,874.4968289814772
61,925.0,874.129434569178
62,900.0,897.0738649333724
63,900.0,902.4022010810645
64,900.0,907.2679365331143
65,850.0,906.5858336621378
66,820.0,886.7018115905848
67,795.0,866.2292572967089
68,780.0,839.5250335910449
69,780.0,819.4628692990804
70,815.0,800.2059310508721
71,830.0,807.0871511172119
72,835.0,819.781922991046
73,835.0,830.2305672427481
74,845.0,841.3422545921389
75,875.0,852.5668809737899
