,y_actual,y_predict
0,800.0,811.8682532754399
1,800.0,806.0538250146401
2,810.0,807.5208103371591
3,820.0,805.9251838893606
4,820.0,811.7404639146401
5,820.0,820.0079615329321
6,815.0,823.9422986984962
7,815.0,829.7208664402539
8,795.0,824.8409472579531
9,810.0,810.6644631771878
10,850.0,803.7373959618903
11,850.0,814.5774568531052
12,850.0,831.8170588251108
13,845.0,845.133001548582
14,850.0,852.3878005780093
15,860.0,857.5468269326132
16,890.0,862.2008557059811
17,890.0,875.5013061914495
18,905.0,885.4659507080053
19,905.0,891.9013152745997
20,910.0,903.710239745
21,900.0,912.0106475676863
22,900.0,907.8288357874939
23,900.0,907.8256015513531
24,900.0,906.7285412457472
25,900.0,907.0522858145584
26,900.0,909.2671141781601
27,900.0,909.4462871570364
28,900.0,907.4177298096429
29,895.0,905.6508554959544
30,895.0,902.8540374487878
31,895.0,903.8414670247508
32,915.0,904.188974588108
33,915.0,914.4389663776124
34,900.0,918.0289067718328
35,900.0,919.05193763417
36,900.0,911.2250923456489
37,895.0,905.0264010325255
38,895.0,901.8479986706025
39,950.0,900.8102100628212
40,915.0,922.8005407654807
41,900.0,925.2387721388459
42,890.0,913.5347072825601
43,890.0,908.3744650033002
44,900.0,903.3695771585133
45,900.0,901.711469465575
46,900.0,899.6730242435679
47,900.0,899.0233563170949
48,900.0,898.7816095099831
49,900.0,901.3517409335942
50,950.0,907.010814759921
51,940.0,929.1102083492367
52,930.0,934.3972215752443
53,930.0,926.9678169996587
54,930.0,917.5434442237754
55,920.0,918.3347272533293
56,900.0,909.1780739289861
57,885.0,901.3463032197774
58,880.0,888.9620427042851
59,880.0,881.6583289393315
60,870.0,877.6071519070779
61,925.0,877.9754104282696
62,900.0,899.0362500562135
63,900.0,907.0590752415716
64,900.0,912.0162334144562
65,850.0,911.472826192945
66,820.0,889.2653634421995
67,795.0,864.0430494540707
68,780.0,832.6486401900908
69,780.0,808.7271804176762
70,815.0,788.6436232584139
71,830.0,790.2956513280724
72,835.0,806.5834743881402
73,835.0,823.6344167000702
74,845.0,839.6405649499827
75,875.0,854.7819870866784
