,y_actual,y_predict
0,800.0,820.0754114042043
1,800.0,816.7560605374887
2,810.0,816.0577617969827
3,820.0,812.7040564295808
4,820.0,816.6489604124599
5,820.0,819.3456837888339
6,815.0,823.3561119145959
7,815.0,826.928412142995
8,795.0,822.5915730552674
9,810.0,816.6071005088208
10,850.0,816.451536219331
11,850.0,828.087317956484
12,850.0,843.82672813567
13,845.0,855.8644069187615
14,850.0,858.0759701851905
15,860.0,858.7057697793405
16,890.0,860.4585899791118
17,890.0,873.9958680232107
18,905.0,886.1525963228742
19,905.0,894.8716710762216
20,910.0,905.4597516421541
21,900.0,907.6893933010571
22,900.0,899.313721593827
23,900.0,899.5370443649077
24,900.0,899.0765298750205
25,900.0,901.6843055853161
26,900.0,905.7438644738277
27,900.0,905.367125341076
28,900.0,902.67503729169
29,895.0,901.2237972676351
30,895.0,898.0735710278165
31,895.0,900.3514176185126
32,915.0,901.7337943360353
33,915.0,913.5296337289194
34,900.0,914.9351253593186
35,900.0,914.9167815619704
36,900.0,904.4340729032816
37,895.0,898.2861850208355
38,895.0,897.4901617367852
39,950.0,899.0492981004915
40,915.0,928.0115617865923
41,900.0,924.5135749229552
42,890.0,909.6429398243682
43,890.0,902.889274574986
44,900.0,896.6259911221423
45,900.0,896.9866825183176
46,900.0,899.622325740399
47,900.0,900.6562011693381
48,900.0,900.4945634287748
49,900.0,902.1855134318375
50,950.0,903.8913693132972
51,940.0,927.9407172018136
52,930.0,929.3264207385728
53,930.0,917.8489684393659
54,930.0,905.1867117487182
55,920.0,904.661154548045
56,900.0,893.9417664636788
57,885.0,889.6145004680398
58,880.0,879.6165383814688
59,880.0,876.0311160423154
60,870.0,876.907705136186
61,925.0,880.4433548031268
62,900.0,908.4695416703095
63,900.0,905.7691705199676
64,900.0,906.8728412586016
65,850.0,902.5460566950599
66,820.0,879.3161617859955
67,795.0,857.2093677212355
68,780.0,832.4773984964071
69,780.0,815.1159942037862
70,815.0,800.3246102350614
71,830.0,808.0203393435464
72,835.0,815.6516676507088
73,835.0,825.3522158008667
74,845.0,839.9227335366481
75,875.0,848.7595307821966
