,y_actual,y_predict
0,800.0,827.5743829178489
1,800.0,820.0446985052794
2,810.0,817.8475041352928
3,820.0,817.5976285323843
4,820.0,820.1998430847357
5,820.0,823.501097042358
6,815.0,825.5303333324528
7,815.0,827.8078281073856
8,795.0,825.8672123564311
9,810.0,819.1797378482204
10,850.0,816.4072691552054
11,850.0,821.8839789719598
12,850.0,829.6013231471719
13,845.0,835.8264006425509
14,850.0,838.8587686016281
15,860.0,841.1257706257223
16,890.0,844.6142646359539
17,890.0,854.026274482467
18,905.0,862.028293160133
19,905.0,870.4086187109702
20,910.0,879.2813381976246
21,900.0,886.7386966958852
22,900.0,887.3323271606744
23,900.0,887.4633260687893
24,900.0,887.7892802874829
25,900.0,889.809795249969
26,900.0,894.182846672502
27,900.0,896.9888366183427
28,900.0,897.027332669507
29,895.0,896.0699370497675
30,895.0,893.7006430494109
31,895.0,893.7337013867585
32,915.0,894.9450215767888
33,915.0,903.652899947771
34,900.0,907.8952302114758
35,900.0,909.3562963880806
36,900.0,905.2130979309737
37,895.0,899.6369476973026
38,895.0,895.9126260258735
39,950.0,894.135530538427
40,915.0,912.832791629118
41,900.0,917.3801646763161
42,890.0,910.4789281447004
43,890.0,903.3015347554291
44,900.0,897.9154514448873
45,900.0,895.9276676928107
46,900.0,894.2026100773166
47,900.0,892.9515840836723
48,900.0,891.5440803139946
49,900.0,891.4820002622693
50,950.0,892.8944294526345
51,940.0,910.2985577577872
52,930.0,916.9714658589517
53,930.0,912.6938490913977
54,930.0,904.2132251869575
55,920.0,901.9606044037183
56,900.0,892.9884691889727
57,885.0,883.5374077927214
58,880.0,872.8220254702929
59,880.0,867.1818509398881
60,870.0,866.1616716368964
61,925.0,868.4938398159039
62,900.0,893.6212190977702
63,900.0,901.3160100308861
64,900.0,905.5164927353646
65,850.0,905.8925220643832
66,820.0,892.9592746528162
67,795.0,874.0824270454217
68,780.0,850.7402041525285
69,780.0,830.9598874924977
70,815.0,814.8705502450554
71,830.0,818.3313557374861
72,835.0,825.9825585491777
73,835.0,830.6996919605294
74,845.0,834.301026247719
75,875.0,839.9986887083058
