,y_actual,y_predict
0,4460.0,4466.217250462539
1,4360.0,4454.755702010689
2,4380.0,4434.244178372696
3,4400.0,4416.923153578586
4,4350.0,4403.992873241591
5,4300.0,4391.969844446336
6,4250.0,4362.557794010436
7,4360.0,4328.256914982849
8,4300.0,4337.693633084215
9,4400.0,4352.800622685507
10,4350.0,4376.067552154046
11,4270.0,4395.333865455608
12,4140.0,4375.427629491086
13,4150.0,4293.688012640602
14,4150.0,4237.486825020506
15,4260.0,4239.621694523062
16,4140.0,4234.521641684693
17,4200.0,4216.82567938531
18,4200.0,4201.676821087451
19,4400.0,4218.710378362275
20,4600.0,4282.5888150437095
21,4650.0,4393.628157326583
22,4690.0,4487.481282180455
23,4690.0,4537.047916212285
24,4690.0,4584.731471617533
25,4590.0,4613.173597673568
26,4520.0,4593.566837182081
27,4530.0,4546.135882828001
28,4600.0,4518.371873408298
29,4770.0,4543.158083907044
30,4990.0,4606.252733959149
31,4930.0,4736.81310283722
32,5000.0,4789.436585740956
33,5150.0,4823.525864369092
34,5075.0,4901.648511941195
35,4940.0,4912.980085144265
36,4900.0,4877.142332710858
37,4900.0,4829.0851708024375
38,4880.0,4798.544401648894
39,4970.0,4797.0135177525335
40,4950.0,4812.91586791448
41,5000.0,4837.297743122386
42,5025.0,4901.967258009886
43,5000.0,4905.043030259509
44,5100.0,4893.297978359852
45,4750.0,4900.154491016106
46,4420.0,4850.418993326244
47,4450.0,4685.488677985404
48,4360.0,4509.060703526979
49,4310.0,4396.640649106687
50,4390.0,4335.072571661524
51,4530.0,4335.757256503884
52,4420.0,4396.03753154534
53,4400.0,4420.422560649533
54,4370.0,4417.681709037627
55,4450.0,4405.833475540208
56,4450.0,4411.341683066754
57,4420.0,4422.284227503162
58,4550.0,4428.845373432
59,4620.0,4480.682118353918
60,4470.0,4538.536786737935
61,4460.0,4551.125288882902
62,4470.0,4523.833437991603
63,4490.0,4499.918223694722
