,y_actual,y_predict
0,4460.0,4463.251893517757
1,4360.0,4453.090965598554
2,4380.0,4430.308607699766
3,4400.0,4412.503532162815
4,4350.0,4399.508206331773
5,4300.0,4383.817369764792
6,4250.0,4352.937542293082
7,4360.0,4317.502417995644
8,4300.0,4320.681979474423
9,4400.0,4331.856610168727
10,4350.0,4361.126995685208
11,4270.0,4382.179889960928
12,4140.0,4360.370292055179
13,4150.0,4278.603187117798
14,4150.0,4212.876885495841
15,4260.0,4202.609188060165
16,4140.0,4209.829208964508
17,4200.0,4199.7140559436975
18,4200.0,4187.979926941728
19,4400.0,4201.476823554154
20,4600.0,4278.3066051275955
21,4650.0,4393.604546506681
22,4690.0,4494.518984731601
23,4690.0,4565.9200138170445
24,4690.0,4606.589651100019
25,4590.0,4624.196089040604
26,4520.0,4612.092187400216
27,4530.0,4583.379983656711
28,4600.0,4543.716410354163
29,4770.0,4551.401616493287
30,4990.0,4612.261224667218
31,4930.0,4731.486143075224
32,5000.0,4795.597042167322
33,5150.0,4833.2865078734185
34,5075.0,4905.116351114453
35,4940.0,4925.110722566015
36,4900.0,4919.785383154405
37,4900.0,4874.273155135386
38,4880.0,4835.991219884761
39,4970.0,4828.854386611817
40,4950.0,4843.635743655279
41,5000.0,4862.949278596647
42,5025.0,4907.885587792933
43,5000.0,4917.072453651822
44,5100.0,4906.197703518149
45,4750.0,4912.128591016684
46,4420.0,4856.396813116302
47,4450.0,4709.915228568225
48,4360.0,4532.411688671766
49,4310.0,4404.262025014554
50,4390.0,4333.584077288642
51,4530.0,4337.692822909023
52,4420.0,4398.252058630241
53,4400.0,4442.968000174099
54,4370.0,4438.2075554156345
55,4450.0,4413.733493844725
56,4450.0,4419.17243139229
57,4420.0,4431.710008239427
58,4550.0,4435.061992360122
59,4620.0,4478.32283032297
60,4470.0,4529.731513394832
61,4460.0,4541.150816997346
62,4470.0,4515.745459042369
63,4490.0,4487.133427674482
