,y_actual,y_predict
0,4460.0,4468.207793041472
1,4360.0,4456.882701239943
2,4380.0,4432.201784581427
3,4400.0,4416.384850032659
4,4350.0,4412.9745332980865
5,4300.0,4400.434902078139
6,4250.0,4369.524664101872
7,4360.0,4341.713346237879
8,4300.0,4356.815416918356
9,4400.0,4366.12566088517
10,4350.0,4394.637953899863
11,4270.0,4415.36562070535
12,4140.0,4396.007381454239
13,4150.0,4315.511846481882
14,4150.0,4267.1048335643345
15,4260.0,4270.699465155259
16,4140.0,4265.794722408
17,4200.0,4243.673322792354
18,4200.0,4225.832397003124
19,4400.0,4240.287050900109
20,4600.0,4299.313116873531
21,4650.0,4406.428722828254
22,4690.0,4491.391939966209
23,4690.0,4529.914439379424
24,4690.0,4569.811921834051
25,4590.0,4595.099225689513
26,4520.0,4572.229368869907
27,4530.0,4525.58266410241
28,4600.0,4502.914714514769
29,4770.0,4527.713945686255
30,4990.0,4589.718794364796
31,4930.0,4714.064309339274
32,5000.0,4753.877302095228
33,5150.0,4796.945231557716
34,5075.0,4884.512496439315
35,4940.0,4900.282556566217
36,4900.0,4868.513503950805
37,4900.0,4822.761695553359
38,4880.0,4791.6470908847205
39,4970.0,4780.489184521181
40,4950.0,4788.86379187968
41,5000.0,4800.470188082063
42,5025.0,4864.823618905077
43,5000.0,4862.716758316327
44,5100.0,4843.438176647561
45,4750.0,4857.184939969879
46,4420.0,4796.729840695758
47,4450.0,4627.016482495541
48,4360.0,4464.619469243121
49,4310.0,4355.3053660983815
50,4390.0,4299.00105475018
51,4530.0,4304.313431358705
52,4420.0,4354.685726750069
53,4400.0,4374.04208523734
54,4370.0,4376.774545749035
55,4450.0,4368.576151494959
56,4450.0,4385.541943401876
57,4420.0,4406.5356948885255
58,4550.0,4413.163796010079
59,4620.0,4467.94066670649
60,4470.0,4523.992348068696
61,4460.0,4526.413903850173
62,4470.0,4504.093577289878
63,4490.0,4495.6304872264
