,y_actual,y_predict
0,482.0,476.2486266820039
1,482.0,477.6426277752643
2,482.0,478.8298910176643
3,482.0,479.54485311644737
4,482.0,480.2940134076318
5,476.0,481.07753442570873
6,480.0,480.2305917475731
7,480.0,480.14269262700043
8,468.0,480.2176769206052
9,478.0,476.96458100123675
10,484.0,476.3918035637916
11,472.0,478.10887281357986
12,482.0,477.8478449931816
13,484.0,478.4562981229421
14,482.0,480.4502279965554
15,482.0,480.96531780662497
16,482.0,480.63326709081855
17,480.0,481.0614292454615
18,482.0,480.8324501865168
19,484.0,480.74712636064515
20,484.0,481.4633889692205
21,482.0,481.7084390644762
22,484.0,481.85116352449177
23,486.0,482.23349095261295
24,484.0,482.91006427547234
25,482.0,483.57683361136685
26,484.0,483.59484757796986
27,486.0,483.6203989354387
28,484.0,484.0249339538987
29,484.0,484.1950979778321
30,484.0,484.05543805302926
31,484.0,483.7210187770401
32,484.0,483.562299987639
33,482.0,483.2758454585255
34,480.0,482.11291608501705
35,470.0,481.40916044707484
36,464.0,477.2744222558037
37,470.0,471.36071552698166
38,476.0,468.11506731218066
39,476.0,468.8579561106301
40,476.0,469.37090420721694
41,470.0,470.227416542015
42,468.0,470.4100431026919
43,468.0,470.9049655395468
44,468.0,468.5714576153521
45,468.0,467.92483975001693
46,472.0,466.32463319405326
47,470.0,467.47719497178565
48,470.0,467.9997880287848
49,478.0,468.4134689449172
50,478.0,470.5176633866817
51,486.0,472.7049746931759
52,478.0,477.16221265259725
53,482.0,478.4565142119635
54,480.0,479.3500563472487
55,480.0,480.21709974776445
56,480.0,480.20113441733844
57,480.0,480.1705311604751
58,470.0,479.52906692475557
59,476.0,477.31581569812033
60,470.0,475.6929277462362
61,468.0,474.35136501555803
62,468.0,471.6597710394843
63,466.0,469.21287765104455
64,458.0,466.7030892610701
