,y_actual,y_predict
0,585.0,581.2515360639495
1,585.0,578.0704726980355
2,575.0,574.6314768115698
3,585.0,574.8076895327705
4,585.0,574.4559765354486
5,575.0,576.5347660126744
6,590.0,575.0663110112014
7,600.0,575.6016469414585
8,575.0,582.6823449976721
9,575.0,583.615659795558
10,580.0,578.6131953528269
11,575.0,577.1939264635806
12,575.0,574.4461393130033
13,575.0,572.9812347933281
14,580.0,573.3290880607132
15,585.0,574.2173191773803
16,590.0,575.8466771599093
17,580.0,581.1597598282825
18,590.0,582.3807615151275
19,580.0,582.3729050465847
20,580.0,583.0555957577851
21,570.0,580.5556572897096
22,585.0,577.653903711269
23,585.0,576.4750811218569
24,585.0,579.070702529937
25,580.0,579.855773947797
26,585.0,579.9118574678823
27,600.0,580.8799685532005
28,605.0,591.8394329221344
29,580.0,596.7976553083287
30,585.0,594.5735779237973
31,585.0,587.4399358032888
32,600.0,585.1959960762632
33,595.0,587.850492066746
34,595.0,589.9149621807784
35,590.0,591.3955091759376
36,615.0,591.283091605629
37,625.0,602.9728258820276
38,610.0,615.1408221916465
39,610.0,615.755631957714
40,640.0,613.2424613880981
41,625.0,621.6905881676829
42,720.0,629.5097397081014
43,740.0,678.4825800812504
44,760.0,712.67517208619
45,760.0,738.5610733179805
46,760.0,760.0174059853125
47,800.0,771.1583402938093
48,800.0,791.8142213415352
49,805.0,801.8282554316964
50,845.0,806.7086764664775
51,835.0,822.0762734149473
52,895.0,825.2850634209649
53,835.0,844.8783365469898
54,790.0,836.3357285891555
55,765.0,800.4276666958561
56,770.0,762.9048284569594
57,770.0,749.0848657771343
58,760.0,739.0697121304194
59,710.0,733.8078902769772
60,710.0,719.2760462103547
61,795.0,706.3271220164843
