,y_actual,y_predict
0,1840.0,1800.380397634745
1,1825.0,1801.7039220807474
2,1930.0,1803.217267366585
3,1950.0,1858.1380928831468
4,1960.0,1919.4765216788635
5,1925.0,1949.007150974745
6,1880.0,1952.9742433575236
7,1825.0,1916.2894624119863
8,1805.0,1907.4762548662009
9,1695.0,1842.5944584019564
10,1675.0,1843.6200076413581
11,1635.0,1755.6198005577673
12,1670.0,1726.2072245950844
13,1700.0,1721.8917375448086
14,1725.0,1734.5306780571173
15,1640.0,1724.4383826344254
16,1585.0,1705.1812216029239
17,1510.0,1670.7526163501152
18,1515.0,1632.6581029267302
19,1420.0,1587.3081638124938
20,1375.0,1556.7530050883129
21,1380.0,1503.2976183812175
22,1300.0,1462.6946305479312
23,1220.0,1433.6141730675529
24,1135.0,1406.4010441053495
25,1060.0,1357.2790820759758
26,1000.0,1298.0973769942948
27,1020.0,1239.2453020558287
28,1080.0,1196.7100143888845
29,1210.0,1170.9645975650628
30,1175.0,1170.3966307685073
31,1180.0,1178.2659827429234
32,1100.0,1186.7705818516815
33,1125.0,1188.4420386508148
34,1105.0,1185.5638325756292
35,1150.0,1176.3278249443256
36,1130.0,1169.2884904273035
37,1170.0,1165.7615757112255
38,1170.0,1171.798966216493
39,1155.0,1179.2263184617054
40,1170.0,1185.6373677548431
41,1155.0,1193.2102402456085
42,1155.0,1198.4563389204054
43,1155.0,1203.3726442822108
44,1160.0,1205.6743987324699
45,1150.0,1207.768873176823
46,1160.0,1209.3194211716716
47,1170.0,1209.6025751235861
48,1160.0,1212.088330691657
49,1145.0,1212.1306460536603
50,1160.0,1208.946170308242
51,1170.0,1212.6522998286914
52,1170.0,1210.5209490148804
53,1150.0,1207.3756068208265
54,1100.0,1204.7942337638074
