,y_actual,y_predict
0,114.0,114.1590795057661
1,113.0,114.05598522081627
2,111.0,113.68879422558771
3,149.0,112.7370320458855
4,139.0,129.5368543144215
5,130.0,129.01883902807023
6,170.0,126.51669019432434
7,159.0,139.35045297689896
8,166.0,138.5256964729159
9,155.0,144.22425046078934
10,173.0,146.06936248601886
11,161.0,151.83317398030766
12,150.0,152.203775698273
13,141.0,146.4901181403673
14,143.0,142.59386270983904
15,138.0,140.51287251474753
16,140.0,138.85461026150006
17,145.0,137.887358951804
18,144.0,139.6429691636513
19,163.0,139.8701010540778
20,152.0,147.87949235935233
21,142.0,149.9428520837405
22,137.0,143.35962483239754
23,128.0,138.80694318686895
24,138.0,135.55775969350466
25,129.0,139.7043592070677
26,120.0,136.55546875724028
27,120.0,128.0869607942421
28,123.0,122.88980678702949
29,119.0,121.2150603625028
30,119.0,119.88246874539365
31,123.0,118.8446191823533
32,123.0,120.29488369972768
33,122.0,121.08357848392234
34,121.0,121.4378413570555
35,121.0,120.84907720799995
36,120.0,120.61350229587696
37,123.0,120.0644930861646
38,122.0,120.22460798212045
39,120.0,120.40329945360837
40,122.0,120.0425332219699
41,123.0,120.50068596820434
42,125.0,120.99973253859145
43,123.0,121.85921761464972
44,124.0,122.0530823535476
45,124.0,122.15623558468386
46,123.0,122.41211949705081
47,126.0,122.00504417745353
48,124.0,123.2935140179242
49,122.0,123.5527738043391
50,123.0,122.59670447498948
51,125.0,122.01411484627974
52,131.0,122.77213536968719
53,128.0,125.35570334539061
54,126.0,125.69600486987758
55,128.0,124.93916067508358
56,125.0,124.97564836448336
57,125.0,124.75934292363105
58,124.0,124.2476974400388
59,124.0,123.8051153845593
60,123.0,123.43753920009995
61,122.0,122.82227039880293
62,123.0,122.26195167737224
63,127.0,122.10680123665209
64,126.0,123.44042237300474
65,124.0,123.73671741811096
66,122.0,124.1891345891866
67,126.0,122.74365546410422
68,123.0,123.31666207411578
69,124.0,122.51145568456772
70,122.0,122.70965278280279
71,122.0,121.83585861267147
72,114.0,121.9400228265146
73,108.0,119.51386378315226
74,115.0,115.84883681764201
75,112.0,113.65113539780474
76,113.0,113.03828339015132
