,y_actual,y_predict
0,236.0,238.19649090613484
1,242.0,236.99508087383737
2,232.0,236.66795176260877
3,232.0,235.50920014949426
4,226.0,233.3499430689922
5,220.0,230.1776257701548
6,222.0,225.48807069389358
7,218.0,222.90077669830893
8,216.0,218.5637429286421
9,216.0,215.39172846104256
10,214.0,212.8668551719942
11,214.0,211.26626054727151
12,212.0,209.9658267394693
13,218.0,209.8403516239917
14,224.0,210.86316667886697
15,220.0,214.1206468513669
16,224.0,216.80804772845758
17,220.0,218.55365569148415
18,222.0,219.8255886953807
19,218.0,220.42914256835942
20,218.0,219.87656630671685
21,220.0,218.57221812476632
22,216.0,217.95440467313057
23,210.0,216.79217508913302
24,208.0,214.31370533420557
25,204.0,210.710336827872
26,202.0,208.39203114984443
27,206.0,204.8329086325164
28,216.0,201.96963825914403
29,212.0,202.93528856480037
30,210.0,205.19477870649095
31,212.0,206.39374569620978
32,212.0,208.01035265008724
33,216.0,209.118909730622
34,214.0,210.58954183152457
35,212.0,212.2456381827426
36,214.0,212.3761890352638
37,214.0,211.6905699360991
38,218.0,212.08107132710543
39,216.0,213.27232070861155
40,216.0,214.14254960496942
41,214.0,214.25045744975117
42,216.0,214.1915786961187
43,220.0,214.4157890307364
44,220.0,214.59940468497712
45,220.0,216.34303353880287
46,218.0,216.74587657729325
47,220.0,217.02880660267098
48,220.0,218.03440208197532
49,216.0,217.79899005045908
50,216.0,217.1534119705194
51,216.0,216.40007695159994
52,214.0,215.34528923973875
53,216.0,214.61001805317454
54,218.0,213.21975858635415
55,218.0,212.924876413603
56,218.0,214.37050709379264
57,216.0,215.1560972082599
58,216.0,215.61104965160158
59,214.0,214.52415265182557
60,212.0,214.02224607211235
61,214.0,213.00985779244957
62,212.0,212.13171755745745
63,212.0,210.81688448116796
64,212.0,210.18256213871805
65,212.0,209.45354436623347
66,212.0,208.689921242298
67,206.0,208.27304396421982
68,200.0,207.43094778396676
69,194.0,205.10988399651714
70,188.0,200.64496877561078
71,182.0,194.86210141862858
72,178.0,188.9404761766897
73,179.0,182.58009435464749
74,184.0,178.14092692639375
75,182.0,176.7891372231165
76,181.0,176.9297161740354
