,y_actual,y_predict
0,108.0,102.51739505044887
1,103.0,108.92176540094518
2,103.0,109.28380888796485
3,113.0,105.40839766654673
4,106.0,105.53867756660232
5,116.0,105.29350040755679
6,113.0,105.17645463495421
7,124.0,107.03812859220932
8,120.0,109.15872117173589
9,124.0,111.68021853852473
10,136.0,113.87631632022968
11,146.0,117.40735401196524
12,142.0,122.60744442378684
13,139.0,125.44776564274963
14,135.0,126.8237594528398
15,122.0,126.44906529172714
16,114.0,123.73765351182848
17,125.0,119.1891186241172
18,137.0,118.39620206361604
19,150.0,121.75708216139023
20,139.0,126.94465209119093
21,140.0,128.2854127578829
22,154.0,129.44370062498135
23,159.0,131.38052330612229
24,167.0,133.45667492517464
25,168.0,136.39142741605195
26,184.0,138.3007871473024
27,175.0,140.27224780808348
28,172.0,141.03070411145555
29,165.0,141.8294882702101
30,181.0,141.3536024932924
31,199.0,142.564658791549
32,218.0,144.10315986146077
33,238.0,145.77032100784362
34,216.0,147.2917607166917
35,195.0,147.06814446693613
36,192.0,147.15338514294825
37,196.0,147.14663444291494
38,214.0,147.08286374839645
39,234.0,147.80045489577114
40,212.0,148.18586200452845
41,191.0,146.63829295346991
42,173.0,147.98030456620887
43,178.0,146.41382804428162
44,195.0,146.1971415947643
