,y_actual,y_predict
0,53.0,57.48901645147677
1,58.0,59.58120108561948
2,54.0,58.89915928665713
3,52.0,60.799022133807426
4,56.0,58.53276480047182
5,61.0,57.33547596022994
6,66.0,56.86199969994007
7,70.0,57.17687450856555
8,64.0,58.106517115913604
9,63.0,60.71606524106613
10,65.0,61.46985468588567
11,67.0,62.39993116542844
12,70.0,63.542430413277145
13,75.0,64.68202218830886
14,82.0,66.20549032429817
15,90.0,67.41651227772753
16,87.0,69.7795112054541
17,89.0,72.98667594982729
18,89.0,74.97890198598898
19,83.0,77.09657528878992
20,75.0,78.5323007100853
21,68.0,79.26534299503302
22,62.0,79.632243444982
23,56.0,76.75312708602432
24,56.0,73.0813685563231
25,59.0,70.11556241641232
26,63.0,67.065382685222
27,65.0,65.2874723170938
28,69.0,64.31427581985832
29,65.0,64.0732465878852
30,65.0,64.05303449296082
31,63.0,64.17609017140482
32,64.0,64.09610953609676
33,64.0,64.09984506987075
34,64.0,64.12317099146082
35,63.0,64.17959289570848
36,63.0,64.22235047138487
37,62.0,64.27956604428138
38,61.0,64.1085489693866
39,61.0,63.89194092173899
40,63.0,63.573171845609764
41,62.0,63.44897063874924
42,62.0,63.38545862790508
43,62.0,63.31150193764189
44,59.0,63.21256849499899
45,62.0,63.01170418778264
46,61.0,62.74741517327352
47,59.0,62.59387203646453
48,57.0,62.38163974863431
49,56.0,62.21419418265942
50,58.0,61.81315870551341
51,57.0,61.366407914192905
52,57.0,60.91697981396357
53,60.0,60.53938401758064
54,59.0,60.362541414803204
55,58.0,60.229900864643106
56,58.0,60.127887987642616
57,58.0,60.0799371734405
58,56.0,59.91080902993001
59,56.0,59.77693300223984
60,57.0,59.613521918563336
61,57.0,59.45398658345543
62,57.0,59.35558225324511
63,57.0,59.25197674782257
64,58.0,59.16207789996589
65,54.0,59.17585069658582
66,55.0,59.103084509295925
67,57.0,58.88773310367567
68,56.0,58.76418270510721
69,61.0,58.65891314108422
70,65.0,58.861573785009156
71,62.0,59.36034691070045
72,63.0,59.960053524029775
73,58.0,60.45122859518929
74,60.0,61.01198988791893
75,61.0,61.33377225935167
