,y_actual,y_predict
0,53.0,57.11853986287413
1,58.0,57.82586000830276
2,54.0,58.042179689674626
3,52.0,58.868851726519225
4,56.0,58.45843508594366
5,61.0,57.717796730635776
6,66.0,57.32995202643386
7,70.0,57.33375105369976
8,64.0,57.99991154299836
9,63.0,59.3150416586612
10,65.0,60.48453886838206
11,67.0,61.47598709897922
12,70.0,62.49479308790268
13,75.0,63.492656806744804
14,82.0,64.61472966913395
15,90.0,65.76105969099451
16,87.0,67.5810874087557
17,89.0,69.74580542071799
18,89.0,71.9367740232414
19,83.0,73.91625506368344
20,75.0,75.44760300657487
21,68.0,76.4325973882757
22,62.0,76.84378653300283
23,56.0,75.55476679310648
24,56.0,73.08399295398868
25,59.0,70.59786162651538
26,63.0,68.05678461848132
27,65.0,66.11141148822415
28,69.0,64.85052068802457
29,65.0,64.25690944991851
30,65.0,63.93005553581955
31,63.0,63.88237192339587
32,64.0,63.739093567778845
33,64.0,63.743792086180115
34,64.0,63.75571298928603
35,63.0,63.7094447526195
36,63.0,63.708902412376105
37,62.0,63.70432294427217
38,61.0,63.57329089590709
39,61.0,63.41605984544306
40,63.0,63.018574712719634
41,62.0,62.92339267722369
42,62.0,62.8078186485763
43,62.0,62.813596556340016
44,59.0,62.75294175263177
45,62.0,62.624121394234855
46,61.0,62.456974776784364
47,59.0,62.28009513613665
48,57.0,62.077640846060426
49,56.0,61.856887202503586
50,58.0,61.4791379635152
51,57.0,61.14991891684262
52,57.0,60.73062112408628
53,60.0,60.3491231235131
54,59.0,60.10894576255643
55,58.0,59.978429598813115
56,58.0,59.89457850606077
57,58.0,59.78262360645219
58,56.0,59.695216878152934
59,56.0,59.474653715071824
60,57.0,59.37174928362244
61,57.0,59.21273512426063
62,57.0,59.116272636677856
63,57.0,59.029619893595026
64,58.0,58.892513634503985
65,54.0,58.837398637964796
66,55.0,58.70829520441646
67,57.0,58.609036357627524
68,56.0,58.49131148694171
69,61.0,58.31972561618192
70,65.0,58.458898059322166
71,62.0,58.68340840115029
72,63.0,59.05135054120089
73,58.0,59.65676363211554
74,60.0,59.98481334031213
75,61.0,60.53236269560037
