,y_actual,y_predict
0,53.0,54.27094140874388
1,58.0,54.43836581022147
2,54.0,54.3275220467213
3,52.0,54.68019664752994
4,56.0,54.04673530656448
5,61.0,53.582190464136474
6,66.0,53.69791264426499
7,70.0,54.83784569681571
8,64.0,56.80621802173584
9,63.0,59.51524457533682
10,65.0,61.309620922366776
11,67.0,62.517907364519715
12,70.0,63.65590386556722
13,75.0,64.63227503739814
14,82.0,65.8961024115985
15,90.0,67.59388928406186
16,87.0,70.30988028005662
17,89.0,74.26539651622356
18,89.0,76.8958525191493
19,83.0,79.4739687202447
20,75.0,80.98513896051989
21,68.0,81.27218113241082
22,62.0,80.72558682506339
23,56.0,76.93498038353823
24,56.0,72.3251531310002
25,59.0,68.52824892874632
26,63.0,65.33939676566456
27,65.0,63.23719338761103
28,69.0,62.2768278668655
29,65.0,62.2246282798298
30,65.0,62.65170931646932
31,63.0,63.249505833917055
32,64.0,63.47154786624722
33,64.0,63.70236787383381
34,64.0,63.850138394003395
35,63.0,64.0200416872276
36,63.0,63.93323285597715
37,62.0,63.6322604765176
38,61.0,63.326145124213404
39,61.0,63.00947397887934
40,63.0,62.67662522091929
41,62.0,62.388438843392905
42,62.0,62.19655886528169
43,62.0,62.158182340547015
44,59.0,62.072389405167115
45,62.0,61.874160077865
46,61.0,61.66791469720937
47,59.0,61.43469516474106
48,57.0,61.13075975565907
49,56.0,60.91261199083266
50,58.0,60.46704376579896
51,57.0,60.06787605553994
52,57.0,59.529168169000044
53,60.0,59.138627636954155
54,59.0,58.96756029637828
55,58.0,58.88814316581092
56,58.0,58.80706462220526
57,58.0,58.76053976600893
58,56.0,58.72870571650304
59,56.0,58.50556842143745
60,57.0,58.33399048736415
61,57.0,58.185079729902355
62,57.0,58.06188648222589
63,57.0,57.98430272623739
64,58.0,57.84098733275009
65,54.0,57.83570943623515
66,55.0,57.75695634177066
67,57.0,57.66834852824947
68,56.0,57.51561757902448
69,61.0,57.3706619369962
70,65.0,57.561322310950324
71,62.0,57.89739336362476
72,63.0,58.4725914890772
73,58.0,59.38663586191295
74,60.0,59.906943863610046
75,61.0,60.42951646651857
