,y_actual,y_predict
0,127.0,125.53761066970372
1,127.0,125.82314900471106
2,126.0,125.41593318213239
3,118.0,124.89511508768842
4,120.0,124.5351208003149
5,117.0,124.24914225599926
6,128.0,123.58982179344818
7,140.0,122.99146156975945
8,154.0,123.95138979544376
9,169.0,128.0974978002023
10,163.0,134.74014839778613
11,149.0,140.50476383619173
12,139.0,144.13158875771057
13,133.0,145.8759558356336
14,120.0,144.71346671024872
15,129.0,142.08131827944777
16,125.0,138.93994393265487
17,121.0,135.90775798534315
18,121.0,132.98128756300775
19,117.0,130.1958705688383
20,116.0,127.61474300266254
21,115.0,125.38386453981498
22,119.0,122.69464876087733
23,120.0,120.664251309714
24,117.0,119.60450595992293
25,115.0,118.55143509866575
26,116.0,117.7113649633657
27,115.0,117.26532658379143
28,113.0,116.94533076421106
29,114.0,116.65700443691782
30,109.0,115.4658855520231
31,118.0,114.46912648087725
32,111.0,113.804158684845
33,111.0,113.44712066548688
34,120.0,113.22143733435071
35,121.0,113.47190431492388
36,118.0,114.21101439736259
37,119.0,115.14409120144612
38,115.0,115.94799013214416
39,116.0,116.49748846881684
40,117.0,116.70644384623742
41,115.0,117.16694451510563
42,116.0,116.90847299463282
43,112.0,116.74501129722714
44,116.0,116.59109150678557
45,116.0,116.43534087640732
46,123.0,116.58725751256523
47,122.0,117.06775876153586
48,124.0,117.70855812419806
49,120.0,118.30532982500056
50,116.0,118.94903968467975
51,123.0,119.3420362081178
52,120.0,119.59565331034675
53,120.0,119.69438943116737
54,120.0,119.70780437232106
55,112.0,119.70115680790391
56,116.0,119.40019230022419
57,116.0,118.54806150684124
58,115.0,117.80529512935252
59,115.0,117.35844364145343
60,115.0,116.93858358056207
61,115.0,116.53392756838016
62,113.0,116.38764345743924
63,113.0,116.06096372588415
64,114.0,115.91320148093553
65,114.0,115.5061451837484
66,114.0,115.29248077831423
67,114.0,115.08238516455073
68,119.0,114.84188818439746
69,121.0,114.95937560630487
70,122.0,115.52346950664926
71,122.0,116.49286963659424
72,121.0,117.58784384690225
73,121.0,118.54940502026537
74,122.0,119.31941052663558
75,122.0,120.0150987398407
76,130.0,120.30785139192204
77,138.0,120.92972983156214
78,148.0,122.1564087436094
79,146.0,124.75368135637386
80,140.0,128.34122500125855
81,137.0,131.35866763880807
82,137.0,133.84804723865685
83,137.0,135.6241197357352
84,137.0,136.89128864898143
85,137.0,137.75972948330582
