,y_actual,y_predict
0,127.0,124.54096333364225
1,127.0,125.12618862699112
2,126.0,124.22101597747198
3,118.0,123.80515549411875
4,120.0,123.66447698427808
5,117.0,123.58987968029912
6,128.0,122.2845944632939
7,140.0,123.05966035740087
8,154.0,126.13698862500432
9,169.0,132.06966995304975
10,163.0,145.54347463002912
11,149.0,153.9471066731342
12,139.0,154.90492674047965
13,133.0,149.6467409802693
14,120.0,140.06842015794396
15,129.0,134.969933618104
16,125.0,130.69094853459893
17,121.0,127.20076047645026
18,121.0,124.31200602991342
19,117.0,122.86556170758413
20,116.0,121.85797644910683
21,115.0,120.5218792729319
22,119.0,118.54594930988488
23,120.0,117.01818473163267
24,117.0,116.769541859967
25,115.0,116.25934869508205
26,116.0,116.75100325940227
27,115.0,117.10661833919195
28,113.0,117.00761297720418
29,114.0,116.4386794668801
30,109.0,116.9415936968109
31,118.0,115.07177571635881
32,111.0,114.01733576376662
33,111.0,112.9546812631644
34,120.0,111.94015631360357
35,121.0,113.67107277591822
36,118.0,115.31556416978061
37,119.0,117.21550754442613
38,115.0,118.32096465957748
39,116.0,119.17937819559609
40,117.0,118.47723223299667
41,115.0,118.1657013557118
42,116.0,117.35107720311996
43,112.0,116.41227094699929
44,116.0,116.24529295995052
45,116.0,116.15362172735615
46,123.0,116.32465314017651
47,122.0,117.54056779036075
48,124.0,118.94781329116333
49,120.0,119.96971141008683
50,116.0,120.76172738187232
51,123.0,120.9059827606187
52,120.0,120.71675602972172
53,120.0,120.33043534102336
54,120.0,119.77300785197784
55,112.0,119.37559038857502
56,116.0,119.13911317904744
57,116.0,118.63859788791602
58,115.0,116.87598366299171
59,115.0,116.11562641384666
60,115.0,115.55545939592528
61,115.0,115.45467569602842
62,113.0,116.14505447341715
63,113.0,115.83673833566814
64,114.0,115.7691063006836
65,114.0,115.247629238483
66,114.0,115.30855851461114
67,114.0,114.97211340592318
68,119.0,114.68698566369576
69,121.0,115.8222800849917
70,122.0,117.04285126116196
71,122.0,118.69378694236032
72,121.0,119.8029461235601
73,121.0,120.64434092540259
74,122.0,121.36368062893679
75,122.0,121.55819121773926
76,130.0,122.28619644823848
77,138.0,123.14803742431504
78,148.0,124.7065978072669
79,146.0,127.61358661184958
80,140.0,132.21780038529445
81,137.0,136.46451885008636
82,137.0,138.8264390924369
83,137.0,139.52514600395307
84,137.0,138.63664257991994
85,137.0,137.64323471992657
