,y_actual,y_predict
0,127.0,125.38766218647775
1,127.0,125.40030305927588
2,126.0,125.18190135550553
3,118.0,124.9704729979646
4,120.0,124.78546392995118
5,117.0,124.55635585116873
6,128.0,124.05225292148492
7,140.0,125.03360062822259
8,154.0,127.13051276352675
9,169.0,129.24551252044066
10,163.0,138.17966577310264
11,149.0,147.37530672041257
12,139.0,152.871080309965
13,133.0,153.57592406905937
14,120.0,151.90720500877015
15,129.0,149.60009764047064
16,125.0,145.9205361149889
17,121.0,141.82600731372594
18,121.0,138.15562169549668
19,117.0,134.89324700266786
20,116.0,131.69084864051115
21,115.0,128.7674499233416
22,119.0,126.51327806091723
23,120.0,124.24131676147577
24,117.0,122.26745187818086
25,115.0,120.67013153680476
26,116.0,120.1204649244026
27,115.0,119.13800929026209
28,113.0,118.47505272574853
29,114.0,117.98766832633946
30,109.0,119.60703413448256
31,118.0,118.9923323181531
32,111.0,119.03994627235937
33,111.0,118.58849749153104
34,120.0,117.82630671003761
35,121.0,117.31217589308297
36,118.0,117.27658624940203
37,119.0,117.5101489232951
38,115.0,117.80358006311772
39,116.0,118.48403595729079
40,117.0,118.64139530364281
41,115.0,118.6563704973602
42,116.0,118.94356197313388
43,112.0,118.62348538120338
44,116.0,118.40164816014007
45,116.0,118.16025460690017
46,123.0,117.96253466338516
47,122.0,117.93121114599785
48,124.0,118.50692549511683
49,120.0,119.09713982729316
50,116.0,119.63604756265563
51,123.0,120.09579570246164
52,120.0,120.60038461245217
53,120.0,120.91351074365247
54,120.0,120.89055120312297
55,112.0,120.77277838557836
56,116.0,120.76910055123497
57,116.0,121.20697015379761
58,115.0,120.36018918240612
59,115.0,119.71272206223922
60,115.0,119.16375547687169
61,115.0,118.67729592087181
62,113.0,118.17774182070715
63,113.0,117.79398296171432
64,114.0,117.43448946291171
65,114.0,117.10294050484855
66,114.0,116.89660619019028
67,114.0,116.64151230015948
68,119.0,116.31497392021714
69,121.0,116.84992919524572
70,122.0,117.33469657051
71,122.0,118.17040769131374
72,121.0,118.8002879784418
73,121.0,119.48747220938219
74,122.0,120.18805388080041
75,122.0,120.69169640808838
76,130.0,122.0452659898061
77,138.0,123.41995350246994
78,148.0,124.99234884279629
79,146.0,126.44510350498086
80,140.0,128.78690663628632
81,137.0,131.3923160536738
82,137.0,133.490273181258
83,137.0,135.0997055048145
84,137.0,136.28626613674922
85,137.0,137.12002164116288
