,y_actual,y_predict
0,157.0,156.7365924513373
1,157.0,158.93267162747384
2,154.0,159.97745957044066
3,144.0,159.23713993337378
4,134.0,157.41033009797408
5,125.0,155.1396975458307
6,123.0,150.4448840291953
7,144.0,145.16849195354712
8,134.0,137.66958531271635
9,128.0,136.1034387128128
10,122.0,136.76609366590878
11,124.0,137.00717711852786
12,123.0,136.6565112536863
13,118.0,135.6530071488076
14,111.0,134.2371581808626
15,106.0,132.88939321408895
16,103.0,131.80997319488813
17,96.0,130.3990057618522
18,90.0,127.15526336504419
19,84.0,126.22430637896798
20,79.0,125.32587865408806
21,74.00000000000003,124.52644416570476
22,69.0,123.48608715442467
23,69.0,122.17731009503464
24,65.0,120.77267256440828
25,61.00000000000003,119.1544276490796
26,56.99999999999997,118.10872777101989
27,54.0,117.09805692917578
28,51.0,116.06143348745252
29,50.0,115.188550673822
30,50.0,114.40333164423987
31,62.0,113.98945258448785
32,57.99999999999997,137.2846950602705
33,54.0,152.70633285852077
34,51.0,145.65217159817473
35,50.0,150.1046785963017
36,57.99999999999997,155.1503081788528
37,56.99999999999997,169.11545688995906
38,54.0,172.00670955173968
39,53.0,171.56040851727292
40,52.0,174.5033786274693
41,51.0,173.51986199409743
42,50.0,155.396981257159
43,51.0,141.31561982927246
44,51.0,139.1436050109404
45,53.0,137.69204037329808
46,52.0,129.58538800061226
47,51.0,120.54339062475614
48,50.0,115.26320060766224
49,50.0,115.67037426231937
50,50.0,114.2286156090878
51,50.0,114.46702762831711
52,50.0,113.2137391371682
53,50.0,113.2609988322769
54,50.0,114.16386821749168
55,50.0,114.87955487840199
56,50.0,114.24166164524038
57,50.0,114.2119432898599
58,50.0,113.86633061829778
59,50.0,113.71060429037439
60,50.0,113.32045700033416
61,50.0,113.1735388925434
62,50.0,112.2586963359912
