,y_actual,y_predict
0,55.0,55.01793125609548
1,56.0,54.63976008315989
2,57.0,54.185615336693076
3,56.0,53.82756917117052
4,55.0,53.59292558827661
5,55.0,53.421971973985045
6,54.0,53.15830735759195
7,55.0,52.97066570481613
8,53.0,52.677663377313344
9,54.0,52.47311578861484
10,54.0,52.17039523535826
11,55.0,51.95491210054994
12,55.0,51.770957272432284
13,55.0,51.66174126569477
14,56.0,51.59387928747136
15,56.0,51.59307742489795
16,55.0,51.615570251141875
17,56.0,51.66077670636734
18,55.0,51.69365597717625
19,54.0,51.680157957190545
20,54.0,51.65998065439229
21,53.0,51.57735394574112
22,53.0,51.43573513726007
23,52.0,51.340975899237336
24,53.0,51.1858561654714
25,56.0,50.96249676458877
26,55.0,50.863742740194894
27,55.0,50.92272902942642
28,53.0,51.00609658936824
29,55.0,51.068511131631006
30,55.0,50.984039558001164
31,55.0,51.01024826189505
32,55.0,51.05124203331094
33,58.0,51.079891188515205
34,56.0,51.20897653633799
35,56.0,51.475860224221435
36,56.0,51.62204035241354
37,55.0,51.735498095952416
38,55.0,51.82543163203881
39,54.0,51.89104200339848
40,54.0,51.93389226098977
41,55.0,51.817941770755304
42,56.0,51.830437462524245
43,56.0,51.80722412208392
44,56.0,51.83675939353778
45,55.0,51.810663996311874
46,54.0,51.849531088728725
47,54.0,51.81875234922625
48,54.0,51.77331928066482
49,54.0,51.65235714934656
50,54.0,51.52245541245447
51,54.0,51.326144346928466
52,53.0,51.323398839204295
53,56.0,51.25968853350769
54,54.0,51.148961771197094
55,53.0,51.261251584466
56,53.0,51.284017508832754
57,54.0,51.23117302206566
58,53.0,51.09840375488388
59,52.0,51.03286020540532
60,52.0,50.90575627162262
61,52.0,50.711839172620124
62,52.0,50.51712892694176
63,51.0,50.404644458627864
64,50.0,50.27517851661262
65,50.0,50.0316476235301
66,50.0,49.77089702221356
67,50.0,49.535689811278914
68,50.0,49.333135257817204
69,50.0,49.14182130687911
