,y_actual,y_predict
0,3500.0,3544.039082531444
1,3530.0,3541.4031718876854
2,3540.0,3547.87252125721
3,3540.0,3551.9859572412815
4,3540.0,3553.1036810078226
5,3540.0,3552.8793784198433
6,3540.0,3551.892983489071
7,3540.0,3549.7944146951236
8,3530.0,3547.2698882436835
9,3530.0,3543.511888046692
10,3540.0,3545.838306630306
11,3530.0,3550.5443106361786
12,3530.0,3553.6855662378944
13,3490.0,3554.6000595449127
14,3600.0,3547.677600207736
15,3620.0,3563.5717511974144
16,3690.0,3581.4956532089705
17,3680.0,3602.660482556159
18,3500.0,3605.7939023944955
19,3580.0,3581.888821131271
20,3570.0,3582.1581407461804
21,3540.0,3575.199390807125
22,3540.0,3566.5569762598834
23,3500.0,3560.1096669054878
24,3520.0,3547.499884888363
25,3530.0,3542.1539687870786
26,3530.0,3540.31942197301
27,3500.0,3539.2205874415795
28,3540.0,3532.2049715863577
29,3530.0,3534.7101171368513
30,3530.0,3535.45554947288
31,3530.0,3535.7656644813615
32,3530.0,3535.764552441355
33,3480.0,3535.5908991570054
34,3480.0,3523.8514583399738
35,3480.0,3511.056387805098
36,3480.0,3501.5019781796027
37,3480.0,3493.295626502934
38,3470.0,3487.3366127570202
39,3470.0,3480.9598880183503
40,3470.0,3475.516634308788
41,3450.0,3471.7767086231524
42,3450.0,3464.6336084501013
43,3450.0,3457.1802709956514
44,3450.0,3451.862508555366
45,3450.0,3448.3309783946993
46,3450.0,3446.263096241765
47,3450.0,3445.2471575999866
48,3450.0,3444.9297679964625
49,3450.0,3445.0271744636993
50,3460.0,3445.301204803636
51,3600.0,3449.475226374729
52,3600.0,3502.013644003847
53,3600.0,3536.7410059404024
54,3460.0,3559.6481188194534
55,3450.0,3540.651067311617
56,3450.0,3515.756798146771
57,3450.0,3493.475574268362
58,3450.0,3474.966556769319
59,3450.0,3461.0514186891387
60,3490.0,3451.497388753229
61,3390.0,3460.761459405775
62,3450.0,3432.695598084869
63,3450.0,3423.2285801311355
64,3450.0,3427.5849505216283
65,3450.0,3416.1985257749957
66,3450.0,3424.5724804789998
67,3450.0,3432.258149347309
68,3450.0,3438.7251098901534
69,3470.0,3443.559539071777
70,3470.0,3447.599817238754
71,3450.0,3462.081139419331
72,3450.0,3452.3681160783244
73,3500.0,3455.7990889917355
74,3490.0,3473.1616296041734
75,3580.0,3482.4184050683434
76,3580.0,3498.98039400068
77,3580.0,3525.383872636441
78,3580.0,3543.991378074498
79,3380.0,3556.697125025518
80,3390.0,3527.4614388044324
81,3390.0,3486.2086611827112
82,3390.0,3448.404306106795
83,3420.0,3417.8426820729505
84,3420.0,3407.8680178562463
85,3420.0,3403.8075015908175
