,y_actual,y_predict
0,3500.0,3539.938790242449
1,3530.0,3540.5616356127607
2,3540.0,3544.7816832841227
3,3540.0,3544.087621018394
4,3540.0,3542.0875604350235
5,3540.0,3540.8953814713805
6,3540.0,3539.763994028093
7,3540.0,3538.830940979299
8,3530.0,3537.4692685846644
9,3530.0,3535.111311310866
10,3540.0,3538.926488898192
11,3530.0,3542.278764387809
12,3530.0,3544.7509940689433
13,3490.0,3544.8222367060266
14,3600.0,3542.7476076622193
15,3620.0,3549.2190472550897
16,3690.0,3562.1693297442075
17,3680.0,3574.9416961289503
18,3500.0,3580.7752057347543
19,3580.0,3571.3705443947188
20,3570.0,3566.352015960351
21,3540.0,3561.2050057185643
22,3540.0,3553.610416015788
23,3500.0,3546.569153737916
24,3520.0,3537.189611116361
25,3530.0,3530.6014485094743
26,3530.0,3526.9229540246147
27,3500.0,3525.56135113248
28,3540.0,3522.7411224318093
29,3530.0,3522.6553100113074
30,3530.0,3523.694331205721
31,3530.0,3525.4533339501813
32,3530.0,3526.449140034342
33,3480.0,3527.374552956424
34,3480.0,3521.7093578132717
35,3480.0,3512.096801623686
36,3480.0,3504.4400805467963
37,3480.0,3497.46808523308
38,3470.0,3492.0972225607125
39,3470.0,3487.16668847488
40,3470.0,3482.777409937528
41,3450.0,3479.864085211729
42,3450.0,3475.438083612495
43,3450.0,3469.7814848989765
44,3450.0,3465.2486901337006
45,3450.0,3461.8763721822997
46,3450.0,3459.758118735737
47,3450.0,3458.3364708315844
48,3450.0,3457.828062615276
49,3450.0,3457.719309221306
50,3460.0,3457.8058810209795
51,3600.0,3460.5263298727327
52,3600.0,3495.1408995477946
53,3600.0,3521.5060243870817
54,3460.0,3540.7053925252685
55,3450.0,3535.738105452867
56,3450.0,3520.1626955042207
57,3450.0,3502.383232559343
58,3450.0,3486.480233032582
59,3450.0,3473.860850499932
60,3490.0,3464.750346909118
61,3390.0,3468.705245115595
62,3450.0,3452.8734610362817
63,3450.0,3442.658194608169
64,3450.0,3444.223107758994
65,3450.0,3436.670976361466
66,3450.0,3440.366825878094
67,3450.0,3444.70608835682
68,3450.0,3448.8700397878542
69,3470.0,3452.3870748159356
70,3470.0,3457.6788227277357
71,3450.0,3467.9821114984466
72,3450.0,3462.605600139067
73,3500.0,3464.013651294807
74,3490.0,3475.225018549165
75,3580.0,3482.1759404473414
76,3580.0,3496.1137221847375
77,3580.0,3516.731547547475
78,3580.0,3532.718834461865
79,3380.0,3544.555166912797
80,3390.0,3535.0793350123454
81,3390.0,3502.3284105315224
82,3390.0,3468.746901567922
83,3420.0,3441.072152697221
84,3420.0,3429.2345383112815
85,3420.0,3423.5356627712654
