,y_actual,y_predict
0,3500.0,3540.841833656067
1,3530.0,3536.674710851681
2,3540.0,3536.153061121962
3,3540.0,3565.7823374286836
4,3540.0,3554.5702249530714
5,3540.0,3560.810571306256
6,3540.0,3560.116210437193
7,3540.0,3554.8467779763564
8,3530.0,3553.8577265055683
9,3530.0,3544.238019280941
10,3540.0,3542.560445151124
11,3530.0,3541.3531764223926
12,3530.0,3542.5316711159558
13,3490.0,3547.834753083656
14,3600.0,3545.681169199386
15,3620.0,3561.7277417466235
16,3690.0,3578.3820441574167
17,3680.0,3601.188481377545
18,3500.0,3604.613997057591
19,3580.0,3575.8988073395512
20,3570.0,3567.997618939981
21,3540.0,3558.9129419634846
22,3540.0,3546.4053698086245
23,3500.0,3536.3461545130917
24,3520.0,3524.226836196337
25,3530.0,3524.9571169872775
26,3530.0,3527.697144950812
27,3500.0,3530.2408978531976
28,3540.0,3526.9598547039973
29,3530.0,3535.8038084832515
30,3530.0,3533.3662270856535
31,3530.0,3535.2279365065483
32,3530.0,3532.0915409315276
33,3480.0,3529.715142327621
34,3480.0,3522.7578570894075
35,3480.0,3511.536521374574
36,3480.0,3501.9709514494302
37,3480.0,3493.1560976592004
38,3470.0,3486.1444289668148
39,3470.0,3479.680730536698
40,3470.0,3473.7576753251615
41,3450.0,3469.3717663719954
42,3450.0,3462.414020357946
43,3450.0,3455.3877423043286
44,3450.0,3449.8086684816803
45,3450.0,3446.257564357566
46,3450.0,3444.185216025439
47,3450.0,3443.0863248623414
48,3450.0,3442.8428292875833
49,3450.0,3442.9804390900554
50,3460.0,3443.3823540307403
51,3600.0,3447.1775586587833
52,3600.0,3488.51693398273
53,3600.0,3515.140686796499
54,3460.0,3531.951089249039
55,3450.0,3525.619915998656
56,3450.0,3510.107141960793
57,3450.0,3492.8463378857214
58,3450.0,3476.37652310507
59,3450.0,3462.7627144024864
60,3490.0,3452.696548856913
61,3390.0,3458.795444750937
62,3450.0,3431.68476401562
63,3450.0,3420.4350635581213
64,3450.0,3424.942861877834
65,3450.0,3413.6110866898543
66,3450.0,3423.348098690168
67,3450.0,3433.2508252447847
68,3450.0,3441.8879421569955
69,3470.0,3448.4187574785465
70,3470.0,3450.589534222083
71,3450.0,3463.938017129364
72,3450.0,3455.3900461835087
73,3500.0,3459.0142540672173
74,3490.0,3476.0436189989555
75,3580.0,3487.6951983588065
76,3580.0,3503.2560552561176
77,3580.0,3521.996536996619
78,3580.0,3535.6069722537663
79,3380.0,3545.193483024866
80,3390.0,3527.72873512433
81,3390.0,3504.101201799813
82,3390.0,3472.551111918101
83,3420.0,3441.8349297683517
84,3420.0,3428.165770046694
85,3420.0,3419.9738243720885
