,y_actual,y_predict
0,3500.0,3545.092956667611
1,3530.0,3540.2127999890527
2,3540.0,3542.7252175604217
3,3540.0,3546.503028544196
4,3540.0,3549.070800995889
5,3540.0,3547.607979295662
6,3540.0,3542.234751285885
7,3540.0,3540.1374901686117
8,3530.0,3539.280241180262
9,3530.0,3536.2827424910543
10,3540.0,3539.572857003641
11,3530.0,3548.130262270385
12,3530.0,3553.7419404882244
13,3490.0,3556.9621560787355
14,3600.0,3543.9041138239872
15,3620.0,3558.64620166359
16,3690.0,3581.909332091391
17,3680.0,3616.1091443081928
18,3500.0,3629.055411097287
19,3580.0,3576.239482854878
20,3570.0,3555.246576952029
21,3540.0,3542.929565208284
22,3540.0,3540.6749401334237
23,3500.0,3543.967041902689
24,3520.0,3526.8606540425835
25,3530.0,3523.5356415522924
26,3530.0,3525.4748771511404
27,3500.0,3528.006925317625
28,3540.0,3524.0693409562487
29,3530.0,3526.4740605419875
30,3530.0,3527.639535100475
31,3530.0,3529.0822422622505
32,3530.0,3530.6563580589623
33,3480.0,3529.9230680671712
34,3480.0,3518.668749554645
35,3480.0,3504.572950021324
36,3480.0,3493.781215696921
37,3480.0,3487.72755933436
38,3470.0,3487.0032163415276
39,3470.0,3484.060394561494
40,3470.0,3480.2194971877675
41,3450.0,3477.6576189342336
42,3450.0,3471.1606165791304
43,3450.0,3464.433539067264
44,3450.0,3459.624146230786
45,3450.0,3457.140240129584
46,3450.0,3457.014999198018
47,3450.0,3457.2580494419403
48,3450.0,3457.1772051631337
49,3450.0,3457.125170957829
50,3460.0,3457.1311533211974
51,3600.0,3461.101035751929
52,3600.0,3514.0660931927105
53,3600.0,3555.2094677651453
54,3460.0,3580.15976366782
55,3450.0,3552.490581432568
56,3450.0,3505.562108320029
57,3450.0,3471.2436849379496
58,3450.0,3454.594829463855
59,3450.0,3456.60297035644
60,3490.0,3457.5950413247456
61,3390.0,3472.905897728094
62,3450.0,3447.7408043479127
63,3450.0,3439.7597807428747
64,3450.0,3441.867565053543
65,3450.0,3434.6872720331908
66,3450.0,3446.865410058623
67,3450.0,3449.0573387297836
68,3450.0,3453.7869195282938
69,3470.0,3458.396510695269
70,3470.0,3462.2043673525523
71,3450.0,3472.9404044324624
72,3450.0,3467.1783163683263
73,3500.0,3463.6932705095987
74,3490.0,3475.198265234842
75,3580.0,3484.1526546259925
76,3580.0,3513.6357954901923
77,3580.0,3536.044559996327
78,3580.0,3552.807137006087
79,3380.0,3562.6775526205147
80,3390.0,3521.1268599315295
81,3390.0,3473.9215094507035
82,3390.0,3424.997022344817
83,3420.0,3398.224849676482
84,3420.0,3409.747010232242
85,3420.0,3423.586945319899
