,y_actual,y_predict
0,6775.0,6840.23739781617
1,6800.0,6831.2493150997825
2,6625.0,6820.922166600139
3,6575.0,6806.825389379144
4,6575.0,6784.683485419551
5,6550.0,6755.554048389155
6,6550.0,6728.373330133863
7,6925.0,6704.173435728693
8,7075.0,6691.529020476077
9,7100.0,6701.305420243736
10,7125.0,6725.826909955869
11,7000.0,6763.891623192257
12,7025.0,6796.1987194256135
13,7025.0,6825.447428435611
14,6975.0,6847.736897932338
15,6975.0,6865.679403788049
16,7000.0,6880.4498603703105
17,7050.0,6892.546819675656
18,6975.0,6904.797442267605
19,6975.0,6915.440942009668
20,7100.0,6919.480822987457
21,7000.0,6923.069714414565
22,6950.0,6930.603361927757
23,6750.0,6935.296189918619
24,6850.0,6925.126607265238
25,6825.0,6910.76835854704
26,6750.0,6893.9051543472315
27,6825.0,6871.593976862397
28,6750.0,6857.976970569574
29,6725.0,6842.3208768545255
30,6775.0,6826.30574765078
31,6725.0,6811.877984588641
32,6725.0,6797.432903918013
33,6725.0,6784.943737366861
34,6725.0,6774.691957050647
35,6775.0,6765.361912544072
36,6700.0,6757.4904497103325
37,6700.0,6750.620969069238
38,6725.0,6745.561056560378
39,6600.0,6739.459282577352
40,6625.0,6732.075273836115
41,6600.0,6721.581656775985
42,6500.0,6709.480551001
43,6425.0,6692.121965634381
44,6375.0,6672.438918170417
45,6500.0,6642.664095336288
46,6525.0,6621.554052541734
47,6550.0,6609.471971745091
48,6400.0,6602.471633400404
49,6400.0,6591.715447248165
50,6550.0,6576.580833067653
51,6500.0,6563.83739036367
52,6525.0,6557.084254782431
53,6525.0,6552.542894888363
54,6425.0,6549.6347562119045
55,6450.0,6547.2832201069195
56,6525.0,6544.298005877181
57,6450.0,6541.043636985907
58,6500.0,6536.79313974148
59,6475.0,6533.6813362327775
60,6500.0,6531.729446627951
61,6500.0,6528.82947893578
62,6500.0,6527.844326531669
63,6500.0,6527.005885979766
64,6450.0,6529.53511050426
65,6400.0,6531.050035382184
66,6400.0,6527.435655362298
67,6450.0,6520.899721617123
68,6400.0,6515.437113733372
69,6400.0,6508.656416324537
70,6425.0,6500.757879483158
71,6350.0,6494.024378655207
72,6375.0,6486.61146658149
73,6375.0,6479.296850229204
74,6375.0,6472.404198140129
75,6400.0,6467.7002722452335
76,6375.0,6465.566913616227
