,y_actual,y_predict
0,6775.0,6977.527007546792
1,6800.0,6966.3227587636175
2,6625.0,6953.831640932635
3,6575.0,6941.068075655407
4,6575.0,6925.651745449455
5,6550.0,6903.681066294934
6,6550.0,6876.501201724568
7,6925.0,6852.4324089329675
8,7075.0,6839.522009848541
9,7100.0,6845.577562890597
10,7125.0,6872.74450023209
11,7000.0,6897.685515107647
12,7025.0,6929.3352739483125
13,7025.0,6952.1411008700225
14,6975.0,6975.906713558055
15,6975.0,6993.077732151027
16,7000.0,7003.5904961444885
17,7050.0,7014.859381072028
18,6975.0,7023.758924466136
19,6975.0,7030.372055719579
20,7100.0,7042.368280203707
21,7000.0,7049.392887591279
22,6950.0,7049.687286935612
23,6750.0,7053.827902734618
24,6850.0,7045.004703163855
25,6825.0,7037.527642765732
26,6750.0,7023.296715056433
27,6825.0,7015.103534960742
28,6750.0,6995.468781672567
29,6725.0,6984.878454305868
30,6775.0,6970.286295918062
31,6725.0,6957.093205168281
32,6725.0,6944.566720390383
33,6725.0,6932.335122776775
34,6725.0,6921.775528067397
35,6775.0,6914.619941021246
36,6700.0,6907.817535624303
37,6700.0,6900.864149950523
38,6725.0,6893.530996439852
39,6600.0,6886.809813065827
40,6625.0,6879.482513394647
41,6600.0,6870.680290082055
42,6500.0,6858.890657349915
43,6425.0,6847.009314465771
44,6375.0,6828.829484200752
45,6500.0,6812.759963071747
46,6525.0,6785.6893701718545
47,6550.0,6767.65295897433
48,6400.0,6758.030466403252
49,6400.0,6748.12150156215
50,6550.0,6738.696819983826
51,6500.0,6725.1954270209235
52,6525.0,6716.068071706678
53,6525.0,6709.594700871048
54,6425.0,6703.710250679074
55,6450.0,6699.02937427717
56,6525.0,6693.056628672894
57,6450.0,6687.896103297806
58,6500.0,6682.446910462886
59,6475.0,6677.890428150135
60,6500.0,6675.64109032624
61,6500.0,6673.92884227552
62,6500.0,6671.370836373536
63,6500.0,6669.579073669748
64,6450.0,6671.2618086130415
65,6400.0,6674.769965837188
66,6400.0,6675.345105567046
67,6450.0,6671.437301842741
68,6400.0,6664.207444208065
69,6400.0,6656.013532382438
70,6425.0,6649.064780998254
71,6350.0,6642.0115141881815
72,6375.0,6633.98077813833
73,6375.0,6626.184439578041
74,6375.0,6617.909793549453
75,6400.0,6612.192421692913
76,6375.0,6608.835976475539
