,y_actual,y_predict
0,139.0,124.72038522055223
1,139.0,125.44197801877493
2,139.0,125.69698031405349
3,139.0,125.633333745448
4,138.0,125.96260963099114
5,135.0,126.53513753384092
6,137.0,125.9533092536192
7,135.0,125.90683510148327
8,136.0,125.95981766879797
9,133.0,125.48247533793776
10,146.0,124.96301320657399
11,132.0,206.80387493413897
12,119.0,196.71629134120977
13,108.0,220.67271138354351
14,98.0,213.78786204390488
15,104.0,212.20383489768528
16,108.0,221.68334160556844
17,111.0,209.70058193408926
18,100.0,209.83050524760475
19,90.0,221.50105975602315
20,81.0,221.84023693795334
21,73.0,221.64158235647395
22,69.0,220.49636476488573
23,68.0,208.79754857294242
24,66.0,204.47110269512274
25,70.00000000000001,196.5837031829851
26,71.0,190.51458522773626
27,68.0,183.0469033797526
28,68.0,172.6453401792479
29,63.0,161.62850697752526
30,62.0,150.96039228051748
31,61.0,138.83209233481156
32,59.999999999999986,129.98270468369319
33,62.0,118.75252443057231
34,59.0,109.83452569529305
35,62.0,102.42324818616962
36,58.0,99.03701406671475
37,58.0,94.18737111472987
38,59.0,89.90540711138841
39,58.0,85.77514280217835
40,59.0,82.32877055667531
41,59.0,79.92319929020843
42,58.0,78.43557342137046
43,57.0,77.62776261184486
44,58.0,76.90300805511201
45,58.0,76.60209554708092
46,58.0,76.39523148736468
47,63.0,76.2033164437622
48,69.0,79.37780519211675
49,74.0,80.04224596955085
50,66.99999999999999,88.25515406725243
51,66.0,89.25383524578507
52,71.0,86.73799996250395
53,64.0,87.76595976443315
54,58.0,133.5461960452364
55,53.000000000000014,158.58639202109288
56,48.0,186.82496558738055
57,51.0,209.11146866642312
58,47.0,185.68286237414932
59,46.0,189.3178087846537
60,46.0,175.21723716198932
61,48.0,165.71018958449602
62,47.0,156.1491765904143
63,47.0,149.19697694093296
64,48.0,140.21690327139535
65,46.0,131.3687867951166
66,47.0,122.56933551415185
67,47.0,114.35228569770013
68,46.0,107.43901288864792
69,46.0,110.44793920343847
70,46.0,103.09043470125727
71,46.0,97.41648802400965
72,46.0,92.62810645438577
73,46.0,88.50361096772052
74,46.0,84.73250208646522
75,46.0,82.04932472484465
76,45.0,79.56206545195784
77,47.0,77.47319699625692
78,45.0,76.40210969886044
79,45.0,76.24346707887784
80,45.0,75.31422440376532
81,45.0,74.94654517070427
82,44.0,74.6376080825948
83,44.0,74.37864896672461
84,42.999999999999986,74.83862011559489
85,42.0,74.82523348892038
86,40.0,75.53494658046023
87,39.0,75.3876567074088
88,39.0,74.73010338637836
