,y_actual,y_predict
0,760.0,765.1774293821445
1,755.0,761.8083533570687
2,765.0,759.2347747260076
3,760.0,759.3329986259138
4,765.0,759.2937531574382
5,770.0,763.690041498265
6,765.0,765.6343506749288
7,760.0,765.7837196884237
8,800.0,763.2620365352476
9,755.0,776.1182039843335
10,745.0,768.4897153697749
11,720.0,753.800884759999
12,720.0,733.9620238625407
13,705.0,717.4775113211173
14,695.0,708.7274606763718
15,695.0,700.192505698855
16,700.0,694.6174081951641
17,700.0,694.1310507784779
18,695.0,696.3467450798606
19,690.0,696.3119128051706
20,690.0,693.5634274927261
21,695.0,692.7400412219432
22,695.0,694.2221583528413
23,700.0,697.104799093238
24,695.0,699.621367229419
25,690.0,699.000805843694
26,680.0,695.1142262160017
27,680.0,689.2309939399829
28,680.0,687.3724528181623
29,675.0,685.1501488388276
30,680.0,683.4803233262411
31,675.0,682.4535863086293
32,675.0,681.4547685059647
33,665.0,680.0980896328924
34,670.0,676.3317543667652
35,665.0,676.6271026078778
36,665.0,674.828671531568
37,670.0,673.1520704923173
38,675.0,676.3608062070653
39,700.0,679.7243313566396
40,700.0,692.0929521324188
41,710.0,701.2308844870578
42,710.0,707.7677265385609
43,715.0,711.1031908950189
44,715.0,713.5341608701597
45,715.0,714.9740836615745
46,705.0,713.4366499174622
47,700.0,708.6737337837421
48,695.0,703.8870851037899
49,690.0,697.0531554222395
50,700.0,693.8128235052382
51,690.0,694.7872332315493
52,685.0,694.9193782495001
53,695.0,690.4889361979223
54,710.0,693.5093567674
55,730.0,705.3399117340458
56,720.0,718.9413183496598
57,720.0,721.9941582973172
58,705.0,717.4990494057286
59,695.0,710.6595253639532
60,720.0,701.5995014532268
61,720.0,707.2157941590364
62,760.0,712.4995197456213
63,745.0,734.6587381228812
64,745.0,739.2637339216924
65,720.0,739.4243240163615
