,y_actual,y_predict
0,1455.0,1440.681175951629
1,1450.0,1449.4275711329883
2,1500.0,1456.208131627683
3,1515.0,1475.837350396518
4,1500.0,1489.4529845969619
5,1490.0,1496.8655816258083
6,1545.0,1490.4740515906358
7,1610.0,1506.3057245996079
8,1610.0,1535.6184283257426
9,1560.0,1554.6284230845029
10,1535.0,1553.0939433750984
11,1565.0,1550.0798330762145
12,1530.0,1565.7372653551354
13,1500.0,1551.7298174502387
14,1500.0,1533.4627571400192
15,1485.0,1518.4436956768163
16,1485.0,1499.2568209040187
17,1500.0,1488.8611611533593
18,1580.0,1485.5903205031193
19,1620.0,1495.8441787232637
20,1620.0,1522.3248347585604
21,1615.0,1539.5647337284474
22,1615.0,1546.7927728262068
23,1585.0,1557.2257664485217
24,1575.0,1551.6426251047405
25,1550.0,1550.4771172965654
26,1510.0,1535.4605991433855
27,1510.0,1527.1501656895161
28,1500.0,1513.1780841900304
29,1480.0,1501.1856096409174
30,1480.0,1489.4097003395932
31,1500.0,1482.0233042026794
32,1590.0,1487.946817206679
33,1590.0,1505.0278792675963
34,1550.0,1524.0655145277362
35,1550.0,1526.8684821077477
36,1530.0,1521.581372453222
37,1485.0,1519.4512303416898
38,1465.0,1507.7912096008376
39,1495.0,1495.8489774214197
40,1495.0,1503.451410949325
41,1485.0,1503.8327634917973
42,1580.0,1501.7462895334866
43,1565.0,1515.14991724939
44,1590.0,1519.6520558595264
45,1545.0,1540.4440471785874
