,y_actual,y_predict
0,27.0,29.030101385682823
1,27.0,28.955058937755805
2,26.0,28.856040293335738
3,27.0,28.725153815564635
4,28.0,28.62805073332333
5,28.0,28.547764883293056
6,28.0,28.469849948023807
7,28.0,28.408012724982363
8,28.0,28.431590060002982
9,28.0,28.44856820628444
10,28.0,28.452137417314567
11,27.0,28.459465854926073
12,27.0,28.47875157745147
13,28.0,28.406752802047986
14,27.0,28.42393979425063
15,27.0,28.380410826349355
16,27.0,28.376660159027047
17,27.0,28.34265079905793
18,27.0,28.2938784290534
19,27.0,28.272319367320325
20,27.0,28.23247430452065
21,27.0,28.196819854959234
22,27.0,28.144004090972366
23,26.0,28.126193984709786
24,27.0,28.037610788941844
25,27.0,28.000627942373526
26,27.0,27.98918934855898
27,27.0,27.962455358795168
28,27.0,27.923752101154776
29,27.0,27.882801182083895
30,26.0,27.86061729443907
31,27.0,27.799942418778663
32,26.0,27.811939076284254
33,27.0,27.757594628628368
34,27.0,27.757325867893726
35,26.0,27.747277297751342
36,27.0,27.726165029341463
37,26.0,27.671110163183176
38,26.0,27.615399657780507
39,26.0,27.576761450509007
40,26.0,27.508155565398916
41,26.0,27.394955940559857
42,26.0,27.340880253638613
43,26.0,27.263453196136073
44,25.0,27.261732785063995
45,24.0,27.170905351569193
46,24.0,27.04536669886194
47,25.0,26.93424183842025
48,25.0,26.81889383955586
49,25.0,26.709994386471088
50,24.0,26.65346732775361
