,y_actual,y_predict
0,114.00000000000001,108.06141551410315
1,110.0,110.74274638632929
2,109.0,108.44685554931775
3,105.0,105.79049201124454
4,101.0,103.91104595027619
5,101.0,101.25109812787863
6,101.0,98.63371197827561
7,100.0,96.03243466544592
8,100.0,93.5988555222406
9,93.0,91.39244913722044
10,94.0,89.58558824093467
11,91.0,87.64061655627239
12,85.0,85.69745745645855
13,80.0,84.00814200617117
14,81.0,81.81041694858297
15,81.0,79.65041546137434
16,81.0,77.95609836718185
17,82.0,76.49677676578358
18,83.0,75.11014935672796
19,88.0,73.99767199888433
20,89.0,73.44790002304961
21,89.0,73.07570684853184
22,90.0,72.91855710501795
23,90.0,72.8008208606145
24,90.0,72.70224622746593
25,90.0,72.67625675899998
26,90.0,72.74035139465568
27,89.0,72.83400615464416
28,91.0,72.91486379303353
29,91.0,73.04166296167921
30,101.0,73.32882818981042
31,97.0,76.07069667028293
32,101.0,77.34315849080193
33,100.0,78.3450818013483
34,96.0,80.00288825787936
35,94.0,80.61709558080747
36,94.0,80.7366989238894
37,94.0,80.50966245027934
38,92.0,80.21336615561839
39,90.0,79.82137083234286
40,90.0,79.39210167778555
41,90.0,78.81116141963219
42,90.0,78.24608468601704
43,89.0,78.02083354034039
44,90.0,77.6396864692405
45,88.0,77.1974975369665
46,88.0,76.58256790579051
47,87.0,75.98404693745306
48,85.0,75.37101166187057
49,83.0,74.67482916703753
50,83.0,74.12789191036427
51,80.0,73.53037944788232
52,79.0,72.95926530759155
53,81.0,72.30666661986606
54,80.0,72.19235111829687
55,78.0,71.85601441548019
56,73.0,71.43304160829112
57,68.0,71.00446750506666
58,64.0,70.52760777689471
59,60.0,69.70303158388768
60,56.0,69.42073171508648
61,58.0,68.47835113538841
62,58.0,67.16910610805786
