,y_actual,y_predict
0,228.0,217.83425514371407
1,226.0,216.85900633559464
2,224.0,217.0334529305461
3,218.0,217.911297803945
4,220.0,217.80215605105272
5,220.0,218.12774292914008
6,218.0,218.1458908901568
7,216.0,218.14442139514614
8,208.0,217.82363002958334
9,199.0,216.33504367836952
10,196.0,212.4195711987495
11,194.0,209.66651765101716
12,202.0,208.19130189020922
13,197.0,206.78682749826947
14,202.0,205.44044351403605
15,200.0,204.4916698053272
16,198.0,203.93152007755089
17,197.0,203.20080007705297
18,197.0,202.509242420955
19,206.0,201.9088781177834
20,199.0,201.22982628753766
21,199.0,201.38102099641472
22,198.0,201.51829481016998
23,198.0,201.45357655665418
24,197.0,201.30218833403086
25,197.0,201.00755156073643
26,197.0,200.67956995003902
27,199.0,200.34519029110584
28,197.0,199.97215626135664
29,197.0,199.77821920377377
30,196.0,199.6980682289935
31,196.0,199.3950377969549
32,198.0,199.16652225183668
33,196.0,199.0918622296066
34,196.0,198.96468741448444
35,193.0,198.7132283958249
36,194.0,198.01983235913744
37,194.0,197.50639201186533
38,193.0,195.47674727340495
39,192.0,196.1250908910406
40,192.0,196.2062094345522
41,191.0,195.81100598624673
42,194.0,195.7562657852726
43,190.0,195.25721802287882
44,189.0,195.1188556943008
45,185.0,194.8655341058335
46,179.0,193.95412064476255
47,184.0,192.49231780549243
48,182.0,191.38476606797488
49,182.0,190.23674576827008
50,181.0,189.46127571394885
51,171.0,188.50360037291193
52,160.0,187.1702059988964
53,150.0,184.77150635709432
54,164.0,181.96423872388553
55,166.0,179.75750471837628
56,160.0,177.7142051661952
