,y_actual,y_predict
0,228.0,206.27384674614476
1,226.0,205.85111596743337
2,224.0,205.9358870829057
3,218.0,206.3317557347139
4,220.0,206.28932784584578
5,220.0,206.31830652934866
6,218.0,206.16245539595215
7,216.0,206.00462074665646
8,208.0,205.7284040630844
9,199.0,204.9191900492586
10,196.0,203.10697009933372
11,194.0,201.59401915800447
12,202.0,200.36336848864542
13,197.0,199.0122555122377
14,202.0,197.49040293858036
15,200.0,196.28724331579977
16,198.0,195.3120912645535
17,197.0,194.4418841368274
18,197.0,193.59252811526113
19,206.0,192.7986379712175
20,199.0,191.92736651788698
21,199.0,191.60073950341342
22,198.0,191.43821214577088
23,198.0,191.16331377459525
24,197.0,190.85925530077964
25,197.0,190.49297006293133
26,197.0,190.12891023316507
27,199.0,189.76701533843513
28,197.0,189.44448839646054
29,197.0,189.23300206101345
30,196.0,189.09509932758283
31,196.0,188.87063547652699
32,198.0,188.74944749292985
33,196.0,188.65800015321145
34,196.0,188.4953639440866
35,193.0,188.30857480050634
36,194.0,187.94153969689125
37,194.0,187.68195310088868
38,193.0,186.9892585515314
39,192.0,187.23669006534686
40,192.0,186.98097374426953
41,191.0,186.52396684325134
42,194.0,186.28546115098231
43,190.0,185.9657885367651
44,189.0,185.73882110161696
45,185.0,185.4825605231283
46,179.0,184.93223161797482
47,184.0,184.03577918841182
48,182.0,183.19778000482938
49,182.0,182.38745328696254
50,181.0,181.85278690064723
51,171.0,181.05763891725286
52,160.0,180.08349071856532
53,150.0,178.7125909616022
54,164.0,177.0687884439718
55,166.0,175.5534548646417
56,160.0,173.73719531526362
