,y_actual,y_predict
0,104.0,104.22257137002639
1,106.0,103.37620590506589
2,111.0,103.2586557872587
3,123.0,105.20928984433833
4,117.0,110.62839985033746
5,125.0,113.58620567792629
6,125.0,115.64444900344675
7,123.0,118.28939315727501
8,121.0,118.47590101304868
9,122.0,117.45408260712377
10,130.0,116.47499990547986
11,131.0,118.10946526769882
12,138.0,119.86443436770037
13,135.0,121.51429548778137
14,134.0,122.30396398038963
15,128.0,122.25749310652306
16,125.0,120.47504995454355
17,144.0,117.5294147560457
18,144.0,120.13901000359614
19,142.0,122.08340210644047
20,145.0,122.76058681338392
21,152.0,124.383756530323
22,142.0,126.33294345651406
23,144.0,127.97416026416988
24,158.0,126.54384093640901
25,160.0,131.47395700608106
26,155.0,132.4955753528934
27,150.0,133.83379054305186
28,151.0,133.57943406823807
29,167.0,132.95440543148152
30,170.0,137.375179794315
31,180.0,139.71044123566622
32,174.0,144.2721627394465
33,180.0,147.9238834920753
34,183.0,149.7828063848094
35,195.0,152.0322094900841
36,262.0,156.51017437769596
37,244.0,169.54971515594275
38,228.0,173.39646936037394
39,214.0,177.36449016535767
40,216.0,180.59429724180006
41,202.0,181.82224688414647
42,192.0,181.0534834695776
43,180.0,180.50084545325242
44,190.0,177.9645707712391
45,186.0,176.50323348722014
46,206.0,174.68157874917364
47,210.0,176.4699841023986
48,236.0,178.35886749608142
49,224.0,182.1040971970043
50,266.0,183.34038336852572
51,260.0,189.37161600006777
52,294.0,190.13124264901123
53,284.0,195.54325055651353
54,282.0,194.77215678305083
55,276.0,196.83075186085716
56,274.0,197.93733817077236
57,302.0,198.90609914127788
58,294.0,201.03354093523546
59,318.0,199.9697189094745
60,312.0,202.11141546481684
61,298.0,200.8977557590838
62,302.0,201.2679574523442
63,288.0,202.04197956358672
64,302.0,201.76385782495908
65,298.0,202.92305748303284
66,292.0,202.09497104545255
67,296.0,202.4292764179403
68,284.0,202.5237570819241
69,272.0,202.1760235659234
70,278.0,202.29051893497302
71,296.0,202.49229283995328
72,286.0,202.82470754390448
73,278.0,202.0766095761303
74,290.0,202.29628767246123
75,306.0,202.86249453321372
76,308.0,203.0307640329652
77,312.0,202.52806604742594
78,310.0,202.65746691958915
79,300.0,202.26919395264235
80,302.0,202.32515774132372
81,326.0,202.65896186680408
82,366.0,203.20970921459275
83,388.0,203.07606972738483
