,y_actual,y_predict
0,50.0,50.85270269133608
1,50.0,50.85288106699581
2,50.0,50.85285655090988
3,50.0,50.85283626173531
4,50.0,50.848887058444106
5,50.0,50.848880718077055
6,50.0,50.84979499900597
7,50.0,50.84984825808921
8,50.0,50.849931105552024
9,50.0,50.85020078249731
10,50.0,50.85036647742294
11,50.0,50.84946191839017
12,50.0,50.84940696854238
13,50.0,50.84939428780828
14,50.0,50.84911404358458
15,50.0,50.84899569006627
16,50.0,50.84916265306531
17,50.0,50.849353709459145
18,50.0,50.849164343829855
19,50.0,50.84916645728554
20,50.0,50.849488547931784
21,50.0,50.84968594469268
22,50.0,50.849518981693635
23,50.0,50.84955448774913
24,50.0,50.84970496579383
25,50.0,50.84963522175626
26,50.0,50.84961281912601
27,50.0,50.84963395368285
28,50.0,50.849666078209246
29,50.0,50.84965424285742
30,50.0,50.84932581184412
31,50.0,50.84900033966878
32,50.0,50.84957181808574
33,50.0,50.84959168456917
34,50.0,50.84943655692196
35,50.0,50.84938498860327
36,50.0,50.84938202976531
37,50.0,50.84878983948264
38,50.0,50.84915715808053
39,50.0,50.849172374961455
40,50.0,50.84919435490057
41,50.0,50.84932665722639
42,50.0,50.849326234535255
43,50.0,50.848885367679564
44,50.0,50.848907770309815
45,50.0,50.84910474437957
46,50.0,50.84913179661232
47,50.0,50.84913644621483
48,51.0,50.84913264199459
49,50.0,51.22372998125685
50,50.0,51.27120411359634
51,50.0,51.31322679834441
52,50.0,51.33564844969641
53,50.0,51.33292251455513
54,50.0,50.98758766000297
