,y_actual,y_predict
0,193.0,176.7728797945449
1,194.0,176.34971404607847
2,194.0,176.2156208403585
3,189.0,176.31828930983045
4,188.0,176.3745240684155
5,188.0,176.46859565909403
6,186.0,176.27019187141005
7,181.0,176.01793282433295
8,185.0,175.72574217426947
9,181.0,175.48725291027458
10,179.0,175.2605613286922
11,177.0,175.0121587747553
12,168.0,174.7286223371629
13,169.0,174.36723965883013
14,166.0,173.92734722925127
15,174.0,173.62086745847841
16,171.0,173.34970280802702
17,166.0,173.2542976283268
18,165.0,173.12524483497077
19,176.0,173.06782724846212
20,179.0,172.90993987940212
21,179.0,173.22643891748936
22,181.0,173.61209857865205
23,181.0,174.09490723635568
24,177.0,174.59823379239413
25,178.0,174.47964066660046
26,178.0,174.51154155328175
27,175.0,174.5019922725755
28,173.0,174.39976185907705
29,175.0,174.23635930144965
30,175.0,174.13752533744034
31,170.0,174.0165871288287
32,170.0,173.91888326677716
33,171.0,173.7245820402133
34,172.0,173.6353004287181
35,171.0,173.54772350893148
36,170.0,173.50657648048113
37,170.0,173.5179521934931
38,169.0,173.6511231495199
39,169.0,173.6053341343153
40,168.0,173.53881235589725
41,172.0,173.45132920708852
42,176.0,173.24717976440786
43,190.0,173.4181604721164
44,185.0,174.14191317250962
45,192.0,174.91561088251754
46,216.0,175.76033598559454
47,212.0,176.669957188545
48,208.0,177.89392491072226
49,194.0,178.25180863818662
50,187.0,178.64261729608057
51,181.0,178.94050635188503
52,181.0,177.78536503705266
53,183.0,176.7744282888638
54,187.0,175.88740964545752
55,189.0,175.12901616741325
56,183.0,174.99453791461528
57,183.0,174.96217722679407
58,179.0,175.10287120203398
59,176.0,175.19366414301433
60,178.0,175.0146044188634
61,178.0,174.70852834831783
62,179.0,174.6295209641925
63,179.0,174.55857626742548
