,y_actual,y_predict
0,193.0,193.2929069506128
1,194.0,192.5815758329833
2,194.0,191.76545273741772
3,189.0,190.97765753092727
4,188.0,190.01351468331043
5,188.0,188.8977098895215
6,186.0,187.85475156493584
7,181.0,186.81821687568447
8,185.0,185.36732375581025
9,181.0,184.20852399860996
10,179.0,183.0413941450902
11,177.0,181.71006096212665
12,168.0,180.12543038017984
13,169.0,178.42552616505702
14,166.0,176.7021686966429
15,174.0,174.660110350576
16,171.0,173.2349681962998
17,166.0,171.89294382846293
18,165.0,170.6786562268095
19,176.0,169.4280378681395
20,179.0,170.10605506745523
21,179.0,170.1433597492491
22,181.0,170.30039768258865
23,181.0,170.60106688621372
24,177.0,171.09997828426003
25,178.0,171.2953944154163
26,178.0,171.412632065557
27,175.0,171.47785657099809
28,173.0,171.4470712356056
29,175.0,171.12294182670294
30,175.0,171.0098921824441
31,170.0,170.9153096005638
32,170.0,170.5477060262179
33,171.0,169.90272854594267
34,172.0,169.5229108167031
35,171.0,169.3053763752978
36,170.0,169.0357233776798
37,170.0,168.66898443641975
38,169.0,168.3861304252027
39,169.0,168.01279647406258
40,168.0,167.61907800571996
41,172.0,167.16418723157432
42,176.0,167.86239429247632
43,190.0,168.35998319638603
44,185.0,170.75895716540754
45,192.0,172.4552967899774
46,216.0,174.19347540814488
47,212.0,178.42696603459007
48,208.0,182.40453270462623
49,194.0,185.6515707510714
50,187.0,187.79502656567445
51,181.0,188.01868910215956
52,181.0,187.81031188176843
53,183.0,186.64897513459366
54,187.0,185.3359505733908
55,189.0,184.5669697052453
56,183.0,184.36939360811536
57,183.0,183.62014991407665
58,179.0,182.92723347641737
59,176.0,182.00803538185582
60,178.0,181.07403893358898
61,178.0,180.18922568657845
62,179.0,179.35363783776427
63,179.0,178.56617826670507
