,y_actual,y_predict
0,222.0,208.77513146661167
1,220.0,209.77015267069964
2,210.0,210.69149117077922
3,218.0,210.8890617591543
4,208.0,211.20552002719177
5,210.0,210.47442369046766
6,208.0,209.71114634878006
7,208.0,208.732989116339
8,206.0,207.80580272060146
9,206.0,206.85094331695407
10,204.0,205.6728443053134
11,206.0,204.67116267230298
12,208.0,203.66925837392682
13,214.0,202.8709835057197
14,216.0,202.58415145055466
15,214.0,202.76457680576817
16,214.0,202.99103920194975
17,214.0,203.4827585512797
18,218.0,204.01808515460422
19,212.0,204.76336175935668
20,208.0,205.1479907869982
21,218.0,205.4878445440775
22,214.0,205.92016693049533
23,216.0,206.02053432070255
24,218.0,206.20123703102075
25,210.0,206.44222345930407
26,212.0,206.5685450370541
27,210.0,206.61235151795486
28,210.0,206.34123104350883
29,208.0,206.06121958007313
30,212.0,205.549569727305
31,208.0,205.05753786518102
32,212.0,204.57318991137987
33,210.0,204.3161442318942
34,210.0,203.93124175555792
35,212.0,203.64640978227456
36,210.0,203.6030564449251
37,212.0,203.46272648118344
38,212.0,203.41384557378987
39,210.0,203.48132880524707
40,210.0,203.55342941323582
41,208.0,203.5672581043709
42,206.0,203.504091455881
43,204.0,203.35564006590494
44,204.0,202.9050434938572
45,195.0,202.51423061930416
46,200.0,201.50940823271392
47,195.0,200.4865812027786
48,200.0,199.38157502724764
49,200.0,198.37682295603605
50,202.0,197.53628073243866
51,204.0,196.91305990579792
52,206.0,196.59939862726685
53,202.0,196.51198098596154
54,199.0,196.54430652809228
55,197.0,196.56946380801034
56,199.0,196.5660535121457
57,192.0,196.33784495072754
58,194.0,196.10360098597505
59,194.0,195.49306427236132
60,194.0,194.79073083191622
61,198.0,194.1016713723968
62,199.0,193.47184480657262
63,200.0,193.18028990180804
64,200.0,193.17415683822554
65,202.0,193.3699695421343
66,202.0,193.72652710805357
67,199.0,194.26210762802324
68,198.0,194.57065541596228
69,198.0,194.7195833879492
70,194.0,194.767722077457
71,200.0,194.73000568962954
72,196.0,194.52121198553948
73,183.0,194.18251843220798
74,184.0,194.13896977436224
75,183.0,193.49202141383608
76,195.0,192.23816930092661
