,y_actual,y_predict
0,222.0,215.85584712645368
1,220.0,216.3361558523922
2,210.0,216.89204189115287
3,218.0,216.90825544554727
4,208.0,216.86534353251935
5,210.0,216.31402604016614
6,208.0,215.71682581003694
7,208.0,215.09015952984225
8,206.0,214.54984834745318
9,206.0,213.73962377128498
10,204.0,212.97396742595294
11,206.0,212.24897680794186
12,208.0,211.4825196485752
13,214.0,210.86066606540828
14,216.0,210.88036609066086
15,214.0,210.89557374449953
16,214.0,211.0161138355603
17,214.0,211.22529427423297
18,218.0,211.50679407985015
19,212.0,211.83861235171338
20,208.0,212.26756741277572
21,218.0,212.3598875985371
22,214.0,212.72057033333738
23,216.0,212.9811630330351
24,218.0,213.1894840615242
25,210.0,213.47684738843907
26,212.0,213.71059523913107
27,210.0,213.6685896132058
28,210.0,213.54393607249384
29,208.0,213.1768429190064
30,212.0,212.78745588407602
31,208.0,212.45166869972883
32,212.0,212.1358432700992
33,210.0,211.90276732191433
34,210.0,211.63879557763136
35,212.0,211.4636751270962
36,210.0,211.3791169778561
37,212.0,211.2932853389804
38,212.0,211.24097069726264
39,210.0,211.20421137986685
40,210.0,211.2002463737928
41,208.0,211.1482715897385
42,206.0,211.03068083817124
43,204.0,210.8516813225804
44,204.0,210.6335552051791
45,195.0,210.1105103546593
46,200.0,209.57467201163456
47,195.0,208.68316285774353
48,200.0,207.94297239871366
49,200.0,207.10854370664913
50,202.0,206.5974993474194
51,204.0,206.1075105376863
52,206.0,205.8691648425124
53,202.0,205.82794440498208
54,199.0,205.73044041325
55,197.0,205.62784246297548
56,199.0,205.4511008523214
57,192.0,205.09269555450751
58,194.0,204.9038557923152
59,194.0,204.33851624153561
60,194.0,203.9316597414199
61,198.0,203.50807208759474
62,199.0,203.18262126390954
63,200.0,203.1862034418109
64,200.0,203.3105171248594
65,202.0,203.53843270553313
66,202.0,203.69711107669326
67,199.0,203.82822972583136
68,198.0,203.95448880102256
69,198.0,203.9305386017714
70,194.0,203.8855523850732
71,200.0,203.8742823924391
72,196.0,203.68805601848672
73,183.0,203.79304859804535
74,184.0,203.95210589096823
75,183.0,202.97330019447958
76,195.0,202.0355508663044
