,y_actual,y_predict
0,26.0,23.4295685392339
1,26.0,23.42185511331982
2,26.0,23.453307727996123
3,26.0,23.49486354098973
4,26.0,23.530369569791397
5,26.0,23.56970393177955
6,26.0,23.607791541088876
7,26.0,23.631517029272207
8,25.0,23.67541368403015
9,26.0,23.62589000580025
10,25.0,23.615786807482944
11,26.0,23.577286223581417
12,26.0,23.570643400046173
13,26.0,23.58228693487563
14,25.0,23.61409380737747
15,25.0,23.591785350496295
16,25.0,23.585291276103266
17,25.0,23.471813295623033
18,25.0,23.34985661403653
19,25.0,23.265161592574945
20,26.0,23.17102687225936
21,26.0,23.157118827462234
22,25.0,23.17310740302482
23,25.0,23.097836422612794
24,24.0,23.040822442182133
25,25.0,22.954592955885065
26,25.0,22.920547017347776
27,25.0,22.898796369749906
28,25.0,22.884502751518355
29,24.0,22.89039008598919
30,24.0,22.812899611797267
31,24.0,22.696106091226078
32,24.0,22.570767323879735
33,24.0,22.45953036666051
34,24.0,22.36545436311159
35,24.0,22.25847632870105
36,23.0,22.195426264657335
37,24.0,22.1088131621514
38,23.0,22.04483928764551
39,23.0,21.917018758294837
40,23.0,21.80103944355472
41,23.0,21.677890811604946
42,23.0,21.562563252974797
