,y_actual,y_predict
0,26.0,26.293240051748487
1,26.0,26.36502521344623
2,26.0,26.352514627695708
3,26.0,26.387257338530745
4,26.0,26.45444106294759
5,26.0,26.504686957407458
6,26.0,26.554527706177343
7,26.0,26.62352773590966
8,25.0,26.623617768285214
9,26.0,26.61637994818111
10,25.0,26.556731542152797
11,26.0,26.53263222388837
12,26.0,26.50724896565956
13,26.0,26.497629202054455
14,25.0,26.474888198325523
15,25.0,26.487762828029364
16,25.0,26.424832154744536
17,25.0,26.42689702770555
18,25.0,26.39852900050466
19,25.0,26.31680113298516
20,26.0,26.255444069046927
21,26.0,26.226661110028274
22,25.0,26.144829509554334
23,25.0,26.130682683239442
24,24.0,26.10155133807192
25,25.0,26.087294907125923
26,25.0,26.091704536302384
27,25.0,26.08630846544597
28,25.0,26.083198434038337
29,24.0,26.057639025509538
30,24.0,26.092800582613442
31,24.0,26.052062889902018
32,24.0,25.925058523607976
33,24.0,25.840794091768593
34,24.0,25.77879897229928
35,24.0,25.698989185824136
36,23.0,25.583808419110646
37,24.0,25.546051580920196
38,23.0,25.42596404973916
39,23.0,25.42925218867234
40,23.0,25.330316394069204
41,23.0,25.287044094263454
42,23.0,25.226246796834083
