,y_actual,y_predict
0,940.0,909.7088629713646
1,935.0,906.9505318702214
2,935.0,905.0280898610622
3,945.0,904.8474318277174
4,940.0,906.9783476763523
5,940.0,907.7711142295832
6,940.0,905.963906834609
7,935.0,904.5480983810477
8,945.0,903.3726474337583
9,950.0,903.7625349961097
10,930.0,905.7667040240915
11,930.0,904.2690238452016
12,935.0,902.6521376624651
13,915.0,901.5879017041973
14,910.0,900.3973369662936
15,850.0,898.4025577826935
16,830.0,896.1544939782957
17,845.0,889.9044592041932
18,850.0,882.9000533364208
19,820.0,876.4502271131955
20,835.0,869.3707185688697
21,815.0,863.2153861636175
22,780.0,856.9815263611725
23,825.0,850.3648696151646
24,885.0,844.1111689429131
25,875.0,842.1694970469721
26,855.0,841.4023113882812
27,860.0,841.2582480224241
28,865.0,839.6302355172354
29,855.0,839.1394714417828
30,830.0,839.4813646796829
31,825.0,839.1411436058507
32,835.0,837.2168847261178
33,820.0,835.2101431380313
34,815.0,833.0872504612227
35,800.0,830.3572335997305
36,830.0,827.2978647308483
37,820.0,825.7538463130744
38,795.0,823.3194326861005
39,795.0,820.343318293603
40,770.0,816.6351980018451
41,725.0,812.011101606347
42,745.0,806.2131942706262
43,750.0,799.012019711854
44,780.0,791.9469657396158
45,745.0,787.0542940691985
46,750.0,781.6907072323855
47,745.0,774.6859154805975
48,745.0,770.0199185123959
49,730.0,764.1762999993167
50,745.0,758.7834422520637
51,730.0,754.167939815165
52,725.0,750.1798687092753
53,715.0,745.1579419721029
54,725.0,740.4358953506226
55,730.0,736.1268812931845
56,735.0,732.5204092825591
57,725.0,730.513748086976
58,710.0,727.9938531112766
59,715.0,725.870470040198
60,720.0,722.6154258183603
61,715.0,720.2996554477099
62,720.0,718.6430232113577
63,730.0,716.8660433976124
