,y_actual,y_predict
0,940.0,914.9901680810823
1,935.0,911.2598916154235
2,935.0,908.4211519325112
3,945.0,909.2498378562025
4,940.0,914.2590143423564
5,940.0,916.0210893859957
6,940.0,912.5736980608378
7,935.0,910.389948259055
8,945.0,908.3259511301408
9,950.0,908.6903381904553
10,930.0,913.1540193849315
11,930.0,909.9226587945568
12,935.0,907.1329746171389
13,915.0,906.0241208195571
14,910.0,904.5783581192779
15,850.0,902.2888600186957
16,830.0,899.3103338511002
17,845.0,891.0867917497624
18,850.0,882.3068531333035
19,820.0,874.5646370275347
20,835.0,865.9525097223984
21,815.0,859.159680844728
22,780.0,852.6444633593442
23,825.0,845.1360447315806
24,885.0,838.8733400989629
25,875.0,838.7243084764038
26,855.0,840.4426339197644
27,860.0,842.5472131843286
28,865.0,841.5822458890966
29,855.0,842.0801970543414
30,830.0,844.2408259721844
31,825.0,844.949148239982
32,835.0,844.2470161949361
33,820.0,842.8797165778469
34,815.0,840.6337590570348
35,800.0,837.9392756819874
36,830.0,834.0545491390493
37,820.0,831.7843613177521
38,795.0,828.9328713838214
39,795.0,825.5820636120905
40,770.0,820.9651543063845
41,725.0,815.000464683383
42,745.0,808.2936075487078
43,750.0,799.7504248543746
44,780.0,791.4082234182126
45,745.0,785.9379637688128
46,750.0,780.7378068518942
47,745.0,773.8521005151978
48,745.0,770.1930920036865
49,730.0,764.6988030350597
50,745.0,759.9350166258823
51,730.0,755.8577098413646
52,725.0,752.0994889415697
53,715.0,748.0066664039211
54,725.0,744.1740261638506
55,730.0,740.8407037615805
56,735.0,738.0128009881088
57,725.0,737.3650464322735
58,710.0,736.0098941224282
59,715.0,735.2424110114753
60,720.0,732.6400896021748
61,715.0,730.6539686911767
62,720.0,728.9030923232428
63,730.0,727.2610915224853
