,y_actual,y_predict
0,1165.0,1160.4379615791822
1,1115.0,1162.424653892584
2,1125.0,1155.0423747526904
3,1100.0,1148.7932357229433
4,1095.0,1139.46653982416
5,1115.0,1125.4492079415045
6,1065.0,1118.7834238163664
7,1115.0,1108.3482286438236
8,1115.0,1103.9256562984517
9,1070.0,1107.0361339618212
10,1065.0,1100.1992572441268
11,1100.0,1092.5622300711796
12,1100.0,1094.625611514307
13,1100.0,1101.638516953333
14,1100.0,1101.286678451865
15,1090.0,1105.8832692403175
16,1190.0,1103.7343215971669
17,1220.0,1125.3112948919672
18,1205.0,1164.850960223179
19,1215.0,1188.561933448588
20,1205.0,1206.3506667531544
21,1125.0,1213.0147590599622
22,1050.0,1183.9362632885995
23,1090.0,1138.3563089245802
24,1015.0,1105.3025376706323
25,1025.0,1070.8843845964032
26,1010.0,1049.4602720636822
27,940.0,1034.358345305087
28,975.0,1010.6468147748163
29,940.0,998.776061989649
30,955.0,987.0398983285936
31,995.0,981.7297383759096
32,1020.0,990.7215338602732
33,1005.0,1010.0518122199214
34,1020.0,1025.4574701281686
35,1020.0,1042.5680430309692
36,1005.0,1051.6829630822888
37,995.0,1053.428203064339
38,1010.0,1039.830561550069
39,1060.0,1032.3055128468427
40,1080.0,1037.5693368810216
41,1035.0,1056.6100555575022
42,1065.0,1063.6615941656942
43,1010.0,1065.8714273649907
44,1040.0,1057.8912198196776
45,1040.0,1052.5387445049912
46,1035.0,1046.7019712654464
47,1025.0,1039.996160708988
48,1040.0,1036.1017939500816
49,1065.0,1037.1841994140643
50,1065.0,1050.1217133195953
51,1065.0,1064.767963738732
52,1075.0,1074.256616411088
53,1080.0,1080.2555056541657
54,1055.0,1085.5744630621673
55,1070.0,1080.3358769767276
56,1090.0,1080.671314792264
57,1075.0,1082.329674927117
58,1080.0,1082.1265174012651
59,1090.0,1080.8757660615447
60,1145.0,1086.6037653343235
61,1105.0,1105.6614619053423
62,1105.0,1118.4552508677777
63,1105.0,1118.4670338848548
64,1105.0,1116.1840146149639
65,1105.0,1112.4752701825093
66,1125.0,1111.082187161848
67,1130.0,1109.797101861895
68,1130.0,1118.8632378340667
69,1130.0,1126.0239285801808
70,1130.0,1131.599564684507
71,1130.0,1133.585918634243
72,1130.0,1128.2143755317866
73,1130.0,1130.076191748667
74,1125.0,1130.31961455078
75,1110.0,1129.9339595864512
