,y_actual,y_predict
0,1165.0,1155.1675494053877
1,1115.0,1155.3589239141625
2,1125.0,1146.4211670976433
3,1100.0,1140.0185502897202
4,1095.0,1131.0537840911513
5,1115.0,1116.0242671570932
6,1065.0,1110.7311448101827
7,1115.0,1099.4424969531099
8,1115.0,1094.363001501954
9,1070.0,1095.566819810817
10,1065.0,1086.4946331001465
11,1100.0,1078.624612687499
12,1100.0,1080.2568392050848
13,1100.0,1087.3544947905866
14,1100.0,1085.6472311541154
15,1090.0,1090.732379268869
16,1190.0,1089.082557840648
17,1220.0,1116.3318994407773
18,1205.0,1162.3270857342884
19,1215.0,1187.2441462954976
20,1205.0,1208.2132393123475
21,1125.0,1217.909468141959
22,1050.0,1186.7504139954801
23,1090.0,1143.2503412792448
24,1015.0,1110.8453923068407
25,1025.0,1074.0130343790145
26,1010.0,1049.6550501128627
27,940.0,1027.8130385488116
28,975.0,998.1572545556594
29,940.0,980.9499096443653
30,955.0,963.6482607889656
31,995.0,952.412318048818
32,1020.0,956.2349915180096
33,1005.0,970.8689414226978
34,1020.0,984.6701584414659
35,1020.0,1006.6413851184618
36,1005.0,1019.7156775600615
37,995.0,1027.873784778742
38,1010.0,1018.3368257171196
39,1060.0,1015.5298801659517
40,1080.0,1023.850322329361
41,1035.0,1042.7825655952518
42,1065.0,1048.564086038503
43,1010.0,1051.059617594425
44,1040.0,1044.9268756658028
45,1040.0,1040.1853657095512
46,1035.0,1035.2258301298862
47,1025.0,1028.7111751410066
48,1040.0,1022.3391901967345
49,1065.0,1021.5046659737588
50,1065.0,1032.8237665607771
51,1065.0,1046.5922220151724
52,1075.0,1055.9894169789668
53,1080.0,1063.1863723485847
54,1055.0,1071.0351952727408
55,1070.0,1067.7425784383056
56,1090.0,1069.9440719684208
57,1075.0,1072.455267771707
58,1080.0,1072.9154622612944
59,1090.0,1071.5576884843736
60,1145.0,1077.8591942673797
61,1105.0,1098.9870992660824
62,1105.0,1111.4282734809926
63,1105.0,1110.5913409048644
64,1105.0,1109.822936922986
65,1105.0,1107.6902705432963
66,1125.0,1107.2207411972747
67,1130.0,1105.2629093142132
68,1130.0,1114.7130880473635
69,1130.0,1120.6377363213585
70,1130.0,1126.019470141287
71,1130.0,1128.3900658894522
72,1130.0,1122.6339426249003
73,1130.0,1125.769698044499
74,1125.0,1125.9891368338117
75,1110.0,1125.0337968783074
