,y_actual,y_predict
0,204.0,207.54888296956472
1,202.0,206.89395131629013
2,204.0,206.16316340766326
3,206.0,205.79050733738873
4,208.0,205.64308132854143
5,204.0,205.50309603989928
6,206.0,205.42942347417238
7,204.0,205.3051014407447
8,202.0,205.18467500177223
9,204.0,204.8295019280667
10,204.0,204.3874260950086
11,204.0,204.14060176950775
12,206.0,203.95938922951152
13,202.0,203.90795120722376
14,204.0,203.94190623294253
15,204.0,203.7730140158947
16,202.0,203.61351031627962
17,204.0,203.4856296775364
18,200.0,203.40968580500777
19,204.0,203.10440060354728
20,202.0,202.97803641593282
21,202.0,202.92927408741448
22,202.0,202.7559875319846
23,202.0,202.50129787996252
24,197.0,202.31288051215898
25,192.0,201.3569434194984
26,179.0,200.15310363608984
27,167.0,198.10015231731387
28,163.0,194.36830088507486
29,162.0,189.57847878844905
30,160.0,185.3412177842319
31,174.0,181.4710188305698
32,173.0,178.94170640366002
33,176.0,177.70531346935394
34,178.0,177.148695027703
35,179.0,177.13731827434586
36,179.0,177.23082602083701
37,178.0,177.7816954277642
38,178.0,178.06446975469103
39,179.0,178.51903440526735
40,180.0,178.8121273396526
41,179.0,179.13496967529284
42,179.0,179.8063935770656
43,175.0,180.05417495172327
44,177.0,180.21863239169232
45,177.0,180.17605044399653
46,175.0,180.18775070692783
47,167.0,179.86713923939257
48,170.0,179.0373708806454
49,171.0,178.03829243831711
50,171.0,177.3329067710428
51,167.0,176.71849469192887
52,166.0,175.87534112455177
53,165.0,175.04663765148615
54,166.0,174.05683315028313
55,164.0,173.19458577824915
56,163.0,172.2671647065922
57,168.0,171.4770330104596
58,166.0,170.9711516536858
59,167.0,170.95738227743658
60,161.0,170.8142495102294
61,162.0,170.3621314008075
62,161.0,169.79042258547963
63,162.0,169.2091163194524
64,159.0,168.67102554070362
65,158.0,168.0371894075759
66,158.0,167.2910617533087
67,159.0,166.49557866963724
68,158.0,165.9679749929167
69,157.0,165.65429876187704
70,149.0,165.3273586382977
71,144.0,164.28533430000277
72,150.0,162.6411979861939
73,149.0,161.26159140728709
74,147.0,160.04500669461407
75,146.0,159.44203876668524
