,y_actual,y_predict
0,204.0,202.49327753843707
1,202.0,201.12795929905462
2,204.0,199.8289335632391
3,206.0,198.96031035668153
4,208.0,198.75292724009415
5,204.0,198.80260617907257
6,206.0,199.1126901058828
7,204.0,199.45984957784566
8,202.0,199.37710526447734
9,204.0,199.14113198927566
10,204.0,198.5804966370792
11,204.0,198.23686881130067
12,206.0,197.84774071187633
13,202.0,197.56200762030272
14,204.0,197.66397379420098
15,204.0,197.85338191007534
16,202.0,197.76999731734156
17,204.0,197.63648222018213
18,200.0,197.48348915074655
19,204.0,197.05334273323479
20,202.0,196.8986310191866
21,202.0,196.88249597917655
22,202.0,196.7965570087636
23,202.0,196.6024377847159
24,197.0,196.5680109742015
25,192.0,195.85019714745408
26,179.0,194.21682426676804
27,167.0,191.7453728751492
28,163.0,187.32032804271114
29,162.0,181.2431804732011
30,160.0,175.23181318376555
31,174.0,169.6565974583117
32,173.0,167.1791678793541
33,176.0,166.6557563475318
34,178.0,168.1849524055629
35,179.0,170.44544185593054
36,179.0,172.91200016524056
37,178.0,174.48088680414864
38,178.0,175.26663764146483
39,179.0,175.9389916332632
40,180.0,176.15255513067314
41,179.0,176.36858538858584
42,179.0,176.5087054728839
43,175.0,176.67564315292134
44,177.0,176.39930531856325
45,177.0,176.09378422470493
46,175.0,175.7978471019804
47,167.0,174.93113125395368
48,170.0,174.020593338197
49,171.0,172.82733501377584
50,171.0,171.850053029005
51,167.0,170.83505521971608
52,166.0,169.86420298773123
53,165.0,169.43328149519812
54,166.0,168.98734376659877
55,164.0,168.1620978021067
56,163.0,167.04824759857058
57,168.0,166.30376445130526
58,166.0,165.8449402580028
59,167.0,166.1219520706403
60,161.0,166.2928662225265
61,162.0,166.4047668362639
62,161.0,166.1672231916711
63,162.0,165.57119050023783
64,159.0,164.47313160778924
65,158.0,163.47759829121088
66,158.0,162.8612721137833
67,159.0,162.28283699522655
68,158.0,161.74403179950153
69,157.0,161.48258214533655
70,149.0,161.25440679882811
71,144.0,160.5062302505914
72,150.0,158.99253569298764
73,149.0,157.12790064527326
74,147.0,155.15748470659895
75,146.0,153.6504086156994
