,y_actual,y_predict
0,138.0,138.02216873631158
1,140.0,136.5176236850133
2,143.0,137.22511268115312
3,142.0,139.56820419337043
4,141.0,140.80577289655386
5,142.0,141.1430025513096
6,140.0,141.8943092908907
7,140.0,142.04163646062432
8,139.0,141.8029799922576
9,140.0,141.34366946535093
10,141.0,140.682957593815
11,143.0,141.6049239494216
12,143.0,142.62083835079784
13,143.0,143.33908783799126
14,142.0,143.51565637142784
15,142.0,143.47578250055386
16,141.0,143.75234779495074
17,137.0,143.6332282729452
18,140.0,141.59004828429624
19,139.0,140.17186281902002
20,140.0,140.26273728262413
21,139.0,139.88509425570464
22,137.0,139.54179422694742
23,137.0,138.86871320540257
24,137.0,137.96449526084027
25,137.0,136.87549221757757
26,132.0,137.1986456142286
27,130.0,136.22018717283635
28,129.0,133.51173514846482
29,129.0,131.89475920976463
30,128.0,131.0400434620145
31,125.0,129.81940407302665
32,123.0,127.48520251819394
33,122.0,125.2146857433498
34,120.0,123.25156262674994
35,117.0,121.71933958409932
36,116.0,119.28330617632797
37,115.0,116.84689078589159
38,113.0,114.71561653736548
39,110.0,112.75595883051022
40,103.0,110.97030013452525
41,96.0,108.59734899800276
42,90.0,105.03234416491988
43,90.0,100.71965748960805
44,89.00000000000001,97.05019811848435
45,89.00000000000001,94.99300487918063
46,89.00000000000001,93.06648909097387
