,y_actual,y_predict
0,640.0,710.3775904791112
1,635.0,713.4597907617093
2,635.0,715.5905732729154
3,645.0,715.5963151046851
4,650.0,718.3125768148296
5,655.0,720.8179669386121
6,645.0,722.9812489682005
7,610.0,725.3411793538196
8,620.0,725.0707503359649
9,620.0,723.8966395598617
10,620.0,723.4076081233277
11,620.0,722.2473828227455
12,620.0,720.9931115717411
13,600.0,716.9439192681798
14,630.0,716.7336106065009
15,590.0,713.1107024014423
16,645.0,709.5299009626941
17,645.0,705.4418668559854
18,610.0,708.2710137292866
19,610.0,707.1330051895386
20,600.0,707.7807813867616
21,600.0,706.6631131922366
22,600.0,705.1110923120816
23,600.0,704.4286774826799
24,595.0,703.2574939149297
25,625.0,701.7894238692099
26,655.0,692.0838892912815
27,650.0,686.350764090113
28,715.0,676.9975453073025
29,785.0,667.5968532095341
30,755.0,663.5110332732463
31,735.0,678.0795240769066
32,725.0,682.123424888445
33,790.0,686.3593580736114
34,860.0,667.4359693350485
35,835.0,663.622567417163
36,835.0,652.1117709082216
37,850.0,656.1575106070587
38,830.0,661.3499278857666
39,825.0,644.8254426850632
40,825.0,640.8614396502403
41,840.0,658.6873316620962
42,850.0,638.6194419857713
43,855.0,619.0409027366343
44,865.0,602.7502752135274
45,870.0,585.7218973646509
46,900.0,586.10618728178
47,890.0,558.6550337518335
48,880.0,560.5860530570945
49,870.0,561.8537969721858
50,860.0,554.0797320392651
