,y_actual,y_predict
0,640.0,631.6738520734111
1,635.0,633.3723084278472
2,635.0,633.7590376852704
3,645.0,628.6756213894043
4,650.0,627.7885271451568
5,655.0,632.2847942321906
6,645.0,637.755802936661
7,610.0,643.9629482494756
8,620.0,643.0482331674343
9,620.0,634.2023408733648
10,620.0,626.1993532359043
11,620.0,619.2847054169692
12,620.0,614.2473363601966
13,600.0,604.3678580551302
14,630.0,603.8257991134299
15,590.0,600.5936732235142
16,645.0,599.5625640811238
17,645.0,592.353412832045
18,610.0,603.9486480434807
19,610.0,612.3110630912248
20,600.0,618.3566302557776
21,600.0,617.9536700033195
22,600.0,611.8989459305849
23,600.0,605.6545350037363
24,595.0,599.8070985635468
25,625.0,594.7974441653485
26,655.0,574.3262752459115
27,650.0,564.6634103589768
28,715.0,561.3559651464363
29,785.0,562.5359678675582
30,755.0,579.9390659139476
31,735.0,637.3869371558542
32,725.0,666.661835310582
33,790.0,678.8600003861383
34,860.0,638.7971385441313
35,835.0,630.3289499483963
36,835.0,620.078372927946
37,850.0,639.6497630336052
38,830.0,658.3099469544156
39,825.0,636.8892554433537
40,825.0,635.7980634730995
41,840.0,674.2285187901771
42,850.0,642.037652011828
43,855.0,612.4627150009044
44,865.0,595.0990404465015
45,870.0,582.2008785272686
46,900.0,595.7816616816206
47,890.0,569.0176890767276
48,880.0,585.9960792137276
49,870.0,599.9854143390585
50,860.0,596.4826154972587
