,y_actual,y_predict
0,1000.0,1036.212629745191
1,995.0,1034.3329182841874
2,995.0,1031.3327473660618
3,1000.0,1027.2317084081565
4,1000.0,1022.4119716351573
5,1015.0,1018.0151397169614
6,985.0,1015.2610637059701
7,1005.0,1013.8941935693874
8,1005.0,1012.3616422041281
9,995.0,1010.4182529979709
10,1010.0,1008.8153565804358
11,1005.0,1007.6327982397928
12,1005.0,1006.9597340369102
13,1000.0,1006.5369329358714
14,1005.0,1006.261137385914
15,1005.0,1005.8134895138137
16,1010.0,1005.1166882540454
17,1010.0,1004.8257266103499
18,1010.0,1004.9348214381193
19,1020.0,1005.0452695758595
20,1025.0,1005.1074406359123
21,1025.0,1005.532154415043
22,1005.0,1007.0833273254988
23,1010.0,1008.8856294561798
24,1015.0,1010.1115749144826
25,1010.0,1010.6053706565831
26,1015.0,1011.0626450736081
27,1015.0,1011.250349166541
28,1020.0,1011.4514510281836
29,1015.0,1011.6007662282815
30,1010.0,1012.0185420382958
31,1000.0,1012.563402676623
32,1000.0,1012.9366816548015
33,1005.0,1012.453071825747
34,1005.0,1011.7760469356834
35,1005.0,1011.111851424142
36,1010.0,1010.6481532957894
37,1010.0,1010.0064317518276
38,1000.0,1009.3783425503036
39,1000.0,1009.452106965772
40,1000.0,1008.7595550993116
41,1000.0,1007.7461875712025
42,1000.0,1006.6380342127475
43,995.0,1005.5315589586559
44,985.0,1004.8204126131984
45,990.0,1003.646731985963
46,985.0,1002.3984027807452
47,990.0,1000.9119361310206
48,990.0,998.9442053895242
49,995.0,997.1847851407806
50,990.0,995.6632316745497
