,y_actual,y_predict
0,605.0,587.8709346605993
1,565.0,589.3883143941173
2,610.0,586.5839560470326
3,570.0,577.2254871420441
4,535.0,570.8714113776225
5,500.0,565.1701179732869
6,466.0,559.0575783422921
7,466.0,545.7627260753909
8,484.0,530.8207867778142
9,555.0,516.8674701719882
10,520.0,506.4996695314952
11,540.0,501.1543427355178
12,560.0,500.50505697779437
13,525.0,497.7568315864919
14,525.0,497.47252451345366
15,500.0,496.88546995253733
16,520.0,497.5826883009787
17,510.0,496.16313018117086
18,510.0,498.9439072754185
19,510.0,500.9218394915273
20,496.0,495.1298217437528
21,462.0,488.2029275851762
22,430.0,483.65630385858697
23,400.0,474.3528440014784
24,372.0,461.1182352794461
25,346.0,448.2173855781489
26,386.0,426.9518617212751
27,390.0,407.8013660314693
28,364.0,395.33930870698975
29,340.0,385.0992485248256
30,318.0,374.5648857738819
31,322.0,365.4343568386698
32,316.0,360.2910889110543
33,300.0,355.5800520275496
34,300.0,353.4405476439448
35,292.0,355.384481646012
36,294.0,361.1189407400172
37,274.0,359.55880047344243
38,264.0,359.4833581555072
39,262.0,360.04279892365975
40,264.0,360.1593887586811
41,260.0,358.4856921677654
42,286.0,359.3248351085236
43,286.0,358.7229772236176
44,278.0,357.1214604957544
45,260.0,356.42657321555464
46,260.0,359.5886100492374
47,242.0,358.02827205812423
48,226.0,355.3151011461604
49,212.0,358.7357356596185
50,212.0,350.9193646570803
51,226.0,347.7960844345528
52,228.0,347.4395896935461
53,220.0,347.99860899623536
54,206.0,346.6516261885567
55,194.0,346.32792510289084
56,193.0,346.92468637765694
57,187.0,351.33919368968697
58,189.0,347.1488825893981
59,176.0,350.37289045602165
60,164.0,345.1197058965541
61,164.0,346.3948236394584
62,153.0,337.4028787925205
63,146.0,336.2315196027541
