,y_actual,y_predict
0,605.0,477.8771694254692
1,565.0,476.197572318067
2,610.0,474.5152799130104
3,570.0,476.84901223260295
4,535.0,469.269439779487
5,500.0,469.61985969421676
6,466.0,464.0861430394102
7,466.0,463.44058282825154
8,484.0,454.3931762483064
9,555.0,446.0147030012639
10,520.0,444.50391061683945
11,540.0,441.74132418012
12,560.0,437.4348317020798
13,525.0,436.89175524111437
14,525.0,436.72439702923293
15,500.0,433.4675720925205
16,520.0,436.262658199412
17,510.0,432.66867129859395
18,510.0,427.0093787488257
19,510.0,424.7109662757153
20,496.0,423.7737519639354
21,462.0,420.6678636958668
22,430.0,415.9533093968904
23,400.0,412.9715921389057
24,372.0,405.3188199803816
25,346.0,395.38831317283666
26,386.0,384.3535772579338
27,390.0,377.4023421680308
28,364.0,373.0467879880932
29,340.0,370.0237515048706
30,318.0,366.5805763940405
31,322.0,364.8251415196263
32,316.0,360.6442509529343
33,300.0,357.4932242540713
34,300.0,357.8505645276433
35,292.0,360.51425227224644
36,294.0,353.7531189194125
37,274.0,358.8748452789025
38,264.0,356.82252180687817
39,262.0,354.669530528447
40,264.0,353.78707030395816
41,260.0,353.0603285599747
42,286.0,350.4706990615384
43,286.0,351.01851310650824
44,278.0,352.79080920109413
45,260.0,350.300187663598
46,260.0,351.32883396453286
47,242.0,349.41301326985274
48,226.0,353.96533978839017
49,212.0,339.81731394342387
50,212.0,351.57945502016906
51,226.0,348.7724664163967
52,228.0,347.73313258383627
53,220.0,344.2851470431192
54,206.0,344.9382103801806
55,194.0,348.0732864324038
56,193.0,347.2923291403325
57,187.0,336.463364632163
58,189.0,342.877093369477
59,176.0,339.60467421062157
60,164.0,343.345005887844
61,164.0,328.9801061431522
62,153.0,340.1278039079616
63,146.0,328.8545588662159
