,y_actual,y_predict
0,605.0,584.5730974920112
1,565.0,583.3624821764663
2,610.0,575.8513432267289
3,570.0,559.5800914512691
4,535.0,562.0230301553589
5,500.0,549.6366909225128
6,466.0,540.4105933926724
7,466.0,517.6297294869921
8,484.0,506.6814512281216
9,555.0,500.2990696350521
10,520.0,493.8756029642243
11,540.0,494.2083005163852
12,560.0,494.8125050793647
13,525.0,495.85505453731196
14,525.0,495.26277588596133
15,500.0,495.3260269251241
16,520.0,489.6548500899455
17,510.0,490.426163107495
18,510.0,491.3852519971491
19,510.0,488.64724584251303
20,496.0,484.9387868405449
21,462.0,483.05172465964006
22,430.0,477.16165635395316
23,400.0,465.6930399560275
24,372.0,454.81890839903826
25,346.0,437.53533820688955
26,386.0,418.5656043713544
27,390.0,405.92352405798437
28,364.0,399.001437727656
29,340.0,390.9251083883219
30,318.0,381.67701140195135
31,322.0,370.2250194750791
32,316.0,361.472290099881
33,300.0,354.03199377092346
34,300.0,347.7859900765423
35,292.0,342.46117980305735
36,294.0,337.1350921249891
37,274.0,331.79674812718184
38,264.0,327.5733715003119
39,262.0,321.83948736845105
40,264.0,316.9772569044847
41,260.0,313.1438099778926
42,286.0,310.575087572953
43,286.0,309.066293897431
44,278.0,309.7176037300339
45,260.0,309.98405673254587
46,260.0,307.52286015515404
47,242.0,305.4928114865267
48,226.0,302.2396743726184
49,212.0,301.8492393040304
50,212.0,294.25234058783184
51,226.0,291.8942374180683
52,228.0,289.6529348160578
53,220.0,288.26015926546114
54,206.0,285.52926599092825
55,194.0,282.7814464552572
56,193.0,279.9657033373855
57,187.0,277.3981331331685
58,189.0,271.66716803988703
59,176.0,269.86631115606417
60,164.0,268.0345363983762
61,164.0,265.1754265656392
62,153.0,261.69129906062267
63,146.0,259.05282639793654
