,y_actual,y_predict
0,52.0,47.73815705835224
1,51.0,47.806371534035605
2,51.0,47.85822736586388
3,50.0,47.817740613316175
4,51.0,47.76587290157224
5,50.0,47.65192075062225
6,50.0,47.4207494719175
7,50.0,47.31700216851402
8,50.0,47.31201260393948
9,50.0,47.25220910853889
10,50.0,47.202313462793484
11,50.0,47.14359103971739
12,50.0,47.08111456329476
13,50.0,47.02436420621717
14,50.0,46.986538554775905
15,50.0,46.956708086569535
16,50.0,46.81720223704849
17,50.0,46.79067438539386
18,50.0,46.842862854860414
19,50.0,46.82244127985177
20,50.0,46.85496848891151
21,50.0,46.8683333940219
22,50.0,46.881413181156574
23,50.0,46.889467763969776
24,50.0,46.89318617756936
25,50.0,46.88990732084895
26,50.0,46.884763317370926
27,50.0,46.88098550419306
28,50.0,46.87327543893383
29,50.0,46.86290427256816
30,50.0,46.858009747318846
31,50.0,46.8541012550688
32,50.0,46.84512003883461
33,50.0,46.8410214679341
34,50.0,46.81110784031816
35,50.0,46.80209098433704
36,50.0,46.80582127785229
37,50.0,46.81008616757194
38,50.0,46.81539648986913
39,50.0,46.82042169419066
40,50.0,46.819388141528776
41,50.0,46.82257195892396
42,50.0,46.82522118011474
43,50.0,46.82164532550297
44,50.0,46.7922544141758
45,50.0,46.77116756389054
46,50.0,46.77403062356308
47,50.0,46.76886286025373
48,50.0,46.75569991370946
49,50.0,46.750579670062734
50,50.0,46.765560243702
51,50.0,46.785375943012326
52,50.0,46.80121187057867
53,50.0,46.813471943533244
54,50.0,46.82277391749008
55,50.0,46.82632601227053
56,50.0,46.83004442587011
57,50.0,46.80994360858412
58,50.0,46.805975716755796
59,50.0,46.81397089999069
60,50.0,46.813495703364566
61,50.0,46.81795067173468
62,50.0,46.8241519877059
63,50.0,46.826468571258374
64,50.0,46.828535676582106
65,50.0,46.83063842165279
66,50.0,46.832966885120925
67,50.0,46.81893670473394
68,50.0,46.813555102942814
69,50.0,46.81824766962603
70,50.0,46.823474832513625
71,50.0,46.80147322872304
72,50.0,46.79748157706342
73,50.0,46.79372752371685
74,50.0,46.80027335724202
75,50.0,46.80975352993366
76,50.0,46.81778435291554
77,50.0,46.82430642660938
78,50.0,46.829117792449125
79,50.0,46.83167197431467
80,50.0,46.83409547710801
81,50.0,46.83607942302217
82,50.0,46.83731493425017
83,50.0,46.83814652834593
84,50.0,46.83739809365974
85,50.0,46.83511714985423
86,50.0,46.8349983506977
87,50.0,46.83521218917946
88,50.0,46.83568738580561
