,y_actual,y_predict
0,52.0,50.153201351755314
1,51.0,50.054407973179394
2,51.0,50.01034536601995
3,50.0,49.99283437034643
4,51.0,49.90411516024483
5,50.0,49.84192380179789
6,50.0,49.872217586714726
7,50.0,49.75114936628819
8,50.0,49.636425020820724
9,50.0,49.52863854609498
10,50.0,49.42776618227967
11,50.0,49.35207923965015
12,50.0,49.29071947529894
13,50.0,49.2407287902283
14,50.0,49.19257949208398
15,50.0,49.161026436107846
16,50.0,49.27503798663611
17,50.0,49.217753033354114
18,50.0,49.19885208754911
19,50.0,49.24033675301172
20,50.0,49.20599191685699
21,50.0,49.169116658667974
22,50.0,49.14370551908479
23,50.0,49.12052780364448
24,50.0,49.10396720122327
25,50.0,49.093156477978425
26,50.0,49.08465045837039
27,50.0,49.07881741978446
28,50.0,49.07884117961575
29,50.0,49.07953021472366
30,50.0,49.07722551108685
31,50.0,49.07866298088095
32,50.0,49.082642752624935
33,50.0,49.080932044770805
34,50.0,49.10167437750209
35,50.0,49.09220608472614
36,50.0,49.089129186571824
37,50.0,49.08763231719948
38,50.0,49.085458292634854
39,50.0,49.0843653403947
40,50.0,49.08800059458474
41,50.0,49.08662252436892
42,50.0,49.08745411846468
43,50.0,49.09117253206426
44,50.0,49.1112377096033
45,50.0,49.11142778825376
46,50.0,49.10232777286305
47,50.0,49.10781629389504
48,50.0,49.11177230580773
49,50.0,49.10856472858123
50,50.0,49.09531862262739
51,50.0,49.08779863601862
52,50.0,49.083343667648506
53,50.0,49.08064692679511
54,50.0,49.079233216832336
55,50.0,49.08134784181868
56,50.0,49.08061128704816
57,50.0,49.09808664297469
58,50.0,49.09045973712503
59,50.0,49.08702644150114
60,50.0,49.090673575606814
61,50.0,49.086218607236674
62,50.0,49.0849830960087
63,50.0,49.08590972942969
64,50.0,49.08544641271919
65,50.0,49.08566025120095
66,50.0,49.0854226528879
67,50.0,49.09714812963807
68,50.0,49.09378611350806
69,50.0,49.09060229611288
70,50.0,49.08923610581272
71,50.0,49.10705597929322
72,50.0,49.09763520617986
73,50.0,49.10219709379086
74,50.0,49.09364355452021
75,50.0,49.09066169569115
76,50.0,49.08779863601862
77,50.0,49.086242367067996
78,50.0,49.08561273153833
79,50.0,49.086064168333195
80,50.0,49.085707770863564
81,50.0,49.085981008923596
82,50.0,49.08653936495932
83,50.0,49.086919522260246
84,50.0,49.08822631298216
85,50.0,49.089901381089334
86,50.0,49.08925986564401
87,50.0,49.08959250328232
88,50.0,49.08952122378841
