,y_actual,y_predict
0,142.0,143.29675381357868
1,128.0,144.1312803657373
2,124.0,144.01537998334817
3,124.0,142.99820135295076
4,120.0,141.01301363534157
5,116.0,138.8388751323708
6,110.0,136.63324309378586
7,103.0,134.26911097314837
8,113.0,131.74994097371123
9,116.0,129.18849455262523
10,117.0,127.0133862156107
11,118.0,125.30360008145612
12,119.0,124.38335271381806
13,117.0,124.20690548779464
14,114.0,124.38173632374514
15,125.0,124.36580184612316
16,124.0,124.23056735279741
17,124.0,124.97495148050294
18,122.0,126.10706065924572
19,122.0,127.08721874281198
20,125.0,127.34593500938496
21,124.0,128.0419108614876
22,123.0,128.57502759250232
23,123.0,129.01787675918732
24,122.0,129.22708977623708
25,124.0,129.49405484634343
26,124.0,129.55684377943368
27,123.0,129.47782837567604
28,120.0,129.4774946693384
29,118.0,129.48229169794186
30,118.0,129.37217903484606
31,119.0,128.85925153725813
32,119.0,128.40079117096573
33,121.0,127.53724259575608
34,118.0,127.39671051432043
35,118.0,127.36536297522903
36,115.0,126.81855385604831
37,116.0,126.67857447573434
38,117.0,126.4703417210514
39,117.0,126.30154888414742
40,115.0,126.14070242940835
41,114.0,126.06610863462433
42,120.0,125.76397925918991
43,117.0,125.46815901920138
44,118.0,125.3742623984499
45,118.0,125.31831444528112
46,117.0,125.39386764578583
47,116.0,125.53398259429946
48,116.0,125.59778307472567
49,119.0,125.62684681106887
50,118.0,125.66592173754108
51,116.0,125.81027058521343
52,116.0,126.03760802772587
53,116.0,125.90266552744555
54,114.0,125.7511628501602
55,116.0,125.66325208684003
56,114.0,125.5220525927291
57,113.0,125.35348917893225
58,120.0,125.13012492750227
59,118.0,124.9420605496
60,119.0,124.94172684326236
61,115.0,124.8910139082652
62,119.0,124.9331130484222
63,115.0,125.04750132396896
64,117.0,125.1089450033856
65,117.0,125.09702543013827
66,116.0,125.16134732671705
67,116.0,125.21696157354816
68,113.0,125.17606169054204
69,111.0,125.05373746115347
70,112.00000000000003,124.80660706149018
71,111.0,124.46232640428349
72,115.0,124.08770975532136
73,115.0,123.69726291196778
74,110.0,123.43284235268587
75,109.0,123.29176799845155
76,103.0,123.04751581595033
77,106.0,122.69445451073469
78,106.0,122.18299740669696
79,101.00000000000003,121.59131521342766
80,103.99999999999997,120.97404191539115
81,107.0,120.28433348544218
