,y_actual,y_predict
0,142.0,121.31486036934487
1,128.0,121.9325612286265
2,124.0,122.51728773042078
3,124.0,122.82668564702175
4,120.0,122.62614899475045
5,116.0,121.85785272228892
6,110.0,120.42208120462323
7,103.0,118.84346251780451
8,113.0,116.97592714085701
9,116.0,115.43112750569279
10,117.0,113.69920204170091
11,118.0,112.12449397602632
12,119.0,111.05335920216291
13,117.0,110.13406081192247
14,114.0,109.40318136256803
15,125.0,108.96731917232722
16,124.0,109.28686384725685
17,124.0,108.96477466150276
18,122.0,108.8417621627928
19,122.0,108.77245552779567
20,125.0,109.22443990547339
21,124.0,109.38161559049851
22,123.0,109.44293413003857
23,123.0,109.59178801326894
24,122.0,109.74078789302206
25,124.0,109.75657637412132
26,124.0,110.0361597151194
27,123.0,110.1860147173627
28,120.0,110.17149849167566
29,118.0,110.14519826094096
30,118.0,110.08377543817042
31,119.0,110.07174115336952
32,119.0,109.89754644512513
33,121.0,109.99797119610653
34,118.0,109.81105393373988
35,118.0,109.49914279128359
36,115.0,109.59819100362228
37,116.0,109.24252261764389
38,117.0,108.8822866261691
39,117.0,108.51139288853622
40,115.0,108.24503266116682
41,114.0,107.88886371568196
42,120.0,107.62548598870518
43,117.0,107.60642301416789
44,118.0,107.25221459341662
45,118.0,107.065505897511
46,117.0,106.98698062493673
47,116.0,106.87679496357958
48,116.0,106.80521495415732
49,119.0,106.72253920900874
50,118.0,106.74199845982196
51,116.0,106.68808402964814
52,116.0,106.69154623290109
53,116.0,106.8527472506239
54,114.0,106.76325138219997
55,116.0,106.63237592790955
56,114.0,106.7099835080553
57,113.0,106.67584117838624
58,120.0,106.5922685974553
59,118.0,106.75576384624932
60,119.0,106.60127866857138
61,115.0,106.61151928180749
62,119.0,106.68078420351242
63,115.0,106.7961005998107
64,117.0,106.65878044187477
65,117.0,106.70172427619889
66,116.0,106.62319900362465
67,116.0,106.55257839992308
68,113.0,106.57072368203185
69,111.0,106.38284701394451
70,112.00000000000003,106.1832489107478
71,111.0,105.98329624456738
72,115.0,105.807266151466
73,115.0,105.74663588124733
74,110.0,105.4869706372767
75,109.0,105.25637955797234
76,103.0,105.07133939375487
77,106.0,104.72457679566205
78,106.0,104.44307464322256
79,101.00000000000003,104.14891250659912
80,103.99999999999997,103.66914707631346
81,107.0,103.2772298394097
