,y_actual,y_predict
0,142.0,136.9363944448793
1,128.0,137.0330545712393
2,124.0,137.7225857196964
3,124.0,136.84388479109361
4,120.0,134.83321025194772
5,116.0,132.53497470466968
6,110.0,129.5688467792654
7,103.0,126.82457099844873
8,113.0,123.93911658016725
9,116.0,120.95702289217186
10,117.0,118.737093622684
11,118.0,117.1754001041771
12,119.0,116.48716206777834
13,117.0,116.17674217551834
14,114.0,116.21971729481163
15,125.0,116.8950554955963
16,124.0,117.55706629952172
17,124.0,117.89974099497854
18,122.0,118.38409488740666
19,122.0,118.88217245296991
20,125.0,120.25005558757343
21,124.0,120.49914651197031
22,123.0,120.90302503541363
23,123.0,121.11938145375333
24,122.0,121.25884984623781
25,124.0,121.17811376917675
26,124.0,121.40510707702848
27,123.0,121.33506003109471
28,120.0,121.28957168594613
29,118.0,121.13941426233436
30,118.0,120.85929907686068
31,119.0,120.56555407315926
32,119.0,119.9580208288524
33,121.0,120.34976078426433
34,118.0,119.68781255027719
35,118.0,119.25037568325567
36,115.0,119.56061829402378
37,116.0,118.98547542111342
38,117.0,118.41616198078859
39,117.0,117.98354299901663
40,115.0,117.62785375639211
41,114.0,117.34659145538282
42,120.0,117.03683897579808
43,117.0,116.83877383608987
44,118.0,116.70811737658354
45,118.0,116.67857393737998
46,117.0,116.77798714102545
47,116.0,116.87620108752003
48,116.0,116.95412151735732
49,119.0,116.94492373642632
50,118.0,116.95736472582618
51,116.0,117.03980061954456
52,116.0,117.13210170686924
53,116.0,117.0141573731621
54,114.0,117.01380281017836
55,116.0,116.94107568522048
56,114.0,116.8810398294157
57,113.0,116.80110673322957
58,120.0,116.6368710734989
59,118.0,116.42500926239418
60,119.0,116.31542844377398
61,115.0,116.47879855269142
62,119.0,116.62864312661165
63,115.0,116.65506849722294
64,117.0,116.71177771797446
65,117.0,116.72367643457568
66,116.0,116.57180876598355
67,116.0,116.46797395336444
68,113.0,116.39821890047611
69,111.0,116.23975010339265
70,112.00000000000003,115.95422261825547
71,111.0,115.54425395415038
72,115.0,115.15437024024152
73,115.0,114.79678304282174
74,110.0,114.60099127753867
75,109.0,114.47045995790893
76,103.0,114.12794168729786
77,106.0,113.6511796140509
78,106.0,113.0467227250441
79,101.00000000000003,112.34388503637388
80,103.99999999999997,111.68662954775971
81,107.0,110.92390199980744
