,y_actual,y_predict
0,142.0,142.46969782196788
1,145.0,142.14899247741508
2,143.0,142.19780081826323
3,141.0,142.2299917750935
4,141.0,142.10432323208298
5,142.0,141.94118367426123
6,145.0,142.05942579425792
7,143.0,141.865947931529
8,142.0,141.71005856885523
9,143.0,141.54091144827296
10,142.0,141.5766902237056
11,140.0,141.43486294099475
12,142.0,141.49225674197453
13,144.0,141.33237514033954
14,143.0,141.34680549135547
15,144.0,141.43882806797657
16,147.0,141.7910940158395
17,146.0,142.3211128784008
18,147.0,142.4583876079103
19,149.0,142.67979080938306
20,148.0,143.0588637268411
21,149.0,143.62578651197862
22,148.0,144.18660006443304
23,148.0,144.54930412435067
24,148.0,144.7479242258321
25,148.0,145.29817088432978
26,148.0,145.44429315643805
27,149.0,145.67628358585205
28,150.0,145.78264388089292
29,150.0,145.93071821551536
30,149.0,146.13053350342034
31,148.0,146.38792107950258
32,146.0,146.5336005226146
33,148.0,146.36562373580816
34,146.0,146.2279739572508
35,146.0,145.989621250013
36,144.0,145.725058036726
37,146.0,145.32634700888275
38,146.0,145.03999706084602
39,147.0,144.78354936671502
40,145.0,144.6412295497124
41,146.0,144.58746423530403
42,146.0,144.4474534552105
43,145.0,144.4467553217419
44,145.0,144.47756356762468
45,146.0,144.34579256992586
46,145.0,144.33257547998642
47,144.0,144.16867000874765
48,145.0,143.99464047254844
49,143.0,143.84121152200186
50,144.0,143.64153631265688
51,145.0,143.3733920587624
52,145.0,143.19420672782098
53,142.0,142.94305942565546
54,142.0,142.84074333420287
55,145.0,142.5521747225216
56,145.0,142.45437051630137
57,145.0,142.4759561705375
58,140.0,142.56641754901364
59,141.0,142.42513702455324
60,139.0,142.2531295901482
61,137.0,141.8737313289378
62,136.0,141.34354075717386
63,138.0,140.80659930254853
