,y_actual,y_predict
0,142.0,143.42694273666746
1,145.0,143.1777881649851
2,143.0,142.73713942373055
3,141.0,142.7147878560774
4,141.0,142.96259134745486
5,142.0,143.03202060794015
6,145.0,143.17340958031798
7,143.0,142.6522111483761
8,142.0,142.38195893808611
9,143.0,142.46165008276031
10,142.0,142.69410367515508
11,140.0,142.77458784522565
12,142.0,142.59959583375905
13,144.0,142.38596247370538
14,143.0,142.3843357549436
15,144.0,142.34266916132597
16,147.0,142.87202378039288
17,146.0,143.57473465483818
18,147.0,144.1637672591462
19,149.0,144.62299900292243
20,148.0,145.18827699464526
21,149.0,145.65815470898468
22,148.0,146.10733242708048
23,148.0,146.5651611259247
24,148.0,146.8325100950912
25,148.0,146.84028445517353
26,148.0,146.8001135390841
27,149.0,146.76204380139527
28,150.0,146.91894308530033
29,150.0,147.19607947901687
30,149.0,147.24846434180932
31,148.0,147.4384131285578
32,146.0,147.5471660557775
33,148.0,147.41865301426546
34,146.0,147.06478068162528
35,146.0,146.5889857777899
36,144.0,145.99826545276653
37,146.0,145.45773166087562
38,146.0,145.24424515737687
39,147.0,144.78485751971928
40,145.0,144.76099219988504
41,146.0,144.80088747751762
42,146.0,145.1704666835354
43,145.0,145.42916693128512
44,145.0,145.6121095306999
45,146.0,145.22958887319956
46,145.0,145.03816248357577
47,144.0,144.837983443281
48,145.0,144.53522396973483
49,143.0,144.35418824620191
50,144.0,144.30483314710327
51,145.0,144.0323871258165
52,145.0,143.7922721399201
53,142.0,143.65886538613304
54,142.0,143.42107751179861
55,145.0,143.23285259507128
56,145.0,143.2025956261022
57,145.0,143.1812133117113
58,140.0,143.41020108941083
59,141.0,143.42579047754452
60,139.0,143.33363685968985
61,137.0,142.7678414810275
62,136.0,141.90275696217745
63,138.0,140.82050548863012
