,y_actual,y_predict
0,123.0,135.90533237037533
1,131.0,136.94707515207608
2,131.0,135.20639940913566
3,137.0,134.71403553341236
4,142.0,135.49052594544526
5,140.0,136.7976519402568
6,162.0,139.65700640933738
7,165.0,139.05080873827012
8,162.0,140.4070337350389
9,161.0,144.76173249157728
10,178.0,149.57686932376544
11,169.0,148.97842412669144
12,169.0,152.671905544413
13,179.0,157.01623495809963
14,185.00000000000006,157.3979707028306
15,184.0,157.27537039681079
16,192.0,162.20335969852096
17,188.0,165.5706811238935
18,175.0,170.20966997104517
19,163.0,172.33800212450893
20,180.0,173.47804104270642
21,179.0,172.25125292185027
22,174.0,172.56946417504162
23,176.0,174.13304331798435
24,174.0,174.97181520884908
25,167.0,175.11090178867738
26,167.0,175.23036185206706
27,165.0,174.44474510989022
28,163.0,173.1932930000429
29,169.0,172.0034681518128
30,158.0,170.27460102959623
31,147.0,168.72819508853735
32,154.0,167.22486935106116
33,155.0,164.70587138788682
34,153.0,163.46141940223595
35,158.0,163.2884116598296
36,158.0,162.37931141839312
37,170.0,161.69087864344812
38,168.00000000000006,158.80414518393565
39,167.0,158.90734794954204
40,165.0,160.7101743278714
41,154.0,162.26308973021582
42,156.0,162.14084924366398
43,146.0,161.6248681264929
44,141.0,161.3779992605559
45,133.0,160.37276179943098
46,136.0,158.2387379562
47,139.0,156.28874541544178
