,y_actual,y_predict
0,123.0,151.79931062355234
1,131.0,151.00136188687986
2,131.0,154.80576583334027
3,137.0,154.5310600249212
4,142.0,154.8156445132811
5,140.0,155.52131591183132
6,162.0,154.2241013078213
7,165.0,162.09495590605837
8,162.0,163.39380605310492
9,161.0,162.50969690926695
10,178.0,162.07163306235714
11,169.0,175.15385114881724
12,169.0,172.44221892679792
13,179.0,172.16456914091304
14,185.00000000000006,178.76182637658792
15,184.0,189.80520922454429
16,192.0,187.53200066890287
17,188.0,189.6330192536562
18,175.0,186.94189674131525
19,163.0,186.86787206348095
20,180.0,183.51985004593973
21,179.0,185.12935523734876
22,174.0,183.77025168483567
23,176.0,180.97788905853224
24,174.0,179.64201021713814
25,167.0,178.9023849451491
26,167.0,177.85972625934784
27,165.0,177.3489788798937
28,163.0,176.92174232788585
29,169.0,176.6707518934968
30,158.0,178.33419729425128
31,147.0,177.39349836134863
32,154.0,175.91244872003028
33,155.0,175.94005668648725
34,153.0,174.11776734602296
35,158.0,172.11772718834624
36,158.0,172.73046703155967
37,170.0,172.0471698617494
38,168.00000000000006,176.70307022389903
39,167.0,174.96478237379193
40,165.0,173.81594423405784
41,154.0,172.7891176048504
42,156.0,173.0391594242783
43,146.0,172.6348531856429
44,141.0,171.0514512610972
45,133.0,169.6818148114287
46,136.0,168.62038009156788
47,139.0,167.24122478142664
