,y_actual,y_predict
0,123.0,158.86233780517614
1,131.0,158.7299569517977
2,131.0,158.64023106081254
3,137.0,158.85294978814636
4,142.0,159.10171588400573
5,140.0,159.74804978118993
6,162.0,160.97097802047983
7,165.0,163.49884062691223
8,162.0,166.21524863459825
9,161.0,167.39866215412508
10,178.0,168.59058049744192
11,169.0,175.6199154925128
12,169.0,177.28241227830608
13,179.0,177.5034395642656
14,185.00000000000006,181.26459975283962
15,184.0,191.4192939364557
16,192.0,190.67145823842316
17,188.0,190.98734702050257
18,175.0,189.34284120811134
19,163.0,189.6665805967662
20,180.0,189.00408753438091
21,179.0,189.4184360072607
22,174.0,188.9665354662617
23,176.0,188.47335381902013
24,174.0,188.3199071713309
25,167.0,188.29933203993107
26,167.0,188.04906124447808
27,165.0,187.60592721415497
28,163.0,186.8996343092508
29,169.0,186.50105247124333
30,158.0,186.60304493500263
31,147.0,186.53526803156797
32,154.0,185.14109843635123
33,155.0,183.35158537833934
34,153.0,181.6543496584497
35,158.0,180.22295510372106
36,158.0,179.2294281307378
37,170.0,178.88449210432924
38,168.00000000000006,179.51741454861371
39,167.0,179.71943682448847
40,165.0,179.4758390446246
41,154.0,179.47211000650123
42,156.0,179.86964509696531
43,146.0,180.15465482651467
44,141.0,179.70792260151114
45,133.0,179.00974199006828
46,136.0,177.9217787621546
47,139.0,176.52103428393087
