,y_actual,y_predict
0,82.0,80.52229972719852
1,83.0,79.24752616198461
2,87.0,79.66313358681184
3,87.0,82.88519529228944
4,84.0,83.76037123891913
5,79.0,83.99105535364407
6,74.0,84.67631971860285
7,69.0,81.5452080030681
8,73.0,76.78125235289943
9,70.0,74.29146623422723
10,69.0,71.40091246371121
11,71.0,70.03490309890326
12,67.0,69.11808825871434
13,63.0,69.24824329440541
14,59.0,67.55465587733987
15,68.0,65.33249030503441
16,64.0,69.61950109976281
17,69.0,67.76102830860958
18,76.0,68.12431916993978
19,90.0,71.15821094630847
20,106.0,81.5697920988471
21,110.0,100.98492432172628
22,111.0,115.62097977757796
23,104.0,120.06324326799346
24,102.0,119.41087938979723
25,107.0,115.12760756585739
26,105.0,112.35339172070724
27,105.0,108.59311025003754
28,106.0,105.43003920999006
29,105.0,102.19268222239745
30,103.0,99.9595219100724
31,100.0,97.77241267779698
32,97.0,95.20642702664934
33,100.0,92.74193952788416
34,96.0,92.14535653876183
35,96.0,90.47926043752109
36,93.0,88.96689866819546
37,93.0,87.19903200224846
38,87.0,86.34249620380797
39,87.0,86.0151593034436
40,84.0,84.04125067363609
41,79.0,82.32357039612953
42,78.0,81.09954144133104
43,75.0,78.1784149696882
44,78.0,75.54293738131673
45,75.0,75.02860951665465
46,76.0,74.83307998902734
47,72.0,74.84218570588354
48,69.0,74.17778097968656
49,67.0,73.30944213580668
50,68.0,71.5744391139719
51,67.0,70.74806069950886
52,63.0,69.84227185977014
53,59.0,70.19690804759995
54,59.999999999999986,67.76320314142419
55,56.0,65.97007358177657
56,53.0,64.12443096449674
57,50.0,62.28994385516532
58,51.0,62.72320449172996
59,50.0,61.07194369769684
60,51.0,64.56313538176158
61,51.0,61.424820369861436
62,59.0,58.64199897474468
63,61.0,61.764460482554824
