,y_actual,y_predict
0,82.0,79.66776906209225
1,83.0,78.36798715239831
2,87.0,78.25914279882485
3,87.0,80.32810546653542
4,84.0,81.64178040474314
5,79.0,81.94064798438251
6,74.0,80.93170865521535
7,69.0,77.85438274341583
8,73.0,74.28470951544182
9,70.0,70.60713421258816
10,69.0,68.6858726136869
11,71.0,66.78979799029763
12,67.0,65.4818660397687
13,63.0,64.31269020912164
14,59.0,62.39200916107437
15,68.0,60.20395765010515
16,64.0,59.23918037782421
17,69.0,59.63684878126283
18,76.0,59.80526211823252
19,90.0,62.136629306175436
20,106.0,68.1518328146436
21,110.0,80.97012772442278
22,111.0,95.92271513609074
23,104.0,106.37097370527479
24,102.0,113.5423554039241
25,107.0,115.35265363863482
26,105.0,116.9291729759912
27,105.0,117.74740358250716
28,106.0,115.8597134531824
29,105.0,113.7202674460204
30,103.0,111.31090325084256
31,100.0,108.29970208131367
32,97.0,104.46026473458892
33,100.0,100.37611180557563
34,96.0,96.62263617722513
35,96.0,94.71225320817265
36,93.0,92.57528570657966
37,93.0,91.29217900372295
38,87.0,90.4989991665571
39,87.0,89.82302808103813
40,84.0,87.53775216512705
41,79.0,85.28312933430718
42,78.0,82.71525465999615
43,75.0,78.93116167276082
44,78.0,75.76403794117485
45,75.0,73.5325076370168
46,76.0,72.05802011225099
47,72.0,70.86372429272892
48,69.0,69.82346647787634
49,67.0,68.10808607490677
50,68.0,66.15509960472228
51,67.0,64.55491388851378
52,63.0,63.503496099936996
53,59.0,62.273817938751506
54,59.999999999999986,60.231029183004765
55,56.0,58.475112933098586
56,53.0,56.738971138434806
57,50.0,54.715135135183274
58,51.0,52.16610603474825
59,50.0,50.648019140847
60,51.0,49.7613304242049
61,51.0,49.026978251652494
62,59.0,48.70829155901271
63,61.0,49.356552505692676
