,y_actual,y_predict
0,64.0,66.48777730400074
1,65.0,65.56209766801872
2,64.0,64.94146144069533
3,64.0,64.27316731095816
4,64.0,63.66925512709351
5,63.0,63.38882468690903
6,64.0,63.10247431938923
7,64.0,62.94862585487476
8,64.0,63.40219675806647
9,65.0,63.67040926418745
10,64.0,63.94534760371798
11,63.0,64.15158891756872
12,65.0,64.00714269058682
13,64.0,64.17140724237414
14,66.0,64.07657000646226
15,67.0,64.57363098423453
16,66.0,65.1276317135149
17,67.0,65.62849636896833
18,68.0,66.07324011328289
19,72.0,66.79402559198762
20,73.0,68.71817211169457
21,71.0,70.0650326887779
22,70.0,70.81166785354971
23,72.0,70.7095177662236
24,71.0,70.61738379797055
25,72.0,70.89683720140826
26,72.0,71.00721200794737
27,69.0,71.37897349514799
28,69.0,70.98701162396603
29,70.0,70.14581681315235
30,69.0,69.94718036729952
31,68.0,69.67144955346268
32,66.0,69.14586845517493
33,64.0,68.27852746445456
34,64.0,66.72187709942948
35,65.0,65.37982161294545
36,66.0,64.68638918336723
37,67.0,64.8050792491845
38,67.0,65.69553183521114
39,67.0,66.54270825999792
40,66.0,67.05544162354934
41,65.0,67.02739111743762
42,65.0,66.48182255356345
43,65.0,65.7452443006413
44,65.0,65.1481524700344
45,65.0,65.04792262804563
46,63.0,65.06439694011593
47,63.0,64.51244480417732
48,59.0,63.72362095389296
49,59.0,62.2703404797088
50,57.0,60.37082384255412
51,60.0,58.729619006156746
52,60.0,58.109091227922356
