,y_actual,y_predict
0,64.0,66.00044689586537
1,65.0,64.7889332692185
2,64.0,64.32307478575936
3,64.0,63.72970902706352
4,64.0,63.19741303976972
5,63.0,62.89836915410806
6,64.0,62.58078843379356
7,64.0,62.61713877752399
8,64.0,63.148881574969316
9,65.0,63.420003302523654
10,64.0,63.74373676748381
11,63.0,63.91371628777771
12,65.0,63.61154329766738
13,64.0,63.940592757880076
14,66.0,63.871617147384505
15,67.0,64.79873945473396
16,66.0,65.7710760776845
17,67.0,66.1607356443532
18,68.0,66.36169081132451
19,72.0,66.95689920958759
20,73.0,69.39571873962583
21,71.0,71.22085969811478
22,70.0,71.69532346754421
23,72.0,71.18567194851735
24,71.0,70.95631257221285
25,72.0,70.65439627811134
26,72.0,70.85757962613602
27,69.0,71.30504355218751
28,69.0,70.48337007486673
29,70.0,69.53037171538729
30,69.0,69.60601992969367
31,68.0,69.53673887084652
32,66.0,69.01773336915696
33,64.0,67.66219835737228
34,64.0,65.94261169316368
35,65.0,64.69340753083334
36,66.0,64.23303318846197
37,67.0,64.63420925242588
38,67.0,65.67280826875543
39,67.0,66.55476998757543
40,66.0,66.92924170705527
41,65.0,66.79143077341779
42,65.0,66.08658432595875
43,65.0,65.24126944470885
44,65.0,64.72358224616539
45,65.0,64.66553810485186
46,63.0,64.62793114461311
47,63.0,63.794588445821354
48,59.0,63.01192131996574
49,59.0,61.32148955167428
50,57.0,59.55726265557426
51,60.0,58.003416047730866
52,60.0,57.64408541298866
