,y_actual,y_predict
0,64.0,65.59088542894649
1,65.0,64.39970550901427
2,64.0,64.33622000928109
3,64.0,63.68501407315471
4,64.0,63.344293899052374
5,63.0,63.18497721258245
6,64.0,62.878837373684576
7,64.0,62.99562609813415
8,64.0,63.57399205439179
9,65.0,63.645317726797614
10,64.0,63.905485101417185
11,63.0,63.97583970675086
12,65.0,63.450452622888406
13,64.0,63.88154571122975
14,66.0,63.85489210898
15,67.0,65.00403557010259
16,66.0,66.26921557667214
17,67.0,66.47111295728826
18,68.0,66.62630658848462
19,72.0,67.15804540614687
20,73.0,69.78893076016861
21,71.0,71.65645939332425
22,70.0,71.86557361308772
23,72.0,71.09773416405199
24,71.0,70.86965478548142
25,72.0,70.38048024536015
26,72.0,70.7404839609162
27,69.0,71.28250255828071
28,69.0,69.86456604017998
29,70.0,68.99173643111584
30,69.0,69.43664832126564
31,68.0,69.41801348445439
32,66.0,68.8268181999572
33,64.0,67.21517021756831
34,64.0,65.58250599566614
35,65.0,64.74783205943326
36,66.0,64.64939709961473
37,67.0,65.20841136063336
38,67.0,66.20796472513983
39,67.0,66.92436647277911
40,66.0,66.90594704172722
41,65.0,66.56931708968798
42,65.0,65.75699560513836
43,65.0,65.05365948535916
44,65.0,64.6859155891804
45,65.0,64.7817179224898
46,63.0,64.69192605658085
47,63.0,63.61606333630341
48,59.0,63.052224583242925
49,59.0,61.15321934821435
50,57.0,60.031018023615
51,60.0,58.745508290113904
52,60.0,58.718193048926686
