,y_actual,y_predict
0,1685.0,1671.1796472594563
1,1695.0,1669.5848568881481
2,1695.0,1668.1046082289442
3,1680.0,1667.4173017222788
4,1720.0,1667.0051764948676
5,1640.0,1667.9137217770326
6,1565.0,1667.7590922230058
7,1560.0,1664.2824085844597
8,1475.0,1654.1815939199128
9,1515.0,1636.8277618619625
10,1485.0,1614.9280261698752
11,1575.0,1591.035517740361
12,1665.0,1568.9836478798131
13,1685.0,1556.5719234205749
14,1675.0,1554.318583225278
15,1700.0,1558.598049973524
16,1725.0,1567.6309380254215
17,1770.0,1580.058773537384
18,1750.0,1596.711669363
19,1755.0,1616.2772213967094
20,1690.0,1635.2951311936392
21,1660.0,1650.3608915067678
22,1615.0,1659.6626063912954
23,1640.0,1662.829370171807
24,1615.0,1661.356284323566
25,1580.0,1657.0079941384856
26,1490.0,1649.0637690018282
27,1505.0,1634.8816704077562
28,1525.0,1613.8882728117278
29,1495.0,1591.4397420850225
30,1455.0,1569.2165973943347
31,1455.0,1545.7798518079874
32,1500.0,1521.3297547457057
33,1500.0,1499.116057373893
34,1495.0,1480.963174740709
35,1500.0,1466.724434408918
36,1450.0,1456.715731103402
37,1440.0,1448.4742106508972
38,1420.0,1440.084597851623
39,1395.0,1430.095351524266
40,1395.0,1418.2795110796635
41,1395.0,1405.8312907278664
42,1325.0,1394.3442788375582
43,1300.0,1381.9934558446391
44,1345.0,1366.9591444188964
45,1315.0,1352.0729253399231
46,1280.0,1338.9006917112486
47,1275.0,1326.371016351175
48,1220.0,1312.9405560065843
49,1190.0,1297.7848071694693
50,1170.0,1280.7378513020885
51,1150.0,1262.5998988067695
52,1140.0,1244.3086523158959
53,1070.0,1226.7639689523098
54,1045.0,1208.830595897867
55,1080.0,1190.2115049484148
56,1155.0,1171.6577017204736
57,1095.0,1156.4512297784468
58,1140.0,1144.66744273717
59,1105.0,1135.7936548455525
