,y_actual,y_predict
0,344.0,339.14538116320614
1,338.0,339.77283599648814
2,340.0,339.82105286267665
3,340.0,339.6554861400126
4,338.0,339.43284786602726
5,336.0,339.15094242548366
6,336.0,338.6248614588616
7,342.0,338.0913125114667
8,344.0,337.7186646043575
9,344.0,337.6456459528947
10,338.0,337.82471859823283
11,336.0,338.0480791140724
12,330.0,337.887048070253
13,326.0,337.1105658527689
14,324.0,335.95448776153785
15,318.0,334.547546184658
16,322.0,332.8573557973858
17,324.0,331.04473097098435
18,328.0,329.56292180349493
19,330.0,328.30659654289656
20,322.0,327.69464101980634
21,326.0,327.40522426397877
22,326.0,327.26480600267905
23,330.0,327.2194058797221
24,324.0,327.2676083010735
25,332.0,327.43460506260885
26,328.0,327.6770760979114
27,332.0,328.2093105651316
28,332.0,328.73659045323177
29,334.0,329.2718727810768
30,342.0,329.73452646806027
31,340.0,329.925299431437
32,334.0,330.9923106572042
33,330.0,331.8462605359732
34,330.0,332.19143436294746
35,330.0,332.33204040712917
36,338.0,332.09302168788986
37,336.0,331.87343127452937
38,338.0,332.06080970119115
39,380.0,332.3582577864378
40,368.0,331.08683767108596
41,372.0,334.6159135985796
42,372.0,339.42049753031995
43,382.0,344.32999431380586
44,380.0,348.84061136603697
45,354.0,353.4887288224766
46,334.0,356.0039794143486
47,340.0,355.38132026697866
48,330.0,354.027477911222
49,334.0,351.4432965567822
50,334.0,347.34990417890344
51,342.0,343.8265195172212
52,334.0,341.0424216175302
53,332.0,338.6650614404681
54,332.0,336.55114620215545
55,332.0,334.5847127504768
56,330.0,333.0172456990756
57,330.0,332.18315747129793
58,332.0,331.6231311375269
59,330.0,331.27394164584314
60,332.0,331.1750378463247
61,332.0,331.11507732758645
62,332.0,331.11621846971616
63,334.0,331.08012082184166
64,332.0,331.2632091318893
65,332.0,331.5069946473666
66,336.0,331.5868890412816
67,332.0,331.6815027241859
68,334.0,332.0089671808944
69,330.0,332.17844845440834
70,330.0,332.1430441587139
71,332.0,331.82244099962065
72,332.0,331.57680654499654
73,332.0,331.56525067532885
74,330.0,331.5034989967921
75,324.0,331.39077148818365
76,324.0,331.01605796937133
77,328.0,330.2354878629923
78,332.0,329.6063718734455
79,334.0,329.414775554355
80,330.0,329.50548913124646
81,330.0,329.9009743257865
82,334.0,330.26912988856236
83,380.0,330.58703186312084
84,372.0,330.34672755338096
85,358.0,334.1079609024987
