,y_actual,y_predict
0,98.0,100.87237544703133
1,97.0,100.74536336743807
2,97.0,100.30153605112321
3,97.0,99.68624339352267
4,103.0,99.01760875422167
5,103.0,99.3672929316687
6,103.0,99.73280289539092
7,105.0,99.95259582089426
8,103.0,100.91198822098023
9,101.0,101.39867462637739
10,102.0,101.43684781415108
11,99.99999999999999,101.65090171825791
12,99.0,102.08982091526399
13,99.99999999999999,101.96833530071922
14,99.99999999999999,101.60183984847436
15,99.99999999999999,100.9580356552828
16,99.0,100.26218414178324
17,97.0,99.54951169183367
18,96.0,98.86161171808044
19,98.0,98.17811745772251
20,99.99999999999999,97.91018051939298
21,99.0,98.22220357663198
22,98.0,98.31146758114758
23,98.0,98.2619226287549
24,101.0,97.97360926597214
25,103.0,98.54978189388508
26,101.0,99.28161340011287
27,101.0,99.56840988350295
28,99.99999999999999,99.54777259444079
29,99.99999999999999,99.49807305561319
30,99.0,99.62007073772364
31,96.0,99.57955943012175
32,96.0,99.3124630555321
33,96.0,99.28329452759264
34,96.0,98.91746572934841
35,95.0,98.55191711901745
36,95.0,98.02637154854165
37,94.0,97.69879323128855
38,94.0,97.16466811367455
39,95.0,96.55413865060007
40,97.0,96.05489209736545
41,96.0,95.96812079911298
