,y_actual,y_predict
0,98.0,120.34097656870077
1,97.0,112.48602435924144
2,97.0,105.81968241707561
3,97.0,99.28116896411247
4,103.0,98.3720847869416
5,103.0,100.10643830859875
6,103.0,102.34443443523362
7,105.0,103.68543311157813
8,103.0,106.29656224550736
9,101.0,107.97418254554793
10,102.0,106.09130044488674
11,99.99999999999999,105.7690940062472
12,99.0,106.62718398319798
13,99.99999999999999,104.56188988932817
14,99.99999999999999,104.17715323776245
15,99.99999999999999,103.60415929341761
16,99.0,101.75335387800284
17,97.0,99.62832178868763
18,96.0,99.01357018360932
19,98.0,97.97083637179571
20,99.99999999999999,98.13378979750847
21,99.0,99.51682632249972
22,98.0,100.71217559219065
23,98.0,101.40593052716656
24,101.0,101.50275960534118
25,103.0,102.14590680618433
26,101.0,102.74200176089792
27,101.0,103.9296700171036
28,99.99999999999999,104.16167527096583
29,99.99999999999999,104.47993009386266
30,99.0,102.62375279983434
31,96.0,101.58400443854516
32,96.0,101.40344748255562
33,96.0,101.55320309138685
34,96.0,101.00075948123452
35,95.0,99.96500138229679
36,95.0,99.23145976363269
37,94.0,99.20003040908249
38,94.0,98.02220737645092
39,95.0,97.56781987430041
40,97.0,96.87827741967612
41,96.0,97.39510817988318
