,y_actual,y_predict
0,124.0,114.69352523371602
1,121.0,114.43653629883313
2,118.0,114.19345072590076
3,115.0,113.72131139363674
4,111.0,112.91693492643914
5,104.0,111.9332583057636
6,97.0,110.41813439089174
7,91.0,108.31642684015087
8,91.0,105.70631989131114
9,86.0,103.05450285661986
10,84.0,100.50960041213229
11,91.0,97.8857980706805
12,87.0,96.18359350237421
13,93.0,94.76581758813691
14,91.0,94.29015501060958
15,91.0,93.77574285193114
16,106.0,93.6266655367275
17,107.0,94.91245432198629
18,108.0,96.63135148807653
19,105.0,98.06490860505572
20,104.0,99.00045255736848
21,110.0,99.48184652519393
22,110.0,100.15616875491163
23,115.0,101.10316325433014
24,112.0,103.30839671840685
25,107.0,104.59247893174124
26,106.0,105.30038820962008
27,99.0,105.310909011448
28,96.0,104.75328816433206
29,101.0,103.56024758728077
30,112.0,102.45011337533164
31,106.0,102.36487041354442
32,118.0,102.58922039577973
33,116.0,103.84704342176103
34,116.0,104.98212783758
35,114.0,106.55239421086976
36,113.0,107.8285613558522
37,114.0,108.62342628418791
38,110.0,109.51971908223916
39,106.0,109.64861113812178
40,109.0,109.2079791606343
41,106.0,109.17764622094552
42,99.0,108.52323399701265
43,97.0,107.5687770683906
44,98.0,106.1858727188167
45,94.0,104.68441972957588
46,89.0,102.94419958954833
47,90.0,101.17087562423431
48,87.0,99.33656159204455
49,85.0,97.62177487876149
50,82.0,95.8040433429412
51,84.0,94.05429331381603
52,78.99999999999999,92.6463164254673
53,78.99999999999999,91.34466691977839
54,80.0,90.14999317174566
55,81.0,89.09954004318902
56,80.0,88.67377787340138
