,y_actual,y_predict
0,640.0,648.3572253876183
1,630.0,637.5550322336862
2,630.0,630.8261190093131
3,635.0,629.8837121686786
4,650.0,628.9872162612429
5,640.0,628.9763924655967
6,630.0,629.065688779677
7,625.0,629.4445667264381
8,620.0,629.1963410129548
9,620.0,627.7406908290527
10,620.0,624.9641316839926
11,625.0,621.8092057158547
12,620.0,619.9344491447068
13,605.0,619.18661506386
14,595.0,618.7221840323464
15,630.0,616.8203379059843
16,630.0,616.5305007114615
17,660.0,617.1497270537636
18,680.0,619.6431838104808
19,675.0,625.7272844422885
20,670.0,635.2535324861424
21,670.0,642.4036567246924
22,665.0,648.2181696796653
23,670.0,651.4338141347678
24,665.0,650.8257723813
25,660.0,649.4276085787182
26,660.0,648.940011617912
27,650.0,647.8562640457991
28,655.0,646.243052469999
29,675.0,644.1904098240179
30,670.0,643.0828649345332
31,650.0,643.7814507451903
32,650.0,644.2451451572781
33,660.0,644.7234065943396
34,665.0,644.912973348641
35,630.0,643.5844576644317
36,645.0,640.4668286921242
37,650.0,638.4910049291311
38,635.0,637.7646230099328
39,640.0,636.1427373645665
40,640.0,633.3899003716307
41,640.0,632.5751692204714
42,640.0,632.151372521779
43,625.0,630.9581542831457
44,625.0,629.8972118471372
45,615.0,628.6840597848557
46,615.0,626.4561919138041
47,625.0,624.1656512593519
48,615.0,621.7126334058124
49,615.0,620.0439498773262
50,605.0,618.5529870601288
51,610.0,617.6701261285973
52,615.0,616.8662638722326
53,610.0,615.6524503557727
54,620.0,614.9637713247416
55,615.0,614.853022849013
56,610.0,615.4096365401124
57,605.0,615.9232707426672
58,605.0,615.6281118486186
59,575.0,615.1552472763306
60,575.0,613.0680135834305
61,570.0,609.6186352745707
62,570.0,606.4043588269735
63,595.0,602.9961410076678
