,y_actual,y_predict
0,129.0,129.296022035182
1,130.0,129.19544984769382
2,131.0,129.33342573785353
3,132.0,129.5751660085456
4,131.0,129.91731731801295
5,132.0,130.1041737773277
6,132.0,130.37472209644912
7,133.0,130.80377828135383
8,135.0,131.23300647892967
9,135.0,131.9180451310308
10,134.0,132.6714085740981
11,131.0,133.29263935217736
12,130.0,133.29425740294826
13,130.0,132.5979265716526
14,130.0,131.7856352087768
15,131.0,131.1242175177407
16,131.0,130.7214896828116
17,130.0,130.56476124284464
18,129.0,130.55335453942433
19,128.0,130.4075036375815
20,130.0,130.08994470810615
21,130.0,129.8334489188859
22,129.0,129.82139852594364
23,129.0,129.7535490331477
24,129.0,129.5790331249915
25,129.0,129.4840309793933
26,129.0,129.4131237350356
27,129.0,129.29523620887392
28,129.0,129.1618684476407
29,129.0,129.10502278648266
30,130.0,129.0855645320589
31,130.0,129.1889034075627
32,130.0,129.41063679394307
33,128.0,129.56959008201156
34,130.0,129.56890203132707
35,130.0,129.51774184161468
36,130.0,129.53651295068383
37,130.0,129.55543615516743
38,129.0,129.6064039622871
39,128.0,129.56107590745574
40,128.0,129.42982526007214
41,129.0,129.18262585039642
42,129.0,129.01334455942154
43,128.0,128.97674207366555
44,129.0,128.88645533858084
45,128.0,128.78378188051536
46,128.0,128.7092659913834
47,129.0,128.4913449489931
48,129.0,128.39443934738944
49,127.0,128.4525787249003
50,128.0,128.5190254090967
51,127.0,128.4959965337523
52,128.0,128.37919721406794
53,128.0,128.2431451498353
54,128.0,128.13157592068302
55,127.0,128.072370969941
56,128.0,127.98013415436365
57,128.0,127.91554973366463
58,127.0,127.91170298714034
59,127.0,127.86245304340731
60,127.0,127.80281534499795
61,128.0,127.72935959711805
62,128.0,127.64518836515681
63,128.0,127.59548575649977
64,128.0,127.61240365536997
