,y_actual,y_predict
0,177.0,178.95911291654883
1,180.0,178.84974107403536
2,179.0,179.19835413773595
3,191.0,179.3638586189997
4,190.0,180.9973781726675
5,188.0,182.94774624965808
6,185.0,184.22252571717036
7,185.0,184.77276218500134
8,185.0,185.04459328703803
9,178.0,185.4107092607427
10,182.0,184.9543940088163
11,184.0,184.192944692485
12,188.0,184.00768737882004
13,187.0,184.35573756664334
14,187.0,184.9042964746266
15,180.0,185.36584046398602
16,185.0,184.7998055249029
17,185.0,184.4705357855917
18,181.0,184.433559900013
19,180.0,184.09511654879176
20,184.0,183.7163627467526
21,182.0,183.75925357237873
22,181.0,183.61048199956787
23,188.0,183.33691325542688
24,183.0,184.0096574443905
25,183.0,184.34226016782898
26,186.0,184.20735969072416
27,184.0,184.35046930140993
28,184.0,184.38761436597423
29,183.0,184.3505183158824
30,184.0,184.23126926661234
31,185.0,184.2027665603211
32,186.0,184.3492075740221
33,185.0,184.56442063591993
34,186.0,184.72098867207592
35,186.0,185.11609907790844
36,186.0,185.3220784456397
37,189.0,185.8174503265563
38,185.0,186.28228461001856
39,186.0,186.2286216682354
40,186.0,186.018572518178
41,185.0,185.78693012133414
42,187.0,185.52045108346763
43,182.0,185.44944176176986
44,183.0,184.90229636792785
45,184.0,184.3449717749344
46,186.0,184.30718636000412
47,184.0,184.38675424103815
48,180.0,184.4647267800492
49,181.0,184.01814327257406
50,180.0,183.40984837155872
51,184.0,182.79045880753534
52,182.0,182.58809069964596
53,182.0,182.57553192691222
54,182.0,182.735597382845
55,183.0,183.18050016824836
56,183.0,183.2885660122376
57,183.0,183.31229217913204
58,180.0,183.3704043701249
59,181.0,183.06756291814148
60,170.0,182.75096104829302
61,173.0,181.50694527725318
62,165.0,180.04492894383338
63,175.0,178.24408030563671
64,165.0,177.07437996151768
65,177.0,176.25717905443162
66,174.0,176.10804224474532
67,172.0,176.11412003933032
68,170.0,175.8236950599993
