,y_actual,y_predict
0,177.0,174.25521613017332
1,180.0,174.77128160513993
2,179.0,176.27416968414292
3,191.0,176.87307594201425
4,190.0,177.6828962182151
5,188.0,179.14330614182782
6,185.0,180.77227367400494
7,185.0,181.90730971831098
8,185.0,183.4747878042316
9,178.0,183.97954516606816
10,182.0,183.24146152309194
11,184.0,182.43822974065688
12,188.0,181.86047559931987
13,187.0,181.55376200401216
14,187.0,181.61725630030347
15,180.0,182.51877633002806
16,185.0,183.02813947116385
17,185.0,183.03734154309012
18,181.0,182.4483852231281
19,180.0,181.6663308550196
20,184.0,180.81478819497156
21,182.0,181.11796484270212
22,181.0,181.17942266671835
23,188.0,180.8121477379068
24,183.0,181.06145748040433
25,183.0,181.884059466133
26,186.0,181.96439734871825
27,184.0,182.23423308739223
28,184.0,182.68102213942927
29,183.0,182.2804252749053
30,184.0,182.0363015798164
31,185.0,182.26980810772577
32,186.0,182.30642033754103
33,185.0,182.43134716005633
34,186.0,182.62581287009564
35,186.0,183.02324751058998
36,186.0,183.40458010632534
37,189.0,183.7496198568724
38,185.0,184.138764727073
39,186.0,184.3246434177598
40,186.0,184.20290886040243
41,185.0,184.0642232011341
42,187.0,183.59859361832838
43,182.0,183.18262043946024
44,183.0,182.91967360583487
45,184.0,182.41660803385415
46,186.0,182.06045148473083
47,184.0,181.8914100558899
48,180.0,181.783483349758
49,181.0,181.94203093815653
50,180.0,181.70973712316257
51,184.0,180.9681528981855
52,182.0,180.24843387126145
53,182.0,179.706681650502
54,182.0,179.83235792011234
55,183.0,180.43507149571536
56,183.0,180.9509377505681
57,183.0,181.30213751352494
58,180.0,181.37634700594072
59,181.0,181.199009482358
60,170.0,180.6772820452663
61,173.0,180.00599247935634
62,165.0,178.51395082877502
63,175.0,176.70045645668378
64,165.0,174.79192144138145
65,177.0,173.08713800698146
66,174.0,172.31697518233645
67,172.0,172.158753303013
68,170.0,172.260611701232
