,y_actual,y_predict
0,342.0,413.5994659706935
1,334.0,406.9804226811112
2,336.0,398.9220933283166
3,334.0,390.947988360533
4,346.0,383.47460245585665
5,346.0,377.0057536593031
6,346.0,371.70657949995126
7,340.0,367.3430856178311
8,328.0,363.828373164093
9,322.0,360.68086884056925
10,322.0,357.88601167747214
11,314.0,355.09964487576724
12,312.0,352.4534963924552
13,302.0,349.9071521073089
14,316.0,347.23727306390555
15,314.0,345.1981005165246
16,298.0,343.7375460980247
17,278.0,342.18317318614066
18,309.99999999999994,339.53859541968615
19,320.0,336.23754291038375
20,348.0,334.2727034769919
21,329.99999999999994,335.31735754269295
22,376.0,337.46626801106856
23,434.0,340.1476939459654
24,422.0,345.8399293859709
25,394.0,354.3676483683354
26,368.0,363.4889285156313
27,388.0,370.6429070247316
28,362.0,373.92833726907224
29,349.99999999999994,376.69568566125855
30,386.0,378.51508520400137
31,368.0,379.82727055717186
32,363.99999999999994,380.9791154354499
33,349.99999999999994,381.8890274658561
34,328.0,381.7669360690357
35,328.0,378.5152550112292
36,320.0,373.5652045123262
37,346.0,367.21169727528616
38,408.0,358.2236308982345
39,380.0,355.4890128492153
40,354.0,348.689506928241
41,329.99999999999994,349.44540380299196
42,343.99999999999994,351.7028210899604
43,343.99999999999994,355.0231467196232
44,332.0,360.05521410957516
45,324.00000000000006,365.0305234336201
46,326.0,366.19599534193264
47,326.0,365.53289811719884
48,332.0,362.23044469826675
49,309.99999999999994,360.6445300938105
50,304.00000000000006,353.3702856155891
51,304.00000000000006,350.5498300128944
52,309.99999999999994,347.49198390567267
53,316.0,343.20384198090863
54,316.0,340.16059929528154
55,294.0,338.4208393423979
56,274.0,332.15885820116625
57,264.0,328.3940197008128
58,254.0,327.8135761442324
59,238.0,329.5947266089032
60,222.0,320.98053329575873
61,222.0,310.48177691618605
