,y_actual,y_predict
0,342.0,356.14200654389236
1,334.0,344.8249915851427
2,336.0,332.71085904708264
3,334.0,320.2738805170827
4,346.0,308.17732302710465
5,346.0,300.356384178837
6,346.0,296.84540748411155
7,340.0,295.99683831476426
8,328.0,297.583262340904
9,322.0,298.179497969674
10,322.0,297.50689154018085
11,314.0,295.77430594267366
12,312.0,293.2056320070658
13,302.0,289.86009000406807
14,316.0,286.5877349162714
15,314.0,284.689162753546
16,298.0,283.20241557015106
17,278.0,281.7805347477929
18,309.99999999999994,279.1967904207138
19,320.0,276.58006103962583
20,348.0,275.4366216191261
21,329.99999999999994,277.44552602814366
22,376.0,282.80655247023793
23,434.0,293.62925858873155
24,422.0,308.84704273372444
25,394.0,325.9939643424548
26,368.0,342.595210424506
27,388.0,354.2889002664224
28,362.0,360.67135963580995
29,349.99999999999994,355.7072575888028
30,386.0,340.330788589389
31,368.0,332.78544687191345
32,363.99999999999994,331.5800702650573
33,349.99999999999994,328.07894238954685
34,328.0,325.55543717654564
35,328.0,324.8367705364996
36,320.0,318.96233194101666
37,346.0,311.3341667481598
38,408.0,308.78705833048826
39,380.0,312.2100324293832
40,354.0,330.19554703282495
41,329.99999999999994,345.1914355828317
42,343.99999999999994,355.83639598557875
43,343.99999999999994,354.72738498052456
44,332.0,345.9186774878839
45,324.00000000000006,321.34426037780224
46,326.0,313.3305054223169
47,326.0,308.0910185035525
48,332.0,307.3204757553999
49,309.99999999999994,304.50112389968615
50,304.00000000000006,306.6201482959611
51,304.00000000000006,306.12133956416704
52,309.99999999999994,304.2315973772896
53,316.0,300.51867743684966
54,316.0,299.31780072153146
55,294.0,292.61584905295393
56,274.0,297.473906486172
57,264.0,299.4731743350094
58,254.0,293.7590762144189
59,238.0,282.70033804922105
60,222.0,274.43293354714257
61,222.0,261.18533776321874
