,y_actual,y_predict
0,276.0,283.31481813293095
1,286.0,280.5880466580222
2,280.0,279.88089909404147
3,274.0,280.800960495303
4,258.0,279.7278405523818
5,268.0,276.09731889205284
6,262.0,271.84103732295785
7,262.0,267.1107069948203
8,266.0,262.3875022971139
9,262.0,258.464389295593
10,280.0,255.5166714545539
11,284.0,254.11858389690013
12,280.0,253.29977122621844
13,268.0,254.1667142915392
14,264.0,254.89193504543152
15,254.0,255.939143604967
16,258.0,255.6243462082134
17,264.0,254.68976147656414
18,270.0,253.89108195077316
19,264.0,253.38522696862466
20,270.0,253.24172972743435
21,268.0,252.92552016028623
22,270.0,252.42506770157365
23,262.0,252.3447812801529
24,264.0,252.61590504020978
25,268.0,252.7940198896035
26,264.0,253.40868972628047
27,256.0,253.80464157579829
28,254.0,253.5431179832858
29,262.0,252.6864617371692
30,260.0,251.79648345201852
31,262.0,251.0721436851613
32,266.0,250.28952921706951
33,264.0,249.65121524305303
34,262.0,249.4736833997855
35,262.0,249.5966847367177
36,258.0,249.67115405256837
37,260.0,249.60435450619988
38,258.0,249.54966853156424
39,278.0,249.56249466634017
40,286.0,249.74137390154377
41,290.0,250.75308386584075
42,290.0,253.2108563141302
43,294.0,256.21594195798536
44,290.0,259.2294358457492
45,282.0,262.2211253043939
46,300.0,264.2840989597263
47,304.0,266.1560798081222
48,298.0,268.63603240058984
49,300.0,271.4970507528202
50,300.0,274.13712273892014
51,288.0,276.0951941586152
52,284.0,276.77678014288597
53,288.0,276.31821343541645
54,286.0,275.5547474796467
55,274.0,274.69553896226665
56,274.0,273.4921236279901
57,270.0,271.79807624930424
58,264.0,269.2318257944703
59,268.0,266.1157357841905
60,264.0,263.16457172916114
61,262.0,260.416008780825
62,264.0,258.0496905601956
63,262.0,256.1799899135376
64,262.0,254.13481737859132
65,258.0,252.43224515477152
66,264.0,251.3729359791949
67,266.0,250.52617788153165
68,260.0,250.29438760145433
69,260.0,250.39768333132167
70,260.0,250.080696422672
71,262.0,249.5926296052178
72,260.0,249.32655856492116
73,258.0,248.88857845155164
74,250.0,248.5194448838381
75,250.0,247.58106413452285
76,234.0,246.59754575534956
77,234.0,244.8285108331453
78,222.00000000000003,242.1868193855837
79,226.0,239.05671131689226
80,236.0,235.9438861409191
