,y_actual,y_predict
0,800.0,817.824926204371
1,800.0,810.2339147492538
2,810.0,810.127604666641
3,820.0,808.9775991747456
4,820.0,814.3631825365711
5,820.0,822.4923610099866
6,815.0,826.4289448586715
7,815.0,830.8599594712773
8,795.0,827.6197116014711
9,810.0,815.8787678120913
10,850.0,808.374364756836
11,850.0,818.9055807854305
12,850.0,836.1871661052027
13,845.0,848.8987757580294
14,850.0,854.4363682184724
15,860.0,857.7318449909271
16,890.0,861.6514923053174
17,890.0,875.2740455527012
18,905.0,886.3998302214538
19,905.0,893.3050293095628
20,910.0,903.4703199109753
21,900.0,911.0807614717627
22,900.0,906.916645407249
23,900.0,904.6132273655388
24,900.0,903.9479684457613
25,900.0,905.0446954522228
26,900.0,908.2410095570477
27,900.0,909.8146444335301
28,900.0,908.0685951441527
29,895.0,905.8319109977751
30,895.0,902.6234191297712
31,895.0,903.1881204632781
32,915.0,903.5758276067593
33,915.0,914.1563657365008
34,900.0,919.3296930932769
35,900.0,918.9667488417745
36,900.0,910.0739079623357
37,895.0,903.0411664016822
38,895.0,899.7211242478527
39,950.0,899.3206097761422
40,915.0,922.6401868438435
41,900.0,927.7095804174614
42,890.0,914.2769706490793
43,890.0,904.7320608548875
44,900.0,898.9340136298085
45,900.0,898.9887611003599
46,900.0,899.8936621048751
47,900.0,900.8502615099923
48,900.0,900.6425297322162
49,900.0,902.2532410523966
50,950.0,907.388115563453
51,940.0,929.5224191520289
52,930.0,936.9495400112555
53,930.0,927.8682925322028
54,930.0,915.9047542920946
55,920.0,914.7083893581123
56,900.0,907.4785507312678
57,885.0,899.1795131383967
58,880.0,886.9656734131402
59,880.0,879.9684282113526
60,870.0,878.0529950624104
61,925.0,881.1712431009973
62,900.0,904.8693183802675
63,900.0,913.4574312587381
64,900.0,915.0102843163539
65,850.0,911.9583196020343
66,820.0,888.2889944600615
67,795.0,859.2464674022527
68,780.0,828.321886487581
69,780.0,805.2724483763191
70,815.0,789.2618437934034
71,830.0,794.3770721715662
72,835.0,814.3640589898764
73,835.0,831.4338388756647
74,845.0,845.161418386735
75,875.0,856.9994386379898
