,y_actual,y_predict
0,800.0,822.517630022888
1,800.0,817.7819429591715
2,810.0,813.848420524849
3,820.0,810.6794122610294
4,820.0,812.9940266851048
5,820.0,817.1242203033785
6,815.0,821.686851044737
7,815.0,823.6329724037784
8,795.0,823.0686722636858
9,810.0,819.4134052371866
10,850.0,817.3694050294414
11,850.0,827.4649003211591
12,850.0,844.0036852924575
13,845.0,855.0508977740492
14,850.0,858.9189577875525
15,860.0,860.041879637872
16,890.0,861.7994647809653
17,890.0,875.7754755986522
18,905.0,888.9314532494878
19,905.0,898.8662798370432
20,910.0,907.9582546107767
21,900.0,911.7015558168107
22,900.0,904.3565993688555
23,900.0,902.537958760295
24,900.0,901.5887906916543
25,900.0,904.0898242648908
26,900.0,906.9238977497403
27,900.0,907.6577669155887
28,900.0,905.716175956027
29,895.0,904.1059460679438
30,895.0,901.0805588742774
31,895.0,902.3832092020469
32,915.0,903.6030717257009
33,915.0,913.4968840018906
34,900.0,917.2821562112786
35,900.0,915.2553147372575
36,900.0,905.9508370702196
37,895.0,899.8597581752542
38,895.0,898.2130628919042
39,950.0,899.521650882207
40,915.0,924.2495711396531
41,900.0,924.7490260795639
42,890.0,910.0743091557501
43,890.0,900.5299363435131
44,900.0,894.683307682052
45,900.0,895.7500747987666
46,900.0,900.877061230075
47,900.0,902.5996931684635
48,900.0,903.2522373431075
49,900.0,904.6524825980874
50,950.0,906.2062985198978
51,940.0,927.6747568290905
52,930.0,932.7539333498137
53,930.0,921.4135966152401
54,930.0,908.5768269615295
55,920.0,906.6215954258778
56,900.0,897.2350521028703
57,885.0,891.5130958379893
58,880.0,881.0971642800778
59,880.0,876.0736672330685
60,870.0,876.6145993998231
61,925.0,879.7010852644013
62,900.0,901.7401763974277
63,900.0,905.0239444943882
64,900.0,904.8530422720551
65,850.0,901.5997957356218
66,820.0,880.8539299712295
67,795.0,854.7565329075857
68,780.0,831.0412618613532
69,780.0,811.9844512326663
70,815.0,799.2571641756456
71,830.0,802.6763566526922
72,835.0,812.9377978850234
73,835.0,827.5891962131502
74,845.0,841.5486902065761
75,875.0,850.5320403203061
