,y_actual,y_predict
0,482.0,476.3840732509159
1,482.0,476.227368829516
2,482.0,476.43872003628104
3,482.0,476.67752486064325
4,482.0,477.1581806279023
5,476.0,477.73156454409235
6,480.0,477.749251453881
7,480.0,477.79705354933424
8,468.0,477.99454745563673
9,478.0,477.10652354172515
10,484.0,476.6060851928895
11,472.0,476.8398382347885
12,482.0,476.9085145530962
13,484.0,477.0549950799655
14,482.0,477.7764127213319
15,482.0,478.1813578178212
16,482.0,478.2083600587195
17,480.0,478.3653190322266
18,482.0,478.41344911994446
19,484.0,478.58066928175504
20,484.0,478.9137356627346
21,482.0,479.09187580372884
22,484.0,479.32487051698814
23,486.0,479.6031499119875
24,484.0,479.95811822491737
25,482.0,480.49842052558137
26,484.0,480.8975360126754
27,486.0,481.13647340788606
28,484.0,481.472538140969
29,484.0,481.768011814238
30,484.0,481.8841919362815
31,484.0,481.8874360779536
32,484.0,481.89591920908197
33,482.0,481.8107857473483
34,480.0,481.2969817137286
35,470.0,480.8086518629272
36,464.0,479.08737254594064
37,470.0,476.14616545762635
38,476.0,473.39180405936213
39,476.0,472.0417939785298
40,476.0,471.13904420585186
41,470.0,470.54924512456836
42,468.0,470.03871423158034
43,468.0,469.9343750395498
44,468.0,469.08232901225267
45,468.0,468.43351564504195
46,472.0,467.74660933806786
47,470.0,467.8970952292983
48,470.0,468.1613823924362
49,478.0,468.38403874274155
50,478.0,469.18092220075937
51,486.0,470.29156832103996
52,478.0,472.31952075625907
53,482.0,473.7509746489432
54,480.0,474.851984110933
55,480.0,475.7730992287364
56,480.0,476.3787025968286
57,480.0,476.74608214289907
58,470.0,476.82441909041177
59,476.0,476.34315715135233
60,470.0,475.5716205379796
61,468.0,474.84575553198096
62,468.0,473.4573145799611
63,466.0,472.01680014944526
64,458.0,470.44080959563416
