,y_actual,y_predict
0,1840.0,1795.506897144272
1,1825.0,1796.4958419638428
2,1930.0,1798.156638337587
3,1950.0,1848.447684619636
4,1960.0,1914.1038304525719
5,1925.0,1930.7248477721218
6,1880.0,1916.3166301797507
7,1825.0,1863.9225702350523
8,1805.0,1854.9469543718606
9,1695.0,1791.8609772713003
10,1675.0,1807.9738567122943
11,1635.0,1719.7388075280737
12,1670.0,1701.1326803067775
13,1700.0,1713.0057154863214
14,1725.0,1734.5719328155744
15,1640.0,1715.9799061824524
16,1585.0,1694.1731766028408
17,1510.0,1662.2649868980984
18,1515.0,1626.2323955486825
19,1420.0,1585.273844625693
20,1375.0,1556.3511723190572
21,1380.0,1512.1675469706684
22,1300.0,1470.7920360804062
23,1220.0,1436.7825086025923
24,1135.0,1406.747439943086
25,1060.0,1360.4315221553015
26,1000.0,1307.9258268886083
27,1020.0,1256.8321756715943
28,1080.0,1217.2458281778888
29,1210.0,1188.563572939242
30,1175.0,1174.4419902540146
31,1180.0,1178.4321167702233
32,1100.0,1184.1954636360897
33,1125.0,1189.0424490379037
34,1105.0,1185.7391856952936
35,1150.0,1177.6181987307637
36,1130.0,1169.2256700634039
37,1170.0,1166.0070374448005
38,1170.0,1168.545524045599
39,1155.0,1174.7749653776452
40,1170.0,1182.0673762178058
41,1155.0,1189.0658910957745
42,1155.0,1195.1637903931096
43,1155.0,1199.2167372732179
44,1160.0,1201.74459064359
45,1150.0,1204.4693355441066
46,1160.0,1207.5185435449202
47,1170.0,1209.1161660202492
48,1160.0,1211.2755820355947
49,1145.0,1212.034593445308
50,1160.0,1209.8819217807188
51,1170.0,1212.6521910488405
52,1170.0,1210.9941685612946
53,1150.0,1207.8071092944174
54,1100.0,1205.540653905778
