,y_actual,y_predict
0,1840.0,1747.8722548214062
1,1825.0,1749.4895664497496
2,1930.0,1750.0942464459868
3,1950.0,1756.2617648479034
4,1960.0,1784.8360560845235
5,1925.0,1817.836871404234
6,1880.0,1849.1496138025852
7,1825.0,1869.8068259052034
8,1805.0,1870.0678703524209
9,1695.0,1841.6994993735702
10,1675.0,1820.9634762689689
11,1635.0,1785.9343246542576
12,1670.0,1756.7944325828391
13,1700.0,1726.1873994672562
14,1725.0,1718.5444591550247
15,1640.0,1697.3090957423099
16,1585.0,1700.6694821041283
17,1510.0,1687.5607078182647
18,1515.0,1660.4441345712241
19,1420.0,1613.249438757876
20,1375.0,1566.9465405584972
21,1380.0,1514.6147859730916
22,1300.0,1465.6261285519508
23,1220.0,1420.3098262072374
24,1135.0,1375.8752831358765
25,1060.0,1319.898191669513
26,1000.0,1262.4568554225152
27,1020.0,1196.401841071261
28,1080.0,1133.2265285181422
29,1210.0,1088.969636540796
30,1175.0,1078.988079006329
31,1180.0,1099.9299407838116
32,1100.0,1132.7500183812379
33,1125.0,1157.0985115546564
34,1105.0,1163.2856647196622
35,1150.0,1149.980393230614
36,1130.0,1126.7144771334358
37,1170.0,1113.6052269357247
38,1170.0,1111.1832163602862
39,1155.0,1119.367513198045
40,1170.0,1128.5277012732654
41,1155.0,1139.3142297044546
42,1155.0,1145.218691231912
43,1155.0,1147.133107828049
44,1160.0,1146.2512839666601
45,1150.0,1146.0014166491237
46,1160.0,1145.0598998445487
47,1170.0,1144.7416915856788
48,1160.0,1146.0507755064732
49,1145.0,1148.1475071327327
50,1160.0,1146.5780858337519
51,1170.0,1147.6238137354972
52,1170.0,1146.8100860607767
53,1150.0,1144.08085399141
54,1100.0,1142.8914007116523
