,y_actual,y_predict
0,75.0,75.62416750524105
1,73.0,75.01481578355994
2,74.0,73.61392927209495
3,73.0,73.83649757727068
4,74.0,73.52451547299468
5,69.0,73.54635895047183
6,69.0,73.15729107307989
7,68.0,71.3545705792686
8,69.0,69.93971660518302
9,70.0,69.86071726012446
10,68.0,69.95705700711261
11,69.0,69.31955535210689
12,68.0,69.76154881303853
13,68.0,69.598122512615
14,69.0,69.33672643517075
15,69.0,70.22083026767942
16,72.0,70.1229800889051
17,77.0,71.99502590782059
18,77.0,75.10223000748421
19,73.0,76.76740042371418
20,75.0,75.10070613769282
21,76.0,75.07101486517004
22,77.0,75.62115201687078
23,84.0,76.04701584014273
24,92.0,80.83884993138832
25,83.0,85.63074314985687
26,80.0,82.37851744171233
27,78.0,79.04786753513244
28,75.0,78.80776532075203
29,73.0,76.15289925843464
30,73.0,72.97572749701753
31,74.0,71.44659538278216
32,76.0,71.77757076362921
33,72.0,73.2508921546052
34,76.0,72.87787463064217
35,73.0,74.24876885826755
36,72.0,73.3180996500875
37,75.0,72.98885374051164
38,76.0,74.32871289509275
39,74.0,75.23295223461574
40,72.0,74.51229889093997
41,72.0,73.83195687530849
42,73.0,73.0212796470957
43,74.0,73.31530992020484
44,78.0,72.9262984824348
45,83.0,75.74276058886541
46,75.0,78.76705354015235
47,75.0,76.78621900621742
48,76.0,75.00432742048955
49,73.0,75.52897536389827
50,74.0,73.74085391895268
51,75.0,73.61086675070644
52,74.0,74.27955935961694
53,73.0,74.12486910638376
54,78.0,73.57337337235576
55,81.0,76.02987432069034
56,83.0,78.45694469380332
57,80.0,80.05122156972048
58,79.0,79.30931467699651
59,78.0,78.53207926856203
60,78.0,77.69137884909765
61,78.0,77.07743670483505
62,79.0,76.9190940017844
63,83.0,77.33552972059744
64,81.0,79.33579023487131
65,80.0,79.51517147888674
66,79.0,79.38734648567959
67,79.0,78.71786506586297
68,78.0,78.84023422895277
69,78.0,78.22919200621561
70,78.0,77.94995832064882
71,78.0,77.77486380029701
72,77.0,77.74899026505585
73,78.0,77.11665686685586
74,76.0,77.30409285119721
75,76.0,76.56041482938589
76,75.0,75.99626318204632
77,76.0,75.50104850146025
78,75.0,75.4431602625946
79,76.0,75.32050621379423
80,76.0,75.25375023528716
81,74.0,75.43854833920477
82,74.0,75.08703431118697
83,74.0,74.88441472475307
84,74.0,74.53961432414073
85,74.0,74.39739319594665
86,74.0,74.2888463650211
87,73.0,74.24674778228321
88,72.0,74.0728519319966
89,71.0,73.00416365985322
90,72.0,72.24478198514753
91,72.0,72.16992826469782
92,76.0,72.34052911610569
93,76.0,73.43783093275358
94,76.0,74.42210031233513
95,76.0,75.24535416962875
