,y_actual,y_predict
0,75.0,72.6231249905773
1,73.0,74.52002574393866
2,74.0,75.59586975385908
3,73.0,76.07764642923004
4,74.0,75.53884423492825
5,69.0,74.77602914989009
6,69.0,74.17694540799386
7,68.0,73.36006385277324
8,69.0,72.35433263506265
9,70.0,71.27236492616571
10,68.0,70.50892094248348
11,69.0,70.05523507321416
12,68.0,69.9460996576602
13,68.0,69.97579361778402
14,69.0,69.84277752316228
15,69.0,69.67536954179353
16,72.0,69.47292733702847
17,77.0,70.04476821095213
18,77.0,71.53420177018101
19,73.0,73.54513609199725
20,75.0,74.78843242870364
21,76.0,75.51291157246413
22,77.0,75.96986287700072
23,84.0,75.91392583649233
24,92.0,76.7685265285512
25,83.0,79.17828606334609
26,80.0,81.22324138296541
27,78.0,81.74627273434676
28,75.0,82.08150527524595
29,73.0,81.04770340844152
30,73.0,78.7449103951589
31,74.0,76.55096791171968
32,76.0,75.41481413439385
33,72.0,74.51878407225678
34,76.0,74.47517908913429
35,73.0,74.74405744788231
36,72.0,74.90068546146752
37,75.0,74.71462418505968
38,76.0,74.5679685151446
39,74.0,74.80223057245851
40,72.0,74.95097450838401
41,72.0,74.92048233075042
42,73.0,74.58665809279776
43,74.0,74.21896605030149
44,78.0,73.56542613607155
45,83.0,73.90134939043878
46,75.0,75.19756996688434
47,75.0,76.79765743625651
48,76.0,76.72537171860341
49,73.0,77.0079219038573
50,74.0,76.5831546218109
51,75.0,75.53266812773138
52,74.0,74.7380466281496
53,73.0,75.15206216222339
54,78.0,74.65256478937526
55,81.0,74.93997415731492
56,83.0,76.13041478810874
57,80.0,77.38423173909803
58,79.0,78.43802935766254
59,78.0,79.12948460360691
60,78.0,79.13783766764863
61,78.0,78.48325093281241
62,79.0,77.81790841860204
63,83.0,77.37133662929361
64,81.0,77.71916058107935
65,80.0,78.32339779797559
66,79.0,78.74146489062174
67,79.0,78.8345069511301
68,78.0,78.90311065535425
69,78.0,78.5349012496572
70,78.0,77.97349901818464
71,78.0,77.63719681207033
72,77.0,77.45654433276155
73,78.0,77.04856918203195
74,76.0,76.8211954461913
75,76.0,76.63513282598294
76,75.0,76.2128623253055
77,76.0,75.66050655894375
78,75.0,75.3410569551697
79,76.0,74.92740424723672
80,76.0,74.65234574989026
81,74.0,74.7171814374521
82,74.0,74.69135224762815
83,74.0,74.52491717783695
84,74.0,74.22847478279171
85,74.0,73.93792360923274
86,74.0,73.61341190889416
87,73.0,73.49326404806642
88,72.0,73.3592427906546
89,71.0,73.14157532598082
90,72.0,72.6491194678654
91,72.0,72.17332001721411
92,76.0,71.84585329952873
93,76.0,71.96800073553248
94,76.0,72.65931757002315
95,76.0,73.56987814719932
