,y_actual,y_predict
0,107.0,97.52633988317478
1,114.0,100.46176104776379
2,114.0,105.52967400179216
3,115.0,109.43909884901393
4,114.0,111.12872997734078
5,119.0,112.63240603506546
6,117.0,115.92396329620553
7,115.0,118.68842998376115
8,117.0,118.53427355704227
9,113.0,117.49549606950026
10,112.0,115.71629712685055
11,113.0,114.21106327327959
12,124.0,112.84471291092757
13,124.0,114.57794053559596
14,120.0,117.72647470816332
15,123.0,118.4990107237945
16,120.0,119.05709380914598
17,112.0,119.26711301278624
18,105.0,119.6116909177785
19,116.0,116.72855940397392
20,119.0,118.8475648209818
21,118.0,119.76454010322777
22,121.0,118.82061386347331
23,124.99999999999999,118.38016070503235
24,122.0,121.25027427452704
25,121.0,124.89286939126667
26,116.0,124.97460465164912
27,116.0,124.00977344525813
28,120.0,121.48615506795113
29,118.0,119.68265233136387
30,118.0,118.31268526816592
31,122.0,117.40439224668563
32,121.0,117.79369959045306
33,124.0,118.09289443603532
34,128.0,118.19568717453572
35,129.0,119.36957894096926
36,130.0,121.34137809734167
37,129.0,123.64211183818001
38,124.99999999999999,124.51246218180984
39,126.0,124.24205932519078
40,121.0,124.66497366326448
41,121.0,124.86961139034484
42,117.0,124.29686541541923
43,116.0,122.92512268283005
44,108.0,146.0012427693493
45,110.0,142.8360957389806
46,114.0,134.25355569483025
