,y_actual,y_predict
0,107.0,96.32913564743316
1,114.0,99.31771795698637
2,114.0,105.6775774577714
3,115.0,109.99324931687931
4,114.0,111.82192734158383
5,119.0,113.13817768227801
6,117.0,116.63656229962504
7,115.0,117.9184430886057
8,117.0,116.73221967952884
9,113.0,115.70448838071508
10,112.0,113.82576480273897
11,113.0,112.02257798279189
12,124.0,110.3669787021839
13,124.0,113.06733609914232
14,120.0,116.65995102467383
15,123.0,117.73063609287158
16,120.0,119.27490199201767
17,112.0,120.23902510938763
18,105.0,120.01251287839577
19,116.0,114.98951455565577
20,119.0,116.80449922806108
21,118.0,115.75929447094353
22,121.0,114.21999608862194
23,124.99999999999999,114.52618467499659
24,122.0,120.6008041307525
25,121.0,124.21250477882033
26,116.0,124.00858603443824
27,116.0,123.36669789002744
28,120.0,120.14218031866392
29,118.0,116.98099858681309
30,118.0,115.17090517549155
31,122.0,114.86913942207909
32,121.0,116.0835665615478
33,124.0,117.14784614752443
34,128.0,117.59533662146683
35,129.0,119.35404455721539
36,130.0,122.09691997646792
37,129.0,124.50589329443005
38,124.99999999999999,125.24853705969612
39,126.0,125.13934973265185
40,121.0,125.26951828207338
41,121.0,124.46210071189807
42,117.0,122.93905569602865
43,116.0,120.93596989860353
44,108.0,139.58822212360005
45,110.0,130.4895941198845
46,114.0,122.11725847188762
