,y_actual,y_predict
0,114.0,113.54102837032346
1,113.0,113.06783507828125
2,111.0,112.56948399874784
3,149.0,111.20834463233174
4,139.0,133.28035301988513
5,130.0,128.5534583301143
6,170.0,126.0867396763544
7,159.0,144.1563696637125
8,166.0,138.02060699159293
9,155.0,143.43422920203466
10,173.0,144.5572348728137
11,161.0,155.75624214031592
12,150.0,152.8403248143325
13,141.0,146.93752191975057
14,143.0,143.71407010505098
15,138.0,142.25607955921632
16,140.0,141.4210960772531
17,145.0,141.036508913144
18,144.0,142.3737139034854
19,163.0,140.44452904571682
20,152.0,152.14265258098382
21,142.0,150.4178056052995
22,137.0,142.3244423062451
23,128.0,137.48316532218857
24,138.0,133.79768514217952
25,129.0,142.3851828294186
26,120.0,135.98014804599796
27,120.0,129.50030406421067
28,123.0,124.98676509622092
29,119.0,123.09462550687346
30,119.0,121.19944147675267
31,123.0,119.34904802151136
32,123.0,120.68784492961709
33,122.0,121.06412401801626
34,121.0,120.76187318369625
35,121.0,120.23691475950855
36,120.0,120.01021588257731
37,123.0,119.40316655234524
38,122.0,119.5601569296896
39,120.0,119.86269322667343
40,122.0,119.36772246995677
41,123.0,119.9648755140219
42,125.0,120.6294029369836
43,123.0,121.70918066291964
44,124.0,121.31372367374065
45,124.0,121.30801516192531
46,123.0,121.42971345648142
47,126.0,120.89715950105118
48,124.0,122.43132742701994
49,122.0,122.54791668135478
50,123.0,121.43567703104057
51,125.0,120.88314958667907
52,131.0,122.02524269993926
53,128.0,125.7278233910699
54,126.0,125.49324611534742
55,128.0,124.25182923404984
56,125.0,124.2338921690309
57,125.0,123.89889024036158
58,124.0,123.51118930883221
59,124.0,123.06785689435061
60,123.0,122.82457634395759
61,122.0,122.24115850279196
62,123.0,121.71444059054895
63,127.0,121.6906530238442
64,126.0,123.23802155899656
65,124.0,123.47007934866261
66,122.0,123.91225248814443
67,126.0,121.96510053616761
68,123.0,122.75585843688731
69,124.0,121.83391746655735
70,122.0,122.14833790789453
71,122.0,120.90438504302293
72,114.0,120.81504635116286
73,108.0,117.50510972978017
74,115.0,113.18146701356484
75,112.0,111.11608309937854
76,113.0,110.46230983349825
