,y_actual,y_predict
0,114.0,114.04575898429759
1,113.0,113.44960320590225
2,111.0,112.96388514680135
3,149.0,112.20671063092492
4,139.0,128.15606066981996
5,130.0,129.71215656555512
6,170.0,128.07602005533434
7,159.0,137.95696438824731
8,166.0,140.6197564092425
9,155.0,143.65932652220252
10,173.0,145.18158843070475
11,161.0,148.59099284901433
12,150.0,149.26306093507017
13,141.0,146.73927736798177
14,143.0,143.62321141718866
15,138.0,141.93385078719626
16,140.0,140.13146325447534
17,145.0,138.69820193140535
18,144.0,139.58057963018067
19,163.0,139.84419439050745
20,152.0,145.05607828275953
21,142.0,146.85034829536693
22,137.0,143.6189747063804
23,128.0,139.3945788315755
24,138.0,134.9346962785619
25,129.0,136.46316570244508
26,120.0,133.69808684803488
27,120.0,127.64937230794611
28,123.0,122.49921749236508
29,119.0,120.32499148395598
30,119.0,118.85227996220472
31,123.0,117.79640695388481
32,123.0,118.68115436350075
33,122.0,119.07166877055724
34,121.0,119.2866392100427
35,121.0,119.44306904251987
36,120.0,119.87791987930882
37,123.0,119.56175996937588
38,122.0,119.64048908914012
39,120.0,119.94718646786284
40,122.0,119.81114905004436
41,123.0,120.31125368594135
42,125.0,121.02690561834319
43,123.0,122.10355215251457
44,124.0,122.3169836887304
45,124.0,122.64438304227326
46,123.0,122.95901257574343
47,126.0,122.65908993042203
48,124.0,123.72980069483918
49,122.0,124.08590647044241
50,123.0,123.4490340771844
51,125.0,122.99725196785313
52,131.0,123.6711025272697
53,128.0,126.3154784991399
54,126.0,126.91977552441567
55,128.0,126.28725235874317
56,125.0,126.35847974214012
57,125.0,126.07095229348647
58,124.0,125.61950977350595
59,124.0,125.17819172445809
60,123.0,124.77867727277989
61,122.0,124.10235653449426
62,123.0,123.5482575625587
63,127.0,123.390673645312
64,126.0,124.70019024018382
65,124.0,125.24519907992972
66,122.0,125.65763776103061
67,126.0,124.33510870282184
68,123.0,124.74640330888298
69,124.0,124.1093014333017
70,122.0,124.26657430746403
71,122.0,123.30008929819155
72,114.0,123.1049147676166
73,108.0,120.27891187832044
74,115.0,116.546397831771
75,112.0,114.05595111358889
76,113.0,112.93931904555886
