,y_actual,y_predict
0,61.0,58.720718259514115
1,61.0,58.97953569657836
2,59.0,59.32693339800056
3,57.0,59.445681218856436
4,57.0,59.10570085696045
5,54.0,57.94086201412353
6,54.0,56.56420961458521
7,54.0,55.15807499745508
8,54.0,54.12021562912486
9,54.0,53.4844832895723
10,54.0,52.93799505741407
11,51.0,52.67430733064501
12,51.0,52.416399885400125
13,51.0,52.047490297698815
14,53.0,51.57914756034231
15,52.0,51.21677777489631
16,52.0,50.93804462525372
17,53.0,50.93708616235551
18,53.0,51.11794313769293
19,52.0,51.335731703209184
20,51.0,51.376573012756424
21,52.0,51.28038110306921
22,51.0,51.22533987485856
23,54.0,51.05170635473199
24,52.0,50.955352593790195
25,52.0,51.02927731134361
26,51.0,51.19394157444563
27,51.0,51.196139211011705
28,51.0,51.228974784284304
29,51.0,51.00059339134601
30,52.0,50.69840108251767
31,51.0,50.505727279645455
32,56.0,50.557611565416536
33,55.0,50.93785158391362
34,57.0,51.58566207333909
35,54.0,52.43672233355313
36,51.0,53.187801510177195
37,51.0,53.65973363629409
38,53.0,53.20045035431755
39,51.0,52.49409691735061
40,51.0,51.61431648920174
41,50.0,50.968008181732834
42,50.0,50.69524751197925
43,50.0,50.5963681970858
44,50.0,50.3316857594813
45,50.0,50.114853970912684
46,51.0,49.972837081797664
47,50.0,49.92903608602738
48,50.0,49.9359931610484
49,50.0,49.94077704578659
50,50.0,49.9800934130446
51,50.0,50.014142027751255
52,50.0,49.950806765718745
53,50.0,49.92129251506614
54,50.0,49.919050200810005
55,50.0,49.89127922304525
56,50.0,49.87343849412912
57,51.0,49.88966071049947
58,50.0,49.91597839887415
59,50.0,49.941027409446015
60,50.0,49.95973724588023
61,50.0,49.99144744714833
62,50.0,49.993365215920036
63,50.0,49.94479129409025
64,50.0,49.91753706017475
65,50.0,49.91341743996056
66,50.0,49.91317719200455
67,51.0,49.9139830763763
68,50.0,49.94417002130575
69,50.0,49.95571372484844
70,50.0,49.942091244254755
71,50.0,49.91596575424489
72,50.0,49.88713431357253
73,50.0,49.83974814391828
74,50.0,49.837006788293856
75,50.0,49.861301335986305
