,y_actual,y_predict
0,236.0,238.0961140765809
1,242.0,236.63158958212492
2,232.0,236.51176935568785
3,232.0,235.34640337812942
4,226.0,233.3308244254735
5,220.0,229.60870070020428
6,222.0,224.5703695278773
7,218.0,222.31920816927033
8,216.0,218.64409771913287
9,216.0,215.71312009289304
10,214.0,213.51118827906723
11,214.0,212.22596230935366
12,212.0,211.04875634413952
13,218.0,210.52486340085238
14,224.0,211.73493012409
15,220.0,215.1877976230219
16,224.0,217.4407855599863
17,220.0,219.124119388835
18,222.0,219.73136127725903
19,218.0,219.92061091804743
20,218.0,219.2213817469547
21,220.0,217.9554951714769
22,216.0,217.48417403696823
23,210.0,216.47744931323322
24,208.0,213.69137898338238
25,204.0,210.29169762259187
26,202.0,207.72693727902194
27,206.0,204.71552227195377
28,216.0,202.6520628456214
29,212.0,204.71249395957543
30,210.0,206.80829005215944
31,212.0,207.49918779549338
32,212.0,208.51772854548986
33,216.0,209.16445677235308
34,214.0,210.1089415196424
35,212.0,211.07905884096525
36,214.0,211.21017864914543
37,214.0,210.85366063297357
38,218.0,211.33243274145696
39,216.0,212.75058429080596
40,216.0,213.8614059780048
41,214.0,214.1007466585425
42,216.0,214.0026201607795
43,220.0,213.8965160481854
44,220.0,214.48721539788
45,220.0,215.84595492512048
46,218.0,216.30641848913726
47,220.0,216.6223591587067
48,220.0,217.1363662425109
49,216.0,217.1853438421534
50,216.0,216.46182036638626
51,216.0,215.8281847472989
52,214.0,215.23557256460037
53,216.0,214.61558423407467
54,218.0,213.7328801182053
55,218.0,213.4154507832916
56,218.0,214.95279956282744
57,216.0,215.652658867607
58,216.0,215.7807075387893
59,214.0,215.02767127257252
60,212.0,214.23885809567162
61,214.0,212.65731532845388
62,212.0,211.82173256889877
63,212.0,210.79191976727174
64,212.0,210.32329913287555
65,212.0,209.9108980471681
66,212.0,209.0055886500097
67,206.0,208.2411875454868
68,200.0,207.0415496367293
69,194.0,204.51383870682267
70,188.0,200.1666259329561
71,182.0,194.70108288860646
72,178.0,189.20571555568208
73,179.0,183.78847052504898
74,184.0,180.22219119809682
75,182.0,179.52383585316846
76,181.0,179.7534084419268
