,y_actual,y_predict
0,63.0,50.26523645137348
1,59.0,51.35643199766187
2,57.00000000000001,52.08680617537
3,58.0,52.84841389454115
4,54.99999999999999,53.320687411268445
5,53.0,53.49755921624572
6,52.00000000000001,53.44803294603211
7,56.0,53.06766205044063
8,54.0,53.013637765399466
9,54.0,52.968224653129774
10,54.99999999999999,52.681837011201296
11,54.0,52.25075520780125
12,53.0,51.976099687435024
13,53.0,51.6874149309823
14,53.0,51.32527061686453
15,52.00000000000001,51.06276815527704
16,51.0,50.78145581350158
17,51.0,50.45046686679234
18,51.0,50.097595198214805
19,52.00000000000001,49.77870518978503
20,51.0,49.44639329753828
21,53.0,49.12305939478021
22,53.0,49.07759817540007
23,53.0,49.1622787165788
24,52.00000000000001,49.160065789497864
25,51.0,49.12915697103041
26,50.0,49.13718484508762
27,51.0,49.02716388347663
28,51.0,49.0749162039922
29,51.0,48.96539435365217
30,51.0,48.77257504155902
31,51.0,48.546838439136906
32,51.0,48.386317038325586
33,50.0,48.21415973017292
34,50.0,48.03412488268323
35,51.0,47.889665243375134
36,50.0,47.757310555735316
37,50.0,47.65632170411229
38,50.0,47.65828206886333
39,50.0,47.595833026103705
40,50.0,47.48125391577709
41,50.0,47.34837606331108
42,50.0,47.21973163656513
43,50.0,47.10239238077614
44,50.0,47.00585343687021
45,50.0,46.92881591286505
46,50.0,46.8705401619374
47,50.0,46.86156818583751
48,50.0,46.84651667365385
49,50.0,46.823755997019745
50,50.0,46.798722259416635
51,50.0,46.77573908739667
52,50.0,46.75845660796564
53,50.0,46.74444541204558
54,50.0,46.731131769227105
55,50.0,46.72059029864862
56,50.0,46.713091602806415
57,50.0,46.70663923661661
58,50.0,46.7035724083251
59,50.0,46.701419615132224
60,50.0,46.69901425960947
61,50.0,46.697108015357685
62,50.0,46.6957369627097
63,50.0,46.69413138789827
64,50.0,46.693042964524224
65,50.0,46.69179217965238
66,50.0,46.69057146172459
67,50.0,46.68984384167895
68,50.0,46.689741614069234
69,50.0,46.689248516187064
70,50.0,46.68881555219296
71,50.0,46.68828036058916
72,50.0,46.68776320915177
73,50.0,46.68764294137563
74,50.0,46.68790151709432
75,50.0,46.68824428025631
76,50.0,46.68858704341831
77,50.0,46.68850285597502
78,50.0,46.68817211959063
79,50.0,46.68773915559653
80,50.0,46.68739037904574
81,50.0,46.687125789938236
82,50.0,46.68701754893971
83,50.0,46.68685518744192
84,50.0,46.68677701338743
85,50.0,46.68665073222249
86,50.0,46.6864943841135
87,50.0,46.68647033055828
88,50.0,46.686572558167995
89,50.0,46.68656654477918
90,50.0,46.6864883707247
