,y_actual,y_predict
0,53.0,54.137573328988985
1,58.0,53.76275008175275
2,54.0,54.00286130365535
3,52.0,53.98055921462231
4,56.0,54.50351277848228
5,61.0,55.143357860946765
6,66.0,56.14431688751946
7,70.0,57.57739145552763
8,64.0,59.54211819578732
9,63.0,61.064784726441275
10,65.0,62.262147642423706
11,67.0,63.184935598207744
12,70.0,63.87827394760558
13,75.0,64.49302587295517
14,82.0,65.30027683796212
15,90.0,66.89209307242932
16,87.0,69.47805468811873
17,89.0,72.27203288833182
18,89.0,74.94055323965702
19,83.0,77.3417633444831
20,75.0,79.21674930922532
21,68.0,79.65740141836986
22,62.0,78.20420999567519
23,56.0,76.34527796352782
24,56.0,74.00643698669154
25,59.0,71.31602196290639
26,63.0,68.97144673008208
27,65.0,67.19522423061379
28,69.0,66.09315710930031
29,65.0,65.59180985162453
30,65.0,65.57710581712327
31,63.0,65.47559559693373
32,64.0,65.2936285402468
33,64.0,65.18268424538445
34,64.0,65.15170471245717
35,63.0,65.10391263198483
36,63.0,64.9661846657855
37,62.0,64.61649690465876
38,61.0,64.32487658744496
39,61.0,63.98572080928861
40,63.0,63.579632308411504
41,62.0,63.41417885074526
42,62.0,63.3367353095514
43,62.0,63.24053473262275
44,59.0,63.101327897174386
45,62.0,62.817511988341074
46,61.0,62.55679977387616
47,59.0,62.357049248330384
48,57.0,62.0677014690145
49,56.0,61.67886732456367
50,58.0,61.2832446676029
51,57.0,60.856560465287814
52,57.0,60.4011375211974
53,60.0,60.05324080565491
54,59.0,59.87721568158581
55,58.0,59.81605292994229
56,58.0,59.7372072408021
57,58.0,59.650625927897664
58,56.0,59.525816241739676
59,56.0,59.31997827765713
60,57.0,59.12645540544277
61,57.0,58.95645158085637
62,57.0,58.825998910604966
63,57.0,58.685950786388815
64,58.0,58.59596463498076
65,54.0,58.580718260236104
66,55.0,58.484022963182994
67,57.0,58.307402587627244
68,56.0,58.193341820537015
69,61.0,58.09926563002516
70,65.0,58.14162901693929
71,62.0,58.58913908460053
72,63.0,59.352788539601114
73,58.0,60.112300335378954
74,60.0,60.69475523784417
75,61.0,61.06099363586188
