,y_actual,y_predict
0,53.0,54.37603636566411
1,58.0,54.6621274579575
2,54.0,54.886571660731555
3,52.0,55.70718536022317
4,56.0,55.95992120476702
5,61.0,55.674565578754915
6,66.0,56.03898647556672
7,70.0,57.464047635783544
8,64.0,59.62269672814419
9,63.0,62.35068138020434
10,65.0,64.16767728372687
11,67.0,64.94158622879509
12,70.0,65.27861232941032
13,75.0,65.28408335196315
14,82.0,66.23049882342383
15,90.0,68.61742950647579
16,87.0,72.548277198255
17,89.0,76.82650836651709
18,89.0,80.38348256787651
19,83.0,82.95954184439029
20,75.0,84.15840347133799
21,68.0,82.49551354797458
22,62.0,79.36793987988096
23,56.0,75.16432414686062
24,56.0,69.94974916229191
25,59.0,64.69491930385288
26,63.0,61.05464693223314
27,65.0,59.33126160028179
28,69.0,59.47316690913628
29,65.0,61.11537581168195
30,65.0,63.26474956309954
31,63.0,64.67196111540345
32,64.0,65.10669576338017
33,64.0,64.967232308402
34,64.0,64.66688692717506
35,63.0,64.24049638226003
36,63.0,64.19129157159271
37,62.0,64.10441131016387
38,61.0,63.738257570135374
39,61.0,63.07294630629106
40,63.0,62.47897262616868
41,62.0,62.224175888699946
42,62.0,62.26761866497653
43,62.0,62.42625980007338
44,59.0,62.57680551495182
45,62.0,62.54277300328859
46,61.0,62.08593203787888
47,59.0,61.713698796000095
48,57.0,61.315001995806064
49,56.0,60.86699985358252
50,58.0,60.45058307802155
51,57.0,59.8773664786291
52,57.0,59.16119692776565
53,60.0,58.77600043128878
54,59.0,58.694334572882966
55,58.0,58.85251802572563
56,58.0,59.06223438393896
57,58.0,59.245098286199095
58,56.0,59.13619371976431
59,56.0,58.79740302918644
60,57.0,58.4313736305796
61,57.0,58.19148992702301
62,57.0,58.03813991625191
63,57.0,57.99555165655394
64,58.0,58.03222708481789
65,54.0,58.111104520704025
66,55.0,58.04365326779934
67,57.0,57.70956374118491
68,56.0,57.55453379844039
69,61.0,57.39095868990978
70,65.0,57.47054249089341
71,62.0,58.34708602007038
72,63.0,59.74480000420955
73,58.0,60.81778710622871
74,60.0,61.72826526126889
75,61.0,62.059000215060806
