,y_actual,y_predict
0,127.0,127.53655267530783
1,127.0,127.72967801830528
2,126.0,127.4877850227003
3,118.0,127.0678980376922
4,120.0,126.61044114021873
5,117.0,126.2933235087153
6,128.0,125.62154996908019
7,140.0,125.78281937028228
8,154.0,127.55848573388755
9,169.0,131.57540072044497
10,163.0,139.20318909902142
11,149.0,146.42753069480798
12,139.0,150.50090319825847
13,133.0,150.6661755425133
14,120.0,147.99499353695197
15,129.0,144.48807617888184
16,125.0,140.79790284934796
17,121.0,137.4331193337649
18,121.0,134.5623322758291
19,117.0,132.17799644424457
20,116.0,129.89549973793217
21,115.0,127.88581299044965
22,119.0,125.71828832044048
23,120.0,123.76018548817399
24,117.0,122.37725784958923
25,115.0,121.01575776929283
26,116.0,120.17957547644656
27,115.0,119.44546385627618
28,113.0,118.85892466603156
29,114.0,118.38891843775679
30,109.0,118.14107251994591
31,118.0,117.12469653736085
32,111.0,116.52402891686955
33,111.0,115.89452018255218
34,120.0,115.21885543494871
35,121.0,115.17771673081262
36,118.0,115.7686553217286
37,119.0,116.61100862212618
38,115.0,117.41350346013749
39,116.0,118.01743293736891
40,117.0,118.20983267542087
41,115.0,118.5351379308176
42,116.0,118.52790880547937
43,112.0,118.33807358954462
44,116.0,118.11460611321417
45,116.0,117.99568498209163
46,123.0,118.18094713680219
47,122.0,118.77199477039088
48,124.0,119.57283646763584
49,120.0,120.34541726576994
50,116.0,120.88927096137313
51,123.0,121.15598260776684
52,120.0,121.55937991749228
53,120.0,121.65891299216769
54,120.0,121.54549111188437
55,112.0,121.40046435719407
56,116.0,121.04553718858648
57,116.0,120.7051046182129
58,115.0,119.86698378896308
59,115.0,119.21524650388504
60,115.0,118.69959447433594
61,115.0,118.2651509656254
62,113.0,118.02341009127984
63,113.0,117.67921218318355
64,114.0,117.51585279742139
65,114.0,117.12903132015211
66,114.0,116.95114098859837
67,114.0,116.69785774541671
68,119.0,116.416388990651
69,121.0,116.89654426472183
70,122.0,117.65206325009305
71,122.0,118.7892463981766
72,121.0,119.84224321811283
73,121.0,120.72230374397103
74,122.0,121.45362064082632
75,122.0,122.08736992352645
76,130.0,122.8337629795368
77,138.0,123.9646633849847
78,148.0,125.52235815758415
79,146.0,127.89337126311473
80,140.0,131.03583469042877
81,137.0,133.84082787331093
82,137.0,136.06480905055878
83,137.0,137.7139304669798
84,137.0,138.93484601943044
85,137.0,139.86532515107805
