,y_actual,y_predict
0,55.0,56.21518761597223
1,56.0,55.62076049864671
2,57.0,55.1325307822117
3,56.0,54.862271136682246
4,55.0,54.81279970226199
5,55.0,54.767941882938004
6,54.0,54.63419643523208
7,55.0,54.453004546633665
8,53.0,54.22717564144888
9,54.0,53.94568120399418
10,54.0,53.701752284924126
11,55.0,53.542649385983765
12,55.0,53.40571682507846
13,55.0,53.35903738316923
14,56.0,53.384755091501866
15,56.0,53.49569103535335
16,55.0,53.67518332393204
17,56.0,53.80535815894696
18,55.0,53.92972530090303
19,54.0,53.96001304484425
20,54.0,53.92080312712427
21,53.0,53.76857997663981
22,53.0,53.492410952580244
23,52.0,53.14476866341774
24,53.0,52.73708255612255
25,56.0,52.444835606406315
26,55.0,52.38014621488638
27,55.0,52.53493474454591
28,53.0,52.811975358359184
29,55.0,52.96850125692776
30,55.0,53.01617721645539
31,55.0,53.11445767708309
32,55.0,53.207932772868695
33,58.0,53.31936552287979
34,56.0,53.55976450344734
35,56.0,53.91240390719774
36,56.0,54.147625644628285
37,55.0,54.30662685809739
38,55.0,54.39018616778502
39,54.0,54.361388842322626
40,54.0,54.26561565488642
41,55.0,54.07635575046788
42,56.0,53.94757836435807
43,56.0,53.912020407706116
44,56.0,53.94511757595345
45,55.0,53.98345590391972
46,54.0,53.98574818497196
47,54.0,53.84876623398061
48,54.0,53.687115387660256
49,54.0,53.481998360322656
50,54.0,53.280951657134864
51,54.0,53.07714201442783
52,53.0,52.94976207722312
53,56.0,52.828834809495
54,54.0,52.7939479769534
55,53.0,52.88226907199544
56,53.0,52.90954111538884
57,54.0,52.847004550560555
58,53.0,52.757132025756924
59,52.0,52.586468941383266
60,52.0,52.381462315414474
61,52.0,52.15803028205237
62,52.0,51.91641979172718
63,51.0,51.686706501540044
64,50.0,51.406237634695536
65,50.0,51.054696434034796
66,50.0,50.6995904312814
67,50.0,50.37434509348992
68,50.0,50.154405229740995
69,50.0,49.98104893302838
