,y_actual,y_predict
0,3500.0,3539.8168931534024
1,3530.0,3532.3476962580266
2,3540.0,3536.3727250615807
3,3540.0,3538.000911229442
4,3540.0,3535.590708668671
5,3540.0,3536.0223809761974
6,3540.0,3535.1450123010627
7,3540.0,3534.908760431347
8,3530.0,3534.9994225818778
9,3530.0,3532.5388178374783
10,3540.0,3535.840562435133
11,3530.0,3539.043634075544
12,3530.0,3540.0477341247533
13,3490.0,3540.4083954701973
14,3600.0,3534.4487414003215
15,3620.0,3547.487606113291
16,3690.0,3565.8402922173564
17,3680.0,3585.39797663514
18,3500.0,3597.9629681520028
19,3580.0,3582.342759980594
20,3570.0,3574.3724963922864
21,3540.0,3566.0434711935454
22,3540.0,3557.456118071626
23,3500.0,3549.318842549007
24,3520.0,3535.762302619675
25,3530.0,3527.856887438413
26,3530.0,3525.849889475835
27,3500.0,3525.7942411405093
28,3540.0,3519.882953088417
29,3530.0,3522.81130451222
30,3530.0,3525.049115130316
31,3530.0,3525.659416586387
32,3530.0,3525.4192494091485
33,3480.0,3525.2810501225063
34,3480.0,3513.455572932471
35,3480.0,3498.325970684142
36,3480.0,3490.509075946731
37,3480.0,3485.728529222089
38,3470.0,3483.391607394872
39,3470.0,3479.319648958543
40,3470.0,3475.0908954554634
41,3450.0,3472.9002461451437
42,3450.0,3466.0450961183615
43,3450.0,3458.0180464130544
44,3450.0,3453.5052619324792
45,3450.0,3451.4741568989266
46,3450.0,3450.964371503443
47,3450.0,3450.9616686284276
48,3450.0,3451.243727794245
49,3450.0,3451.4962870098893
50,3460.0,3451.744228170507
51,3600.0,3456.9471518867877
52,3600.0,3514.09627014872
53,3600.0,3546.365264291723
54,3460.0,3559.8922218975486
55,3450.0,3536.1010475099906
56,3450.0,3496.093977682747
57,3450.0,3469.802385845349
58,3450.0,3458.833748351161
59,3450.0,3454.6834940610406
60,3490.0,3452.729549673773
61,3390.0,3470.4465067032847
62,3450.0,3437.166925611035
63,3450.0,3426.5603292156325
64,3450.0,3431.0397035868455
65,3450.0,3425.6035423500334
66,3450.0,3431.142443727447
67,3450.0,3437.310147096873
68,3450.0,3443.3645047589694
69,3470.0,3449.0536653939284
70,3470.0,3463.289059412233
71,3450.0,3474.8703859020898
72,3450.0,3467.172285095791
73,3500.0,3461.8525611404934
74,3490.0,3474.200173290668
75,3580.0,3479.259283462773
76,3580.0,3512.3424414792903
77,3580.0,3537.371074422423
78,3580.0,3550.9669527669853
79,3380.0,3557.005381485655
80,3390.0,3513.6224252684474
81,3390.0,3452.6798347926488
82,3390.0,3405.3643730449285
83,3420.0,3388.459861632671
84,3420.0,3403.111338805077
85,3420.0,3411.772421209095
