,y_actual,y_predict
0,3500.0,3545.842034023661
1,3530.0,3532.2986841244065
2,3540.0,3543.271939673621
3,3540.0,3552.4326523855625
4,3540.0,3550.311106579814
5,3540.0,3540.6319052148383
6,3540.0,3534.7067398301647
7,3540.0,3535.1877177263127
8,3530.0,3536.1311549635
9,3530.0,3531.9750238508454
10,3540.0,3533.8416396334355
11,3530.0,3549.0031673404933
12,3530.0,3556.459673594128
13,3490.0,3561.991604128167
14,3600.0,3538.017339561205
15,3620.0,3577.1508305302114
16,3690.0,3582.6924141893073
17,3680.0,3639.7390059664735
18,3500.0,3630.8193845576097
19,3580.0,3556.3210753116505
20,3570.0,3550.6217055316315
21,3540.0,3528.7636994320533
22,3540.0,3525.5073039288304
23,3500.0,3532.515984979011
24,3520.0,3514.81277399958
25,3530.0,3514.7389649183147
26,3530.0,3520.128343249853
27,3500.0,3521.3589545220543
28,3540.0,3514.429279795669
29,3530.0,3523.5031632912687
30,3530.0,3522.5816090450426
31,3530.0,3524.3978612565047
32,3530.0,3524.993945589993
33,3480.0,3525.2911588750653
34,3480.0,3511.802180524462
35,3480.0,3501.1360977112117
36,3480.0,3491.073866779411
37,3480.0,3485.409597692723
38,3470.0,3483.930021706877
39,3470.0,3480.861536831941
40,3470.0,3476.746828565987
41,3450.0,3474.92798159451
42,3450.0,3466.892066459151
43,3450.0,3459.4033985669944
44,3450.0,3455.237966990119
45,3450.0,3453.4209631219856
46,3450.0,3453.575410548723
47,3450.0,3454.4487789688337
48,3450.0,3454.433884840413
49,3450.0,3454.510700548363
50,3460.0,3454.5968836488673
51,3600.0,3460.370809018489
52,3600.0,3542.5925604546455
53,3600.0,3566.259932869812
54,3460.0,3575.38704240989
55,3450.0,3542.2347306925512
56,3450.0,3504.455669700221
57,3450.0,3469.5092744948834
58,3450.0,3450.4412184603816
59,3450.0,3452.137064025306
60,3490.0,3454.225549808361
61,3390.0,3477.858578978743
62,3450.0,3444.1181332417127
63,3450.0,3438.0485982928612
64,3450.0,3445.4831263113674
65,3450.0,3433.9087462103016
66,3450.0,3445.134089902658
67,3450.0,3452.27674345779
68,3450.0,3454.6220100898477
69,3470.0,3455.7834509291442
70,3470.0,3466.5096765727467
71,3450.0,3483.104336185066
72,3450.0,3473.1625048208452
73,3500.0,3465.6092794024776
74,3490.0,3479.2304334896876
75,3580.0,3486.3353793641822
76,3580.0,3526.898556072805
77,3580.0,3544.7249023154573
78,3580.0,3554.0299022182426
79,3380.0,3554.79391488938
80,3390.0,3505.8053014302022
81,3390.0,3476.6387393070213
82,3390.0,3418.4325008847354
83,3420.0,3385.1005329263457
84,3420.0,3401.8468978343444
85,3420.0,3425.4482377257914
