,y_actual,y_predict
0,6775.0,6810.501844488617
1,6800.0,6793.28570254958
2,6625.0,6775.126360722774
3,6575.0,6757.038484519737
4,6575.0,6725.543364605589
5,6550.0,6690.302275238028
6,6550.0,6661.7038302313385
7,6925.0,6638.4117687670205
8,7075.0,6641.749798780999
9,7100.0,6683.049124200383
10,7125.0,6740.580780659576
11,7000.0,6798.461960118297
12,7025.0,6836.278007131364
13,7025.0,6856.997184184995
14,6975.0,6872.13131054555
15,6975.0,6880.68133094013
16,7000.0,6882.737004240909
17,7050.0,6886.694687555864
18,6975.0,6891.887531003134
19,6975.0,6894.371754136551
20,7100.0,6893.9041787073165
21,7000.0,6898.88994258264
22,6950.0,6906.967997168368
23,6750.0,6908.890739530737
24,6850.0,6887.67910823004
25,6825.0,6862.633943793563
26,6750.0,6840.257886254384
27,6825.0,6817.253028790026
28,6750.0,6802.632332934709
29,6725.0,6789.435583535247
30,6775.0,6772.303590538872
31,6725.0,6757.360445691667
32,6725.0,6745.21750935533
33,6725.0,6733.746545010408
34,6725.0,6724.487478307645
35,6775.0,6718.523757372583
36,6700.0,6713.686656629297
37,6700.0,6709.143711320367
38,6725.0,6703.363288734325
39,6600.0,6695.819518957016
40,6625.0,6687.018271284339
41,6600.0,6670.751061117569
42,6500.0,6655.057283310807
43,6425.0,6634.806901236305
44,6375.0,6613.434655214611
45,6500.0,6582.357475049026
46,6525.0,6565.055842662441
47,6550.0,6558.640400446761
48,6400.0,6557.751348574272
49,6400.0,6549.140594594987
50,6550.0,6534.167570775387
51,6500.0,6522.795389971852
52,6525.0,6523.096862705569
53,6525.0,6522.340253951533
54,6425.0,6521.747308793228
55,6450.0,6521.144485280784
56,6525.0,6514.3526899679155
57,6450.0,6509.037769576289
58,6500.0,6503.54174602545
59,6475.0,6501.564977602792
60,6500.0,6501.2531386949795
61,6500.0,6500.485675946889
62,6500.0,6502.116580019701
63,6500.0,6502.1549958413525
64,6450.0,6508.287502481699
65,6400.0,6511.677485321149
66,6400.0,6506.059750690923
67,6450.0,6495.814433989144
68,6400.0,6486.467437739047
69,6400.0,6477.642408843443
70,6425.0,6468.845673505373
71,6350.0,6462.370595299893
72,6375.0,6455.474162606148
73,6375.0,6446.592302685498
74,6375.0,6438.7651095129
75,6400.0,6434.832548925754
76,6375.0,6434.153381589966
