,y_actual,y_predict
0,6775.0,6620.503166398354
1,6800.0,6602.030034383904
2,6625.0,6584.555347867407
3,6575.0,6566.487350327638
4,6575.0,6530.465749028124
5,6550.0,6491.799065964218
6,6550.0,6458.070828239761
7,6925.0,6433.193595823644
8,7075.0,6454.25302729761
9,7100.0,6526.564408918256
10,7125.0,6616.271816087257
11,7000.0,6697.705552867585
12,7025.0,6753.227635011979
13,7025.0,6762.307427880372
14,6975.0,6756.442856351666
15,6975.0,6740.796884900735
16,7000.0,6724.6315071500885
17,7050.0,6723.93307092598
18,6975.0,6731.493304626853
19,6975.0,6730.871456136068
20,7100.0,6734.186558612046
21,7000.0,6744.4334607286855
22,6950.0,6749.34605161039
23,6750.0,6746.229247947123
24,6850.0,6721.387382477922
25,6825.0,6688.88479239661
26,6750.0,6655.3658294339075
27,6825.0,6622.840067904614
28,6750.0,6600.430960563317
29,6725.0,6597.984177611636
30,6775.0,6584.962311666927
31,6725.0,6573.423540347916
32,6725.0,6566.788213286407
33,6725.0,6554.317705848629
34,6725.0,6546.341849543991
35,6775.0,6548.408742703792
36,6700.0,6547.101141307794
37,6700.0,6545.5134093012175
38,6725.0,6541.6668269815755
39,6600.0,6534.480751188083
40,6625.0,6522.123905800394
41,6600.0,6500.544946071722
42,6500.0,6482.600610891171
43,6425.0,6457.697280107328
44,6375.0,6431.887457887517
45,6500.0,6396.442703687712
46,6525.0,6381.4047998137685
47,6550.0,6374.890574056701
48,6400.0,6383.634624839364
49,6400.0,6382.018477320265
50,6550.0,6380.338791251706
51,6500.0,6368.84746042356
52,6525.0,6364.527204925214
53,6525.0,6357.087462753837
54,6425.0,6360.387686721112
55,6450.0,6365.234299953568
56,6525.0,6359.718763604431
57,6450.0,6351.620464490468
58,6500.0,6347.112520263487
59,6475.0,6344.11328120997
60,6500.0,6343.0450774581
61,6500.0,6345.249291935929
62,6500.0,6346.083707973182
63,6500.0,6348.034134118137
64,6450.0,6355.4158257145755
65,6400.0,6360.268780606479
66,6400.0,6352.333047493343
67,6450.0,6336.10144818347
68,6400.0,6323.188609999255
69,6400.0,6305.38574260637
70,6425.0,6292.896819965197
71,6350.0,6290.878099026196
72,6375.0,6286.426254094324
73,6375.0,6277.142918348676
74,6375.0,6271.074194167768
75,6400.0,6269.703663997256
76,6375.0,6273.578295964452
