,y_actual,y_predict
0,760.0,765.9636291355397
1,755.0,760.8502109623876
2,765.0,758.73953327921
3,760.0,761.2584789173593
4,765.0,760.6475994558558
5,770.0,765.248252849966
6,765.0,766.2859277924138
7,760.0,764.1341964852868
8,800.0,760.3019818632577
9,755.0,780.3509260551222
10,745.0,762.7148712949313
11,720.0,744.9222720362536
12,720.0,720.6423517358073
13,705.0,708.5257117853989
14,695.0,702.7959300192358
15,695.0,694.9328888519232
16,700.0,690.9404775202806
17,700.0,693.8017844531386
18,695.0,696.0157757714015
19,690.0,693.8684596806054
20,690.0,689.8373691931636
21,695.0,691.5153051122944
22,695.0,694.9019722248814
23,700.0,697.7120885368821
24,695.0,700.6041786087937
25,690.0,698.6178894824455
26,680.0,693.828081586777
27,680.0,687.7199948625876
28,680.0,689.8154812082201
29,675.0,688.2692857979856
30,680.0,686.4724484873509
31,675.0,687.0791311674132
32,675.0,685.0928258607028
33,665.0,684.1436494092164
34,670.0,679.9216832341891
35,665.0,683.7386508986783
36,665.0,679.6758469013574
37,670.0,678.8738025282943
38,675.0,683.9667778251005
39,700.0,686.8905692716197
40,700.0,703.5598736844479
41,710.0,706.6019071727121
42,710.0,711.4988533365772
43,715.0,712.0726251599586
44,715.0,714.1334835079738
45,715.0,714.7844437491506
46,705.0,712.251418162084
47,700.0,706.4629219066481
48,695.0,701.804373154101
49,690.0,694.9324155763293
50,700.0,693.3340749038686
51,690.0,696.7504936574201
52,685.0,694.5477112850596
53,695.0,688.664636767572
54,710.0,696.9067797757484
55,730.0,710.7832404132066
56,720.0,724.5010970954538
57,720.0,720.5235898999273
58,705.0,712.9123212358223
59,695.0,703.6138999137779
60,720.0,693.4481505023513
61,720.0,708.9206420655686
62,760.0,713.7258374856734
63,745.0,741.8649693424516
64,745.0,740.7577532258854
65,720.0,737.7568153293852
