,y_actual,y_predict
0,1455.0,1478.868975943672
1,1450.0,1490.1158767602578
2,1500.0,1494.4490052213332
3,1515.0,1510.1037502292866
4,1500.0,1527.1175825290356
5,1490.0,1539.4403034852576
6,1545.0,1542.9726731850096
7,1610.0,1553.996530511296
8,1610.0,1568.2074912049966
9,1560.0,1586.4432640032376
10,1535.0,1597.5957264401097
11,1565.0,1601.726445812957
12,1530.0,1607.4381682738333
13,1500.0,1601.8437979763667
14,1500.0,1591.017575033643
15,1485.0,1578.2173836108802
16,1485.0,1564.4755436489286
17,1500.0,1547.7118674840617
18,1580.0,1534.8705512181004
19,1620.0,1536.7921898947461
20,1620.0,1556.6683016837173
21,1615.0,1578.292003367209
22,1615.0,1592.6637204491421
23,1585.0,1610.2656811949137
24,1575.0,1618.2416933742782
25,1550.0,1620.1775841844478
26,1510.0,1614.2762651594207
27,1510.0,1603.8261161911976
28,1500.0,1587.7658811890465
29,1480.0,1569.4648460958813
30,1480.0,1550.0503690695357
31,1500.0,1536.7759223079968
32,1590.0,1532.822898727873
33,1590.0,1540.2082391511924
34,1550.0,1558.588644711861
35,1550.0,1570.78746328169
36,1530.0,1577.9050363478939
37,1485.0,1579.49916387538
38,1465.0,1574.5437882243914
39,1495.0,1563.2604173018185
40,1495.0,1557.9510896748297
41,1485.0,1553.7422474959994
42,1580.0,1547.7607182312918
43,1565.0,1550.5293751194863
44,1590.0,1556.6225221033071
45,1545.0,1572.8748969796322
