,y_actual,y_predict
0,1455.0,1446.1918569532518
1,1450.0,1448.2224740650245
2,1500.0,1450.2715661646987
3,1515.0,1455.9620543862336
4,1500.0,1460.743285281134
5,1490.0,1465.1354377295304
6,1545.0,1465.6253368242956
7,1610.0,1472.7369115178044
8,1610.0,1483.7387428195539
9,1560.0,1493.903681162864
10,1535.0,1500.1297040986296
11,1565.0,1505.6221500472586
12,1530.0,1514.266764840725
13,1500.0,1514.6081442275563
14,1500.0,1512.416338844717
15,1485.0,1509.1964123819143
16,1485.0,1503.64297497972
17,1500.0,1499.6741636826625
18,1580.0,1497.4530862410707
19,1620.0,1498.4118181456956
20,1620.0,1505.7729251433261
21,1615.0,1512.9274481853327
22,1615.0,1519.399740310474
23,1585.0,1527.5401079016879
24,1575.0,1531.1388435969402
25,1550.0,1534.884275494827
26,1510.0,1533.5398242324077
27,1510.0,1533.6421324770977
28,1500.0,1528.9416156851844
29,1480.0,1523.3137024876062
30,1480.0,1517.1869166297106
31,1500.0,1511.5357297460748
32,1590.0,1509.504344842597
33,1590.0,1510.353426494353
34,1550.0,1514.5457131645442
35,1550.0,1516.5911582536196
36,1530.0,1515.5101555199751
37,1485.0,1515.5218163564946
38,1465.0,1513.1105185199913
39,1495.0,1508.9982741350452
40,1495.0,1508.7222530171014
41,1485.0,1506.0685249497474
42,1580.0,1503.3464154336675
43,1565.0,1504.0186650583682
44,1590.0,1504.4976231213373
45,1545.0,1511.0889709477337
