,y_actual,y_predict
0,1455.0,1427.4053375676249
1,1450.0,1442.0195808543717
2,1500.0,1452.2982003570019
3,1515.0,1467.2695627605322
4,1500.0,1482.9295383494757
5,1490.0,1494.8747457217503
6,1545.0,1497.929836902888
7,1610.0,1505.4706551464678
8,1610.0,1526.1218046746449
9,1560.0,1548.2875193148782
10,1535.0,1559.7400923344385
11,1565.0,1561.6382173901188
12,1530.0,1566.5911936920293
13,1500.0,1560.637304928701
14,1500.0,1548.4127653367545
15,1485.0,1533.9705073919256
16,1485.0,1517.7116542730898
17,1500.0,1503.371032755209
18,1580.0,1493.0714909286175
19,1620.0,1495.353655797738
20,1620.0,1512.466293292523
21,1615.0,1533.2635151925742
22,1615.0,1547.9330394820804
23,1585.0,1559.8249333178399
24,1575.0,1563.9575721699496
25,1550.0,1564.6374517247184
26,1510.0,1556.6321194996194
27,1510.0,1543.7996328382656
28,1500.0,1530.7310502276273
29,1480.0,1517.1736722227995
30,1480.0,1503.2991002698477
31,1500.0,1492.9192282361219
32,1590.0,1489.365120433722
33,1590.0,1497.7494538391968
34,1550.0,1513.173093543948
35,1550.0,1523.0553885658585
36,1530.0,1526.7685732121358
37,1485.0,1527.6940501385384
38,1465.0,1520.769192790287
39,1495.0,1509.9608449981952
40,1495.0,1504.8534945766003
41,1485.0,1503.7655337306292
42,1580.0,1501.4847604839742
43,1565.0,1509.4833265446728
44,1590.0,1518.4478705442123
45,1545.0,1533.2282447611265
