,y_actual,y_predict
0,27.0,28.348575518182766
1,27.0,28.386390324732208
2,26.0,28.389689063175883
3,27.0,28.33511351552524
4,28.0,28.24979653301652
5,28.0,28.159739432837576
6,28.0,28.105206681482258
7,28.0,28.061463732104357
8,28.0,28.0417226569967
9,28.0,28.06234191208443
10,28.0,28.067987599363747
11,27.0,28.05653359888288
12,27.0,28.01936073676332
13,28.0,28.016024337579758
14,27.0,27.997644184663447
15,27.0,27.992873253660584
16,27.0,27.988485777463833
17,27.0,27.979515673963647
18,27.0,27.952078113104687
19,27.0,27.93383662018523
20,27.0,27.917909550916963
21,27.0,27.905731437119194
22,27.0,27.866459844676882
23,26.0,27.81295420440937
24,27.0,27.7562833501396
25,27.0,27.694009604885842
26,27.0,27.630809747801244
27,27.0,27.5781155252931
28,27.0,27.53402506999716
29,27.0,27.475282875033642
30,26.0,27.434941375208197
31,27.0,27.407661304716033
32,26.0,27.383197230456275
33,27.0,27.349134803080958
34,27.0,27.324511526602592
35,26.0,27.311739400225708
36,27.0,27.303116802643565
37,26.0,27.258851738462695
38,26.0,27.229894053193778
39,26.0,27.204952372278193
40,26.0,27.156019088203237
41,26.0,27.054547360135125
42,26.0,26.957913325290583
43,26.0,26.86971529618057
44,25.0,26.814086959664923
45,24.0,26.76851917625435
46,24.0,26.70447195252231
47,25.0,26.596724575707693
48,25.0,26.46863184009543
49,25.0,26.35122790720361
50,24.0,26.23611272018579
