,y_actual,y_predict
0,27.0,27.090564722280902
1,27.0,26.93444041323056
2,26.0,26.768873529579643
3,27.0,26.525374592141343
4,28.0,26.308785965203597
5,28.0,26.201422043195098
6,28.0,26.208438923776633
7,28.0,26.25655394268497
8,28.0,26.323323010799697
9,28.0,26.44849190351534
10,28.0,26.534793200816537
11,27.0,26.59245521728604
12,27.0,26.565127214943114
13,28.0,26.50631654590708
14,27.0,26.471999052611622
15,27.0,26.44538831617835
16,27.0,26.42397476184938
17,27.0,26.385391333835894
18,27.0,26.323081639694063
19,27.0,26.273610834149824
20,27.0,26.23791530014489
21,27.0,26.213757647359664
22,27.0,26.14536060817076
23,26.0,26.0634450752145
24,27.0,25.952482840695048
25,27.0,25.872549632138252
26,27.0,25.81826338744401
27,27.0,25.784601533392937
28,27.0,25.768359483391077
29,27.0,25.736703919664855
30,26.0,25.72571040732169
31,27.0,25.691644556242746
32,26.0,25.680976295744056
33,27.0,25.628121159165488
34,27.0,25.616891411272128
35,26.0,25.63254458425031
36,27.0,25.620729383036903
37,26.0,25.567305911656415
38,26.0,25.50814088929509
39,26.0,25.451365612064723
40,26.0,25.351355805444925
41,26.0,25.18018089525458
42,26.0,25.065524484522648
43,26.0,24.96375489423907
44,25.0,24.925306702518814
45,24.0,24.839440215578122
46,24.0,24.68135412435007
47,25.0,24.44771031779928
48,25.0,24.223676847326743
49,25.0,24.060544216953932
50,24.0,23.940108594501268
