,y_actual,y_predict
0,114.00000000000001,110.38272342436531
1,110.0,111.10798904751843
2,109.0,110.18989437909795
3,105.0,108.88540568343737
4,101.0,107.88693037264028
5,101.0,106.40735688338651
6,101.0,105.01632748255611
7,100.0,103.59021843210255
8,100.0,102.27511316804396
9,93.0,101.10671824904887
10,94.0,100.02712635916976
11,91.0,98.69029733384491
12,85.0,97.68872836319372
13,80.0,96.20801008350935
14,81.0,94.88643130213492
15,81.0,93.25615432976812
16,81.0,91.33771725187208
17,82.0,89.656687903749
18,83.0,88.25050365817074
19,88.0,87.1878383125154
20,89.0,86.70650845028112
21,89.0,86.66627724372029
22,90.0,86.88437344920573
23,90.0,87.26862780861723
24,90.0,87.67066730507545
25,90.0,88.14702278031965
26,90.0,88.57655087556961
27,89.0,88.93046828857038
28,91.0,89.14810112650059
29,91.0,89.40926325770835
30,101.0,89.76094560367798
31,97.0,91.42075544346258
32,101.0,92.32756574906722
33,100.0,93.40252396339392
34,96.0,94.7790118000643
35,94.0,95.47365427919905
36,94.0,95.74288445725097
37,94.0,95.66154982284885
38,92.0,95.41154939833939
39,90.0,95.03619442168
40,90.0,94.52629931251093
41,90.0,93.89287586449788
42,90.0,93.29447755227798
43,89.0,92.87759666559458
44,90.0,92.40512530073988
45,88.0,91.9204973517889
46,88.0,91.58845361308693
47,87.0,91.03357096568706
48,85.0,90.43682169682552
49,83.0,89.82401810502066
50,83.0,89.14812838341561
51,80.0,88.48807492943376
52,79.0,87.7516748564974
53,81.0,86.87682328374683
54,80.0,86.33637317284692
55,78.0,85.68247978165829
56,73.0,85.08183277394971
57,68.0,84.3469318313391
58,64.0,83.36527403710573
59,60.0,81.94670152365356
60,56.0,80.53210851979344
61,58.0,78.50156375044435
62,58.0,76.29113697045958
