,y_actual,y_predict
0,114.00000000000001,100.7733525499687
1,110.0,101.22712567112373
2,109.0,97.99091215149772
3,105.0,94.12206563439406
4,101.0,91.35344449183523
5,101.0,88.78862330283692
6,101.0,86.89561692664904
7,100.0,85.40274206286841
8,100.0,84.27452383660412
9,93.0,83.45673461543558
10,94.0,82.87575347190969
11,91.0,82.00842480770302
12,85.0,81.2696124977879
13,80.0,80.262837456369
14,81.0,78.82391765585879
15,81.0,77.10392454772301
16,81.0,75.37733526615384
17,82.0,74.0468571020273
18,83.0,72.75106336225622
19,88.0,72.11494147965678
20,89.0,72.00365149565414
21,89.0,71.9996992429771
22,90.0,72.12365006400378
23,90.0,72.36503730336881
24,90.0,72.67661109889517
25,90.0,73.05202058938457
26,90.0,73.42150170085844
27,89.0,73.7010758781582
28,91.0,73.891819769427
29,91.0,74.15276384531464
30,101.0,74.50973403279701
31,97.0,76.52284800499459
32,101.0,77.88370400090437
33,100.0,78.99198379383583
34,96.0,80.38105069678522
35,94.0,80.9531188291015
36,94.0,80.94311554129132
37,94.0,80.61614158878197
38,92.0,80.17636489348672
39,90.0,79.71705861858385
40,90.0,79.25310503967106
41,90.0,78.73399709322723
42,90.0,78.22249382607231
43,89.0,77.91519936620318
44,90.0,77.59078756370516
45,88.0,77.15316416469602
46,88.0,76.71845725559339
47,87.0,76.11336737073754
48,85.0,75.50537462443265
49,83.0,74.84718826912928
50,83.0,74.16032763923107
51,80.0,73.58039588693322
52,79.0,72.8070218087802
53,81.0,71.9137581899376
54,80.0,71.5029283383873
55,78.0,70.88821676253147
56,73.0,70.22802702397456
57,68.0,69.41111002408647
58,64.0,68.25543045594546
59,60.0,66.6555585722769
60,56.0,65.2153168113885
61,58.0,63.149119997200955
62,58.0,60.70841317071944
