,y_actual,y_predict
0,228.0,213.0316370362654
1,226.0,215.07237857861307
2,224.0,217.82195492621724
3,218.0,219.26017932496615
4,220.0,219.7990909190901
5,220.0,219.37867021072475
6,218.0,218.02988544657677
7,216.0,216.69110292418873
8,208.0,215.62342711301045
9,199.0,214.25597431965264
10,196.0,212.25143194246533
11,194.0,209.86797755548602
12,202.0,205.69677666017958
13,197.0,201.81364516540376
14,202.0,199.28883503408397
15,200.0,198.69087755813155
16,198.0,198.57980066777662
17,197.0,199.21565055416917
18,197.0,198.90350078683792
19,206.0,198.18141633726697
20,199.0,199.93766243608528
21,199.0,201.0585182436584
22,198.0,201.14273300711022
23,198.0,200.67825163764263
24,197.0,199.96464550907982
25,197.0,197.65299076926863
26,197.0,196.81911584740342
27,199.0,196.51833501266515
28,197.0,196.75919915371676
29,197.0,196.8783068645416
30,196.0,196.88059274566933
31,196.0,196.8186683468652
32,198.0,196.49608093184492
33,196.0,196.03930382840042
34,196.0,195.9378058684855
35,193.0,195.6862379983437
36,194.0,195.4661040173605
37,194.0,195.2398501641517
38,193.0,196.70845017375933
39,192.0,196.77237018307179
40,192.0,195.41997517809506
41,191.0,194.53653654796824
42,194.0,193.60669090256576
43,190.0,192.53672921025978
44,189.0,192.43254624711548
45,185.0,192.16384031582027
46,179.0,190.60950162200905
47,184.0,188.49420286160904
48,182.0,186.65301632279045
49,182.0,186.11662040736792
50,181.0,184.79601003521486
51,171.0,183.9287902759467
52,160.0,182.76586941777967
53,150.0,179.75705721783805
54,164.0,174.5250623439548
55,166.0,169.95551340196613
56,160.0,167.53021771466206
