,y_actual,y_predict
0,228.0,219.78968131317805
1,226.0,219.78261806143945
2,224.0,220.20837853974075
3,218.0,220.61550727265967
4,220.0,220.83185564098162
5,220.0,220.73790471717098
6,218.0,220.59186231178816
7,216.0,220.34929887815215
8,208.0,219.9734830883004
9,199.0,219.28725310752924
10,196.0,218.19693618803822
11,194.0,216.76050179144227
12,202.0,214.59866297506602
13,197.0,212.37180958724997
14,202.0,210.28525366547458
15,200.0,208.68744694640907
16,198.0,207.4477495094122
17,197.0,206.3721517292463
18,197.0,205.31694546009288
19,206.0,204.3022198477358
20,199.0,204.39900091008556
21,199.0,204.54790973783486
22,198.0,204.4035121992953
23,198.0,204.0226287682133
24,197.0,203.5289147284509
25,197.0,202.99146658203304
26,197.0,202.44760829277024
27,199.0,201.9683715001501
28,197.0,201.72941830734283
29,197.0,201.52725691554377
30,196.0,201.3757114630016
31,196.0,201.20529842019886
32,198.0,200.98232220606738
33,196.0,200.79911306679298
34,196.0,200.62420082938957
35,193.0,200.44355574725313
36,194.0,200.22229696761974
37,194.0,199.98191661093378
38,193.0,200.34343657278035
39,192.0,200.26496674867073
40,192.0,199.76001681701592
41,191.0,199.26556500609587
42,194.0,198.69849716189066
43,190.0,198.3779658304244
44,189.0,197.9619112759591
45,185.0,197.40796608267237
46,179.0,196.6178978351174
47,184.0,195.47284071465225
48,182.0,194.43082966407212
49,182.0,193.63983013161328
50,181.0,192.6600942235024
51,171.0,191.67077938495146
52,160.0,190.42081362479354
53,150.0,188.6980091202513
54,164.0,186.11888209927736
55,166.0,183.42137304402706
56,160.0,181.3765253818759
