,y_actual,y_predict
0,50.0,50.08646975577796
1,50.0,50.086456229661586
2,50.0,50.08624234794636
3,50.0,50.08609271528393
4,50.0,50.08590504041919
5,50.0,50.085721592465816
6,50.0,50.08582515179433
7,50.0,50.085770201946545
8,50.0,50.085713984025354
9,50.0,50.08541175986254
10,50.0,50.08543754402188
11,50.0,50.08539442952593
12,50.0,50.085322572032666
13,50.0,50.08529847863787
14,50.0,50.08524817839259
15,50.0,50.08521098157255
16,50.0,50.08514757790203
17,50.0,50.08517927973729
18,50.0,50.0851518048134
19,50.0,50.08510192725925
20,50.0,50.08517547551706
21,50.0,50.08529002481514
22,50.0,50.08529298365309
23,50.0,50.08525155992169
24,50.0,50.0852540960685
25,50.0,50.08531538628334
26,50.0,50.08538428493864
27,50.0,50.085353005794516
28,50.0,50.0853183451213
29,50.0,50.08531200475424
30,50.0,50.08524648762804
31,50.0,50.08517463013479
32,50.0,50.08529678787332
33,50.0,50.08532003588584
34,50.0,50.08527523062534
35,50.0,50.085197455456175
36,50.0,50.085131938329965
37,50.0,50.08508966921629
38,50.0,50.08517589820819
39,50.0,50.08516871245887
40,50.0,50.08514081484384
41,50.0,50.08515349557794
42,50.0,50.08509135998084
43,50.0,50.085063039674665
44,50.0,50.085043595882375
45,50.0,50.08507783386445
46,50.0,50.08512475258064
47,50.0,50.085119680287
48,51.0,50.085060926218986
49,50.0,50.237067844764574
50,50.0,50.324505310633604
51,50.0,50.3496313398789
52,50.0,50.3425597171601
53,50.0,50.31779804767473
54,50.0,50.29411424058822
