,y_actual,y_predict
0,193.0,192.642872304495
1,194.0,191.4677007812499
2,194.0,190.5554436791421
3,189.0,189.69101365594125
4,188.0,188.88315016678757
5,188.0,188.00401426746652
6,186.0,187.2086675871214
7,181.0,186.32532298763368
8,185.0,185.32792830455742
9,181.0,184.1236522098616
10,179.0,182.9610576381902
11,177.0,181.7678335849585
12,168.0,180.43686804889794
13,169.0,179.08072516694554
14,166.0,177.56684026094888
15,174.0,175.80529237918498
16,171.0,174.1545601289685
17,166.0,172.7239584020153
18,165.0,171.426040345352
19,176.0,170.1530388542575
20,179.0,169.5558276634277
21,179.0,169.45535755752815
22,181.0,169.63633101799874
23,181.0,169.9946667862462
24,177.0,170.52067152994138
25,178.0,170.95205165649028
26,178.0,171.3248443227442
27,175.0,171.65355169545754
28,173.0,171.87328005439747
29,175.0,171.9694974847752
30,175.0,172.04219198032462
31,170.0,172.02775415986196
32,170.0,171.81742100621113
33,171.0,171.32678344189753
34,172.0,170.90204003714646
35,171.0,170.4709735583512
36,170.0,170.08019367844705
37,170.0,169.65418242540514
38,169.0,169.28219230938276
39,169.0,168.8840316834733
40,168.0,168.5242414950238
41,172.0,168.1529168295963
42,176.0,168.19538796892422
43,190.0,168.4624826355866
44,185.0,169.30459128586907
45,192.0,170.96519511410975
46,216.0,172.7409755710666
47,212.0,175.4881675006573
48,208.0,179.23842062884907
49,194.0,183.04188951453207
50,187.0,186.25958953212637
51,181.0,187.96728967234282
52,181.0,188.53381253224
53,183.0,188.03298755954816
54,187.0,186.99705171116256
55,189.0,185.9425459756709
56,183.0,185.30389900644846
57,183.0,184.64191276417512
58,179.0,183.93706348455586
59,176.0,182.97488982747493
60,178.0,181.87184176685867
61,178.0,180.94253742431698
62,179.0,179.793863639337
63,179.0,178.60348602030683
