,y_actual,y_predict
0,940.0,911.9822986497938
1,935.0,909.8191293288476
2,935.0,907.8827633381225
3,945.0,906.9263980407402
4,940.0,907.9324941406442
5,940.0,909.2041588358452
6,940.0,908.7212089117104
7,935.0,907.5271712176653
8,945.0,906.0238957205479
9,950.0,905.1369252319871
10,930.0,906.9661440943562
11,930.0,906.7144994806252
12,935.0,904.466692932238
13,915.0,902.5151488368957
14,910.0,900.2689019030719
15,850.0,896.9016779821734
16,830.0,890.8183933383502
17,845.0,876.120103337774
18,850.0,862.2138081223972
19,820.0,851.6966035888079
20,835.0,841.992279812767
21,815.0,833.3724830628191
22,780.0,826.371083874669
23,825.0,817.5171359197012
24,885.0,809.6909257265174
25,875.0,809.5310250375165
26,855.0,816.8918269507785
27,860.0,825.4399779018138
28,865.0,830.1958858456708
29,855.0,833.1135548882921
30,830.0,836.2256290823171
31,825.0,836.3528904149911
32,835.0,833.7648949497731
33,820.0,830.7636177037526
34,815.0,827.4579262048558
35,800.0,822.3907384883433
36,830.0,815.9081603592865
37,820.0,810.905045467879
38,795.0,808.2760819829953
39,795.0,804.9608880902122
40,770.0,799.9052286586684
41,725.0,793.6910650195242
42,745.0,784.3722152574054
43,750.0,772.6368713572912
44,780.0,762.845048380693
45,745.0,757.4670150110428
46,750.0,754.6917371702106
47,745.0,750.3616522376659
48,745.0,746.6655265073955
49,730.0,742.779167996641
50,745.0,738.6341787636217
51,730.0,734.5806199245694
52,725.0,732.1677997239733
53,715.0,728.9992980319042
54,725.0,724.697559496012
55,730.0,720.1621440708693
56,735.0,717.2119080251739
57,725.0,716.4462860006716
58,710.0,716.2251503419311
59,715.0,715.3158990710895
60,720.0,712.9944168130819
61,715.0,710.8768782769909
62,720.0,709.2677660493205
63,730.0,707.991957120576
