,y_actual,y_predict
0,940.0,893.6668444356575
1,935.0,891.2364825908483
2,935.0,884.4610988863869
3,945.0,881.6529726687193
4,940.0,884.7262655191677
5,940.0,886.6439000566313
6,940.0,887.2482105037003
7,935.0,888.2824439797482
8,945.0,887.7104513189933
9,950.0,884.8925815299294
10,930.0,883.8628982695665
11,930.0,884.4564843566993
12,935.0,883.7584362508194
13,915.0,883.4707918741249
14,910.0,882.3617451345353
15,850.0,876.7398169884692
16,830.0,870.3015351287132
17,845.0,858.0538980407712
18,850.0,842.0593432389936
19,820.0,827.369333666254
20,835.0,813.6621706814731
21,815.0,804.5321227132803
22,780.0,806.5825978231447
23,825.0,801.2950060196714
24,885.0,793.0687627302239
25,875.0,793.2738922415635
26,855.0,801.2139864548775
27,860.0,810.8789661398187
28,865.0,824.619861818971
29,855.0,834.7608615942653
30,830.0,835.3206828300255
31,825.0,828.0835245867902
32,835.0,822.6820326846862
33,820.0,818.4018071826686
34,815.0,812.7610189553357
35,800.0,804.6693366378588
36,830.0,799.166807437647
37,820.0,795.8002105782741
38,795.0,793.7882595559759
39,795.0,791.1270425987809
40,770.0,788.33285644118
41,725.0,784.4996856105879
42,745.0,774.1837276304304
43,750.0,758.9505621878582
44,780.0,746.305126915243
45,745.0,739.1790469937739
46,750.0,735.6437384270417
47,745.0,737.004349387859
48,745.0,740.8026298720325
49,730.0,740.869765651512
50,745.0,735.5278365550796
51,730.0,730.2330013870619
52,725.0,727.6893343481461
53,715.0,722.4504845194044
54,725.0,718.4016929557961
55,730.0,715.185968707307
56,735.0,712.898050319414
57,725.0,711.2170109190694
58,710.0,712.4572140081162
59,715.0,713.9318617348198
60,720.0,713.5505440133169
61,715.0,711.6972154392176
62,720.0,708.5293729656753
63,730.0,706.043423724481
