,y_actual,y_predict
0,1165.0,1163.0963654809495
1,1115.0,1165.5353504971492
2,1125.0,1147.199881219464
3,1100.0,1136.8238598809917
4,1095.0,1123.6116145823648
5,1115.0,1107.6162883228994
6,1065.0,1113.2848351091768
7,1115.0,1101.4293285927274
8,1115.0,1105.5533845696536
9,1070.0,1117.469179529897
10,1065.0,1101.793288474938
11,1100.0,1087.985722161495
12,1100.0,1097.1739676096245
13,1100.0,1109.9874015684363
14,1100.0,1106.0258198624545
15,1090.0,1110.565306806323
16,1190.0,1103.305833773464
17,1220.0,1150.8577914870293
18,1205.0,1213.270840643935
19,1215.0,1222.9607798901068
20,1205.0,1223.6723387760871
21,1125.0,1213.200699846335
22,1050.0,1148.54017950822
23,1090.0,1080.0977485708013
24,1015.0,1062.316419459398
25,1025.0,1039.1736185405398
26,1010.0,1037.570809758156
27,940.0,1033.510923455311
28,975.0,1003.0960504329695
29,940.0,1000.407970047314
30,955.0,992.2857691847261
31,995.0,992.7637377186542
32,1020.0,1016.1281071275467
33,1005.0,1045.5187334289778
34,1020.0,1053.212207622922
35,1020.0,1065.5238681687113
36,1005.0,1062.0949703918338
37,995.0,1051.7571642438813
38,1010.0,1025.233990878608
39,1060.0,1023.9509158569062
40,1080.0,1050.1908987374322
41,1035.0,1085.404604501805
42,1065.0,1079.7388641435814
43,1010.0,1072.20266934312
44,1040.0,1051.0633594984968
45,1040.0,1045.431077335723
46,1035.0,1044.8543862262854
47,1025.0,1043.891005157776
48,1040.0,1042.7446688646528
49,1065.0,1049.6188651043392
50,1065.0,1071.750794618969
51,1065.0,1086.1108490878535
52,1075.0,1086.7215756013477
53,1080.0,1086.2599281383707
54,1055.0,1089.559252534892
55,1070.0,1075.9477182065684
56,1090.0,1076.9891219557226
57,1075.0,1084.671151496256
58,1080.0,1086.1180542435661
59,1090.0,1085.299691861581
60,1145.0,1095.5938291928667
61,1105.0,1129.8577481466075
62,1105.0,1135.5521100902306
63,1105.0,1118.8097962785741
64,1105.0,1109.5277245762206
65,1105.0,1105.6064081464997
66,1125.0,1107.638162538723
67,1130.0,1111.2288976667028
68,1130.0,1129.4912007775386
69,1130.0,1136.2815823467672
70,1130.0,1138.1497279545777
71,1130.0,1134.7021405610865
72,1130.0,1123.8645712783627
73,1130.0,1129.7869903329106
74,1125.0,1131.4945525255578
75,1110.0,1129.7822532415857
