,y_actual,y_predict
0,1165.0,1140.4871043522337
1,1115.0,1141.6463382721572
2,1125.0,1137.7699445950423
3,1100.0,1132.199682501883
4,1095.0,1127.385066090017
5,1115.0,1118.0763432730253
6,1065.0,1109.99814959077
7,1115.0,1102.7278887280875
8,1115.0,1095.4921011518527
9,1070.0,1091.4226809551228
10,1065.0,1087.5746700184668
11,1100.0,1081.2371384568976
12,1100.0,1079.591377392669
13,1100.0,1080.2530176860328
14,1100.0,1078.540081482219
15,1090.0,1081.598132681094
16,1190.0,1083.9803323126307
17,1220.0,1092.343527720434
18,1205.0,1110.4529899729357
19,1215.0,1132.2104902354517
20,1205.0,1153.6184608309272
21,1125.0,1175.494189339114
22,1050.0,1174.2061781886368
23,1090.0,1152.381781438966
24,1015.0,1129.7230396000252
25,1025.0,1100.7019661331674
26,1010.0,1073.4006757584252
27,940.0,1057.1710227083404
28,975.0,1041.5151747246591
29,940.0,1026.154141012842
30,955.0,1013.6953121760614
31,995.0,1002.1077896831318
32,1020.0,996.879633160105
33,1005.0,1000.3571358824247
34,1020.0,1005.2477646966838
35,1020.0,1015.6210393183374
36,1005.0,1026.4815576191183
37,995.0,1034.3731138839235
38,1010.0,1034.649974977741
39,1060.0,1034.3134822637164
40,1080.0,1033.690534850754
41,1035.0,1038.3220169043007
42,1065.0,1042.3587750553834
43,1010.0,1049.4725327706406
44,1040.0,1052.4379519399952
45,1040.0,1052.099110584053
46,1035.0,1046.8344505925818
47,1025.0,1042.2105319621587
48,1040.0,1038.0979405423882
49,1065.0,1036.2937854749534
50,1065.0,1038.0588097795958
51,1065.0,1043.1034935806376
52,1075.0,1049.6257518001307
53,1080.0,1056.4586676725576
54,1055.0,1063.2220398597365
55,1070.0,1064.7399790731743
56,1090.0,1065.414676223299
57,1075.0,1067.0065379458986
58,1080.0,1068.0790313448401
59,1090.0,1067.4171920140257
60,1145.0,1070.5536042572114
61,1105.0,1077.6577683673484
62,1105.0,1085.681246654427
63,1105.0,1091.096359054825
64,1105.0,1095.8962267915995
65,1105.0,1097.403218945253
66,1125.0,1094.4017540935902
67,1130.0,1091.8061465074948
68,1130.0,1095.5609482060236
69,1130.0,1099.764440029494
70,1130.0,1104.717984581895
71,1130.0,1108.4605056697205
72,1130.0,1110.1959729129453
73,1130.0,1109.5204398055278
74,1125.0,1109.3377632333452
75,1110.0,1108.5916514459366
