,y_actual,y_predict
0,1165.0,1154.7001497600877
1,1115.0,1155.6237830497078
2,1125.0,1147.2428135975638
3,1100.0,1139.5749555235147
4,1095.0,1130.247403763694
5,1115.0,1114.7813777966726
6,1065.0,1110.5946449265448
7,1115.0,1102.5703903934088
8,1115.0,1097.2235478385749
9,1070.0,1101.551736624861
10,1065.0,1094.365310336381
11,1100.0,1086.8640267047592
12,1100.0,1090.0447247807087
13,1100.0,1098.895084252659
14,1100.0,1098.3124817309379
15,1090.0,1102.9519252825096
16,1190.0,1101.459184210321
17,1220.0,1126.5039671035954
18,1205.0,1173.6642987293133
19,1215.0,1197.6727135209346
20,1205.0,1213.3909796491314
21,1125.0,1218.5155968903439
22,1050.0,1181.7701785209501
23,1090.0,1130.4832830464281
24,1015.0,1096.177168153155
25,1025.0,1064.9406088234032
26,1010.0,1047.5255484286379
27,940.0,1032.7581240095615
28,975.0,1007.9723087432935
29,940.0,994.6451193169312
30,955.0,983.5231852285009
31,995.0,977.7654298568539
32,1020.0,987.7417441869834
33,1005.0,1008.2888977122558
34,1020.0,1023.8113109890387
35,1020.0,1043.5890255376894
36,1005.0,1052.6690742276596
37,995.0,1054.898054829706
38,1010.0,1038.1644190508966
39,1060.0,1032.4713508507025
40,1080.0,1041.573811157613
41,1035.0,1064.3350970911151
42,1065.0,1072.8712759472558
43,1010.0,1070.582803051218
44,1040.0,1062.2339781473497
45,1040.0,1054.9541435832919
46,1035.0,1048.8953241638314
47,1025.0,1043.2681373597936
48,1040.0,1040.0860858291799
49,1065.0,1041.891275891358
50,1065.0,1056.2146079506026
51,1065.0,1071.412391145418
52,1075.0,1079.3115506408371
53,1080.0,1083.4652831016513
54,1055.0,1088.3672371468508
55,1070.0,1083.4224502422771
56,1090.0,1082.9734018499246
57,1075.0,1085.1187270114738
58,1080.0,1085.7803474010925
59,1090.0,1083.7548626885641
60,1145.0,1090.380759708597
61,1105.0,1111.9339082205574
62,1105.0,1125.9305999195833
63,1105.0,1121.1504169866755
64,1105.0,1116.3386866178437
65,1105.0,1112.6780296334598
66,1125.0,1112.6645149905626
67,1130.0,1111.3733789521107
68,1130.0,1121.9772981715473
69,1130.0,1129.4324250183693
70,1130.0,1134.6973835660167
71,1130.0,1135.7924080043688
72,1130.0,1127.7337996072552
73,1130.0,1129.7672259140636
74,1125.0,1131.0509776630975
75,1110.0,1130.8108190751748
