,y_actual,y_predict
0,178.0,179.67908486958652
1,179.0,178.9741131824033
2,171.0,178.00495677837785
3,166.0,176.4894744775385
4,165.0,174.40793508928382
5,167.0,172.0017825259667
6,166.0,169.86677862911586
7,172.0,167.7980469699178
8,166.0,166.26439226952658
9,165.0,164.98204707678894
10,170.0,163.75752560917573
11,160.0,162.89507553790702
12,165.0,161.9783174563919
13,165.0,161.1063189464429
14,155.0,160.26202103068647
15,159.0,159.29538163558516
16,158.0,158.3898320039979
17,161.0,157.41045910798522
18,157.0,156.7348345302157
19,168.0,156.0079115560877
20,164.0,155.63699351443591
21,164.0,155.37217448435274
22,164.0,155.1723793094801
23,162.0,155.18103026240453
24,159.0,155.17488282237787
25,158.0,155.0743239296478
26,152.0,154.89571751622813
27,159.0,154.50807114984963
28,156.0,154.0599423411453
29,153.0,153.73666527269674
30,151.0,153.32097416345243
31,161.0,152.73281733280191
32,158.0,152.4368967098726
33,158.0,152.2466972097726
34,156.0,152.10404421069103
35,161.0,151.99494908126093
36,157.0,152.01376929008015
37,160.0,152.00513183318213
38,159.0,151.97772140355727
39,157.0,151.97107461055367
40,158.0,151.90426927985794
41,159.0,151.8696114840546
42,157.0,151.83678239982885
43,159.0,151.77174504859192
44,159.0,151.72474513664287
45,157.0,151.67032241017205
46,157.0,151.55713798474181
47,157.0,151.42727247067722
48,153.0,151.29038902288298
49,151.0,151.06245463295969
50,152.0,150.77458438977987
51,153.0,150.4782251459925
52,152.0,150.16270154471255
53,152.0,149.83127287631652
54,152.0,149.5242180316046
55,153.0,149.23277808944113
56,150.0,148.96355260673732
57,149.0,148.69087214127433
58,144.0,148.40730713051713
59,140.0,147.9714866978925
60,141.0,147.34083762811153
61,142.0,146.55263594609988
62,140.0,145.76556793030613
63,141.0,144.9943982336153
64,140.0,144.30356363408936
65,139.0,143.68408252615706
66,139.0,143.10052109249682
67,139.0,142.5509898894122
68,138.0,142.03119043249376
69,137.0,141.5545242759599
70,136.0,141.06525283076547
71,149.0,140.6166786531898
72,156.0,140.62956061039165
73,148.0,141.49919056770688
74,156.0,142.44294745004154
75,152.0,143.3209044556475
