,y_actual,y_predict
0,178.0,183.81534704163275
1,179.0,183.39550590426944
2,171.0,181.11647241364386
3,166.0,178.1590004237437
4,165.0,173.90831893985137
5,167.0,169.5061917956757
6,166.0,165.6140322531838
7,172.0,162.5000266010464
8,166.0,161.27373715397434
9,165.0,161.69189128803723
10,170.0,162.10293976419882
11,160.0,162.38438589881073
12,165.0,162.72916213731952
13,165.0,161.87141543125233
14,155.0,161.0646904530023
15,159.0,160.5102399482937
16,158.0,158.79181115041658
17,161.0,157.81011693786257
18,157.0,156.89480967918576
19,168.0,156.05380479387168
20,164.0,156.3629110345969
21,164.0,156.9619591585548
22,164.0,157.68222184365283
23,162.0,158.02099235041223
24,159.0,158.84692892224717
25,158.0,158.77566315482517
26,152.0,158.2509241522432
27,159.0,157.46675778212608
28,156.0,155.91609134045365
29,153.0,155.05849309067685
30,151.0,154.16386849246294
31,161.0,153.15133585957767
32,158.0,153.21245936315768
33,158.0,153.5505348245573
34,156.0,153.33071154650233
35,161.0,153.78301737537845
36,157.0,154.79046200630972
37,160.0,154.89420596127098
38,159.0,154.85379211020665
39,157.0,155.12375987436263
40,158.0,155.23581063357503
41,159.0,154.9834551838752
42,157.0,154.79936263572262
43,159.0,154.59176675758894
44,159.0,154.4459826803818
45,157.0,154.36207113622004
46,157.0,154.10260328060573
47,157.0,153.76890053176072
48,153.0,153.46818207144509
49,151.0,153.0019011072285
50,152.0,152.29556632137852
51,153.0,151.7792623352985
52,152.0,151.0926317479972
53,152.0,150.5977527038322
54,152.0,150.18897156010635
55,153.0,150.06415355991658
56,150.0,149.9457866603475
57,149.0,149.78154001902078
58,144.0,149.43761403017538
59,140.0,148.80994758222954
60,141.0,147.73152734844396
61,142.0,145.9208532101011
62,140.0,144.18732235867878
63,141.0,142.59978477287288
64,140.0,141.70475529386687
65,139.0,141.409016867294
66,139.0,141.2956839855733
67,139.0,140.9198061542184
68,138.0,140.57579244120137
69,137.0,140.1696700146769
70,136.0,139.52955348237415
71,149.0,139.06257747279778
72,156.0,139.36859312347664
73,148.0,142.37369933856684
74,156.0,145.7208488468192
75,152.0,149.0004170028576
