,y_actual,y_predict
0,204.0,208.75157698989818
1,202.0,207.29058753374755
2,204.0,205.8989976210321
3,206.0,204.92801733317418
4,208.0,204.99235529973066
5,204.0,205.22830161580117
6,206.0,205.64002146715274
7,204.0,205.94999081765542
8,202.0,205.86730716233228
9,204.0,205.48735190729127
10,204.0,204.92349493891905
11,204.0,204.46518296910898
12,206.0,204.20345024406663
13,202.0,204.07509782052782
14,204.0,204.31104413659833
15,204.0,204.4526132741972
16,202.0,204.2766442852151
17,204.0,204.13253424950273
18,200.0,203.98299868864072
19,204.0,203.55853390802474
20,202.0,203.42274750406355
21,202.0,203.39129967754434
22,202.0,203.27215379730285
23,202.0,202.98351585934478
24,197.0,202.9076461244269
25,192.0,201.95954065937354
26,179.0,200.16962284371922
27,167.0,197.37073258459426
28,163.0,192.35680597026794
29,162.0,185.26721496914809
30,160.0,178.5275669702852
31,174.0,172.56561576829907
32,173.0,169.34333909380524
33,176.0,169.7705267466702
34,178.0,172.29601097695274
35,179.0,175.1143994277022
36,179.0,177.92076410594632
37,178.0,179.73914402434187
38,178.0,180.53209294968258
39,179.0,181.2084908111577
40,180.0,181.37879838259238
41,179.0,181.54126758663705
42,179.0,181.74885289670823
43,175.0,181.94962428637416
44,177.0,181.69661284026793
45,177.0,181.31785726656437
46,175.0,180.95465711155055
47,167.0,180.0467746702149
48,170.0,178.99464065772816
49,171.0,177.55981503838586
50,171.0,176.43803211050056
51,167.0,175.43470760501174
52,166.0,174.49341606036364
53,165.0,173.92087825175207
54,166.0,173.24502631268334
55,164.0,172.2371322344598
56,163.0,171.07732345204784
57,168.0,170.28398361930505
58,166.0,169.82079878653454
59,167.0,170.24942875291754
60,161.0,170.63296957240522
61,162.0,170.68985333919096
62,161.0,170.27552519189794
63,162.0,169.4506296961112
64,159.0,168.21981056217618
65,158.0,167.17637086949438
66,158.0,166.33881806161952
67,159.0,165.5375118056136
68,158.0,164.9432449372725
69,157.0,164.64387052532277
70,149.0,164.51399491087238
71,144.0,163.73253731519634
72,150.0,161.83020666231224
73,149.0,159.5312600113191
74,147.0,157.32984475714545
75,146.0,155.8991034461766
