,y_actual,y_predict
0,146.0,123.3532137529656
1,151.0,126.19374322538235
2,150.0,131.03821018238634
3,151.0,135.96832885134364
4,149.0,140.1269998649475
5,146.0,143.30833428154145
6,147.0,143.8435977242414
7,147.0,142.4488323760532
8,144.0,141.62976298174604
9,134.0,140.34634179463518
10,128.0,138.4015851995378
11,133.0,134.85122827298255
12,133.0,131.5326488627735
13,134.0,128.77128670078974
14,134.0,126.96151352637648
15,138.0,126.84455527097717
16,139.0,128.3230601068518
17,140.0,129.72801785553938
18,140.0,130.94677276624094
19,142.0,132.12909122416525
20,144.0,133.31931599396216
21,144.0,134.3067714443842
22,147.0,135.2096354866932
23,148.0,136.33627267069292
24,147.0,137.6799840825254
25,149.0,138.7783485404256
26,151.0,139.72653597521366
27,154.0,140.8719092796743
28,149.0,142.3123473690057
29,141.0,143.0479469482794
30,138.0,142.6127198020018
31,142.0,140.54318444456754
32,145.0,137.9940546605101
33,146.0,135.92886471014384
34,148.0,135.39151743330694
35,146.0,136.2558060283863
36,146.0,138.08574949146063
37,142.0,139.3099775312337
38,138.0,139.43000024859916
39,136.0,138.41343240949888
40,135.0,136.38203121677117
41,134.0,134.0609403054613
42,131.0,131.9550726869566
43,130.0,129.89766034106037
44,127.0,128.18908182969264
45,125.0,126.65093643503316
46,125.0,125.09009563505253
47,124.0,123.47590255224158
48,116.0,122.2778756622789
49,108.0,120.65238084373686
50,108.0,118.04975781159864
51,109.0,115.15664217184312
52,102.0,112.66680359790632
53,95.00000000000001,110.12504078041545
54,88.99999999999999,107.18994201172394
55,83.0,104.30144758061334
56,78.0,100.82373678942713
57,73.0,96.75017201354665
58,73.0,93.16596504011349
