,y_actual,y_predict
0,146.0,136.55803552533388
1,151.0,142.30941774336608
2,150.0,151.44147149996505
3,151.0,156.03190068890083
4,149.0,158.28432926539762
5,146.0,156.5274487045197
6,147.0,152.84022677763315
7,147.0,149.52463215337912
8,144.0,148.0618418784668
9,134.0,146.536751091783
10,128.0,141.23423287577768
11,133.0,133.3018424318313
12,133.0,130.89784556648974
13,134.0,131.97664037027425
14,134.0,134.03111083268297
15,138.0,136.21616414839244
16,139.0,138.57493568403785
17,140.0,141.28794063619608
18,140.0,143.03102498930244
19,142.0,143.87231173286403
20,144.0,145.02503974604338
21,144.0,146.04502752469784
22,147.0,146.8237256970632
23,148.0,148.06049351520167
24,147.0,149.8679560852925
25,149.0,150.2628120096283
26,151.0,150.5207600311653
27,154.0,151.87170357323785
28,149.0,154.36451467528178
29,141.0,153.65923488270099
30,138.0,149.08814244877146
31,142.0,142.84473021745748
32,145.0,140.46786609836403
33,146.0,142.3467551479614
34,148.0,145.12440186083316
35,146.0,147.82068097958023
36,146.0,149.12870366735518
37,142.0,148.93553837178214
38,138.0,147.07937537212558
39,136.0,143.29995604252605
40,135.0,139.3334574388182
41,134.0,136.48403489777576
42,131.0,135.10932951761782
43,130.0,133.2088421400832
44,127.0,131.57557584599505
45,125.0,130.05174761764133
46,125.0,128.2865562359113
47,124.0,127.28230753391486
48,116.0,126.53063791609078
49,108.0,123.39786909273604
50,108.0,117.15720874826764
51,109.0,112.33710426389436
52,102.0,110.36779519952437
53,95.00000000000001,108.25985600473061
54,88.99999999999999,103.28052820552116
55,83.0,97.67988074267895
56,78.0,91.42664997522546
57,73.0,86.4381594347373
58,73.0,81.46864404274342
