,y_actual,y_predict
0,138.0,135.24297509756246
1,140.0,133.9211536199631
2,143.0,133.92592643429316
3,142.0,135.68410009924116
4,141.0,137.05505163590172
5,142.0,137.60397253944885
6,140.0,138.14064046297284
7,140.0,138.1406503078869
8,139.0,137.80098305241307
9,140.0,137.36825970038228
10,141.0,136.7515467187061
11,143.0,137.5138010027077
12,143.0,138.80785785371117
13,143.0,139.92597624577706
14,142.0,140.5355260679925
15,142.0,140.78584088357388
16,141.0,141.04203311284147
17,137.0,140.88766879854694
18,140.0,139.1966866719711
19,139.0,137.56661896657096
20,140.0,137.2637756275993
21,139.0,137.1461702533742
22,137.0,137.06503634772838
23,137.0,136.64105921733713
24,137.0,135.8708600876994
25,137.0,134.81377425577776
26,132.0,134.7685408136965
27,130.0,133.98392085396245
28,129.0,131.83270868550792
29,129.0,129.8475526512704
30,128.0,128.50652571534772
31,125.0,127.27343447907299
32,123.0,125.45778029896898
33,122.0,123.3966057764246
34,120.0,121.41340297313404
35,117.0,119.67605130139589
36,116.0,117.60844214303023
37,115.0,115.298155853401
38,113.0,113.1045632989561
39,110.0,111.102395253245
40,103.0,109.29317964692788
41,96.0,107.07446287183451
42,90.0,103.92122747572435
43,90.0,99.86893877696107
44,89.00000000000001,95.75657641268175
45,89.00000000000001,92.29852278784207
46,89.00000000000001,89.38987049835504
