,y_actual,y_predict
0,640.0,709.5008915773483
1,635.0,712.4369190838511
2,635.0,714.4847640250518
3,645.0,715.5322167474139
4,650.0,716.8362880687339
5,655.0,718.9241381907607
6,645.0,721.3939139462468
7,610.0,723.5753596789494
8,620.0,724.2336062752818
9,620.0,723.2049177090295
10,620.0,721.7260019810783
11,620.0,720.2779345257716
12,620.0,718.813279556464
13,600.0,716.8995608031362
14,630.0,715.0174408886973
15,590.0,714.0972842013841
16,645.0,713.1256386697057
17,645.0,711.5141729429948
18,610.0,711.6167753486033
19,610.0,712.1909585255636
20,600.0,711.6102829505893
21,600.0,710.5563753585254
22,600.0,708.9548546345527
23,600.0,707.1161549773519
24,595.0,705.3180234256606
25,625.0,703.5749083796832
26,655.0,702.4808830218566
27,650.0,703.435265529914
28,715.0,704.2900478973405
29,785.0,705.8089312778056
30,755.0,710.9271926115675
31,735.0,720.0585815408479
32,725.0,728.5015511107713
33,790.0,734.959385549213
34,860.0,738.8053245137929
35,835.0,742.1277810512212
36,835.0,745.4169499757106
37,850.0,747.9907917409818
38,830.0,751.966841364027
39,825.0,753.5505736680077
40,825.0,752.3561976033058
41,840.0,753.8582307715842
42,850.0,754.4486637077357
43,855.0,750.6772184429117
44,865.0,744.6374118742845
45,870.0,737.7249969899265
46,900.0,733.301759998472
47,890.0,727.321135578215
48,880.0,722.8377782305848
49,870.0,721.3946645124911
50,860.0,719.557953855838
