,y_actual,y_predict
0,1000.0,1037.3852773458154
1,995.0,1028.9397119000807
2,995.0,1019.2306286002241
3,1000.0,1011.1853902879485
4,1000.0,1005.2303211812498
5,1015.0,1000.9074702081174
6,985.0,1001.8848938234053
7,1005.0,1005.4402105356352
8,1005.0,1008.4310706811625
9,995.0,1009.4290375418052
10,1010.0,1009.1847199817657
11,1005.0,1007.1526258180639
12,1005.0,1008.2166883376744
13,1000.0,1010.1690815661699
14,1005.0,1009.8474358744061
15,1005.0,1009.8349222682104
16,1010.0,1009.0418194709288
17,1010.0,1007.9695829590954
18,1010.0,1008.516040503188
19,1020.0,1009.536779059604
20,1025.0,1011.7579216041429
21,1025.0,1015.2763380645058
22,1005.0,1019.6311812853448
23,1010.0,1021.7614535763861
24,1015.0,1023.2676514854832
25,1010.0,1022.6593115874646
26,1015.0,1019.7391663989384
27,1015.0,1017.4819536326478
28,1020.0,1017.5725983344837
29,1015.0,1018.7958371728452
30,1010.0,1019.653032730338
31,1000.0,1020.4281635712092
32,1000.0,1019.181205720095
33,1005.0,1017.354643252673
34,1005.0,1014.6355548154569
35,1005.0,1011.9760210390172
36,1010.0,1010.8229648557349
37,1010.0,1011.6010639564751
38,1000.0,1012.3829793913325
39,1000.0,1011.7717434099767
40,1000.0,1010.841712709862
41,1000.0,1009.012660152094
42,1000.0,1007.159311169319
43,995.0,1004.3521944295437
44,985.0,1003.2386368532723
45,990.0,1001.3809302123918
46,985.0,998.8579183457938
47,990.0,995.12433462216
48,990.0,991.6747655510386
49,995.0,989.3944923828476
50,990.0,989.1259235081336
