,y_actual,y_predict
0,52.0,64.77728248209675
1,51.0,64.94088080056342
2,51.0,65.09383471460441
3,50.0,65.15420844595636
4,51.0,65.19505159597367
5,50.0,65.15534891785911
6,50.0,64.96841844504863
7,50.0,64.82704744876996
8,50.0,64.76422645479336
9,50.0,64.74784405110695
10,50.0,64.75807265848476
11,50.0,64.77112868578814
12,50.0,64.77883875104737
13,50.0,64.78259280439393
14,50.0,64.79583891034778
15,50.0,64.81223319394984
16,50.0,64.67382029666894
17,50.0,64.57810381624734
18,50.0,64.55329855236246
19,50.0,64.50720447962624
20,50.0,64.50589768890433
21,50.0,64.54999593581074
22,50.0,64.60804120369457
23,50.0,64.66799913799865
24,50.0,64.72236163202983
25,50.0,64.76630544003275
26,50.0,64.80189766733115
27,50.0,64.83140737781486
28,50.0,64.85203091138963
29,50.0,64.86430286425987
30,50.0,64.87575510295001
31,50.0,64.88623318855655
32,50.0,64.8906049975171
33,50.0,64.89572524116383
34,50.0,64.87568382345609
35,50.0,64.86273471539359
36,50.0,64.86122596610556
37,50.0,64.86584725329485
38,50.0,64.8747571900351
39,50.0,64.88554415344863
40,50.0,64.89103267448063
41,50.0,64.89778046657192
42,50.0,64.90356598549525
43,50.0,64.90372042439874
44,50.0,64.87721633257541
45,50.0,64.8449623615757
46,50.0,64.82859183780494
47,50.0,64.81253019184118
48,50.0,64.79140770180896
49,50.0,64.77450258183379
50,50.0,64.77740128125328
51,50.0,64.7948053576859
52,50.0,64.81803059278883
53,50.0,64.8419092232527
54,50.0,64.86399398645288
55,50.0,64.87985367385052
56,50.0,64.89294534090087
57,50.0,64.88213461765604
58,50.0,64.87507794775775
59,50.0,64.87767964928591
60,50.0,64.87859440279124
61,50.0,64.88435616188326
62,50.0,64.89333737811744
63,50.0,64.90104744337667
64,50.0,64.90818727268453
65,50.0,64.91461430705316
66,50.0,64.920863142687
67,50.0,64.9118344067902
68,50.0,64.90356598549525
69,50.0,64.90269875165254
70,50.0,64.9064765648304
71,50.0,64.88808645539852
72,50.0,64.87627781923877
73,50.0,64.86432662409118
74,50.0,64.8637563881398
75,50.0,64.87072989862851
76,50.0,64.88161190136726
77,50.0,64.89356309651485
78,50.0,64.90463517790408
79,50.0,64.9132956364156
80,50.0,64.92070870378349
81,50.0,64.92692189967036
82,50.0,64.93192334416055
83,50.0,64.93595063556715
84,50.0,64.93800586097524
85,50.0,64.93766134342128
86,50.0,64.93794646139696
87,50.0,64.93861173667358
88,50.0,64.93974032866068
