,y_actual,y_predict
0,52.0,46.13135094653089
1,51.0,46.16213180798954
2,51.0,46.18015364003614
3,50.0,46.164733509517674
4,51.0,46.11925719239545
5,50.0,46.05994077353668
6,50.0,45.95763093992727
7,50.0,45.86813953530819
8,50.0,45.78456432868461
9,50.0,45.72668537961994
10,50.0,45.6810783834255
11,50.0,45.645319837307966
12,50.0,45.62321131427649
13,50.0,45.608919775745136
14,50.0,45.595578630466065
15,50.0,45.589329794832224
16,50.0,45.548047087935714
17,50.0,45.51385669068446
18,50.0,45.49254412200179
19,50.0,45.46171574088052
20,50.0,45.44536897694107
21,50.0,45.444062186219156
22,50.0,45.44924182944416
23,50.0,45.46556483355229
24,50.0,45.4867942428254
25,50.0,45.51024519632574
26,50.0,45.53442082468098
27,50.0,45.55765793969954
28,50.0,45.577877556142084
29,50.0,45.59424807991283
30,50.0,45.608919775745136
31,50.0,45.62475570331145
32,50.0,45.63191929245062
33,50.0,45.63789489002443
34,50.0,45.63670689845907
35,50.0,45.633677519967364
36,50.0,45.630957019282675
37,50.0,45.63006602560864
38,50.0,45.630968899198336
39,50.0,45.63328548275081
40,50.0,45.635055590183185
41,50.0,45.637621651964395
42,50.0,45.640175833829915
43,50.0,45.641375705310935
44,50.0,45.635067470098846
45,50.0,45.62596745470813
46,50.0,45.61926718227946
47,50.0,45.61169967600807
48,50.0,45.60259966061736
49,50.0,45.59496087485206
50,50.0,45.59175329762556
51,50.0,45.59339272598578
52,50.0,45.59854860937946
53,50.0,45.60589039725343
54,50.0,45.61432513736753
55,50.0,45.622237161192885
56,50.0,45.62963834864513
57,50.0,45.630363023499996
58,50.0,45.631372816330554
59,50.0,45.63371315971432
60,50.0,45.6343903149066
61,50.0,45.635982223604174
62,50.0,45.63876212386714
63,50.0,45.64148262455183
64,50.0,45.64401304658605
65,50.0,45.64623459081329
66,50.0,45.648646213690995
67,50.0,45.647030545162096
68,50.0,45.64533171722363
69,50.0,45.64484464068181
70,50.0,45.64547427621147
71,50.0,45.640092674420345
72,50.0,45.636671258712084
73,50.0,45.631467855655785
74,50.0,45.629258191344206
75,50.0,45.629412630247714
76,50.0,45.6313371765836
77,50.0,45.634627913219674
78,50.0,45.63860768496363
79,50.0,45.64246865755109
80,50.0,45.646329630138524
81,50.0,45.64989360483463
82,50.0,45.65329126071157
83,50.0,45.65585732249278
84,50.0,45.65760367009386
85,50.0,45.65854218343051
86,50.0,45.659765814742826
87,50.0,45.6600271728872
88,50.0,45.66047860968206
