,y_actual,y_predict
0,142.0,129.72911967623668
1,128.0,128.44335958566003
2,124.0,127.40013100428115
3,124.0,124.63170322727831
4,120.0,121.00640100181849
5,116.0,117.03006056581492
6,110.0,112.35225897978387
7,103.0,107.97996554585575
8,113.0,104.53503159588655
9,116.0,101.29428421125647
10,117.0,99.43710415909865
11,118.0,99.21101811535235
12,119.0,100.19858030828482
13,117.0,102.22013158837296
14,114.0,104.25582367451827
15,125.0,105.04264064871845
16,124.0,105.7311602498396
17,124.0,106.70460249336097
18,122.0,107.89067824389284
19,122.0,108.44254509975332
20,125.0,109.4859613909471
21,124.0,110.28356125118202
22,123.0,110.26426885353763
23,123.0,110.09241008965665
24,122.0,110.02581481865278
25,124.0,109.01570659128399
26,124.0,108.84267985522132
27,123.0,108.6906140484912
28,120.0,108.86760354731328
29,118.0,108.63290370872681
30,118.0,108.23105870827845
31,119.0,107.06684072286154
32,119.0,106.04788927754547
33,121.0,105.56987580553238
34,118.0,105.63250831377687
35,118.0,105.77560576268309
36,115.0,106.09613069997951
37,116.0,105.93734905320454
38,117.0,104.97126920575718
39,117.0,104.41370848551085
40,115.0,103.82711531389046
41,114.0,103.10706046386301
42,120.0,102.57579997435136
43,117.0,102.46805454058813
44,118.0,102.69472457042531
45,118.0,103.01695975270209
46,117.0,103.3725655687422
47,116.0,104.06125202303218
48,116.0,103.96026414260601
49,119.0,103.60223895561808
50,118.0,103.55996253396918
51,116.0,103.67673889549462
52,116.0,103.66282751254454
53,116.0,103.32647238085664
54,114.0,103.35698565410397
55,116.0,103.09062542673456
56,114.0,102.78653552656655
57,113.0,102.59261043110962
58,120.0,102.58364207328574
59,118.0,102.2662247762585
60,119.0,102.56539250794643
61,115.0,102.94884194653278
62,119.0,103.24008415270191
63,115.0,103.63377420452437
64,117.0,103.63087513071619
65,117.0,103.31627348091274
66,116.0,102.93082180430059
67,116.0,102.81738250615149
68,113.0,102.46728284468236
69,111.0,101.97477400362834
70,112.00000000000003,101.4678323634717
71,111.0,100.7333655709877
72,115.0,99.89044421877301
73,115.0,99.52224098848725
74,110.0,99.4759392341407
75,109.0,99.49802642236278
76,103.0,99.23316787351274
77,106.0,98.46439189819085
78,106.0,97.19315846162428
79,101.00000000000003,95.64348879959522
80,103.99999999999997,94.24784546902987
81,107.0,93.1405035575333
