,y_actual,y_predict
0,142.0,144.36075561447518
1,128.0,144.62643800084626
2,124.0,144.3293872187377
3,124.0,142.64949908677045
4,120.0,140.2192096846972
5,116.0,137.67264448060502
6,110.0,135.00600756490326
7,103.0,132.20693094645344
8,113.0,128.98769719227766
9,116.0,125.75353007949278
10,117.0,123.52643655206887
11,118.0,122.11259579777948
12,119.0,121.42974920439806
13,117.0,121.11475127831869
14,114.0,121.15381577646784
15,125.0,121.28978025240716
16,124.0,121.34742802223326
17,124.0,121.94895455246271
18,122.0,122.76836003619735
19,122.0,123.39270373726248
20,125.0,124.16041602363313
21,124.0,124.84631811566848
22,123.0,125.43096119087835
23,123.0,125.80355474516858
24,122.0,125.94997882912807
25,124.0,125.8742274904854
26,124.0,125.86641667652017
27,123.0,125.86569712222965
28,120.0,125.93463876592
29,118.0,125.76388540428246
30,118.0,125.42258724746836
31,119.0,124.8184014948609
32,119.0,124.1948190613785
33,121.0,123.87173918493454
34,118.0,123.65344309850735
35,118.0,123.44960066782889
36,115.0,123.26821041667927
37,116.0,122.9425860294109
38,117.0,122.57748001107132
39,117.0,122.23014385521068
40,115.0,121.87124268908644
41,114.0,121.50810762380351
42,120.0,120.93986830075292
43,117.0,120.59702675212728
44,118.0,120.58238538656363
45,118.0,120.63278547186925
46,117.0,120.7040526316
47,116.0,120.81965059262066
48,116.0,120.81617796104467
49,119.0,120.76085570725894
50,118.0,120.75757078549788
51,116.0,120.8727516135965
52,116.0,120.93899232161664
53,116.0,120.64911622576716
54,114.0,120.59013363059054
55,116.0,120.52693799290131
56,114.0,120.44879856827995
57,113.0,120.31977935549261
58,120.0,120.03508613619951
59,118.0,119.87988140423104
60,119.0,119.97177578695673
61,115.0,120.15803606497116
62,119.0,120.24179635571701
63,115.0,120.27033867590768
64,117.0,120.35965726283976
65,117.0,120.32228215302487
66,116.0,120.25026415403445
67,116.0,120.16367778774176
68,113.0,119.96448638914404
69,111.0,119.73178878858337
70,112.00000000000003,119.41866796065318
71,111.0,118.96987464982908
72,115.0,118.43365027854514
73,115.0,118.05848092846134
74,110.0,117.89846873956634
75,109.0,117.70602446598264
76,103.0,117.30832993810859
77,106.0,116.66480855095261
78,106.0,115.92082069952303
79,101.00000000000003,115.10413700810471
80,103.99999999999997,114.2255925043477
81,107.0,113.31487662397828
