,y_actual,y_predict
0,142.0,145.40172734883822
1,145.0,145.07497151422422
2,143.0,144.97872398748572
3,141.0,145.0560654272818
4,141.0,145.01328950184188
5,142.0,144.81674346678173
6,145.0,144.55198143231277
7,143.0,144.4455759506396
8,142.0,144.43211711221753
9,143.0,144.4044651525989
10,142.0,144.4238298838589
11,140.0,144.39290867139545
12,142.0,144.3073681171737
13,144.0,144.1587989889279
14,143.0,144.14005105519843
15,144.0,144.2628750997075
16,147.0,144.55460451631615
17,146.0,144.87833284656793
18,147.0,145.27620340305094
19,149.0,145.6714666908519
20,148.0,146.17760667758927
21,149.0,146.74298859856634
22,148.0,147.2677115878254
23,148.0,147.6511676086138
24,148.0,147.86169438769878
25,148.0,148.13743677380975
26,148.0,148.38312101213364
27,149.0,148.5871363975083
28,150.0,148.69958333191616
29,150.0,148.83160511542408
30,149.0,148.99001815151024
31,148.0,149.16266723609354
32,146.0,149.24820327165207
33,148.0,149.0852647943439
34,146.0,148.87119990195208
35,146.0,148.54067324287502
36,144.0,148.25043498513133
37,146.0,147.84024429335946
38,146.0,147.4074512481253
39,147.0,147.08085130739266
40,145.0,147.07730415675937
41,146.0,147.1529782098246
42,146.0,147.17878881417815
43,145.0,147.21926925869866
44,145.0,147.2153335030278
45,146.0,147.04203147160814
46,145.0,146.86166225090122
47,144.0,146.73693358984195
48,145.0,146.6046406865404
49,143.0,146.44424395729752
50,144.0,146.2824758137652
51,145.0,146.05180483401352
52,145.0,145.85480693263068
53,142.0,145.60423124136338
54,142.0,145.44740425606994
55,145.0,145.2679274713504
56,145.0,145.1721476262559
57,145.0,145.17513446264905
58,140.0,145.2471800291429
59,141.0,145.14594841686483
60,139.0,144.91962890980093
61,137.0,144.51094971087855
62,136.0,143.9262188739628
63,138.0,143.1910956281891
