,y_actual,y_predict
0,123.0,96.43686576437807
1,131.0,99.11333381111149
2,131.0,100.2599149014552
3,137.0,101.62719616915103
4,142.0,104.63731499534089
5,140.0,108.97493868257766
6,162.0,114.44298429495694
7,165.0,116.20616511008035
8,162.0,122.58939518399211
9,161.0,130.49060546098758
10,178.0,136.66334114609526
11,169.0,142.84023111051573
12,169.0,146.75133788468077
13,179.0,148.83148694028773
14,185.00000000000006,152.0453944288318
15,184.0,162.0543944387519
16,192.0,162.78070639042346
17,188.0,169.18372653507748
18,175.0,176.5683014776872
19,163.0,175.25234355047832
20,180.0,164.0268266299716
21,179.0,159.37442632992025
22,174.0,155.72425409180659
23,176.0,154.41938514638548
24,174.0,152.8986572310004
25,167.0,154.57760757974143
26,167.0,152.93149893517437
27,165.0,149.55949985671725
28,163.0,147.11236765456903
29,169.0,144.82349059663744
30,158.0,142.24816453128432
31,147.0,141.2596423199929
32,154.0,139.22371834809428
33,155.0,135.940758232547
34,153.0,134.31231345277473
35,158.0,132.30527317090156
36,158.0,130.57843412205034
37,170.0,131.40592076596295
38,168.00000000000006,131.4078834176068
39,167.0,135.25755919531895
40,165.0,140.0136202130269
41,154.0,142.7057567620505
42,156.0,143.54979510149303
43,146.0,139.71814300804363
44,141.0,136.02462887946137
45,133.0,131.622990037774
46,136.0,126.53331095147036
47,139.0,121.4109864261572
