,y_actual,y_predict
0,82.0,77.1001266081228
1,83.0,77.9906871523835
2,87.0,80.4947860824947
3,87.0,85.31434957292501
4,84.0,85.95838142992235
5,79.0,83.96887831102126
6,74.0,80.43471246643307
7,69.0,75.04647708563046
8,73.0,70.42961962453808
9,70.0,68.69285708703809
10,69.0,69.07878943167431
11,71.0,69.51556016801776
12,67.0,69.9403268990108
13,63.0,68.84046437455558
14,59.0,65.41862172288907
15,68.0,61.974936961784735
16,64.0,63.81759197505437
17,69.0,64.0505357723341
18,76.0,65.319972735467
19,90.0,70.05060923239186
20,106.0,81.58736939239591
21,110.0,102.54393111928295
22,111.0,115.81303939740867
23,104.0,112.32086524266792
24,102.0,104.21015672802187
25,107.0,96.81978231569204
26,105.0,98.71624546157591
27,105.0,102.51605797962722
28,106.0,102.75718977683627
29,105.0,103.56111427057692
30,103.0,103.92239106702132
31,100.0,103.36234035683091
32,97.0,101.40854334833871
33,100.0,98.3668476287595
34,96.0,96.80423695013224
35,96.0,95.82360170798549
36,93.0,94.22645718509679
37,93.0,92.93624096716647
38,87.0,92.56590757739966
39,87.0,90.71048937689362
40,84.0,87.47030555321962
41,79.0,84.28332251665103
42,78.0,81.30182768774375
43,75.0,77.47746680011981
44,78.0,75.40822725430965
45,75.0,75.41147833909206
46,76.0,75.29543068915319
47,72.0,75.87959435577572
48,69.0,74.45371680059293
49,67.0,71.9135924571031
50,68.0,69.2284956338178
51,67.0,68.20811052127523
52,63.0,67.99047093766211
53,59.0,66.87322761379328
54,59.999999999999986,63.45223345952877
55,56.0,61.39060359568181
56,53.0,59.48365480821954
57,50.0,57.42007340034799
58,51.0,54.68356210027726
59,50.0,52.9721428404423
60,51.0,52.13564051224063
61,51.0,51.74649280902841
62,59.0,52.71418176713095
63,61.0,56.357209828395796
