,y_actual,y_predict
0,82.0,80.55286349677374
1,83.0,79.97918993750542
2,87.0,80.86614660069552
3,87.0,84.31436412423685
4,84.0,84.7710745495273
5,79.0,83.78641117760895
6,74.0,82.8132695072546
7,69.0,78.99732660701366
8,73.0,74.0573032801541
9,70.0,71.86401787994727
10,69.0,69.83247394766494
11,71.0,68.90469116211122
12,67.0,68.47172526674937
13,63.0,68.09260323020817
14,59.0,65.74189030149965
15,68.0,63.1498289854558
16,64.0,66.29048406387516
17,69.0,64.17841772814297
18,76.0,64.87713300981136
19,90.0,68.42407990473914
20,106.0,78.50934681957159
21,110.0,97.65147946913291
22,111.0,113.30896502906437
23,104.0,117.66572454312511
24,102.0,115.64997829273528
25,107.0,110.08147963887767
26,105.0,108.10412343015255
27,105.0,106.69108944617057
28,106.0,105.20965317425994
29,105.0,104.6253354383723
30,103.0,104.94652519834798
31,100.0,104.74792544985817
32,97.0,103.22946566367763
33,100.0,100.85525158982159
34,96.0,99.9390284649262
35,96.0,98.03083372601571
36,93.0,96.05265134876761
37,93.0,94.32405224943005
38,87.0,93.5231689490092
39,87.0,92.090021110824
40,84.0,89.13407945104434
41,79.0,86.34820346528038
42,78.0,83.90786688204162
43,75.0,79.92842299821099
44,78.0,76.9171414447177
45,75.0,76.5714368084879
46,76.0,75.2851995967954
47,72.0,74.9414375730386
48,69.0,73.77768765998854
49,67.0,72.13183045467342
50,68.0,69.7642547565441
51,67.0,68.83813770536378
52,63.0,68.23528476701824
53,59.0,67.34413474035195
54,59.999999999999986,63.830591848408176
55,56.0,62.066181692930385
56,53.0,60.13058495371111
57,50.0,57.965023089670694
58,51.0,56.873265948292484
59,50.0,54.832888711477736
60,51.0,56.49782817678627
61,51.0,53.98086334659527
62,59.0,52.889249110042655
63,61.0,56.53609094384069
