,y_actual,y_predict
0,64.0,66.96315144881031
1,65.0,65.65526538492746
2,64.0,64.39800017196337
3,64.0,64.2430542822639
4,64.0,63.9937497255682
5,63.0,63.35260866085764
6,64.0,63.12084201326106
7,64.0,62.89132692794345
8,64.0,63.02883141828357
9,65.0,63.55423939600722
10,64.0,64.00641339533693
11,63.0,64.13358736374047
12,65.0,64.18116666543838
13,64.0,63.91636980814801
14,66.0,64.2904335998619
15,67.0,64.28462809129019
16,66.0,65.15667418055995
17,67.0,66.07743281476037
18,68.0,66.92501517742157
19,72.0,67.30350647781482
20,73.0,66.98660232062436
21,71.0,68.49801051156678
22,70.0,69.65458820748759
23,72.0,72.21807593500601
24,71.0,72.78315737533403
25,72.0,70.53044493905891
26,72.0,70.24947076101078
27,69.0,70.8822219455104
28,69.0,71.56338470384506
29,70.0,70.3323263624797
30,69.0,69.01753935473168
31,68.0,69.09508343820403
32,66.0,69.42711475089135
33,64.0,69.29513121463252
34,64.0,67.34063188430058
35,65.0,65.15184471378926
36,66.0,64.49384727783246
37,67.0,64.66302188699791
38,67.0,65.22612338524235
39,67.0,66.27957495203607
40,66.0,67.06074169966956
41,65.0,67.23936630376457
42,65.0,66.64946295635056
43,65.0,65.56184495179298
44,65.0,64.72503685688207
45,65.0,64.56194136637525
46,63.0,64.75394202141078
47,63.0,64.99464825675658
48,59.0,63.86588227996252
49,59.0,63.13499213201114
50,57.0,61.4833582740459
51,60.0,59.760002755258114
52,60.0,58.732836660779
