,y_actual,y_predict
0,98.0,115.33418763699395
1,97.0,110.19520314929787
2,97.0,105.75430201675555
3,97.0,101.85764175166247
4,103.0,101.07530878947593
5,103.0,101.01493312498648
6,103.0,102.21628228068282
7,105.0,104.50874114067135
8,103.0,106.6665745391467
9,101.0,108.9647820821839
10,102.0,108.48766071244759
11,99.99999999999999,108.20446802532165
12,99.0,107.2536358490695
13,99.99999999999999,106.26866905565602
14,99.99999999999999,106.36269625469767
15,99.99999999999999,105.81518974881067
16,99.0,104.3301261767705
17,97.0,103.21003151593034
18,96.0,102.87862718441292
19,98.0,102.06616919072083
20,99.99999999999999,100.93783314056886
21,99.0,100.62066042271648
22,98.0,102.03623739225895
23,98.0,103.6573177037266
24,101.0,104.28049426950818
25,103.0,103.05578323883417
26,101.0,102.87426011762635
27,101.0,104.84098603592868
28,99.99999999999999,106.5691174535802
29,99.99999999999999,106.97839470168987
30,99.0,105.06494313352273
31,96.0,104.09029498464034
32,96.0,104.05061457912615
33,96.0,103.5832708013987
34,96.0,102.54023747836742
35,95.0,101.30531408133633
36,95.0,101.13390670996377
37,94.0,100.7332573172532
38,94.0,100.01243043286148
39,95.0,99.59695040405053
40,97.0,99.05605246825648
41,96.0,98.71880283716854
