,y_actual,y_predict
0,640.0,651.0793348273588
1,630.0,679.5287346009499
2,630.0,651.7113693278421
3,635.0,627.9219292739264
4,650.0,629.9399357738401
5,640.0,640.6547718770787
6,630.0,657.2813847656097
7,625.0,636.4119943143121
8,620.0,626.0579063001276
9,620.0,628.6468078881737
10,620.0,611.1366275147843
11,625.0,616.3222929757696
12,620.0,617.0913687555719
13,605.0,628.4879536540182
14,595.0,617.6793113218469
15,630.0,600.1587882103956
16,630.0,587.2828159428734
17,660.0,639.9060508463109
18,680.0,629.4387639693279
19,675.0,653.1938835712158
20,670.0,676.4629621329217
21,670.0,660.9232763064745
22,665.0,653.9552924957687
23,670.0,676.0378650754468
24,665.0,676.196704276553
25,660.0,679.0843501409556
26,660.0,678.8882214605437
27,650.0,668.640747833473
28,655.0,669.0869287428835
29,675.0,663.1998813240325
30,670.0,670.481003555999
31,650.0,691.6050688990191
32,650.0,677.7390951561188
33,660.0,647.2045813496084
34,665.0,662.3426216758137
35,630.0,681.7413589597999
36,645.0,681.1640597925767
37,650.0,635.082711944578
38,635.0,654.2432956582513
39,640.0,664.7775247046956
40,640.0,632.8002440377118
41,640.0,634.6770150374937
42,640.0,650.2150397119701
43,625.0,642.2219973544325
44,625.0,644.0922891098763
45,615.0,629.4861782074775
46,615.0,630.4012098649571
47,625.0,621.9747646900911
48,615.0,626.3245474992588
49,615.0,637.5341964270675
50,605.0,612.8059273983004
51,610.0,610.5064571124401
52,615.0,605.8091703308353
53,610.0,612.0048161899956
54,620.0,618.2579333974268
55,615.0,610.2545633348767
56,610.0,616.8782301796413
57,605.0,611.9919779657155
58,605.0,604.1532348283323
59,575.0,604.3368785611274
60,575.0,609.8759259169076
61,570.0,570.4651029289912
62,570.0,578.8069421012237
63,595.0,571.4534507689235
