,y_actual,y_predict
0,196.0,196.65631484631194
1,194.0,196.7563343282892
2,194.0,200.44507190978862
3,194.0,198.2294015595418
4,197.0,196.84057804611538
5,194.0,195.90332558326523
6,196.0,197.9237853769211
7,204.0,192.5270252678049
8,204.0,194.57125130825355
9,204.0,211.95411858677662
10,206.0,224.10863562333557
11,208.0,224.5683665092951
12,208.0,225.9945264305321
13,206.0,214.09321306632384
14,210.0,209.2113458631859
15,208.0,204.67757271318456
16,212.0,209.52264401571102
17,218.0,204.63283144945748
18,216.0,210.70628679343972
19,220.0,220.22143331668792
20,220.0,214.79935311847072
21,224.0,218.3476235716305
22,226.0,217.93804319340015
23,234.0,218.84949292728754
24,238.0,222.99113992503075
25,238.0,235.20703002431154
26,240.0,233.68311123296775
27,224.0,235.8729188236495
28,224.0,238.2147569664118
29,246.0,244.18265239784748
30,230.0,220.85687199862002
31,230.0,217.1026835999721
32,220.0,220.00635680274573
33,212.0,224.32718564544885
34,214.0,226.38349692004755
35,214.0,220.63579814164777
36,214.0,213.1580707139114
37,210.0,219.66527346637804
38,216.0,219.07303155425973
39,216.0,209.65767006915007
40,216.0,218.5659218824152
41,210.0,224.14040038775406
42,208.0,222.7630060211228
43,212.0,217.0636400670798
44,208.0,202.76102133380647
45,208.0,209.33903844845173
46,208.0,209.2179839961973
47,208.0,211.0091784983775
48,208.0,211.56197427854482
49,210.0,211.71473230572352
