,y_actual,y_predict
0,400.0,418.27355727534155
1,408.0,414.2320106765778
2,400.0,408.1688689368718
3,396.0,403.60532910821775
4,400.0,400.4699247491857
5,406.0,398.4080481136883
6,396.0,397.2274558252514
7,392.0,397.957498809021
8,388.0,396.8174131772106
9,380.0,398.4266465007775
10,370.0,394.8846895058098
11,372.0,391.584894318523
12,365.99999999999994,384.0607434467856
13,382.0,377.4429824930583
14,396.0,371.641546628822
15,398.0,369.5318230531738
16,408.0,373.9733250391843
17,408.0,379.1046785792377
18,408.0,388.84865727948807
19,418.0,396.751395657906
20,420.0,401.72090270111033
21,418.0,407.6044326565419
22,418.0,410.4078805738593
23,418.0,413.7651371217413
24,420.0,414.7186534612742
25,408.0,414.36300996965895
26,416.0,415.9697439942345
27,412.0,413.02390358302824
28,416.0,412.09207035096136
29,424.0,410.48015759874596
30,408.0,408.4375548365517
31,410.0,411.3574340609373
32,420.0,411.37098881762944
33,416.0,409.3481778015023
34,412.0,409.28015633976315
35,416.0,407.9602112453999
36,416.0,407.62028406636125
37,420.0,409.36673115617725
38,430.0,410.0268838330159
39,430.0,412.47004992004935
40,430.0,417.04966632059404
41,434.0,421.21075146301
42,426.0,422.638549189525
43,424.0,424.48449539864754
44,424.0,423.9734900778367
45,418.0,423.6610101552893
46,416.0,422.26829267948256
47,414.0,419.25339506100914
48,420.0,416.4275435175976
49,414.0,414.7941052713661
50,416.0,414.68618509059297
51,416.0,413.6464992263744
52,432.0,412.5593041651119
53,418.0,411.86337323514397
54,416.0,415.22535818652324
55,422.0,417.0530437516635
56,420.0,416.9585207141326
57,418.0,417.21777232302514
58,418.0,416.4025054952693
59,416.0,416.32104185787364
60,416.0,414.88545352369175
61,416.0,413.25550528956535
62,410.0,410.89819350031786
63,408.0,409.0092638517845
64,406.0,407.8909288760615
65,408.0,406.2642680081761
66,410.0,404.71654896248776
67,408.0,403.9687632074999
68,414.0,403.7655544381534
69,408.0,403.3991707157373
70,410.0,404.61238898830527
71,406.0,404.60552154513067
72,406.0,404.3444236072535
73,404.0,403.6931197998168
74,400.0,403.32209773873194
75,400.0,403.0977237346835
76,398.0,402.01973780213706
77,400.0,399.0320397618765
78,380.0,396.10252360083933
79,380.0,393.63751679289004
80,380.0,388.65357686091545
81,388.0,383.16923674168817
82,386.0,378.1308075884595
83,388.0,376.0732315485239
84,382.0,377.2490278848422
