,y_actual,y_predict
0,1840.0,1770.1194748097898
1,1825.0,1759.1730943876905
2,1930.0,1764.9655670586376
3,1950.0,1756.3863993620816
4,1960.0,1836.11561206674
5,1925.0,1891.8204411637612
6,1880.0,1907.5637138663312
7,1825.0,1929.7281523881736
8,1805.0,1884.1755020217693
9,1695.0,1870.6867461192014
10,1675.0,1807.0113725914566
11,1635.0,1818.8861890410592
12,1670.0,1784.3551403636575
13,1700.0,1715.7030886568532
14,1725.0,1754.7625609426836
15,1640.0,1730.5117520753809
16,1585.0,1716.1423552923027
17,1510.0,1721.6774820309633
18,1515.0,1677.5766755421894
19,1420.0,1635.355217745116
20,1375.0,1584.97873848766
21,1380.0,1557.3475005710088
22,1300.0,1526.2623732119428
23,1220.0,1488.2295898044206
24,1135.0,1442.5065927410217
25,1060.0,1411.6843998790825
26,1000.0,1360.5930874288633
27,1020.0,1284.7247707775343
28,1080.0,1209.0629454781922
29,1210.0,1155.311095434455
30,1175.0,1127.9971547454224
31,1180.0,1135.9199176266343
32,1100.0,1172.9544529878049
33,1125.0,1228.2565518818005
34,1105.0,1252.2272798279769
35,1150.0,1234.1516039521543
36,1130.0,1204.9578386595736
37,1170.0,1182.3274960362905
38,1170.0,1181.8827224208887
39,1155.0,1196.0483065558087
40,1170.0,1208.929526991053
41,1155.0,1221.3536816877431
42,1155.0,1228.081117177248
43,1155.0,1229.5494547997723
44,1160.0,1228.4464815014867
45,1150.0,1227.1455288745474
46,1160.0,1226.1436120577557
47,1170.0,1227.8840896722902
48,1160.0,1229.5147540273326
49,1145.0,1231.8364423852709
50,1160.0,1230.7777968762302
51,1170.0,1229.0035431179886
52,1170.0,1233.8832984498888
53,1150.0,1229.8771812955968
54,1100.0,1224.673887492132
