,y_actual,y_predict
0,114.0,115.28374901607152
1,113.0,116.05144190428365
2,111.0,115.74807442899808
3,149.0,114.36427303438037
4,139.0,113.30324612742058
5,130.0,130.23731175507896
6,170.0,127.70131191524246
7,159.0,121.61275582384317
8,166.0,133.03345562046817
9,155.0,148.62279264830465
10,173.0,141.22537546030952
11,161.0,143.94186041325798
12,150.0,160.41252523043607
13,141.0,153.97100461126934
14,143.0,147.07505708972738
15,138.0,140.32155173013442
16,140.0,143.08149818828718
17,145.0,140.84514512376595
18,144.0,138.61253866402492
19,163.0,140.43467502285336
20,152.0,139.13026932185647
21,142.0,148.63070255920817
22,137.0,148.65066863352476
23,128.0,146.75237306036814
24,138.0,138.66230926483084
25,129.0,135.89987891077192
26,120.0,141.51828239725364
27,120.0,136.0481104038359
28,123.0,123.60835338498882
29,119.0,118.93971977125413
30,119.0,118.96718127951557
31,123.0,118.64030947580473
32,123.0,116.44718361466501
33,122.0,118.06970594239968
34,121.0,118.79936334040484
35,121.0,119.46604100161363
36,120.0,119.42590865838501
37,123.0,120.5866450787091
38,122.0,120.255734534401
39,120.0,119.95616334181379
40,122.0,120.07071617223632
41,123.0,119.53306170339162
42,125.0,120.57431976478438
43,123.0,121.1542152932628
44,124.0,122.94106327661032
45,124.0,122.52370648161526
46,123.0,122.81995815122582
47,126.0,122.94083713086364
48,124.0,122.37857948770323
49,122.0,124.36072545495955
50,123.0,124.03445942526521
51,125.0,123.1642394701236
52,131.0,121.60431799237692
53,128.0,123.18888861505012
54,126.0,126.82259365318392
55,128.0,127.7164969996945
56,125.0,126.07957456349202
57,125.0,125.98266184277188
58,124.0,126.15173822735328
59,124.0,125.80848772525654
60,123.0,125.28914939360453
61,122.0,124.39456798058465
62,123.0,123.29390328519307
63,127.0,122.36537999071184
64,126.0,122.12118781344819
65,124.0,124.17663466108698
66,122.0,125.07544981906926
67,126.0,125.90444785336013
68,123.0,123.9147653010477
69,124.0,123.65682716969329
70,122.0,122.5444659196989
71,122.0,123.3819926144854
72,114.0,122.06814217735347
73,108.0,121.8376447933395
74,115.0,117.76873635349037
75,112.0,112.94862883570738
76,113.0,112.08903179896797
