,y_actual,y_predict
0,108.0,95.09986172893699
1,103.0,99.87902026955541
2,103.0,105.66269447025968
3,113.0,107.56467906172374
4,106.0,103.30158547009832
5,116.0,104.0388810842538
6,113.0,105.7650116619682
7,124.0,109.24716429718214
8,120.0,111.30887355124491
9,124.0,112.74607278984092
10,136.0,117.01603797413797
11,146.0,119.77028225690087
12,142.0,125.69025078794516
13,139.0,132.52030598896621
14,135.0,135.96196716764888
15,122.0,133.2189235361657
16,114.0,128.64352224001584
17,125.0,125.49757203205641
18,137.0,118.72543508193314
19,150.0,113.0355689834519
20,139.0,120.95891796488363
21,140.0,132.07951007528277
22,154.0,134.7690909178901
23,159.0,131.92994762719843
24,167.0,134.67744947609134
25,168.0,137.96165677612018
26,184.0,142.78977948302625
27,175.0,143.8938964265923
28,172.0,145.01914443895643
29,165.0,147.43646266075206
30,181.0,145.90637654508583
31,199.0,144.80983140710813
32,218.0,145.841669018726
33,238.0,148.37644115493742
34,216.0,150.82656502350704
35,195.0,154.06884634324751
36,192.0,153.82374909044728
37,196.0,152.8482922233523
38,214.0,151.93888200107273
39,234.0,152.50503703668036
40,212.0,153.45545293973353
41,191.0,154.33932071739736
42,173.0,153.27486482537378
43,178.0,150.9931612787774
44,195.0,148.40761561215237
