,y_actual,y_predict
0,139.0,141.21936792849604
1,139.0,141.23238013639963
2,139.0,139.86094658158243
3,139.0,138.73986975581175
4,138.0,140.1941792877172
5,135.0,142.4943794048888
6,137.0,135.5264368328257
7,135.0,132.26107988448229
8,136.0,136.36201010084827
9,133.0,129.81803900619786
10,146.0,134.01774181882803
11,132.0,131.0237691426052
12,119.0,208.74933175566275
13,108.0,161.32655326173918
14,98.0,112.57524798628901
15,104.0,96.46813150176347
16,108.0,72.9103726901724
17,111.0,90.5990386855938
18,100.0,97.7214775364354
19,90.0,95.72675922303651
20,81.0,103.46263931674731
21,73.0,92.83364386981485
22,69.0,82.87860221057069
23,68.0,78.29935894801244
24,66.0,73.03310808777664
25,70.00000000000001,87.18447354580462
26,71.0,112.11229535461311
27,68.0,132.8681837429693
28,68.0,139.31081677940648
29,63.0,137.85729075344761
30,62.0,143.32045353001905
31,61.0,126.2456239972806
32,59.999999999999986,98.55609857894174
33,62.0,98.423397170595
34,59.0,96.02629423978688
35,62.0,103.02374193549068
36,58.0,99.05928042745064
37,58.0,89.49742932468492
38,59.0,104.17729843402672
39,58.0,117.71570800685154
40,59.0,124.7494558335205
41,59.0,74.15884203591422
42,58.0,71.50472141990002
43,57.0,72.69568743835212
44,58.0,71.71670715860637
45,58.0,67.66272258468047
46,58.0,71.72852215093374
47,63.0,72.9914043081297
48,69.0,73.96496707183177
49,74.0,93.88205803052676
50,66.99999999999999,111.96818572988767
51,66.0,114.64358812394381
52,71.0,121.88616917571689
53,64.0,124.86310348663505
54,58.0,147.75128366321306
55,53.000000000000014,107.70845573010439
56,48.0,72.8264659058506
57,51.0,73.71766578485423
58,47.0,101.1013003122447
59,46.0,91.62968413327502
60,46.0,92.19054496232421
61,48.0,96.8380526249962
62,47.0,115.44575491718157
63,47.0,133.75912476455105
64,48.0,128.8304470947205
65,46.0,127.85487587477189
66,47.0,132.52927928582292
67,47.0,131.93895493521867
68,46.0,109.6955285046498
69,46.0,90.52341996122621
70,46.0,79.3511428776628
71,46.0,125.04638840869013
72,46.0,135.5851188858758
73,46.0,151.1034283403102
74,46.0,74.63434463009749
75,46.0,71.8848720337511
76,45.0,73.61052654691842
77,47.0,77.38217163283335
78,45.0,81.22219205775707
79,45.0,76.25329441600147
80,45.0,75.72694482823404
81,45.0,66.38062950881762
82,44.0,66.15040356677645
83,44.0,64.87887742067119
84,42.999999999999986,62.58971803478828
85,42.0,72.97881274353668
86,40.0,67.08054299795762
87,39.0,73.4249257754283
88,39.0,80.39209177522575
