,y_actual,y_predict
0,760.0,770.1029015245388
1,755.0,769.1400122161021
2,765.0,757.2420326689661
3,760.0,759.2933567385647
4,765.0,765.1915164099703
5,770.0,763.4190993109607
6,765.0,767.3823576750395
7,760.0,765.7634072662479
8,800.0,761.7937718169236
9,755.0,759.6587649366583
10,745.0,785.6479033583352
11,720.0,775.078967636935
12,720.0,728.9919667321503
13,705.0,712.685941788516
14,695.0,710.9084642812336
15,695.0,707.0281747693401
16,700.0,698.0196408161713
17,700.0,694.7136975305168
18,695.0,700.4730934045658
19,690.0,700.8134715936345
20,690.0,695.5730770169764
21,695.0,691.6101827110467
22,695.0,693.8874594708991
23,700.0,697.0556148372914
24,695.0,698.3454000480074
25,690.0,700.9212004450508
26,680.0,696.6698183715743
27,680.0,692.0152742586673
28,680.0,687.442432884605
29,675.0,689.8019341999823
30,680.0,688.6924386748934
31,675.0,685.863367068595
32,675.0,686.6473177516468
33,665.0,684.7230277280944
34,670.0,683.8105847438546
35,665.0,679.9953766937529
36,665.0,682.1972327403785
37,670.0,680.3815857587057
38,675.0,679.4561014025462
39,700.0,681.6988249989562
40,700.0,683.9608719929035
41,710.0,696.3547300885981
42,710.0,702.1192955883647
43,715.0,703.0390561414018
44,715.0,704.9574848287533
45,715.0,711.2430418104595
46,705.0,714.4999565761535
47,700.0,713.885460803702
48,695.0,706.0451004590798
49,690.0,701.3538066985642
50,700.0,695.2847510530514
51,690.0,693.7006935953079
52,685.0,697.2515104822444
53,695.0,693.7167445145938
54,710.0,687.6750296360802
55,730.0,694.3206522625416
56,720.0,708.9732282426642
57,720.0,724.7593073602651
58,705.0,714.4567570316694
59,695.0,706.682145588779
60,720.0,701.7931682532891
61,720.0,696.0687502771897
62,760.0,707.333753044443
63,745.0,721.2833792571488
64,745.0,740.9974127054536
65,720.0,742.4008037785127
