,y_actual,y_predict
0,50.0,50.25502925924097
1,50.0,50.253628883504724
2,50.0,50.250961279740324
3,50.0,50.25247028709873
4,50.0,50.25669888923136
5,50.0,50.25665957895564
6,50.0,50.25653995736392
7,50.0,50.25619377332288
8,50.0,50.25602342879474
9,50.0,50.255294709274885
10,50.0,50.25543335196776
11,50.0,50.256126565432126
12,50.0,50.255998490017674
13,50.0,50.25619504139629
14,50.0,50.256474862928854
15,50.0,50.256627031738105
16,50.0,50.25645288298974
17,50.0,50.25642413999244
18,50.0,50.25645753259224
19,50.0,50.256296909960255
20,50.0,50.25631508567914
21,50.0,50.25638525240785
22,50.0,50.256284229226154
23,50.0,50.255889435704376
24,50.0,50.2557782679354
25,50.0,50.256285497299565
26,50.0,50.25644865607837
27,50.0,50.2560631617616
28,50.0,50.2558036294036
29,50.0,50.25587295075004
30,50.0,50.25629648726912
31,50.0,50.25654249351074
32,50.0,50.25642160384562
33,50.0,50.256269435036366
34,50.0,50.25623942396565
35,50.0,50.255872105367764
36,50.0,50.25605428524773
37,50.0,50.25670057999591
38,50.0,50.25678342745872
39,50.0,50.25655897846508
40,50.0,50.25641145925833
41,50.0,50.25614178231305
42,50.0,50.256225897849276
43,50.0,50.25665662011768
44,50.0,50.25654249351074
45,50.0,50.256585608006695
46,50.0,50.25667268238088
47,50.0,50.25650106977933
48,51.0,50.256310858767776
49,50.0,50.25629310574003
50,50.0,50.213067019325464
51,50.0,50.19055871629042
52,50.0,49.91648705125733
53,50.0,49.91620004397544
54,50.0,50.180286476283705
