,y_actual,y_predict
0,1165.0,1184.8223382112867
1,1115.0,1185.4768728676634
2,1125.0,1175.0276256511065
3,1100.0,1163.412078685129
4,1095.0,1147.7067300874778
5,1115.0,1138.5912726350416
6,1065.0,1116.0694287546398
7,1115.0,1125.1006336542268
8,1115.0,1110.6279836995243
9,1070.0,1115.5522100354488
10,1065.0,1130.289579799481
11,1100.0,1121.0597753316613
12,1100.0,1112.3850066986515
13,1100.0,1102.6952664899302
14,1100.0,1108.9212176566796
15,1090.0,1116.360162758766
16,1190.0,1131.5592795045006
17,1220.0,1121.640347671386
18,1205.0,1149.5986407668927
19,1215.0,1191.8935417196005
20,1205.0,1266.9796437213931
21,1125.0,1268.970943751777
22,1050.0,1243.0404541550988
23,1090.0,1182.521823549486
24,1015.0,1108.5030598766639
25,1025.0,1090.0011753865122
26,1010.0,1069.0745768653705
27,940.0,1063.6151388247185
28,975.0,1047.2415219865977
29,940.0,987.8169803433193
30,955.0,977.9343330374534
31,995.0,961.0070736266771
32,1020.0,959.6129755150175
33,1005.0,983.1965647720272
34,1020.0,1017.0281544792679
35,1020.0,1044.6748544458228
36,1005.0,1062.6624261635625
37,995.0,1058.3371035165653
38,1010.0,1042.0548448682807
39,1060.0,1018.9677744355973
40,1080.0,1018.8662653357792
41,1035.0,1036.5755030825665
42,1065.0,1076.5297435196828
43,1010.0,1092.9589515177631
44,1040.0,1094.8520763256267
45,1040.0,1069.1805444040826
46,1035.0,1058.6195774664907
47,1025.0,1060.7628525422986
48,1040.0,1056.072694248308
49,1065.0,1060.216534547826
50,1065.0,1063.970699326513
51,1065.0,1080.9458869553996
52,1075.0,1094.8223401305036
53,1080.0,1097.9653206095597
54,1055.0,1094.3870452259891
55,1070.0,1096.7969906781427
56,1090.0,1088.6528359847512
57,1075.0,1092.9746754763623
58,1080.0,1098.48068828046
59,1090.0,1108.9442462897168
60,1145.0,1108.9534418199355
61,1105.0,1125.1052314193362
62,1105.0,1136.8290945659433
63,1105.0,1159.7977377155055
64,1105.0,1144.485726927777
65,1105.0,1137.7029286854172
66,1125.0,1122.5431417399259
67,1130.0,1126.7365224609043
68,1130.0,1126.533444550033
69,1130.0,1147.9970660167028
70,1130.0,1168.2974529106916
71,1130.0,1177.673311059779
72,1130.0,1152.3264092202025
73,1130.0,1143.650167710058
74,1125.0,1155.0325821101196
75,1110.0,1163.9287600032035
