,y_actual,y_predict
0,178.0,192.70268286852198
1,179.0,189.40082602487868
2,171.0,184.4239301082445
3,166.0,180.43331030512817
4,165.0,174.98187385611863
5,167.0,168.22677524066756
6,166.0,163.17994966322533
7,172.0,164.61639248543443
8,166.0,167.47037694487503
9,165.0,170.46537463618924
10,170.0,172.13357797180694
11,160.0,169.62134664096084
12,165.0,169.72549547671417
13,165.0,169.02407324447498
14,155.0,166.42656727080038
15,159.0,164.85692541600508
16,158.0,161.72761526992645
17,161.0,160.18061974743568
18,157.0,159.6551114713487
19,168.0,161.86103698694825
20,164.0,163.19084095653267
21,164.0,164.12102758431897
22,164.0,166.24226553423858
23,162.0,166.9272428583055
24,159.0,167.18154848382062
25,158.0,165.772806255804
26,152.0,164.80186837629333
27,159.0,162.62978414689974
28,156.0,160.05358165090257
29,153.0,159.0390583541228
30,151.0,161.62152300637104
31,161.0,161.21411845733832
32,158.0,158.74897476261287
33,158.0,159.1383756124238
34,156.0,162.58188674919484
35,161.0,163.2448655502246
36,157.0,162.22989688457355
37,160.0,162.744777039868
38,159.0,163.7228948054252
39,157.0,162.97210410860316
40,158.0,162.37062669989268
41,159.0,161.47793878146763
42,157.0,161.52187509542318
43,159.0,161.9325659268851
44,159.0,161.78627574868784
45,157.0,161.7066559409223
46,157.0,161.6726661984259
47,157.0,160.8761374681235
48,153.0,160.2571624611813
49,151.0,160.21352980781984
50,152.0,159.71577611003102
51,153.0,157.7573137345601
52,152.0,157.29581711170343
53,152.0,157.62160444106297
54,152.0,158.64915815133497
55,153.0,157.36861467812219
56,150.0,156.8138605128195
57,149.0,157.2931179064228
58,144.0,157.42609425457331
59,140.0,155.9897391565358
60,141.0,152.6087821021435
61,142.0,148.84849223363705
62,140.0,146.44241389846513
63,141.0,146.85027731239558
64,140.0,147.99698743978126
65,139.0,149.0819195063064
66,139.0,148.87204279971058
67,139.0,148.1388306772787
68,138.0,147.86478711314894
69,137.0,146.4766060813576
70,136.0,146.20723889037654
71,149.0,144.96999066986513
72,156.0,144.39557954210625
73,148.0,148.87960057449635
74,156.0,164.5530353894847
75,152.0,172.29675167903457
