,y_actual,y_predict
0,146.0,135.13802513946868
1,151.0,137.55255762504981
2,150.0,141.8951882904804
3,151.0,149.43094542215061
4,149.0,155.3473519815209
5,146.0,158.1154498309062
6,147.0,156.5950354131827
7,147.0,154.00597262524462
8,144.0,152.2735158262368
9,134.0,151.6495178228456
10,128.0,151.080655619149
11,133.0,147.85272299389808
12,133.0,141.21910669151288
13,134.0,138.42165742541596
14,134.0,138.31143485741822
15,138.0,139.70232059675732
16,139.0,140.76675533176854
17,140.0,141.81777385229202
18,140.0,143.49675578999089
19,142.0,144.56898038732
20,144.0,145.89292601947096
21,144.0,146.82360924750847
22,147.0,147.73426315213538
23,148.0,148.4254831932156
24,147.0,149.74062156167588
25,149.0,151.51563760846932
26,151.0,152.22305026657855
27,154.0,152.8141543352253
28,149.0,153.7948128090065
29,141.0,155.86461477463178
30,138.0,156.44136796789115
31,142.0,153.01952231834747
32,145.0,148.2834269943137
33,146.0,145.81856378540084
34,148.0,146.75385596423544
35,146.0,149.30247704760652
36,146.0,151.42397342213843
37,142.0,152.01342881024743
38,138.0,151.59897258717626
39,136.0,150.30995569251525
40,135.0,147.31581087066036
41,134.0,144.5821820894701
42,131.0,142.3010456332746
43,130.0,141.14397834195123
44,127.0,139.55814379017482
45,125.0,137.76438549399654
46,125.0,135.95793419635453
47,124.0,134.20063686864927
48,116.0,132.81859516654444
49,108.0,131.66718487201052
50,108.0,129.2153517553777
51,109.0,124.14933032714644
52,102.0,119.83907876684997
53,95.00000000000001,117.70881190217098
54,88.99999999999999,115.05959679029972
55,83.0,110.23684461078771
56,78.0,104.52631167076402
57,73.0,98.16836823792788
58,73.0,92.94943015758676
