,y_actual,y_predict
0,138.0,137.80371403156977
1,140.0,136.59238399330494
2,143.0,136.04070257585897
3,142.0,137.51875102549064
4,141.0,140.10462008709482
5,142.0,139.13717219757294
6,140.0,139.81591207571213
7,140.0,142.48531326402403
8,139.0,141.7313779323923
9,140.0,140.75891504365478
10,141.0,141.0178067483541
11,143.0,141.00344104977643
12,143.0,141.3105432985649
13,143.0,141.01360100107314
14,142.0,140.44722309593752
15,142.0,142.75831863750142
16,141.0,143.44284141815191
17,137.0,143.6280990727266
18,140.0,142.3144921914082
19,139.0,140.21039384361796
20,140.0,139.43439605960646
21,139.0,138.9989889840064
22,137.0,138.47840174308712
23,137.0,139.07395603549304
24,137.0,139.15170329070662
25,137.0,138.80956102384133
26,132.0,138.22773447958284
27,130.0,138.52200289841937
28,129.0,135.59197533155304
29,129.0,132.46009355401128
30,128.0,131.03868486387597
31,125.0,130.96693119233436
32,123.0,131.24714107391148
33,122.0,131.15951740092575
34,120.0,129.3142812230927
35,117.0,127.39530663904613
36,116.0,125.2188127313184
37,115.0,123.49799263924831
38,113.0,121.17614448256205
39,110.0,119.03927832285711
40,103.0,116.32064468837797
41,96.0,114.65237674749186
42,90.0,111.0698558433362
43,90.0,105.51918697845096
44,89.00000000000001,100.68244371450962
45,89.00000000000001,98.26734453196825
46,89.00000000000001,95.06617228037945
