,y_actual,y_predict
0,605.0,657.4487427883778
1,565.0,639.7044848284277
2,610.0,635.9781681786801
3,570.0,629.2587390936061
4,535.0,652.912837813078
5,500.0,644.7030235972481
6,466.0,597.9944934634566
7,466.0,533.6646275932409
8,484.0,600.0963261192283
9,555.0,527.473830671278
10,520.0,478.6979031710515
11,540.0,428.5795197144192
12,560.0,542.1023869821245
13,525.0,546.8863217809525
14,525.0,515.0592272360026
15,500.0,563.8501505814797
16,520.0,580.3037876337355
17,510.0,577.9668500953107
18,510.0,560.3305497332999
19,510.0,543.8605952033529
20,496.0,513.4593651503287
21,462.0,566.8568331640697
22,430.0,570.0995988454499
23,400.0,560.9427257171415
24,372.0,548.1975060406351
25,346.0,522.130543560012
26,386.0,496.9254727486119
27,390.0,465.2618339575497
28,364.0,458.46877849832686
29,340.0,472.8424574726853
30,318.0,475.4589566952279
31,322.0,428.7654640329055
32,316.0,416.0127620436059
33,300.0,370.349830488274
34,300.0,311.32235819721257
35,292.0,272.9240430924899
36,294.0,294.03944719526
37,274.0,272.92439171207064
38,264.0,224.499693236198
39,262.0,231.50502159717172
40,264.0,234.4505864843023
41,260.0,212.50904763408658
42,286.0,206.5431675777744
43,286.0,208.9226054853898
44,278.0,204.90189781114813
45,260.0,207.55088629730807
46,260.0,220.82523244827144
47,242.0,215.26631632137986
48,226.0,213.4722054866089
49,212.0,202.7720819299225
50,212.0,226.65517168119055
51,226.0,205.86729307292023
52,228.0,200.96971869731408
53,220.0,205.0369020446227
54,206.0,199.6961437261366
55,194.0,196.3781282480822
56,193.0,190.161741608235
57,187.0,192.38770364787206
58,189.0,206.7554821057439
59,176.0,192.53020060069463
60,164.0,183.83466044657564
61,164.0,173.7479200340701
62,153.0,196.02111057770432
63,146.0,178.85340696502877
