,y_actual,y_predict
0,123.0,122.11302691916632
1,131.0,123.75004194445012
2,131.0,129.53940634179025
3,137.0,126.84269027226435
4,142.0,129.44542803891005
5,140.0,131.74238467944218
6,162.0,138.6619747367605
7,165.0,140.16687059555176
8,162.0,143.88125425328042
9,161.0,159.8908981100023
10,178.0,155.9722024161477
11,169.0,158.77768209760427
12,169.0,165.6656080417349
13,179.0,170.4512723884045
14,185.00000000000006,155.04206909126117
15,184.0,176.96200939744574
16,192.0,185.9372807865442
17,188.0,178.3120520415364
18,175.0,172.81522087171373
19,163.0,186.84415668945098
20,180.0,180.0429145262575
21,179.0,173.71604526538528
22,174.0,163.85421141789402
23,176.0,174.4960030286557
24,174.0,171.47155684546567
25,167.0,172.7160088311166
26,167.0,171.32658231070582
27,165.0,167.2373321889997
28,163.0,163.485494595734
29,169.0,161.38624239746014
30,158.0,160.3110036943708
31,147.0,160.25480643563492
32,154.0,160.55816695805436
33,155.0,153.3023092524212
34,153.0,148.43614347749264
35,158.0,150.7166465550771
36,158.0,152.59810984260383
37,170.0,155.3467380481099
38,168.00000000000006,156.79563291332965
39,167.0,154.33639769271088
40,165.0,165.0135170330621
41,154.0,161.26737112956357
42,156.0,163.62978220241848
43,146.0,157.31652065961038
44,141.0,153.23296222767146
45,133.0,149.70640433226026
46,136.0,144.4411660564133
47,139.0,138.91875499349902
