{
    "DOWN": {
        "precision": 0.7627118644067796,
        "recall": 0.371900826446281,
        "f1-score": 0.4999999999999999,
        "support": 2299.0
    },
    "UP": {
        "precision": 0.22863247863247863,
        "recall": 0.6167146974063401,
        "f1-score": 0.33359314107560406,
        "support": 694.0
    },
    "accuracy": 0.42866688940862013,
    "macro avg": {
        "precision": 0.4956721715196291,
        "recall": 0.49430776192631054,
        "f1-score": 0.41679657053780195,
        "support": 2993.0
    },
    "weighted avg": {
        "precision": 0.6388725414106671,
        "recall": 0.42866688940862013,
        "f1-score": 0.4614145138344367,
        "support": 2993.0
    }
}