{
    "DOWN": {
        "precision": 0.6711711711711712,
        "recall": 0.2547008547008547,
        "f1-score": 0.36926889714993805,
        "support": 585.0
    },
    "UP": {
        "precision": 0.39528432732316227,
        "recall": 0.7960893854748603,
        "f1-score": 0.5282669138090824,
        "support": 358.0
    },
    "accuracy": 0.4602332979851538,
    "macro avg": {
        "precision": 0.5332277492471668,
        "recall": 0.5253951200878575,
        "f1-score": 0.44876790547951023,
        "support": 943.0
    },
    "weighted avg": {
        "precision": 0.5664336419054372,
        "recall": 0.4602332979851538,
        "f1-score": 0.4296308165178847,
        "support": 943.0
    }
}