{
    "R2": 0.8780226462490646,
    "RMSE": 12.382160513300956,
    "MSE": 153.3178989771494,
    "MAPE": 0.05988453500376476,
    "ACMAPE": 1.1727663411126623
}