{
    "DOWN": {
        "precision": 0.8708509354254678,
        "recall": 0.4437269372693727,
        "f1-score": 0.5878997759217763,
        "support": 3252.0
    },
    "UP": {
        "precision": 0.18366425992779783,
        "recall": 0.6553945249597424,
        "f1-score": 0.28692280578075435,
        "support": 621.0
    },
    "accuracy": 0.47766589207332816,
    "macro avg": {
        "precision": 0.5272575976766328,
        "recall": 0.5495607311145575,
        "f1-score": 0.43741129085126534,
        "support": 3873.0
    },
    "weighted avg": {
        "precision": 0.760666859648537,
        "recall": 0.47766589207332816,
        "f1-score": 0.5396408814065234,
        "support": 3873.0
    }
}