{
    "R2": 0.9954797835406606,
    "RMSE": 21.983118293062027,
    "MSE": 483.2574898867584,
    "MAPE": 0.08113970963060599,
    "ACMAPE": 1.288128956942434
}