{
    "R2": 0.9131514272403657,
    "RMSE": 20.51343170388938,
    "MSE": 420.80088027013403,
    "MAPE": 0.03013952663330106,
    "ACMAPE": 1.0569594500049486
}