{
    "DOWN": {
        "precision": 0.9448818897637795,
        "recall": 0.787746170678337,
        "f1-score": 0.8591885441527446,
        "support": 457.0
    },
    "UP": {
        "precision": 0.224,
        "recall": 0.5714285714285714,
        "f1-score": 0.32183908045977017,
        "support": 49.0
    },
    "accuracy": 0.766798418972332,
    "macro avg": {
        "precision": 0.5844409448818898,
        "recall": 0.6795873710534541,
        "f1-score": 0.5905138123062574,
        "support": 506.0
    },
    "weighted avg": {
        "precision": 0.8750731692135321,
        "recall": 0.766798418972332,
        "f1-score": 0.8071527265223972,
        "support": 506.0
    }
}