{
    "R2": 0.9459689941701631,
    "RMSE": 15.005337188647202,
    "MSE": 225.1601441449987,
    "MAPE": 0.04580015038423688,
    "ACMAPE": 0.8854502961568316
}