{
    "DOWN": {
        "precision": 0.7093093093093094,
        "recall": 0.3831927319922129,
        "f1-score": 0.4975774173161997,
        "support": 3082.0
    },
    "UP": {
        "precision": 0.3023853211009174,
        "recall": 0.6299694189602446,
        "f1-score": 0.40862881229853704,
        "support": 1308.0
    },
    "accuracy": 0.45671981776765375,
    "macro avg": {
        "precision": 0.5058473152051134,
        "recall": 0.5065810754762288,
        "f1-score": 0.45310311480736837,
        "support": 4390.0
    },
    "weighted avg": {
        "precision": 0.5880663533693147,
        "recall": 0.45671981776765375,
        "f1-score": 0.47107519058200775,
        "support": 4390.0
    }
}