{
    "R2": 0.9883665478322903,
    "RMSE": 57.01390262501189,
    "MSE": 3250.5850925343375,
    "MAPE": 0.038428773991052344,
    "ACMAPE": 1.1123961130880744
}