{
    "R2": 0.9814360719505215,
    "RMSE": 41.995749807414,
    "MSE": 1763.643001886913,
    "MAPE": 0.022734905006536184,
    "ACMAPE": 1.0931574402178037
}