{
    "R2": -1.6780985999857263,
    "RMSE": 67.13095815088207,
    "MSE": 4506.56554225548,
    "MAPE": 0.1758315255006361,
    "ACMAPE": 1.4873069353367019
}