{
    "R2": 0.9904172253496344,
    "RMSE": 5.669400586169405,
    "MSE": 32.142103006457994,
    "MAPE": 0.10439903903409256,
    "ACMAPE": 1.4375762808978247
}