{
    "DOWN": {
        "precision": 0.788879235447437,
        "recall": 0.7138364779874213,
        "f1-score": 0.749484110606686,
        "support": 1272.0
    },
    "UP": {
        "precision": 0.38095238095238093,
        "recall": 0.4796573875802998,
        "f1-score": 0.4246445497630332,
        "support": 467.0
    },
    "accuracy": 0.6509488211615871,
    "macro avg": {
        "precision": 0.584915808199909,
        "recall": 0.5967469327838606,
        "f1-score": 0.5870643301848596,
        "support": 1739.0
    },
    "weighted avg": {
        "precision": 0.6793324608360563,
        "recall": 0.6509488211615871,
        "f1-score": 0.6622500249747217,
        "support": 1739.0
    }
}