{
    "R2": 0.9827888125349322,
    "RMSE": 14.364008958524375,
    "MSE": 206.32475336056848,
    "MAPE": 0.044981829616337086,
    "ACMAPE": 0.766515087789956
}