{
    "DOWN": {
        "precision": 0.8449744463373083,
        "recall": 0.28197839681637293,
        "f1-score": 0.42284739982949704,
        "support": 3518.0
    },
    "UP": {
        "precision": 0.1492084877062984,
        "recall": 0.7088,
        "f1-score": 0.24652198107957707,
        "support": 625.0
    },
    "accuracy": 0.3463673666425296,
    "macro avg": {
        "precision": 0.4970914670218034,
        "recall": 0.49538919840818646,
        "f1-score": 0.3346846904545371,
        "support": 4143.0
    },
    "weighted avg": {
        "precision": 0.7400133736497917,
        "recall": 0.3463673666425296,
        "f1-score": 0.39624749958361244,
        "support": 4143.0
    }
}