{
    "R2": 0.9758478439256086,
    "RMSE": 767.963106538004,
    "MSE": 589767.3330035018,
    "MAPE": 0.028701735269953326,
    "ACMAPE": 1.110070556562729
}