{
    "R2": 0.26379721783365473,
    "RMSE": 337.83620335603496,
    "MSE": 114133.30029802021,
    "MAPE": 0.012497241791601095,
    "ACMAPE": 1.2048049340992935
}