{
    "R2": 0.8095510670483297,
    "RMSE": 329.3982775792016,
    "MSE": 108503.22527214473,
    "MAPE": 0.11341177039501031,
    "ACMAPE": 1.2313157005260147
}