{
    "DOWN": {
        "precision": 0.7066974595842956,
        "recall": 0.4,
        "f1-score": 0.5108514190317196,
        "support": 765.0
    },
    "UP": {
        "precision": 0.3677685950413223,
        "recall": 0.6776649746192893,
        "f1-score": 0.4767857142857143,
        "support": 394.0
    },
    "accuracy": 0.4943917169974116,
    "macro avg": {
        "precision": 0.537233027312809,
        "recall": 0.5388324873096446,
        "f1-score": 0.49381856665871693,
        "support": 1159.0
    },
    "weighted avg": {
        "precision": 0.5914791915688241,
        "recall": 0.4943917169974116,
        "f1-score": 0.4992708429575815,
        "support": 1159.0
    }
}