{
    "DOWN": {
        "precision": 0.85,
        "recall": 0.6888888888888889,
        "f1-score": 0.7610108303249098,
        "support": 765.0
    },
    "UP": {
        "precision": 0.3407202216066482,
        "recall": 0.5694444444444444,
        "f1-score": 0.42634315424610053,
        "support": 216.0
    },
    "accuracy": 0.6625891946992865,
    "macro avg": {
        "precision": 0.5953601108033241,
        "recall": 0.6291666666666667,
        "f1-score": 0.5936769922855052,
        "support": 981.0
    },
    "weighted avg": {
        "precision": 0.7378650029225647,
        "recall": 0.6625891946992865,
        "f1-score": 0.6873225346745298,
        "support": 981.0
    }
}