{
    "R2": 0.7443181371931062,
    "RMSE": 15.57350381470604,
    "MSE": 242.5340210666636,
    "MAPE": 0.03961990580636194,
    "ACMAPE": 0.5070006263516396
}