{
    "R2": 0.8963768761905524,
    "RMSE": 45.57693120291048,
    "MSE": 2077.256657874835,
    "MAPE": 0.014887710392949671,
    "ACMAPE": 0.6869524877208848
}