{
    "DOWN": {
        "precision": 0.6494464944649446,
        "recall": 0.4888888888888889,
        "f1-score": 0.5578446909667195,
        "support": 720.0
    },
    "UP": {
        "precision": 0.3927392739273927,
        "recall": 0.5560747663551402,
        "f1-score": 0.460348162475822,
        "support": 428.0
    },
    "accuracy": 0.5139372822299652,
    "macro avg": {
        "precision": 0.5210928841961686,
        "recall": 0.5224818276220146,
        "f1-score": 0.5090964267212708,
        "support": 1148.0
    },
    "weighted avg": {
        "precision": 0.5537403181669723,
        "recall": 0.5139372822299652,
        "f1-score": 0.5214958110066985,
        "support": 1148.0
    }
}