{
    "DOWN": {
        "precision": 0.7982646420824295,
        "recall": 0.4993215739484396,
        "f1-score": 0.6143572621035058,
        "support": 737.0
    },
    "UP": {
        "precision": 0.36379310344827587,
        "recall": 0.694078947368421,
        "f1-score": 0.4773755656108598,
        "support": 304.0
    },
    "accuracy": 0.5561959654178674,
    "macro avg": {
        "precision": 0.5810288727653528,
        "recall": 0.5967002606584303,
        "f1-score": 0.5458664138571828,
        "support": 1041.0
    },
    "weighted avg": {
        "precision": 0.6713872667272108,
        "recall": 0.5561959654178674,
        "f1-score": 0.5743549223016189,
        "support": 1041.0
    }
}