{
    "DOWN": {
        "precision": 0.6680731364275668,
        "recall": 0.4294755877034358,
        "f1-score": 0.5228398458998349,
        "support": 1106.0
    },
    "UP": {
        "precision": 0.32004310344827586,
        "recall": 0.5572232645403377,
        "f1-score": 0.4065708418891171,
        "support": 533.0
    },
    "accuracy": 0.47101891397193413,
    "macro avg": {
        "precision": 0.49405811993792137,
        "recall": 0.4933494261218867,
        "f1-score": 0.464705343894476,
        "support": 1639.0
    },
    "weighted avg": {
        "precision": 0.5548943642628553,
        "recall": 0.47101891397193413,
        "f1-score": 0.48502936442472044,
        "support": 1639.0
    }
}