{
    "DOWN": {
        "precision": 0.6348600508905853,
        "recall": 0.7883096366508688,
        "f1-score": 0.7033121916842846,
        "support": 633.0
    },
    "UP": {
        "precision": 0.4462809917355372,
        "recall": 0.27341772151898736,
        "f1-score": 0.33908948194662486,
        "support": 395.0
    },
    "accuracy": 0.5904669260700389,
    "macro avg": {
        "precision": 0.5405705213130613,
        "recall": 0.5308636790849282,
        "f1-score": 0.5212008368154547,
        "support": 1028.0
    },
    "weighted avg": {
        "precision": 0.5624001983942389,
        "recall": 0.5904669260700389,
        "f1-score": 0.5633628041878103,
        "support": 1028.0
    }
}