{
    "DOWN": {
        "precision": 0.5819477434679335,
        "recall": 0.45623836126629425,
        "f1-score": 0.511482254697286,
        "support": 537.0
    },
    "UP": {
        "precision": 0.44061302681992337,
        "recall": 0.5665024630541872,
        "f1-score": 0.49568965517241376,
        "support": 406.0
    },
    "accuracy": 0.503711558854719,
    "macro avg": {
        "precision": 0.5112803851439285,
        "recall": 0.5113704121602407,
        "f1-score": 0.5035859549348499,
        "support": 943.0
    },
    "weighted avg": {
        "precision": 0.5210973776576556,
        "recall": 0.503711558854719,
        "f1-score": 0.5046828958350399,
        "support": 943.0
    }
}