{
    "DOWN": {
        "precision": 0.6353305785123967,
        "recall": 0.8686440677966102,
        "f1-score": 0.7338902147971361,
        "support": 708.0
    },
    "UP": {
        "precision": 0.41875,
        "recall": 0.1595238095238095,
        "f1-score": 0.23103448275862062,
        "support": 420.0
    },
    "accuracy": 0.6046099290780141,
    "macro avg": {
        "precision": 0.5270402892561984,
        "recall": 0.5140839386602098,
        "f1-score": 0.48246234877787836,
        "support": 1128.0
    },
    "weighted avg": {
        "precision": 0.5546888737471427,
        "recall": 0.6046099290780141,
        "f1-score": 0.5466566975487527,
        "support": 1128.0
    }
}