{
    "R2": 0.9880363368674704,
    "RMSE": 6.556828138277815,
    "MSE": 42.99199523491172,
    "MAPE": 0.020424794260829226,
    "ACMAPE": 1.0511796870846877
}