{
    "R2": 0.9780803821353338,
    "RMSE": 46.358615026423315,
    "MSE": 2149.1211871681217,
    "MAPE": 15.682892995305794,
    "ACMAPE": 17.2339361107439
}