{
    "R2": 0.8853252056886345,
    "RMSE": 7.255128719993668,
    "MSE": 52.63689274367696,
    "MAPE": 0.03429202373833765,
    "ACMAPE": 0.9734224585209462
}