{
    "R2": 0.45483793046097265,
    "RMSE": 43.79450941827715,
    "MSE": 1917.9590551875658,
    "MAPE": 0.2758597412689105,
    "ACMAPE": 1.782467670784329
}