{
    "DOWN": {
        "precision": 0.8288770053475936,
        "recall": 0.29300567107750475,
        "f1-score": 0.4329608938547486,
        "support": 3703.0
    },
    "UP": {
        "precision": 0.14388489208633093,
        "recall": 0.6626506024096386,
        "f1-score": 0.23643202579258463,
        "support": 664.0
    },
    "accuracy": 0.34920998397068925,
    "macro avg": {
        "precision": 0.48638094871696225,
        "recall": 0.47782813674357166,
        "f1-score": 0.33469645982366664,
        "support": 4367.0
    },
    "weighted avg": {
        "precision": 0.724724323138874,
        "recall": 0.34920998397068925,
        "f1-score": 0.4030787852233594,
        "support": 4367.0
    }
}