{
    "R2": 0.9621725081135064,
    "RMSE": 297.76162353976684,
    "MSE": 88661.98445303782,
    "MAPE": 0.12192180839662693,
    "ACMAPE": 1.1661078549082549
}