{
    "DOWN": {
        "precision": 0.788354898336414,
        "recall": 0.23524544953116383,
        "f1-score": 0.36236193712829223,
        "support": 3626.0
    },
    "UP": {
        "precision": 0.10113452188006483,
        "recall": 0.5767097966728281,
        "f1-score": 0.17209045780474352,
        "support": 541.0
    },
    "accuracy": 0.27957763378929684,
    "macro avg": {
        "precision": 0.44474471010823946,
        "recall": 0.4059776231019959,
        "f1-score": 0.2672261974665179,
        "support": 4167.0
    },
    "weighted avg": {
        "precision": 0.6991333423817981,
        "recall": 0.27957763378929684,
        "f1-score": 0.3376590644827343,
        "support": 4167.0
    }
}