{
    "DOWN": {
        "precision": 0.6258992805755396,
        "recall": 0.38666666666666666,
        "f1-score": 0.47802197802197804,
        "support": 225.0
    },
    "UP": {
        "precision": 0.3581395348837209,
        "recall": 0.5968992248062015,
        "f1-score": 0.4476744186046512,
        "support": 129.0
    },
    "accuracy": 0.4632768361581921,
    "macro avg": {
        "precision": 0.49201940772963026,
        "recall": 0.4917829457364341,
        "f1-score": 0.4628481983133146,
        "support": 354.0
    },
    "weighted avg": {
        "precision": 0.5283258139251311,
        "recall": 0.4632768361581921,
        "f1-score": 0.46696312162413856,
        "support": 354.0
    }
}