{
    "DOWN": {
        "precision": 0.86328125,
        "recall": 0.35760517799352753,
        "f1-score": 0.505720823798627,
        "support": 618.0
    },
    "UP": {
        "precision": 0.2593283582089552,
        "recall": 0.7988505747126436,
        "f1-score": 0.39154929577464787,
        "support": 174.0
    },
    "accuracy": 0.45454545454545453,
    "macro avg": {
        "precision": 0.5613048041044776,
        "recall": 0.5782278763530856,
        "f1-score": 0.4486350597866374,
        "support": 792.0
    },
    "weighted avg": {
        "precision": 0.7305946298337856,
        "recall": 0.45454545454545453,
        "f1-score": 0.4806376850660862,
        "support": 792.0
    }
}