{
    "DOWN": {
        "precision": 0.8671428571428571,
        "recall": 0.40710932260228033,
        "f1-score": 0.5540848927430397,
        "support": 2982.0
    },
    "UP": {
        "precision": 0.14299563742123123,
        "recall": 0.6133056133056133,
        "f1-score": 0.2319182389937107,
        "support": 481.0
    },
    "accuracy": 0.4357493502743286,
    "macro avg": {
        "precision": 0.5050692472820442,
        "recall": 0.5102074679539468,
        "f1-score": 0.3930015658683752,
        "support": 3463.0
    },
    "weighted avg": {
        "precision": 0.7665610457983286,
        "recall": 0.4357493502743286,
        "f1-score": 0.5093369399698873,
        "support": 3463.0
    }
}