{
    "DOWN": {
        "precision": 0.7693811074918567,
        "recall": 0.49331662489557226,
        "f1-score": 0.6011707813693051,
        "support": 2394.0
    },
    "UP": {
        "precision": 0.33241607044578975,
        "recall": 0.6304801670146137,
        "f1-score": 0.4353153153153153,
        "support": 958.0
    },
    "accuracy": 0.5325178997613366,
    "macro avg": {
        "precision": 0.5508985889688233,
        "recall": 0.5618983959550929,
        "f1-score": 0.5182430483423102,
        "support": 3352.0
    },
    "weighted avg": {
        "precision": 0.6444967084792874,
        "recall": 0.5325178997613366,
        "f1-score": 0.5537693683383618,
        "support": 3352.0
    }
}