{
    "R2": 0.9956797467486779,
    "RMSE": 15.63575501009458,
    "MSE": 244.4768347356978,
    "MAPE": 0.05138889074007224,
    "ACMAPE": 1.2528085890541805
}