{
    "DOWN": {
        "precision": 0.8195329087048833,
        "recall": 0.5342560553633218,
        "f1-score": 0.6468370339338081,
        "support": 1445.0
    },
    "UP": {
        "precision": 0.33563672260612043,
        "recall": 0.6666666666666666,
        "f1-score": 0.4464871963230466,
        "support": 510.0
    },
    "accuracy": 0.5687979539641944,
    "macro avg": {
        "precision": 0.5775848156555019,
        "recall": 0.6004613610149943,
        "f1-score": 0.5466621151284273,
        "support": 1955.0
    },
    "weighted avg": {
        "precision": 0.6932991210269451,
        "recall": 0.5687979539641944,
        "f1-score": 0.5945718589049138,
        "support": 1955.0
    }
}