{
    "DOWN": {
        "precision": 0.75,
        "recall": 0.005597014925373134,
        "f1-score": 0.011111111111111112,
        "support": 536.0
    },
    "UP": {
        "precision": 0.32955974842767294,
        "recall": 0.9961977186311787,
        "f1-score": 0.495274102079395,
        "support": 263.0
    },
    "accuracy": 0.3316645807259074,
    "macro avg": {
        "precision": 0.5397798742138364,
        "recall": 0.5008973667782759,
        "f1-score": 0.25319260659525306,
        "support": 799.0
    },
    "weighted avg": {
        "precision": 0.6116072763910864,
        "recall": 0.3316645807259074,
        "f1-score": 0.17047890413321207,
        "support": 799.0
    }
}