{
    "DOWN": {
        "precision": 0.6256983240223464,
        "recall": 0.2641509433962264,
        "f1-score": 0.37147595356550583,
        "support": 424.0
    },
    "UP": {
        "precision": 0.3821782178217822,
        "recall": 0.7423076923076923,
        "f1-score": 0.5045751633986929,
        "support": 260.0
    },
    "accuracy": 0.44590643274853803,
    "macro avg": {
        "precision": 0.5039382709220643,
        "recall": 0.5032293178519593,
        "f1-score": 0.43802555848209934,
        "support": 684.0
    },
    "weighted avg": {
        "precision": 0.5331322017823659,
        "recall": 0.44590643274853803,
        "f1-score": 0.4220692204611617,
        "support": 684.0
    }
}