{
    "DOWN": {
        "precision": 0.6277372262773723,
        "recall": 0.1482758620689655,
        "f1-score": 0.23988842398884241,
        "support": 580.0
    },
    "UP": {
        "precision": 0.3482849604221636,
        "recall": 0.8380952380952381,
        "f1-score": 0.4920782851817334,
        "support": 315.0
    },
    "accuracy": 0.39106145251396646,
    "macro avg": {
        "precision": 0.48801109334976794,
        "recall": 0.4931855500821018,
        "f1-score": 0.3659833545852879,
        "support": 895.0
    },
    "weighted avg": {
        "precision": 0.5293825181830809,
        "recall": 0.39106145251396646,
        "f1-score": 0.3286479840734912,
        "support": 895.0
    }
}