{
    "R2": 0.7087981612617305,
    "RMSE": 106.01717368889366,
    "MSE": 11239.641116981047,
    "MAPE": 0.08419795621824123,
    "ACMAPE": 1.1448040168243019
}