{
    "R2": -0.18699951096247092,
    "RMSE": 16.426599995922626,
    "MSE": 269.8331874260452,
    "MAPE": 0.039657110450448195,
    "ACMAPE": 1.439657110450448
}