{
    "R2": 0.9875944918100815,
    "RMSE": 341.25064035194725,
    "MSE": 116451.99954061407,
    "MAPE": 0.07386018291660292,
    "ACMAPE": 1.2344597546510783
}