{
    "DOWN": {
        "precision": 0.7052631578947368,
        "recall": 0.6504854368932039,
        "f1-score": 0.6767676767676767,
        "support": 103.0
    },
    "UP": {
        "precision": 0.4626865671641791,
        "recall": 0.5254237288135594,
        "f1-score": 0.4920634920634921,
        "support": 59.0
    },
    "accuracy": 0.6049382716049383,
    "macro avg": {
        "precision": 0.583974862529458,
        "recall": 0.5879545828533816,
        "f1-score": 0.5844155844155844,
        "support": 162.0
    },
    "weighted avg": {
        "precision": 0.6169173625052127,
        "recall": 0.6049382716049383,
        "f1-score": 0.609498868758128,
        "support": 162.0
    }
}