{
    "R2": -82.62009307223273,
    "RMSE": 69.63480073678448,
    "MSE": 4849.00547365168,
    "MAPE": 1.1994728320296753,
    "ACMAPE": 2.7310043635612065
}