{
    "R2": 0.8931171793645777,
    "RMSE": 345.6649422049338,
    "MSE": 119484.25226954024,
    "MAPE": 0.04970608017887522,
    "ACMAPE": 1.1313105061816415
}