{
    "DOWN": {
        "precision": 0.8112449799196787,
        "recall": 0.608433734939759,
        "f1-score": 0.6953528399311533,
        "support": 332.0
    },
    "UP": {
        "precision": 0.47368421052631576,
        "recall": 0.7134146341463414,
        "f1-score": 0.5693430656934306,
        "support": 164.0
    },
    "accuracy": 0.6431451612903226,
    "macro avg": {
        "precision": 0.6424645952229973,
        "recall": 0.6609241845430502,
        "f1-score": 0.632347952812292,
        "support": 496.0
    },
    "weighted avg": {
        "precision": 0.6996321448783248,
        "recall": 0.6431451612903226,
        "f1-score": 0.6536883178041644,
        "support": 496.0
    }
}