{
    "DOWN": {
        "precision": 0.645466847090663,
        "recall": 0.4119170984455959,
        "f1-score": 0.5028993147074328,
        "support": 2316.0
    },
    "UP": {
        "precision": 0.3723502304147465,
        "recall": 0.6066066066066066,
        "f1-score": 0.46145059965733864,
        "support": 1332.0
    },
    "accuracy": 0.4830043859649123,
    "macro avg": {
        "precision": 0.5089085387527048,
        "recall": 0.5092618525261012,
        "f1-score": 0.4821749571823857,
        "support": 3648.0
    },
    "weighted avg": {
        "precision": 0.5457433456070224,
        "recall": 0.4830043859649123,
        "f1-score": 0.48776507993585233,
        "support": 3648.0
    }
}