{
    "R2": 0.4374979138534706,
    "RMSE": 13.64327974133547,
    "MSE": 186.13908210033483,
    "MAPE": 0.03697780003001401,
    "ACMAPE": 0.9646996664527039
}