{
    "R2": 0.9933393991743651,
    "RMSE": 37.19375377675802,
    "MSE": 1383.3753200061014,
    "MAPE": 0.05287735838979056,
    "ACMAPE": 1.1565793588496665
}