{
    "R2": 0.9828134294156301,
    "RMSE": 12.626653799905615,
    "MSE": 159.4323861826709,
    "MAPE": 0.026755437473860846,
    "ACMAPE": 0.9413559884380481
}