{
    "DOWN": {
        "precision": 0.5690968443960827,
        "recall": 0.8955479452054794,
        "f1-score": 0.6959414504324684,
        "support": 584.0
    },
    "UP": {
        "precision": 0.4830508474576271,
        "recall": 0.12582781456953643,
        "f1-score": 0.19964973730297722,
        "support": 453.0
    },
    "accuracy": 0.5593056894889104,
    "macro avg": {
        "precision": 0.5260738459268549,
        "recall": 0.510687879887508,
        "f1-score": 0.4477955938677228,
        "support": 1037.0
    },
    "weighted avg": {
        "precision": 0.531508766659226,
        "recall": 0.5593056894889104,
        "f1-score": 0.4791428525080137,
        "support": 1037.0
    }
}