{
    "R2": 0.9516836269631413,
    "RMSE": 71.97410806333903,
    "MSE": 5180.272231513204,
    "MAPE": 0.06814482512900036,
    "ACMAPE": 1.0038774729439104
}