{
    "DOWN": {
        "precision": 0.6952141057934509,
        "recall": 0.5111111111111111,
        "f1-score": 0.5891141942369263,
        "support": 1080.0
    },
    "UP": {
        "precision": 0.3810082063305979,
        "recall": 0.5731922398589065,
        "f1-score": 0.45774647887323944,
        "support": 567.0
    },
    "accuracy": 0.5324833029751063,
    "macro avg": {
        "precision": 0.5381111560620244,
        "recall": 0.5421516754850089,
        "f1-score": 0.5234303365550829,
        "support": 1647.0
    },
    "weighted avg": {
        "precision": 0.5870448617160753,
        "recall": 0.5324833029751063,
        "f1-score": 0.5438892430461489,
        "support": 1647.0
    }
}