{
    "R2": 0.9719876250352226,
    "RMSE": 22.886924687815803,
    "MSE": 523.8113216657524,
    "MAPE": 0.03326109598291329,
    "ACMAPE": 0.9861003645103436
}