{
    "DOWN": {
        "precision": 0.7411444141689373,
        "recall": 0.7243675099866844,
        "f1-score": 0.7326599326599328,
        "support": 751.0
    },
    "UP": {
        "precision": 0.46511627906976744,
        "recall": 0.4864864864864865,
        "f1-score": 0.47556142668428003,
        "support": 370.0
    },
    "accuracy": 0.6458519179304193,
    "macro avg": {
        "precision": 0.6031303466193524,
        "recall": 0.6054269982365854,
        "f1-score": 0.6041106796721064,
        "support": 1121.0
    },
    "weighted avg": {
        "precision": 0.6500378932173826,
        "recall": 0.6458519179304193,
        "f1-score": 0.6478013713655604,
        "support": 1121.0
    }
}