{
    "DOWN": {
        "precision": 0.6953824948311509,
        "recall": 0.41591096455070076,
        "f1-score": 0.5205055455248905,
        "support": 2426.0
    },
    "UP": {
        "precision": 0.2957256461232604,
        "recall": 0.5737704918032787,
        "f1-score": 0.39029189898327316,
        "support": 1037.0
    },
    "accuracy": 0.46318221195495235,
    "macro avg": {
        "precision": 0.4955540704772057,
        "recall": 0.4948407281769897,
        "f1-score": 0.45539872225408184,
        "support": 3463.0
    },
    "weighted avg": {
        "precision": 0.5757047148397901,
        "recall": 0.46318221195495235,
        "f1-score": 0.4815128942214954,
        "support": 3463.0
    }
}