{
    "DOWN": {
        "precision": 0.88204833141542,
        "recall": 0.3930769230769231,
        "f1-score": 0.5438098616530684,
        "support": 3900.0
    },
    "UP": {
        "precision": 0.14176939811457578,
        "recall": 0.6560402684563759,
        "f1-score": 0.23315444245676806,
        "support": 596.0
    },
    "accuracy": 0.4279359430604982,
    "macro avg": {
        "precision": 0.5119088647649979,
        "recall": 0.5245585957666494,
        "f1-score": 0.38848215205491826,
        "support": 4496.0
    },
    "weighted avg": {
        "precision": 0.7839152699725145,
        "recall": 0.4279359430604982,
        "f1-score": 0.5026286717418151,
        "support": 4496.0
    }
}