{
    "DOWN": {
        "precision": 0.6956521739130435,
        "recall": 0.7272727272727273,
        "f1-score": 0.711111111111111,
        "support": 66.0
    },
    "UP": {
        "precision": 0.5609756097560976,
        "recall": 0.5227272727272727,
        "f1-score": 0.5411764705882354,
        "support": 44.0
    },
    "accuracy": 0.6454545454545455,
    "macro avg": {
        "precision": 0.6283138918345705,
        "recall": 0.625,
        "f1-score": 0.6261437908496732,
        "support": 110.0
    },
    "weighted avg": {
        "precision": 0.6417815482502652,
        "recall": 0.6454545454545455,
        "f1-score": 0.6431372549019608,
        "support": 110.0
    }
}