{
    "DOWN": {
        "precision": 0.6682615629984051,
        "recall": 0.6207407407407407,
        "f1-score": 0.6436251920122887,
        "support": 675.0
    },
    "UP": {
        "precision": 0.41013824884792627,
        "recall": 0.46113989637305697,
        "f1-score": 0.43414634146341463,
        "support": 386.0
    },
    "accuracy": 0.5626767200754006,
    "macro avg": {
        "precision": 0.5391999059231657,
        "recall": 0.5409403185568988,
        "f1-score": 0.5388857667378517,
        "support": 1061.0
    },
    "weighted avg": {
        "precision": 0.5743543063894656,
        "recall": 0.5626767200754006,
        "f1-score": 0.5674151672131695,
        "support": 1061.0
    }
}