{
    "R2": 0.8617887922134108,
    "RMSE": 62.30889324953428,
    "MSE": 3882.3981779818587,
    "MAPE": 0.07579516116510356,
    "ACMAPE": 1.1947140800840226
}