,y_actual,y_predict
0,1685.0,1692.3976154979086
1,1695.0,1688.074700923795
2,1695.0,1687.0019030373503
3,1680.0,1688.749305566467
4,1720.0,1688.7418194097693
5,1640.0,1693.0720303506928
6,1565.0,1694.5892177455278
7,1560.0,1686.539279641191
8,1475.0,1664.6777409214003
9,1515.0,1632.7552363843115
10,1485.0,1597.5634042053232
11,1575.0,1566.1134624311267
12,1665.0,1550.55773491944
13,1685.0,1555.4124899648339
14,1675.0,1569.5930983568214
15,1700.0,1589.9686173989583
16,1725.0,1613.5637461615638
17,1770.0,1640.6741562025538
18,1750.0,1671.3054357797448
19,1755.0,1698.740998074604
20,1690.0,1720.3818638739317
21,1660.0,1731.0972410412699
22,1615.0,1728.3845442961283
23,1640.0,1715.2200604212182
24,1615.0,1697.7219177557506
25,1580.0,1680.7554749764606
26,1490.0,1662.4415310208196
27,1505.0,1636.2017926354333
28,1525.0,1603.4703684489289
29,1495.0,1575.8153668678797
30,1455.0,1551.3665913055597
31,1455.0,1527.7835106862217
32,1500.0,1503.6242560835913
33,1500.0,1489.1182915893364
34,1495.0,1480.5979908789582
35,1500.0,1479.4323154446747
36,1450.0,1480.8021485645272
37,1440.0,1479.2457027798732
38,1420.0,1471.2475070224405
39,1395.0,1459.8887649794765
40,1395.0,1448.374170292096
41,1395.0,1435.1430033885345
42,1325.0,1421.1490217198586
43,1300.0,1406.6291393004753
44,1345.0,1388.857495347726
45,1315.0,1374.2632996432635
46,1280.0,1361.747570325339
47,1275.0,1350.475569290498
48,1220.0,1334.2210916448182
49,1190.0,1315.9018124845445
50,1170.0,1295.5483512449596
51,1150.0,1273.0020716966205
52,1140.0,1252.2866319356172
53,1070.0,1230.9217452359994
54,1045.0,1207.6550232723812
55,1080.0,1183.8990651527372
56,1155.0,1167.9220181479486
57,1095.0,1160.2267270519449
58,1140.0,1153.0117871335015
59,1105.0,1149.3709141539719
