,y_actual,y_predict
0,1685.0,1661.311852401982
1,1695.0,1660.3736155462097
2,1695.0,1651.9977238529207
3,1680.0,1649.161482677186
4,1720.0,1651.496207588208
5,1640.0,1659.9558247391758
6,1565.0,1665.682818964064
7,1560.0,1658.4267368154306
8,1475.0,1632.1225050143612
9,1515.0,1595.01342944416
10,1485.0,1542.8030606762222
11,1575.0,1495.860415691703
12,1665.0,1473.0569778742254
13,1685.0,1483.7300582562207
14,1675.0,1516.6645365352413
15,1700.0,1561.9674812375206
16,1725.0,1607.3083979759328
17,1770.0,1645.0624077029645
18,1750.0,1668.9961567722403
19,1755.0,1689.7392707106328
20,1690.0,1707.8479147267483
21,1660.0,1715.8942450658972
22,1615.0,1706.3288224037772
23,1640.0,1680.0259085880418
24,1615.0,1648.2318074541445
25,1580.0,1618.3620562883816
26,1490.0,1594.7859065145874
27,1505.0,1570.204643551854
28,1525.0,1539.6458707411775
29,1495.0,1509.9044878323305
30,1455.0,1481.0142071328462
31,1455.0,1453.3771442108514
32,1500.0,1433.4588500969453
33,1500.0,1426.625120741916
34,1495.0,1418.2608413780772
35,1500.0,1417.6232035880566
36,1450.0,1426.979338965687
37,1440.0,1437.1684973085235
38,1420.0,1427.9913548831494
39,1395.0,1410.6436874819353
40,1395.0,1388.9516311322302
41,1395.0,1364.3209243890155
42,1325.0,1344.0248218711715
43,1300.0,1327.3720666306576
44,1345.0,1306.5764090102784
45,1315.0,1287.7278550568417
46,1280.0,1273.816902949588
47,1275.0,1258.5170824996296
48,1220.0,1242.3721768826872
49,1190.0,1227.1015981340086
50,1170.0,1200.0953686830826
51,1150.0,1169.1875652389103
52,1140.0,1139.013559794736
53,1070.0,1111.900879304344
54,1045.0,1085.245156630488
55,1080.0,1059.408651464792
56,1155.0,1036.4093785998016
57,1095.0,1026.3719959334153
58,1140.0,1021.8458866816829
59,1105.0,1025.744817675006
