,y_actual,y_predict
0,344.0,338.47537183987276
1,338.0,338.21790706367636
2,340.0,338.0193483331111
3,340.0,337.92945811193346
4,338.0,337.31026572546386
5,336.0,336.577190243419
6,336.0,335.71804022329957
7,342.0,335.14242791031427
8,344.0,334.99748841500707
9,344.0,335.24592516802556
10,338.0,335.90976654592384
11,336.0,336.6324706349419
12,330.0,336.39101073823525
13,326.0,334.8367318230923
14,324.0,332.2985717196041
15,318.0,329.3639441726542
16,322.0,326.19385133638775
17,324.0,323.94762139037994
18,328.0,322.479549262958
19,330.0,321.91846845607984
20,322.0,322.3043911684698
21,326.0,323.2719208012352
22,326.0,323.829867078466
23,330.0,324.2030205548732
24,324.0,324.42612106364527
25,332.0,324.1272573843643
26,328.0,324.5188280280544
27,332.0,325.2287051017413
28,332.0,325.95338813343994
29,334.0,326.69180820520614
30,342.0,327.65410880694685
31,340.0,328.9908484755954
32,334.0,330.65291476506377
33,330.0,332.1507865913913
34,330.0,332.0224731035686
35,330.0,331.6521219255558
36,338.0,330.0452638034248
37,336.0,328.75362091615455
38,338.0,328.58100511299324
39,380.0,330.00406712805943
40,368.0,338.9183949932583
41,372.0,349.8718138406714
42,372.0,358.3451697193508
43,382.0,365.6443914604433
44,380.0,372.8258227775292
45,354.0,371.3599534877627
46,334.0,370.8078790368068
47,340.0,368.14769617204627
48,330.0,360.99231611864246
49,334.0,351.4376775151562
50,334.0,342.09992814049576
51,342.0,335.23790828344363
52,334.0,332.96941884348837
53,332.0,333.2270569577298
54,332.0,332.76149985849224
55,332.0,332.2608706948132
56,330.0,331.67029353060826
57,330.0,330.3014718787948
58,332.0,329.0918178868169
59,330.0,328.77989607481146
60,332.0,328.7994543842241
61,332.0,328.63527436592017
62,332.0,328.8575081844672
63,334.0,329.06593273876126
64,332.0,329.44375189754675
65,332.0,329.6510353097111
66,336.0,329.66829689002725
67,332.0,330.18417980166765
68,334.0,330.647310168275
69,330.0,330.7081662669125
70,330.0,330.5804594622473
71,332.0,330.3133599797155
72,332.0,329.54818806966864
73,332.0,329.19862301222065
74,330.0,329.08642996258436
75,324.0,328.9780070154271
76,324.0,328.477868976209
77,328.0,327.19632303006085
78,332.0,326.14294773050153
79,334.0,325.8822039762869
80,330.0,327.1475428152261
81,330.0,328.4775800794673
82,334.0,329.9180336783834
83,380.0,330.9558229987284
84,372.0,336.43376745600574
85,358.0,344.00200984296237
