,y_actual,y_predict
0,344.0,338.2938146825561
1,338.0,339.10711678976895
2,340.0,339.7298192716501
3,340.0,340.0806265850874
4,338.0,340.30446378055075
5,336.0,340.35142394591287
6,336.0,340.21499245964856
7,342.0,339.84156453133676
8,344.0,339.57692067110935
9,344.0,339.50304977425856
10,338.0,339.59373446147583
11,336.0,339.6058392349528
12,330.0,339.33785861735873
13,326.0,338.81626999507
14,324.0,337.98225399147776
15,318.0,336.9055502800268
16,322.0,335.5253027620794
17,324.0,334.2064169120675
18,328.0,332.97911132917216
19,330.0,331.9402097563716
20,322.0,331.2703448814091
21,326.0,330.81084016891003
22,326.0,330.40808922131646
23,330.0,330.0244632380229
24,324.0,329.7029211645191
25,332.0,329.4610568123741
26,328.0,329.3472314961473
27,332.0,329.5088836679613
28,332.0,329.6769782371151
29,334.0,330.01806417519447
30,342.0,330.4579239092584
31,340.0,331.2659392060983
32,334.0,332.39787997456096
33,330.0,333.46613345631744
34,330.0,333.90251198464404
35,330.0,334.1162811286594
36,338.0,334.0441147225846
37,336.0,334.03328109477116
38,338.0,334.2485669466804
39,380.0,334.57536694088304
40,368.0,339.6736288553909
41,372.0,345.8365908217325
42,372.0,350.50799335555257
43,382.0,354.40937051406536
44,380.0,358.44158900689064
45,354.0,362.22466294968035
46,334.0,365.5917472516884
47,340.0,367.57855514607485
48,330.0,366.61436949309456
49,334.0,364.3842888749473
50,334.0,361.1621368458279
51,342.0,357.7055740004991
52,334.0,354.63002984537013
53,332.0,352.1066468102195
54,332.0,349.6127023530474
55,332.0,346.17254884264673
56,330.0,343.7081874118239
57,330.0,341.75088309718285
58,332.0,339.95043526844364
59,330.0,338.1646922838566
60,332.0,336.6845876071432
61,332.0,335.5492523019657
62,332.0,334.8864942868488
63,334.0,334.56331994675446
64,332.0,334.35577652752255
65,332.0,334.30012057023544
66,336.0,334.2318976046848
67,332.0,334.3116764399032
68,334.0,334.43184303961016
69,330.0,334.5610665521692
70,330.0,334.66964839253444
71,332.0,334.6496567380093
72,332.0,334.60562887457536
73,332.0,334.4991126459133
74,330.0,334.43002299013756
75,324.0,334.3329681297659
76,324.0,334.04839039436166
77,328.0,333.4615399981245
78,332.0,332.89998251162257
79,334.0,332.67982874961575
80,330.0,333.0998557223626
81,330.0,333.47204139468505
82,334.0,333.68459717238534
83,380.0,333.9468576344938
84,372.0,336.7998718519156
85,358.0,341.1914634465694
