,y_actual,y_predict
0,98.0,110.71251216128796
1,97.0,109.21707680562972
2,97.0,108.13708766299976
3,97.0,106.86740164141547
4,103.0,105.37720773206631
5,103.0,105.56319453658253
6,103.0,104.00305026543091
7,105.0,102.87003797562252
8,103.0,102.84326553742437
9,101.0,103.55223757458799
10,102.0,103.83662830658459
11,99.99999999999999,104.30518945248707
12,99.0,105.02155265357041
13,99.99999999999999,104.93804699375568
14,99.99999999999999,104.51875061233258
15,99.99999999999999,103.08437206764266
16,99.0,101.97661533663975
17,97.0,100.98748437113555
18,96.0,99.53624624338688
19,98.0,98.68354746835402
20,99.99999999999999,98.47246935311944
21,99.0,98.86702224330273
22,98.0,98.87845197783481
23,98.0,99.11017704378375
24,101.0,98.85853931268636
25,103.0,99.96906893786569
26,101.0,101.25181751320095
27,101.0,101.85447272974656
28,99.99999999999999,101.94166914069507
29,99.99999999999999,101.94676083139534
30,99.0,101.92108015989382
31,96.0,101.51914576744298
32,96.0,101.23748928301406
33,96.0,101.29055107680124
34,96.0,101.00258553349704
35,95.0,100.11617725399887
36,95.0,99.26537216279381
37,94.0,99.06798460870206
38,94.0,98.58980045722566
39,95.0,97.84521557011676
40,97.0,97.14154778000145
41,96.0,97.13853334452045
