,y_actual,y_predict
0,124.0,117.02878235154638
1,121.0,116.75899106885777
2,118.0,116.64496882067498
3,115.0,116.28674163517927
4,111.0,115.61279864366699
5,104.0,114.80168763995047
6,97.0,113.20655669722436
7,91.0,110.79334777794334
8,91.0,107.87744638388057
9,86.0,105.13050172708003
10,84.0,102.70880276539368
11,91.0,99.99469279708869
12,87.0,98.6349953789887
13,93.0,97.59714274564459
14,91.0,97.80382756760139
15,91.0,97.6135784401281
16,106.0,97.97644823526764
17,107.0,100.44093994671455
18,108.0,103.32629431500483
19,105.0,104.99748086815448
20,104.0,105.51021703863475
21,110.0,105.25725292212557
22,110.0,105.41380490002324
23,115.0,106.42025416326004
24,112.0,109.94879652795166
25,107.0,111.34613639631273
26,106.0,111.57085338326297
27,99.0,110.66282866782454
28,96.0,109.32252744890849
29,101.0,107.49307011244626
30,112.0,105.821253534536
31,106.0,105.97291823297988
32,118.0,106.84969249694223
33,116.0,109.09162031576646
34,116.0,110.37102933573075
35,114.0,112.27190578971792
36,113.0,113.70000065318993
37,114.0,114.38403015761747
38,110.0,115.49757751341544
39,106.0,115.55327659565096
40,109.0,114.4463230912312
41,106.0,114.27907292589339
42,99.0,113.01712109686916
43,97.0,111.58908128410438
44,98.0,109.57796884724344
45,94.0,107.40621232991337
46,89.0,105.33724159974406
47,90.0,103.62870620010528
48,87.0,101.83759473960775
49,85.0,100.1743660720268
50,82.0,98.39553703598885
51,84.0,96.69887423887798
52,78.99999999999999,95.41470027436488
53,78.99999999999999,94.5398772521369
54,80.0,93.63957186920246
55,81.0,92.67822748543027
56,80.0,92.82632000464886
