,y_actual,y_predict
0,640.0,639.2310218242335
1,630.0,643.5528130952165
2,630.0,638.5286176190012
3,635.0,644.1537141501678
4,650.0,650.3340563649285
5,640.0,659.0894547291382
6,630.0,657.0346322909782
7,625.0,644.9582679268099
8,620.0,636.8279287281116
9,620.0,627.4887669853903
10,620.0,636.9812658330977
11,625.0,635.9497130088781
12,620.0,639.4934838356014
13,605.0,641.2639411092597
14,595.0,634.9953097947359
15,630.0,627.9298065918688
16,630.0,644.8869210738428
17,660.0,636.6501328515753
18,680.0,644.6693928474558
19,675.0,661.8061973702041
20,670.0,661.081890011838
21,670.0,658.9683484822981
22,665.0,662.5987247072395
23,670.0,662.610420419757
24,665.0,667.053287871481
25,660.0,668.9001130366421
26,660.0,666.143126922042
27,650.0,667.3729205701294
28,655.0,662.3215904395514
29,675.0,663.5986930944418
30,670.0,676.8581208723004
31,650.0,677.0389459083127
32,650.0,661.0890006442555
33,660.0,664.412326832987
34,665.0,670.9768536609854
35,630.0,672.2536255887866
36,645.0,648.7456793869164
37,650.0,656.621990115021
38,635.0,658.3729344904175
39,640.0,643.4862617850426
40,640.0,645.1090494133796
41,640.0,644.383960336439
42,640.0,637.6447645062021
43,625.0,639.8513305461003
44,625.0,630.7367324969359
45,615.0,631.6042446849194
46,615.0,623.1984098209294
47,625.0,625.1258572306044
48,615.0,630.4361617050643
49,615.0,625.0408002364857
50,605.0,625.819256639181
51,610.0,621.8117162351225
52,615.0,622.8129323654341
53,610.0,627.9856994699412
54,620.0,626.0231047905155
55,615.0,630.7280283612705
56,610.0,630.6099437573818
57,605.0,625.9509461528751
58,605.0,626.645683502858
59,575.0,626.268880116929
60,575.0,606.1481806303002
61,570.0,607.6069727215495
62,570.0,606.3244882349352
63,595.0,602.4340703195968
