,y_actual,y_predict
0,640.0,650.2900997281658
1,630.0,653.7434467620958
2,630.0,644.0602687144233
3,635.0,642.2537922541428
4,650.0,643.805834351493
5,640.0,652.166284439017
6,630.0,646.2284854450254
7,625.0,634.2290902943403
8,620.0,625.199879966384
9,620.0,609.7790529458753
10,620.0,620.0143798689431
11,625.0,617.7545066354882
12,620.0,622.0894067256424
13,605.0,621.1044563548991
14,595.0,609.4025652539859
15,630.0,594.6860666690466
16,630.0,625.7159194568601
17,660.0,634.1740092009413
18,680.0,653.6067211768166
19,675.0,679.2186178226402
20,670.0,674.9734800711008
21,670.0,664.84069357873
22,665.0,667.808518212686
23,670.0,663.9409054334519
24,665.0,668.8212947580694
25,660.0,671.8256046031823
26,660.0,664.8726388089354
27,650.0,662.1550693501465
28,655.0,650.6532080059926
29,675.0,657.2182459576743
30,670.0,679.493587331199
31,650.0,678.8228803108553
32,650.0,652.2954183342945
33,660.0,653.4630052235159
34,665.0,663.6335998354004
35,630.0,668.5260907648722
36,645.0,638.7301055815628
37,650.0,646.267826935589
38,635.0,654.3283676854196
39,640.0,638.5821503083008
40,640.0,640.5299073678616
41,640.0,643.0581355680918
42,640.0,636.3832060245035
43,625.0,641.3413312481291
44,625.0,630.0938441347075
45,615.0,628.5904489855667
46,615.0,616.6152269784911
47,625.0,617.152132341685
48,615.0,625.8792685728188
49,615.0,618.7398929646672
50,605.0,617.8625491623053
51,610.0,610.0410338996588
52,615.0,609.155181391275
53,610.0,615.1695136403141
54,620.0,612.4136249383281
55,615.0,617.5039658323805
56,610.0,616.573886092343
57,605.0,607.1623101501394
58,605.0,607.169601179151
59,575.0,608.2604593836813
60,575.0,578.6809651463429
61,570.0,576.248392240135
62,570.0,574.9201772169159
63,595.0,572.1911826405005
