,y_actual,y_predict
0,196.0,197.2166251908324
1,194.0,197.79146773119678
2,194.0,198.04951433569
3,194.0,197.8487213193822
4,197.0,197.32990610501565
5,194.0,197.5148714388136
6,196.0,197.47935680912695
7,204.0,197.77168683651365
8,204.0,201.58050787334378
9,204.0,204.74328775769456
10,206.0,206.49993306443056
11,208.0,207.37092657615526
12,208.0,208.3141409972017
13,206.0,207.89980777136196
14,210.0,208.1003955865376
15,208.0,208.79914747081187
16,212.0,209.27963642913522
17,218.0,210.3270386346756
18,216.0,212.90537046421784
19,220.0,214.59329502431774
20,220.0,216.26821032709697
21,224.0,218.38915462743444
22,226.0,220.33703912261444
23,234.0,222.53460758081553
24,238.0,228.07055431994118
25,238.0,232.58823092450345
26,240.0,236.05760231492854
27,224.0,238.32019944457548
28,224.0,236.72203121946458
29,246.0,231.35225876768632
30,230.0,229.4441929495851
31,230.0,227.84216545980726
32,220.0,224.64448067744726
33,212.0,223.86467558210703
34,214.0,219.82135994708713
35,214.0,217.47622460224702
36,214.0,216.9419809822724
37,210.0,215.91119218797476
38,216.0,214.68832107271967
39,216.0,215.74459235550836
40,216.0,216.5831946830932
41,210.0,216.73782424348965
42,208.0,215.84909783091175
43,212.0,214.0371072447122
44,208.0,212.14392283522506
45,208.0,211.25553049256266
46,208.0,210.59106203118188
47,208.0,210.28125529531934
48,208.0,209.9852508078998
49,210.0,209.30756479768763
