,y_actual,y_predict
0,196.0,196.63328040114726
1,194.0,197.32516670055278
2,194.0,197.44514508301458
3,194.0,197.17328077818593
4,197.0,196.86718249651972
5,194.0,197.37174488525844
6,196.0,197.4933722936862
7,204.0,197.7298332224541
8,204.0,203.02197289408682
9,204.0,206.38518731083974
10,206.0,208.00988828957384
11,208.0,208.65705928443165
12,208.0,209.93032489279824
13,206.0,210.3968601741323
14,210.0,210.2137861519745
15,208.0,210.66908358094233
16,212.0,210.79845856826188
17,218.0,212.11143739454107
18,216.0,214.86820891464717
19,220.0,216.15603484130202
20,220.0,217.8797050368812
21,224.0,219.81009478350094
22,226.0,221.97039007076143
23,234.0,224.28765166948907
24,238.0,230.69095361773498
25,238.0,234.916529500995
26,240.0,237.68661746204435
27,224.0,240.3366887199385
28,224.0,241.56209796305313
29,246.0,237.9452228069698
30,230.0,238.93940375018752
31,230.0,237.21905679312502
32,220.0,231.85747137206081
33,212.0,226.50939955808795
34,214.0,220.46068740680082
35,214.0,216.38170911296427
36,214.0,214.00426641050106
37,210.0,212.81976079909603
38,216.0,211.15457091744662
39,216.0,212.7394820368814
40,216.0,214.22670752817982
41,210.0,214.71326166334126
42,208.0,213.92294433650588
43,212.0,212.02359709422018
44,208.0,210.96438717051876
45,208.0,210.2458389396689
46,208.0,209.48244746260153
47,208.0,208.94669079331484
48,208.0,208.5782212566723
49,210.0,208.11912451638034
