,y_actual,y_predict
0,129.0,129.21299061349947
1,130.0,129.1325846483762
2,131.0,129.19242242468198
3,132.0,129.3444549187272
4,131.0,129.59219254699758
5,132.0,129.71178480926312
6,132.0,129.96707062514147
7,133.0,130.30257047621532
8,135.0,130.67001172232256
9,135.0,131.2057660091322
10,134.0,131.8144197186301
11,131.0,132.37063762865975
12,130.0,132.59101573625765
13,130.0,132.40397775830837
14,130.0,132.02482969193622
15,131.0,131.6483681918881
16,131.0,131.28723483149705
17,130.0,131.0096448568176
18,129.0,130.8076109952655
19,128.0,130.53615010365723
20,130.0,130.18326429818177
21,130.0,129.90886515855172
22,129.0,129.81007918685367
23,129.0,129.73620246059443
24,129.0,129.59831755608445
25,129.0,129.48990973876153
26,129.0,129.38752553358248
27,129.0,129.25913618118358
28,129.0,129.1303475783217
29,129.0,129.07165232828416
30,130.0,129.058493358943
31,130.0,129.0954371540517
32,130.0,129.16596687586275
33,128.0,129.28188349894526
34,130.0,129.32279173345853
35,130.0,129.344217722307
36,130.0,129.3863798386598
37,130.0,129.4310628459744
38,129.0,129.49299193422914
39,128.0,129.47987053607667
40,128.0,129.40358925374105
41,129.0,129.23309708409445
42,129.0,129.0903012178238
43,128.0,129.01575092615764
44,129.0,128.92189085416274
45,128.0,128.8252550408538
46,128.0,128.72969385407444
47,129.0,128.56952108670063
48,129.0,128.48026552231286
49,127.0,128.47887040901705
50,128.0,128.4676361709328
51,127.0,128.4667263144355
52,128.0,128.39089226504484
53,128.0,128.30429112777148
54,128.0,128.24248335371638
55,127.0,128.17698273921116
56,128.0,128.07135247386196
57,128.0,128.03902405031855
58,127.0,127.97436720323168
59,127.0,127.89040962911459
60,127.0,127.83985148375115
61,128.0,127.77773137089848
62,128.0,127.72595736754913
63,128.0,127.69585424477216
64,128.0,127.70885749737947
