,y_actual,y_predict
0,400.0,432.73157413270155
1,408.0,430.30768191897124
2,400.0,428.05910089395354
3,396.0,426.0430222237582
4,400.0,424.28554219244864
5,406.0,422.57293696194876
6,396.0,420.94431718404303
7,392.0,419.84622427852975
8,388.0,419.2767443678028
9,380.0,418.5424458208857
10,370.0,417.5899201944665
11,372.0,416.4679375931885
12,365.99999999999994,414.9896360140813
13,382.0,413.3342669821054
14,396.0,411.6037163345231
15,398.0,410.5953279982149
16,408.0,410.2215814760673
17,408.0,410.2792229663196
18,408.0,410.9007153155164
19,418.0,411.8923741099271
20,420.0,413.1304953075807
21,418.0,414.53600198903723
22,418.0,416.0495639485096
23,418.0,417.4685578380369
24,420.0,418.8454689364385
25,408.0,420.2475531544113
26,416.0,421.25954408386025
27,412.0,421.9125591230388
28,416.0,422.39523905528034
29,424.0,422.7600241269903
30,408.0,423.0569228342039
31,410.0,423.2422312188821
32,420.0,422.9924364169841
33,416.0,422.594147229065
34,412.0,422.3487881199716
35,416.0,422.2030181950132
36,416.0,422.20128444706427
37,420.0,422.22368807315837
38,430.0,422.4684167284522
39,430.0,422.7668465377506
40,430.0,423.2812292896309
41,434.0,423.9744357585362
42,426.0,424.9067643471599
43,424.0,425.7856619762646
44,424.0,426.45797340495335
45,418.0,426.4143369955358
46,416.0,426.4520516424782
47,414.0,426.39643661086757
48,420.0,426.20270716472277
49,414.0,425.8551019590529
50,416.0,425.56495811397826
51,416.0,425.2202574990281
52,432.0,424.9000995498495
53,418.0,424.6029531643575
54,416.0,424.59054673422895
55,422.0,424.5672424598496
56,420.0,424.5525844090081
57,418.0,424.5070566381916
58,418.0,424.4922860063145
59,416.0,424.2414104264742
60,416.0,424.24044222956763
61,416.0,423.829566481863
62,410.0,423.4481419330842
63,408.0,423.1413586109406
64,406.0,422.7716875222835
65,408.0,422.23904412642094
66,410.0,421.82391281556875
67,408.0,421.50958656403674
68,414.0,421.14448626542696
69,408.0,420.792693045231
70,410.0,420.5744209333147
71,406.0,420.34405761816964
72,406.0,420.1227007858766
73,404.0,419.84093296985424
74,400.0,419.5982307732021
75,400.0,419.3115994564397
76,398.0,418.9453733474735
77,400.0,418.4458512922988
78,380.0,417.8386117022152
79,380.0,416.81016142535435
80,380.0,415.4713702656234
81,388.0,414.35064857194465
82,386.0,413.3326683313992
83,388.0,412.4660195189731
84,382.0,411.6831760294842
