,y_actual,y_predict
0,177.0,183.2886940823108
1,180.0,182.69721746979712
2,179.0,182.34364445770603
3,191.0,182.03153768931574
4,190.0,182.16070663536684
5,188.0,182.67969716756085
6,185.0,183.23138351510946
7,185.0,183.67462297067323
8,185.0,184.05409301645514
9,178.0,184.44014523155474
10,182.0,184.5905659041971
11,184.0,184.5276408082311
12,188.0,184.48983641995665
13,187.0,184.6002849997522
14,187.0,184.84659221053357
15,180.0,185.12199820683577
16,185.0,185.0922748820691
17,185.0,185.0095542636775
18,181.0,184.98089344618478
19,180.0,184.90401978002402
20,184.0,184.74840673552498
21,182.0,184.69742219749497
22,181.0,184.6234735885616
23,188.0,184.49654349712353
24,183.0,184.6275544386719
25,183.0,184.78614629820683
26,186.0,184.8061189051781
27,184.0,184.8665632363928
28,184.0,184.92491891863597
29,183.0,184.95348803163182
30,184.0,184.94281078219572
31,185.0,184.93801843167878
32,186.0,184.992865626361
33,185.0,185.07739345578554
34,186.0,185.16836906000654
35,186.0,185.3384903883536
36,186.0,185.49238160186846
37,189.0,185.74610106577532
38,185.0,185.99909479926737
39,186.0,186.1236484793472
40,186.0,186.1678563712817
41,185.0,186.17513897322198
42,187.0,186.1329485802184
43,182.0,186.09768503895177
44,183.0,185.91685642004032
45,184.0,185.67463480270527
46,186.0,185.54116681308588
47,184.0,185.45466891809087
48,180.0,185.4172566455961
49,181.0,185.24008671988696
50,180.0,184.95224527758816
51,184.0,184.61940380623545
52,182.0,184.34111860495426
53,182.0,184.16890230318756
54,182.0,184.0899352447192
55,183.0,184.14831622475458
56,183.0,184.14942616538897
57,183.0,184.1532255775606
58,180.0,184.1623644050063
59,181.0,184.08219570140662
60,170.0,183.94929216877654
61,173.0,183.53276243847915
62,165.0,182.88970046536986
63,175.0,182.0667917439103
64,165.0,181.21748477625124
65,177.0,180.5348301771787
66,174.0,179.95462847444276
67,172.0,179.56631368804992
68,170.0,179.17374887256125
