,y_actual,y_predict
0,177.0,179.8107030099573
1,180.0,179.01709861858052
2,179.0,178.50537803943064
3,191.0,178.10488869052367
4,190.0,178.09101285148157
5,188.0,178.5041795565234
6,185.0,178.9886544134338
7,185.0,179.41407789881455
8,185.0,179.88323178030134
9,178.0,180.33965929118077
10,182.0,180.62505791541665
11,184.0,180.72708233039722
12,188.0,180.74992307456338
13,187.0,180.85522197252666
14,187.0,181.13784100184048
15,180.0,181.43244011689063
16,185.0,181.54452830984556
17,185.0,181.53743227912304
18,181.0,181.53142879680274
19,180.0,181.46297771434496
20,184.0,181.3259063704438
21,182.0,181.2167226802601
22,181.0,181.1062519648963
23,188.0,180.9344926045019
24,183.0,180.96264114170182
25,183.0,181.06039339201834
26,186.0,181.076142848798
27,184.0,181.10951696120694
28,184.0,181.15569966204794
29,183.0,181.18029544055054
30,184.0,181.17780677023921
31,185.0,181.16807502578797
32,186.0,181.20778307292827
33,185.0,181.26633797528527
34,186.0,181.34039093761157
35,186.0,181.48195263963487
36,186.0,181.64810221460067
37,189.0,181.9038122985342
38,185.0,182.159552423596
39,186.0,182.3205697089617
40,186.0,182.39768686637274
41,185.0,182.42436180717485
42,187.0,182.41549493099572
43,182.0,182.39682041698862
44,183.0,182.23356269589792
45,184.0,181.9840189488222
46,186.0,181.8155024491702
47,184.0,181.6682424194455
48,180.0,181.58627124814896
49,181.0,181.42393057202685
50,180.0,181.15339440073032
51,184.0,180.82717936983175
52,182.0,180.52463832913114
53,182.0,180.319950729916
54,182.0,180.1832082573139
55,183.0,180.1765201534912
56,183.0,180.1577080827388
57,183.0,180.13379850685064
58,180.0,180.14131195114507
59,181.0,180.0977538962487
60,170.0,179.98138088973357
61,173.0,179.70433844249604
62,165.0,179.1328929380982
63,175.0,178.4146411831239
64,165.0,177.58080381541788
65,177.0,176.84789515206614
66,174.0,176.17882546742499
67,172.0,175.69414506595265
68,170.0,175.18500486161096
