,y_actual,y_predict
0,177.0,181.44157103877626
1,180.0,180.85596035183758
2,179.0,180.53871022606307
3,191.0,180.27939520673573
4,190.0,180.4480887909334
5,188.0,181.15097529934764
6,185.0,182.05001930765704
7,185.0,182.85002720269387
8,185.0,183.46006290803754
9,178.0,184.07140303079342
10,182.0,184.3724578262001
11,184.0,184.4219561189362
12,188.0,184.41956073423376
13,187.0,184.55684552825693
14,187.0,184.7831137253624
15,180.0,185.09435246325657
16,185.0,185.0153980536843
17,185.0,184.86050125292797
18,181.0,184.75435487892474
19,180.0,184.6231747583908
20,184.0,184.36177899565197
21,182.0,184.2613973560548
22,181.0,184.14279023826276
23,188.0,183.9884088800233
24,183.0,184.08443139379557
25,183.0,184.28576861665132
26,186.0,184.34717110174702
27,184.0,184.43250687941114
28,184.0,184.48396416993359
29,183.0,184.52204841503465
30,184.0,184.53008678851802
31,185.0,184.54928781282607
32,186.0,184.61332284942645
33,185.0,184.70370395552985
34,186.0,184.80910878799813
35,186.0,184.99859399519073
36,186.0,185.17506032605326
37,189.0,185.457457999685
38,185.0,185.78424223090894
39,186.0,185.92867681346314
40,186.0,185.98041712303626
41,185.0,185.9693398522604
42,187.0,185.87910104623833
43,182.0,185.79310594486404
44,183.0,185.54390371798354
45,184.0,185.24846661356554
46,186.0,185.05867625175406
47,184.0,184.9390256000322
48,180.0,184.87000531724908
49,181.0,184.66807043405174
50,180.0,184.32797007743898
51,184.0,183.91777586298502
52,182.0,183.55174843155316
53,182.0,183.3271783487516
54,182.0,183.27324819903797
55,183.0,183.374467828003
56,183.0,183.4412034039247
57,183.0,183.50435143668477
58,180.0,183.53267547731835
59,181.0,183.47279718420492
60,170.0,183.36311544373655
61,173.0,182.83916496315203
62,165.0,182.10954343167913
63,175.0,181.10216320922598
64,165.0,180.05805217355643
65,177.0,179.15412411023325
66,174.0,178.43446200334174
67,172.0,177.95555582294753
68,170.0,177.56729479436322
