,y_actual,y_predict
0,342.0,349.77402324067856
1,334.0,342.3877908956936
2,336.0,334.09147671307454
3,334.0,325.1740925946133
4,346.0,316.6594487687928
5,346.0,309.09797536467204
6,346.0,302.8638001569999
7,340.0,297.85792553194295
8,328.0,293.89887001474204
9,322.0,290.5233570360297
10,322.0,286.89283605290154
11,314.0,284.0253862999008
12,312.0,281.2583350703632
13,302.0,278.5794986956911
14,316.0,275.95406669417605
15,314.0,273.3552519756257
16,298.0,271.53912122201893
17,278.0,269.78463049211973
18,309.99999999999994,267.2023719782843
19,320.0,264.4298020138418
20,348.0,262.7330457414099
21,329.99999999999994,262.25784021428626
22,376.0,263.63128352490173
23,434.0,266.4372206096158
24,422.0,271.82635014791833
25,394.0,280.71342367620935
26,368.0,289.9868510996542
27,388.0,297.19177177710793
28,362.0,303.3269918227535
29,349.99999999999994,307.2609583220403
30,386.0,308.41806722438156
31,368.0,308.98700634127545
32,363.99999999999994,309.714969927046
33,349.99999999999994,309.9158943293933
34,328.0,309.50084301273375
35,328.0,308.6681932709969
36,320.0,307.00853987784905
37,346.0,305.07596381774766
38,408.0,305.79187109034126
39,380.0,306.27280761140463
40,354.0,319.5296154374391
41,329.99999999999994,327.09091903433205
42,343.99999999999994,331.3556275616535
43,343.99999999999994,331.2542101948232
44,332.0,329.13722348528245
45,324.00000000000006,326.13698448010706
46,326.0,324.1572444624718
47,326.0,322.05787525281994
48,332.0,321.38255190768126
49,309.99999999999994,319.1094274521372
50,304.00000000000006,322.0510829637061
51,304.00000000000006,320.23448524022274
52,309.99999999999994,317.62739241931496
53,316.0,315.8079504247652
54,316.0,314.23184218771695
55,294.0,311.5397608492729
56,274.0,315.9212967493516
57,264.0,316.34687611413756
58,254.0,311.55151999980114
59,238.0,302.6788800858769
60,222.0,301.44361740692017
61,222.0,301.45083421410357
