,y_actual,y_predict
0,342.0,371.83431698709745
1,334.0,359.8109888641274
2,336.0,346.9362473007437
3,334.0,333.76570154645435
4,346.0,321.2125748726086
5,346.0,313.07184656250234
6,346.0,309.44000957335834
7,340.0,308.600312831666
8,328.0,310.2978332366232
9,322.0,310.965345449281
10,322.0,310.27762617650967
11,314.0,308.39645925463833
12,312.0,305.60652650114866
13,302.0,302.00635855999775
14,316.0,298.52131991932555
15,314.0,296.53775923906375
16,298.0,294.83675778593573
17,278.0,293.2078819528347
18,309.99999999999994,290.32663536257155
19,320.0,287.4249694531601
20,348.0,285.86732775214
21,329.99999999999994,287.14682521395036
22,376.0,292.4355562287897
23,434.0,304.21724866653665
24,422.0,320.85254109777077
25,394.0,339.28031862613426
26,368.0,355.8538436782398
27,388.0,367.4630544243034
28,362.0,374.56082674098707
29,349.99999999999994,368.81302188566934
30,386.0,352.5502865123267
31,368.0,344.6392224778805
32,363.99999999999994,343.3638428413454
33,349.99999999999994,340.87090292935625
34,328.0,338.53601109468366
35,328.0,337.9072998335884
36,320.0,331.7438068845067
37,346.0,323.25658692598313
38,408.0,320.2124527524099
39,380.0,321.23791860136447
40,354.0,342.04197847618775
41,329.99999999999994,353.02982212376037
42,343.99999999999994,360.3456269209967
43,343.99999999999994,357.0643145019313
44,332.0,345.7986662296046
45,324.00000000000006,324.6496005196077
46,326.0,318.6050575336313
47,326.0,315.46366627030994
48,332.0,316.0370203751278
49,309.99999999999994,312.1157045143154
50,304.00000000000006,315.186838037116
51,304.00000000000006,312.21300405587044
52,309.99999999999994,308.6672168794368
53,316.0,304.99984772786627
54,316.0,302.4292210091382
55,294.0,296.93926842930273
56,274.0,303.9714951560383
57,264.0,304.3075861117501
58,254.0,295.59948940160746
59,238.0,281.8051143440234
60,222.0,276.0473333140698
61,222.0,266.20887233997144
