,y_actual,y_predict
0,276.0,305.7063344211105
1,286.0,302.97721796600536
2,280.0,310.47506541942573
3,274.0,309.30791306619756
4,258.0,305.4337466678923
5,268.0,302.33188200709134
6,262.0,297.69082935040944
7,262.0,292.8963813040839
8,266.0,288.87211026182496
9,262.0,285.4890552685217
10,280.0,282.44946861768847
11,284.0,280.89897030295964
12,280.0,280.7705793982832
13,268.0,281.2132494720455
14,264.0,281.23090807982294
15,254.0,280.31685811950683
16,258.0,278.7576017571937
17,264.0,274.9054211676913
18,270.0,273.63891161487044
19,264.0,273.0063111008905
20,270.0,272.4177988057414
21,268.0,272.32296314254955
22,270.0,272.46899969931167
23,262.0,272.8494694972565
24,264.0,273.1247520343468
25,268.0,272.9029117254896
26,264.0,272.6230558292317
27,256.0,272.51378752549397
28,254.0,272.02060320982116
29,262.0,271.01842863461013
30,260.0,270.24173491762195
31,262.0,269.644736644414
32,266.0,269.24300655640127
33,264.0,269.13626461254364
34,262.0,269.31435355055396
35,262.0,269.47622196256475
36,258.0,269.84562759980383
37,260.0,269.9632393689918
38,258.0,269.7113159440238
39,278.0,269.4017656024058
40,286.0,270.14816891221597
41,290.0,272.6057858922051
42,290.0,275.4888677873885
43,294.0,278.53700519473904
44,290.0,281.7227450035597
45,282.0,284.2938149757034
46,300.0,285.93891575117357
47,304.0,287.9186749987625
48,298.0,290.3934323588614
49,300.0,292.62549074647745
50,300.0,294.5497996336209
51,288.0,295.93388208855464
52,284.0,296.4384026344588
53,288.0,295.66499966316064
54,286.0,294.9106804257261
55,274.0,293.7939516245666
56,274.0,291.90635916768076
57,270.0,289.9594685099167
58,264.0,288.0620685944193
59,268.0,285.6173036605895
60,264.0,283.28283053014127
61,262.0,281.145944653701
62,264.0,278.83371644588937
63,262.0,276.89958714444276
64,262.0,275.31584452483
65,258.0,274.0568233618077
66,264.0,272.9094413941028
67,266.0,272.05822653849725
68,260.0,271.6366742421943
69,260.0,271.33899131416706
70,260.0,270.8775743545251
71,262.0,270.2188422104007
72,260.0,269.7697720249421
73,258.0,269.23790201387425
74,250.0,268.6286606120166
75,250.0,267.8492461997729
76,234.0,266.83605928662297
77,234.0,265.2809746570349
78,222.00000000000003,263.05957880368203
79,226.0,260.28148983397784
80,236.0,257.3301832663398
