,y_actual,y_predict
0,276.0,298.55442984727347
1,286.0,295.2370731665448
2,280.0,312.13665879042094
3,274.0,309.8292889669941
4,258.0,302.5768870926954
5,268.0,295.9861583045354
6,262.0,288.286759155449
7,262.0,274.26679625707413
8,266.0,270.06612051672494
9,262.0,267.78962410660233
10,280.0,267.0164025149878
11,284.0,268.6192029570808
12,280.0,271.1734953084822
13,268.0,274.3209769597338
14,264.0,276.4474982828197
15,254.0,277.0534100719123
16,258.0,274.8490120860605
17,264.0,270.46650321280174
18,270.0,267.195553819717
19,264.0,265.97488150410555
20,270.0,266.01821829281823
21,268.0,267.587657828802
22,270.0,269.26917705362087
23,262.0,270.49702682243014
24,264.0,271.11909435906375
25,268.0,270.74348294550384
26,264.0,270.36699054490873
27,256.0,269.97303387191164
28,254.0,268.70259874450784
29,262.0,267.1198407574638
30,260.0,266.206412670349
31,262.0,265.109531988863
32,266.0,264.29781903722903
33,264.0,264.9069049707864
34,262.0,266.2276859161087
35,262.0,266.8428351133783
36,258.0,267.6487309594422
37,260.0,267.9323310505994
38,258.0,267.3569687825186
39,278.0,266.4126025036412
40,286.0,267.8771657153711
41,290.0,272.128601855773
42,290.0,276.68827981293185
43,294.0,281.4814452457798
44,290.0,286.53823309319455
45,282.0,289.07986773381197
46,300.0,288.89544346256383
47,304.0,290.21696288231266
48,298.0,292.4541517238391
49,300.0,293.82152133648907
50,300.0,295.20026604644534
51,288.0,296.98444617223856
52,284.0,296.42430684189696
53,288.0,293.42052972290276
54,286.0,291.0129605799232
55,274.0,288.93079954519374
56,274.0,286.26898790843313
57,270.0,283.8687516869517
58,264.0,282.4496759087555
59,268.0,279.0134637124364
60,264.0,275.07745979768106
61,262.0,272.4850129342441
62,264.0,270.2297249914227
63,262.0,268.70625224956524
64,262.0,268.1672436523746
65,258.0,267.65476831177114
66,264.0,266.8771158735977
67,266.0,266.78367942510863
68,260.0,266.7658394376475
69,260.0,267.14125651583214
70,260.0,267.0355121602348
71,262.0,266.72352614857857
72,260.0,266.1865386392921
73,258.0,265.36220684394925
74,250.0,264.3190922829888
75,250.0,263.4406575191364
76,234.0,262.04909963009584
77,234.0,259.4192108176665
78,222.00000000000003,255.88194422614293
79,226.0,251.22166532298883
80,236.0,246.3915113903577
