,y_actual,y_predict
0,800.0,834.3133089384064
1,800.0,827.3612442872878
2,810.0,825.4977440827897
3,820.0,825.5625892829714
4,820.0,829.1033742256168
5,820.0,833.04896949561
6,815.0,836.1201112551385
7,815.0,839.1658852464634
8,795.0,837.6517195784097
9,810.0,830.8152726971182
10,850.0,826.5777937876245
11,850.0,830.3665286047891
12,850.0,837.8821897644733
13,845.0,844.7713843214503
14,850.0,848.4311200253655
15,860.0,850.7826689323924
16,890.0,853.3829207231163
17,890.0,860.4406782362099
18,905.0,867.9365883354924
19,905.0,874.8573599002867
20,910.0,882.8922270602835
21,900.0,889.3453305480014
22,900.0,890.3355931666907
23,900.0,890.0642938354528
24,900.0,890.1808806416808
25,900.0,891.3303800126534
26,900.0,894.3676116703546
27,900.0,896.5462030103254
28,900.0,896.5987099699623
29,895.0,895.590584986022
30,895.0,893.3135778153928
31,895.0,892.7522094733288
32,915.0,893.4462247026102
33,915.0,899.9690741223718
34,900.0,904.9176035507435
35,900.0,907.4615524749095
36,900.0,903.8810987618883
37,895.0,898.778319723985
38,895.0,895.189619943246
39,950.0,893.3897058088291
40,915.0,906.8540592346008
41,900.0,914.4273996628646
42,890.0,910.1051393265961
43,890.0,903.1134429383401
44,900.0,897.2421686568214
45,900.0,894.4324445261236
46,900.0,893.0463027627118
47,900.0,892.3135631106301
48,900.0,891.2711638646863
49,900.0,891.2734660976644
50,950.0,892.4765463921833
51,940.0,905.5474340059253
52,930.0,914.6437169797091
53,930.0,913.5425398124507
54,930.0,906.8363511745092
55,920.0,903.6771875798588
56,900.0,897.4578934418538
57,885.0,889.8657771617954
58,880.0,880.2452146340584
59,880.0,873.1348452338193
60,870.0,869.727244160346
61,925.0,869.7908919524908
62,900.0,885.5630765475312
63,900.0,895.7038573174264
64,900.0,899.9299670227763
65,850.0,899.9288189923905
66,820.0,889.5481060440578
67,795.0,872.0067387301444
68,780.0,849.7216172787817
69,780.0,829.6056930692858
70,815.0,812.5934381469178
71,830.0,812.8688913730466
72,835.0,821.3777469494486
73,835.0,828.4431333096225
74,845.0,834.1726196662818
75,875.0,840.5705806622402
