,y_actual,y_predict
0,4460.0,4488.7309774152745
1,4360.0,4473.275670350757
2,4380.0,4424.587584510982
3,4400.0,4426.785705548229
4,4350.0,4425.471225232818
5,4300.0,4400.347895049404
6,4250.0,4355.244776567895
7,4360.0,4326.97359747753
8,4300.0,4391.200178013221
9,4400.0,4376.85897757805
10,4350.0,4438.339787581023
11,4270.0,4425.3277084843885
12,4140.0,4370.632434003818
13,4150.0,4246.590040290743
14,4150.0,4249.893558574014
15,4260.0,4286.036862794402
16,4140.0,4297.547224301616
17,4200.0,4239.831529897984
18,4200.0,4244.703373745452
19,4400.0,4278.400990537551
20,4600.0,4394.39898115283
21,4650.0,4537.284950325821
22,4690.0,4574.824302142632
23,4690.0,4577.841220951468
24,4690.0,4612.4659096427
25,4590.0,4620.734615529575
26,4520.0,4563.530633564651
27,4530.0,4513.405962433986
28,4600.0,4510.911548754819
29,4770.0,4566.10612263275
30,4990.0,4660.463523674453
31,4930.0,4810.9150824063245
32,5000.0,4773.6167577093565
33,5150.0,4825.430470507938
34,5075.0,4933.504889868454
35,4940.0,4889.557457364577
36,4900.0,4833.283440781617
37,4900.0,4803.096370969366
38,4880.0,4801.544191039368
39,4970.0,4806.704023233031
40,4950.0,4838.311966724397
41,5000.0,4842.8309503405935
42,5025.0,4921.833563911337
43,5000.0,4883.170962059433
44,5100.0,4860.887382731095
45,4750.0,4909.307329516898
46,4420.0,4772.317931136064
47,4450.0,4581.313342479316
48,4360.0,4478.638277821234
49,4310.0,4402.442516205777
50,4390.0,4373.639862188967
51,4530.0,4411.584330536983
52,4420.0,4479.953018550099
53,4400.0,4447.281777987902
54,4370.0,4431.058222296859
55,4450.0,4404.7101387006305
56,4450.0,4441.1590525776555
57,4420.0,4446.698278240152
58,4550.0,4434.393568891273
59,4620.0,4523.951665700089
60,4470.0,4575.6463406149915
61,4460.0,4518.397799014466
62,4470.0,4499.167885726922
63,4490.0,4500.358669651296
