,y_actual,y_predict
0,4460.0,4474.104016615688
1,4360.0,4455.655864519492
2,4380.0,4414.49199143411
3,4400.0,4412.023792709393
4,4350.0,4408.565444159822
5,4300.0,4384.8608754130555
6,4250.0,4347.128123203803
7,4360.0,4316.028709320029
8,4300.0,4365.788396526359
9,4400.0,4361.528668971843
10,4350.0,4414.397114132073
11,4270.0,4406.303811174428
12,4140.0,4361.621549770726
13,4150.0,4263.301495056793
14,4150.0,4260.007178048925
15,4260.0,4296.427359641436
16,4140.0,4305.127657427421
17,4200.0,4256.396834846228
18,4200.0,4252.011096114411
19,4400.0,4296.081646312758
20,4600.0,4404.561500487589
21,4650.0,4547.824114320724
22,4690.0,4577.026821273783
23,4690.0,4568.354185183665
24,4690.0,4589.121290160142
25,4590.0,4589.787080559614
26,4520.0,4540.4718901858205
27,4530.0,4494.467943694459
28,4600.0,4481.43089384099
29,4770.0,4536.241155329274
30,4990.0,4620.2214274146245
31,4930.0,4756.227446720429
32,5000.0,4738.240573657191
33,5150.0,4769.2394968822355
34,5075.0,4873.053031295103
35,4940.0,4839.833475736385
36,4900.0,4791.070651235078
37,4900.0,4758.8122528032445
38,4880.0,4758.891360623851
39,4970.0,4771.794731570516
40,4950.0,4795.256768586366
41,5000.0,4803.054183989687
42,5025.0,4888.283919831229
43,5000.0,4858.680060418445
44,5100.0,4830.967844341421
45,4750.0,4873.96239507931
46,4420.0,4791.486502587586
47,4450.0,4632.624515179765
48,4360.0,4512.892774319035
49,4310.0,4445.967615955604
50,4390.0,4409.07730127267
51,4530.0,4432.6088108113
52,4420.0,4481.3219831472215
53,4400.0,4462.7375480096725
54,4370.0,4442.788199150965
55,4450.0,4414.315517916231
56,4450.0,4436.768452794682
57,4420.0,4447.100703832322
58,4550.0,4431.2841743711515
59,4620.0,4498.9090926224935
60,4470.0,4561.17638019383
61,4460.0,4521.206676407734
62,4470.0,4502.649034921203
63,4490.0,4495.329217794009
