,y_actual,y_predict
0,4460.0,4472.686441507
1,4360.0,4458.832966537865
2,4380.0,4421.051545947391
3,4400.0,4413.15314799326
4,4350.0,4420.213217166692
5,4300.0,4404.27478527384
6,4250.0,4368.31206331695
7,4360.0,4337.024283700862
8,4300.0,4375.376038692204
9,4400.0,4377.151277213664
10,4350.0,4418.039661798682
11,4270.0,4422.4864530182385
12,4140.0,4383.286994361823
13,4150.0,4284.724350047317
14,4150.0,4256.856580333286
15,4260.0,4276.483739878733
16,4140.0,4283.7357337683625
17,4200.0,4244.901027557655
18,4200.0,4224.577435629552
19,4400.0,4254.316565364697
20,4600.0,4343.834732110441
21,4650.0,4479.277448178657
22,4690.0,4538.250737025237
23,4690.0,4554.023459156343
24,4690.0,4576.205130019363
25,4590.0,4585.0433311970855
26,4520.0,4542.531297656137
27,4530.0,4493.4534307441645
28,4600.0,4483.872877611255
29,4770.0,4537.87105420812
30,4990.0,4631.313767457206
31,4930.0,4775.755793827189
32,5000.0,4775.813779223128
33,5150.0,4809.1314817194825
34,5075.0,4911.0977009535645
35,4940.0,4883.345207595531
36,4900.0,4828.456590592176
37,4900.0,4790.377546357679
38,4880.0,4782.208434149856
39,4970.0,4790.024367843296
40,4950.0,4815.214913632882
41,5000.0,4827.541960669217
42,5025.0,4906.581726559513
43,5000.0,4877.277516228734
44,5100.0,4849.695275400491
45,4750.0,4888.121769053365
46,4420.0,4798.678312034324
47,4450.0,4612.169559131124
48,4360.0,4475.3250663704775
49,4310.0,4402.795463241533
50,4390.0,4366.084949581734
51,4530.0,4387.960345287067
52,4420.0,4442.660480818793
53,4400.0,4432.164805870843
54,4370.0,4411.933024152977
55,4450.0,4385.119465973685
56,4450.0,4403.875802926238
57,4420.0,4422.8804585753705
58,4550.0,4416.788693431417
59,4620.0,4483.641456854411
60,4470.0,4548.5698227159955
61,4460.0,4520.582031334123
62,4470.0,4495.816769651075
63,4490.0,4497.574907689002
