,y_actual,y_predict
0,482.0,476.88261760520373
1,482.0,476.85172161085933
2,482.0,477.09356439779884
3,482.0,477.37179900811464
4,482.0,477.7358160488161
5,476.0,478.1966332536442
6,480.0,478.110996051919
7,480.0,478.0663888700654
8,468.0,478.0910461709013
9,478.0,477.0573906512759
10,484.0,476.4986572316367
11,472.0,476.8205569668792
12,482.0,476.7763353074842
13,484.0,476.97623817372966
14,482.0,477.70870950520833
15,482.0,478.18451800282804
16,482.0,478.3078945440998
17,480.0,478.49781247221114
18,482.0,478.51390876568047
19,484.0,478.5359584987796
20,484.0,478.8374833662358
21,482.0,479.1096379003361
22,484.0,479.28318100464867
23,486.0,479.52727202947494
24,484.0,479.93652733019485
25,482.0,480.40154950109377
26,484.0,480.64384796926515
27,486.0,480.82165929947575
28,484.0,481.10014846920694
29,484.0,481.29522213169713
30,484.0,481.38285558438196
31,484.0,481.3519380162148
32,484.0,481.3060976769911
33,482.0,481.20776454367035
34,480.0,480.74527510448337
35,470.0,480.2379125816924
36,464.0,478.54524003674686
37,470.0,475.8413097512558
38,476.0,473.46759377568304
39,476.0,472.3632977259634
40,476.0,471.73789002707497
41,470.0,471.393682199051
42,468.0,470.9719601520613
43,468.0,470.7275606624956
44,468.0,469.8884650092781
45,468.0,469.2492998765558
46,472.0,468.5110317349084
47,470.0,468.5087225758203
48,470.0,468.6857135161098
49,478.0,468.95654415416004
50,478.0,469.840895490158
51,486.0,471.03448237664776
52,478.0,473.1393321013537
53,482.0,474.61449338962547
54,480.0,475.762632562926
55,480.0,476.7075971909905
56,480.0,477.2395050529085
57,480.0,477.5575558193884
58,470.0,477.5839771456448
59,476.0,476.94030308396685
60,470.0,476.17906364632864
61,468.0,475.3340803547369
62,468.0,473.95817923104227
63,466.0,472.4461500921182
64,458.0,470.84560841108134
