,y_actual,y_predict
0,585.0,574.2241891835051
1,585.0,571.081957988963
2,575.0,570.8284293184913
3,585.0,577.199727802086
4,585.0,578.9857923858614
5,575.0,580.3763560016529
6,590.0,578.3661922095403
7,600.0,578.9797718334853
8,575.0,587.8988835286917
9,575.0,587.6785657596232
10,580.0,582.8753667253114
11,575.0,580.3676148485607
12,575.0,575.9997902194904
13,575.0,574.3567000537787
14,580.0,576.748464305756
15,585.0,576.6434060582477
16,590.0,577.4141776855813
17,580.0,582.4257042731438
18,590.0,583.1120355004102
19,580.0,583.8776321145832
20,580.0,582.8383234957053
21,570.0,580.2828691148881
22,585.0,576.9034759140383
23,585.0,576.8232749536481
24,585.0,578.7226143905476
25,580.0,581.1943643035778
26,585.0,581.2777438650922
27,600.0,582.085664414434
28,605.0,592.6968175155746
29,580.0,597.5224938006946
30,585.0,594.115092113336
31,585.0,587.4013659056549
32,600.0,583.7104541364799
33,595.0,588.8157964316132
34,595.0,591.4370032300246
35,590.0,594.9782467290144
36,615.0,593.396544276151
37,625.0,605.9287977053864
38,610.0,619.0897623874416
39,610.0,619.3748236031195
40,640.0,615.2324075938101
41,625.0,623.5720538450578
42,720.0,630.1226395488549
43,740.0,688.5279813275814
44,760.0,731.4069660168335
45,760.0,753.7049468533198
46,760.0,761.4124595709188
47,800.0,758.2855146293211
48,800.0,781.1402595519205
49,805.0,797.0068342443869
50,845.0,802.0979041507276
51,835.0,816.3124361395865
52,895.0,819.0837535504579
53,835.0,841.8044100458217
54,790.0,842.3132524139976
55,765.0,804.5987429614861
56,770.0,760.5915897450752
57,770.0,740.6309220009105
58,760.0,739.5623013559001
59,710.0,755.7620576445518
60,710.0,745.2770816986365
61,795.0,724.5876296124341
