,y_actual,y_predict
0,585.0,570.0533477898795
1,585.0,573.9479327320872
2,575.0,575.47124600469
3,585.0,574.8036145034964
4,585.0,577.5523372275575
5,575.0,581.3637579075879
6,590.0,577.6657804056181
7,600.0,582.3881364960614
8,575.0,595.186041905722
9,575.0,588.8579481273122
10,580.0,579.5953439549332
11,575.0,581.6677644863099
12,575.0,579.4213429451061
13,575.0,578.7808352458719
14,580.0,580.0960597517616
15,585.0,582.6323055171631
16,590.0,586.4107893131287
17,580.0,594.8131238809484
18,590.0,591.0139556904737
19,580.0,591.1786949142661
20,580.0,590.1032551520652
21,570.0,585.9485846959333
22,585.0,580.1693006717585
23,585.0,584.4045713706878
24,585.0,590.232826207752
25,580.0,589.8447315369693
26,585.0,586.224210907473
27,600.0,588.426225981737
28,605.0,605.7440238996302
29,580.0,609.6637127445606
30,585.0,596.6564111140298
31,585.0,588.2885322692359
32,600.0,590.1076550876118
33,595.0,599.3440416725144
34,595.0,600.2337877136091
35,590.0,599.503594139546
36,615.0,596.0165688854744
37,625.0,616.8667732431967
38,610.0,628.9565539948367
39,610.0,620.3349451257591
40,640.0,615.291937860558
41,625.0,633.6075253880917
42,720.0,638.4547624338867
43,740.0,697.4055167634992
44,760.0,733.0694370374306
45,760.0,754.7157341818131
46,760.0,769.1430132321364
47,800.0,775.0602845588173
48,800.0,799.5697575549398
49,805.0,808.8205828963048
50,845.0,812.253706982664
51,835.0,834.6873029144135
52,895.0,835.699225457594
53,835.0,865.3047163302804
54,790.0,843.9923993468976
55,765.0,799.9123888347633
56,770.0,767.7492827588206
57,770.0,771.8073542741313
58,760.0,772.9764061881659
59,710.0,767.5990429667584
60,710.0,741.2230734689996
61,795.0,731.2818731873614
