,y_actual,y_predict
0,1840.0,1850.0500118235168
1,1825.0,1855.0843433235577
2,1930.0,1861.5308004581664
3,1950.0,1938.5818804284224
4,1960.0,1987.2594767668352
5,1925.0,1953.1888116134405
6,1880.0,1908.0832464342698
7,1825.0,1837.1550307371326
8,1805.0,1843.0325148615646
9,1695.0,1765.7162840047195
10,1675.0,1806.5698351766196
11,1635.0,1688.2975009434301
12,1670.0,1695.6935925789876
13,1700.0,1714.3611396236029
14,1725.0,1745.7994275673836
15,1640.0,1737.5290042826684
16,1585.0,1718.9926049458047
17,1510.0,1676.0599580809735
18,1515.0,1620.097347932262
19,1420.0,1564.9028119145928
20,1375.0,1526.8638713975408
21,1380.0,1473.262684846682
22,1300.0,1428.4258432923289
23,1220.0,1397.469538471701
24,1135.0,1365.2074471195097
25,1060.0,1327.020783564924
26,1000.0,1272.2744001367753
27,1020.0,1225.9994787553019
28,1080.0,1194.332957086834
29,1210.0,1172.0932701031256
30,1175.0,1163.0575533723072
31,1180.0,1170.212602455733
32,1100.0,1177.7300244174976
33,1125.0,1181.392288463068
34,1105.0,1175.8597724408294
35,1150.0,1167.2301580884146
36,1130.0,1158.5683992900563
37,1170.0,1155.2232828998092
38,1170.0,1158.5613829896727
39,1155.0,1166.3842043828627
40,1170.0,1174.4426157381574
41,1155.0,1182.7425183624687
42,1155.0,1190.7133891327449
43,1155.0,1197.7422263941544
44,1160.0,1202.5708008062022
45,1150.0,1206.5274775182563
46,1160.0,1210.2612371208365
47,1170.0,1212.2825571154538
48,1160.0,1215.5596589039205
49,1145.0,1217.1738159165875
50,1160.0,1215.178739061002
51,1170.0,1218.030865166932
52,1170.0,1216.03323198485
53,1150.0,1213.1746606727536
54,1100.0,1210.9105440509088
