,y_actual,y_predict
0,1840.0,1757.5945627761957
1,1825.0,1757.9481788765363
2,1930.0,1756.9398440485409
3,1950.0,1772.38903042418
4,1960.0,1812.2795263810253
5,1925.0,1850.5710129194426
6,1880.0,1878.7362375267217
7,1825.0,1888.5417348724936
8,1805.0,1881.8935183094127
9,1695.0,1849.229648577891
10,1675.0,1828.0612527608914
11,1635.0,1786.9199788833387
12,1670.0,1753.3869853380215
13,1700.0,1726.0874035893087
14,1725.0,1721.97631387889
15,1640.0,1707.6364644228147
16,1585.0,1704.4544090290794
17,1510.0,1683.4339266143525
18,1515.0,1649.8403834845235
19,1420.0,1599.6819942306572
20,1375.0,1553.9901056550902
21,1380.0,1500.6235844376038
22,1300.0,1450.5298410095102
23,1220.0,1405.7268197906785
24,1135.0,1363.225124701443
25,1060.0,1307.3417878690811
26,1000.0,1248.1776507333216
27,1020.0,1184.807214322636
28,1080.0,1131.54231728149
29,1210.0,1099.3082095459447
30,1175.0,1099.0071069186301
31,1180.0,1124.0148059885537
32,1100.0,1152.4561682473638
33,1125.0,1168.987986089169
34,1105.0,1168.1515778155342
35,1150.0,1151.814394321967
36,1130.0,1131.1534837044178
37,1170.0,1120.6222615833105
38,1170.0,1120.7236987942827
39,1155.0,1128.5698534654923
40,1170.0,1136.9092159807208
41,1155.0,1145.0223707959851
42,1155.0,1149.0391483756662
43,1155.0,1149.4798155516962
44,1160.0,1147.7563619838288
45,1150.0,1147.171887844898
46,1160.0,1147.1039548280057
47,1170.0,1147.1807262077843
48,1160.0,1149.317216869551
49,1145.0,1151.223937291236
50,1160.0,1148.8092421607714
51,1170.0,1151.2152077082008
52,1170.0,1150.8717081339948
53,1150.0,1148.676829887253
54,1100.0,1147.287575216339
