,y_actual,y_predict
0,1840.0,1797.1360929713271
1,1825.0,1795.8073742874435
2,1930.0,1798.4458567661898
3,1950.0,1857.1920617147591
4,1960.0,1911.054350502131
5,1925.0,1905.841647241563
6,1880.0,1882.5055409455863
7,1825.0,1828.4413567549282
8,1805.0,1827.138826820151
9,1695.0,1758.3741063827683
10,1675.0,1784.900073026783
11,1635.0,1689.1200397860741
12,1670.0,1677.5279421689825
13,1700.0,1691.665991404141
14,1725.0,1709.299436393577
15,1640.0,1690.5878607043066
16,1585.0,1671.3727974751066
17,1510.0,1643.8482317997525
18,1515.0,1612.829344571149
19,1420.0,1576.8540190144959
20,1375.0,1552.4858842792476
21,1380.0,1509.8774098685492
22,1300.0,1469.3224066971522
23,1220.0,1436.6776924175015
24,1135.0,1406.714860377739
25,1060.0,1360.0742891249183
26,1000.0,1304.8904339288601
27,1020.0,1252.6408608211307
28,1080.0,1213.588975929901
29,1210.0,1186.2688075944038
30,1175.0,1172.9534739691467
31,1180.0,1177.5941311887502
32,1100.0,1183.2614526412274
33,1125.0,1186.5463049940713
34,1105.0,1181.5850191639151
35,1150.0,1172.589115858529
36,1130.0,1163.7638881392181
37,1170.0,1159.970136448862
38,1170.0,1162.5152314256034
39,1155.0,1169.1541201164687
40,1170.0,1176.8156209907615
41,1155.0,1184.660116769245
42,1155.0,1191.4795528176555
43,1155.0,1196.3603143631767
44,1160.0,1199.4190677959075
45,1150.0,1202.4833418060718
46,1160.0,1205.7604979844639
47,1170.0,1207.6588151626665
48,1160.0,1210.365937727336
49,1145.0,1211.339327028227
50,1160.0,1209.2916279197643
51,1170.0,1212.5354702688157
52,1170.0,1210.9462510369694
53,1150.0,1208.1084566763964
54,1100.0,1205.8191031291408
