,y_actual,y_predict
0,114.0,113.49420211299315
1,113.0,112.83641902351273
2,111.0,112.30498541635536
3,149.0,111.6480268320235
4,139.0,127.79183161619147
5,130.0,128.61316836087616
6,170.0,127.2804916147226
7,159.0,136.97373013522204
8,166.0,138.8980332107082
9,155.0,143.3090897848217
10,173.0,145.96829387379012
11,161.0,149.94695533148513
12,150.0,151.04766377310312
13,141.0,148.5589246406738
14,143.0,145.6950979484188
15,138.0,143.62213481514218
16,140.0,141.32086383355633
17,145.0,139.30579994312117
18,144.0,139.7240746674093
19,163.0,139.95101822662383
20,152.0,145.253702972744
21,142.0,148.45752830247773
22,137.0,145.6132228076606
23,128.0,141.63606206796976
24,138.0,137.53266084079115
25,129.0,139.30004916800235
26,120.0,137.31841851646388
27,120.0,130.46106554707313
28,123.0,124.85012598242399
29,119.0,121.96565440788162
30,119.0,119.98891147031726
31,123.0,118.69637805029029
32,123.0,119.33069166003423
33,122.0,119.63041485222168
34,121.0,119.7649382057296
35,121.0,119.83853048046764
36,120.0,120.14306872340568
37,123.0,119.72016283081015
38,122.0,119.64155012049585
39,120.0,119.7657071012683
40,122.0,119.51478171244534
41,123.0,119.89901223359003
42,125.0,120.48056641136458
43,123.0,121.37677829814493
44,124.0,121.65531348752224
45,124.0,121.97782698074464
46,123.0,122.29574637873289
47,126.0,121.95683398229968
48,124.0,122.9064322067177
49,122.0,123.29019820225486
50,123.0,122.55771027510889
51,125.0,121.90538322981516
52,131.0,122.40011115790217
53,128.0,124.82396685122498
54,126.0,125.53770562768298
55,128.0,125.05653291272496
56,125.0,125.01453542318234
57,125.0,124.71973219854272
58,124.0,124.24797993685678
59,124.0,123.7764464063029
60,123.0,123.33147350833104
61,122.0,122.65279010308873
62,123.0,122.0541270727511
63,127.0,121.84533819749537
64,126.0,123.02361018145537
65,124.0,123.58451725255814
66,122.0,124.18259378687733
67,126.0,123.04187830901822
68,123.0,123.3809341782448
69,124.0,122.71513514887145
70,122.0,122.83722975458035
71,122.0,121.95511749900932
72,114.0,121.87782829740918
73,108.0,119.52457938423751
74,115.0,116.13775617482992
75,112.0,113.5254858551042
76,113.0,112.32743686950104
