,y_actual,y_predict
0,61.0,58.72918004541754
1,61.0,58.963768265373865
2,59.0,59.261510929164224
3,57.0,59.22800561202828
4,57.0,58.803130895204774
5,54.0,58.23612127272645
6,54.0,57.547718994437886
7,54.0,56.772740625529686
8,54.0,55.94117880512829
9,54.0,55.147986269253025
10,54.0,54.35057295612946
11,51.0,53.720830798946885
12,51.0,53.1758666661026
13,51.0,52.68126356269074
14,53.0,52.22314105768063
15,52.0,51.84915170091635
16,52.0,51.59401427245556
17,53.0,51.40332989125421
18,53.0,51.3007524437887
19,52.0,51.24105377713251
20,51.0,51.1908849460649
21,52.0,51.101553169241015
22,51.0,51.0441263209759
23,54.0,51.00501648266253
24,52.0,51.03784531213286
25,52.0,51.087735118381374
26,51.0,51.18121939145554
27,51.0,51.18058715999234
28,51.0,51.10421191328758
29,51.0,50.98784760504795
30,52.0,50.881360438214045
31,51.0,50.81258039882048
32,56.0,50.74632591337857
33,55.0,50.99187028310446
34,57.0,51.338433438995246
35,54.0,51.79674477046903
36,51.0,52.2240261817291
37,51.0,52.56429146927117
38,53.0,52.60861089484128
39,51.0,52.541762111823964
40,51.0,52.34540872183594
41,50.0,52.084641061451556
42,50.0,51.80882460629252
43,50.0,51.436040704184734
44,50.0,51.05993463648168
45,50.0,50.68795071791867
46,51.0,50.39567095545797
47,50.0,50.23526877539319
48,50.0,50.14967475097973
49,50.0,50.0560438002061
50,50.0,49.9987181089751
51,50.0,49.9652182711785
52,50.0,49.932410516090286
53,50.0,49.91409772101496
54,50.0,49.90705213358909
55,50.0,49.90587365414169
56,50.0,49.89476071096926
57,51.0,49.86890328709978
58,50.0,49.87623295719645
59,50.0,49.88504204891699
60,50.0,49.896012529266386
61,50.0,49.903251158032354
62,50.0,49.91271186964763
63,50.0,49.91093319179784
64,50.0,49.90766666257132
65,50.0,49.90228173645545
66,50.0,49.90217973644606
67,51.0,49.90044067843462
68,50.0,49.904683373040314
69,50.0,49.900224033786564
70,50.0,49.886140445712385
71,50.0,49.864900840450105
72,50.0,49.840999119240124
73,50.0,49.84386186330548
74,50.0,49.845225797315415
75,50.0,49.846038425489446
