,y_actual,y_predict
0,236.0,239.22269828265416
1,242.0,237.63857890083034
2,232.0,237.41809736700984
3,232.0,235.95203526478733
4,226.0,233.6712031680828
5,220.0,229.66222484694953
6,222.0,224.41204031385942
7,218.0,222.22877506341734
8,216.0,218.48548399542196
9,216.0,215.752849104176
10,214.0,213.76278903638521
11,214.0,212.70125032915124
12,212.0,211.563476661785
13,218.0,211.12158674702215
14,224.0,212.46779905342746
15,220.0,216.23646447319717
16,224.0,218.42385681888857
17,220.0,219.90953565573977
18,222.0,220.2895353284495
19,218.0,220.2426428799227
20,218.0,219.43303121282187
21,220.0,218.1220742744133
22,216.0,217.74384723506043
23,210.0,216.76479180386931
24,208.0,213.6127866299105
25,204.0,210.02968946310358
26,202.0,207.36315437204343
27,206.0,204.20049912307047
28,216.0,202.31479245664357
29,212.0,205.09910646727835
30,210.0,207.54758981185728
31,212.0,208.19706085363555
32,212.0,209.1613897138904
33,216.0,209.85237718499855
34,214.0,210.89999789089765
35,212.0,211.86431451554694
36,214.0,211.7650990488883
37,214.0,211.2980180615262
38,218.0,211.86471829053073
39,216.0,213.48907038273344
40,216.0,214.51890357703644
41,214.0,214.59132918530148
42,216.0,214.33015508625948
43,220.0,214.1222680691048
44,220.0,214.9353036664974
45,220.0,216.53781112422402
46,218.0,217.0406103933269
47,220.0,217.3286691767057
48,220.0,217.73597464251048
49,216.0,217.74279446316459
50,216.0,216.86021933097055
51,216.0,216.12811104844596
52,214.0,215.5253198615477
53,216.0,214.81225222055627
54,218.0,213.93177192599904
55,218.0,213.8218054405803
56,218.0,215.540972259972
57,216.0,216.21004372223823
58,216.0,216.1056230250437
59,214.0,215.15274975050295
60,212.0,214.29616457398842
61,214.0,212.56446441595875
62,212.0,211.82594671538354
63,212.0,210.89647709539514
64,212.0,210.56544584562377
65,212.0,210.2327964370159
66,212.0,209.30425060524794
67,206.0,208.5691986399502
68,200.0,207.25808722702132
69,194.0,204.28666633602344
70,188.0,199.2517391155385
71,182.0,193.19713731227435
72,178.0,187.34241228305225
73,179.0,181.71725576405333
74,184.0,178.5705679803481
75,182.0,178.81534942682887
76,181.0,179.6284910661364
