,y_actual,y_predict
0,63.0,53.63357004428012
1,59.0,56.13420169929552
2,57.00000000000001,58.00467831445853
3,58.0,59.7581163432729
4,54.99999999999999,60.79344750754522
5,53.0,59.76059987285015
6,52.00000000000001,57.86282848589263
7,56.0,56.44069811339426
8,54.0,56.067410989817304
9,54.0,55.7945173923715
10,54.99999999999999,55.24910904097472
11,54.0,54.96601072272361
12,53.0,55.253931778797856
13,53.0,54.85451046746612
14,53.0,54.2991198906499
15,52.00000000000001,54.2311144766327
16,51.0,53.90884494369346
17,51.0,53.26311522683121
18,51.0,52.69907138352186
19,52.00000000000001,52.309560136943894
20,51.0,51.88432936085296
21,53.0,51.74673099817354
22,53.0,52.15283919785854
23,53.0,52.705962727094565
24,52.00000000000001,52.90583574425822
25,51.0,53.0719075029383
26,50.0,53.06115556375157
27,51.0,52.53788249655298
28,51.0,52.32872480707148
29,51.0,51.997405123977856
30,51.0,51.60770746234688
31,51.0,51.44351188097455
32,51.0,51.50819790437034
33,50.0,51.327345236002905
34,50.0,51.21153939435968
35,51.0,51.10032778176492
36,50.0,51.001726245498226
37,50.0,50.86251629461855
38,50.0,50.89574026777666
39,50.0,50.82256935277434
40,50.0,50.67393040824545
41,50.0,50.51257915977878
42,50.0,50.37846254921855
43,50.0,50.29834617014426
44,50.0,50.2937639678734
45,50.0,50.29215839306196
46,50.0,50.29119023746405
47,50.0,50.35977293680671
48,50.0,50.37787323711547
49,50.0,50.370855612377824
50,50.0,50.3554072165329
51,50.0,50.33991071357753
52,50.0,50.296025002064795
53,50.0,50.29638580539321
54,50.0,50.294245038977955
55,50.0,50.29301830766135
56,50.0,50.29135861235064
57,50.0,50.290883554634895
58,50.0,50.29149090690439
59,50.0,50.29161117468053
60,50.0,50.29066105924904
61,50.0,50.290179988144494
62,50.0,50.28983121159369
63,50.0,50.28906149782641
64,50.0,50.28886906938459
65,50.0,50.288315837614356
66,50.0,50.28764233806798
67,50.0,50.288075302062076
68,50.0,50.288291784059126
69,50.0,50.28787686023145
70,50.0,50.287690445178434
71,50.0,50.28729957490599
72,50.0,50.28688465107831
73,50.0,50.28706505274252
74,50.0,50.28755213723588
75,50.0,50.28791294056429
76,50.0,50.28818955644941
77,50.0,50.28792496734191
78,50.0,50.28745592301497
79,50.0,50.287022959020874
80,50.0,50.28680647702382
81,50.0,50.286698236025295
82,50.0,50.28682451719024
83,50.0,50.286782423468594
84,50.0,50.28681249041263
85,50.0,50.28672830296933
86,50.0,50.28662006197081
87,50.0,50.28665614230365
88,50.0,50.28681249041263
89,50.0,50.286794450246205
90,50.0,50.28670424941411
