,y_actual,y_predict
0,63.0,48.58298491925515
1,59.0,49.45994747590902
2,57.00000000000001,50.264460724217386
3,58.0,50.85115700316233
4,54.99999999999999,51.38721453496438
5,53.0,51.76540858380776
6,52.00000000000001,51.84988466976706
7,56.0,51.65899565548091
8,54.0,51.40966852876933
9,54.0,51.35688300182239
10,54.99999999999999,51.223638332639155
11,54.0,51.008677722959
12,53.0,50.7946431751551
13,53.0,50.60493879846391
14,53.0,50.36244288143698
15,52.00000000000001,50.13344100889272
16,51.0,49.88793839746232
17,51.0,49.60412448594319
18,51.0,49.28392355875353
19,52.00000000000001,48.98808888300941
20,51.0,48.72969957936584
21,53.0,48.50997636575062
22,53.0,48.35530599224842
23,53.0,48.352810435893545
24,52.00000000000001,48.383244196645265
25,51.0,48.384308566464085
26,50.0,48.30863608171808
27,51.0,48.20135121201423
28,51.0,48.07168450917111
29,51.0,48.01421455234359
30,51.0,47.90704393702707
31,51.0,47.784954104080626
32,51.0,47.667668968790906
33,50.0,47.55000499000634
34,50.0,47.414439152743654
35,51.0,47.27981140413483
36,50.0,47.16078839947991
37,50.0,47.06026257879502
38,50.0,46.957072826868654
39,50.0,46.89774473289981
40,50.0,46.82379207735259
41,50.0,46.744475478989614
42,50.0,46.665098746738565
43,50.0,46.59204809951238
44,50.0,46.52442754237882
45,50.0,46.46757095120961
46,50.0,46.41934958636709
47,50.0,46.38616169354182
48,50.0,46.368440236727906
49,50.0,46.350454190806474
50,50.0,46.33194498005885
51,50.0,46.31596740599892
52,50.0,46.30181188874748
53,50.0,46.289550588970215
54,50.0,46.279387961886556
55,50.0,46.270187477012
56,50.0,46.26266472761458
57,50.0,46.25542460749108
58,50.0,46.25089051233067
59,50.0,46.24721031838085
60,50.0,46.24424571769906
61,50.0,46.24234548683607
62,50.0,46.24006641247826
63,50.0,46.23875549371836
64,50.0,46.23789557911897
65,50.0,46.23733032057112
66,50.0,46.23670492813521
67,50.0,46.23606750892168
68,50.0,46.23583900014701
69,50.0,46.23567062526041
70,50.0,46.23541204954172
71,50.0,46.235225634488714
72,50.0,46.2345220679983
73,50.0,46.234305586001256
74,50.0,46.23420937178034
75,50.0,46.23427551905722
76,50.0,46.234371733278124
77,50.0,46.2345220679983
78,50.0,46.234552134942334
79,50.0,46.234485987665465
80,50.0,46.2343536931117
81,50.0,46.23422741194676
82,50.0,46.23413119772586
83,50.0,46.234065050448976
84,50.0,46.23398687639448
85,50.0,46.23395079606165
86,50.0,46.23390268895119
87,50.0,46.23384255506312
88,50.0,46.23380647473027
89,50.0,46.23384255506312
90,50.0,46.23385458184073
