,y_actual,y_predict
0,63.0,48.73767934631259
1,59.0,49.208190940119465
2,57.00000000000001,49.82138221014759
3,58.0,50.32202689526582
4,54.99999999999999,50.75193608784852
5,53.0,51.060044090147514
6,52.00000000000001,51.16434631900315
7,56.0,51.11024385990749
8,54.0,51.00566501516674
9,54.0,50.96271739230789
10,54.99999999999999,50.902000205524644
11,54.0,50.805683757004566
12,53.0,50.70945149592779
13,53.0,50.626893680997895
14,53.0,50.523246911522214
15,52.00000000000001,50.24679338790273
16,51.0,49.92614145655254
17,51.0,49.64796209034547
18,51.0,49.33268612858866
19,52.00000000000001,49.04817466396793
20,51.0,48.82668952743228
21,53.0,48.65204267631357
22,53.0,48.5525090647818
23,53.0,48.461195755749074
24,52.00000000000001,48.41323296662526
25,51.0,48.40936034423362
26,50.0,48.33478229625047
27,51.0,48.208110261033184
28,51.0,48.07358474003408
29,51.0,47.982157176614024
30,51.0,47.886748749803786
31,51.0,47.81144909516382
32,51.0,47.74920450762362
33,50.0,47.70470543045258
34,50.0,47.643837908949166
35,51.0,47.57720956096874
36,50.0,47.52222914710728
37,50.0,47.445528372875316
38,50.0,47.35656028547726
39,50.0,47.284321445740005
40,50.0,47.22063965827496
41,50.0,47.16410177671251
42,50.0,47.12571230256928
43,50.0,47.0711528259243
44,50.0,47.04187363582352
45,50.0,47.01680381788756
46,50.0,46.99718213021066
47,50.0,46.97970722233782
48,50.0,46.97312857498308
49,50.0,46.96760828405834
50,50.0,46.95890691045476
51,50.0,46.95110754517222
52,50.0,46.94279102845228
53,50.0,46.93174443321401
54,50.0,46.92995244334955
55,50.0,46.928809899476235
56,50.0,46.92828072126123
57,50.0,46.9277335028798
58,50.0,46.92748094054991
59,50.0,46.92722837822002
60,50.0,46.92722236483122
61,50.0,46.927174257720765
62,50.0,46.92472079508755
63,50.0,46.92490721014056
64,50.0,46.924937277084595
65,50.0,46.925117678748805
66,50.0,46.9251958528033
67,50.0,46.924744848642774
68,50.0,46.9247628888092
69,50.0,46.92488315658534
70,50.0,46.92484106286369
71,50.0,46.92491322352937
72,50.0,46.924877143196525
73,50.0,46.92476890219801
74,50.0,46.92465464781067
75,50.0,46.92460052731141
76,50.0,46.92451633986812
77,50.0,46.92451633986812
78,50.0,46.92457046036738
79,50.0,46.92460052731141
80,50.0,46.92464262103306
81,50.0,46.924684714754704
82,50.0,46.92463059425545
83,50.0,46.92464863442187
84,50.0,46.92467268797709
85,50.0,46.924684714754704
86,50.0,46.92471478169874
87,50.0,46.92471478169874
88,50.0,46.92467268797709
89,50.0,46.92463660764426
90,50.0,46.924624580866634
