,y_actual,y_predict
0,108.0,104.56040469320772
1,103.0,111.75387831974504
2,103.0,107.81507492520316
3,113.0,106.08807502264774
4,106.0,108.97300321419779
5,116.0,109.70695998722458
6,113.0,112.20395989020896
7,124.0,115.75571947565894
8,120.0,119.56807123702636
9,124.0,121.33014998126492
10,136.0,125.95696681317851
11,146.0,131.68358014063685
12,142.0,143.40099061942743
13,139.0,143.21572936741202
14,135.0,141.33756889186643
15,122.0,136.00164199613022
16,114.0,125.29798551903158
17,125.0,115.69695807610393
18,137.0,117.36624638184419
19,150.0,127.97339540234456
20,139.0,140.96158520927804
21,140.0,140.16693137678874
22,154.0,142.6000737905399
23,159.0,144.92640359743797
24,167.0,149.58857480981158
25,168.0,157.06965650049136
26,184.0,161.26102011560496
27,175.0,165.18493477233875
28,172.0,166.04774036589873
29,165.0,164.30535437804298
30,181.0,163.15783456634455
31,199.0,166.74852364788444
32,218.0,172.0174643115761
33,238.0,176.284072055877
34,216.0,187.34181790435406
35,195.0,187.63263806178787
36,192.0,184.99229875399473
37,196.0,181.18944481426598
38,214.0,180.7239936908283
39,234.0,183.01881288320368
40,212.0,188.50692260079222
41,191.0,182.0504814488785
42,173.0,180.97673990007445
43,178.0,171.76748451164974
44,195.0,167.65204836189008
