,y_actual,y_predict
0,108.0,86.62558777336557
1,103.0,90.94208181321855
2,103.0,94.81954648737127
3,113.0,97.29602839533614
4,106.0,100.02636510944983
5,116.0,102.66544392958951
6,113.0,104.69776662867577
7,124.0,107.2164696878437
8,120.0,109.51349525697482
9,124.0,112.32087512631601
10,136.0,114.70527335274525
11,146.0,117.37078450549922
12,142.0,121.32275727588154
13,139.0,124.76614883808294
14,135.0,126.48267000095404
15,122.0,126.62584270480278
16,114.0,125.26735111781932
17,125.0,122.16972903362878
18,137.0,119.9345391879556
19,150.0,120.64973865874704
20,139.0,123.63888388187215
21,140.0,126.09302235042072
22,154.0,127.24881383620074
23,159.0,128.60973291980844
24,167.0,130.36866501121517
25,168.0,132.44065875012456
26,184.0,134.07333070780675
27,175.0,135.71982644592447
28,172.0,136.85148900101407
29,165.0,136.90366226841417
30,181.0,136.67443880454934
31,199.0,137.02417466325323
32,218.0,138.27944666903392
33,238.0,139.6205655361358
34,216.0,141.31357221978894
35,195.0,141.85299999404032
36,192.0,141.56774020912368
37,196.0,141.22332224881336
38,214.0,141.16331816937466
39,234.0,141.63961725445765
40,212.0,142.4453091703483
41,191.0,142.3742807844471
42,173.0,141.64432621215434
43,178.0,140.56045034713705
44,195.0,139.98031998476665
