,y_actual,y_predict
0,53.0,52.82185589852598
1,58.0,52.51797075512509
2,54.0,52.96964229206855
3,52.0,53.635196947631854
4,56.0,54.615380374539484
5,61.0,55.7924703476678
6,66.0,57.46108460616112
7,70.0,59.66563949317199
8,64.0,62.08885538406885
9,63.0,63.83265916479327
10,65.0,64.89926517087557
11,67.0,64.88768819085082
12,70.0,65.01381536696593
13,75.0,65.03078664824078
14,82.0,66.20644801780114
15,90.0,68.66677982306207
16,87.0,73.06426499694011
17,89.0,77.91913149229964
18,89.0,81.92189813008608
19,83.0,84.48842379265065
20,75.0,85.70277816231943
21,68.0,84.50646189686768
22,62.0,81.29967183023581
23,56.0,76.85499313432476
24,56.0,71.67182494097263
25,59.0,66.92440861424885
26,63.0,63.60050050275227
27,65.0,61.71995025939097
28,69.0,61.35061126251837
29,65.0,61.98717055677656
30,65.0,63.213298670155936
31,63.0,63.89492511585871
32,64.0,63.97613329201035
33,64.0,64.13001506077617
34,64.0,64.32238975901186
35,63.0,64.29806910604854
36,63.0,64.14848108467305
37,62.0,63.84272552882301
38,61.0,63.42516057928336
39,61.0,62.8902411377607
40,63.0,62.44823383939823
41,62.0,62.30831270216589
42,62.0,62.372515204734555
43,62.0,62.397335868946655
44,59.0,62.381401648039656
45,62.0,62.10657271387363
46,61.0,61.85048229650726
47,59.0,61.67411060379482
48,57.0,61.34442329261941
49,56.0,60.88541032067397
50,58.0,60.391079093854145
51,57.0,59.83949261070536
52,57.0,59.30748593312403
53,60.0,58.96022415250063
54,59.0,58.90233131569042
55,58.0,58.99538367364525
56,58.0,59.02631558645359
57,58.0,59.05419981165031
58,56.0,58.97840974680824
59,56.0,58.78579959354007
60,57.0,58.574625530575
61,57.0,58.378634348862676
62,57.0,58.25395694081283
63,57.0,58.122247628534055
64,58.0,58.07268037585042
65,54.0,58.12985097419016
66,55.0,58.04072992160937
67,57.0,57.804449473718606
68,56.0,57.66360768085359
69,61.0,57.59105049297456
70,65.0,57.725574683394626
71,62.0,58.46500401679408
72,63.0,59.58789700345372
73,58.0,60.55852730539121
74,60.0,61.21842574905028
75,61.0,61.43502850557358
