,y_actual,y_predict
0,53.0,56.49528510073305
1,58.0,56.64702925527128
2,54.0,56.98596280620594
3,52.0,57.4371211040898
4,56.0,57.60007979663645
5,61.0,57.620990319971824
6,66.0,58.14284862109638
7,70.0,59.346970948404945
8,64.0,61.29267874227572
9,63.0,63.158329179535706
10,65.0,64.33955945744893
11,67.0,65.13148203528415
12,70.0,65.7962774145067
13,75.0,66.5357821464278
14,82.0,67.67310535190485
15,90.0,69.54194236879002
16,87.0,72.63774217391696
17,89.0,75.89113018039991
18,89.0,78.53165453152701
19,83.0,80.53144224574075
20,75.0,81.68845901595824
21,68.0,81.21983934640888
22,62.0,79.33097343977911
23,56.0,76.21933200842088
24,56.0,72.42406805470797
25,59.0,68.73475754283716
26,63.0,65.90617142119041
27,65.0,64.27107908086288
28,69.0,63.76953605158705
29,65.0,64.08409339275299
30,65.0,64.81989036930281
31,63.0,65.2851706780121
32,64.0,65.50157766293533
33,64.0,65.60390271627104
34,64.0,65.7327124924193
35,63.0,65.78294378120582
36,63.0,65.7280801130721
37,62.0,65.54929037654279
38,61.0,65.23367216494955
39,61.0,64.80494294308255
40,63.0,64.4294583053056
41,62.0,64.29303460125259
42,62.0,64.20743214634842
43,62.0,64.14663183672121
44,59.0,64.06880468901372
45,62.0,63.7773219410324
46,61.0,63.521948471012166
47,59.0,63.35906649976823
48,57.0,63.054287156356295
49,56.0,62.720631501936566
50,58.0,62.28997101969067
51,57.0,61.78480092468954
52,57.0,61.280572649818396
53,60.0,60.948705395420774
54,59.0,60.869579276691326
55,58.0,60.91150879141074
56,58.0,60.897400008396126
57,58.0,60.880531904045625
58,56.0,60.77675179152034
59,56.0,60.5891496874265
60,57.0,60.39745489866668
61,57.0,60.237787285450636
62,57.0,60.14390951210099
63,57.0,60.03902090902946
64,58.0,59.99114417056789
65,54.0,60.032589547411504
66,55.0,59.956677786709946
67,57.0,59.7342997679851
68,56.0,59.6213845293114
69,61.0,59.53963665847854
70,65.0,59.722571990917075
71,62.0,60.42275440963026
72,63.0,61.362825823024366
73,58.0,62.15400235232967
74,60.0,62.72569775347847
75,61.0,62.93151719862588
