,y_actual,y_predict
0,127.0,125.90825209903257
1,127.0,126.27657805432383
2,126.0,125.62171891791257
3,118.0,124.92676977171132
4,120.0,124.33448901357704
5,117.0,124.09356393996799
6,128.0,123.00010286501941
7,140.0,123.36887710685401
8,154.0,127.4084591707231
9,169.0,137.56223730099066
10,163.0,152.76335826519045
11,149.0,165.19648457873407
12,139.0,169.9707362650925
13,133.0,166.25198264911322
14,120.0,154.8838572729436
15,129.0,142.7355807101223
16,125.0,133.36254348880038
17,121.0,126.98894239231986
18,121.0,123.0340582148157
19,117.0,120.61252873529689
20,116.0,118.77143474876318
21,115.0,117.5144810136747
22,119.0,115.92111044022083
23,120.0,115.20887062626461
24,117.0,115.77152408636469
25,115.0,115.96427653034561
26,116.0,116.47259173808963
27,115.0,116.81027400994068
28,113.0,116.7896057117437
29,114.0,116.44357292509322
30,109.0,115.84624120266304
31,118.0,114.40118751096213
32,111.0,114.18682846331667
33,111.0,114.13764348690003
34,120.0,113.88735959032053
35,121.0,114.70208201593839
36,118.0,116.37142571573541
37,119.0,117.92213098763541
38,115.0,118.77360617877633
39,116.0,119.00369968023057
40,117.0,118.33574330724285
41,115.0,118.06873953418277
42,116.0,116.98578021095923
43,112.0,116.07823150813991
44,116.0,115.42586150631905
45,116.0,115.3541114276828
46,123.0,115.70467419697073
47,122.0,117.04088445443587
48,124.0,118.89538530488826
49,120.0,120.22598188401813
50,116.0,121.09295998156406
51,123.0,121.03976331175676
52,120.0,121.04283266106236
53,120.0,120.84530926359938
54,120.0,120.43181675631132
55,112.0,119.96911100228407
56,116.0,118.92749904510117
57,116.0,117.70809772180222
58,115.0,116.2818545642449
59,115.0,115.80167236605735
60,115.0,115.53375721164642
61,115.0,115.2568844036041
62,113.0,115.26104417963671
63,113.0,114.8510733468151
64,114.0,114.66001173736393
65,114.0,114.19209482054632
66,114.0,114.0913770847354
67,114.0,113.93964353257118
68,119.0,113.57432365491124
69,121.0,114.55266528401756
70,122.0,116.3258445323412
71,122.0,118.61572315835419
72,121.0,120.51582673149416
73,121.0,121.59670616670138
74,122.0,122.04607371330758
75,122.0,122.22540313889978
76,130.0,122.38622358045563
77,138.0,123.68765999497631
78,148.0,126.76882158369719
79,146.0,132.30503183104236
80,140.0,138.90011811576014
81,137.0,142.8895886770461
82,137.0,144.0184428496236
83,137.0,143.22655813290712
84,137.0,141.88164936643398
85,137.0,140.5829888283467
