,y_actual,y_predict
0,157.0,168.37626376094815
1,157.0,159.74931486749261
2,154.0,147.60657724604383
3,144.0,137.56928318114518
4,134.0,129.48654496518972
5,125.0,128.26178394947647
6,123.0,124.24534285547944
7,144.0,119.40171226033044
8,134.0,117.5761576767645
9,128.0,116.84667397433094
10,122.0,117.08468903357866
11,124.0,118.0990183444425
12,123.0,118.78853783251057
13,118.0,109.31950807426836
14,111.0,104.94273460344496
15,106.0,101.77333100968076
16,103.0,99.89274918974422
17,96.0,97.81190642340616
18,90.0,95.17770144269454
19,84.0,92.01262149413552
20,79.0,88.31107695204201
21,74.00000000000003,84.31607169705228
22,69.0,79.51780182628909
23,69.0,74.66066386311698
24,65.0,71.2675786840359
25,61.00000000000003,68.861142903587
26,56.99999999999997,67.00122445999082
27,54.0,65.36461209902623
28,51.0,63.924441285721116
29,50.0,62.14181202341052
30,50.0,60.35918276109993
31,62.0,59.16832427354635
32,57.99999999999997,104.24320528665123
33,54.0,169.36037046996836
34,51.0,200.17083786042068
35,50.0,207.81445250752293
36,57.99999999999997,215.1753029039363
37,56.99999999999997,167.24794256347144
38,54.0,142.71645941845307
39,53.0,152.8278991707288
40,52.0,160.74621012510977
41,51.0,144.1715859672818
42,50.0,100.22047720483727
43,51.0,78.41418870550598
44,51.0,75.49483771421578
45,53.0,69.63457114885031
46,52.0,67.9680473168385
47,51.0,68.11616703322224
48,50.0,67.63902113531907
49,50.0,67.98995521636448
50,50.0,68.35082402559843
51,50.0,63.78095634533892
52,50.0,63.71160636368569
53,50.0,62.604195301456826
54,50.0,62.652838992177095
55,50.0,61.30538515619983
56,50.0,60.87098219253343
57,50.0,58.80584616708961
58,50.0,57.772999209515774
59,50.0,57.4526203184067
60,50.0,57.385673553939455
61,50.0,57.3674992239703
62,50.0,57.39610179994301
