,y_actual,y_predict
0,55.0,58.839997591047855
1,56.0,58.441312100609245
2,57.0,58.11686862539117
3,56.0,57.95003472533545
4,55.0,57.90017979142357
5,55.0,57.82208244419248
6,54.0,57.675481047619414
7,55.0,57.49715959460987
8,53.0,57.3205580787143
9,54.0,57.074644840304984
10,54.0,56.86771490627969
11,55.0,56.75203170356969
12,55.0,56.66894305234906
13,55.0,56.66861765884101
14,56.0,56.695567214025544
15,56.0,56.78657571080817
16,55.0,56.92540252677819
17,56.0,56.99353469782526
18,55.0,57.08621374163582
19,54.0,57.07971168207319
20,54.0,57.00795369765071
21,53.0,56.86516986419887
22,53.0,56.635790683417326
23,52.0,56.386178999153124
24,53.0,56.10809828823376
25,56.0,55.92445142182908
26,55.0,55.94312959025097
27,55.0,56.09690417049702
28,53.0,56.30238436023199
29,55.0,56.36772163346885
30,55.0,56.39908724340548
31,55.0,56.4755750548914
32,55.0,56.54639753297823
33,58.0,56.6674555391694
34,56.0,56.94084709721383
35,56.0,57.224566993839666
36,56.0,57.39021553183035
37,55.0,57.47576206615643
38,55.0,57.48334489701365
39,54.0,57.41794080189568
40,54.0,57.29475611670547
41,55.0,57.21405852670917
42,56.0,57.17626930028773
43,56.0,57.200575033219366
44,56.0,57.24533116707208
45,55.0,57.272147078494385
46,54.0,57.230214895443666
47,54.0,57.08650427155372
48,54.0,56.91909512226056
49,54.0,56.7392106182927
50,54.0,56.57303331585143
51,54.0,56.484935928846184
52,53.0,56.44571729522867
53,56.0,56.354920885286106
54,54.0,56.43085378462883
55,53.0,56.51737940477823
56,53.0,56.50153390305589
57,54.0,56.41791939268386
58,53.0,56.32759073590912
59,52.0,56.15786896846946
60,52.0,55.96411166092181
61,52.0,55.76903534754689
62,52.0,55.62703885017256
63,51.0,55.49357231118782
64,50.0,55.293208353307094
65,50.0,55.019290936111254
66,50.0,54.75734335153296
67,50.0,54.53711005256695
68,50.0,54.3623621175476
69,50.0,54.22766082641178
