,y_actual,y_predict
0,55.0,52.40334793412999
1,56.0,51.56639515723788
2,57.0,51.13711977174343
3,56.0,51.03666905262901
4,55.0,51.33102815484839
5,55.0,51.5375135780993
6,54.0,51.485996813057014
7,55.0,51.487864920429125
8,53.0,51.1933867009434
9,54.0,50.691647343325975
10,54.0,50.32774699995771
11,55.0,50.13855972801865
12,55.0,49.97777756615282
13,55.0,50.00908797540505
14,56.0,50.16685443672307
15,56.0,50.43521692188863
16,55.0,50.70717326213863
17,56.0,50.98901052489646
18,55.0,51.13252649374141
19,54.0,51.20594630929428
20,54.0,51.046666187103995
21,53.0,50.7409299332996
22,53.0,50.39602734126291
23,52.0,49.912536167788865
24,53.0,49.48065182363166
25,56.0,49.10367182335947
26,55.0,49.034261320673636
27,55.0,49.29218797118818
28,53.0,49.71359290120668
29,55.0,50.2077319961718
30,55.0,50.50887497197418
31,55.0,50.51314866706651
32,55.0,50.37573963709585
33,58.0,50.30395259968158
34,56.0,50.67944218147494
35,56.0,51.234819172535325
36,56.0,51.5335536553183
37,55.0,51.81108235939365
38,55.0,51.85904303824082
39,54.0,51.61017801586563
40,54.0,51.21119909020994
41,55.0,51.06847626804086
42,56.0,50.90649421761409
43,56.0,50.81495114578252
44,56.0,50.847961155054485
45,55.0,50.9439144710398
46,54.0,51.01741563496968
47,54.0,50.959091753950965
48,54.0,50.76825136677905
49,54.0,50.426625952216284
50,54.0,50.11104654479338
51,54.0,49.87806769832904
52,53.0,49.84585955163049
53,56.0,49.75154191908297
54,54.0,49.91582496645951
55,53.0,50.10954450511783
56,53.0,50.175796947596076
57,54.0,50.10158689066651
58,53.0,50.11530280809064
59,52.0,49.744278671135426
60,52.0,49.31946873047912
61,52.0,49.01171038844613
62,52.0,48.83699441171774
63,51.0,48.60242636660248
64,50.0,48.336056916673726
65,50.0,48.02363847475759
66,50.0,47.6860310889594
67,50.0,47.22729887508893
68,50.0,46.896562521849106
69,50.0,46.686956807279934
