,y_actual,y_predict
0,3500.0,3548.229316204298
1,3530.0,3535.731505289495
2,3540.0,3541.6600376841884
3,3540.0,3549.9445246510018
4,3540.0,3550.5640030112936
5,3540.0,3545.323560815627
6,3540.0,3539.925404575704
7,3540.0,3537.9841842943442
8,3530.0,3537.8067933199727
9,3530.0,3534.3425570247005
10,3540.0,3536.5782207877833
11,3530.0,3547.6332061291428
12,3530.0,3553.9802980262857
13,3490.0,3558.4751637325894
14,3600.0,3538.3378078680803
15,3620.0,3567.495167345374
16,3690.0,3590.280038197043
17,3680.0,3636.5417570910968
18,3500.0,3633.5389298768578
19,3580.0,3566.613129131879
20,3570.0,3560.533977096304
21,3540.0,3548.752036787357
22,3540.0,3542.2710882227643
23,3500.0,3543.925808900781
24,3520.0,3524.955847923103
25,3530.0,3521.364231563752
26,3530.0,3525.5359029206643
27,3500.0,3527.8461196991834
28,3540.0,3519.6656239179783
29,3530.0,3526.176718548581
30,3530.0,3527.6642676939528
31,3530.0,3528.6397069713275
32,3530.0,3528.7966642105794
33,3480.0,3528.2349681697924
34,3480.0,3512.3206666033298
35,3480.0,3497.9676865816286
36,3480.0,3488.5761487053287
37,3480.0,3483.977815294344
38,3470.0,3483.0379246153025
39,3470.0,3478.865104536508
40,3470.0,3474.9771829293813
41,3450.0,3472.9706779197227
42,3450.0,3464.839773459641
43,3450.0,3457.841584712855
44,3450.0,3453.8934128039173
45,3450.0,3452.335256840632
46,3450.0,3452.4471841821205
47,3450.0,3452.6166827614456
48,3450.0,3452.5772130637147
49,3450.0,3452.595296584654
50,3460.0,3452.6379762682373
51,3600.0,3457.7446724856213
52,3600.0,3529.994228330921
53,3600.0,3567.8043762471834
54,3460.0,3583.127963191856
55,3450.0,3543.612507073947
56,3450.0,3497.651008735192
57,3450.0,3464.7151683472453
58,3450.0,3450.6508457241084
59,3450.0,3452.6056936438813
60,3490.0,3453.1932060023196
61,3390.0,3473.037063104278
62,3450.0,3437.528343761483
63,3450.0,3435.0732580304493
64,3450.0,3445.0991636091203
65,3450.0,3440.450172246915
66,3450.0,3450.244742614232
67,3450.0,3451.165805194622
68,3450.0,3453.0232209054916
69,3470.0,3454.540607216871
70,3470.0,3462.0345470023917
71,3450.0,3476.042171030197
72,3450.0,3469.531008184177
73,3500.0,3465.6838015279136
74,3490.0,3480.672118063749
75,3580.0,3487.9134191562293
76,3580.0,3528.25843684743
77,3580.0,3546.9447658434474
78,3580.0,3558.9625616004414
79,3380.0,3564.086126332091
80,3390.0,3507.092055277732
81,3390.0,3459.461376523167
82,3390.0,3411.1711936905763
83,3420.0,3388.857766021666
84,3420.0,3408.1814432430806
85,3420.0,3423.463333835842
