,y_actual,y_predict
0,3500.0,3542.894762474747
1,3530.0,3541.390254719276
2,3540.0,3549.647893127599
3,3540.0,3558.435737795692
4,3540.0,3563.67527903302
5,3540.0,3566.220244367913
6,3540.0,3587.653348218338
7,3540.0,3578.8352931300687
8,3530.0,3566.750656561017
9,3530.0,3552.8623992164107
10,3540.0,3542.951800860081
11,3530.0,3539.5903870787433
12,3530.0,3536.2273721657302
13,3490.0,3528.0495715370407
14,3600.0,3520.149047272474
15,3620.0,3541.4950181548893
16,3690.0,3565.142518003273
17,3680.0,3588.6827368810286
18,3500.0,3586.3233380738884
19,3580.0,3543.2600161335513
20,3570.0,3536.745845373764
21,3540.0,3533.5461613367065
22,3540.0,3528.5283613915094
23,3500.0,3527.969921671575
24,3520.0,3522.1341081865908
25,3530.0,3522.5643827216086
26,3530.0,3527.7210872751184
27,3500.0,3531.4624454845125
28,3540.0,3526.3172680494035
29,3530.0,3529.061587148796
30,3530.0,3529.691907899152
31,3530.0,3529.2729699942
32,3530.0,3528.039645550316
33,3480.0,3526.407070428262
34,3480.0,3513.711995972305
35,3480.0,3500.8146756755805
36,3480.0,3491.5263875846636
37,3480.0,3484.955817798192
38,3470.0,3481.0216390593364
39,3470.0,3475.6017941780365
40,3470.0,3469.7146402256685
41,3450.0,3465.923363775982
42,3450.0,3458.374977790976
43,3450.0,3450.5711289303085
44,3450.0,3446.0951344399487
45,3450.0,3442.939787849817
46,3450.0,3441.05768588047
47,3450.0,3440.3831100565226
48,3450.0,3440.2454642157168
49,3450.0,3440.5004972055426
50,3460.0,3440.815585504053
51,3600.0,3444.5555099026055
52,3600.0,3491.087895666056
53,3600.0,3527.973219179094
54,3460.0,3547.556660708695
55,3450.0,3525.323127451086
56,3450.0,3497.100142213635
57,3450.0,3475.8787371875737
58,3450.0,3462.127541347936
59,3450.0,3454.0669322315994
60,3490.0,3449.357659034041
61,3390.0,3460.072962488413
62,3450.0,3435.9372410388387
63,3450.0,3422.9880551447277
64,3450.0,3425.471322852593
65,3450.0,3417.864135178076
66,3450.0,3423.266523348024
67,3450.0,3431.2650615831644
68,3450.0,3438.475323052025
69,3470.0,3443.9845700292644
70,3470.0,3447.597814537076
71,3450.0,3458.561633191235
72,3450.0,3452.26647253273
73,3500.0,3452.499650847428
74,3490.0,3469.95188057539
75,3580.0,3484.377362966995
76,3580.0,3507.576692351818
77,3580.0,3530.6546642572857
78,3580.0,3547.090695352635
79,3380.0,3557.1809602466824
80,3390.0,3525.337800201172
81,3390.0,3487.5846041138884
82,3390.0,3455.4032722519196
83,3420.0,3430.804985920472
84,3420.0,3424.5467130705156
85,3420.0,3424.1606292549227
