,y_actual,y_predict
0,6775.0,6792.752271426087
1,6800.0,6770.525730703872
2,6625.0,6750.229737463347
3,6575.0,6733.502147211715
4,6575.0,6696.129406584999
5,6550.0,6652.213171003767
6,6550.0,6615.219466484004
7,6925.0,6587.590319732808
8,7075.0,6585.16426912932
9,7100.0,6645.3139333452655
10,7125.0,6734.841822769918
11,7000.0,6827.301876003934
12,7025.0,6897.133790735748
13,7025.0,6931.887547965796
14,6975.0,6928.408416029119
15,6975.0,6913.52576085664
16,7000.0,6895.254708259573
17,7050.0,6897.521851511916
18,6975.0,6907.030682032903
19,6975.0,6911.736437252639
20,7100.0,6913.16526190807
21,7000.0,6918.078340609731
22,6950.0,6922.905562998876
23,6750.0,6925.092215958237
24,6850.0,6897.205500269496
25,6825.0,6864.8432803809455
26,6750.0,6827.71335213806
27,6825.0,6782.907576864381
28,6750.0,6756.470174269284
29,6725.0,6761.169831739551
30,6775.0,6751.063665680642
31,6725.0,6740.700174594167
32,6725.0,6734.976095213211
33,6725.0,6721.0079805059995
34,6725.0,6714.26082071924
35,6775.0,6716.829802570268
36,6700.0,6715.455003975127
37,6700.0,6712.920291476112
38,6725.0,6710.980719325211
39,6600.0,6702.151787869947
40,6625.0,6690.892659341556
41,6600.0,6673.613588628004
42,6500.0,6654.993866716336
43,6425.0,6628.820252763241
44,6375.0,6602.418339070051
45,6500.0,6556.0787358950965
46,6525.0,6529.919390675757
47,6550.0,6519.020883050926
48,6400.0,6526.921493127124
49,6400.0,6528.0132341919425
50,6550.0,6532.628498809569
51,6500.0,6516.841181525961
52,6525.0,6506.58866947981
53,6525.0,6496.343230823042
54,6425.0,6501.270822168438
55,6450.0,6513.356073794805
56,6525.0,6515.371745859071
57,6450.0,6503.38576559405
58,6500.0,6496.502016219199
59,6475.0,6490.655615983907
60,6500.0,6486.390118275788
61,6500.0,6488.122854764722
62,6500.0,6490.063890375496
63,6500.0,6492.2749343327305
64,6450.0,6500.015417507888
65,6400.0,6505.225578563648
66,6400.0,6501.9819417114395
67,6450.0,6489.055932388374
68,6400.0,6478.687928967292
69,6400.0,6459.291109863373
70,6425.0,6444.768831684475
71,6350.0,6439.944292305095
72,6375.0,6435.697697620328
73,6375.0,6427.821722451981
74,6375.0,6422.208744066341
75,6400.0,6422.947913256898
76,6375.0,6425.8962970798475
