,y_actual,y_predict
0,139.0,119.6456241381544
1,139.0,120.48734064749272
2,139.0,121.18044063949245
3,139.0,121.0990946946657
4,138.0,121.4652670077351
5,135.0,121.59245382850494
6,137.0,121.18996751710853
7,135.0,121.02566239102224
8,136.0,120.71949415283613
9,133.0,120.1226521421452
10,146.0,119.39366341758299
11,132.0,134.800931127324
12,119.0,145.8451985933123
13,108.0,159.5422068728071
14,98.0,167.68604720234148
15,104.0,172.77905852746636
16,108.0,181.624162897182
17,111.0,181.2617451723434
18,100.0,181.09026715332126
19,90.0,189.12977429115247
20,81.0,195.07615684879704
21,73.0,198.94686112312183
22,69.0,200.5671583543558
23,68.0,193.1050430965561
24,66.0,184.09662107248187
25,70.00000000000001,172.0291994232648
26,71.0,160.0175632818838
27,68.0,148.56177318480974
28,68.0,137.06774325952665
29,63.0,126.20968904017849
30,62.0,116.38361846893358
31,61.0,107.59998522542747
32,59.999999999999986,100.50891434717333
33,62.0,94.10758293688839
34,59.0,88.71662289120647
35,62.0,84.33342714609292
36,58.0,81.4366369419713
37,58.0,78.60045635420202
38,59.0,76.18076811333461
39,58.0,73.92717388823684
40,59.0,71.87755006667497
41,59.0,70.08704252441801
42,58.0,68.62892640167472
43,57.0,67.33653449838408
44,58.0,66.12034837111425
45,58.0,65.13095832504563
46,58.0,64.29255611519821
47,63.0,63.70492203279997
48,69.0,64.36685744018656
49,74.0,64.94085528339632
50,66.99999999999999,67.76296512130467
51,66.0,69.78145209297718
52,71.0,70.21988260638363
53,64.0,71.02970880583675
54,58.0,86.2165316861206
55,53.000000000000014,104.2658785193043
56,48.0,123.53389373753555
57,51.0,141.263637170092
58,47.0,142.56691726369058
59,46.0,145.65753389612806
60,46.0,140.80729464758204
61,48.0,132.73897922104496
62,47.0,123.4826399680027
63,47.0,115.40419905606143
64,48.0,107.48407719232537
65,46.0,100.10402898217053
66,47.0,93.39394538193463
67,47.0,87.54118831806736
68,46.0,82.88425084931251
69,46.0,82.00135289762497
70,46.0,79.48876257702533
71,46.0,76.93473657910853
72,46.0,74.47927978948164
73,46.0,72.2183451074919
74,46.0,70.41431226494156
75,46.0,68.88183934776235
76,45.0,67.56440298890455
77,47.0,66.50915221878255
78,45.0,65.42332853815458
79,45.0,64.4927730861168
80,45.0,63.381442704525426
81,45.0,62.43145445603058
82,44.0,61.53736092084661
83,44.0,61.10673310972835
84,42.999999999999986,60.91882111125713
85,42.0,60.76568845639747
86,40.0,60.912553063684385
87,39.0,60.86591250320582
88,39.0,60.640253545679286
