,y_actual,y_predict
0,139.0,130.74015616852762
1,139.0,131.3325929805926
2,139.0,131.77278464895863
3,139.0,131.75015080313275
4,138.0,131.98590982256667
5,135.0,132.05157409232666
6,137.0,131.69714050109428
7,135.0,131.5016037648124
8,136.0,131.23040901330427
9,133.0,130.7460544197834
10,146.0,130.15230020833923
11,132.0,140.68938046946036
12,119.0,153.98295714572347
13,108.0,158.84971415569666
14,98.0,170.56488227853123
15,104.0,178.47372593240624
16,108.0,182.72814588820046
17,111.0,186.81101733254962
18,100.0,189.2395021033071
19,90.0,190.50148750443438
20,81.0,192.890949518843
21,73.0,194.9283423272209
22,69.0,197.94176397848966
23,68.0,197.07125420342084
24,66.0,193.30926311260598
25,70.00000000000001,186.29864488995037
26,71.0,178.1008221707544
27,68.0,169.24078944151617
28,68.0,159.49020542134585
29,63.0,149.40523582613227
30,62.0,139.50956612119205
31,61.0,129.25540777728114
32,59.999999999999986,120.94640579538641
33,62.0,113.28019532779385
34,59.0,106.48418955330862
35,62.0,100.53226698459034
36,58.0,96.5840950043131
37,58.0,93.45911736034763
38,59.0,90.25890927814743
39,58.0,86.95664203491587
40,59.0,83.8549846711897
41,59.0,81.0680332181178
42,58.0,78.51673446803872
43,57.0,76.98864363721567
44,58.0,75.81772982405158
45,58.0,75.1140351675705
46,58.0,74.54724835254177
47,63.0,74.13477754058702
48,69.0,75.42225115286188
49,74.0,76.89988327623357
50,66.99999999999999,81.95314070279926
51,66.0,86.12787301912567
52,71.0,87.51176177614401
53,64.0,88.6561427035651
54,58.0,104.21278039064055
55,53.000000000000014,121.35897367887438
56,48.0,136.87411559673117
57,51.0,147.5861788525913
58,47.0,155.5737538757707
59,46.0,161.41571982086322
60,46.0,161.9939038739425
61,48.0,158.89598029740426
62,47.0,153.24928471968406
63,47.0,146.95232485302506
64,48.0,139.84936040072617
65,46.0,132.21607336147935
66,47.0,124.36743312581473
67,47.0,116.75019293549768
68,46.0,109.76169893311865
69,46.0,107.31478443841388
70,46.0,104.1470259830283
71,46.0,100.40949922980836
72,46.0,96.48008054525575
73,46.0,92.47544528983026
74,46.0,88.1767295133298
75,46.0,84.62343990768115
76,45.0,81.52474091449078
77,47.0,78.44136997863906
78,45.0,76.6406283233098
79,45.0,75.01548444909646
80,45.0,74.0047386657225
81,45.0,73.17128248161464
82,44.0,72.48690968269554
83,44.0,71.82140574085012
84,42.999999999999986,71.58606736472676
85,42.0,71.43646626469422
86,40.0,71.67647331931941
87,39.0,71.79961549287233
88,39.0,71.5691029586855
