,y_actual,y_predict
0,139.0,126.02758284388378
1,139.0,127.0138666008898
2,139.0,127.6918188112554
3,139.0,127.4533649011615
4,138.0,127.66323817840714
5,135.0,127.85382657772249
6,137.0,127.3976458411012
7,135.0,126.93614003751546
8,136.0,126.13995007725082
9,133.0,125.32741974222981
10,146.0,124.37882747483155
11,132.0,125.35184941142003
12,119.0,134.96360452716164
13,108.0,135.50710110790183
14,98.0,144.49088891919806
15,104.0,149.0493923864414
16,108.0,153.81361816727235
17,111.0,153.82754562106047
18,100.0,153.8806321935893
19,90.0,157.032053741059
20,81.0,160.7200341436784
21,73.0,162.1991211844347
22,69.0,164.4818865608744
23,68.0,158.39662179612884
24,66.0,152.31673121192114
25,70.00000000000001,143.53036840935033
26,71.0,132.5807826678697
27,68.0,123.53752698634983
28,68.0,113.59050990718404
29,63.0,100.98969116132746
30,62.0,89.31219834951177
31,61.0,78.85304572851231
32,59.999999999999986,71.00165051028621
33,62.0,67.79252109193897
34,59.0,65.3938557716916
35,62.0,64.14073623726381
36,58.0,63.4784495233761
37,58.0,63.18108705998797
38,59.0,62.86055685734131
39,58.0,62.39195096446964
40,59.0,61.889730586384886
41,59.0,61.39691227965922
42,58.0,60.7334884420968
43,57.0,60.41361462791278
44,58.0,60.139512352862425
45,58.0,59.83998658102
46,58.0,59.19389694581582
47,63.0,59.015923223363316
48,69.0,59.24084258825589
49,74.0,60.53339165498123
50,66.99999999999999,63.8059318967819
51,66.0,67.06841367876082
52,71.0,68.40546773223419
53,64.0,69.2379162213783
54,58.0,82.28359993655671
55,53.000000000000014,99.14672801150749
56,48.0,115.93058562346056
57,51.0,128.6739261811066
58,47.0,130.95303635207569
59,46.0,132.5153656993967
60,46.0,127.92935285301081
61,48.0,121.23997322407158
62,47.0,113.79189173650111
63,47.0,106.72693310067942
64,48.0,96.83626835776678
65,46.0,87.44312757971332
66,47.0,77.57978153971726
67,47.0,67.5981931273682
68,46.0,64.09672123063578
69,46.0,61.95311367511452
70,46.0,61.786280066710916
71,46.0,61.08222485882078
72,46.0,60.142387519226915
73,46.0,58.94360955357871
74,46.0,58.070474224659336
75,46.0,57.52143763284545
76,45.0,57.23578846779752
77,47.0,56.96176015201057
78,45.0,56.614706308528824
79,45.0,55.369204578230736
80,45.0,55.40715492526037
81,45.0,55.279519726456186
82,44.0,55.132322302483985
83,44.0,54.95819446172804
84,42.999999999999986,54.63342084634408
85,42.0,54.49859310917472
86,40.0,54.42648282736445
87,39.0,54.52714138484525
88,39.0,54.545011791863104
