,y_actual,y_predict
0,760.0,765.0911880517076
1,755.0,759.8223969394178
2,765.0,757.3535821084029
3,760.0,760.9287757222411
4,765.0,760.8970278290922
5,770.0,766.4619478849698
6,765.0,767.3920375767157
7,760.0,764.8152350084896
8,800.0,760.3288321630282
9,755.0,788.2320325968125
10,745.0,763.0888237355302
11,720.0,741.5873294964761
12,720.0,718.0569806545325
13,705.0,710.0856281427649
14,695.0,705.5672984088981
15,695.0,697.068559127038
16,700.0,693.1689057667016
17,700.0,696.2426851255694
18,695.0,698.4782650920754
19,690.0,695.1407417845296
20,690.0,690.3150013495425
21,695.0,690.8948205832899
22,695.0,694.568236074489
23,700.0,696.977358515592
24,695.0,700.2368277559656
25,690.0,696.0834744067764
26,680.0,690.7201090775254
27,680.0,683.3059677884446
28,680.0,685.1596831172441
29,675.0,683.5253451840161
30,680.0,680.8179296758833
31,675.0,681.8591400274681
32,675.0,678.8433349063031
33,665.0,677.9359887361511
34,670.0,672.006161062135
35,665.0,675.8459632627554
36,665.0,671.4593133614266
37,670.0,670.6205557465695
38,675.0,675.2434308455931
39,700.0,679.0926742875475
40,700.0,698.836118072302
41,710.0,702.0930712663562
42,710.0,708.8518391204747
43,715.0,709.3982904023096
44,715.0,712.3247516085892
45,715.0,714.813372214189
46,705.0,712.8218811013988
47,700.0,705.820889180306
48,695.0,700.7363034012919
49,690.0,693.182841103632
50,700.0,690.7341698122626
51,690.0,695.520862988211
52,685.0,691.659993956028
53,695.0,685.6838944912581
54,710.0,694.583947206169
55,730.0,710.4985307602296
56,720.0,727.4710268447386
57,720.0,721.200881658012
58,705.0,713.5896595124484
59,695.0,703.392148050056
60,720.0,694.0579802628581
61,720.0,713.7545616736393
62,760.0,717.8091339116995
63,745.0,751.8615323361629
64,745.0,744.403336471584
65,720.0,738.738085529262
