,y_actual,y_predict
0,1455.0,1468.2217204486833
1,1450.0,1474.884328942699
2,1500.0,1476.069895309167
3,1515.0,1484.2159253642053
4,1500.0,1496.0323836649493
5,1490.0,1504.0424186142413
6,1545.0,1500.4095641750985
7,1610.0,1516.3929240327875
8,1610.0,1546.0120726231764
9,1560.0,1572.775132044965
10,1535.0,1579.1645986399303
11,1565.0,1575.222276156695
12,1530.0,1576.0539865211258
13,1500.0,1555.5026499145974
14,1500.0,1529.3974920100225
15,1485.0,1511.6656784921443
16,1485.0,1493.5644132032214
17,1500.0,1477.9970045017108
18,1580.0,1480.380613849853
19,1620.0,1502.6291540202621
20,1620.0,1543.7514539087774
21,1615.0,1578.276023702349
22,1615.0,1597.6082510422975
23,1585.0,1611.0870263713268
24,1575.0,1601.2096020280449
25,1550.0,1584.5360214210605
26,1510.0,1561.1647298430478
27,1510.0,1543.7217499671906
28,1500.0,1521.154336304303
29,1480.0,1506.1884924036522
30,1480.0,1491.454761532816
31,1500.0,1485.5081188037038
32,1590.0,1492.122356420305
33,1590.0,1518.6135216045639
34,1550.0,1550.0129392239173
35,1550.0,1563.2252428443335
36,1530.0,1559.0089146963799
37,1485.0,1551.0197540840672
38,1465.0,1527.2405731627787
39,1495.0,1500.0169826789406
40,1495.0,1498.3717010291098
41,1485.0,1499.815533330344
42,1580.0,1497.2263477531906
43,1565.0,1517.2985343488235
44,1590.0,1535.2160094983644
45,1545.0,1558.3597947967921
