,y_actual,y_predict
0,1455.0,1440.0168441788862
1,1450.0,1449.6118891291674
2,1500.0,1453.2414324665824
3,1515.0,1465.6646861491763
4,1500.0,1481.3059948022924
5,1490.0,1494.1783106583425
6,1545.0,1500.6951347023733
7,1610.0,1510.6651019395974
8,1610.0,1521.5625135694681
9,1560.0,1538.0228160369008
10,1535.0,1551.86043801405
11,1565.0,1559.8580443351175
12,1530.0,1566.279134350932
13,1500.0,1564.630829521263
14,1500.0,1557.9609749930314
15,1485.0,1548.4188116964315
16,1485.0,1538.203966892297
17,1500.0,1522.6543133739642
18,1580.0,1508.3358138545834
19,1620.0,1504.4064478563698
20,1620.0,1516.701528311212
21,1615.0,1534.2435533170128
22,1615.0,1547.476011469685
23,1585.0,1564.7453744462512
24,1575.0,1576.780701369899
25,1550.0,1582.7301273439418
26,1510.0,1582.7940460033824
27,1510.0,1576.914633035438
28,1500.0,1564.8673093664
29,1480.0,1548.4340235695865
30,1480.0,1529.6748567634502
31,1500.0,1515.1055772784268
32,1590.0,1506.8279189329642
33,1590.0,1506.8315179565814
34,1550.0,1519.0087423847076
35,1550.0,1529.8382524356684
36,1530.0,1537.7666615293235
37,1485.0,1541.3749466339066
38,1465.0,1540.917294790751
39,1495.0,1533.92885469193
40,1495.0,1527.9893140360887
41,1485.0,1523.3683596596052
42,1580.0,1516.8248068668445
43,1565.0,1514.2813528831198
44,1590.0,1517.4873631212695
45,1545.0,1529.3131788834182
