,y_actual,y_predict
0,27.0,26.956066237184345
1,27.0,26.773161718371238
2,26.0,26.634826973361722
3,27.0,26.458923928463836
4,28.0,26.313574014724594
5,28.0,26.203587535738556
6,28.0,26.155950123486054
7,28.0,26.13620562467477
8,28.0,26.197972661791876
9,28.0,26.294601561080977
10,28.0,26.37695361624956
11,27.0,26.454671688560314
12,27.0,26.455332463360136
13,28.0,26.43144870686499
14,27.0,26.42265663595336
15,27.0,26.398329509838643
16,27.0,26.36452557208709
17,27.0,26.3211523827008
18,27.0,26.257466359701304
19,27.0,26.183904663592543
20,27.0,26.13942732978686
21,27.0,26.106255065354308
22,27.0,26.07793761266346
23,26.0,26.028543840450805
24,27.0,25.93813067509475
25,27.0,25.868311087049236
26,27.0,25.816688483776037
27,27.0,25.78642294372198
28,27.0,25.770670483338645
29,27.0,25.745927377233365
30,26.0,25.72896634947004
31,27.0,25.68936094592419
32,26.0,25.683044212734174
33,27.0,25.64605794246223
34,27.0,25.640829947025292
35,26.0,25.6479615216783
36,27.0,25.634263283470577
37,26.0,25.593788259203716
38,26.0,25.526255705180382
39,26.0,25.46193458515826
40,26.0,25.374657532323646
41,26.0,25.24042780796173
42,26.0,25.127469554228306
43,26.0,25.038905188830306
44,25.0,24.976925882088384
45,24.0,24.87544730661302
46,24.0,24.726875687761687
47,25.0,24.543077582302192
48,25.0,24.359721134610453
49,25.0,24.20370980777977
50,24.0,24.080987151304925
