,y_actual,y_predict
0,27.0,27.663459897430826
1,27.0,27.657055859798348
2,26.0,27.619764879903688
3,27.0,27.508136735028973
4,28.0,27.36546244567347
5,28.0,27.23953349075285
6,28.0,27.167868526452907
7,28.0,27.12251301266715
8,28.0,27.139195008584952
9,28.0,27.219177860844322
10,28.0,27.272769093702482
11,27.0,27.310169632113176
12,27.0,27.290955807363925
13,28.0,27.26998391080271
14,27.0,27.239660167787015
15,27.0,27.22695137992721
16,27.0,27.229390768760755
17,27.0,27.223270898529236
18,27.0,27.185990189745453
19,27.0,27.163167781374376
20,27.0,27.13963666635271
21,27.0,27.11812724832221
22,27.0,27.059234410399153
23,26.0,26.986634775009303
24,27.0,26.89315397120433
25,27.0,26.816613652940926
26,27.0,26.755404679514864
27,27.0,26.710141605727006
28,27.0,26.672937930274813
29,27.0,26.61477091752047
30,26.0,26.588437501080904
31,27.0,26.56331778757676
32,26.0,26.551910007094847
33,27.0,26.503228365236406
34,27.0,26.48439628344146
35,26.0,26.481636778318883
36,27.0,26.475999650298633
37,26.0,26.407910744436073
38,26.0,26.374798394816978
39,26.0,26.348672112446785
40,26.0,26.27590471557926
41,26.0,26.11960408579218
42,26.0,25.995025781952027
43,26.0,25.880715165286322
44,25.0,25.828507108693074
45,24.0,25.765370590125556
46,24.0,25.653733885991777
47,25.0,25.476923559632997
48,25.0,25.287945390587325
49,25.0,25.135652205894505
50,24.0,25.0113169850118
