,y_actual,y_predict
0,27.0,28.056347007035264
1,27.0,28.01969454786686
2,26.0,27.957069872991433
3,27.0,27.849933627274062
4,28.0,27.74463248670024
5,28.0,27.677740165254974
6,28.0,27.665984878855017
7,28.0,27.681780135533682
8,28.0,27.72190080647525
9,28.0,27.79916694990737
10,28.0,27.87242051268979
11,27.0,27.933499385378067
12,27.0,27.961756923255457
13,28.0,27.94976026574987
14,27.0,27.944854098453774
15,27.0,27.92977781953658
16,27.0,27.921872487864086
17,27.0,27.90742788226589
18,27.0,27.86939738238801
19,27.0,27.832412823967882
20,27.0,27.79809875437605
21,27.0,27.76831938023689
22,27.0,27.715474514769202
23,26.0,27.655445007242303
24,27.0,27.572885818004348
25,27.0,27.50848766465064
26,27.0,27.459128129474248
27,27.0,27.417629417823203
28,27.0,27.383234891196164
29,27.0,27.34825491124907
30,26.0,27.3241708680918
31,27.0,27.29338492508659
32,26.0,27.285652490447212
33,27.0,27.2560768266738
34,27.0,27.243871323247024
35,26.0,27.241060462570058
36,27.0,27.229806748751315
37,26.0,27.195641610267216
38,26.0,27.143906024774363
39,26.0,27.095926242159255
40,26.0,27.022905491223405
41,26.0,26.89987812512584
42,26.0,26.798319092615266
43,26.0,26.704259682897497
44,25.0,26.650480146339905
45,24.0,26.575208310269943
46,24.0,26.46302894911144
47,25.0,26.31503251246928
48,25.0,26.14800370737005
49,25.0,25.988441999879182
50,24.0,25.853031097766287
