,y_actual,y_predict
0,114.00000000000001,117.90888916960556
1,110.0,117.78816829300804
2,109.0,114.94442709267028
3,105.0,111.82464148552708
4,101.0,109.48174609857372
5,101.0,106.91715659335304
6,101.0,104.86428841060737
7,100.0,104.24972674778411
8,100.0,102.88569532127516
9,93.0,104.36871681027822
10,94.0,105.20381417248072
11,91.0,103.89129831534848
12,85.0,102.66229764581948
13,80.0,101.09938613891006
14,81.0,99.31277713047979
15,81.0,97.2349143566662
16,81.0,95.41803654411274
17,82.0,93.91943772817913
18,83.0,92.63537809032164
19,88.0,91.74159659009374
20,89.0,91.68656487868026
21,89.0,92.09404212968377
22,90.0,92.72574839205092
23,90.0,93.42550154275082
24,90.0,94.06642064239276
25,90.0,94.64530300346254
26,90.0,95.07613943063316
27,89.0,95.31065792741464
28,91.0,95.39632641130399
29,91.0,95.59914511592405
30,101.0,95.98007413170382
31,97.0,98.1084712259536
32,101.0,99.38991419996975
33,100.0,100.42408244097783
34,96.0,101.82183067135921
35,94.0,102.25419348577063
36,94.0,102.05974265405993
37,94.0,101.53399764881016
38,92.0,100.93606270414548
39,90.0,100.21111053551502
40,90.0,99.41601269609575
41,90.0,99.14037714301551
42,90.0,98.38995338730436
43,89.0,97.98994453101471
44,90.0,97.74878897542732
45,88.0,97.25573863973696
46,88.0,96.89376680834951
47,87.0,96.25203000125717
48,85.0,95.62344465565911
49,83.0,94.98538753209368
50,83.0,94.44173473367962
51,80.0,93.83242002699657
52,79.0,93.02914511307304
53,81.0,92.15601072596837
54,80.0,91.75482982233311
55,78.0,91.26044389780705
56,73.0,90.62223686120905
57,68.0,89.90747877879386
58,64.0,88.85010127465125
59,60.0,87.24409658510453
60,56.0,85.78917697548104
61,58.0,83.64092321864348
62,58.0,81.28773834627228
