,y_actual,y_predict
0,114.00000000000001,96.69740799258781
1,110.0,98.5554982606426
2,109.0,100.80259921977887
3,105.0,102.87258474515338
4,101.0,104.05883294348274
5,101.0,104.82847282427883
6,101.0,105.1265544468732
7,100.0,105.1520532908689
8,100.0,105.0429574885249
9,93.0,104.81867396333124
10,94.0,104.16758803438907
11,91.0,103.33055543122057
12,85.0,102.20995551270272
13,80.0,100.74784007751549
14,81.0,98.93021269979917
15,81.0,97.18390304021727
16,81.0,95.66078662922845
17,82.0,94.38262811347153
18,83.0,93.35134910545491
19,88.0,92.6005573813911
20,89.0,92.10111529912993
21,89.0,92.09366053287357
22,90.0,92.43146910910102
23,90.0,92.86610787591613
24,90.0,93.29152017699894
25,90.0,93.72797152866247
26,90.0,94.16162904653706
27,89.0,94.42300923306493
28,91.0,94.57359006006041
29,91.0,94.89186905668024
30,101.0,95.22531652650542
31,97.0,94.52590408724322
32,101.0,95.12659198032429
33,100.0,96.04720791338357
34,96.0,96.71175875834274
35,94.0,97.61814658176465
36,94.0,98.23911361961626
37,94.0,98.66849180183362
38,92.0,98.93490088918159
39,90.0,98.91539856648899
40,90.0,98.536963558433
41,90.0,98.15296813971415
42,90.0,97.84921707879684
43,89.0,97.35350919389259
44,90.0,96.95698922272476
45,88.0,96.66802503820259
46,88.0,96.42868206746365
47,87.0,96.03806321839636
48,85.0,95.56421537933343
49,83.0,95.01684201201996
50,83.0,94.4206242530012
51,80.0,93.85027330633082
52,79.0,93.07647674599508
53,81.0,92.20755355226007
54,80.0,91.15306528110895
55,78.0,90.55721549044287
56,73.0,89.89951975960975
57,68.0,89.09275596056443
58,64.0,87.89492357335408
59,60.0,86.318179182075
60,56.0,84.00187291571791
61,58.0,81.81172528050365
62,58.0,79.92447011338376
