,y_actual,y_predict
0,114.00000000000001,106.40914221131993
1,110.0,106.51175086789058
2,109.0,105.3088350660301
3,105.0,103.9805374551047
4,101.0,102.95090749044644
5,101.0,101.76182457295565
6,101.0,100.76314483529592
7,100.0,99.85081500440094
8,100.0,99.11686805381584
9,93.0,98.50973390033391
10,94.0,97.83384417872887
11,91.0,96.9920552438904
12,85.0,96.35053649211818
13,80.0,95.13610464366423
14,81.0,94.07237627832333
15,81.0,92.65550732205955
16,81.0,90.9281957322425
17,82.0,89.37532839851576
18,83.0,88.02622013297707
19,88.0,87.01718276761201
20,89.0,86.47276677557755
21,89.0,86.3618447599276
22,90.0,86.5046982515166
23,90.0,86.7817647926351
24,90.0,87.10181548873084
25,90.0,87.50460455035196
26,90.0,87.90476331967417
27,89.0,88.21929449047957
28,91.0,88.4500787899041
29,91.0,88.82050026494593
30,101.0,89.232911017567
31,97.0,90.45384364025182
32,101.0,91.39131797524735
33,100.0,92.302993640182
34,96.0,93.38787337157385
35,94.0,93.99553903489854
36,94.0,94.20108343101998
37,94.0,94.1481777589776
38,92.0,94.01767164988999
39,90.0,93.7564141194797
40,90.0,93.3354992093742
41,90.0,92.83592084253797
42,90.0,92.4096226917172
43,89.0,92.04731014889208
44,90.0,91.67395855548622
45,88.0,91.3056903767305
46,88.0,91.05154690113886
47,87.0,90.50527743888347
48,85.0,89.94467083933063
49,83.0,89.3809978368387
50,83.0,88.76301543118117
51,80.0,88.15045715161142
52,79.0,87.38896708840457
53,81.0,86.53160082663553
54,80.0,85.89599682542135
55,78.0,85.33454526150308
56,73.0,84.65505762711618
57,68.0,83.87061724146744
58,64.0,82.85510635878651
59,60.0,81.46426775636121
60,56.0,79.95246296510325
61,58.0,78.04712283487149
62,58.0,76.03214176399547
