,y_actual,y_predict
0,228.0,201.27389904324906
1,226.0,202.5348225192891
2,224.0,205.00877481916916
3,218.0,206.27298802889572
4,220.0,207.31463624120158
5,220.0,207.92507535378797
6,218.0,207.3801406443116
7,216.0,205.91004090317045
8,208.0,204.63293484009915
9,199.0,203.43530245369618
10,196.0,201.2016700374564
11,194.0,198.10778435681394
12,202.0,193.9196872925369
13,197.0,189.68912605556432
14,202.0,186.82507423243646
15,200.0,186.72981709083854
16,198.0,186.12359899684253
17,197.0,187.04959855653803
18,197.0,187.51333006023884
19,206.0,187.1300156127194
20,199.0,187.5296335933615
21,199.0,187.97209067958252
22,198.0,188.43631806225812
23,198.0,188.796410860226
24,197.0,188.94368691574124
25,197.0,186.76971720639614
26,197.0,185.74403387815693
27,199.0,185.38080857642143
28,197.0,185.29672685367018
29,197.0,185.36647646458883
30,196.0,185.4323316113639
31,196.0,185.56365487742158
32,198.0,185.42657457741262
33,196.0,185.01495874450222
34,196.0,184.88281304502294
35,193.0,184.5640112426639
36,194.0,184.22086299210318
37,194.0,183.91201505306756
38,193.0,184.00326887903967
39,192.0,183.53632020930723
40,192.0,182.67463978102586
41,191.0,182.10251639019953
42,194.0,181.56237114594313
43,190.0,180.67223210235198
44,189.0,180.44624433054432
45,185.0,180.7331042701608
46,179.0,179.53305296192957
47,184.0,177.73827343838667
48,182.0,175.5825665888451
49,182.0,174.27079737597447
50,181.0,172.58485724009532
51,171.0,171.86715103903356
52,160.0,171.46423123009586
53,150.0,169.30563376896953
54,164.0,164.69518085886452
55,166.0,160.71469985510933
56,160.0,157.22787241807086
