,y_actual,y_predict
0,228.0,215.58008003384757
1,226.0,215.51648053167736
2,224.0,215.96906080574973
3,218.0,216.4399039396257
4,220.0,216.73988653016067
5,220.0,216.6889137999341
6,218.0,216.59016736359888
7,216.0,216.40763552243638
8,208.0,216.0764790768394
9,199.0,215.40762300209988
10,196.0,214.2877226686489
11,194.0,212.85760770532934
12,202.0,210.6718094682439
13,197.0,208.3052331083215
14,202.0,206.21236984787885
15,200.0,204.57073226528476
16,198.0,203.33702165981293
17,197.0,202.26443543732324
18,197.0,201.22196479159572
19,206.0,200.21137553556503
20,199.0,200.18046171459955
21,199.0,200.31590924237446
22,198.0,200.18838368358718
23,198.0,199.88003162352635
24,197.0,199.46701281595557
25,197.0,199.00695807343374
26,197.0,198.517235254688
27,199.0,198.08649784472502
28,197.0,197.8461053934299
29,197.0,197.6452985978547
30,196.0,197.51696270025496
31,196.0,197.3586200773753
32,198.0,197.12296871286364
33,196.0,196.9172152221496
34,196.0,196.7524019833793
35,193.0,196.57289379450214
36,194.0,196.3701881452917
37,194.0,196.13435536164292
38,193.0,196.5089012175348
39,192.0,196.50357958951258
40,192.0,196.00505189531185
41,191.0,195.51817130971435
42,194.0,194.98692769778606
43,190.0,194.61432907396596
44,189.0,194.18472855726225
45,185.0,193.62676795374054
46,179.0,192.7854427526442
47,184.0,191.59141455976538
48,182.0,190.50572987557555
49,182.0,189.72458744956697
50,181.0,188.62153490665003
51,171.0,187.56012410300704
52,160.0,186.29429021565556
53,150.0,184.56414428336447
54,164.0,181.994209165338
55,166.0,179.0705551083612
56,160.0,176.85813663655546
