,y_actual,y_predict
0,104.0,100.99414162362832
1,106.0,101.44765199850563
2,111.0,101.76187396430922
3,123.0,102.12520879341398
4,117.0,103.00095107037382
5,125.0,104.60564664733658
6,125.0,106.95855725963115
7,123.0,109.66588578058376
8,121.0,112.29540999358035
9,122.0,114.43494876849408
10,130.0,116.26723521938091
11,131.0,117.88134511650712
12,138.0,119.73117960955513
13,135.0,121.89128380170723
14,134.0,124.2792663153545
15,128.0,126.68384054463576
16,125.0,128.64390760871902
17,144.0,130.03711487186916
18,144.0,130.9327641297573
19,142.0,132.22667392105902
20,145.0,133.8888881417293
21,152.0,135.61414076893047
22,142.0,137.38712618132377
23,144.0,139.2875118747544
24,158.0,141.12758963877314
25,160.0,142.53163526923157
26,155.0,144.72336858723844
27,150.0,146.8022070090964
28,151.0,148.6647397596642
29,167.0,150.20227098570544
30,170.0,151.39507617779017
31,180.0,153.10400310202354
32,174.0,155.20420607834433
33,180.0,157.22831184452144
34,183.0,159.3998985503553
35,195.0,161.6574623086621
36,262.0,163.79015400548627
37,244.0,165.89040095084277
38,228.0,168.81323820431288
39,214.0,172.8701512088387
40,216.0,176.14892220347377
41,202.0,178.8597451635413
42,192.0,181.06498576932546
43,180.0,182.57270159223594
44,190.0,183.40021643235167
45,186.0,183.66865618931084
46,206.0,183.45540636600413
47,210.0,182.99393374836848
48,236.0,182.62185897418578
49,224.0,182.75701099622293
50,266.0,183.1689041291657
51,260.0,183.84740790718115
52,294.0,184.55712090676013
53,284.0,184.98078894747226
54,282.0,186.1248896386752
55,276.0,187.52627074556816
56,274.0,188.88072809752651
57,302.0,190.0777235387166
58,294.0,190.8951694696494
59,318.0,191.70094601849857
60,312.0,192.33103109436445
61,298.0,192.85962684195067
62,302.0,193.54791812732032
63,288.0,194.08930007049779
64,302.0,194.63963410935054
65,298.0,194.96401127356967
66,292.0,195.05668041328124
67,296.0,195.21649027055764
68,284.0,195.19733735859222
69,272.0,195.17119336994517
70,278.0,195.26572679677184
71,296.0,195.26538383829313
72,286.0,195.21174161469844
73,278.0,195.0561439910453
74,290.0,195.08300027807124
75,306.0,194.96034425598953
76,308.0,194.6546011691142
77,312.0,194.3835408576253
78,310.0,194.0063129124547
79,300.0,194.11890002535347
80,302.0,194.3591028675647
81,326.0,194.52001195073444
82,366.0,194.4676800044046
83,388.0,193.76746431654402
