,y_actual,y_predict
0,193.0,185.92615351534133
1,194.0,185.11258681064217
2,194.0,184.40038588635562
3,189.0,183.76073071744668
4,188.0,183.20212406817336
5,188.0,182.64277695152285
6,186.0,182.0754596250991
7,181.0,181.51886129149383
8,185.0,180.96292226486767
9,181.0,180.32950642281918
10,179.0,179.6527803528647
11,177.0,179.0147202606246
12,168.0,178.31730491778947
13,169.0,177.53076325143203
14,166.0,176.66058269774993
15,174.0,175.65399888828637
16,171.0,174.67287338903856
17,166.0,173.7350850364344
18,165.0,172.87085775255474
19,176.0,172.00999070316587
20,179.0,171.71670515567985
21,179.0,171.45947002232126
22,181.0,171.29357202496305
23,181.0,171.27071001385482
24,177.0,171.36943824300286
25,178.0,171.54374652703402
26,178.0,171.69950044467274
27,175.0,171.81899571194344
28,173.0,171.8734258844355
29,175.0,171.90954646512228
30,175.0,171.88055959241623
31,170.0,171.8176389428977
32,170.0,171.69884210773824
33,171.0,171.53645793526567
34,172.0,171.25843571619603
35,171.0,170.96895112679692
36,170.0,170.71786348941012
37,170.0,170.48574733759332
38,169.0,170.28274481097682
39,169.0,170.1454207706737
40,168.0,169.9874186130028
41,172.0,169.80972649006227
42,176.0,169.88285427219924
43,190.0,170.04809296257835
44,185.0,170.80395106738916
45,192.0,171.69840397092773
46,216.0,172.64493307206487
47,212.0,174.16850823858283
48,208.0,176.067548018784
49,194.0,178.06938625443337
50,187.0,180.02343374742972
51,181.0,181.34700916038724
52,181.0,182.05069891336254
53,183.0,182.08211865792273
54,187.0,181.60089699318303
55,189.0,180.93522716821923
56,183.0,180.28028959335012
57,183.0,179.72164834581943
58,179.0,179.25479433498307
59,176.0,178.72970207990733
60,178.0,178.20602819170935
61,178.0,177.6870638700393
62,179.0,177.16677596293252
63,179.0,176.65855853802012
