,y_actual,y_predict
0,222.0,216.99086234302973
1,220.0,217.71656002123729
2,210.0,217.46605367196634
3,218.0,216.7461745913423
4,208.0,215.29096462563535
5,210.0,213.25011154356275
6,208.0,211.58669578845945
7,208.0,210.0859038785407
8,206.0,209.21297751666367
9,206.0,207.91065076299284
10,204.0,207.04418560313206
11,206.0,206.41587081794893
12,208.0,205.97503636430417
13,214.0,205.59096204687202
14,216.0,207.07521812357754
15,214.0,208.47402929599
16,214.0,209.84621047194258
17,214.0,211.0384389682826
18,218.0,212.0667310657032
19,212.0,211.8947513687479
20,208.0,212.0758837841579
21,218.0,211.62319728280016
22,214.0,211.65775729140807
23,216.0,211.5468035303037
24,218.0,211.6642966216228
25,210.0,211.92833477487454
26,212.0,212.2384568460134
27,210.0,211.45683890972717
28,210.0,210.76894356036544
29,208.0,209.77508646643514
30,212.0,208.69691342068012
31,208.0,208.2610205755907
32,212.0,208.0796537755852
33,210.0,207.9824583902372
34,210.0,208.08419302391823
35,212.0,208.33617208973098
36,210.0,208.3499617167668
37,212.0,208.46858766696425
38,212.0,208.71308986418023
39,210.0,208.94699397126922
40,210.0,208.9593811971419
41,208.0,208.87689344516218
42,206.0,208.5619118000764
43,204.0,207.67298478314592
44,204.0,206.6599354972533
45,195.0,205.3291114831784
46,200.0,203.8435076950487
47,195.0,202.51483220643263
48,200.0,201.2879538540564
49,200.0,200.51579724260893
50,202.0,200.23495762026906
51,204.0,200.7783704921387
52,206.0,201.38871579166607
53,202.0,202.37998684222592
54,199.0,202.92917729437485
55,197.0,203.0457211280822
56,199.0,202.40591759130916
57,192.0,201.79868570049211
58,194.0,200.44540373575745
59,194.0,199.2290609709494
60,194.0,198.1754006474748
61,198.0,197.38494641193782
62,199.0,197.5107796884472
63,200.0,198.39076102664905
64,200.0,199.40122036276128
65,202.0,200.51535581828736
66,202.0,201.56695746373143
67,199.0,201.83521844611226
68,198.0,201.72107314809898
69,198.0,201.3686290318309
70,194.0,200.77212023625844
71,200.0,199.80922925380492
72,196.0,199.24375297867795
73,183.0,198.99100825651988
74,184.0,198.31192967435925
75,183.0,196.35594725432077
76,195.0,194.43569285945782
