,y_actual,y_predict
0,222.0,213.77628542843263
1,220.0,214.4254565362062
2,210.0,214.91781263035395
3,218.0,215.2331028818238
4,208.0,215.19944916031852
5,210.0,214.99058904725973
6,208.0,214.6009402828644
7,208.0,214.08280188321058
8,206.0,213.51089175093688
9,206.0,212.8217619760388
10,204.0,212.09964256932273
11,206.0,211.38898456932708
12,208.0,210.69401080518094
13,214.0,210.03551509691601
14,216.0,209.72530708475878
15,214.0,209.55798382843426
16,214.0,209.58980935009458
17,214.0,209.77919991608633
18,218.0,210.10716646776336
19,212.0,210.4580206751919
20,208.0,210.84196608109653
21,218.0,211.11616480656357
22,214.0,211.33544331489279
23,216.0,211.46756200497174
24,218.0,211.62327541099867
25,210.0,211.7970403372898
26,212.0,211.9539764496233
27,210.0,211.98330577534142
28,210.0,211.93116692207028
29,208.0,211.7767856018278
30,212.0,211.52722069734884
31,208.0,211.25400248077298
32,212.0,210.97902637973078
33,210.0,210.69622964601845
34,210.0,210.45781363546587
35,212.0,210.27926726342636
36,210.0,210.13139011570928
37,212.0,210.0133462205907
38,212.0,209.97781742232135
39,210.0,209.96175426470907
40,210.0,209.95048036566504
41,208.0,209.9336320196578
42,206.0,209.8745905400489
43,204.0,209.67599647227345
44,204.0,209.3404202340622
45,195.0,208.7961713904686
46,200.0,208.1083580757153
47,195.0,207.32017737075478
48,200.0,206.45196995206737
49,200.0,205.64864018941705
50,202.0,204.87411238714498
51,204.0,204.3783030266234
52,206.0,203.96656351410127
53,202.0,203.72916707653914
54,199.0,203.60036883489659
55,197.0,203.50220856629707
56,199.0,203.3437098899935
57,192.0,203.1579483788222
58,194.0,202.8078754533787
59,194.0,202.36419322689846
60,194.0,201.830534660612
61,198.0,201.2705000145108
62,199.0,200.9202786454901
63,200.0,200.70779338402076
64,200.0,200.59473016155675
65,202.0,200.61893427745306
66,202.0,200.76812007249507
67,199.0,200.9519479107534
68,198.0,201.1048291695846
69,198.0,201.21677515881
70,194.0,201.27404703472283
71,200.0,201.17494532133136
72,196.0,201.02729474538995
73,183.0,200.84223248159526
74,184.0,200.48514755033608
75,183.0,199.82286262444373
76,195.0,199.00070396595413
