,y_actual,y_predict
0,26.0,24.318978805049966
1,26.0,24.3460178760987
2,26.0,24.355477147208255
3,26.0,24.3717573493786
4,26.0,24.397395046929624
5,26.0,24.420380703852988
6,26.0,24.446533151725095
7,26.0,24.46995135549622
8,25.0,24.472409630793884
9,26.0,24.452032955535948
10,25.0,24.445364688068484
11,26.0,24.40691890648251
12,26.0,24.403123846130466
13,26.0,24.411308963403414
14,25.0,24.41255375885669
15,25.0,24.383739484229153
16,25.0,24.33511417252921
17,25.0,24.275266129494238
18,25.0,24.209832164723974
19,25.0,24.13163904655764
20,26.0,24.0585836454744
21,26.0,24.05448912961237
22,25.0,24.052467315613576
23,25.0,24.03824415750202
24,24.0,24.006319851466852
25,25.0,23.950123991318378
26,25.0,23.916673049349946
27,25.0,23.882638854165986
28,25.0,23.85505763163839
29,24.0,23.82795005769522
30,24.0,23.79212500112801
31,24.0,23.731642817013068
32,24.0,23.63885075342853
33,24.0,23.54893776863608
34,24.0,23.47039039264421
35,24.0,23.39440111045333
36,23.0,23.312765232534936
37,24.0,23.250247533842312
38,23.0,23.182239817466613
39,23.0,23.12529042547928
40,23.0,23.023882654999596
41,23.0,22.90869210215833
42,23.0,22.805354507280956
