,y_actual,y_predict
0,26.0,24.87901541103926
1,26.0,24.959478910849928
2,26.0,25.01258822629744
3,26.0,25.064118060721686
4,26.0,25.116029554129252
5,26.0,25.157475762491753
6,26.0,25.19506623650999
7,26.0,25.234373197340368
8,25.0,25.228170749555105
9,26.0,25.19550269780886
10,25.0,25.166508358430217
11,26.0,25.124365377769973
12,26.0,25.125533841426584
13,26.0,25.150637216400963
14,25.0,25.16318107498593
15,25.0,25.150531526220966
16,25.0,25.080617472154245
17,25.0,25.01186992451858
18,25.0,24.92926130549912
19,25.0,24.819202598064283
20,26.0,24.73482660436824
21,26.0,24.714033040066994
22,25.0,24.704734261452987
23,25.0,24.680141722348583
24,24.0,24.63794198214723
25,25.0,24.574962378223518
26,25.0,24.540566096311796
27,25.0,24.519347814065014
28,25.0,24.5089901764255
29,24.0,24.482957119312275
30,24.0,24.44785623620059
31,24.0,24.348714932914127
32,24.0,24.21834218143913
33,24.0,24.101763955679044
34,24.0,23.995692116700685
35,24.0,23.910157445475807
36,23.0,23.81975515429449
37,24.0,23.746112585544612
38,23.0,23.666923239570547
39,23.0,23.600271880504785
40,23.0,23.460780415166884
41,23.0,23.32740723691536
42,23.0,23.218278211619367
