,y_actual,y_predict
0,940.0,919.559919144371
1,935.0,917.6383292957464
2,935.0,915.9356160765205
3,945.0,915.0418604606839
4,940.0,915.8110398534559
5,940.0,916.7574364804327
6,940.0,916.6691815903446
7,935.0,916.4807254841827
8,945.0,915.9511318296514
9,950.0,915.3303891549144
10,930.0,915.7756028380151
11,930.0,915.1205164858818
12,935.0,913.4837251193361
13,915.0,912.1683429808577
14,910.0,910.998712450805
15,850.0,908.9444106577848
16,830.0,905.4008538202174
17,845.0,897.8118015116755
18,850.0,888.762338988759
19,820.0,880.003720464167
20,835.0,871.4361627628429
21,815.0,863.2281364146359
22,780.0,855.4110105743214
23,825.0,847.1860214079247
24,885.0,839.0808170713981
25,875.0,833.9463569081506
26,855.0,832.6858506924033
27,860.0,833.3411139080438
28,865.0,833.567113313232
29,855.0,834.0349494467524
30,830.0,834.9707824987998
31,825.0,835.6611129243661
32,835.0,836.081662187464
33,820.0,835.019387806276
34,815.0,833.240028374434
35,800.0,831.1653551210857
36,830.0,828.3808321423776
37,820.0,825.5350339976784
38,795.0,823.7042715992466
39,795.0,821.3296699947043
40,770.0,817.2107600897452
41,725.0,811.4782118591817
42,745.0,804.4629369249674
43,750.0,795.878030521438
44,780.0,787.2816440684417
45,745.0,780.2604763637378
46,750.0,775.0697092912011
47,745.0,769.7342437520315
48,745.0,764.7621362491345
49,730.0,759.806099207641
50,745.0,754.9214989445518
51,730.0,750.2722879310327
52,725.0,745.9496795012919
53,715.0,741.2593959578529
54,725.0,736.7421331599483
55,730.0,732.5082298183139
56,735.0,729.1702687686052
57,725.0,727.4684479061657
58,710.0,726.5057959150279
59,715.0,725.0085176986543
60,720.0,722.5676083574162
61,715.0,720.2394334235116
62,720.0,718.2783547772816
63,730.0,716.4420091194978
