,y_actual,y_predict
0,1165.0,1154.2366114413298
1,1115.0,1153.8718753130615
2,1125.0,1144.529156899503
3,1100.0,1136.3760057133431
4,1095.0,1126.2952763366163
5,1115.0,1112.150062891935
6,1065.0,1107.916655739636
7,1115.0,1097.8519289739393
8,1115.0,1093.5751714648945
9,1070.0,1096.383550085707
10,1065.0,1088.7294654032412
11,1100.0,1080.31748591629
12,1100.0,1081.6242264908708
13,1100.0,1089.3826466049536
14,1100.0,1087.1929758994052
15,1090.0,1092.9679679142762
16,1190.0,1090.8507866482453
17,1220.0,1116.846968555502
18,1205.0,1161.8520231471393
19,1215.0,1184.6336507080953
20,1205.0,1201.4549823876496
21,1125.0,1207.9401400263464
22,1050.0,1176.510394947019
23,1090.0,1130.3448325957743
24,1015.0,1098.0251711709625
25,1025.0,1065.4802391595344
26,1010.0,1046.1174380804543
27,940.0,1029.5913983626456
28,975.0,1002.0473619131225
29,940.0,988.5511896911805
30,955.0,974.9057393812707
31,995.0,968.0223874188557
32,1020.0,977.2951043610298
33,1005.0,995.6935689918373
34,1020.0,1009.200807696034
35,1020.0,1027.5352220752309
36,1005.0,1035.7891459226416
37,995.0,1038.2747654135226
38,1010.0,1024.4854906417918
39,1060.0,1019.6824781132975
40,1080.0,1027.806470312941
41,1035.0,1047.474196766377
42,1065.0,1051.0568708776063
43,1010.0,1050.8109402036157
44,1040.0,1042.5483383233575
45,1040.0,1036.795160813075
46,1035.0,1032.5384264715626
47,1025.0,1027.6824699812023
48,1040.0,1024.4106525603574
49,1065.0,1026.3085940745261
50,1065.0,1039.5684292275973
51,1065.0,1053.0130905573178
52,1075.0,1060.261755856608
53,1080.0,1065.206960739828
54,1055.0,1071.3433450537968
55,1070.0,1065.9027558597188
56,1090.0,1067.836822671176
57,1075.0,1070.255466059922
58,1080.0,1071.4032354226895
59,1090.0,1071.0394944816744
60,1145.0,1077.803782241126
61,1105.0,1098.1572524231965
62,1105.0,1109.909120139106
63,1105.0,1107.0333872450024
64,1105.0,1104.5680894778302
65,1105.0,1101.6980888623048
66,1125.0,1101.6794589569263
67,1130.0,1099.7736156559677
68,1130.0,1110.6872968598102
69,1130.0,1117.860964847705
70,1130.0,1123.0612760313898
71,1130.0,1124.2093837578234
72,1130.0,1117.3230064261588
73,1130.0,1121.0168031460717
74,1125.0,1121.9605591219497
75,1110.0,1121.738652268249
