,y_actual,y_predict
0,1165.0,1158.5087512815203
1,1115.0,1160.2089888959845
2,1125.0,1148.5431451662344
3,1100.0,1140.342642970571
4,1095.0,1130.088930145507
5,1115.0,1111.7964131496665
6,1065.0,1109.6251733120462
7,1115.0,1100.7326577080537
8,1115.0,1097.9358630668676
9,1070.0,1107.0503253320505
10,1065.0,1095.7258507338654
11,1100.0,1084.2606367543442
12,1100.0,1092.1698874485098
13,1100.0,1104.2612931514386
14,1100.0,1103.0433431835813
15,1090.0,1107.068656681253
16,1190.0,1102.4346269483383
17,1220.0,1138.3659423371903
18,1205.0,1195.3753635545988
19,1215.0,1213.3827793061657
20,1205.0,1219.9996798334305
21,1125.0,1215.8875860072867
22,1050.0,1162.5937959181242
23,1090.0,1100.6952386673363
24,1015.0,1070.7137099824931
25,1025.0,1042.76294050262
26,1010.0,1031.0615685879338
27,940.0,1019.3534293999261
28,975.0,991.098232139324
29,940.0,981.9485999566156
30,955.0,974.8243728714556
31,995.0,973.7562981039179
32,1020.0,994.9402918562064
33,1005.0,1025.9345230898236
34,1020.0,1039.8706078851346
35,1020.0,1057.9738203616866
36,1005.0,1062.0371301086825
37,995.0,1057.8320658893524
38,1010.0,1028.9689684470547
39,1060.0,1020.8913121659164
40,1080.0,1037.793492857914
41,1035.0,1068.999141671584
42,1065.0,1072.6279725676131
43,1010.0,1063.7708259185965
44,1040.0,1048.6353414458265
45,1040.0,1040.2361600669503
46,1035.0,1033.6645803671925
47,1025.0,1027.9027646315528
48,1040.0,1025.6377582509435
49,1065.0,1030.2657770528494
50,1065.0,1051.6590387807237
51,1065.0,1069.5953185474377
52,1075.0,1074.9681553933233
53,1080.0,1076.9629485309656
54,1055.0,1081.2208571934366
55,1070.0,1073.5367178559266
56,1090.0,1073.2052408856575
57,1075.0,1077.8258355906553
58,1080.0,1078.5882087377797
59,1090.0,1074.8879034932315
60,1145.0,1082.9983213387427
61,1105.0,1112.6774922323432
62,1105.0,1126.294579705539
63,1105.0,1113.8892322317413
64,1105.0,1104.6484209929022
65,1105.0,1100.1721085358618
66,1125.0,1101.096816627715
67,1130.0,1103.9769084419872
68,1130.0,1119.93310393866
69,1130.0,1127.183361537555
70,1130.0,1130.0696832240317
71,1130.0,1128.6454707460928
72,1130.0,1119.8002265366235
73,1130.0,1123.8341583559072
74,1125.0,1125.5695260804066
75,1110.0,1124.8484731080316
