,y_actual,y_predict
0,146.0,133.2794044413153
1,151.0,137.10316040664082
2,150.0,142.9273419831404
3,151.0,148.08695207981725
4,149.0,152.02285509525524
5,146.0,153.6864105314166
6,147.0,153.25359818116831
7,147.0,151.89833374772354
8,144.0,150.75867260036776
9,134.0,149.335187114633
10,128.0,145.46953382530654
11,133.0,138.6225512940676
12,133.0,134.30883689174937
13,134.0,132.22907848919613
14,134.0,131.6728234820282
15,138.0,132.42959236456392
16,139.0,133.57495954010062
17,140.0,135.4162292546018
18,140.0,137.55854558373161
19,142.0,139.26152838754922
20,144.0,141.38269992911273
21,144.0,143.25842645396105
22,147.0,144.6732640280274
23,148.0,146.16636796070873
24,147.0,148.0492898422535
25,149.0,149.10964271392584
26,151.0,149.61257608288312
27,154.0,150.60658335298874
28,149.0,152.2242576645932
29,141.0,152.39501561426988
30,138.0,150.06190588312884
31,142.0,145.6691283620845
32,145.0,142.57353146237892
33,146.0,141.9427609980426
34,148.0,142.5779136429905
35,146.0,144.17614700788184
36,146.0,145.67858529171198
37,142.0,146.40258894690584
38,138.0,145.87045738433528
39,136.0,143.90380214402796
40,135.0,141.1390506871097
41,134.0,138.4354352464157
42,131.0,136.38291991074135
43,130.0,133.95810921972583
44,127.0,131.76734987583544
45,125.0,129.70842981465188
46,125.0,127.59849871958012
47,124.0,125.99561350142419
48,116.0,124.78954546326239
49,108.0,122.4237685675624
50,108.0,117.96500705146336
51,109.0,113.691749676022
52,102.0,110.47437105778243
53,95.00000000000001,107.33072339444794
54,88.99999999999999,102.73636556527158
55,83.0,97.47165668100436
56,78.0,91.65725686710066
57,73.0,86.30020961487001
58,73.0,81.0036425840029
