,y_actual,y_predict
0,138.0,138.0220899769992
1,140.0,136.61876442498584
2,143.0,135.86544932293907
3,142.0,136.19153059702776
4,141.0,136.76292743934465
5,142.0,137.163479581252
6,140.0,137.52117287434623
7,140.0,137.5945509567057
8,139.0,137.4240764250643
9,140.0,137.08801634609736
10,141.0,136.4487151936313
11,143.0,136.4185169042829
12,143.0,136.8077355811391
13,143.0,137.3414244336724
14,142.0,137.74884241863626
15,142.0,137.98082403527894
16,141.0,138.20158835685626
17,137.0,138.24367339542525
18,140.0,137.4538415381946
19,139.0,136.35051808295887
20,140.0,135.7725015204366
21,139.0,135.39706178528087
22,137.0,135.16499353339458
23,137.0,134.8813970013852
24,137.0,134.4200584221848
25,137.0,133.70765681393542
26,132.0,133.45502844355292
27,130.0,132.97096189578315
28,129.0,131.7728240423416
29,129.0,130.4774696316667
30,128.0,129.41440399895276
31,125.0,128.41916588605847
32,123.0,127.16428588601444
33,122.0,125.72784598111188
34,120.0,124.25618884967966
35,117.0,122.88283515399158
36,116.0,121.34154297652069
37,115.0,119.66043726771701
38,113.0,118.0234131460511
39,110.0,116.4945294982453
40,103.0,115.1095942456721
41,96.0,113.46591102414466
42,90.0,111.28023771855932
43,90.0,108.55791421029528
44,89.00000000000001,105.84427785418649
45,89.00000000000001,103.46933410706085
46,89.00000000000001,101.52676717099153
