,y_actual,y_predict
0,1000.0,1042.9716822613357
1,995.0,1039.5433736898538
2,995.0,1034.895286242502
3,1000.0,1029.6318532625166
4,1000.0,1024.9312258110701
5,1015.0,1021.2416291725164
6,985.0,1018.7033249032497
7,1005.0,1016.4024994676374
8,1005.0,1014.2123928317593
9,995.0,1012.6986344309595
10,1010.0,1011.6012263536716
11,1005.0,1010.9780090680421
12,1005.0,1010.756751909903
13,1000.0,1010.6291618458675
14,1005.0,1010.3858818234723
15,1005.0,1010.0946495177827
16,1010.0,1010.0048619122616
17,1010.0,1009.9010630375107
18,1010.0,1009.9534451554423
19,1020.0,1010.1231231595657
20,1025.0,1010.8258699611386
21,1025.0,1012.484225021272
22,1005.0,1014.420468750784
23,1010.0,1015.8494467929543
24,1015.0,1016.7200942515558
25,1010.0,1017.4412821569957
26,1015.0,1017.854501823442
27,1015.0,1018.1720154087621
28,1020.0,1018.4667121879767
29,1015.0,1019.0000696915531
30,1010.0,1019.6387147108484
31,1000.0,1019.9652232964402
32,1000.0,1019.5131185235031
33,1005.0,1018.8010519272655
34,1005.0,1018.0293675157864
35,1005.0,1017.1685541096385
36,1010.0,1016.2856185965034
37,1010.0,1015.5947267902736
38,1000.0,1015.3218273236535
39,1000.0,1014.597526805281
40,1000.0,1013.7066969839834
41,1000.0,1012.7410020551081
42,1000.0,1011.7831473019963
43,995.0,1010.8643941849705
44,985.0,1009.6366804016393
45,990.0,1008.181294770908
46,985.0,1006.3994276207842
47,990.0,1004.1857824134829
48,990.0,1002.1033992512707
49,995.0,1000.2457918531213
50,990.0,998.9729677374343
