,y_actual,y_predict
0,1000.0,1031.2523833089697
1,995.0,1021.9988061011098
2,995.0,1011.2727690017218
3,1000.0,1002.1070622102579
4,1000.0,995.3836649008074
5,1015.0,990.2735032970678
6,985.0,991.4358161205495
7,1005.0,995.5343604770754
8,1005.0,998.9537868241166
9,995.0,999.8606037472009
10,1010.0,999.5543045905046
11,1005.0,997.3828375439559
12,1005.0,998.2463034376464
13,1000.0,1000.6091646023144
14,1005.0,1000.1345678176647
15,1005.0,1000.0389970675355
16,1010.0,999.2004050111061
17,1010.0,997.9414297674523
18,1010.0,998.7240669676274
19,1020.0,999.7776909563308
20,1025.0,1002.3634693393687
21,1025.0,1006.2536220045436
22,1005.0,1011.025149365354
23,1010.0,1013.3678371893925
24,1015.0,1015.0537727067283
25,1010.0,1014.4857253575701
26,1015.0,1011.283685702152
27,1015.0,1008.5545737490864
28,1020.0,1008.4511447790609
29,1015.0,1009.8949821647091
30,1010.0,1011.0388629063901
31,1000.0,1011.9565423975058
32,1000.0,1010.6660079653359
33,1005.0,1008.7173498723594
34,1005.0,1005.7113146110275
35,1005.0,1002.5775629767298
36,1010.0,1001.1758676635684
37,1010.0,1001.9244736290143
38,1000.0,1002.9279078619386
39,1000.0,1002.47079584211
40,1000.0,1001.4763385653246
41,1000.0,999.2124494698452
42,1000.0,997.1422370753025
43,995.0,993.9879873059823
44,985.0,992.6842806567644
45,990.0,990.7131937065406
46,985.0,987.9344242996177
47,990.0,983.698248319074
48,990.0,979.7603689222667
49,995.0,977.0553729528787
50,990.0,976.7295410222721
