,y_actual,y_predict
0,1000.0,1022.0019006699094
1,995.0,1018.7658839121608
2,995.0,1013.8752382077315
3,1000.0,1007.9522064590719
4,1000.0,1002.7247850574065
5,1015.0,998.6313201243038
6,985.0,996.0974456896745
7,1005.0,994.0460623478573
8,1005.0,992.010494688564
9,995.0,990.4204908040163
10,1010.0,989.0676680249293
11,1005.0,988.1447647573267
12,1005.0,987.7702768222412
13,1000.0,987.6669110066808
14,1005.0,987.4730899526805
15,1005.0,987.1486203541112
16,1010.0,987.1318393104748
17,1010.0,987.2792418324809
18,1010.0,987.7620938079518
19,1020.0,988.1836318196846
20,1025.0,989.1514559562471
21,1025.0,990.8677236610589
22,1005.0,993.0463181401198
23,1010.0,994.6503423159637
24,1015.0,995.5309952462817
25,1010.0,996.2276521529865
26,1015.0,996.4465545517767
27,1015.0,996.5873980314582
28,1020.0,996.7372004231456
29,1015.0,997.1667049195725
30,1010.0,997.7311705083416
31,1000.0,997.9350421443908
32,1000.0,997.367806781215
33,1005.0,996.4900409121677
34,1005.0,995.6870048197013
35,1005.0,994.6614935901221
36,1010.0,993.6563271204354
37,1010.0,992.8862035264558
38,1000.0,992.6367433885277
39,1000.0,991.9356205589197
40,1000.0,990.9487688841695
41,1000.0,989.8388652448189
42,1000.0,988.6363681372746
43,995.0,987.4747500129113
44,985.0,986.0395196786766
45,990.0,984.4439130908502
46,985.0,982.6362338085523
47,990.0,980.5019466979315
48,990.0,978.4344860336627
49,995.0,976.5667017445338
50,990.0,975.410993073709
