,y_actual,y_predict
0,575.0,568.8281167417911
1,580.0,568.2976165936697
2,580.0,568.1818249959911
3,580.0,568.4362549836602
4,580.0,568.7214406061881
5,575.0,568.9602701002784
6,580.0,568.7653791078612
7,570.0,568.6214798567257
8,570.0,568.5885128173488
9,565.0,568.8115421771745
10,560.0,568.6292855881494
11,560.0,567.5932732854185
12,560.0,565.9724805066055
13,560.0,564.363657393517
14,560.0,562.9049114235506
15,560.0,561.5386890390428
16,565.0,560.3415996107955
17,560.0,559.2975402527352
18,560.0,558.562230699671
19,560.0,557.3112382862975
20,560.0,556.5690531957734
21,560.0,555.9278862921898
22,550.0,555.4701123938419
23,555.0,554.6538013748913
24,560.0,553.7708323054694
25,555.0,553.2052392737469
26,555.0,552.942814883237
27,560.0,552.1947809787796
28,555.0,551.8140376711419
29,555.0,551.8577831136904
30,550.0,552.0674716492364
31,550.0,552.2373066386773
32,545.0,551.8315709498203
33,550.0,551.2893995000761
34,545.0,550.8045929365786
35,520.0,550.3485302441077
36,530.0,548.8900606997062
37,540.0,546.7661558422188
38,540.0,544.9616673063612
39,520.0,543.1079135920746
40,520.0,541.8364744623243
41,515.0,540.2756046031589
42,520.0,538.9066004121739
43,520.0,537.5656424467428
44,520.0,536.2702859240806
45,505.0,535.1714811410776
46,500.0,534.3234250592545
