,y_actual,y_predict
0,52.0,40.69520846265277
1,51.0,40.79100810248397
2,51.0,40.869237347063375
3,50.0,40.868381993136325
4,51.0,40.859412656817796
5,50.0,40.779163826577246
6,50.0,40.5841787709536
7,50.0,40.45866746207258
8,50.0,40.38590297869385
9,50.0,40.36771482782808
10,50.0,40.36226194654304
11,50.0,40.33976138629501
12,50.0,40.31303157607425
13,50.0,40.275704881090405
14,50.0,40.23091759907609
15,50.0,40.19107236197368
16,50.0,40.04030435241296
17,50.0,39.96543712396354
18,50.0,39.95247613598539
19,50.0,39.910361834993125
20,50.0,39.92200415233373
21,50.0,39.96708843223939
22,50.0,40.00320337582656
23,50.0,40.03928267966674
24,50.0,40.0714772510882
25,50.0,40.09340757538487
26,50.0,40.10969493974605
27,50.0,40.12175305413453
28,50.0,40.12698021702212
29,50.0,40.12602982376984
30,50.0,40.12663569946818
31,50.0,40.137434542797365
32,50.0,40.13283701543941
33,50.0,40.13074615028435
34,50.0,40.11365095165871
35,50.0,40.103933180654025
36,50.0,40.10474101491846
37,50.0,40.10899402472248
38,50.0,40.11524286035632
39,50.0,40.122061931941516
40,50.0,40.12403399794002
41,50.0,40.127954370105726
42,50.0,40.130769910115646
43,50.0,40.129308680490254
44,50.0,40.10672496083262
45,50.0,40.08519855366819
46,50.0,40.07848640132386
47,50.0,40.069148787620065
48,50.0,40.0554274850401
49,50.0,40.04851337412964
50,50.0,40.05533244571487
51,50.0,40.06969526374013
52,50.0,40.08559059088475
53,50.0,40.10011972772918
54,50.0,40.11249859984031
55,50.0,40.12011362577431
56,50.0,40.12611298317941
57,50.0,40.112557999418584
58,50.0,40.10823371012066
59,50.0,40.11300943621342
60,50.0,40.1137816307309
61,50.0,40.11809404011319
62,50.0,40.12505567068624
63,50.0,40.13065111095912
64,50.0,40.135557516124095
65,50.0,40.13877697326623
66,50.0,40.141877631251845
67,50.0,40.132207379909744
68,50.0,40.12676637854037
69,50.0,40.12730097474477
70,50.0,40.13063923104346
71,50.0,40.11403110895964
72,50.0,40.11003945729999
73,50.0,40.10251947069122
74,50.0,40.10489545382197
75,50.0,40.11158384633498
76,50.0,40.119222632100275
77,50.0,40.1266832191308
78,50.0,40.13312213341507
79,50.0,40.13741078296604
80,50.0,40.14104603715609
81,50.0,40.143837817334685
82,50.0,40.14712855397076
83,50.0,40.14894618106578
84,50.0,40.14907686013797
85,50.0,40.1477344296691
86,50.0,40.149563936679755
87,50.0,40.149825294824126
88,50.0,40.151357803943455
