,y_actual,y_predict
0,52.0,48.34632558041051
1,51.0,48.42546957849527
2,51.0,48.512715679055816
3,50.0,48.54188087198557
4,51.0,48.53350553144972
5,50.0,48.46295071238259
6,50.0,48.32141339728477
7,50.0,48.19823055187189
8,50.0,48.10082712342745
9,50.0,48.01845178828489
10,50.0,47.9614281931473
11,50.0,47.9238638998504
12,50.0,47.90112574128926
13,50.0,47.8893765047078
14,50.0,47.89145548994719
15,50.0,47.90193357555373
16,50.0,47.84904419106357
17,50.0,47.8106839434179
18,50.0,47.7987802679329
19,50.0,47.76924679761788
20,50.0,47.76122785455166
21,50.0,47.76369887700761
22,50.0,47.774402681011594
23,50.0,47.7923175938173
24,50.0,47.81676646023257
25,50.0,47.84395958716382
26,50.0,47.871390312408124
27,50.0,47.897466727267926
28,50.0,47.91906441392632
29,50.0,47.936694208756364
30,50.0,47.95172230205824
31,50.0,47.96356657796494
32,50.0,47.972512154452176
33,50.0,47.98073305608452
34,50.0,47.97485249783594
35,50.0,47.969672854610934
36,50.0,47.96825914464816
37,50.0,47.969851053345735
38,50.0,47.97432978154717
39,50.0,47.98067365650624
40,50.0,47.98492666631026
41,50.0,47.987635287079286
42,50.0,47.99150813958238
43,50.0,47.9925298123286
44,50.0,47.97836895286943
45,50.0,47.959349207907906
46,50.0,47.94632882035148
47,50.0,47.933023314819366
48,50.0,47.91734182615653
49,50.0,47.903549244082626
50,50.0,47.90009218862741
51,50.0,47.90613906569513
52,50.0,47.91809026084272
53,50.0,47.932940155409796
54,50.0,47.94859788424134
55,50.0,47.96195090943604
56,50.0,47.97380706525843
57,50.0,47.972678473271316
58,50.0,47.97126476330854
59,50.0,47.97279727242784
60,50.0,47.973700146017535
61,50.0,47.977192841219704
62,50.0,47.9826576024204
63,50.0,47.98812236362107
64,50.0,47.99356336499048
65,50.0,47.99863608897459
66,50.0,48.003696933043045
67,50.0,48.00066755455137
68,50.0,47.99662838322911
69,50.0,47.99508399419415
70,50.0,47.996093787024705
71,50.0,47.986257216863464
72,50.0,47.978297673375494
73,50.0,47.96930457722567
74,50.0,47.96603760042092
75,50.0,47.96767702878111
76,50.0,47.972844792090456
77,50.0,47.9798895820731
78,50.0,47.98748084817578
79,50.0,47.994371199254914
80,50.0,48.000679434467
81,50.0,48.006262994824226
82,50.0,48.01080112260394
83,50.0,48.014804654179216
84,50.0,48.017525154863904
85,50.0,48.018558707525784
86,50.0,48.01952098069373
87,50.0,48.020364454705145
88,50.0,48.02126732829481
