,y_actual,y_predict
0,52.0,49.515843876935975
1,51.0,49.804632746561026
2,51.0,50.037597892529476
3,50.0,49.9512309057273
4,51.0,49.680345068992324
5,50.0,49.377217141173304
6,50.0,49.01984551847963
7,50.0,48.79296288932585
8,50.0,48.70983911949713
9,50.0,48.64711316484576
10,50.0,48.625170960633426
11,50.0,48.72409501828153
12,50.0,48.67967601365248
13,50.0,48.63911798161084
14,50.0,48.6449510201968
15,50.0,48.646115251930865
16,50.0,48.52126921832644
17,50.0,48.4929712592394
18,50.0,48.51617273451103
19,50.0,48.48293273051206
20,50.0,48.49880429782536
21,50.0,48.6540035159249
22,50.0,48.648918912025124
23,50.0,48.63836954692468
24,50.0,48.69340919614811
25,50.0,48.67634963726945
26,50.0,48.67751386900349
27,50.0,48.68343006699902
28,50.0,48.6818737980484
29,50.0,48.67838110284623
30,50.0,48.68060264707347
31,50.0,48.681754998891876
32,50.0,48.67778710706355
33,50.0,48.6806976863987
34,50.0,48.66016919214914
35,50.0,48.649097110759925
36,50.0,48.64768340079715
37,50.0,48.65369463811791
38,50.0,48.65690221534439
39,50.0,48.687124720767315
40,50.0,48.685770410382815
41,50.0,48.68657824464725
42,50.0,48.68749299815258
43,50.0,48.68214703610843
44,50.0,48.652613565793416
45,50.0,48.63039812352105
46,50.0,48.61853008778303
47,50.0,48.60408411034817
48,50.0,48.58856894050447
49,50.0,48.599866740291134
50,50.0,48.61545318962874
51,50.0,48.6250521614769
52,50.0,48.64958418730174
53,50.0,48.67672979457035
54,50.0,48.69570201986926
55,50.0,48.6949535851831
56,50.0,48.69416951074996
57,50.0,48.67273814291073
58,50.0,48.663056011653
59,50.0,48.66185614017198
60,50.0,48.66043055029354
61,50.0,48.661844260256316
62,50.0,48.686958401948175
63,50.0,48.688669109802305
64,50.0,48.68826519267009
65,50.0,48.69536938223098
66,50.0,48.69527434290575
67,50.0,48.681315442012675
68,50.0,48.67497156705363
69,50.0,48.67415185287351
70,50.0,48.67604075946244
71,50.0,48.65433615356321
72,50.0,48.660038513076955
73,50.0,48.65058210021664
74,50.0,48.648669433796385
75,50.0,48.65110481650541
76,50.0,48.67958097432725
77,50.0,48.684475499576564
78,50.0,48.69819680215653
79,50.0,48.69751964696428
80,50.0,48.698481920132224
81,50.0,48.698576959457455
82,50.0,48.69870763852964
83,50.0,48.69912343557752
84,50.0,48.699182835155796
85,50.0,48.696783092193755
86,50.0,48.696094057085844
87,50.0,48.695761419447535
88,50.0,48.69586833868843
