,y_actual,y_predict
0,142.0,117.75817650956083
1,128.0,118.4628600114111
2,124.0,118.57322295426013
3,124.0,117.98841302588144
4,120.0,116.77225156334737
5,116.0,115.19445671404969
6,110.0,113.43039115841452
7,103.0,111.38014113328995
8,113.0,109.00753078601198
9,116.0,106.52569418309753
10,117.0,104.48376595976768
11,118.0,103.01781487519227
12,119.0,101.96369912454816
13,117.0,101.23761670379719
14,114.0,100.65066896919305
15,125.0,100.26167166274354
16,124.0,99.95359814317004
17,124.0,100.10729076829611
18,122.0,100.49391041708998
19,122.0,100.93730185657364
20,125.0,101.3745614421033
21,124.0,101.79482286105977
22,123.0,102.2489763299321
23,123.0,102.70123184400913
24,122.0,103.0252189845585
25,124.0,103.20792320441254
26,124.0,103.28872185141194
27,123.0,103.3541700068802
28,120.0,103.50809205511337
29,118.0,103.5489293681812
30,118.0,103.36370149414881
31,119.0,102.94544231321814
32,119.0,102.51124865466548
33,121.0,102.22755655438527
34,118.0,102.01337965556326
35,118.0,101.81084076526616
36,115.0,101.6074467524789
37,116.0,101.37310147687614
38,117.0,101.10400902886738
39,117.0,100.88559823088664
40,115.0,100.60987336941741
41,114.0,100.35508858063466
42,120.0,99.96644583716892
43,117.0,99.64587918658026
44,118.0,99.50570166812832
45,118.0,99.48232136784793
46,117.0,99.46686659308631
47,116.0,99.49827670211602
48,116.0,99.49005918355178
49,119.0,99.46895225769651
50,118.0,99.45199580441553
51,116.0,99.53408756347324
52,116.0,99.55436022348445
53,116.0,99.38529625018114
54,114.0,99.26572509807804
55,116.0,99.16519606386612
56,114.0,99.04255898478601
57,113.0,98.89066003122474
58,120.0,98.71477593464607
59,118.0,98.58483902943024
60,119.0,98.61741711064167
61,115.0,98.74236927743908
62,119.0,98.82316792443848
63,115.0,98.85610056863362
64,117.0,98.91122468428136
65,117.0,98.93337444244173
66,116.0,98.94576329022638
67,116.0,98.91625113599196
68,113.0,98.79084012298028
69,111.0,98.63685550480878
70,112.00000000000003,98.40983091198788
71,111.0,98.11819242954277
72,115.0,97.74431619151727
73,115.0,97.41453090335153
74,110.0,97.22037638478747
75,109.0,97.016940658708
76,103.0,96.71245448226404
77,106.0,96.21206182898345
78,106.0,95.65775474552905
79,101.00000000000003,95.06004498153624
80,103.99999999999997,94.39626136269212
81,107.0,93.72357195596243
