,y_actual,y_predict
0,142.0,144.15923052126612
1,145.0,143.8535655472649
2,143.0,143.6918312937068
3,141.0,143.76647283222462
4,141.0,143.91857329578244
5,142.0,143.8126241990952
6,145.0,143.56157630752068
7,143.0,143.23501703475708
8,142.0,142.95837769399552
9,143.0,143.01847591491673
10,142.0,143.25770750215227
11,140.0,143.48713133085323
12,142.0,143.19884287629205
13,144.0,142.95443516032984
14,143.0,143.03310282778307
15,144.0,143.16092677315297
16,147.0,143.57152640394688
17,146.0,144.29071684318163
18,147.0,145.03235374199727
19,149.0,145.57546091259604
20,148.0,146.28906854341363
21,149.0,147.08176859602779
22,148.0,147.71522417852202
23,148.0,148.07577283608032
24,148.0,148.24177722638808
25,148.0,148.32265903882262
26,148.0,148.35520245138463
27,149.0,148.4657176572629
28,150.0,148.61176989009115
29,150.0,148.8661277024796
30,149.0,148.9123649239515
31,148.0,149.10013345569288
32,146.0,149.14329572683872
33,148.0,148.94612837558483
34,146.0,148.56231538040151
35,146.0,147.92591588881479
36,144.0,147.33839477735626
37,146.0,146.71091738631156
38,146.0,146.318645453567
39,147.0,145.91331232476432
40,145.0,146.1219909705894
41,146.0,146.18935294264827
42,146.0,146.50713471209312
43,145.0,146.82271137388312
44,145.0,146.9349255971348
45,146.0,146.50534758078678
46,145.0,146.23341894643954
47,144.0,146.0099371598823
48,145.0,145.69822621448313
49,143.0,145.44634237021157
50,144.0,145.3693850167898
51,145.0,145.13568427334434
52,145.0,144.90707380402426
53,142.0,144.59337690613677
54,142.0,144.38041908623558
55,145.0,144.12732198088753
56,145.0,144.12589634263935
57,145.0,144.17954869046704
58,140.0,144.53893831090755
59,141.0,144.33465858373413
60,139.0,144.12077669720298
61,137.0,143.40286955832477
62,136.0,142.34153497685594
63,138.0,141.0180207769525
