,y_actual,y_predict
0,123.0,114.28080384745255
1,131.0,113.43408321743016
2,131.0,115.2643212970521
3,137.0,117.60553573215333
4,142.0,120.04072847013481
5,140.0,122.92572825402846
6,162.0,124.83345836272224
7,165.0,131.36984068657665
8,162.0,139.0381169243065
9,161.0,143.72627019513686
10,178.0,145.769913930168
11,169.0,156.37287774924192
12,169.0,162.1666908236415
13,179.0,163.97393316816954
14,185.00000000000006,169.69136638276217
15,184.0,183.61984714719443
16,192.0,189.17474009481464
17,188.0,192.61553011338907
18,175.0,191.86543736596605
19,163.0,190.45118330226046
20,180.0,185.53689985119655
21,179.0,182.19263958263934
22,174.0,179.5895419965256
23,176.0,175.4849504811366
24,174.0,171.25245950028932
25,167.0,168.47766260619846
26,167.0,165.50002566471454
27,165.0,162.7888841056062
28,163.0,160.23989028314156
29,169.0,158.30523913606618
30,158.0,157.75373402414118
31,147.0,157.31674963563552
32,154.0,155.03873258346658
33,155.0,152.85031057883998
34,153.0,150.47589462009677
35,158.0,147.64568552792753
36,158.0,145.9820765728694
37,170.0,145.090476641924
38,168.00000000000006,148.255873924004
39,167.0,150.97931476674717
40,165.0,152.2447017032659
41,154.0,152.49238834072116
42,156.0,152.78757114795786
43,146.0,152.42699933011988
44,141.0,150.50893258943512
45,133.0,147.37778357854052
46,136.0,143.78439739465585
47,139.0,139.91195485787495
