,y_actual,y_predict
0,82.0,75.25249672061197
1,83.0,75.69430931783361
2,87.0,79.0397827375443
3,87.0,83.82711672402597
4,84.0,85.35253195601501
5,79.0,84.0763204109935
6,74.0,80.60969942538037
7,69.0,74.85342606357216
8,73.0,70.1307788395535
9,70.0,67.12651301984202
10,69.0,67.70002581118155
11,71.0,69.59029492603081
12,67.0,70.28917990717959
13,63.0,69.75143351422228
14,59.0,66.62190714909654
15,68.0,62.965012853972695
16,64.0,62.95128059338768
17,69.0,63.34821660959511
18,76.0,64.80147383620772
19,90.0,68.79000557379135
20,106.0,78.81100997486176
21,110.0,100.51921759108671
22,111.0,116.86509132614907
23,104.0,115.17268510678261
24,102.0,106.36485782531668
25,107.0,96.23663684595192
26,105.0,96.0459482192918
27,105.0,100.65691085632818
28,106.0,101.5555432903474
29,105.0,103.32364664241177
30,103.0,103.61829406392015
31,100.0,103.12996594596567
32,97.0,101.51824959664157
33,100.0,99.03328428294549
34,96.0,96.50727625675947
35,96.0,95.89295520615951
36,93.0,94.23259762682179
37,93.0,92.88656367716723
38,87.0,92.4838757417294
39,87.0,90.82475071651248
40,84.0,87.88908367886484
41,79.0,84.54846902322458
42,78.0,81.23010286261992
43,75.0,77.04471526199637
44,78.0,75.77499695498807
45,75.0,74.71451810731307
46,76.0,74.98429115761542
47,72.0,76.79648511415323
48,69.0,75.54593391687854
49,67.0,73.14129674538499
50,68.0,70.4851158204047
51,67.0,69.20744396669659
52,63.0,68.72853863568012
53,59.0,68.00314480938252
54,59.999999999999986,65.43255047760927
55,56.0,62.708762172792746
56,53.0,60.41467974700407
57,50.0,58.13155186925279
58,51.0,56.60843651180073
59,50.0,54.59007554968001
60,51.0,53.544833929034624
61,51.0,52.20112664857187
62,59.0,51.417213296191036
63,61.0,54.648219950596044
