,y_actual,y_predict
0,82.0,79.02539847369249
1,83.0,77.31758309492812
2,87.0,76.95972261697074
3,87.0,78.524789472288
4,84.0,79.65643492311185
5,79.0,80.04368020583325
6,74.0,80.65119094833818
7,69.0,78.3483422046541
8,73.0,74.562570085718
9,70.0,71.39318667157721
10,69.0,69.00887771152527
11,71.0,67.40470405752738
12,67.0,66.23425101500152
13,63.0,66.14888324480867
14,59.0,64.7745273450305
15,68.0,62.7852609122468
16,64.0,63.75874198156194
17,69.0,62.94990066866548
18,76.0,62.71516162951416
19,90.0,64.66351709019405
20,106.0,71.45052723284924
21,110.0,85.90706520020453
22,111.0,100.3332827827657
23,104.0,107.84708677243182
24,102.0,111.15225656554746
25,107.0,109.71282538081167
26,105.0,108.20290639084861
27,105.0,106.43363300552463
28,106.0,104.37413108384638
29,105.0,102.19530363279205
30,103.0,100.60964955103677
31,100.0,98.87967945852859
32,97.0,96.65719681614135
33,100.0,94.40120299215089
34,96.0,92.69403068510172
35,96.0,91.51070727672027
36,93.0,90.37193444771964
37,93.0,89.33775455373086
38,87.0,88.77937627657755
39,87.0,88.57834937894043
40,84.0,86.95273106955092
41,79.0,85.09958594892709
42,78.0,83.3636719088291
43,75.0,80.1263863736493
44,78.0,77.0924901315048
45,75.0,75.18000824782632
46,76.0,73.81511086119257
47,72.0,72.7936137704758
48,69.0,72.02223585076557
49,67.0,70.90531852853013
50,68.0,69.17412034767698
51,67.0,67.75128398581397
52,63.0,66.64897421622035
53,59.0,66.29105121740176
54,59.999999999999986,64.33695723481885
55,56.0,62.363785458018356
56,53.0,60.60161712199218
57,50.0,58.78512708913475
58,51.0,58.09674561266756
59,50.0,56.08655702026084
60,51.0,57.37413843046916
61,51.0,54.728987971714886
62,59.0,52.231440334702285
63,61.0,52.9832179644263
