{
    "R2": 0.9450601568750632,
    "RMSE": 377.6423911733483,
    "MSE": 142613.77561112423,
    "MAPE": 0.030483925645094865,
    "ACMAPE": 1.019554963896461
}