{
    "R2": 0.9651090246787023,
    "RMSE": 22.642178294306788,
    "MSE": 512.6682379111775,
    "MAPE": 0.05666193162523971,
    "ACMAPE": 0.9045544178805849
}