{
    "DOWN": {
        "precision": 0.6351351351351351,
        "recall": 0.12066752246469833,
        "f1-score": 0.20280474649406688,
        "support": 779.0
    },
    "UP": {
        "precision": 0.2090069284064665,
        "recall": 0.7702127659574468,
        "f1-score": 0.3287920072661217,
        "support": 235.0
    },
    "accuracy": 0.27120315581854043,
    "macro avg": {
        "precision": 0.4220710317708008,
        "recall": 0.4454401442110726,
        "f1-score": 0.2657983768800943,
        "support": 1014.0
    },
    "weighted avg": {
        "precision": 0.5363776118794773,
        "recall": 0.27120315581854043,
        "f1-score": 0.23200297754084484,
        "support": 1014.0
    }
}