{
    "R2": 0.9814502081823189,
    "RMSE": 43.18438084643821,
    "MSE": 1864.8907490902195,
    "MAPE": 0.039244493470002535,
    "ACMAPE": 1.0369350246478315
}