{
    "R2": 0.9810172296414759,
    "RMSE": 13.18634844980526,
    "MSE": 173.87978543968157,
    "MAPE": 0.017645408059097863,
    "ACMAPE": 0.9271647294540083
}