{
    "R2": 0.996234487101668,
    "RMSE": 144.07746618596894,
    "MSE": 20758.316262569027,
    "MAPE": 0.02543639475367901,
    "ACMAPE": 0.9733882019825947
}