{
    "DOWN": {
        "precision": 0.6895874263261297,
        "recall": 0.5151663405088063,
        "f1-score": 0.5897507700924112,
        "support": 2044.0
    },
    "UP": {
        "precision": 0.37751256281407036,
        "recall": 0.5590697674418604,
        "f1-score": 0.4506936632920885,
        "support": 1075.0
    },
    "accuracy": 0.530298172491183,
    "macro avg": {
        "precision": 0.5335499945701,
        "recall": 0.5371180539753333,
        "f1-score": 0.5202222166922499,
        "support": 3119.0
    },
    "weighted avg": {
        "precision": 0.5820271575619541,
        "recall": 0.530298172491183,
        "f1-score": 0.5418231042346533,
        "support": 3119.0
    }
}