{
    "DOWN": {
        "precision": 0.7736156351791531,
        "recall": 0.6121134020618557,
        "f1-score": 0.6834532374100719,
        "support": 776.0
    },
    "UP": {
        "precision": 0.3064516129032258,
        "recall": 0.4889705882352941,
        "f1-score": 0.37677053824362605,
        "support": 272.0
    },
    "accuracy": 0.5801526717557252,
    "macro avg": {
        "precision": 0.5400336240411895,
        "recall": 0.5505419951485749,
        "f1-score": 0.5301118878268489,
        "support": 1048.0
    },
    "weighted avg": {
        "precision": 0.6523669576418896,
        "recall": 0.5801526717557252,
        "f1-score": 0.6038562009851929,
        "support": 1048.0
    }
}