{
    "DOWN": {
        "precision": 0.831764705882353,
        "recall": 0.37190952130457655,
        "f1-score": 0.5139949109414758,
        "support": 3802.0
    },
    "UP": {
        "precision": 0.10022607385079126,
        "recall": 0.48188405797101447,
        "f1-score": 0.16593886462882096,
        "support": 552.0
    },
    "accuracy": 0.3858520900321543,
    "macro avg": {
        "precision": 0.46599538986657213,
        "recall": 0.42689678963779554,
        "f1-score": 0.3399668877851484,
        "support": 4354.0
    },
    "weighted avg": {
        "precision": 0.739020258275228,
        "recall": 0.3858520900321543,
        "f1-score": 0.4698683749826826,
        "support": 4354.0
    }
}