{
    "DOWN": {
        "precision": 0.7701149425287356,
        "recall": 0.06640237859266601,
        "f1-score": 0.12226277372262773,
        "support": 1009.0
    },
    "UP": {
        "precision": 0.05421686746987952,
        "recall": 0.7297297297297297,
        "f1-score": 0.10093457943925234,
        "support": 74.0
    },
    "accuracy": 0.11172668513388735,
    "macro avg": {
        "precision": 0.41216590499930755,
        "recall": 0.3980660541611979,
        "f1-score": 0.11159867658094003,
        "support": 1083.0
    },
    "weighted avg": {
        "precision": 0.7211985458949818,
        "recall": 0.11172668513388735,
        "f1-score": 0.12080544558138141,
        "support": 1083.0
    }
}