{
    "DOWN": {
        "precision": 0.53125,
        "recall": 0.17894736842105263,
        "f1-score": 0.2677165354330709,
        "support": 95.0
    },
    "UP": {
        "precision": 0.2972972972972973,
        "recall": 0.6875,
        "f1-score": 0.41509433962264153,
        "support": 48.0
    },
    "accuracy": 0.34965034965034963,
    "macro avg": {
        "precision": 0.4142736486486487,
        "recall": 0.4332236842105263,
        "f1-score": 0.34140543752785624,
        "support": 143.0
    },
    "weighted avg": {
        "precision": 0.4527204214704215,
        "recall": 0.34965034965034963,
        "f1-score": 0.31718600816803166,
        "support": 143.0
    }
}