{
    "R2": 0.9867268745218724,
    "RMSE": 60.89940723030483,
    "MSE": 3708.737801002504,
    "MAPE": 0.035061260244125265,
    "ACMAPE": 1.064199908979316
}