{
    "R2": -0.10248299970137631,
    "RMSE": 54.97732290730356,
    "MSE": 3022.506034053925,
    "MAPE": 0.11795840405465893,
    "ACMAPE": 0.9635688985047094
}