{
    "DOWN": {
        "precision": 0.6716417910447762,
        "recall": 0.6716417910447762,
        "f1-score": 0.6716417910447762,
        "support": 469.0
    },
    "UP": {
        "precision": 0.42962962962962964,
        "recall": 0.42962962962962964,
        "f1-score": 0.4296296296296296,
        "support": 270.0
    },
    "accuracy": 0.5832205683355887,
    "macro avg": {
        "precision": 0.5506357103372029,
        "recall": 0.5506357103372029,
        "f1-score": 0.5506357103372028,
        "support": 739.0
    },
    "weighted avg": {
        "precision": 0.5832205683355887,
        "recall": 0.5832205683355887,
        "f1-score": 0.5832205683355887,
        "support": 739.0
    }
}