{
    "R2": 0.956656524207941,
    "RMSE": 27.482278860429474,
    "MSE": 755.2756513624088,
    "MAPE": 0.007957642368200749,
    "ACMAPE": 2.0079576423682006
}