{
    "DOWN": {
        "precision": 0.7435294117647059,
        "recall": 0.5476603119584056,
        "f1-score": 0.6307385229540919,
        "support": 577.0
    },
    "UP": {
        "precision": 0.3442211055276382,
        "recall": 0.556910569105691,
        "f1-score": 0.42546583850931674,
        "support": 246.0
    },
    "accuracy": 0.5504252733900364,
    "macro avg": {
        "precision": 0.543875258646172,
        "recall": 0.5522854405320483,
        "f1-score": 0.5281021807317043,
        "support": 823.0
    },
    "weighted avg": {
        "precision": 0.6241735875431765,
        "recall": 0.5504252733900364,
        "f1-score": 0.5693811956473912,
        "support": 823.0
    }
}