{
    "R2": 0.9519238844562797,
    "RMSE": 76.91983641361392,
    "MSE": 5916.661233897126,
    "MAPE": 0.02942740111273131,
    "ACMAPE": 0.9932828227994783
}