{
    "DOWN": {
        "precision": 0.8859991330732553,
        "recall": 0.5810119386014782,
        "f1-score": 0.7018025751072962,
        "support": 3518.0
    },
    "UP": {
        "precision": 0.19716775599128541,
        "recall": 0.5792,
        "f1-score": 0.2941893539211703,
        "support": 625.0
    },
    "accuracy": 0.5807385952208545,
    "macro avg": {
        "precision": 0.5415834445322704,
        "recall": 0.5801059693007391,
        "f1-score": 0.4979959645142332,
        "support": 4143.0
    },
    "weighted avg": {
        "precision": 0.7820841896322146,
        "recall": 0.5807385952208546,
        "f1-score": 0.6403113216095099,
        "support": 4143.0
    }
}