{
    "DOWN": {
        "precision": 0.6820175438596491,
        "recall": 0.47553516819571867,
        "f1-score": 0.5603603603603604,
        "support": 654.0
    },
    "UP": {
        "precision": 0.3706422018348624,
        "recall": 0.5821325648414986,
        "f1-score": 0.45291479820627806,
        "support": 347.0
    },
    "accuracy": 0.5124875124875125,
    "macro avg": {
        "precision": 0.5263298728472557,
        "recall": 0.5288338665186086,
        "f1-score": 0.5066375792833192,
        "support": 1001.0
    },
    "weighted avg": {
        "precision": 0.5740782394814264,
        "recall": 0.5124875124875125,
        "f1-score": 0.5231139966565976,
        "support": 1001.0
    }
}