{
    "R2": 0.9018472678281311,
    "RMSE": 271.66982740654345,
    "MSE": 73804.4951231011,
    "MAPE": 0.028291657648149848,
    "ACMAPE": 0.6753504811775616
}