{
    "R2": 0.9581220298303198,
    "RMSE": 1.0880862986580662,
    "MSE": 1.1839317933274103,
    "MAPE": 0.009109584614306866,
    "ACMAPE": 1.3397383878597429
}