{
    "R2": -0.9818754380235686,
    "RMSE": 5.632920322106255,
    "MSE": 31.729791355197637,
    "MAPE": 0.060687109925578325,
    "ACMAPE": 0.8185818467676835
}