{
    "R2": 0.9975673345774551,
    "RMSE": 80.07412576280734,
    "MSE": 6411.865616677887,
    "MAPE": 0.08005205647171718,
    "ACMAPE": 1.419264654896914
}