{
    "R2": 0.9889812039004953,
    "RMSE": 1814.75852806838,
    "MSE": 3293348.5151969134,
    "MAPE": 0.029041582334164703,
    "ACMAPE": 0.9886004058635763
}