{
    "DOWN": {
        "precision": 0.712707182320442,
        "recall": 0.47513812154696133,
        "f1-score": 0.5701657458563536,
        "support": 543.0
    },
    "UP": {
        "precision": 0.45297504798464494,
        "recall": 0.6941176470588235,
        "f1-score": 0.5481997677119629,
        "support": 340.0
    },
    "accuracy": 0.5594563986409966,
    "macro avg": {
        "precision": 0.5828411151525434,
        "recall": 0.5846278843028925,
        "f1-score": 0.5591827567841583,
        "support": 883.0
    },
    "weighted avg": {
        "precision": 0.6126970739691725,
        "recall": 0.5594563986409966,
        "f1-score": 0.5617077248268034,
        "support": 883.0
    }
}