{
    "R2": 0.9794553771741816,
    "RMSE": 28.495740201280274,
    "MSE": 812.0072096188608,
    "MAPE": 0.027693640654833724,
    "ACMAPE": 0.9973906103518034
}