{
    "R2": 0.9825062156449021,
    "RMSE": 10.227816691288975,
    "MSE": 104.60823427060934,
    "MAPE": 0.031132747627421214,
    "ACMAPE": 0.9535835728591644
}