{
    "DOWN": {
        "precision": 0.7527472527472527,
        "recall": 0.3577023498694517,
        "f1-score": 0.48495575221238935,
        "support": 766.0
    },
    "UP": {
        "precision": 0.27540500736377027,
        "recall": 0.6750902527075813,
        "f1-score": 0.39121338912133896,
        "support": 277.0
    },
    "accuracy": 0.4419942473633749,
    "macro avg": {
        "precision": 0.5140761300555114,
        "recall": 0.5163963012885164,
        "f1-score": 0.4380845706668641,
        "support": 1043.0
    },
    "weighted avg": {
        "precision": 0.6259746717585426,
        "recall": 0.4419942473633749,
        "f1-score": 0.4600596500300107,
        "support": 1043.0
    }
}