{
    "DOWN": {
        "precision": 0.8109756097560976,
        "recall": 0.588495575221239,
        "f1-score": 0.6820512820512821,
        "support": 226.0
    },
    "UP": {
        "precision": 0.4715909090909091,
        "recall": 0.7280701754385965,
        "f1-score": 0.5724137931034483,
        "support": 114.0
    },
    "accuracy": 0.6352941176470588,
    "macro avg": {
        "precision": 0.6412832594235034,
        "recall": 0.6582828753299177,
        "f1-score": 0.6272325375773652,
        "support": 340.0
    },
    "weighted avg": {
        "precision": 0.6971819160036521,
        "recall": 0.6352941176470588,
        "f1-score": 0.645290476933479,
        "support": 340.0
    }
}