{
    "DOWN": {
        "precision": 0.7458952306489445,
        "recall": 0.6206896551724138,
        "f1-score": 0.6775568181818182,
        "support": 3074.0
    },
    "UP": {
        "precision": 0.3754686663095876,
        "recall": 0.5188749074759438,
        "f1-score": 0.43567433188315724,
        "support": 1351.0
    },
    "accuracy": 0.5896045197740113,
    "macro avg": {
        "precision": 0.560681948479266,
        "recall": 0.5697822813241789,
        "f1-score": 0.5566155750324877,
        "support": 4425.0
    },
    "weighted avg": {
        "precision": 0.6328000242257872,
        "recall": 0.5896045197740113,
        "f1-score": 0.6037074986361706,
        "support": 4425.0
    }
}