{
    "R2": 0.9951300255658571,
    "RMSE": 40.290292853072714,
    "MSE": 1623.3076981863624,
    "MAPE": 0.008464118947288048,
    "ACMAPE": 1.7018210272574674
}