{
    "R2": 0.985783223835594,
    "RMSE": 7.147633496191845,
    "MSE": 51.08866459588366,
    "MAPE": 0.020515020650871046,
    "ACMAPE": 0.9170667447888021
}