{
    "R2": -1.2225142732992973,
    "RMSE": 222.57500205549962,
    "MSE": 49539.63154000566,
    "MAPE": 0.7730809400873544,
    "ACMAPE": 1.9305900975965118
}