{
    "R2": 0.975595458818727,
    "RMSE": 23.869647481225908,
    "MSE": 569.7600708779943,
    "MAPE": 0.04216395517882359,
    "ACMAPE": 1.0259037925771974
}