{
    "R2": 0.7900651698159659,
    "RMSE": 12.161070538196723,
    "MSE": 147.89163663499636,
    "MAPE": 0.03166107146840334,
    "ACMAPE": 0.8598072149054805
}