{
    "R2": 0.6757734407690728,
    "RMSE": 38.16383768641365,
    "MSE": 1456.4785069549266,
    "MAPE": 0.045666696073122376,
    "ACMAPE": 0.7383170301488461
}