{
    "R2": 0.9566857088388534,
    "RMSE": 24.54222597322297,
    "MSE": 602.3208557207402,
    "MAPE": 0.031572568603637365,
    "ACMAPE": 0.9549004641990696
}