{
    "DOWN": {
        "precision": 0.6371191135734072,
        "recall": 0.6020942408376964,
        "f1-score": 0.6191117092866758,
        "support": 382.0
    },
    "UP": {
        "precision": 0.3968253968253968,
        "recall": 0.4329004329004329,
        "f1-score": 0.41407867494824013,
        "support": 231.0
    },
    "accuracy": 0.5383360522022839,
    "macro avg": {
        "precision": 0.516972255199402,
        "recall": 0.5174973368690646,
        "f1-score": 0.516595192117458,
        "support": 613.0
    },
    "weighted avg": {
        "precision": 0.5465679739832108,
        "recall": 0.5383360522022839,
        "f1-score": 0.5418480372929096,
        "support": 613.0
    }
}