{
    "DOWN": {
        "precision": 0.7628128724672228,
        "recall": 0.4735479097299297,
        "f1-score": 0.5843414745491897,
        "support": 2703.0
    },
    "UP": {
        "precision": 0.1933106575963719,
        "recall": 0.4614343707713126,
        "f1-score": 0.2724730323611666,
        "support": 739.0
    },
    "accuracy": 0.4709471237652528,
    "macro avg": {
        "precision": 0.47806176503179737,
        "recall": 0.46749114025062116,
        "f1-score": 0.42840725345517816,
        "support": 3442.0
    },
    "weighted avg": {
        "precision": 0.6405403167468398,
        "recall": 0.4709471237652528,
        "f1-score": 0.5173830844338646,
        "support": 3442.0
    }
}