{
    "DOWN": {
        "precision": 0.6604215456674473,
        "recall": 0.5117967332123412,
        "f1-score": 0.5766871165644171,
        "support": 551.0
    },
    "UP": {
        "precision": 0.3700234192037471,
        "recall": 0.5214521452145214,
        "f1-score": 0.4328767123287671,
        "support": 303.0
    },
    "accuracy": 0.5152224824355972,
    "macro avg": {
        "precision": 0.5152224824355972,
        "recall": 0.5166244392134314,
        "f1-score": 0.5047819144465922,
        "support": 854.0
    },
    "weighted avg": {
        "precision": 0.5573880183624108,
        "recall": 0.5152224824355972,
        "f1-score": 0.5256630504246023,
        "support": 854.0
    }
}