{
    "R2": 0.9836001460330404,
    "RMSE": 187.06864453360268,
    "MSE": 34994.67776763939,
    "MAPE": 0.03853341781238482,
    "ACMAPE": 1.0396006536715097
}