{
    "DOWN": {
        "precision": 0.5282555282555282,
        "recall": 0.9641255605381166,
        "f1-score": 0.6825396825396824,
        "support": 223.0
    },
    "UP": {
        "precision": 0.42857142857142855,
        "recall": 0.030303030303030304,
        "f1-score": 0.056603773584905655,
        "support": 198.0
    },
    "accuracy": 0.5249406175771971,
    "macro avg": {
        "precision": 0.47841347841347837,
        "recall": 0.49721429542057344,
        "f1-score": 0.36957172806229405,
        "support": 421.0
    },
    "weighted avg": {
        "precision": 0.4813732200905597,
        "recall": 0.5249406175771971,
        "f1-score": 0.3881565234588135,
        "support": 421.0
    }
}