{
    "DOWN": {
        "precision": 0.6186440677966102,
        "recall": 0.4451219512195122,
        "f1-score": 0.5177304964539008,
        "support": 164.0
    },
    "UP": {
        "precision": 0.3973509933774834,
        "recall": 0.5714285714285714,
        "f1-score": 0.46874999999999994,
        "support": 105.0
    },
    "accuracy": 0.4944237918215613,
    "macro avg": {
        "precision": 0.5079975305870468,
        "recall": 0.5082752613240418,
        "f1-score": 0.49324024822695034,
        "support": 269.0
    },
    "weighted avg": {
        "precision": 0.5322657301980663,
        "recall": 0.4944237918215613,
        "f1-score": 0.4986117153101849,
        "support": 269.0
    }
}