{
    "R2": 0.9901428174164784,
    "RMSE": 9.836115313666879,
    "MSE": 96.7491644637521,
    "MAPE": 0.0300217082550855,
    "ACMAPE": 0.6741277432240647
}