{
    "R2": 0.9685014189392096,
    "RMSE": 37.08116088718841,
    "MSE": 1375.0124927415518,
    "MAPE": 0.04415063981137542,
    "ACMAPE": 1.0274985802145304
}