{
    "R2": 0.9163882783696795,
    "RMSE": 11.27228443078795,
    "MSE": 127.06439628858443,
    "MAPE": 0.049795975075412065,
    "ACMAPE": 0.9506458334323525
}