{
    "DOWN": {
        "precision": 0.6436170212765957,
        "recall": 0.24346076458752516,
        "f1-score": 0.3532846715328467,
        "support": 497.0
    },
    "UP": {
        "precision": 0.3616298811544992,
        "recall": 0.7607142857142857,
        "f1-score": 0.4902186421173763,
        "support": 280.0
    },
    "accuracy": 0.42985842985842987,
    "macro avg": {
        "precision": 0.5026234512155474,
        "recall": 0.5020875251509054,
        "f1-score": 0.4217516568251115,
        "support": 777.0
    },
    "weighted avg": {
        "precision": 0.5420000338452096,
        "recall": 0.42985842985842987,
        "f1-score": 0.4026302465182628,
        "support": 777.0
    }
}