{
    "DOWN": {
        "precision": 0.7944751381215469,
        "recall": 0.4815807099799062,
        "f1-score": 0.5996663886572143,
        "support": 2986.0
    },
    "UP": {
        "precision": 0.3222416812609457,
        "recall": 0.6642599277978339,
        "f1-score": 0.43396226415094336,
        "support": 1108.0
    },
    "accuracy": 0.5310210063507572,
    "macro avg": {
        "precision": 0.5583584096912463,
        "recall": 0.5729203188888701,
        "f1-score": 0.5168143264040789,
        "support": 4094.0
    },
    "weighted avg": {
        "precision": 0.6666698938124247,
        "recall": 0.5310210063507572,
        "f1-score": 0.5548202308768166,
        "support": 4094.0
    }
}