{
    "R2": 0.9896517718577748,
    "RMSE": 218.23393353227013,
    "MSE": 47626.04974496729,
    "MAPE": 0.08328711108687237,
    "ACMAPE": 1.3071578661148973
}