{
    "R2": 0.9857952458735757,
    "RMSE": 63.99923900577248,
    "MSE": 4095.9025933179896,
    "MAPE": 0.027873013031832202,
    "ACMAPE": 0.8540623677185962
}