{
    "R2": 0.9704503277367084,
    "RMSE": 69.21450352157018,
    "MSE": 4790.64749773745,
    "MAPE": 0.02517898783278469,
    "ACMAPE": 0.9078605520785948
}