{
    "DOWN": {
        "precision": 0.6416382252559727,
        "recall": 0.6025641025641025,
        "f1-score": 0.6214876033057851,
        "support": 312.0
    },
    "UP": {
        "precision": 0.3641025641025641,
        "recall": 0.4034090909090909,
        "f1-score": 0.38274932614555257,
        "support": 176.0
    },
    "accuracy": 0.5307377049180327,
    "macro avg": {
        "precision": 0.5028703946792684,
        "recall": 0.5029865967365967,
        "f1-score": 0.5021184647256689,
        "support": 488.0
    },
    "weighted avg": {
        "precision": 0.5415433966432679,
        "recall": 0.5307377049180327,
        "f1-score": 0.5353852738381601,
        "support": 488.0
    }
}