{
    "R2": 0.8667694668314774,
    "RMSE": 32.199404031673495,
    "MSE": 1036.8016199949511,
    "MAPE": 0.07200842131646329,
    "ACMAPE": 1.8133127691425504
}