{
    "DOWN": {
        "precision": 0.7390684410646388,
        "recall": 0.5575475080674077,
        "f1-score": 0.6356018802370734,
        "support": 2789.0
    },
    "UP": {
        "precision": 0.32011019283746556,
        "recall": 0.5141592920353982,
        "f1-score": 0.39456706281833615,
        "support": 1130.0
    },
    "accuracy": 0.5450369992344986,
    "macro avg": {
        "precision": 0.5295893169510522,
        "recall": 0.535853400051403,
        "f1-score": 0.5150844715277048,
        "support": 3919.0
    },
    "weighted avg": {
        "precision": 0.6182664965643312,
        "recall": 0.5450369992344986,
        "f1-score": 0.5661021752911246,
        "support": 3919.0
    }
}