{
    "DOWN": {
        "precision": 0.7616926503340757,
        "recall": 0.4576271186440678,
        "f1-score": 0.5717470047366955,
        "support": 2242.0
    },
    "UP": {
        "precision": 0.30275229357798167,
        "recall": 0.6219081272084805,
        "f1-score": 0.40725028924026224,
        "support": 849.0
    },
    "accuracy": 0.5027499191200259,
    "macro avg": {
        "precision": 0.5322224719560287,
        "recall": 0.5397676229262742,
        "f1-score": 0.4894986469884789,
        "support": 3091.0
    },
    "weighted avg": {
        "precision": 0.6356362404712728,
        "recall": 0.5027499191200259,
        "f1-score": 0.5265649563845533,
        "support": 3091.0
    }
}