{
    "R2": 0.6639266213137602,
    "RMSE": 1.372838744576592,
    "MSE": 1.8846862186106328,
    "MAPE": 0.04176731937288711,
    "ACMAPE": 1.2775396770964644
}