{
    "DOWN": {
        "precision": 0.6695906432748538,
        "recall": 0.7495908346972177,
        "f1-score": 0.7073359073359073,
        "support": 611.0
    },
    "UP": {
        "precision": 0.49,
        "recall": 0.3941018766756032,
        "f1-score": 0.4368499257057949,
        "support": 373.0
    },
    "accuracy": 0.6148373983739838,
    "macro avg": {
        "precision": 0.579795321637427,
        "recall": 0.5718463556864104,
        "f1-score": 0.5720929165208511,
        "support": 984.0
    },
    "weighted avg": {
        "precision": 0.6015141087814387,
        "recall": 0.6148373983739838,
        "f1-score": 0.6048041277139238,
        "support": 984.0
    }
}