{
    "R2": 0.9793915062495835,
    "RMSE": 8.392752982515299,
    "MSE": 70.43830262551944,
    "MAPE": 0.0336544236875335,
    "ACMAPE": 1.0290508431248737
}