{
    "R2": 0.9854291320187127,
    "RMSE": 369.83576450302184,
    "MSE": 136778.49270553462,
    "MAPE": 0.06808747406132634,
    "ACMAPE": 1.1558819066095063
}