{
    "R2": -3.4909436539069763,
    "RMSE": 61.19328577234936,
    "MSE": 3744.618223616415,
    "MAPE": 0.1599170458704732,
    "ACMAPE": 1.480342989723329
}