{
    "R2": 0.6474184028345255,
    "RMSE": 19.554511956539216,
    "MSE": 382.3789378584351,
    "MAPE": 0.02977994629094797,
    "ACMAPE": 1.404779946290948
}