{
    "DOWN": {
        "precision": 0.6627906976744186,
        "recall": 0.46153846153846156,
        "f1-score": 0.5441527446300716,
        "support": 494.0
    },
    "UP": {
        "precision": 0.3248730964467005,
        "recall": 0.5245901639344263,
        "f1-score": 0.4012539184952978,
        "support": 244.0
    },
    "accuracy": 0.4823848238482385,
    "macro avg": {
        "precision": 0.4938318970605595,
        "recall": 0.4930643127364439,
        "f1-score": 0.4727033315626847,
        "support": 738.0
    },
    "weighted avg": {
        "precision": 0.5510672631221648,
        "recall": 0.4823848238482385,
        "f1-score": 0.4969070622765691,
        "support": 738.0
    }
}