{
    "DOWN": {
        "precision": 0.7112299465240641,
        "recall": 0.7388888888888889,
        "f1-score": 0.7247956403269755,
        "support": 720.0
    },
    "UP": {
        "precision": 0.3935483870967742,
        "recall": 0.3609467455621302,
        "f1-score": 0.3765432098765432,
        "support": 338.0
    },
    "accuracy": 0.6181474480151229,
    "macro avg": {
        "precision": 0.5523891668104192,
        "recall": 0.5499178172255096,
        "f1-score": 0.5506694251017594,
        "support": 1058.0
    },
    "weighted avg": {
        "precision": 0.6097399965368958,
        "recall": 0.6181474480151229,
        "f1-score": 0.6135391927917713,
        "support": 1058.0
    }
}