{
    "DOWN": {
        "precision": 0.6122004357298475,
        "recall": 0.4496,
        "f1-score": 0.518450184501845,
        "support": 625.0
    },
    "UP": {
        "precision": 0.39436619718309857,
        "recall": 0.5572139303482587,
        "f1-score": 0.4618556701030927,
        "support": 402.0
    },
    "accuracy": 0.4917234664070107,
    "macro avg": {
        "precision": 0.5032833164564731,
        "recall": 0.5034069651741293,
        "f1-score": 0.49015292730246884,
        "support": 1027.0
    },
    "weighted avg": {
        "precision": 0.5269332849062904,
        "recall": 0.4917234664070107,
        "f1-score": 0.4962973171325184,
        "support": 1027.0
    }
}