{
    "R2": 0.3561932752676964,
    "RMSE": 118.31005944311484,
    "MSE": 13997.270165433367,
    "MAPE": 0.017121325964220772,
    "ACMAPE": 0.5493793904803498
}