{
    "R2": 0.9925145667152236,
    "RMSE": 115.2909300278762,
    "MSE": 13291.998546692646,
    "MAPE": 1642144547117618.2,
    "ACMAPE": 1642144547117619.2
}