{
    "R2": 0.7086097419085076,
    "RMSE": 364.9548656129671,
    "MSE": 133192.0539345789,
    "MAPE": 0.07330376789989494,
    "ACMAPE": 1.4221409772022204
}