{
    "R2": 0.996984288002557,
    "RMSE": 54.41920932038352,
    "MSE": 2961.450343055717,
    "MAPE": 0.0235628909982816,
    "ACMAPE": 0.9553314499502467
}