{
    "R2": 0.7129964450225559,
    "RMSE": 91.62453233590016,
    "MSE": 8395.054925772414,
    "MAPE": 0.10428066761959867,
    "ACMAPE": 1.3298125825132157
}