{
    "DOWN": {
        "precision": 0.6727145847871598,
        "recall": 0.4523697794462694,
        "f1-score": 0.5409652076318743,
        "support": 2131.0
    },
    "UP": {
        "precision": 0.3732545649838883,
        "recall": 0.5970790378006873,
        "f1-score": 0.4593522802379379,
        "support": 1164.0
    },
    "accuracy": 0.5034901365705614,
    "macro avg": {
        "precision": 0.5229845748855241,
        "recall": 0.5247244086234784,
        "f1-score": 0.5001587439349061,
        "support": 3295.0
    },
    "weighted avg": {
        "precision": 0.566926583861209,
        "recall": 0.5034901365705614,
        "f1-score": 0.5121344193203289,
        "support": 3295.0
    }
}