{
    "R2": 0.9669732469428125,
    "RMSE": 34.340681845192755,
    "MSE": 1179.2824295927512,
    "MAPE": 0.17863168875138646,
    "ACMAPE": 1.3973816887513864
}