{
    "R2": 0.598006855727641,
    "RMSE": 14.4425602903831,
    "MSE": 208.58754774135076,
    "MAPE": 0.0413256841970399,
    "ACMAPE": 0.9853256841970398
}