{
    "DOWN": {
        "precision": 0.8019966722129783,
        "recall": 0.5727866904337493,
        "f1-score": 0.6682842287694974,
        "support": 3366.0
    },
    "UP": {
        "precision": 0.30931796349663787,
        "recall": 0.575,
        "f1-score": 0.40224859462835727,
        "support": 1120.0
    },
    "accuracy": 0.5733392777530094,
    "macro avg": {
        "precision": 0.5556573178548081,
        "recall": 0.5738933452168746,
        "f1-score": 0.5352664116989274,
        "support": 4486.0
    },
    "weighted avg": {
        "precision": 0.6789917337907088,
        "recall": 0.5733392777530094,
        "f1-score": 0.6018642755287313,
        "support": 4486.0
    }
}