{
    "R2": 0.4762081748746023,
    "RMSE": 38.510929087881756,
    "MSE": 1483.0916592118574,
    "MAPE": 0.0287464124795177,
    "ACMAPE": 1.3072274251377456
}