{
    "DOWN": {
        "precision": 0.76,
        "recall": 0.48717948717948717,
        "f1-score": 0.59375,
        "support": 39.0
    },
    "UP": {
        "precision": 0.47368421052631576,
        "recall": 0.75,
        "f1-score": 0.5806451612903226,
        "support": 24.0
    },
    "accuracy": 0.5873015873015873,
    "macro avg": {
        "precision": 0.6168421052631579,
        "recall": 0.6185897435897436,
        "f1-score": 0.5871975806451613,
        "support": 63.0
    },
    "weighted avg": {
        "precision": 0.6509273182957392,
        "recall": 0.5873015873015873,
        "f1-score": 0.5887576804915515,
        "support": 63.0
    }
}