{
    "R2": 0.8437060686377225,
    "RMSE": 66.25969979337913,
    "MSE": 4390.347816708725,
    "MAPE": 0.07539469370634214,
    "ACMAPE": 1.1456649639766123
}