{
    "R2": 0.8012816213663888,
    "RMSE": 68.1386549712592,
    "MSE": 4642.8763012923055,
    "MAPE": 0.12940650573105242,
    "ACMAPE": 1.1882300351428172
}