{
    "R2": 0.9770281320760841,
    "RMSE": 57.60735673731206,
    "MSE": 3318.607550259933,
    "MAPE": 0.044216492725864295,
    "ACMAPE": 1.0495074980168697
}