{
    "R2": 0.950919240829681,
    "RMSE": 74.63114205034059,
    "MSE": 5569.807363738115,
    "MAPE": 0.07871616422139123,
    "ACMAPE": 1.17733758521821
}