{
    "R2": 0.9946732174493436,
    "RMSE": 133.47592714967706,
    "MSE": 17815.8231284659,
    "MAPE": 729447035720650.5,
    "ACMAPE": 729447035720651.6
}