{
    "DOWN": {
        "precision": 0.7186091435930457,
        "recall": 0.4007181328545781,
        "f1-score": 0.5145228215767634,
        "support": 2785
    },
    "UP": {
        "precision": 0.3503308680420397,
        "recall": 0.6731488406881077,
        "f1-score": 0.46082949308755755,
        "support": 1337
    },
    "accuracy": 0.4890829694323144,
    "macro avg": {
        "precision": 0.5344700058175427,
        "recall": 0.5369334867713429,
        "f1-score": 0.4876761573321605,
        "support": 4122
    },
    "weighted avg": {
        "precision": 0.5991554671224744,
        "recall": 0.4890829694323144,
        "f1-score": 0.4971070088183772,
        "support": 4122
    }
}