{
    "R2": -0.007926341887594779,
    "RMSE": 208.17190273394647,
    "MSE": 43335.541087871665,
    "MAPE": 0.1317293091304442,
    "ACMAPE": 1.4198649023507832
}