{
    "DOWN": {
        "precision": 0.8522012578616353,
        "recall": 0.5969162995594713,
        "f1-score": 0.7020725388601036,
        "support": 454
    },
    "UP": {
        "precision": 0.4208860759493671,
        "recall": 0.7388888888888889,
        "f1-score": 0.5362903225806451,
        "support": 180
    },
    "accuracy": 0.637223974763407,
    "macro avg": {
        "precision": 0.6365436669055011,
        "recall": 0.6679025942241801,
        "f1-score": 0.6191814307203743,
        "support": 634
    },
    "weighted avg": {
        "precision": 0.7297458434385937,
        "recall": 0.637223974763407,
        "f1-score": 0.6550050326608882,
        "support": 634
    }
}