{
    "R2": 0.8507978557496216,
    "RMSE": 119.5054463158343,
    "MSE": 14281.551699146754,
    "MAPE": 0.046656817986218485,
    "ACMAPE": 0.9232000278627616
}