{
    "R2": 0.8023355714122768,
    "RMSE": 137.55121361668392,
    "MSE": 18920.336367422617,
    "MAPE": 0.054462509759221206,
    "ACMAPE": 1.0174254727221843
}