{
    "R2": 0.9635064827454293,
    "RMSE": 5.180694367555597,
    "MSE": 26.839594130022295,
    "MAPE": 0.0667484292239042,
    "ACMAPE": 1.0279314236786177
}