{
    "DOWN": {
        "precision": 0.7105263157894737,
        "recall": 0.21976744186046512,
        "f1-score": 0.33570159857904086,
        "support": 860
    },
    "UP": {
        "precision": 0.17769607843137256,
        "recall": 0.6531531531531531,
        "f1-score": 0.279383429672447,
        "support": 222
    },
    "accuracy": 0.30868761552680224,
    "macro avg": {
        "precision": 0.44411119711042313,
        "recall": 0.43646029750680915,
        "f1-score": 0.30754251412574396,
        "support": 1082
    },
    "weighted avg": {
        "precision": 0.6012025517474234,
        "recall": 0.30868761552680224,
        "f1-score": 0.32414648444108907,
        "support": 1082
    }
}