{
    "R2": 0.9349598301356339,
    "RMSE": 24.473790046046272,
    "MSE": 598.9663992179536,
    "MAPE": 0.04540724067800928,
    "ACMAPE": 1.381821288737159
}