{
    "DOWN": {
        "precision": 0.55,
        "recall": 0.014120667522464698,
        "f1-score": 0.02753441802252816,
        "support": 779
    },
    "UP": {
        "precision": 0.22736418511066397,
        "recall": 0.9617021276595744,
        "f1-score": 0.3677786818551668,
        "support": 235
    },
    "accuracy": 0.23372781065088757,
    "macro avg": {
        "precision": 0.38868209255533204,
        "recall": 0.48791139759101954,
        "f1-score": 0.1976565499388475,
        "support": 1014
    },
    "weighted avg": {
        "precision": 0.47522739990237284,
        "recall": 0.23372781065088757,
        "f1-score": 0.10638787167210417,
        "support": 1014
    }
}