{
    "DOWN": {
        "precision": 0.8987873134328358,
        "recall": 0.5103283898305084,
        "f1-score": 0.6510135135135134,
        "support": 3776
    },
    "UP": {
        "precision": 0.07826520438683948,
        "recall": 0.4197860962566845,
        "f1-score": 0.1319327731092437,
        "support": 374
    },
    "accuracy": 0.5021686746987952,
    "macro avg": {
        "precision": 0.48852625890983764,
        "recall": 0.46505724304359647,
        "f1-score": 0.39147314331137856,
        "support": 4150
    },
    "weighted avg": {
        "precision": 0.8248414655332689,
        "recall": 0.5021686746987952,
        "f1-score": 0.6042337070288877,
        "support": 4150
    }
}