{
    "R2": 0.9674103862895476,
    "RMSE": 57.2396255072666,
    "MSE": 3276.3747282121253,
    "MAPE": 0.05830784986117225,
    "ACMAPE": 1.0444510369281468
}