{
    "DOWN": {
        "precision": 0.7403598971722365,
        "recall": 0.10484164543137969,
        "f1-score": 0.18367346938775514,
        "support": 2747
    },
    "UP": {
        "precision": 0.05749329244921426,
        "recall": 0.5976095617529881,
        "f1-score": 0.1048951048951049,
        "support": 251
    },
    "accuracy": 0.14609739826551035,
    "macro avg": {
        "precision": 0.3989265948107254,
        "recall": 0.3512256035921839,
        "f1-score": 0.14428428714143002,
        "support": 2998
    },
    "weighted avg": {
        "precision": 0.6831886103858861,
        "recall": 0.14609739826551035,
        "f1-score": 0.17707794921175274,
        "support": 2998
    }
}