{
    "R2": 0.7104077490147311,
    "RMSE": 96.61599850098277,
    "MSE": 9334.651166341906,
    "MAPE": 0.1814332847045954,
    "ACMAPE": 1.1787737102365103
}