{
    "R2": 0.8509818595780276,
    "RMSE": 31.52623670840631,
    "MSE": 993.9036009944655,
    "MAPE": 0.06143260111008035,
    "ACMAPE": 0.9169566804301936
}