{
    "DOWN": {
        "precision": 0.7845433255269321,
        "recall": 0.49337260677466865,
        "f1-score": 0.6057866184448463,
        "support": 679
    },
    "UP": {
        "precision": 0.423785594639866,
        "recall": 0.7333333333333333,
        "f1-score": 0.5371549893842886,
        "support": 345
    },
    "accuracy": 0.57421875,
    "macro avg": {
        "precision": 0.6041644600833991,
        "recall": 0.613352970054001,
        "f1-score": 0.5714708039145675,
        "support": 1024
    },
    "weighted avg": {
        "precision": 0.6629989728354889,
        "recall": 0.57421875,
        "f1-score": 0.5826636574820607,
        "support": 1024
    }
}