{
    "R2": 0.9795459158814506,
    "RMSE": 16.42382838325546,
    "MSE": 269.74213876262775,
    "MAPE": 301333949338117.1,
    "ACMAPE": 301333949338118.1
}