{
    "R2": 0.9929292788923627,
    "RMSE": 7.100546336174504,
    "MSE": 50.41775827216117,
    "MAPE": 0.06073291254997321,
    "ACMAPE": 1.0669003134310304
}