{
    "DOWN": {
        "precision": 0.6708860759493671,
        "recall": 0.5208845208845209,
        "f1-score": 0.586445366528354,
        "support": 407
    },
    "UP": {
        "precision": 0.2261904761904762,
        "recall": 0.35403726708074534,
        "f1-score": 0.2760290556900727,
        "support": 161
    },
    "accuracy": 0.4735915492957746,
    "macro avg": {
        "precision": 0.44853827606992164,
        "recall": 0.4374608939826331,
        "f1-score": 0.4312372111092133,
        "support": 568
    },
    "weighted avg": {
        "precision": 0.5448367950317942,
        "recall": 0.4735915492957746,
        "f1-score": 0.49845764461820735,
        "support": 568
    }
}