{
    "R2": 0.3335215491355853,
    "RMSE": 56.191365282664016,
    "MSE": 3157.4695323297788,
    "MAPE": 0.04751139356796647,
    "ACMAPE": 0.6597562915271502
}