{
    "DOWN": {
        "precision": 0.7692307692307693,
        "recall": 0.30303030303030304,
        "f1-score": 0.43478260869565216,
        "support": 66
    },
    "UP": {
        "precision": 0.4588235294117647,
        "recall": 0.8666666666666667,
        "f1-score": 0.6,
        "support": 45
    },
    "accuracy": 0.5315315315315315,
    "macro avg": {
        "precision": 0.614027149321267,
        "recall": 0.5848484848484848,
        "f1-score": 0.5173913043478261,
        "support": 111
    },
    "weighted avg": {
        "precision": 0.6433899963311728,
        "recall": 0.5315315315315315,
        "f1-score": 0.5017626321974148,
        "support": 111
    }
}