{
    "R2": 0.9901277300895281,
    "RMSE": 36.00282365848,
    "MSE": 1296.203311383607,
    "MAPE": 0.026410961408468582,
    "ACMAPE": 0.8175859229271961
}