{
    "R2": 0.9889933038189438,
    "RMSE": 49.931889238881894,
    "MSE": 2493.1935629639693,
    "MAPE": 0.041804454393016464,
    "ACMAPE": 1.0128021342074016
}