{
    "DOWN": {
        "precision": 0.6650246305418719,
        "recall": 0.46075085324232085,
        "f1-score": 0.5443548387096774,
        "support": 293
    },
    "UP": {
        "precision": 0.3969465648854962,
        "recall": 0.6046511627906976,
        "f1-score": 0.4792626728110599,
        "support": 172
    },
    "accuracy": 0.513978494623656,
    "macro avg": {
        "precision": 0.530985597713684,
        "recall": 0.5327010080165092,
        "f1-score": 0.5118087557603687,
        "support": 465
    },
    "weighted avg": {
        "precision": 0.5658645718474705,
        "recall": 0.513978494623656,
        "f1-score": 0.5202777364848125,
        "support": 465
    }
}