{
    "R2": -0.6245111189489394,
    "RMSE": 17.770664789730656,
    "MSE": 315.7965270689729,
    "MAPE": 0.03455991981134731,
    "ACMAPE": 0.8816187433407592
}