{
    "R2": 0.9852384923527897,
    "RMSE": 22.42586744844079,
    "MSE": 502.9195308150363,
    "MAPE": 0.012110001932706976,
    "ACMAPE": 0.8231012705510943
}