{
    "DOWN": {
        "precision": 0.6346414073071719,
        "recall": 0.9532520325203252,
        "f1-score": 0.7619821283509342,
        "support": 492
    },
    "UP": {
        "precision": 0.43902439024390244,
        "recall": 0.0625,
        "f1-score": 0.10942249240121582,
        "support": 288
    },
    "accuracy": 0.6243589743589744,
    "macro avg": {
        "precision": 0.5368328987755372,
        "recall": 0.5078760162601625,
        "f1-score": 0.435702310376075,
        "support": 780
    },
    "weighted avg": {
        "precision": 0.5624135856222724,
        "recall": 0.6243589743589744,
        "f1-score": 0.521037032000269,
        "support": 780
    }
}