{
    "DOWN": {
        "precision": 0.7561497326203208,
        "recall": 0.9515477792732167,
        "f1-score": 0.8426698450536353,
        "support": 743
    },
    "UP": {
        "precision": 0.4461538461538462,
        "recall": 0.11284046692607004,
        "f1-score": 0.18012422360248448,
        "support": 257
    },
    "accuracy": 0.736,
    "macro avg": {
        "precision": 0.6011517893870835,
        "recall": 0.5321941230996433,
        "f1-score": 0.5113970343280598,
        "support": 1000
    },
    "weighted avg": {
        "precision": 0.6764807897984368,
        "recall": 0.736,
        "f1-score": 0.6723956203406896,
        "support": 1000
    }
}