{
    "R2": 0.920317547130549,
    "RMSE": 32.678160398945636,
    "MSE": 1067.8621670592186,
    "MAPE": 0.11655062010904949,
    "ACMAPE": 1.164169667728097
}