{
    "DOWN": {
        "precision": 0.8275862068965517,
        "recall": 0.2823529411764706,
        "f1-score": 0.42105263157894735,
        "support": 85
    },
    "UP": {
        "precision": 0.25609756097560976,
        "recall": 0.8076923076923077,
        "f1-score": 0.3888888888888889,
        "support": 26
    },
    "accuracy": 0.40540540540540543,
    "macro avg": {
        "precision": 0.5418418839360808,
        "recall": 0.5450226244343892,
        "f1-score": 0.4049707602339181,
        "support": 111
    },
    "weighted avg": {
        "precision": 0.6937240015457004,
        "recall": 0.40540540540540543,
        "f1-score": 0.41351878193983455,
        "support": 111
    }
}