{
    "DOWN": {
        "precision": 0.7355072463768116,
        "recall": 0.6766666666666666,
        "f1-score": 0.704861111111111,
        "support": 300
    },
    "UP": {
        "precision": 0.389937106918239,
        "recall": 0.45925925925925926,
        "f1-score": 0.4217687074829932,
        "support": 135
    },
    "accuracy": 0.6091954022988506,
    "macro avg": {
        "precision": 0.5627221766475253,
        "recall": 0.567962962962963,
        "f1-score": 0.5633149092970522,
        "support": 435
    },
    "weighted avg": {
        "precision": 0.6282613410275995,
        "recall": 0.6091954022988506,
        "f1-score": 0.6170048479161779,
        "support": 435
    }
}