{
    "DOWN": {
        "precision": 0.8711340206185567,
        "recall": 0.47017001545595055,
        "f1-score": 0.6107207388074685,
        "support": 3235
    },
    "UP": {
        "precision": 0.18652112007593735,
        "recall": 0.6359223300970874,
        "f1-score": 0.28844036697247705,
        "support": 618
    },
    "accuracy": 0.49675577472099663,
    "macro avg": {
        "precision": 0.528827570347247,
        "recall": 0.553046172776519,
        "f1-score": 0.4495805528899728,
        "support": 3853
    },
    "weighted avg": {
        "precision": 0.7613258782527798,
        "recall": 0.49675577472099663,
        "f1-score": 0.559028740418155,
        "support": 3853
    }
}