{
    "R2": 0.8542230314839481,
    "RMSE": 41.784593909528056,
    "MSE": 1745.952288184169,
    "MAPE": 0.03698260525748227,
    "ACMAPE": 1.0794881980986455
}