{
    "DOWN": {
        "precision": 0.736,
        "recall": 0.1597222222222222,
        "f1-score": 0.2624821683309557,
        "support": 576
    },
    "UP": {
        "precision": 0.17826825127334464,
        "recall": 0.7608695652173914,
        "f1-score": 0.2888583218707015,
        "support": 138
    },
    "accuracy": 0.2759103641456583,
    "macro avg": {
        "precision": 0.45713412563667233,
        "recall": 0.4602958937198068,
        "f1-score": 0.2756702451008286,
        "support": 714
    },
    "weighted avg": {
        "precision": 0.6282031073889657,
        "recall": 0.2759103641456583,
        "f1-score": 0.2675800803596461,
        "support": 714
    }
}