{
    "DOWN": {
        "precision": 0.8620296465222349,
        "recall": 0.2275737507525587,
        "f1-score": 0.3600857346987378,
        "support": 3322
    },
    "UP": {
        "precision": 0.22430471584038694,
        "recall": 0.8597914252607184,
        "f1-score": 0.3557899784224406,
        "support": 863
    },
    "accuracy": 0.35794504181600956,
    "macro avg": {
        "precision": 0.5431671811813109,
        "recall": 0.5436825880066385,
        "f1-score": 0.3579378565605892,
        "support": 4185
    },
    "weighted avg": {
        "precision": 0.7305226894903508,
        "recall": 0.35794504181600956,
        "f1-score": 0.3591998953519171,
        "support": 4185
    }
}