{
    "DOWN": {
        "precision": 0.740072202166065,
        "recall": 0.19825918762088976,
        "f1-score": 0.3127383676582761,
        "support": 1034
    },
    "UP": {
        "precision": 0.32160392798690673,
        "recall": 0.8451612903225807,
        "f1-score": 0.46591582691167754,
        "support": 465
    },
    "accuracy": 0.3989326217478319,
    "macro avg": {
        "precision": 0.5308380650764859,
        "recall": 0.5217102389717352,
        "f1-score": 0.38932709728497683,
        "support": 1499
    },
    "weighted avg": {
        "precision": 0.6102604960331038,
        "recall": 0.3989326217478319,
        "f1-score": 0.3602550578202719,
        "support": 1499
    }
}