{
    "DOWN": {
        "precision": 0.8871287128712871,
        "recall": 0.5410628019323671,
        "f1-score": 0.6721680420105026,
        "support": 1656
    },
    "UP": {
        "precision": 0.14702581369248036,
        "recall": 0.5346938775510204,
        "f1-score": 0.2306338028169014,
        "support": 245
    },
    "accuracy": 0.5402419779063651,
    "macro avg": {
        "precision": 0.5170772632818837,
        "recall": 0.5378783397416937,
        "f1-score": 0.451400922413702,
        "support": 1901
    },
    "weighted avg": {
        "precision": 0.7917445938293052,
        "recall": 0.5402419779063651,
        "f1-score": 0.6152633136557251,
        "support": 1901
    }
}