{
    "DOWN": {
        "precision": 0.8969873663751214,
        "recall": 0.5533573141486811,
        "f1-score": 0.6844642195031516,
        "support": 1668
    },
    "UP": {
        "precision": 0.1647982062780269,
        "recall": 0.5810276679841897,
        "f1-score": 0.25676855895196504,
        "support": 253
    },
    "accuracy": 0.5570015616866215,
    "macro avg": {
        "precision": 0.5308927863265742,
        "recall": 0.5671924910664354,
        "f1-score": 0.47061638922755833,
        "support": 1921
    },
    "weighted avg": {
        "precision": 0.8005564150453115,
        "recall": 0.5570015616866215,
        "f1-score": 0.6281357436471131,
        "support": 1921
    }
}