{
    "R2": 0.9562214850274494,
    "RMSE": 347.49223906283737,
    "MSE": 120750.85620890412,
    "MAPE": 0.041004595066314126,
    "ACMAPE": 0.9938841762181466
}