{
    "R2": 0.9397767306817747,
    "RMSE": 451.0654365727572,
    "MSE": 203460.02807057207,
    "MAPE": 0.17979480447223528,
    "ACMAPE": 1.3266760921985934
}