{
    "R2": 0.8119470132537023,
    "RMSE": 84.42872198881919,
    "MSE": 7128.209096665322,
    "MAPE": 0.042209956049566004,
    "ACMAPE": 1.1245270292202976
}