{
    "DOWN": {
        "precision": 0.6011608623548922,
        "recall": 0.4757217847769029,
        "f1-score": 0.5311355311355311,
        "support": 1524
    },
    "UP": {
        "precision": 0.4353356890459364,
        "recall": 0.5615314494074749,
        "f1-score": 0.4904458598726114,
        "support": 1097
    },
    "accuracy": 0.5116367798550172,
    "macro avg": {
        "precision": 0.5182482757004143,
        "recall": 0.5186266170921889,
        "f1-score": 0.5107906955040713,
        "support": 2621
    },
    "weighted avg": {
        "precision": 0.5317559729539291,
        "recall": 0.5116367798550172,
        "f1-score": 0.5141051727320886,
        "support": 2621
    }
}