{
    "DOWN": {
        "precision": 0.5917602996254682,
        "recall": 0.25732899022801303,
        "f1-score": 0.358683314415437,
        "support": 614
    },
    "UP": {
        "precision": 0.3812754409769335,
        "recall": 0.7205128205128205,
        "f1-score": 0.49866903283052344,
        "support": 390
    },
    "accuracy": 0.43725099601593626,
    "macro avg": {
        "precision": 0.48651787030120086,
        "recall": 0.48892090537041677,
        "f1-score": 0.4286761736229802,
        "support": 1004
    },
    "weighted avg": {
        "precision": 0.5099982529392844,
        "recall": 0.43725099601593626,
        "f1-score": 0.41306023690735305,
        "support": 1004
    }
}