{
    "DOWN": {
        "precision": 0.6666666666666666,
        "recall": 0.4244604316546763,
        "f1-score": 0.5186813186813187,
        "support": 556
    },
    "UP": {
        "precision": 0.30434782608695654,
        "recall": 0.5426356589147286,
        "f1-score": 0.38997214484679665,
        "support": 258
    },
    "accuracy": 0.4619164619164619,
    "macro avg": {
        "precision": 0.4855072463768116,
        "recall": 0.48354804528470247,
        "f1-score": 0.4543267317640577,
        "support": 814
    },
    "weighted avg": {
        "precision": 0.5518285083502474,
        "recall": 0.4619164619164619,
        "f1-score": 0.47788651911214586,
        "support": 814
    }
}