{
    "DOWN": {
        "precision": 0.6398104265402843,
        "recall": 0.7627118644067796,
        "f1-score": 0.6958762886597937,
        "support": 177
    },
    "UP": {
        "precision": 0.3225806451612903,
        "recall": 0.20833333333333334,
        "f1-score": 0.25316455696202533,
        "support": 96
    },
    "accuracy": 0.5677655677655677,
    "macro avg": {
        "precision": 0.48119553585078734,
        "recall": 0.4855225988700565,
        "f1-score": 0.4745204228109095,
        "support": 273
    },
    "weighted avg": {
        "precision": 0.5282570968245942,
        "recall": 0.5677655677655677,
        "f1-score": 0.5401974379528861,
        "support": 273
    }
}