{
    "DOWN": {
        "precision": 0.7051039697542533,
        "recall": 0.49273447820343463,
        "f1-score": 0.5800933125972008,
        "support": 757
    },
    "UP": {
        "precision": 0.2967032967032967,
        "recall": 0.5094339622641509,
        "f1-score": 0.375,
        "support": 318
    },
    "accuracy": 0.49767441860465117,
    "macro avg": {
        "precision": 0.500903633228775,
        "recall": 0.5010842202337928,
        "f1-score": 0.4775466562986004,
        "support": 1075
    },
    "weighted avg": {
        "precision": 0.5842933520517378,
        "recall": 0.49767441860465117,
        "f1-score": 0.5194238489637963,
        "support": 1075
    }
}