{
    "R2": 0.9776674398970223,
    "RMSE": 47.98443721931267,
    "MSE": 2302.506215254159,
    "MAPE": 0.04860908652900978,
    "ACMAPE": 0.9147217365751777
}