{
    "R2": 0.9877071295004817,
    "RMSE": 45.714191706813786,
    "MSE": 2089.787323407322,
    "MAPE": 0.08643310476595809,
    "ACMAPE": 1.2484752801266685
}