{
    "R2": 0.990391035564821,
    "RMSE": 4.907975852265483,
    "MSE": 24.08822696642109,
    "MAPE": 0.03266013020969894,
    "ACMAPE": 1.1598767840261985
}