{
    "R2": 0.8168753198898943,
    "RMSE": 88.0414994174661,
    "MSE": 7751.305619675684,
    "MAPE": 0.04245531096393327,
    "ACMAPE": 0.9655322340408564
}