{
    "R2": 0.7776887304701836,
    "RMSE": 15.54542532799135,
    "MSE": 241.66024862815496,
    "MAPE": 0.015891973438670447,
    "ACMAPE": 0.7592881998537648
}