{
    "DOWN": {
        "precision": 0.6946902654867256,
        "recall": 0.8746518105849582,
        "f1-score": 0.7743526510480888,
        "support": 359
    },
    "UP": {
        "precision": 0.4230769230769231,
        "recall": 0.19298245614035087,
        "f1-score": 0.2650602409638554,
        "support": 171
    },
    "accuracy": 0.6547169811320754,
    "macro avg": {
        "precision": 0.5588835942818243,
        "recall": 0.5338171333626546,
        "f1-score": 0.5197064460059722,
        "support": 530
    },
    "weighted avg": {
        "precision": 0.6070565267092232,
        "recall": 0.6547169811320754,
        "f1-score": 0.6100337791152513,
        "support": 530
    }
}