{
    "DOWN": {
        "precision": 0.8636363636363636,
        "recall": 0.45516769336071183,
        "f1-score": 0.5961452263558942,
        "support": 1461
    },
    "UP": {
        "precision": 0.10662177328843996,
        "recall": 0.475,
        "f1-score": 0.17415215398716774,
        "support": 200
    },
    "accuracy": 0.45755568934376883,
    "macro avg": {
        "precision": 0.4851290684624018,
        "recall": 0.4650838466803559,
        "f1-score": 0.38514869017153097,
        "support": 1661
    },
    "weighted avg": {
        "precision": 0.772484697128486,
        "recall": 0.45755568934376883,
        "f1-score": 0.5453332971122185,
        "support": 1661
    }
}