{
    "DOWN": {
        "precision": 0.5775656324582339,
        "recall": 0.5694117647058824,
        "f1-score": 0.5734597156398105,
        "support": 425
    },
    "UP": {
        "precision": 0.36678200692041524,
        "recall": 0.3745583038869258,
        "f1-score": 0.3706293706293706,
        "support": 283
    },
    "accuracy": 0.4915254237288136,
    "macro avg": {
        "precision": 0.4721738196893246,
        "recall": 0.4719850342964041,
        "f1-score": 0.47204454313459054,
        "support": 708
    },
    "weighted avg": {
        "precision": 0.493311725640151,
        "recall": 0.4915254237288136,
        "f1-score": 0.49238487434326456,
        "support": 708
    }
}