{
    "DOWN": {
        "precision": 0.7257142857142858,
        "recall": 0.5594713656387665,
        "f1-score": 0.6318407960199006,
        "support": 227
    },
    "UP": {
        "precision": 0.3630573248407643,
        "recall": 0.5428571428571428,
        "f1-score": 0.43511450381679384,
        "support": 105
    },
    "accuracy": 0.5542168674698795,
    "macro avg": {
        "precision": 0.544385805277525,
        "recall": 0.5511642542479547,
        "f1-score": 0.5334776499183472,
        "support": 332
    },
    "weighted avg": {
        "precision": 0.6110185601368165,
        "recall": 0.5542168674698795,
        "f1-score": 0.5696231433653035,
        "support": 332
    }
}