{
    "R2": -0.3061742368489002,
    "RMSE": 16.88670202414743,
    "MSE": 285.1607052523449,
    "MAPE": 0.03304434737776602,
    "ACMAPE": 1.0568538711872897
}