{
    "R2": 0.9475008004412138,
    "RMSE": 368.25507827994755,
    "MSE": 135611.8026789703,
    "MAPE": 0.03996139185372449,
    "ACMAPE": 1.0001248239272689
}