{
    "DOWN": {
        "precision": 0.8861512319456245,
        "recall": 0.2897222222222222,
        "f1-score": 0.4366757379108227,
        "support": 3600
    },
    "UP": {
        "precision": 0.12431506849315069,
        "recall": 0.7303822937625755,
        "f1-score": 0.21246707638279194,
        "support": 497
    },
    "accuracy": 0.3431779350744447,
    "macro avg": {
        "precision": 0.5052331502193876,
        "recall": 0.5100522579923988,
        "f1-score": 0.3245714071468073,
        "support": 4097
    },
    "weighted avg": {
        "precision": 0.7937342016220025,
        "recall": 0.3431779350744447,
        "f1-score": 0.40947737208718804,
        "support": 4097
    }
}