{
    "R2": -0.22484859566489312,
    "RMSE": 1092.070816218984,
    "MSE": 1192618.667637198,
    "MAPE": 0.3291305120978383,
    "ACMAPE": 1.084032472882152
}