{
    "R2": 0.9889280580152561,
    "RMSE": 6.5829977013576455,
    "MSE": 43.33585873608004,
    "MAPE": 0.03691809794675393,
    "ACMAPE": 0.9838971361711683
}