{
    "R2": -1290.2744719057105,
    "RMSE": 239.9168665388989,
    "MSE": 57560.10284984382,
    "MAPE": 4.285191634970648,
    "ACMAPE": 6.173191634970648
}