{
    "DOWN": {
        "precision": 0.6622137404580153,
        "recall": 0.5438871473354232,
        "f1-score": 0.5972461273666093,
        "support": 638
    },
    "UP": {
        "precision": 0.4012345679012346,
        "recall": 0.5241935483870968,
        "f1-score": 0.4545454545454546,
        "support": 372
    },
    "accuracy": 0.5366336633663367,
    "macro avg": {
        "precision": 0.5317241541796249,
        "recall": 0.53404034786126,
        "f1-score": 0.525895790956032,
        "support": 1010
    },
    "weighted avg": {
        "precision": 0.566090718486607,
        "recall": 0.5366336633663367,
        "f1-score": 0.5446870676740652,
        "support": 1010
    }
}