{
    "DOWN": {
        "precision": 0.6897374701670644,
        "recall": 0.478476821192053,
        "f1-score": 0.5650048875855328,
        "support": 604
    },
    "UP": {
        "precision": 0.35450819672131145,
        "recall": 0.570957095709571,
        "f1-score": 0.4374209860935525,
        "support": 303
    },
    "accuracy": 0.5093715545755237,
    "macro avg": {
        "precision": 0.522122833444188,
        "recall": 0.524716958450812,
        "f1-score": 0.5012129368395426,
        "support": 907
    },
    "weighted avg": {
        "precision": 0.577747977494448,
        "recall": 0.5093715545755237,
        "f1-score": 0.5223831432061833,
        "support": 907
    }
}