{
    "R2": 0.9773338999807972,
    "RMSE": 15.85071993860082,
    "MSE": 251.24532257195756,
    "MAPE": 0.03482253602537994,
    "ACMAPE": 0.9936509416622963
}