{
    "DOWN": {
        "precision": 0.6868932038834952,
        "recall": 0.4685430463576159,
        "f1-score": 0.5570866141732284,
        "support": 604
    },
    "UP": {
        "precision": 0.3515151515151515,
        "recall": 0.5742574257425742,
        "f1-score": 0.4360902255639098,
        "support": 303
    },
    "accuracy": 0.503858875413451,
    "macro avg": {
        "precision": 0.5192041776993234,
        "recall": 0.5214002360500951,
        "f1-score": 0.49658841986856905,
        "support": 907
    },
    "weighted avg": {
        "precision": 0.5748540088806195,
        "recall": 0.503858875413451,
        "f1-score": 0.5166655494007658,
        "support": 907
    }
}