{
    "DOWN": {
        "precision": 0.6698113207547169,
        "recall": 0.6150990099009901,
        "f1-score": 0.6412903225806451,
        "support": 808
    },
    "UP": {
        "precision": 0.38415841584158417,
        "recall": 0.4419134396355353,
        "f1-score": 0.4110169491525424,
        "support": 439
    },
    "accuracy": 0.5541299117882919,
    "macro avg": {
        "precision": 0.5269848682981506,
        "recall": 0.5285062247682627,
        "f1-score": 0.5261536358665937,
        "support": 1247
    },
    "weighted avg": {
        "precision": 0.5692486701878643,
        "recall": 0.5541299117882919,
        "f1-score": 0.5602237540682657,
        "support": 1247
    }
}