{
    "R2": 0.8666841173407328,
    "RMSE": 24.497881273275045,
    "MSE": 600.1461868794802,
    "MAPE": 0.06325405838375177,
    "ACMAPE": 1.2200108151405085
}