{
    "R2": 0.8812298886930553,
    "RMSE": 58.135689741742155,
    "MSE": 3379.758421748104,
    "MAPE": 0.04086058698996925,
    "ACMAPE": 0.9390329107497604
}