{
    "DOWN": {
        "precision": 0.6676384839650146,
        "recall": 0.34281437125748504,
        "f1-score": 0.4530168150346192,
        "support": 668
    },
    "UP": {
        "precision": 0.3338391502276176,
        "recall": 0.6586826347305389,
        "f1-score": 0.44310171198388726,
        "support": 334
    },
    "accuracy": 0.4481037924151697,
    "macro avg": {
        "precision": 0.5007388170963161,
        "recall": 0.500748502994012,
        "f1-score": 0.44805926350925324,
        "support": 1002
    },
    "weighted avg": {
        "precision": 0.5563720393858822,
        "recall": 0.4481037924151697,
        "f1-score": 0.4497117806843753,
        "support": 1002
    }
}