{
    "R2": 0.9634498252990155,
    "RMSE": 413.9145938630093,
    "MSE": 171325.29101277993,
    "MAPE": 0.037995330793161725,
    "ACMAPE": 1.1353825041898364
}