{
    "DOWN": {
        "precision": 0.7169811320754716,
        "recall": 0.24836601307189543,
        "f1-score": 0.36893203883495146,
        "support": 153
    },
    "UP": {
        "precision": 0.36464088397790057,
        "recall": 0.8148148148148148,
        "f1-score": 0.5038167938931298,
        "support": 81
    },
    "accuracy": 0.4444444444444444,
    "macro avg": {
        "precision": 0.5408110080266861,
        "recall": 0.5315904139433552,
        "f1-score": 0.4363744163640406,
        "support": 234
    },
    "weighted avg": {
        "precision": 0.595017200041697,
        "recall": 0.4444444444444444,
        "f1-score": 0.4156229155858594,
        "support": 234
    }
}