{
    "DOWN": {
        "precision": 0.7937062937062938,
        "recall": 0.2785276073619632,
        "f1-score": 0.41235240690281566,
        "support": 815
    },
    "UP": {
        "precision": 0.21912350597609562,
        "recall": 0.7366071428571429,
        "f1-score": 0.33776867963152507,
        "support": 224
    },
    "accuracy": 0.37728585178055823,
    "macro avg": {
        "precision": 0.5064148998411947,
        "recall": 0.5075673751095531,
        "f1-score": 0.37506054326717037,
        "support": 1039
    },
    "weighted avg": {
        "precision": 0.6698308899993021,
        "recall": 0.37728585178055823,
        "f1-score": 0.3962727582899484,
        "support": 1039
    }
}