{
    "DOWN": {
        "precision": 0.639344262295082,
        "recall": 0.06338028169014084,
        "f1-score": 0.11532774765894528,
        "support": 1846
    },
    "UP": {
        "precision": 0.23257878384376388,
        "recall": 0.888135593220339,
        "f1-score": 0.3686246922265213,
        "support": 590
    },
    "accuracy": 0.26313628899835795,
    "macro avg": {
        "precision": 0.43596152306942293,
        "recall": 0.4757579374552399,
        "f1-score": 0.24197621994273327,
        "support": 2436
    },
    "weighted avg": {
        "precision": 0.5408255298294508,
        "recall": 0.26313628899835795,
        "f1-score": 0.17667635081775884,
        "support": 2436
    }
}