{
    "R2": 0.8547943505052017,
    "RMSE": 22.540468791985386,
    "MSE": 508.07273336246715,
    "MAPE": 0.1679050963952783,
    "ACMAPE": 1.2188082162639156
}