{
    "DOWN": {
        "precision": 0.7508999280057596,
        "recall": 0.3120885697187313,
        "f1-score": 0.4409215810610865,
        "support": 3342
    },
    "UP": {
        "precision": 0.2334111370456819,
        "recall": 0.6692160611854685,
        "f1-score": 0.34610630407911,
        "support": 1046
    },
    "accuracy": 0.3972196900638104,
    "macro avg": {
        "precision": 0.49215553252572075,
        "recall": 0.49065231545209986,
        "f1-score": 0.39351394257009825,
        "support": 4388
    },
    "weighted avg": {
        "precision": 0.6275422991670537,
        "recall": 0.3972196900638104,
        "f1-score": 0.41831976252800823,
        "support": 4388
    }
}