{
    "DOWN": {
        "precision": 0.5383064516129032,
        "recall": 0.9638989169675091,
        "f1-score": 0.6908150064683053,
        "support": 277
    },
    "UP": {
        "precision": 0.4444444444444444,
        "recall": 0.03375527426160337,
        "f1-score": 0.06274509803921569,
        "support": 237
    },
    "accuracy": 0.5350194552529183,
    "macro avg": {
        "precision": 0.49137544802867383,
        "recall": 0.49882709561455624,
        "f1-score": 0.3767800522537605,
        "support": 514
    },
    "weighted avg": {
        "precision": 0.49502766620643485,
        "recall": 0.5350194552529183,
        "f1-score": 0.4012185700914683,
        "support": 514
    }
}