{
    "DOWN": {
        "precision": 0.6603325415676959,
        "recall": 0.826151560178306,
        "f1-score": 0.733993399339934,
        "support": 673
    },
    "UP": {
        "precision": 0.5125,
        "recall": 0.30073349633251834,
        "f1-score": 0.3790446841294299,
        "support": 409
    },
    "accuracy": 0.6275415896487985,
    "macro avg": {
        "precision": 0.586416270783848,
        "recall": 0.5634425282554122,
        "f1-score": 0.5565190417346819,
        "support": 1082
    },
    "weighted avg": {
        "precision": 0.6044512943392415,
        "recall": 0.6275415896487985,
        "f1-score": 0.5998214727954828,
        "support": 1082
    }
}