{
    "R2": 0.9897277350565497,
    "RMSE": 6.905956015283852,
    "MSE": 47.692228485035216,
    "MAPE": 0.06164357961636461,
    "ACMAPE": 1.1701832695029648
}