{
    "DOWN": {
        "precision": 0.6378600823045267,
        "recall": 0.35469107551487417,
        "f1-score": 0.4558823529411765,
        "support": 437
    },
    "UP": {
        "precision": 0.41372141372141374,
        "recall": 0.6933797909407665,
        "f1-score": 0.5182291666666666,
        "support": 287
    },
    "accuracy": 0.4889502762430939,
    "macro avg": {
        "precision": 0.5257907480129702,
        "recall": 0.5240354332278203,
        "f1-score": 0.4870557598039216,
        "support": 724
    },
    "weighted avg": {
        "precision": 0.5490095327418839,
        "recall": 0.4889502762430939,
        "f1-score": 0.48059718103401583,
        "support": 724
    }
}