{
    "DOWN": {
        "precision": 0.5603960396039604,
        "recall": 0.5231053604436229,
        "f1-score": 0.5411089866156787,
        "support": 541
    },
    "UP": {
        "precision": 0.44516129032258067,
        "recall": 0.4825174825174825,
        "f1-score": 0.4630872483221477,
        "support": 429
    },
    "accuracy": 0.5051546391752577,
    "macro avg": {
        "precision": 0.5027786649632706,
        "recall": 0.5028114214805527,
        "f1-score": 0.5020981174689132,
        "support": 970
    },
    "weighted avg": {
        "precision": 0.5094313927568348,
        "recall": 0.5051546391752577,
        "f1-score": 0.5066024652466841,
        "support": 970
    }
}