{
    "DOWN": {
        "precision": 0.5810526315789474,
        "recall": 0.519774011299435,
        "f1-score": 0.5487077534791253,
        "support": 531
    },
    "UP": {
        "precision": 0.46875,
        "recall": 0.5306603773584906,
        "f1-score": 0.497787610619469,
        "support": 424
    },
    "accuracy": 0.5246073298429319,
    "macro avg": {
        "precision": 0.5249013157894737,
        "recall": 0.5252171943289627,
        "f1-score": 0.5232476820492972,
        "support": 955
    },
    "weighted avg": {
        "precision": 0.5311926150454671,
        "recall": 0.5246073298429319,
        "f1-score": 0.5261002764398642,
        "support": 955
    }
}