{
    "DOWN": {
        "precision": 0.6597222222222222,
        "recall": 0.4846938775510204,
        "f1-score": 0.5588235294117646,
        "support": 196
    },
    "UP": {
        "precision": 0.4228571428571429,
        "recall": 0.6016260162601627,
        "f1-score": 0.49664429530201337,
        "support": 123
    },
    "accuracy": 0.5297805642633229,
    "macro avg": {
        "precision": 0.5412896825396826,
        "recall": 0.5431599469055916,
        "f1-score": 0.5277339123568889,
        "support": 319
    },
    "weighted avg": {
        "precision": 0.5683917997711101,
        "recall": 0.5297805642633229,
        "f1-score": 0.5348484642221114,
        "support": 319
    }
}