{
    "R2": -5.397671323567897,
    "RMSE": 106.32706327709568,
    "MSE": 11305.444385131508,
    "MAPE": 0.8799716793559603,
    "ACMAPE": 2.135486385238313
}