{
    "DOWN": {
        "precision": 0.5901060070671378,
        "recall": 0.7952380952380952,
        "f1-score": 0.6774847870182554,
        "support": 420
    },
    "UP": {
        "precision": 0.44871794871794873,
        "recall": 0.23178807947019867,
        "f1-score": 0.3056768558951965,
        "support": 302
    },
    "accuracy": 0.5595567867036011,
    "macro avg": {
        "precision": 0.5194119778925432,
        "recall": 0.5135130873541469,
        "f1-score": 0.491580821456726,
        "support": 722
    },
    "weighted avg": {
        "precision": 0.5309658496967014,
        "recall": 0.5595567867036011,
        "f1-score": 0.5219640180443444,
        "support": 722
    }
}