{
    "DOWN": {
        "precision": 0.7095238095238096,
        "recall": 0.2353870458135861,
        "f1-score": 0.35349940688018977,
        "support": 633
    },
    "UP": {
        "precision": 0.24375,
        "recall": 0.7188940092165899,
        "f1-score": 0.36406067677946324,
        "support": 217
    },
    "accuracy": 0.3588235294117647,
    "macro avg": {
        "precision": 0.4766369047619048,
        "recall": 0.47714052751508795,
        "f1-score": 0.3587800418298265,
        "support": 850
    },
    "weighted avg": {
        "precision": 0.5906144957983194,
        "recall": 0.3588235294117647,
        "f1-score": 0.3561956369603572,
        "support": 850
    }
}