{
    "R2": 0.8811700893106766,
    "RMSE": 42.195197845972,
    "MSE": 1780.43472126072,
    "MAPE": 0.09504937883989004,
    "ACMAPE": 1.1524107555129302
}