{
    "DOWN": {
        "precision": 0.8188775510204082,
        "recall": 0.22183828610919143,
        "f1-score": 0.34910277324632955,
        "support": 1447
    },
    "UP": {
        "precision": 0.20982456140350877,
        "recall": 0.8081081081081081,
        "f1-score": 0.33314763231197775,
        "support": 370
    },
    "accuracy": 0.341221794166208,
    "macro avg": {
        "precision": 0.5143510562119584,
        "recall": 0.5149731971086497,
        "f1-score": 0.34112520277915365,
        "support": 1817
    },
    "weighted avg": {
        "precision": 0.6948546527494931,
        "recall": 0.341221794166208,
        "f1-score": 0.3458537902272265,
        "support": 1817
    }
}