{
    "R2": 0.8270233812425064,
    "RMSE": 28.01139708041726,
    "MSE": 784.6383663968087,
    "MAPE": 0.0553573846721913,
    "ACMAPE": 1.1553573846721914
}