{
    "R2": 0.9787724930760643,
    "RMSE": 35.31258789393735,
    "MSE": 1246.9788637670506,
    "MAPE": 0.0392135497721826,
    "ACMAPE": 1.0922674953807425
}