{
    "R2": -70.8471927481773,
    "RMSE": 6.895769949342194,
    "MSE": 47.551643194250836,
    "MAPE": 0.13414301832752334,
    "ACMAPE": 0.20407308825759335
}