{
    "DOWN": {
        "precision": 0.776824034334764,
        "recall": 0.33415384615384613,
        "f1-score": 0.46729776247848537,
        "support": 3250
    },
    "UP": {
        "precision": 0.24467713787085515,
        "recall": 0.6920039486673247,
        "f1-score": 0.36152656008251677,
        "support": 1013
    },
    "accuracy": 0.4191883650011729,
    "macro avg": {
        "precision": 0.5107505861028095,
        "recall": 0.5130788974105854,
        "f1-score": 0.41441216128050107,
        "support": 4263
    },
    "weighted avg": {
        "precision": 0.6503720507274593,
        "recall": 0.4191883650011729,
        "f1-score": 0.4421637657561968,
        "support": 4263
    }
}