{
    "R2": 0.9675417482266909,
    "RMSE": 72.75383066274811,
    "MSE": 5293.119876103828,
    "MAPE": 0.03736003698768643,
    "ACMAPE": 0.8784815323147893
}