{
    "R2": 0.9928215358841787,
    "RMSE": 4.909465255221519,
    "MSE": 24.102849092227295,
    "MAPE": 0.08341402781666148,
    "ACMAPE": 1.3651768032503229
}