{
    "DOWN": {
        "precision": 0.7164404223227753,
        "recall": 0.8333333333333334,
        "f1-score": 0.770478507704785,
        "support": 570
    },
    "UP": {
        "precision": 0.36666666666666664,
        "recall": 0.22633744855967078,
        "f1-score": 0.2798982188295165,
        "support": 243
    },
    "accuracy": 0.6519065190651907,
    "macro avg": {
        "precision": 0.5415535444947209,
        "recall": 0.5298353909465021,
        "f1-score": 0.5251883632671508,
        "support": 813
    },
    "weighted avg": {
        "precision": 0.6118954990454882,
        "recall": 0.6519065190651907,
        "f1-score": 0.6238474988527675,
        "support": 813
    }
}