{
    "R2": 0.871399236691597,
    "RMSE": 28.83530734240089,
    "MSE": 831.4749495307186,
    "MAPE": 0.031811474273021605,
    "ACMAPE": 0.820927120531525
}