{
    "R2": 0.7690363935282397,
    "RMSE": 51.27319883370139,
    "MSE": 2628.940918640278,
    "MAPE": 0.061510281159361316,
    "ACMAPE": 0.476969218357429
}