{
    "DOWN": {
        "precision": 0.8269230769230769,
        "recall": 0.32575757575757575,
        "f1-score": 0.46739130434782605,
        "support": 660
    },
    "UP": {
        "precision": 0.30793157076205285,
        "recall": 0.8148148148148148,
        "f1-score": 0.4469525959367946,
        "support": 243
    },
    "accuracy": 0.4573643410852713,
    "macro avg": {
        "precision": 0.5674273238425649,
        "recall": 0.5702861952861953,
        "f1-score": 0.4571719501423103,
        "support": 903
    },
    "weighted avg": {
        "precision": 0.6872609108132997,
        "recall": 0.4573643410852713,
        "f1-score": 0.4618911868020003,
        "support": 903
    }
}