{
    "R2": 0.9623537980376242,
    "RMSE": 33.87140425812987,
    "MSE": 1147.2720264176583,
    "MAPE": 0.0429004728435509,
    "ACMAPE": 0.9764111111414233
}