{
    "R2": -8.897780539237845,
    "RMSE": 42.917412999995165,
    "MSE": 1841.9043386121537,
    "MAPE": 0.5674928071695845,
    "ACMAPE": 1.975656072475707
}