{
    "DOWN": {
        "precision": 0.76,
        "recall": 0.5156037991858887,
        "f1-score": 0.6143896523848019,
        "support": 737
    },
    "UP": {
        "precision": 0.33146067415730335,
        "recall": 0.5959595959595959,
        "f1-score": 0.4259927797833935,
        "support": 297
    },
    "accuracy": 0.5386847195357833,
    "macro avg": {
        "precision": 0.5457303370786517,
        "recall": 0.5557816975727423,
        "f1-score": 0.5201912160840977,
        "support": 1034
    },
    "weighted avg": {
        "precision": 0.6369089170451828,
        "recall": 0.5386847195357833,
        "f1-score": 0.5602756570631208,
        "support": 1034
    }
}