{
    "R2": 0.8518818810691405,
    "RMSE": 12.913625985286227,
    "MSE": 166.7617360878597,
    "MAPE": 0.03795744804865145,
    "ACMAPE": 0.7284336385248419
}