{
    "DOWN": {
        "precision": 0.6632653061224489,
        "recall": 0.41935483870967744,
        "f1-score": 0.5138339920948617,
        "support": 155
    },
    "UP": {
        "precision": 0.40397350993377484,
        "recall": 0.648936170212766,
        "f1-score": 0.49795918367346936,
        "support": 94
    },
    "accuracy": 0.5060240963855421,
    "macro avg": {
        "precision": 0.5336194080281119,
        "recall": 0.5341455044612217,
        "f1-score": 0.5058965878841655,
        "support": 249
    },
    "weighted avg": {
        "precision": 0.5653800497299374,
        "recall": 0.5060240963855421,
        "f1-score": 0.5078410925301594,
        "support": 249
    }
}