{
    "DOWN": {
        "precision": 0.6850393700787402,
        "recall": 0.5337423312883436,
        "f1-score": 0.6,
        "support": 163
    },
    "UP": {
        "precision": 0.42424242424242425,
        "recall": 0.5833333333333334,
        "f1-score": 0.4912280701754386,
        "support": 96
    },
    "accuracy": 0.5521235521235521,
    "macro avg": {
        "precision": 0.5546408971605822,
        "recall": 0.5585378323108385,
        "f1-score": 0.5456140350877193,
        "support": 259
    },
    "weighted avg": {
        "precision": 0.5883733206567853,
        "recall": 0.5521235521235521,
        "f1-score": 0.5596829912619385,
        "support": 259
    }
}