{
    "R2": -1.5938703390611502,
    "RMSE": 10.662917637937529,
    "MSE": 113.69781255343925,
    "MAPE": 0.1795770137321663,
    "ACMAPE": 1.9570639247269308
}