{
    "DOWN": {
        "precision": 0.658356940509915,
        "recall": 0.40501917044266295,
        "f1-score": 0.5015105740181269,
        "support": 2869
    },
    "UP": {
        "precision": 0.27330779054916987,
        "recall": 0.5156626506024097,
        "f1-score": 0.3572621035058431,
        "support": 1245
    },
    "accuracy": 0.4385026737967914,
    "macro avg": {
        "precision": 0.46583236552954244,
        "recall": 0.46034091052253634,
        "f1-score": 0.429386338761985,
        "support": 4114
    },
    "weighted avg": {
        "precision": 0.5418313713069185,
        "recall": 0.4385026737967914,
        "f1-score": 0.45785735433222674,
        "support": 4114
    }
}