{
    "R2": 0.8741638810675375,
    "RMSE": 24.85233992462796,
    "MSE": 617.6387997292568,
    "MAPE": 0.01637397517447089,
    "ACMAPE": 0.679804395886445
}