{
    "DOWN": {
        "precision": 0.9361702127659575,
        "recall": 0.3826086956521739,
        "f1-score": 0.54320987654321,
        "support": 115
    },
    "UP": {
        "precision": 0.3364485981308411,
        "recall": 0.9230769230769231,
        "f1-score": 0.49315068493150677,
        "support": 39
    },
    "accuracy": 0.5194805194805194,
    "macro avg": {
        "precision": 0.6363094054483993,
        "recall": 0.6528428093645485,
        "f1-score": 0.5181802807373583,
        "support": 154
    },
    "weighted avg": {
        "precision": 0.7842926610077138,
        "recall": 0.5194805194805194,
        "f1-score": 0.5305325487973891,
        "support": 154
    }
}