{
    "R2": 0.7592259634249591,
    "RMSE": 33.82288433736804,
    "MSE": 1143.9875048989763,
    "MAPE": 0.026163164647688242,
    "ACMAPE": 0.7719825626409992
}