{
    "R2": 0.9951207626924079,
    "RMSE": 51.797449171000984,
    "MSE": 2682.9757406224303,
    "MAPE": 0.5072220427597258,
    "ACMAPE": 2.095523505076936
}