{
    "R2": 0.8671006211245766,
    "RMSE": 90.97533088140736,
    "MSE": 8276.510828981553,
    "MAPE": 0.017602194336254706,
    "ACMAPE": 0.5436345103147109
}