{
    "R2": 0.9750441735887693,
    "RMSE": 68.05737080684388,
    "MSE": 4631.805721140246,
    "MAPE": 0.3771205744258674,
    "ACMAPE": 1.5707361191864504
}