{
    "R2": 0.8244097584615715,
    "RMSE": 8.038303787826724,
    "MSE": 64.61432778538946,
    "MAPE": 0.06208686199348973,
    "ACMAPE": 0.7949388475530565
}