{
    "R2": 0.8597028063095137,
    "RMSE": 103.57772687613235,
    "MSE": 10728.34550482667,
    "MAPE": 0.034761272030748365,
    "ACMAPE": 0.6839352273271526
}