{
    "R2": 0.6520138235239952,
    "RMSE": 12.393929537834145,
    "MSE": 153.6094893887977,
    "MAPE": 0.038929418772675854,
    "ACMAPE": 0.898245008126288
}