{
    "DOWN": {
        "precision": 0.6982758620689655,
        "recall": 0.5094339622641509,
        "f1-score": 0.5890909090909091,
        "support": 159
    },
    "UP": {
        "precision": 0.46938775510204084,
        "recall": 0.6634615384615384,
        "f1-score": 0.5498007968127491,
        "support": 104
    },
    "accuracy": 0.5703422053231939,
    "macro avg": {
        "precision": 0.5838318085855032,
        "recall": 0.5864477503628447,
        "f1-score": 0.5694458529518291,
        "support": 263
    },
    "weighted avg": {
        "precision": 0.6077649756637937,
        "recall": 0.5703422053231939,
        "f1-score": 0.573554134653918,
        "support": 263
    }
}