{
    "R2": 0.6492525258269466,
    "RMSE": 7.066762401610429,
    "MSE": 49.9391308408148,
    "MAPE": 0.06682897034019017,
    "ACMAPE": 1.095054776791803
}