{
    "R2": 0.5930970178290875,
    "RMSE": 7.611471928233229,
    "MSE": 57.93450491428246,
    "MAPE": 0.07174763302774977,
    "ACMAPE": 1.1362637620600078
}