{
    "R2": 0.9493803711562253,
    "RMSE": 13.006862648975963,
    "MSE": 169.178475969326,
    "MAPE": 0.0339173579983445,
    "ACMAPE": 1.016514412884556
}