{
    "R2": 0.5804478202928103,
    "RMSE": 193.31907754018454,
    "MSE": 37372.26574098788,
    "MAPE": 0.11387796219095145,
    "ACMAPE": 1.2249890733020625
}