{
    "R2": 0.9191470763630802,
    "RMSE": 19.09656687164414,
    "MSE": 364.6788662831765,
    "MAPE": 0.02736405947385492,
    "ACMAPE": 0.7858613761107065
}