{
    "DOWN": {
        "precision": 0.5808510638297872,
        "recall": 0.8557993730407524,
        "f1-score": 0.6920152091254753,
        "support": 319
    },
    "UP": {
        "precision": 0.43902439024390244,
        "recall": 0.15450643776824036,
        "f1-score": 0.2285714285714286,
        "support": 233
    },
    "accuracy": 0.5597826086956522,
    "macro avg": {
        "precision": 0.5099377270368448,
        "recall": 0.5051529054044963,
        "f1-score": 0.4602933188484519,
        "support": 552
    },
    "weighted avg": {
        "precision": 0.5209858193632816,
        "recall": 0.5597826086956522,
        "f1-score": 0.49639491769595917,
        "support": 552
    }
}