{
    "DOWN": {
        "precision": 0.735632183908046,
        "recall": 0.5925925925925926,
        "f1-score": 0.6564102564102564,
        "support": 108
    },
    "UP": {
        "precision": 0.2786885245901639,
        "recall": 0.425,
        "f1-score": 0.33663366336633666,
        "support": 40
    },
    "accuracy": 0.5472972972972973,
    "macro avg": {
        "precision": 0.507160354249105,
        "recall": 0.5087962962962963,
        "f1-score": 0.4965219598882965,
        "support": 148
    },
    "weighted avg": {
        "precision": 0.6121338976059157,
        "recall": 0.5472972972972973,
        "f1-score": 0.56998415018217,
        "support": 148
    }
}