{
    "DOWN": {
        "precision": 0.7791519434628975,
        "recall": 0.266304347826087,
        "f1-score": 0.396939693969397,
        "support": 3312
    },
    "UP": {
        "precision": 0.2613981762917933,
        "recall": 0.7747747747747747,
        "f1-score": 0.3909090909090909,
        "support": 1110
    },
    "accuracy": 0.3939393939393939,
    "macro avg": {
        "precision": 0.5202750598773453,
        "recall": 0.5205395613004309,
        "f1-score": 0.39392439243924393,
        "support": 4422
    },
    "weighted avg": {
        "precision": 0.6491866152042078,
        "recall": 0.3939393939393939,
        "f1-score": 0.39542590622698637,
        "support": 4422
    }
}