{
    "R2": -0.5084455651715993,
    "RMSE": 56.8687737318013,
    "MSE": 3234.057425758813,
    "MAPE": 0.011663807752810508,
    "ACMAPE": 0.8740491288537279
}