{
    "DOWN": {
        "precision": 0.8364099299809039,
        "recall": 0.33307984790874523,
        "f1-score": 0.47643219724437996,
        "support": 3945
    },
    "UP": {
        "precision": 0.08295573370512374,
        "recall": 0.4808080808080808,
        "f1-score": 0.14149821640903687,
        "support": 495
    },
    "accuracy": 0.34954954954954953,
    "macro avg": {
        "precision": 0.45968283184301384,
        "recall": 0.406943964358413,
        "f1-score": 0.3089652068267084,
        "support": 4440
    },
    "weighted avg": {
        "precision": 0.7524099689096175,
        "recall": 0.34954954954954953,
        "f1-score": 0.43909158451611535,
        "support": 4440
    }
}