{
    "R2": 0.9939674350932414,
    "RMSE": 109.03915108423067,
    "MSE": 11889.536469169681,
    "MAPE": 0.08446987055429485,
    "ACMAPE": 1.4022850353388074
}