{
    "R2": 0.9641326963334184,
    "RMSE": 64.23969816298724,
    "MSE": 4126.738820071707,
    "MAPE": 0.15385519528302893,
    "ACMAPE": 1.143844071812506
}