{
    "DOWN": {
        "precision": 0.8932316491897044,
        "recall": 0.9915343915343915,
        "f1-score": 0.9398194583751253,
        "support": 1890
    },
    "UP": {
        "precision": 0.058823529411764705,
        "recall": 0.0044444444444444444,
        "f1-score": 0.008264462809917354,
        "support": 225
    },
    "accuracy": 0.8865248226950354,
    "macro avg": {
        "precision": 0.4760275893007346,
        "recall": 0.497989417989418,
        "f1-score": 0.4740419605925213,
        "support": 2115
    },
    "weighted avg": {
        "precision": 0.8044648279367321,
        "recall": 0.8865248226950354,
        "f1-score": 0.8407178631022307,
        "support": 2115
    }
}