{
    "R2": 0.8114283216421798,
    "RMSE": 13.374409178662587,
    "MSE": 178.87482087829403,
    "MAPE": 0.029799951851736454,
    "ACMAPE": 0.5672877804788057
}