{
    "DOWN": {
        "precision": 0.8547008547008547,
        "recall": 0.7434944237918215,
        "f1-score": 0.7952286282306162,
        "support": 807
    },
    "UP": {
        "precision": 0.3630769230769231,
        "recall": 0.5363636363636364,
        "f1-score": 0.43302752293577984,
        "support": 220
    },
    "accuracy": 0.6991236611489776,
    "macro avg": {
        "precision": 0.6088888888888888,
        "recall": 0.6399290300777289,
        "f1-score": 0.614128075583198,
        "support": 1027
    },
    "weighted avg": {
        "precision": 0.7493870621426609,
        "recall": 0.6991236611489776,
        "f1-score": 0.7176392970087427,
        "support": 1027
    }
}