{
    "R2": 0.9916516283617984,
    "RMSE": 1925.2260365793902,
    "MSE": 3706495.291923187,
    "MAPE": 0.15071312093701986,
    "ACMAPE": 1.2213040613830994
}