{
    "DOWN": {
        "precision": 0.5735567970204841,
        "recall": 0.4975767366720517,
        "f1-score": 0.532871972318339,
        "support": 619
    },
    "UP": {
        "precision": 0.4355716878402904,
        "recall": 0.511727078891258,
        "f1-score": 0.47058823529411764,
        "support": 469
    },
    "accuracy": 0.5036764705882353,
    "macro avg": {
        "precision": 0.5045642424303872,
        "recall": 0.5046519077816549,
        "f1-score": 0.5017301038062283,
        "support": 1088
    },
    "weighted avg": {
        "precision": 0.5140760835963014,
        "recall": 0.5036764705882353,
        "f1-score": 0.5060235599430083,
        "support": 1088
    }
}