{
    "DOWN": {
        "precision": 0.8045325779036827,
        "recall": 0.4092219020172911,
        "f1-score": 0.542502387774594,
        "support": 694
    },
    "UP": {
        "precision": 0.3481717011128776,
        "recall": 0.7604166666666666,
        "f1-score": 0.47764449291166844,
        "support": 288
    },
    "accuracy": 0.5122199592668024,
    "macro avg": {
        "precision": 0.5763521395082801,
        "recall": 0.5848192843419788,
        "f1-score": 0.5100734403431313,
        "support": 982
    },
    "weighted avg": {
        "precision": 0.6706915060953814,
        "recall": 0.5122199592668024,
        "f1-score": 0.523480927774062,
        "support": 982
    }
}