{
    "R2": 0.9865502488038365,
    "RMSE": 91.35856583685752,
    "MSE": 8346.38755176743,
    "MAPE": 0.06835845968542063,
    "ACMAPE": 1.0726999936941037
}