{
    "DOWN": {
        "precision": 0.6893039049235993,
        "recall": 0.5479082321187584,
        "f1-score": 0.6105263157894736,
        "support": 741
    },
    "UP": {
        "precision": 0.33266932270916333,
        "recall": 0.47714285714285715,
        "f1-score": 0.392018779342723,
        "support": 350
    },
    "accuracy": 0.5252062328139322,
    "macro avg": {
        "precision": 0.5109866138163813,
        "recall": 0.5125255446308078,
        "f1-score": 0.5012725475660983,
        "support": 1091
    },
    "weighted avg": {
        "precision": 0.5748931773570982,
        "recall": 0.5252062328139322,
        "f1-score": 0.5404276560677846,
        "support": 1091
    }
}