{
    "R2": 0.896895945584785,
    "RMSE": 29.636980093497264,
    "MSE": 878.3505890623532,
    "MAPE": 0.11610249838345187,
    "ACMAPE": 1.0628480605136292
}