{
    "R2": -7.906698043950685,
    "RMSE": 84.08396418627072,
    "MSE": 7070.113033278057,
    "MAPE": 1.0659072942763401,
    "ACMAPE": 2.9656123090256026
}