{
    "DOWN": {
        "precision": 0.875,
        "recall": 0.21875,
        "f1-score": 0.35,
        "support": 64
    },
    "UP": {
        "precision": 0.15254237288135594,
        "recall": 0.8181818181818182,
        "f1-score": 0.2571428571428571,
        "support": 11
    },
    "accuracy": 0.30666666666666664,
    "macro avg": {
        "precision": 0.513771186440678,
        "recall": 0.5184659090909092,
        "f1-score": 0.30357142857142855,
        "support": 75
    },
    "weighted avg": {
        "precision": 0.7690395480225989,
        "recall": 0.30666666666666664,
        "f1-score": 0.3363809523809524,
        "support": 75
    }
}