{
    "R2": 0.8439695700837494,
    "RMSE": 8.403828589490445,
    "MSE": 70.62433496153695,
    "MAPE": 0.03115489198077036,
    "ACMAPE": 1.0652662025732298
}