{
    "DOWN": {
        "precision": 0.7497797356828194,
        "recall": 0.578125,
        "f1-score": 0.6528576908323744,
        "support": 1472
    },
    "UP": {
        "precision": 0.425531914893617,
        "recall": 0.6182795698924731,
        "f1-score": 0.5041095890410958,
        "support": 744
    },
    "accuracy": 0.5916064981949458,
    "macro avg": {
        "precision": 0.5876558252882182,
        "recall": 0.5982022849462365,
        "f1-score": 0.5784836399367351,
        "support": 2216
    },
    "weighted avg": {
        "precision": 0.6409167489196576,
        "recall": 0.5916064981949458,
        "f1-score": 0.6029169923970353,
        "support": 2216
    }
}