{
    "R2": 0.7579412803130032,
    "RMSE": 5.918529148728187,
    "MSE": 35.02898728434519,
    "MAPE": 0.02137270183707478,
    "ACMAPE": 0.8634779649949694
}