{
    "DOWN": {
        "precision": 0.5545454545454546,
        "recall": 0.9312977099236641,
        "f1-score": 0.6951566951566951,
        "support": 131
    },
    "UP": {
        "precision": 0.5714285714285714,
        "recall": 0.10909090909090909,
        "f1-score": 0.18320610687022898,
        "support": 110
    },
    "accuracy": 0.5560165975103735,
    "macro avg": {
        "precision": 0.5629870129870129,
        "recall": 0.5201943095072866,
        "f1-score": 0.43918140101346204,
        "support": 241
    },
    "weighted avg": {
        "precision": 0.5622514415045535,
        "recall": 0.5560165975103735,
        "f1-score": 0.46148630216287245,
        "support": 241
    }
}