{
    "DOWN": {
        "precision": 0.6612529002320185,
        "recall": 0.44952681388012616,
        "f1-score": 0.5352112676056339,
        "support": 634
    },
    "UP": {
        "precision": 0.3734290843806104,
        "recall": 0.5875706214689266,
        "f1-score": 0.4566410537870472,
        "support": 354
    },
    "accuracy": 0.49898785425101216,
    "macro avg": {
        "precision": 0.5173409923063145,
        "recall": 0.5185487176745264,
        "f1-score": 0.49592616069634055,
        "support": 988
    },
    "weighted avg": {
        "precision": 0.5581257435403197,
        "recall": 0.49898785425101216,
        "f1-score": 0.5070595918042374,
        "support": 988
    }
}