{
    "DOWN": {
        "precision": 0.7015706806282722,
        "recall": 0.7976190476190477,
        "f1-score": 0.7465181058495822,
        "support": 672
    },
    "UP": {
        "precision": 0.4728682170542636,
        "recall": 0.3485714285714286,
        "f1-score": 0.40131578947368424,
        "support": 350
    },
    "accuracy": 0.6438356164383562,
    "macro avg": {
        "precision": 0.5872194488412679,
        "recall": 0.5730952380952381,
        "f1-score": 0.5739169476616333,
        "support": 1022
    },
    "weighted avg": {
        "precision": 0.6232479191303241,
        "recall": 0.6438356164383562,
        "f1-score": 0.6282981344879733,
        "support": 1022
    }
}