{
    "R2": 0.9416147574343441,
    "RMSE": 12.318933544097662,
    "MSE": 151.75612366389458,
    "MAPE": 0.05329755084785225,
    "ACMAPE": 0.9531218039234234
}