{
    "R2": 0.9751186696691833,
    "RMSE": 8.341460203349461,
    "MSE": 69.57995832406284,
    "MAPE": 0.03773764843305602,
    "ACMAPE": 1.537737648433056
}