{
    "R2": -5.543526764311172,
    "RMSE": 41.30520605808579,
    "MSE": 1706.1200475009266,
    "MAPE": 0.4234677812248719,
    "ACMAPE": 0.7021963875818402
}