{
    "R2": -6.031746111291925,
    "RMSE": 47.285384855572154,
    "MSE": 2235.907620939572,
    "MAPE": 0.4195640634378825,
    "ACMAPE": 1.7926605101383901
}