{
    "DOWN": {
        "precision": 0.7862232779097387,
        "recall": 0.6210131332082551,
        "f1-score": 0.6939203354297694,
        "support": 1066
    },
    "UP": {
        "precision": 0.32100840336134456,
        "recall": 0.5148247978436657,
        "f1-score": 0.3954451345755694,
        "support": 371
    },
    "accuracy": 0.5935977731384829,
    "macro avg": {
        "precision": 0.5536158406355416,
        "recall": 0.5679189655259604,
        "f1-score": 0.5446827350026694,
        "support": 1437
    },
    "weighted avg": {
        "precision": 0.666115610228838,
        "recall": 0.5935977731384829,
        "f1-score": 0.6168609759886363,
        "support": 1437
    }
}