{
    "DOWN": {
        "precision": 0.7708333333333334,
        "recall": 0.1615720524017467,
        "f1-score": 0.26714801444043323,
        "support": 229
    },
    "UP": {
        "precision": 0.3885350318471338,
        "recall": 0.9172932330827067,
        "f1-score": 0.5458612975391499,
        "support": 133
    },
    "accuracy": 0.43922651933701656,
    "macro avg": {
        "precision": 0.5796841825902336,
        "recall": 0.5394326427422267,
        "f1-score": 0.4065046559897916,
        "support": 362
    },
    "weighted avg": {
        "precision": 0.6303756700801164,
        "recall": 0.43922651933701656,
        "f1-score": 0.36954819856233745,
        "support": 362
    }
}