{
    "DOWN": {
        "precision": 0.6846846846846847,
        "recall": 0.37623762376237624,
        "f1-score": 0.4856230031948882,
        "support": 404
    },
    "UP": {
        "precision": 0.39568345323741005,
        "recall": 0.7021276595744681,
        "f1-score": 0.5061349693251534,
        "support": 235
    },
    "accuracy": 0.49608763693270735,
    "macro avg": {
        "precision": 0.5401840689610473,
        "recall": 0.5391826416684222,
        "f1-score": 0.4958789862600208,
        "support": 639
    },
    "weighted avg": {
        "precision": 0.578400976718942,
        "recall": 0.49608763693270735,
        "f1-score": 0.4931665275150953,
        "support": 639
    }
}