{
    "R2": 0.9473419356778485,
    "RMSE": 11.1870980087571,
    "MSE": 125.1511618575371,
    "MAPE": 0.11669423339226924,
    "ACMAPE": 1.8848374944667272
}