{
    "R2": 0.9895036147657315,
    "RMSE": 21.867306696931628,
    "MSE": 478.17910217767076,
    "MAPE": 0.01470589962973028,
    "ACMAPE": 1.0820314092035412
}