{
    "R2": 0.9632713966402612,
    "RMSE": 261.5692887423582,
    "MSE": 68418.49281318315,
    "MAPE": 0.09626588317216353,
    "ACMAPE": 1.3145307233548118
}