{
    "DOWN": {
        "precision": 0.6326530612244898,
        "recall": 0.2569060773480663,
        "f1-score": 0.3654223968565816,
        "support": 724
    },
    "UP": {
        "precision": 0.3283395755305868,
        "recall": 0.7088948787061995,
        "f1-score": 0.44880546075085337,
        "support": 371
    },
    "accuracy": 0.4100456621004566,
    "macro avg": {
        "precision": 0.4804963183775383,
        "recall": 0.4829004780271329,
        "f1-score": 0.4071139288037175,
        "support": 1095
    },
    "weighted avg": {
        "precision": 0.5295477615053683,
        "recall": 0.4100456621004566,
        "f1-score": 0.3936736449887961,
        "support": 1095
    }
}