{
    "R2": 0.8219865876822845,
    "RMSE": 78.5613177635187,
    "MSE": 6171.880648740558,
    "MAPE": 0.030383496383325936,
    "ACMAPE": 0.7591812596638478
}