{
    "R2": 0.9575918963517209,
    "RMSE": 501.20151034944,
    "MSE": 251202.95397655983,
    "MAPE": 0.784435005022919,
    "ACMAPE": 2.0698531114500094
}