{
    "DOWN": {
        "precision": 0.6301916932907349,
        "recall": 0.4332784184514003,
        "f1-score": 0.513504718516108,
        "support": 1821
    },
    "UP": {
        "precision": 0.3749242883101151,
        "recall": 0.5720887245841035,
        "f1-score": 0.45298207098426635,
        "support": 1082
    },
    "accuracy": 0.48501550120564935,
    "macro avg": {
        "precision": 0.502557990800425,
        "recall": 0.5026835715177519,
        "f1-score": 0.4832433947501872,
        "support": 2903
    },
    "weighted avg": {
        "precision": 0.5350489677691949,
        "recall": 0.48501550120564935,
        "f1-score": 0.4909468457536372,
        "support": 2903
    }
}