{
    "R2": 0.9754457600358492,
    "RMSE": 116.95747796493457,
    "MSE": 13679.051651918156,
    "MAPE": 0.04753440136171963,
    "ACMAPE": 1.0064385109507608
}