{
    "DOWN": {
        "precision": 0.5518018018018018,
        "recall": 0.6186868686868687,
        "f1-score": 0.5833333333333334,
        "support": 396
    },
    "UP": {
        "precision": 0.47202797202797203,
        "recall": 0.4041916167664671,
        "f1-score": 0.435483870967742,
        "support": 334
    },
    "accuracy": 0.5205479452054794,
    "macro avg": {
        "precision": 0.511914886914887,
        "recall": 0.5114392427266679,
        "f1-score": 0.5094086021505377,
        "support": 730
    },
    "weighted avg": {
        "precision": 0.5153025426998029,
        "recall": 0.5205479452054794,
        "f1-score": 0.5156871409633231,
        "support": 730
    }
}