{
    "R2": 0.9871014112480706,
    "RMSE": 93.86466125478174,
    "MSE": 8810.574632474923,
    "MAPE": 0.10348834950058029,
    "ACMAPE": 1.137876244961378
}