{
    "R2": 0.9861028078806953,
    "RMSE": 25.636206704042586,
    "MSE": 657.2150941723979,
    "MAPE": 0.03399084871594516,
    "ACMAPE": 1.402346070729704
}