{
    "DOWN": {
        "precision": 0.6059405940594059,
        "recall": 0.4872611464968153,
        "f1-score": 0.5401588702559575,
        "support": 628
    },
    "UP": {
        "precision": 0.4721311475409836,
        "recall": 0.5913757700205339,
        "f1-score": 0.5250683682771194,
        "support": 487
    },
    "accuracy": 0.5327354260089686,
    "macro avg": {
        "precision": 0.5390358708001948,
        "recall": 0.5393184582586745,
        "f1-score": 0.5326136192665385,
        "support": 1115
    },
    "weighted avg": {
        "precision": 0.54749646809127,
        "recall": 0.5327354260089686,
        "f1-score": 0.5335677720822408,
        "support": 1115
    }
}