{
    "DOWN": {
        "precision": 0.578481945467944,
        "recall": 0.2960030165912519,
        "f1-score": 0.39161885757046644,
        "support": 2652
    },
    "UP": {
        "precision": 0.39813023855577045,
        "recall": 0.6834532374100719,
        "f1-score": 0.5031574658789977,
        "support": 1807
    },
    "accuracy": 0.4530163713837183,
    "macro avg": {
        "precision": 0.4883060920118572,
        "recall": 0.48972812700066193,
        "f1-score": 0.44738816172473206,
        "support": 4459
    },
    "weighted avg": {
        "precision": 0.5053948105968299,
        "recall": 0.4530163713837183,
        "f1-score": 0.4368196346984135,
        "support": 4459
    }
}