{
    "DOWN": {
        "precision": 0.7170454545454545,
        "recall": 0.37626714370900416,
        "f1-score": 0.49354712553773955,
        "support": 1677
    },
    "UP": {
        "precision": 0.3531230674087817,
        "recall": 0.6963414634146341,
        "f1-score": 0.4686089454247025,
        "support": 820
    },
    "accuracy": 0.4813776531838206,
    "macro avg": {
        "precision": 0.5350842609771181,
        "recall": 0.5363043035618191,
        "f1-score": 0.481078035481221,
        "support": 2497
    },
    "weighted avg": {
        "precision": 0.5975354996187138,
        "recall": 0.4813776531838206,
        "f1-score": 0.48535757500001814,
        "support": 2497
    }
}