{
    "R2": 0.830843847396815,
    "RMSE": 7.236189523758309,
    "MSE": 52.3624388237495,
    "MAPE": 0.07606223942225007,
    "ACMAPE": 0.9771611405211511
}