{
    "DOWN": {
        "precision": 0.6363636363636364,
        "recall": 0.6186868686868687,
        "f1-score": 0.6274007682458387,
        "support": 396
    },
    "UP": {
        "precision": 0.47202797202797203,
        "recall": 0.4909090909090909,
        "f1-score": 0.48128342245989303,
        "support": 275
    },
    "accuracy": 0.5663189269746647,
    "macro avg": {
        "precision": 0.5541958041958042,
        "recall": 0.5547979797979798,
        "f1-score": 0.5543420953528658,
        "support": 671
    },
    "weighted avg": {
        "precision": 0.5690129542588559,
        "recall": 0.5663189269746647,
        "f1-score": 0.5675166101368445,
        "support": 671
    }
}