{
    "R2": 0.9722351545040389,
    "RMSE": 8.207472309337874,
    "MSE": 67.36260170854797,
    "MAPE": 0.03826455849670234,
    "ACMAPE": 1.0543449605067525
}