{
    "R2": 0.9904709555345887,
    "RMSE": 10.951032887541343,
    "MSE": 119.9251213040121,
    "MAPE": 0.04075404830799058,
    "ACMAPE": 0.9182615173647554
}