{
    "DOWN": {
        "precision": 0.8632,
        "recall": 0.30300477393990455,
        "f1-score": 0.4485553938890044,
        "support": 3561
    },
    "UP": {
        "precision": 0.1770557029177719,
        "recall": 0.7574468085106383,
        "f1-score": 0.28701961838215534,
        "support": 705
    },
    "accuracy": 0.37810595405532116,
    "macro avg": {
        "precision": 0.520127851458886,
        "recall": 0.5302257912252715,
        "f1-score": 0.36778750613557987,
        "support": 4266
    },
    "weighted avg": {
        "precision": 0.7498076583584222,
        "recall": 0.37810595405532116,
        "f1-score": 0.42185995982141683,
        "support": 4266
    }
}