{
    "DOWN": {
        "precision": 0.8658865886588659,
        "recall": 0.2711386696730552,
        "f1-score": 0.4129641553981541,
        "support": 3548
    },
    "UP": {
        "precision": 0.17643312101910827,
        "recall": 0.7880512091038406,
        "f1-score": 0.2883164194639604,
        "support": 703
    },
    "accuracy": 0.35662197130087037,
    "macro avg": {
        "precision": 0.5211598548389871,
        "recall": 0.5295949393884479,
        "f1-score": 0.35064028743105724,
        "support": 4251
    },
    "weighted avg": {
        "precision": 0.7518697013968689,
        "recall": 0.35662197130087037,
        "f1-score": 0.3923508036311021,
        "support": 4251
    }
}