{
    "R2": 0.847814733686788,
    "RMSE": 348.06049048240084,
    "MSE": 121146.10503484946,
    "MAPE": 0.0356014096176024,
    "ACMAPE": 0.6367250051232204
}