{
    "DOWN": {
        "precision": 0.8752475247524752,
        "recall": 0.38647624599242203,
        "f1-score": 0.5361908613020623,
        "support": 3431
    },
    "UP": {
        "precision": 0.2032551097653293,
        "recall": 0.7396694214876033,
        "f1-score": 0.31888361045130637,
        "support": 726
    },
    "accuracy": 0.44815973057493386,
    "macro avg": {
        "precision": 0.5392513172589023,
        "recall": 0.5630728337400126,
        "f1-score": 0.42753723587668435,
        "support": 4157
    },
    "weighted avg": {
        "precision": 0.7578872906219322,
        "recall": 0.44815973057493386,
        "f1-score": 0.4982391980550936,
        "support": 4157
    }
}