{
    "DOWN": {
        "precision": 1.0,
        "recall": 0.031413612565445025,
        "f1-score": 0.06091370558375635,
        "support": 191
    },
    "UP": {
        "precision": 0.2801556420233463,
        "recall": 1.0,
        "f1-score": 0.4376899696048633,
        "support": 72
    },
    "accuracy": 0.2965779467680608,
    "macro avg": {
        "precision": 0.6400778210116731,
        "recall": 0.5157068062827225,
        "f1-score": 0.24930183759430982,
        "support": 263
    },
    "weighted avg": {
        "precision": 0.8029323430634255,
        "recall": 0.2965779467680608,
        "f1-score": 0.16406158014466776,
        "support": 263
    }
}