{
    "R2": 0.970147792518799,
    "RMSE": 300.03550231042647,
    "MSE": 90021.30264666991,
    "MAPE": 0.08742467533327547,
    "ACMAPE": 1.0271996587879413
}