{
    "DOWN": {
        "precision": 0.6406080347448425,
        "recall": 0.20247083047357584,
        "f1-score": 0.30769230769230765,
        "support": 2914
    },
    "UP": {
        "precision": 0.318075117370892,
        "recall": 0.7660777385159011,
        "f1-score": 0.4495127513995439,
        "support": 1415
    },
    "accuracy": 0.3866943866943867,
    "macro avg": {
        "precision": 0.47934157605786726,
        "recall": 0.48427428449473847,
        "f1-score": 0.37860252954592577,
        "support": 4329
    },
    "weighted avg": {
        "precision": 0.5351832072825787,
        "recall": 0.3866943866943867,
        "f1-score": 0.35404849338085914,
        "support": 4329
    }
}