{
    "DOWN": {
        "precision": 0.6746347941567065,
        "recall": 0.7055555555555556,
        "f1-score": 0.6897488119484046,
        "support": 720
    },
    "UP": {
        "precision": 0.3595166163141994,
        "recall": 0.3269230769230769,
        "f1-score": 0.3424460431654677,
        "support": 364
    },
    "accuracy": 0.5784132841328413,
    "macro avg": {
        "precision": 0.5170757052354529,
        "recall": 0.5162393162393163,
        "f1-score": 0.5160974275569361,
        "support": 1084
    },
    "weighted avg": {
        "precision": 0.5688202030730601,
        "recall": 0.5784132841328413,
        "f1-score": 0.5731268489991528,
        "support": 1084
    }
}