{
    "DOWN": {
        "precision": 0.8911516853932584,
        "recall": 0.3528921023359288,
        "f1-score": 0.5055776892430279,
        "support": 3596
    },
    "UP": {
        "precision": 0.1617435158501441,
        "recall": 0.7433774834437086,
        "f1-score": 0.26568047337278106,
        "support": 604
    },
    "accuracy": 0.40904761904761905,
    "macro avg": {
        "precision": 0.5264476006217013,
        "recall": 0.5481347928898187,
        "f1-score": 0.3856290813079045,
        "support": 4200
    },
    "weighted avg": {
        "precision": 0.7862558438684868,
        "recall": 0.40904761904761905,
        "f1-score": 0.4710781848654972,
        "support": 4200
    }
}