{
    "R2": 0.9895135451002744,
    "RMSE": 15.327852263254584,
    "MSE": 234.94305500415868,
    "MAPE": 0.11293243052845643,
    "ACMAPE": 1.308796177487094
}