{
    "R2": 0.8371872890733698,
    "RMSE": 13.989718424295484,
    "MSE": 195.71222159107253,
    "MAPE": 0.03323346040584155,
    "ACMAPE": 0.8282998740680807
}