{
    "R2": 0.9847672967920136,
    "RMSE": 85.1033207785627,
    "MSE": 7242.575207538944,
    "MAPE": 0.05513890503097636,
    "ACMAPE": 1.2358906407264514
}