{
    "DOWN": {
        "precision": 0.7158273381294964,
        "recall": 0.4693396226415094,
        "f1-score": 0.5669515669515669,
        "support": 424
    },
    "UP": {
        "precision": 0.44168734491315137,
        "recall": 0.6926070038910506,
        "f1-score": 0.5393939393939394,
        "support": 257
    },
    "accuracy": 0.55359765051395,
    "macro avg": {
        "precision": 0.5787573415213239,
        "recall": 0.58097331326628,
        "f1-score": 0.5531727531727532,
        "support": 681
    },
    "weighted avg": {
        "precision": 0.6123706887071753,
        "recall": 0.55359765051395,
        "f1-score": 0.5565516986956047,
        "support": 681
    }
}