{
    "DOWN": {
        "precision": 0.589041095890411,
        "recall": 0.8514851485148515,
        "f1-score": 0.6963562753036436,
        "support": 101
    },
    "UP": {
        "precision": 0.4642857142857143,
        "recall": 0.1780821917808219,
        "f1-score": 0.25742574257425743,
        "support": 73
    },
    "accuracy": 0.5689655172413793,
    "macro avg": {
        "precision": 0.5266634050880626,
        "recall": 0.5147836701478367,
        "f1-score": 0.47689100893895053,
        "support": 174
    },
    "weighted avg": {
        "precision": 0.5367011944125785,
        "recall": 0.5689655172413793,
        "f1-score": 0.5122072586987861,
        "support": 174
    }
}