{
    "DOWN": {
        "precision": 0.8239795918367347,
        "recall": 0.5716814159292035,
        "f1-score": 0.6750261233019854,
        "support": 565
    },
    "UP": {
        "precision": 0.28823529411764703,
        "recall": 0.5868263473053892,
        "f1-score": 0.3865877712031558,
        "support": 167
    },
    "accuracy": 0.575136612021858,
    "macro avg": {
        "precision": 0.5561074429771908,
        "recall": 0.5792538816172963,
        "f1-score": 0.5308069472525706,
        "support": 732
    },
    "weighted avg": {
        "precision": 0.7017537752806041,
        "recall": 0.575136612021858,
        "f1-score": 0.6092211987111321,
        "support": 732
    }
}