{
    "R2": 0.9882223295158237,
    "RMSE": 25.116496258624792,
    "MSE": 630.8383843095132,
    "MAPE": 0.3059844853746675,
    "ACMAPE": 1.4945675638660028
}