{
    "R2": 0.9003334259461472,
    "RMSE": 78.56765317434117,
    "MSE": 6172.8761253235625,
    "MAPE": 0.040497659525733906,
    "ACMAPE": 0.9015216929635604
}