{
    "DOWN": {
        "precision": 0.74,
        "recall": 0.18592964824120603,
        "f1-score": 0.2971887550200803,
        "support": 199
    },
    "UP": {
        "precision": 0.31932773109243695,
        "recall": 0.8539325842696629,
        "f1-score": 0.46483180428134546,
        "support": 89
    },
    "accuracy": 0.3923611111111111,
    "macro avg": {
        "precision": 0.5296638655462185,
        "recall": 0.5199311162554344,
        "f1-score": 0.3810102796507129,
        "support": 288
    },
    "weighted avg": {
        "precision": 0.61000058356676,
        "recall": 0.3923611111111111,
        "f1-score": 0.3489951139931796,
        "support": 288
    }
}