{
    "R2": 0.909907541454655,
    "RMSE": 30.756650513584354,
    "MSE": 945.9715508147688,
    "MAPE": 0.08974981979615307,
    "ACMAPE": 1.065907857943292
}