{
    "R2": 0.8249016087455022,
    "RMSE": 350.65911529285023,
    "MSE": 122961.81513796443,
    "MAPE": 0.10571631897845096,
    "ACMAPE": 0.7565250725464814
}