{
    "DOWN": {
        "precision": 0.631578947368421,
        "recall": 0.18848167539267016,
        "f1-score": 0.2903225806451613,
        "support": 382
    },
    "UP": {
        "precision": 0.3787575150300601,
        "recall": 0.8181818181818182,
        "f1-score": 0.5178082191780823,
        "support": 231
    },
    "accuracy": 0.4257748776508972,
    "macro avg": {
        "precision": 0.5051682311992406,
        "recall": 0.5033317467872442,
        "f1-score": 0.4040653999116218,
        "support": 613
    },
    "weighted avg": {
        "precision": 0.536306923110409,
        "recall": 0.4257748776508972,
        "f1-score": 0.3760471850515312,
        "support": 613
    }
}