{
    "DOWN": {
        "precision": 0.7311827956989247,
        "recall": 0.3655913978494624,
        "f1-score": 0.4874551971326165,
        "support": 186
    },
    "UP": {
        "precision": 0.11940298507462686,
        "recall": 0.3902439024390244,
        "f1-score": 0.18285714285714283,
        "support": 41
    },
    "accuracy": 0.3700440528634361,
    "macro avg": {
        "precision": 0.4252928903867758,
        "recall": 0.3779176501442434,
        "f1-score": 0.3351561699948796,
        "support": 227
    },
    "weighted avg": {
        "precision": 0.6206851206522453,
        "recall": 0.3700440528634361,
        "f1-score": 0.4324396895322006,
        "support": 227
    }
}