{
    "R2": 0.9630337668713616,
    "RMSE": 55.46454812814684,
    "MSE": 3076.316099059517,
    "MAPE": 0.23490415888699537,
    "ACMAPE": 1.6555260901472244
}