{
    "R2": 0.1421642860936695,
    "RMSE": 2.2874731597402995,
    "MSE": 5.23253345653227,
    "MAPE": 0.030680453836113127,
    "ACMAPE": 0.6765137871694464
}