{
    "DOWN": {
        "precision": 0.8333333333333334,
        "recall": 0.15151515151515152,
        "f1-score": 0.25641025641025644,
        "support": 66
    },
    "UP": {
        "precision": 0.3333333333333333,
        "recall": 0.9333333333333333,
        "f1-score": 0.4912280701754386,
        "support": 30
    },
    "accuracy": 0.3958333333333333,
    "macro avg": {
        "precision": 0.5833333333333334,
        "recall": 0.5424242424242425,
        "f1-score": 0.37381916329284753,
        "support": 96
    },
    "weighted avg": {
        "precision": 0.6770833333333334,
        "recall": 0.3958333333333333,
        "f1-score": 0.32979082321187586,
        "support": 96
    }
}