{
    "DOWN": {
        "precision": 0.67497034400949,
        "recall": 0.5244239631336406,
        "f1-score": 0.5902489626556017,
        "support": 1085
    },
    "UP": {
        "precision": 0.3986013986013986,
        "recall": 0.5551948051948052,
        "f1-score": 0.46404341926729986,
        "support": 616
    },
    "accuracy": 0.5355673133450911,
    "macro avg": {
        "precision": 0.5367858713054443,
        "recall": 0.5398093841642229,
        "f1-score": 0.5271461909614508,
        "support": 1701
    },
    "weighted avg": {
        "precision": 0.574886116865819,
        "recall": 0.5355673133450911,
        "f1-score": 0.5445448975602496,
        "support": 1701
    }
}