{
    "R2": 0.9738212635553753,
    "RMSE": 124.71662006627713,
    "MSE": 15554.235320756121,
    "MAPE": 0.025390610390593142,
    "ACMAPE": 1.032449433920005
}