{
    "R2": 0.9824286706909421,
    "RMSE": 47.93362756495273,
    "MSE": 2297.632651535596,
    "MAPE": 0.26285012576796485,
    "ACMAPE": 1.3766528005093224
}