{
    "DOWN": {
        "precision": 0.782051282051282,
        "recall": 0.06740331491712707,
        "f1-score": 0.12410986775178028,
        "support": 905
    },
    "UP": {
        "precision": 0.13789581205311544,
        "recall": 0.8881578947368421,
        "f1-score": 0.2387267904509284,
        "support": 152
    },
    "accuracy": 0.18543046357615894,
    "macro avg": {
        "precision": 0.45997354705219873,
        "recall": 0.4777806048269846,
        "f1-score": 0.18141832910135433,
        "support": 1057
    },
    "weighted avg": {
        "precision": 0.6894196534422742,
        "recall": 0.18543046357615894,
        "f1-score": 0.14059214991854518,
        "support": 1057
    }
}