{
    "DOWN": {
        "precision": 0.8861047835990888,
        "recall": 0.31128300880234727,
        "f1-score": 0.46071851559415716,
        "support": 3749
    },
    "UP": {
        "precision": 0.08956276445698166,
        "recall": 0.6287128712871287,
        "f1-score": 0.15679012345679014,
        "support": 404
    },
    "accuracy": 0.3421622923188057,
    "macro avg": {
        "precision": 0.48783377402803524,
        "recall": 0.469997940044738,
        "f1-score": 0.30875431952547366,
        "support": 4153
    },
    "weighted avg": {
        "precision": 0.8086179124858186,
        "recall": 0.3421622923188057,
        "f1-score": 0.43115264262919295,
        "support": 4153
    }
}