{
    "R2": 0.8737761815514177,
    "RMSE": 71.28255481640215,
    "MSE": 5081.202621153378,
    "MAPE": 0.08442105763620728,
    "ACMAPE": 0.8307481879006537
}