{
    "R2": 0.9836025420734145,
    "RMSE": 649.5592087950397,
    "MSE": 421927.1657304379,
    "MAPE": 0.3534565046119645,
    "ACMAPE": 1.3856014490888786
}