{
    "R2": 0.9878095880979191,
    "RMSE": 39.489500051463445,
    "MSE": 1559.4206143145313,
    "MAPE": 0.03553129638000853,
    "ACMAPE": 0.7816920913212912
}