{
    "DOWN": {
        "precision": 0.6296641791044776,
        "recall": 0.9768451519536903,
        "f1-score": 0.7657402155416901,
        "support": 691
    },
    "UP": {
        "precision": 0.5428571428571428,
        "recall": 0.04567307692307692,
        "f1-score": 0.08425720620842572,
        "support": 416
    },
    "accuracy": 0.6269196025293586,
    "macro avg": {
        "precision": 0.5862606609808102,
        "recall": 0.5112591144383836,
        "f1-score": 0.4249987108750579,
        "support": 1107
    },
    "weighted avg": {
        "precision": 0.5970429260973491,
        "recall": 0.6269196025293586,
        "f1-score": 0.5096454261264797,
        "support": 1107
    }
}