{
    "R2": 0.9948757200149044,
    "RMSE": 9.432893761759505,
    "MSE": 88.97948472064138,
    "MAPE": 0.046736820435894985,
    "ACMAPE": 1.0327160153703137
}