{
    "DOWN": {
        "precision": 0.9355555555555556,
        "recall": 0.9034334763948498,
        "f1-score": 0.9192139737991267,
        "support": 932
    },
    "UP": {
        "precision": 0.3617021276595745,
        "recall": 0.46788990825688076,
        "f1-score": 0.40800000000000003,
        "support": 109
    },
    "accuracy": 0.8578290105667628,
    "macro avg": {
        "precision": 0.6486288416075651,
        "recall": 0.6856616923258653,
        "f1-score": 0.6636069868995633,
        "support": 1041
    },
    "weighted avg": {
        "precision": 0.8754690775145739,
        "recall": 0.8578290105667628,
        "f1-score": 0.8656862858605053,
        "support": 1041
    }
}