{
    "DOWN": {
        "precision": 0.7669172932330827,
        "recall": 0.3344262295081967,
        "f1-score": 0.4657534246575343,
        "support": 610
    },
    "UP": {
        "precision": 0.3763440860215054,
        "recall": 0.7980456026058632,
        "f1-score": 0.511482254697286,
        "support": 307
    },
    "accuracy": 0.48964013086150493,
    "macro avg": {
        "precision": 0.571630689627294,
        "recall": 0.5662359160570299,
        "f1-score": 0.4886178396774101,
        "support": 917
    },
    "weighted avg": {
        "precision": 0.6361583241884216,
        "recall": 0.48964013086150493,
        "f1-score": 0.4810628584876365,
        "support": 917
    }
}