{
    "DOWN": {
        "precision": 0.6666666666666666,
        "recall": 0.2857142857142857,
        "f1-score": 0.4,
        "support": 175
    },
    "UP": {
        "precision": 0.40476190476190477,
        "recall": 0.7727272727272727,
        "f1-score": 0.5312499999999999,
        "support": 110
    },
    "accuracy": 0.47368421052631576,
    "macro avg": {
        "precision": 0.5357142857142857,
        "recall": 0.5292207792207793,
        "f1-score": 0.46562499999999996,
        "support": 285
    },
    "weighted avg": {
        "precision": 0.5655806182121971,
        "recall": 0.47368421052631576,
        "f1-score": 0.4506578947368421,
        "support": 285
    }
}