{
    "R2": 0.9395088169598852,
    "RMSE": 53.91579923013596,
    "MSE": 2906.913406624329,
    "MAPE": 0.046333723669310684,
    "ACMAPE": 0.979667057002644
}