{
    "R2": 0.3147123099258078,
    "RMSE": 57.14218411878239,
    "MSE": 3265.2292058648263,
    "MAPE": 0.010079664135642505,
    "ACMAPE": 0.6871956515964576
}