{
    "DOWN": {
        "precision": 0.6506378802747792,
        "recall": 0.43532501641497046,
        "f1-score": 0.5216365066876475,
        "support": 1523
    },
    "UP": {
        "precision": 0.3620178041543027,
        "recall": 0.5781990521327014,
        "f1-score": 0.4452554744525547,
        "support": 844
    },
    "accuracy": 0.48626953950147866,
    "macro avg": {
        "precision": 0.506327842214541,
        "recall": 0.5067620342738359,
        "f1-score": 0.48344599057010107,
        "support": 2367
    },
    "weighted avg": {
        "precision": 0.5477247648351163,
        "recall": 0.48626953950147866,
        "f1-score": 0.49440136042384597,
        "support": 2367
    }
}