{
    "R2": -2.5518563264935565,
    "RMSE": 6.160972465700982,
    "MSE": 37.957581723125635,
    "MAPE": 0.11404044893591848,
    "ACMAPE": 1.8657334511932548
}