{
    "DOWN": {
        "precision": 0.5915492957746479,
        "recall": 0.7706422018348624,
        "f1-score": 0.6693227091633467,
        "support": 218
    },
    "UP": {
        "precision": 0.504950495049505,
        "recall": 0.30538922155688625,
        "f1-score": 0.3805970149253731,
        "support": 167
    },
    "accuracy": 0.5688311688311688,
    "macro avg": {
        "precision": 0.5482498954120765,
        "recall": 0.5380157116958744,
        "f1-score": 0.5249598620443598,
        "support": 385
    },
    "weighted avg": {
        "precision": 0.5539856601354302,
        "recall": 0.5688311688311688,
        "f1-score": 0.5440832521821998,
        "support": 385
    }
}