{
    "R2": 0.9858498200719189,
    "RMSE": 17.490983989088374,
    "MSE": 305.9345209065458,
    "MAPE": 0.24812581536357353,
    "ACMAPE": 1.3938805323447054
}