{
    "DOWN": {
        "precision": 0.7038461538461539,
        "recall": 0.9211409395973155,
        "f1-score": 0.7979651162790699,
        "support": 596
    },
    "UP": {
        "precision": 0.45348837209302323,
        "recall": 0.14444444444444443,
        "f1-score": 0.2191011235955056,
        "support": 270
    },
    "accuracy": 0.6789838337182448,
    "macro avg": {
        "precision": 0.5786672629695886,
        "recall": 0.53279269202088,
        "f1-score": 0.5085331199372878,
        "support": 866
    },
    "weighted avg": {
        "precision": 0.6257900325143464,
        "recall": 0.6789838337182448,
        "f1-score": 0.6174878899227623,
        "support": 866
    }
}