{
    "R2": 0.9884239861635374,
    "RMSE": 189.2792013528258,
    "MSE": 35826.61606476357,
    "MAPE": 0.1755460330361395,
    "ACMAPE": 0.602820990112421
}