{
    "R2": 0.9970034683264427,
    "RMSE": 12.943848003227608,
    "MSE": 167.54320113065933,
    "MAPE": 0.08714617413373299,
    "ACMAPE": 1.1689905545371913
}