{
    "DOWN": {
        "precision": 0.7797356828193832,
        "recall": 0.4983108108108108,
        "f1-score": 0.6080384747509446,
        "support": 1776
    },
    "UP": {
        "precision": 0.30983733539891556,
        "recall": 0.6153846153846154,
        "f1-score": 0.41215868109222054,
        "support": 650
    },
    "accuracy": 0.5296784830997526,
    "macro avg": {
        "precision": 0.5447865091091494,
        "recall": 0.5568477130977131,
        "f1-score": 0.5100985779215825,
        "support": 2426
    },
    "weighted avg": {
        "precision": 0.6538354660744103,
        "recall": 0.5296784830997526,
        "f1-score": 0.5555562546857464,
        "support": 2426
    }
}