{
    "DOWN": {
        "precision": 0.6758620689655173,
        "recall": 0.6666666666666666,
        "f1-score": 0.6712328767123288,
        "support": 147
    },
    "UP": {
        "precision": 0.4431818181818182,
        "recall": 0.45348837209302323,
        "f1-score": 0.4482758620689655,
        "support": 86
    },
    "accuracy": 0.5879828326180258,
    "macro avg": {
        "precision": 0.5595219435736677,
        "recall": 0.560077519379845,
        "f1-score": 0.5597543693906472,
        "support": 233
    },
    "weighted avg": {
        "precision": 0.5899800879895597,
        "recall": 0.5879828326180258,
        "f1-score": 0.588939729676581,
        "support": 233
    }
}