{
    "DOWN": {
        "precision": 0.688135593220339,
        "recall": 0.39960629921259844,
        "f1-score": 0.5056039850560399,
        "support": 508
    },
    "UP": {
        "precision": 0.43830570902394106,
        "recall": 0.7212121212121212,
        "f1-score": 0.5452462772050402,
        "support": 330
    },
    "accuracy": 0.5262529832935561,
    "macro avg": {
        "precision": 0.56322065112214,
        "recall": 0.5604092102123598,
        "f1-score": 0.52542513113054,
        "support": 838
    },
    "weighted avg": {
        "precision": 0.5897538965797527,
        "recall": 0.5262529832935561,
        "f1-score": 0.5212149115586294,
        "support": 838
    }
}