{
    "DOWN": {
        "precision": 0.854607250755287,
        "recall": 0.6326530612244898,
        "f1-score": 0.7270682730923695,
        "support": 3577
    },
    "UP": {
        "precision": 0.28548123980424145,
        "recall": 0.5769230769230769,
        "f1-score": 0.3819570753001091,
        "support": 910
    },
    "accuracy": 0.6213505683084466,
    "macro avg": {
        "precision": 0.5700442452797643,
        "recall": 0.6047880690737834,
        "f1-score": 0.5545126741962393,
        "support": 4487
    },
    "weighted avg": {
        "precision": 0.7391838787995367,
        "recall": 0.6213505683084466,
        "f1-score": 0.6570769225260765,
        "support": 4487
    }
}