{
    "DOWN": {
        "precision": 0.6741706161137441,
        "recall": 0.8070921985815603,
        "f1-score": 0.7346675274370562,
        "support": 705
    },
    "UP": {
        "precision": 0.2765957446808511,
        "recall": 0.15902140672782875,
        "f1-score": 0.20194174757281552,
        "support": 327
    },
    "accuracy": 0.6017441860465116,
    "macro avg": {
        "precision": 0.47538318039729754,
        "recall": 0.48305680265469453,
        "f1-score": 0.4683046375049359,
        "support": 1032
    },
    "weighted avg": {
        "precision": 0.5481948574329727,
        "recall": 0.6017441860465116,
        "f1-score": 0.5658677890498404,
        "support": 1032
    }
}