{
    "DOWN": {
        "precision": 0.6978653530377669,
        "recall": 0.36764705882352944,
        "f1-score": 0.48158640226628907,
        "support": 2312
    },
    "UP": {
        "precision": 0.32905002294630564,
        "recall": 0.6608294930875576,
        "f1-score": 0.4393382352941177,
        "support": 1085
    },
    "accuracy": 0.4612893729761554,
    "macro avg": {
        "precision": 0.5134576879920363,
        "recall": 0.5142382759555435,
        "f1-score": 0.4604623187802034,
        "support": 3397
    },
    "weighted avg": {
        "precision": 0.5800659320341651,
        "recall": 0.4612893729761554,
        "f1-score": 0.46809236012180694,
        "support": 3397
    }
}