{
    "DOWN": {
        "precision": 0.6507936507936508,
        "recall": 0.1413793103448276,
        "f1-score": 0.23229461756373937,
        "support": 580
    },
    "UP": {
        "precision": 0.3112033195020747,
        "recall": 0.8364312267657993,
        "f1-score": 0.45362903225806445,
        "support": 269
    },
    "accuracy": 0.36160188457008247,
    "macro avg": {
        "precision": 0.48099848514786275,
        "recall": 0.48890526855531347,
        "f1-score": 0.3429618249109019,
        "support": 849
    },
    "weighted avg": {
        "precision": 0.5431967142595707,
        "recall": 0.36160188457008247,
        "f1-score": 0.30242295390387297,
        "support": 849
    }
}