{
    "R2": 0.7849005628848982,
    "RMSE": 28.689677079360422,
    "MSE": 823.0975709179788,
    "MAPE": 0.04229342625212774,
    "ACMAPE": 1.14073902210705
}