{
    "R2": 0.9626555226177326,
    "RMSE": 151.3132061767556,
    "MSE": 22895.686363489356,
    "MAPE": 0.2753805454903029,
    "ACMAPE": 1.3628403525642578
}