{
    "DOWN": {
        "precision": 0.704635761589404,
        "recall": 0.434640522875817,
        "f1-score": 0.537645275391612,
        "support": 1224
    },
    "UP": {
        "precision": 0.4100596760443308,
        "recall": 0.6832386363636364,
        "f1-score": 0.512519978689398,
        "support": 704
    },
    "accuracy": 0.5254149377593361,
    "macro avg": {
        "precision": 0.5573477188168674,
        "recall": 0.5589395796197267,
        "f1-score": 0.525082627040505,
        "support": 1928
    },
    "weighted avg": {
        "precision": 0.5970727096061408,
        "recall": 0.5254149377593361,
        "f1-score": 0.5284708931932932,
        "support": 1928
    }
}