{
    "R2": 0.3812110889447462,
    "RMSE": 306.09920913101394,
    "MSE": 93696.72583063222,
    "MAPE": 0.04278791532203988,
    "ACMAPE": 0.9755610245657373
}