{
    "R2": 0.5456983405965304,
    "RMSE": 262.27875163865855,
    "MSE": 68790.14356113313,
    "MAPE": 0.03582713066921904,
    "ACMAPE": 0.9938103239465299
}