{
    "R2": 0.7606116665135647,
    "RMSE": 74.72843416048246,
    "MSE": 5584.338872077562,
    "MAPE": 0.19510145424399414,
    "ACMAPE": 1.530950510847768
}