{
    "DOWN": {
        "precision": 0.6190476190476191,
        "recall": 0.10714285714285714,
        "f1-score": 0.18266978922716628,
        "support": 364
    },
    "UP": {
        "precision": 0.30406852248394006,
        "recall": 0.8554216867469879,
        "f1-score": 0.4486571879936809,
        "support": 166
    },
    "accuracy": 0.34150943396226413,
    "macro avg": {
        "precision": 0.4615580707657796,
        "recall": 0.4812822719449225,
        "f1-score": 0.3156634886104236,
        "support": 530
    },
    "weighted avg": {
        "precision": 0.520393788803146,
        "recall": 0.34150943396226413,
        "f1-score": 0.26597904997290484,
        "support": 530
    }
}