{
    "DOWN": {
        "precision": 0.7333333333333333,
        "recall": 0.06790123456790123,
        "f1-score": 0.12429378531073446,
        "support": 162
    },
    "UP": {
        "precision": 0.1564245810055866,
        "recall": 0.875,
        "f1-score": 0.2654028436018957,
        "support": 32
    },
    "accuracy": 0.20103092783505155,
    "macro avg": {
        "precision": 0.4448789571694599,
        "recall": 0.4714506172839506,
        "f1-score": 0.19484831445631506,
        "support": 194
    },
    "weighted avg": {
        "precision": 0.6381731267638081,
        "recall": 0.20103092783505155,
        "f1-score": 0.14756950626597756,
        "support": 194
    }
}