{
    "R2": -0.005075679776518349,
    "RMSE": 4961.557213714557,
    "MSE": 24617049.98496296,
    "MAPE": 0.03880968189434775,
    "ACMAPE": 0.9049372650030629
}