{
    "R2": 0.9729248060659723,
    "RMSE": 9.128256310498475,
    "MSE": 83.32506327015523,
    "MAPE": 0.1725795949350641,
    "ACMAPE": 1.3802029133207143
}