{
    "R2": 0.9312378626622089,
    "RMSE": 62.93074138174536,
    "MSE": 3960.2782108561178,
    "MAPE": 0.17681515890402433,
    "ACMAPE": 1.1506182302680712
}