{
    "R2": 0.8816765015550262,
    "RMSE": 6.238804294282391,
    "MSE": 38.92267902235641,
    "MAPE": 0.04796014014875792,
    "ACMAPE": 1.0173924545592383
}