{
    "DOWN": {
        "precision": 0.7935323383084577,
        "recall": 0.4870229007633588,
        "f1-score": 0.6035950804162725,
        "support": 655
    },
    "UP": {
        "precision": 0.40636042402826855,
        "recall": 0.7348242811501597,
        "f1-score": 0.5233219567690558,
        "support": 313
    },
    "accuracy": 0.5671487603305785,
    "macro avg": {
        "precision": 0.5999463811683632,
        "recall": 0.6109235909567593,
        "f1-score": 0.5634585185926642,
        "support": 968
    },
    "weighted avg": {
        "precision": 0.6683414197447188,
        "recall": 0.5671487603305785,
        "f1-score": 0.5776389980799308,
        "support": 968
    }
}