{
    "DOWN": {
        "precision": 0.6343402225755167,
        "recall": 0.22440944881889763,
        "f1-score": 0.33153302866638973,
        "support": 1778
    },
    "UP": {
        "precision": 0.3066867772750126,
        "recall": 0.7261904761904762,
        "f1-score": 0.431247790738777,
        "support": 840
    },
    "accuracy": 0.3854087089381207,
    "macro avg": {
        "precision": 0.47051349992526464,
        "recall": 0.47529996250468687,
        "f1-score": 0.38139040970258337,
        "support": 2618
    },
    "weighted avg": {
        "precision": 0.5292107748855154,
        "recall": 0.3854087089381207,
        "f1-score": 0.363527069973038,
        "support": 2618
    }
}