{
    "R2": -115.1596655499442,
    "RMSE": 2.855673712734691,
    "MSE": 8.154872353603936,
    "MAPE": 0.05662577306006764,
    "ACMAPE": 1.9724152467442782
}