{
    "DOWN": {
        "precision": 0.92,
        "recall": 0.11917098445595854,
        "f1-score": 0.2110091743119266,
        "support": 193
    },
    "UP": {
        "precision": 0.06593406593406594,
        "recall": 0.8571428571428571,
        "f1-score": 0.12244897959183673,
        "support": 14
    },
    "accuracy": 0.16908212560386474,
    "macro avg": {
        "precision": 0.492967032967033,
        "recall": 0.4881569207994078,
        "f1-score": 0.16672907695188166,
        "support": 207
    },
    "weighted avg": {
        "precision": 0.8622370865849127,
        "recall": 0.16908212560386474,
        "f1-score": 0.2050195959250606,
        "support": 207
    }
}