{
    "R2": 0.9823866205271685,
    "RMSE": 38.7999560301268,
    "MSE": 1505.4365879397728,
    "MAPE": 0.04842051598568538,
    "ACMAPE": 1.1595316270967966
}