{
    "R2": 0.5233052068944786,
    "RMSE": 134.17970941089374,
    "MSE": 18004.194417591887,
    "MAPE": 0.12592318213939055,
    "ACMAPE": 1.0409810971973055
}