{
    "R2": 0.6890676478732622,
    "RMSE": 23.088192143957333,
    "MSE": 533.064616476293,
    "MAPE": 0.1102665585253205,
    "ACMAPE": 0.9365970907382056
}