{
    "DOWN": {
        "precision": 0.6533127889060092,
        "recall": 0.2658307210031348,
        "f1-score": 0.3778966131907308,
        "support": 3190
    },
    "UP": {
        "precision": 0.21011804384485666,
        "recall": 0.5806150978564771,
        "f1-score": 0.308568598315998,
        "support": 1073
    },
    "accuracy": 0.3450621627961529,
    "macro avg": {
        "precision": 0.4317154163754329,
        "recall": 0.423222909429806,
        "f1-score": 0.3432326057533644,
        "support": 4263
    },
    "weighted avg": {
        "precision": 0.5417603700810932,
        "recall": 0.3450621627961529,
        "f1-score": 0.3604467046848457,
        "support": 4263
    }
}