{
    "DOWN": {
        "precision": 0.7298850574712644,
        "recall": 0.5906976744186047,
        "f1-score": 0.6529562982005142,
        "support": 215
    },
    "UP": {
        "precision": 0.41721854304635764,
        "recall": 0.5727272727272728,
        "f1-score": 0.4827586206896552,
        "support": 110
    },
    "accuracy": 0.5846153846153846,
    "macro avg": {
        "precision": 0.573551800258811,
        "recall": 0.5817124735729386,
        "f1-score": 0.5678574594450847,
        "support": 325
    },
    "weighted avg": {
        "precision": 0.6240594679736037,
        "recall": 0.5846153846153846,
        "f1-score": 0.595350930427608,
        "support": 325
    }
}