{
    "R2": 0.6703785909054829,
    "RMSE": 58.64104514198575,
    "MSE": 3438.7721753444107,
    "MAPE": 0.10242566976691951,
    "ACMAPE": 1.3321368114450487
}