{
    "R2": 0.9803933548260828,
    "RMSE": 26.827830522087666,
    "MSE": 719.7324905218586,
    "MAPE": 0.06435688431752429,
    "ACMAPE": 1.114940541905073
}