{
    "R2": 0.8210404257921341,
    "RMSE": 22.77690343949567,
    "MSE": 518.7873302921097,
    "MAPE": 0.18531411986555182,
    "ACMAPE": 0.986143995384224
}