{
    "R2": 0.7385916252811748,
    "RMSE": 71.57121892888694,
    "MSE": 5122.439378966663,
    "MAPE": 0.01980804883507315,
    "ACMAPE": 0.7468313684509853
}