{
    "R2": 0.6971251654621293,
    "RMSE": 5.444662996119484,
    "MSE": 29.644355141312797,
    "MAPE": 0.024116102554321697,
    "ACMAPE": 1.0747490139467268
}