{
    "R2": 0.9173597017622074,
    "RMSE": 90.59939839742712,
    "MSE": 8208.25098997572,
    "MAPE": 0.05331808139032003,
    "ACMAPE": 0.8557620732436806
}