{
    "R2": 0.9619139595230168,
    "RMSE": 21.10526053504385,
    "MSE": 445.4320222520794,
    "MAPE": 0.036848331622697725,
    "ACMAPE": 0.9457531422675289
}