{
    "DOWN": {
        "precision": 0.8723021582733813,
        "recall": 0.5568312284730195,
        "f1-score": 0.6797477224947441,
        "support": 871
    },
    "UP": {
        "precision": 0.1941544885177453,
        "recall": 0.5670731707317073,
        "f1-score": 0.2892690513219284,
        "support": 164
    },
    "accuracy": 0.5584541062801932,
    "macro avg": {
        "precision": 0.5332283233955633,
        "recall": 0.5619521996023633,
        "f1-score": 0.4845083869083363,
        "support": 1035
    },
    "weighted avg": {
        "precision": 0.7648468753362564,
        "recall": 0.5584541062801931,
        "f1-score": 0.6178747736325781,
        "support": 1035
    }
}