{
    "R2": 0.8575316540350935,
    "RMSE": 89.75888518014438,
    "MSE": 8056.65746878234,
    "MAPE": 0.05235400690041218,
    "ACMAPE": 0.8780647609177176
}