{
    "DOWN": {
        "precision": 0.7574257425742574,
        "recall": 0.8947368421052632,
        "f1-score": 0.8203753351206435,
        "support": 171
    },
    "UP": {
        "precision": 0.41935483870967744,
        "recall": 0.20967741935483872,
        "f1-score": 0.2795698924731183,
        "support": 62
    },
    "accuracy": 0.7124463519313304,
    "macro avg": {
        "precision": 0.5883902906419675,
        "recall": 0.5522071307300509,
        "f1-score": 0.5499726137968809,
        "support": 233
    },
    "weighted avg": {
        "precision": 0.6674669612884035,
        "recall": 0.7124463519313304,
        "f1-score": 0.6764700242015597,
        "support": 233
    }
}