{
    "DOWN": {
        "precision": 0.8571428571428571,
        "recall": 0.007643312101910828,
        "f1-score": 0.015151515151515152,
        "support": 785
    },
    "UP": {
        "precision": 0.24074074074074073,
        "recall": 0.9959677419354839,
        "f1-score": 0.38775510204081626,
        "support": 248
    },
    "accuracy": 0.24491771539206195,
    "macro avg": {
        "precision": 0.548941798941799,
        "recall": 0.5018055270186974,
        "f1-score": 0.2014533085961657,
        "support": 1033
    },
    "weighted avg": {
        "precision": 0.7091586123531911,
        "recall": 0.24491771539206195,
        "f1-score": 0.10460523204265423,
        "support": 1033
    }
}