{
    "R2": 0.9741221173853772,
    "RMSE": 235.23070753108337,
    "MSE": 55333.485765574085,
    "MAPE": 113187087800520.83,
    "ACMAPE": 113187087800522.5
}