{
    "R2": 0.7961090533401605,
    "RMSE": 42.41721718051722,
    "MSE": 1799.220313339165,
    "MAPE": 0.0524422767040263,
    "ACMAPE": 1.1699401634326823
}