{
    "DOWN": {
        "precision": 0.7485380116959064,
        "recall": 0.624390243902439,
        "f1-score": 0.6808510638297872,
        "support": 205
    },
    "UP": {
        "precision": 0.4076923076923077,
        "recall": 0.5520833333333334,
        "f1-score": 0.4690265486725664,
        "support": 96
    },
    "accuracy": 0.6013289036544851,
    "macro avg": {
        "precision": 0.578115159694107,
        "recall": 0.5882367886178862,
        "f1-score": 0.5749388062511768,
        "support": 301
    },
    "weighted avg": {
        "precision": 0.6398297472960875,
        "recall": 0.6013289036544851,
        "f1-score": 0.6132924144773182,
        "support": 301
    }
}