{
    "DOWN": {
        "precision": 0.7423510466988728,
        "recall": 0.49042553191489363,
        "f1-score": 0.5906470211402948,
        "support": 940
    },
    "UP": {
        "precision": 0.34652114597544337,
        "recall": 0.6135265700483091,
        "f1-score": 0.44289450741063646,
        "support": 414
    },
    "accuracy": 0.5280649926144756,
    "macro avg": {
        "precision": 0.5444360963371581,
        "recall": 0.5519760509816014,
        "f1-score": 0.5167707642754656,
        "support": 1354
    },
    "weighted avg": {
        "precision": 0.6213218156061845,
        "recall": 0.5280649926144756,
        "f1-score": 0.5454701077842545,
        "support": 1354
    }
}