{
    "DOWN": {
        "precision": 0.6820276497695853,
        "recall": 0.45962732919254656,
        "f1-score": 0.549165120593692,
        "support": 322
    },
    "UP": {
        "precision": 0.3894736842105263,
        "recall": 0.6166666666666667,
        "f1-score": 0.47741935483870973,
        "support": 180
    },
    "accuracy": 0.5159362549800797,
    "macro avg": {
        "precision": 0.5357506669900558,
        "recall": 0.5381469979296066,
        "f1-score": 0.5132922377162009,
        "support": 502
    },
    "weighted avg": {
        "precision": 0.5771278214814765,
        "recall": 0.5159362549800797,
        "f1-score": 0.5234395472154115,
        "support": 502
    }
}