{
    "DOWN": {
        "precision": 0.7421022400919012,
        "recall": 0.41490044958253053,
        "f1-score": 0.5322348094747683,
        "support": 3114
    },
    "UP": {
        "precision": 0.25205254515599346,
        "recall": 0.5776105362182502,
        "f1-score": 0.3509574164046871,
        "support": 1063
    },
    "accuracy": 0.4563083552789083,
    "macro avg": {
        "precision": 0.49707739262394735,
        "recall": 0.4962554929003904,
        "f1-score": 0.44159611293972767,
        "support": 4177
    },
    "weighted avg": {
        "precision": 0.6173900481558539,
        "recall": 0.4563083552789083,
        "f1-score": 0.4861017309893729,
        "support": 4177
    }
}