{
    "DOWN": {
        "precision": 0.7372881355932204,
        "recall": 0.9775280898876404,
        "f1-score": 0.8405797101449275,
        "support": 178
    },
    "UP": {
        "precision": 0.2,
        "recall": 0.015873015873015872,
        "f1-score": 0.029411764705882353,
        "support": 63
    },
    "accuracy": 0.7261410788381742,
    "macro avg": {
        "precision": 0.46864406779661016,
        "recall": 0.4967005528803281,
        "f1-score": 0.4349957374254049,
        "support": 241
    },
    "weighted avg": {
        "precision": 0.5968352204796399,
        "recall": 0.7261410788381742,
        "f1-score": 0.6285316580177082,
        "support": 241
    }
}