{
    "DOWN": {
        "precision": 0.7389830508474576,
        "recall": 0.07692307692307693,
        "f1-score": 0.1393416426973474,
        "support": 2834
    },
    "UP": {
        "precision": 0.03610906411201179,
        "recall": 0.56,
        "f1-score": 0.0678435444790585,
        "support": 175
    },
    "accuracy": 0.10501827849783982,
    "macro avg": {
        "precision": 0.3875460574797347,
        "recall": 0.31846153846153846,
        "f1-score": 0.10359259358820294,
        "support": 3009
    },
    "weighted avg": {
        "precision": 0.698104703330441,
        "recall": 0.10501827849783982,
        "f1-score": 0.13518339504423985,
        "support": 3009
    }
}