{
    "R2": 0.9856467481510618,
    "RMSE": 8.540070966044794,
    "MSE": 72.93281210508128,
    "MAPE": 0.030702179068791278,
    "ACMAPE": 0.9844321129686969
}