{
    "R2": 0.8712621042871151,
    "RMSE": 352.71531979100064,
    "MSE": 124408.09681526785,
    "MAPE": 0.3859536379274231,
    "ACMAPE": 1.6216515784308556
}