{
    "R2": 0.9767265285383822,
    "RMSE": 44.47880097557598,
    "MSE": 1978.3637362248987,
    "MAPE": 0.0784381540749835,
    "ACMAPE": 1.0555439856084607
}