{
    "R2": 0.978447513882332,
    "RMSE": 19.603480964734526,
    "MSE": 384.29646593470886,
    "MAPE": 0.07749333181654425,
    "ACMAPE": 0.9212889522545005
}