{
    "R2": 0.9936692059948264,
    "RMSE": 17.51651443932626,
    "MSE": 306.82827810312546,
    "MAPE": 0.14165285618003826,
    "ACMAPE": 1.2441651287760533
}