{
    "R2": 0.9013383250619339,
    "RMSE": 121.88783875863743,
    "MSE": 14856.645237251596,
    "MAPE": 0.10396822771618276,
    "ACMAPE": 0.8286873288397784
}