{
    "DOWN": {
        "precision": 0.6339982653946227,
        "recall": 0.31563039723661485,
        "f1-score": 0.42144710291150184,
        "support": 2316
    },
    "UP": {
        "precision": 0.36472945891783565,
        "recall": 0.6831831831831832,
        "f1-score": 0.47556833028481843,
        "support": 1332
    },
    "accuracy": 0.4498355263157895,
    "macro avg": {
        "precision": 0.4993638621562292,
        "recall": 0.499406790209899,
        "f1-score": 0.44850771659816013,
        "support": 3648
    },
    "weighted avg": {
        "precision": 0.5356797209244801,
        "recall": 0.4498355263157895,
        "f1-score": 0.44120847211689046,
        "support": 3648
    }
}