{
    "DOWN": {
        "precision": 0.7336343115124153,
        "recall": 0.4430811179277437,
        "f1-score": 0.5524861878453038,
        "support": 1467
    },
    "UP": {
        "precision": 0.3379254457050243,
        "recall": 0.6385911179173047,
        "f1-score": 0.4419713831478538,
        "support": 653
    },
    "accuracy": 0.5033018867924528,
    "macro avg": {
        "precision": 0.5357798786087198,
        "recall": 0.5408361179225242,
        "f1-score": 0.4972287854965788,
        "support": 2120
    },
    "weighted avg": {
        "precision": 0.6117485146387237,
        "recall": 0.5033018867924528,
        "f1-score": 0.5184455428134949,
        "support": 2120
    }
}