{
    "R2": 0.9626840878040906,
    "RMSE": 6.480621320135126,
    "MSE": 41.99845269498994,
    "MAPE": 0.051445380638742676,
    "ACMAPE": 1.0637966045327467
}