{
    "R2": 0.9755895692256394,
    "RMSE": 15.629404761189184,
    "MSE": 244.27829318908312,
    "MAPE": 382759055264899.94,
    "ACMAPE": 382759055264901.2
}