{
    "DOWN": {
        "precision": 0.9396031061259706,
        "recall": 0.3438585412061888,
        "f1-score": 0.5034674063800277,
        "support": 3167
    },
    "UP": {
        "precision": 0.09809027777777778,
        "recall": 0.7635135135135135,
        "f1-score": 0.17384615384615384,
        "support": 296
    },
    "accuracy": 0.37972855905284436,
    "macro avg": {
        "precision": 0.5188466919518742,
        "recall": 0.5536860273598512,
        "f1-score": 0.3386567801130908,
        "support": 3463
    },
    "weighted avg": {
        "precision": 0.867674778897826,
        "recall": 0.37972855905284436,
        "f1-score": 0.4752930226809152,
        "support": 3463
    }
}