{
    "R2": 0.9849593378374331,
    "RMSE": 11.128068191725674,
    "MSE": 123.83390167969671,
    "MAPE": 0.016908269128270287,
    "ACMAPE": 1.0234300082587051
}