{
    "R2": 0.7177104153448022,
    "RMSE": 33.31797105206825,
    "MSE": 1110.0871950264582,
    "MAPE": 0.09209284639731631,
    "ACMAPE": 1.3441253667225195
}