{
    "DOWN": {
        "precision": 0.6944444444444444,
        "recall": 0.09803921568627451,
        "f1-score": 0.1718213058419244,
        "support": 765
    },
    "UP": {
        "precision": 0.2721518987341772,
        "recall": 0.8865979381443299,
        "f1-score": 0.4164648910411622,
        "support": 291
    },
    "accuracy": 0.3153409090909091,
    "macro avg": {
        "precision": 0.4832981715893108,
        "recall": 0.4923185769153022,
        "f1-score": 0.2941430984415433,
        "support": 1056
    },
    "weighted avg": {
        "precision": 0.5780740554276946,
        "recall": 0.3153409090909091,
        "f1-score": 0.23923729380875983,
        "support": 1056
    }
}