{
    "DOWN": {
        "precision": 0.7215189873417721,
        "recall": 0.6361607142857143,
        "f1-score": 0.6761565836298932,
        "support": 448
    },
    "UP": {
        "precision": 0.3093220338983051,
        "recall": 0.3989071038251366,
        "f1-score": 0.3484486873508353,
        "support": 183
    },
    "accuracy": 0.5673534072900158,
    "macro avg": {
        "precision": 0.5154205106200386,
        "recall": 0.5175339090554254,
        "f1-score": 0.5123026354903643,
        "support": 631
    },
    "weighted avg": {
        "precision": 0.601975338403334,
        "recall": 0.5673534072900158,
        "f1-score": 0.5811161002399287,
        "support": 631
    }
}