{
    "R2": 0.8100524461030658,
    "RMSE": 32.44792561201283,
    "MSE": 1052.8678765227182,
    "MAPE": 0.015794444015028542,
    "ACMAPE": 0.8810876294349969
}