{
    "R2": 0.785346612798035,
    "RMSE": 16.892489694267347,
    "MSE": 285.3562080709285,
    "MAPE": 0.04343155477701984,
    "ACMAPE": 0.9462605830673028
}