{
    "R2": 0.8561165545833028,
    "RMSE": 13.830255523493406,
    "MSE": 191.27596784511988,
    "MAPE": 0.03468402568873824,
    "ACMAPE": 0.9621132999814812
}