{
    "DOWN": {
        "precision": 0.8872686483454851,
        "recall": 0.41283924843423797,
        "f1-score": 0.5634906500445236,
        "support": 3832
    },
    "UP": {
        "precision": 0.12756882512601783,
        "recall": 0.620754716981132,
        "f1-score": 0.21164361531038917,
        "support": 530
    },
    "accuracy": 0.43810178817056394,
    "macro avg": {
        "precision": 0.5074187367357514,
        "recall": 0.516796982707685,
        "f1-score": 0.38756713267745635,
        "support": 4362
    },
    "weighted avg": {
        "precision": 0.7949621590501349,
        "recall": 0.43810178817056394,
        "f1-score": 0.5207398640727007,
        "support": 4362
    }
}