{
    "R2": 0.9272162286015199,
    "RMSE": 28.82538985963421,
    "MSE": 830.9031005599028,
    "MAPE": 0.07031064990759779,
    "ACMAPE": 0.9042329113916967
}