{
    "R2": 0.8770431118440193,
    "RMSE": 25.76689910749852,
    "MSE": 663.9330896160081,
    "MAPE": 0.0763328459890702,
    "ACMAPE": 1.170416260150079
}