{
    "DOWN": {
        "precision": 0.603409933283914,
        "recall": 0.28895988640397585,
        "f1-score": 0.3907825252040326,
        "support": 2817
    },
    "UP": {
        "precision": 0.27453821079319085,
        "recall": 0.5862335653518949,
        "f1-score": 0.3739516526887025,
        "support": 1293
    },
    "accuracy": 0.38248175182481753,
    "macro avg": {
        "precision": 0.43897407203855243,
        "recall": 0.43759672587793536,
        "f1-score": 0.38236708894636756,
        "support": 4110
    },
    "weighted avg": {
        "precision": 0.4999473694930368,
        "recall": 0.38248175182481753,
        "f1-score": 0.3854875572813266,
        "support": 4110
    }
}