{
    "DOWN": {
        "precision": 1.0,
        "recall": 0.007670182166826462,
        "f1-score": 0.015223596574690771,
        "support": 1043
    },
    "UP": {
        "precision": 0.0009652509652509653,
        "recall": 1.0,
        "f1-score": 0.0019286403085824494,
        "support": 1
    },
    "accuracy": 0.008620689655172414,
    "macro avg": {
        "precision": 0.5004826254826255,
        "recall": 0.5038350910834132,
        "f1-score": 0.00857611844163661,
        "support": 1044
    },
    "weighted avg": {
        "precision": 0.9990430701637598,
        "recall": 0.008620689655172414,
        "f1-score": 0.01521086194225197,
        "support": 1044
    }
}