{
    "R2": 0.9623210340224848,
    "RMSE": 3.5187151810483077,
    "MSE": 12.381356525339823,
    "MAPE": 0.027146720511972276,
    "ACMAPE": 0.908387631806204
}