{
    "R2": 0.9312772101323818,
    "RMSE": 4.683880564134177,
    "MSE": 21.938737139073897,
    "MAPE": 0.04177628157754,
    "ACMAPE": 1.1081834817721399
}