{
    "DOWN": {
        "precision": 0.7345971563981043,
        "recall": 0.3559127439724455,
        "f1-score": 0.4795050270688322,
        "support": 871
    },
    "UP": {
        "precision": 0.38688524590163936,
        "recall": 0.759656652360515,
        "f1-score": 0.5126719768283852,
        "support": 466
    },
    "accuracy": 0.49663425579655945,
    "macro avg": {
        "precision": 0.5607412011498718,
        "recall": 0.5577846981664802,
        "f1-score": 0.49608850194860865,
        "support": 1337
    },
    "weighted avg": {
        "precision": 0.613405121774804,
        "recall": 0.49663425579655945,
        "f1-score": 0.49106508584815284,
        "support": 1337
    }
}