{
    "DOWN": {
        "precision": 0.6125,
        "recall": 0.4336283185840708,
        "f1-score": 0.5077720207253886,
        "support": 113
    },
    "UP": {
        "precision": 0.36,
        "recall": 0.5373134328358209,
        "f1-score": 0.4311377245508982,
        "support": 67
    },
    "accuracy": 0.4722222222222222,
    "macro avg": {
        "precision": 0.48625,
        "recall": 0.48547087570994585,
        "f1-score": 0.46945487263814345,
        "support": 180
    },
    "weighted avg": {
        "precision": 0.5185138888888889,
        "recall": 0.4722222222222222,
        "f1-score": 0.47924703270488384,
        "support": 180
    }
}