{
    "R2": 0.9813227881150836,
    "RMSE": 59.155039803433525,
    "MSE": 3499.3187341458047,
    "MAPE": 0.05379591804970606,
    "ACMAPE": 1.0136245200850569
}