{
    "DOWN": {
        "precision": 0.553314121037464,
        "recall": 0.7300380228136882,
        "f1-score": 0.6295081967213115,
        "support": 263
    },
    "UP": {
        "precision": 0.432,
        "recall": 0.2583732057416268,
        "f1-score": 0.3233532934131737,
        "support": 209
    },
    "accuracy": 0.5211864406779662,
    "macro avg": {
        "precision": 0.49265706051873204,
        "recall": 0.4942056142776575,
        "f1-score": 0.4764307450672426,
        "support": 472
    },
    "weighted avg": {
        "precision": 0.4995966394763835,
        "recall": 0.5211864406779662,
        "f1-score": 0.49394384334969965,
        "support": 472
    }
}