{
    "R2": 0.9862295963183064,
    "RMSE": 50.63153263826428,
    "MSE": 2563.552097299621,
    "MAPE": 0.05023706450747942,
    "ACMAPE": 1.022606883848606
}