{
    "R2": 0.8810639877214339,
    "RMSE": 13.710802128713633,
    "MSE": 187.98609501273828,
    "MAPE": 0.022785510399376957,
    "ACMAPE": 1.0056622227281442
}