{
    "R2": 0.9536635537642744,
    "RMSE": 85.38691604957688,
    "MSE": 7290.925432457491,
    "MAPE": 0.0705215865784034,
    "ACMAPE": 1.026381556137003
}