{
    "R2": 0.9599369434053058,
    "RMSE": 60.70026313850236,
    "MSE": 3684.5219450834284,
    "MAPE": 0.031432884846154904,
    "ACMAPE": 0.7950692484825186
}