{
    "DOWN": {
        "precision": 0.6720867208672087,
        "recall": 0.779874213836478,
        "f1-score": 0.7219796215429404,
        "support": 318
    },
    "UP": {
        "precision": 0.375,
        "recall": 0.25766871165644173,
        "f1-score": 0.3054545454545454,
        "support": 163
    },
    "accuracy": 0.6029106029106029,
    "macro avg": {
        "precision": 0.5235433604336044,
        "recall": 0.5187714627464599,
        "f1-score": 0.5137170834987429,
        "support": 481
    },
    "weighted avg": {
        "precision": 0.5714107634839343,
        "recall": 0.6029106029106029,
        "f1-score": 0.5808287121824239,
        "support": 481
    }
}