{
    "R2": 0.9841460832386286,
    "RMSE": 99.23121353499171,
    "MSE": 9846.833739627122,
    "MAPE": 0.15689063796009425,
    "ACMAPE": 1.3710582884913811
}