{
    "DOWN": {
        "precision": 0.6962962962962963,
        "recall": 0.6601123595505618,
        "f1-score": 0.6777217015140591,
        "support": 712
    },
    "UP": {
        "precision": 0.4224343675417661,
        "recall": 0.46335078534031415,
        "f1-score": 0.4419475655430712,
        "support": 382
    },
    "accuracy": 0.5914076782449725,
    "macro avg": {
        "precision": 0.5593653319190313,
        "recall": 0.5617315724454379,
        "f1-score": 0.5598346335285651,
        "support": 1094
    },
    "weighted avg": {
        "precision": 0.6006699189798149,
        "recall": 0.5914076782449725,
        "f1-score": 0.5953947180214472,
        "support": 1094
    }
}