{
    "DOWN": {
        "precision": 0.631578947368421,
        "recall": 0.4,
        "f1-score": 0.4897959183673469,
        "support": 450
    },
    "UP": {
        "precision": 0.36619718309859156,
        "recall": 0.5977011494252874,
        "f1-score": 0.45414847161572053,
        "support": 261
    },
    "accuracy": 0.47257383966244726,
    "macro avg": {
        "precision": 0.49888806523350626,
        "recall": 0.4988505747126437,
        "f1-score": 0.47197219499153376,
        "support": 711
    },
    "weighted avg": {
        "precision": 0.5341603250415217,
        "recall": 0.47257383966244726,
        "f1-score": 0.4767101467749778,
        "support": 711
    }
}