{
    "R2": 0.9963238441133402,
    "RMSE": 188.74021646118385,
    "MSE": 35622.86930981453,
    "MAPE": 0.1703842919063856,
    "ACMAPE": 1.220233234504573
}