{
    "R2": 0.9555815220312682,
    "RMSE": 29.233491506256485,
    "MSE": 854.59702564637,
    "MAPE": 0.08264213850894363,
    "ACMAPE": 1.2496123874464056
}