{
    "DOWN": {
        "precision": 0.8421052631578947,
        "recall": 0.5217391304347826,
        "f1-score": 0.6442953020134228,
        "support": 92
    },
    "UP": {
        "precision": 0.34328358208955223,
        "recall": 0.71875,
        "f1-score": 0.4646464646464647,
        "support": 32
    },
    "accuracy": 0.5725806451612904,
    "macro avg": {
        "precision": 0.5926944226237234,
        "recall": 0.6202445652173914,
        "f1-score": 0.5544708833299438,
        "support": 124
    },
    "weighted avg": {
        "precision": 0.7133770873983224,
        "recall": 0.5725806451612904,
        "f1-score": 0.5979343117251755,
        "support": 124
    }
}