{
    "R2": 0.813591141478593,
    "RMSE": 17.274551353828567,
    "MSE": 298.4101244760604,
    "MAPE": 0.03202612529684249,
    "ACMAPE": 0.8679175066427692
}