{
    "DOWN": {
        "precision": 0.7573333333333333,
        "recall": 0.5062388591800356,
        "f1-score": 0.6068376068376068,
        "support": 561
    },
    "UP": {
        "precision": 0.3938730853391685,
        "recall": 0.6642066420664207,
        "f1-score": 0.49450549450549447,
        "support": 271
    },
    "accuracy": 0.5576923076923077,
    "macro avg": {
        "precision": 0.5756032093362509,
        "recall": 0.5852227506232281,
        "f1-score": 0.5506715506715506,
        "support": 832
    },
    "weighted avg": {
        "precision": 0.6389466419794647,
        "recall": 0.5576923076923077,
        "f1-score": 0.5702486615948155,
        "support": 832
    }
}