{
    "DOWN": {
        "precision": 0.6851385390428212,
        "recall": 0.4165390505359878,
        "f1-score": 0.5180952380952382,
        "support": 653
    },
    "UP": {
        "precision": 0.33157894736842103,
        "recall": 0.6019108280254777,
        "f1-score": 0.4276018099547511,
        "support": 314
    },
    "accuracy": 0.4767321613236815,
    "macro avg": {
        "precision": 0.5083587432056211,
        "recall": 0.5092249392807328,
        "f1-score": 0.47284852402499467,
        "support": 967
    },
    "weighted avg": {
        "precision": 0.5703322186852601,
        "recall": 0.4767321613236815,
        "f1-score": 0.48871060889553497,
        "support": 967
    }
}