{
    "R2": 0.7377686421301961,
    "RMSE": 54.28944176147952,
    "MSE": 2947.3434867730766,
    "MAPE": 0.2905932475986082,
    "ACMAPE": 1.365887365245667
}