{
    "R2": 0.035152673859997874,
    "RMSE": 736.4014249970415,
    "MSE": 542287.0587376734,
    "MAPE": 0.07982924582293638,
    "ACMAPE": 1.167667083660774
}