{
    "R2": 0.9564357099054159,
    "RMSE": 13.528833220363069,
    "MSE": 183.02932830439934,
    "MAPE": 0.03817637044543603,
    "ACMAPE": 1.002932209086625
}