{
    "R2": 0.987749399356417,
    "RMSE": 37.36559920489708,
    "MSE": 1396.1880039410055,
    "MAPE": 0.1589574833491767,
    "ACMAPE": 1.3297596996825902
}