{
    "DOWN": {
        "precision": 0.6322624743677375,
        "recall": 0.3285968028419183,
        "f1-score": 0.4324450677886863,
        "support": 2815
    },
    "UP": {
        "precision": 0.29292929292929293,
        "recall": 0.5927327781983346,
        "f1-score": 0.39208813219829747,
        "support": 1321
    },
    "accuracy": 0.41295938104448743,
    "macro avg": {
        "precision": 0.4625958836485152,
        "recall": 0.46066479052012643,
        "f1-score": 0.4122665999934919,
        "support": 4136
    },
    "weighted avg": {
        "precision": 0.5238826066984471,
        "recall": 0.41295938104448743,
        "f1-score": 0.4195554372483324,
        "support": 4136
    }
}