{
    "DOWN": {
        "precision": 0.7385786802030457,
        "recall": 0.75,
        "f1-score": 0.7442455242966751,
        "support": 388
    },
    "UP": {
        "precision": 0.478494623655914,
        "recall": 0.4635416666666667,
        "f1-score": 0.4708994708994709,
        "support": 192
    },
    "accuracy": 0.6551724137931034,
    "macro avg": {
        "precision": 0.6085366519294799,
        "recall": 0.6067708333333334,
        "f1-score": 0.607572497598073,
        "support": 580
    },
    "weighted avg": {
        "precision": 0.6524818890702021,
        "recall": 0.6551724137931034,
        "f1-score": 0.6537585548962213,
        "support": 580
    }
}