{
    "DOWN": {
        "precision": 0.625,
        "recall": 0.022727272727272728,
        "f1-score": 0.04385964912280702,
        "support": 880
    },
    "UP": {
        "precision": 0.14171656686626746,
        "recall": 0.922077922077922,
        "f1-score": 0.24567474048442905,
        "support": 154
    },
    "accuracy": 0.15667311411992263,
    "macro avg": {
        "precision": 0.3833582834331337,
        "recall": 0.4724025974025974,
        "f1-score": 0.14476719480361805,
        "support": 1034
    },
    "weighted avg": {
        "precision": 0.5530216163417845,
        "recall": 0.15667311411992263,
        "f1-score": 0.07391721592134648,
        "support": 1034
    }
}