{
    "DOWN": {
        "precision": 0.8596112311015118,
        "recall": 0.8155737704918032,
        "f1-score": 0.8370136698212407,
        "support": 488
    },
    "UP": {
        "precision": 0.14285714285714285,
        "recall": 0.1875,
        "f1-score": 0.16216216216216214,
        "support": 80
    },
    "accuracy": 0.727112676056338,
    "macro avg": {
        "precision": 0.5012341869793273,
        "recall": 0.5015368852459017,
        "f1-score": 0.49958791599170144,
        "support": 568
    },
    "weighted avg": {
        "precision": 0.7586599510670936,
        "recall": 0.727112676056338,
        "f1-score": 0.7419641617002437,
        "support": 568
    }
}