{
    "R2": 0.9501798424019257,
    "RMSE": 107.62922316242279,
    "MSE": 11584.049678546606,
    "MAPE": 0.021038012722501512,
    "ACMAPE": 0.5940844453385831
}