{
    "R2": 0.8994689196086135,
    "RMSE": 17.07467164670744,
    "MSE": 291.544411842875,
    "MAPE": 0.0748649519629251,
    "ACMAPE": 1.1267912501203792
}