{
    "R2": 0.639903958582006,
    "RMSE": 12.9811319649024,
    "MSE": 168.5097870902108,
    "MAPE": 0.016030913196183563,
    "ACMAPE": 0.9423467026698678
}