{
    "R2": 0.6057652127920212,
    "RMSE": 13.582535950808984,
    "MSE": 184.48528285501848,
    "MAPE": 0.01686200509662895,
    "ACMAPE": 0.9852830577282078
}