{
    "DOWN": {
        "precision": 0.5616438356164384,
        "recall": 0.2847222222222222,
        "f1-score": 0.3778801843317972,
        "support": 144
    },
    "UP": {
        "precision": 0.35625,
        "recall": 0.6404494382022472,
        "f1-score": 0.45783132530120485,
        "support": 89
    },
    "accuracy": 0.4206008583690987,
    "macro avg": {
        "precision": 0.45894691780821917,
        "recall": 0.4625858302122347,
        "f1-score": 0.41785575481650106,
        "support": 233
    },
    "weighted avg": {
        "precision": 0.4831886795226057,
        "recall": 0.4206008583690987,
        "f1-score": 0.4084194613544465,
        "support": 233
    }
}