{
    "R2": 0.8243942957690824,
    "RMSE": 224.72967223197446,
    "MSE": 50503.42558149067,
    "MAPE": 0.07123045032893449,
    "ACMAPE": 0.9297670356947882
}