{
    "R2": 0.9946977076619737,
    "RMSE": 18.95462605353088,
    "MSE": 359.27784882919167,
    "MAPE": 0.06414110332875994,
    "ACMAPE": 1.1656448627272562
}