{
    "DOWN": {
        "precision": 0.7678571428571429,
        "recall": 0.1489607390300231,
        "f1-score": 0.24951644100580275,
        "support": 866
    },
    "UP": {
        "precision": 0.2354771784232365,
        "recall": 0.8533834586466166,
        "f1-score": 0.3691056910569106,
        "support": 266
    },
    "accuracy": 0.31448763250883394,
    "macro avg": {
        "precision": 0.5016671606401897,
        "recall": 0.5011720988383198,
        "f1-score": 0.30931106603135666,
        "support": 1132
    },
    "weighted avg": {
        "precision": 0.6427572572216136,
        "recall": 0.31448763250883394,
        "f1-score": 0.2776178018835366,
        "support": 1132
    }
}