{
    "R2": 0.9686699359612341,
    "RMSE": 349.7165548852112,
    "MSE": 122301.66876078097,
    "MAPE": 0.04037487326364931,
    "ACMAPE": 0.8809862269754396
}