{
    "DOWN": {
        "precision": 0.5714285714285714,
        "recall": 0.12121212121212122,
        "f1-score": 0.2,
        "support": 99
    },
    "UP": {
        "precision": 0.3873239436619718,
        "recall": 0.859375,
        "f1-score": 0.5339805825242718,
        "support": 64
    },
    "accuracy": 0.4110429447852761,
    "macro avg": {
        "precision": 0.4793762575452716,
        "recall": 0.4902935606060606,
        "f1-score": 0.3669902912621359,
        "support": 163
    },
    "weighted avg": {
        "precision": 0.49914209181469177,
        "recall": 0.4110429447852761,
        "f1-score": 0.3311334802549288,
        "support": 163
    }
}