{
    "R2": 0.9801049634095349,
    "RMSE": 5.1950898230796625,
    "MSE": 26.988958269865876,
    "MAPE": 0.009961156570060822,
    "ACMAPE": 1.570958685215309
}