{
    "R2": 0.8667161151876133,
    "RMSE": 21.263354051858,
    "MSE": 452.1302255346659,
    "MAPE": 0.06790325175044776,
    "ACMAPE": 0.9897679923939146
}