{
    "R2": 0.906983159665516,
    "RMSE": 177.35477184204308,
    "MSE": 31454.71509514316,
    "MAPE": 0.037850691898739096,
    "ACMAPE": 0.8784620456105294
}