{
    "R2": 0.9094231611025592,
    "RMSE": 175.01314386952055,
    "MSE": 30629.600527093502,
    "MAPE": 0.037483692899676575,
    "ACMAPE": 0.9173963566551352
}