{
    "DOWN": {
        "precision": 0.5907692307692308,
        "recall": 0.3722733882695104,
        "f1-score": 0.4567350579839429,
        "support": 2063
    },
    "UP": {
        "precision": 0.45103857566765576,
        "recall": 0.6666666666666666,
        "f1-score": 0.5380530973451327,
        "support": 1596
    },
    "accuracy": 0.5006832467887401,
    "macro avg": {
        "precision": 0.5209039032184433,
        "recall": 0.5194700274680886,
        "f1-score": 0.4973940776645378,
        "support": 3659
    },
    "weighted avg": {
        "precision": 0.5298208499159611,
        "recall": 0.5006832467887401,
        "f1-score": 0.49220474664763764,
        "support": 3659
    }
}