{
    "DOWN": {
        "precision": 0.7750362844702468,
        "recall": 0.3548172757475083,
        "f1-score": 0.48678213309024615,
        "support": 1505
    },
    "UP": {
        "precision": 0.3228730822873082,
        "recall": 0.7491909385113269,
        "f1-score": 0.4512670565302144,
        "support": 618
    },
    "accuracy": 0.4696184644371173,
    "macro avg": {
        "precision": 0.5489546833787775,
        "recall": 0.5520041071294176,
        "f1-score": 0.4690245948102303,
        "support": 2123
    },
    "weighted avg": {
        "precision": 0.6434127051254253,
        "recall": 0.4696184644371173,
        "f1-score": 0.4764437829658469,
        "support": 2123
    }
}