{
    "DOWN": {
        "precision": 0.8210172744721689,
        "recall": 0.5656198347107438,
        "f1-score": 0.6697983949892347,
        "support": 3025
    },
    "UP": {
        "precision": 0.1422976501305483,
        "recall": 0.3688663282571912,
        "f1-score": 0.20536975977390481,
        "support": 591
    },
    "accuracy": 0.5334623893805309,
    "macro avg": {
        "precision": 0.4816574623013586,
        "recall": 0.46724308148396754,
        "f1-score": 0.43758407738156974,
        "support": 3616
    },
    "weighted avg": {
        "precision": 0.7100871588787236,
        "recall": 0.533462389380531,
        "f1-score": 0.5938920555500035,
        "support": 3616
    }
}