{
    "DOWN": {
        "precision": 0.6259168704156479,
        "recall": 0.6432160804020101,
        "f1-score": 0.6344485749690211,
        "support": 398
    },
    "UP": {
        "precision": 0.4008438818565401,
        "recall": 0.38306451612903225,
        "f1-score": 0.3917525773195876,
        "support": 248
    },
    "accuracy": 0.5433436532507739,
    "macro avg": {
        "precision": 0.513380376136094,
        "recall": 0.5131402982655211,
        "f1-score": 0.5131005761443044,
        "support": 646
    },
    "weighted avg": {
        "precision": 0.539511141061687,
        "recall": 0.5433436532507739,
        "f1-score": 0.5412773560571642,
        "support": 646
    }
}