{
    "R2": 0.9772910752388069,
    "RMSE": 7.541067165254146,
    "MSE": 56.86769399087421,
    "MAPE": 3119654181484.5483,
    "ACMAPE": 3119654181485.727
}