{
    "DOWN": {
        "precision": 0.8097050428163654,
        "recall": 0.9445061043285239,
        "f1-score": 0.8719262295081968,
        "support": 901
    },
    "UP": {
        "precision": 0.2857142857142857,
        "recall": 0.09090909090909091,
        "f1-score": 0.13793103448275862,
        "support": 220
    },
    "accuracy": 0.7769848349687779,
    "macro avg": {
        "precision": 0.5477096642653255,
        "recall": 0.5177075976188074,
        "f1-score": 0.5049286319954777,
        "support": 1121
    },
    "weighted avg": {
        "precision": 0.7068701038668047,
        "recall": 0.7769848349687779,
        "f1-score": 0.7278772171035612,
        "support": 1121
    }
}