{
    "R2": 0.9216097599402537,
    "RMSE": 41.25979206764644,
    "MSE": 1702.37044146542,
    "MAPE": 0.05185324496151402,
    "ACMAPE": 0.47647411918096083
}