{
    "R2": 0.9453890603001331,
    "RMSE": 68.10207413446263,
    "MSE": 4637.892501415844,
    "MAPE": 0.07169651342058637,
    "ACMAPE": 1.0339606643639827
}