{
    "DOWN": {
        "precision": 0.6954177897574124,
        "recall": 0.6515151515151515,
        "f1-score": 0.6727509778357236,
        "support": 396
    },
    "UP": {
        "precision": 0.44129554655870445,
        "recall": 0.49099099099099097,
        "f1-score": 0.464818763326226,
        "support": 222
    },
    "accuracy": 0.5938511326860841,
    "macro avg": {
        "precision": 0.5683566681580584,
        "recall": 0.5712530712530712,
        "f1-score": 0.5687848705809748,
        "support": 618
    },
    "weighted avg": {
        "precision": 0.6041311587054493,
        "recall": 0.5938511326860841,
        "f1-score": 0.5980568813614381,
        "support": 618
    }
}