{
    "DOWN": {
        "precision": 0.6406460296096904,
        "recall": 0.8782287822878229,
        "f1-score": 0.7408560311284047,
        "support": 542
    },
    "UP": {
        "precision": 0.45901639344262296,
        "recall": 0.17337461300309598,
        "f1-score": 0.251685393258427,
        "support": 323
    },
    "accuracy": 0.6150289017341041,
    "macro avg": {
        "precision": 0.5498312115261567,
        "recall": 0.5258016976454594,
        "f1-score": 0.49627071219341584,
        "support": 865
    },
    "weighted avg": {
        "precision": 0.5728236336767853,
        "recall": 0.6150289017341041,
        "f1-score": 0.5581946253110605,
        "support": 865
    }
}