{
    "DOWN": {
        "precision": 0.9051667756703728,
        "recall": 0.3555098895453378,
        "f1-score": 0.5105127259313906,
        "support": 3893
    },
    "UP": {
        "precision": 0.1515049036185323,
        "recall": 0.7554806070826307,
        "f1-score": 0.25239436619718314,
        "support": 593
    },
    "accuracy": 0.4083816317432011,
    "macro avg": {
        "precision": 0.5283358396444526,
        "recall": 0.5554952483139842,
        "f1-score": 0.3814535460642869,
        "support": 4486
    },
    "weighted avg": {
        "precision": 0.8055409419372606,
        "recall": 0.4083816317432011,
        "f1-score": 0.47639230967584334,
        "support": 4486
    }
}