{
    "R2": 0.9511965976881618,
    "RMSE": 27.073021790796542,
    "MSE": 732.9485088849443,
    "MAPE": 0.0711379176281039,
    "ACMAPE": 0.9877357706421419
}