{
    "R2": 0.9346432824909321,
    "RMSE": 28.15266118108915,
    "MSE": 792.5723315772041,
    "MAPE": 0.08676602693110962,
    "ACMAPE": 1.378767134044312
}