{
    "R2": -266.51679969130566,
    "RMSE": 400.6404675616731,
    "MSE": 160512.78424803607,
    "MAPE": 4.068914584156821,
    "ACMAPE": 5.286497001739239
}