{
    "DOWN": {
        "precision": 0.5494775660725261,
        "recall": 0.34826645890144137,
        "f1-score": 0.4263233190271817,
        "support": 2567
    },
    "UP": {
        "precision": 0.4180869565217391,
        "recall": 0.6211886304909561,
        "f1-score": 0.4997920997920997,
        "support": 1935
    },
    "accuracy": 0.46557085739671256,
    "macro avg": {
        "precision": 0.4837822612971326,
        "recall": 0.4847275446961987,
        "f1-score": 0.4630577094096407,
        "support": 4502
    },
    "weighted avg": {
        "precision": 0.4930047030159351,
        "recall": 0.46557085739671256,
        "f1-score": 0.4579008602933115,
        "support": 4502
    }
}