{
    "R2": 0.9959461331077678,
    "RMSE": 185.56057350387607,
    "MSE": 34432.72643908739,
    "MAPE": 0.12197314882687528,
    "ACMAPE": 1.1584957825717312
}