{
    "DOWN": {
        "precision": 0.6451612903225806,
        "recall": 0.6060606060606061,
        "f1-score": 0.625,
        "support": 66
    },
    "UP": {
        "precision": 0.4583333333333333,
        "recall": 0.5,
        "f1-score": 0.4782608695652174,
        "support": 44
    },
    "accuracy": 0.5636363636363636,
    "macro avg": {
        "precision": 0.551747311827957,
        "recall": 0.553030303030303,
        "f1-score": 0.5516304347826086,
        "support": 110
    },
    "weighted avg": {
        "precision": 0.5704301075268817,
        "recall": 0.5636363636363636,
        "f1-score": 0.566304347826087,
        "support": 110
    }
}