{
    "R2": 0.9542304326258251,
    "RMSE": 7.655305285114986,
    "MSE": 58.603699008309434,
    "MAPE": 0.04457226296088994,
    "ACMAPE": 0.9618042846705236
}