{
    "R2": 0.9803607300845922,
    "RMSE": 12.018331939263296,
    "MSE": 144.44030260231628,
    "MAPE": 0.19396739563689724,
    "ACMAPE": 1.5923452582323172
}