{
    "R2": 0.9771283292082313,
    "RMSE": 4.546857030343071,
    "MSE": 20.673908854380215,
    "MAPE": 0.028180592085325237,
    "ACMAPE": 0.8859125508482119
}