{
    "R2": 0.8086441931831695,
    "RMSE": 10.811056810859586,
    "MSE": 116.87894936763347,
    "MAPE": 0.051178084489140054,
    "ACMAPE": 1.0031671105522402
}