{
    "DOWN": {
        "precision": 0.8284059737884791,
        "recall": 0.8015334709525214,
        "f1-score": 0.814748201438849,
        "support": 3391
    },
    "UP": {
        "precision": 0.34019607843137256,
        "recall": 0.3813186813186813,
        "f1-score": 0.35958549222797925,
        "support": 910
    },
    "accuracy": 0.7126249709369914,
    "macro avg": {
        "precision": 0.5843010261099258,
        "recall": 0.5914260761356014,
        "f1-score": 0.5871668468334141,
        "support": 4301
    },
    "weighted avg": {
        "precision": 0.7251111575190146,
        "recall": 0.7126249709369914,
        "f1-score": 0.7184454659396879,
        "support": 4301
    }
}