{
    "R2": 0.755933897170199,
    "RMSE": 7.971677017612865,
    "MSE": 63.54763447313714,
    "MAPE": 0.0406327675559076,
    "ACMAPE": 1.1198780505747754
}