{
    "R2": 0.6719942466829882,
    "RMSE": 10.749577698275468,
    "MSE": 115.5534206912613,
    "MAPE": 0.04327796560918731,
    "ACMAPE": 1.0967759079960187
}