{
    "R2": 0.6147892468787819,
    "RMSE": 11.62777856713156,
    "MSE": 135.2052344062441,
    "MAPE": 0.04296266539918857,
    "ACMAPE": 0.9461884718508016
}