{
    "DOWN": {
        "precision": 0.6439024390243903,
        "recall": 0.5096525096525096,
        "f1-score": 0.5689655172413793,
        "support": 259
    },
    "UP": {
        "precision": 0.3981042654028436,
        "recall": 0.535031847133758,
        "f1-score": 0.4565217391304348,
        "support": 157
    },
    "accuracy": 0.5192307692307693,
    "macro avg": {
        "precision": 0.5210033522136169,
        "recall": 0.5223421783931338,
        "f1-score": 0.512743628185907,
        "support": 416
    },
    "weighted avg": {
        "precision": 0.5511372629220277,
        "recall": 0.5192307692307693,
        "f1-score": 0.5265288029062393,
        "support": 416
    }
}