{
    "R2": 0.8526976044279413,
    "RMSE": 130.68249715883854,
    "MSE": 17077.915063669843,
    "MAPE": 0.10131712891157246,
    "ACMAPE": 1.2381592341747303
}