{
    "DOWN": {
        "precision": 0.726530612244898,
        "recall": 0.664179104477612,
        "f1-score": 0.6939571150097467,
        "support": 268
    },
    "UP": {
        "precision": 0.45121951219512196,
        "recall": 0.524822695035461,
        "f1-score": 0.4852459016393442,
        "support": 141
    },
    "accuracy": 0.6161369193154034,
    "macro avg": {
        "precision": 0.58887506222001,
        "recall": 0.5945008997565364,
        "f1-score": 0.5896015083245454,
        "support": 409
    },
    "weighted avg": {
        "precision": 0.6316189616164912,
        "recall": 0.6161369193154034,
        "f1-score": 0.6220053275153048,
        "support": 409
    }
}