{
    "R2": 0.9684147270511756,
    "RMSE": 4.750530389705036,
    "MSE": 22.567538983511078,
    "MAPE": 0.01976433332068358,
    "ACMAPE": 0.9279768937071571
}