{
    "DOWN": {
        "precision": 0.7241379310344828,
        "recall": 0.28,
        "f1-score": 0.40384615384615385,
        "support": 75
    },
    "UP": {
        "precision": 0.28,
        "recall": 0.7241379310344828,
        "f1-score": 0.40384615384615385,
        "support": 29
    },
    "accuracy": 0.40384615384615385,
    "macro avg": {
        "precision": 0.5020689655172415,
        "recall": 0.5020689655172415,
        "f1-score": 0.40384615384615385,
        "support": 104
    },
    "weighted avg": {
        "precision": 0.6002917771883289,
        "recall": 0.40384615384615385,
        "f1-score": 0.40384615384615385,
        "support": 104
    }
}