{
    "R2": 0.9897800685624389,
    "RMSE": 10.03661519523427,
    "MSE": 100.73364457720747,
    "MAPE": 0.030658269530299695,
    "ACMAPE": 0.9110930521389953
}