{
    "R2": 0.969506318013917,
    "RMSE": 7.9792222035993,
    "MSE": 63.66798697441207,
    "MAPE": 0.05251779999521734,
    "ACMAPE": 1.2320049794823968
}