{
    "DOWN": {
        "precision": 0.7161410018552876,
        "recall": 0.6215780998389694,
        "f1-score": 0.6655172413793105,
        "support": 621
    },
    "UP": {
        "precision": 0.1198501872659176,
        "recall": 0.17297297297297298,
        "f1-score": 0.1415929203539823,
        "support": 185
    },
    "accuracy": 0.5186104218362283,
    "macro avg": {
        "precision": 0.4179955945606026,
        "recall": 0.3972755364059712,
        "f1-score": 0.4035550808666464,
        "support": 806
    },
    "weighted avg": {
        "precision": 0.5792752441641792,
        "recall": 0.5186104218362283,
        "f1-score": 0.5452616590099734,
        "support": 806
    }
}