{
    "DOWN": {
        "precision": 0.7362514029180696,
        "recall": 0.24038109197508245,
        "f1-score": 0.36243093922651937,
        "support": 2729
    },
    "UP": {
        "precision": 0.11258561643835617,
        "recall": 0.5281124497991968,
        "f1-score": 0.18560338743824983,
        "support": 498
    },
    "accuracy": 0.2847846296870158,
    "macro avg": {
        "precision": 0.4244185096782129,
        "recall": 0.38424677088713965,
        "f1-score": 0.2740171633323846,
        "support": 3227
    },
    "weighted avg": {
        "precision": 0.6400054897891891,
        "recall": 0.2847846296870158,
        "f1-score": 0.3351423985414998,
        "support": 3227
    }
}