,y_actual,y_predict
0,98.0,112.9087892737981
1,97.0,96.44742570224258
2,97.0,88.06079277317146
3,97.0,94.02842818361775
4,103.0,95.48572416728494
5,103.0,95.02819662817507
6,103.0,94.99488325144925
7,105.0,103.03507831820673
8,103.0,99.58304728655969
9,101.0,104.20324936030782
10,102.0,103.45827800711162
11,99.99999999999999,100.53628521420531
12,99.0,101.22557646587283
13,99.99999999999999,100.4527698927384
14,99.99999999999999,101.75501568217825
15,99.99999999999999,99.95821890246457
16,99.0,93.26155386492346
17,97.0,96.3965957501096
18,96.0,94.49957865230517
19,98.0,94.88115594360715
20,99.99999999999999,93.69793204740549
21,99.0,92.13740131016657
22,98.0,95.7697477564986
23,98.0,100.3598827686543
24,101.0,97.77316862979067
25,103.0,92.24223989800062
26,101.0,92.30552371979704
27,101.0,101.3105700201237
28,99.99999999999999,101.1677031692987
29,99.99999999999999,99.95863435350842
30,99.0,96.83886754042305
31,96.0,97.0660129832374
32,96.0,99.63382893043175
33,96.0,97.34525405462065
34,96.0,97.01467096353875
35,95.0,95.61589560714192
36,95.0,93.29308949764766
37,94.0,92.37509727716437
38,94.0,93.7638921468565
39,95.0,92.49046706587752
40,97.0,91.75318638781872
41,96.0,92.56155750263754
