,y_actual,y_predict
0,196.0,196.6671039757204
1,194.0,198.70257559196295
2,194.0,197.22605208139942
3,194.0,197.89401390663312
4,197.0,195.86438681420395
5,194.0,193.50809682543866
6,196.0,194.0940498945752
7,204.0,195.67399724806822
8,204.0,195.7576130009838
9,204.0,211.6676133047809
10,206.0,237.49336002466345
11,208.0,239.95770447949803
12,208.0,217.15157725076656
13,206.0,212.0637584170148
14,210.0,216.4170500633794
15,208.0,215.40613935616858
16,212.0,215.18024195917886
17,218.0,213.69041931379166
18,216.0,215.48475920320604
19,220.0,233.95037581844161
20,220.0,225.50517488475523
21,224.0,229.48174475677695
22,226.0,230.69527273072228
23,234.0,220.37710124425934
24,238.0,221.47767820192595
25,238.0,234.22949138737545
26,240.0,232.72221366616193
27,224.0,244.59584836440033
28,224.0,250.2947288199815
29,246.0,239.21607421165461
30,230.0,226.6943908510653
31,230.0,220.64559958608862
32,220.0,225.33570594489228
33,212.0,221.26061820580497
34,214.0,220.9263885177191
35,214.0,208.94306392511086
36,214.0,220.60665316834059
37,210.0,225.87568159890296
38,216.0,221.7867829583129
39,216.0,211.61700279421248
40,216.0,219.33509317849618
41,210.0,231.5540988042289
42,208.0,235.60149458871882
43,212.0,217.45276847493642
44,208.0,209.19904801099523
45,208.0,219.43123648564165
46,208.0,218.28271411153517
47,208.0,215.60219234993778
48,208.0,216.68740873580438
49,210.0,215.57699340367387
