,y_actual,y_predict
0,276.0,299.4646319671567
1,286.0,294.9973799145348
2,280.0,284.93372249979814
3,274.0,346.0680169605156
4,258.0,309.2104862646671
5,268.0,233.6880151919715
6,262.0,256.87813327179185
7,262.0,276.12186992781085
8,266.0,265.333445208391
9,262.0,256.63750720997996
10,280.0,273.03556505273303
11,284.0,277.39879585675277
12,280.0,275.3835768810004
13,268.0,280.1206571245099
14,264.0,288.1236858641107
15,254.0,281.8622000689419
16,258.0,281.0628598028746
17,264.0,274.9353617711935
18,270.0,269.4210566273365
19,264.0,270.6806867078684
20,270.0,273.3923388905715
21,268.0,281.39284127029225
22,270.0,280.42911918802565
23,262.0,281.6736429320437
24,264.0,281.8226852092786
25,268.0,282.20959398599473
26,264.0,280.0438687398462
27,256.0,275.9947227695369
28,254.0,276.1096138434694
29,262.0,280.66360425197513
30,260.0,275.2287563652705
31,262.0,272.0708712935895
32,266.0,274.3326759493325
33,264.0,276.00065647633227
34,262.0,276.29327372890765
35,262.0,275.91349058262256
36,258.0,279.2300699218497
37,260.0,273.60159922279496
38,258.0,274.11777989122265
39,278.0,272.3180788467813
40,286.0,272.38894648034136
41,290.0,270.05779000696646
42,290.0,278.51643155633076
43,294.0,281.651566433399
44,290.0,291.0778426839212
45,282.0,281.6849014281248
46,300.0,295.47790651942375
47,304.0,294.39387788409715
48,298.0,286.8433007654868
49,300.0,289.5870960192799
50,300.0,299.45019932661086
51,288.0,299.9555879038584
52,284.0,291.3042045291792
53,288.0,299.8157441677255
54,286.0,297.1811135721365
55,274.0,290.1028232384984
56,274.0,291.4793007024084
57,270.0,291.65428027441243
58,264.0,285.7854426273798
59,268.0,277.1545940240337
60,264.0,277.2189060775971
61,262.0,275.7517517275287
62,264.0,271.17608644682076
63,262.0,272.0481081432851
64,262.0,277.10873087544087
65,258.0,277.63214081983324
66,264.0,276.49698902508646
67,266.0,276.14734081767904
68,260.0,275.25607991905076
69,260.0,276.7995044261153
70,260.0,278.09268974813176
71,262.0,275.1468893494632
72,260.0,273.43465217964047
73,258.0,274.5389176053914
74,250.0,274.955546738851
75,250.0,275.21884526112547
76,234.0,270.40211342508815
77,234.0,268.5758532126764
78,222.00000000000003,262.5583619591596
79,226.0,257.90813667275916
80,236.0,250.34328238190326
