,y_actual,y_predict
0,236.0,241.11665174723464
1,242.0,238.4920572531641
2,232.0,236.18545187296198
3,232.0,235.58363341670645
4,226.0,234.9224559592999
5,220.0,227.17713359014158
6,222.0,220.01016535447548
7,218.0,217.77644492756417
8,216.0,220.9431407303679
9,216.0,212.2459226605721
10,214.0,213.3628172866684
11,214.0,211.1356403596521
12,212.0,214.3851164068422
13,218.0,214.34704939864903
14,224.0,212.11347019101868
15,220.0,214.70243052313677
16,224.0,221.610055922061
17,220.0,226.19835753861096
18,222.0,228.84711888313126
19,218.0,219.20173391349516
20,218.0,216.68984617067392
21,220.0,215.53900946491194
22,216.0,216.31784348583744
23,210.0,221.57671287725134
24,208.0,220.70283522134937
25,204.0,211.6776960397728
26,202.0,209.35323993067914
27,206.0,200.86999583690022
28,216.0,197.43336294729093
29,212.0,202.21460731824357
30,210.0,215.4330042567962
31,212.0,218.73666058508022
32,212.0,215.17722198127498
33,216.0,213.62886217636074
34,214.0,212.89065750336133
35,212.0,214.60413476616338
36,214.0,216.51658999581508
37,214.0,213.11735268554335
38,218.0,214.25081636084786
39,216.0,216.4145547318896
40,216.0,219.5926966887948
41,214.0,219.51721727730646
42,216.0,220.24884021414346
43,220.0,216.73305417247371
44,220.0,217.0993453785939
45,220.0,218.9400163496391
46,218.0,225.03586747004175
47,220.0,222.53225453343998
48,220.0,220.257434707422
49,216.0,220.7779322701637
50,216.0,217.04968003595502
51,216.0,215.8350152741079
52,214.0,217.07902560646187
53,216.0,215.250055443059
54,218.0,215.97974617384992
55,218.0,217.12277044545598
56,218.0,221.06597754339467
57,216.0,222.69429116780884
58,216.0,222.7667188153415
59,214.0,216.94135006278114
60,212.0,218.45915246242032
61,214.0,217.11499726720132
62,212.0,212.35679152190156
63,212.0,211.15135801463944
64,212.0,213.80081118069128
65,212.0,213.2669064531472
66,212.0,212.87595336436863
67,206.0,213.68651329090108
68,200.0,212.97645764814723
69,194.0,209.39105406969054
70,188.0,201.35734816378894
71,182.0,191.53689818893736
72,178.0,185.32765668468778
73,179.0,178.74775586312984
74,184.0,175.13870901617838
75,182.0,177.07565432019356
76,181.0,182.81665755272098
