,y_actual,y_predict
0,63.0,49.71952141714755
1,59.0,69.71977897969721
2,57.00000000000001,82.83602028380378
3,58.0,65.74249956926012
4,54.99999999999999,54.917789357881105
5,53.0,50.98010811273743
6,52.00000000000001,54.099535516148975
7,56.0,55.485729877137324
8,54.0,51.900180653747945
9,54.0,52.536030372800454
10,54.99999999999999,55.64319046304593
11,54.0,52.62042227131645
12,53.0,58.14581254975641
13,53.0,53.15123011469008
14,53.0,55.08147380120485
15,52.00000000000001,49.77514526361135
16,51.0,51.703608987039274
17,51.0,52.658829785626104
18,51.0,49.26819854702349
19,52.00000000000001,49.05779007267016
20,51.0,50.406400753615394
21,53.0,51.25133600148373
22,53.0,52.00410403910874
23,53.0,53.178891703201806
24,52.00000000000001,55.28467222237872
25,51.0,54.14588070368374
26,50.0,54.79207946487291
27,51.0,49.88555108210599
28,51.0,49.89508831675373
29,51.0,49.98646777306334
30,51.0,49.72976823167451
31,51.0,47.32568754734265
32,51.0,48.94192409713885
33,50.0,51.071932559818755
34,50.0,50.822220576223536
35,51.0,49.729780258452124
36,50.0,48.5474518047952
37,50.0,50.07153317112571
38,50.0,50.2745812575794
39,50.0,50.14934642228695
40,50.0,49.68020588112806
41,50.0,48.37496977364697
42,50.0,48.77144452446332
43,50.0,49.903747596635654
44,50.0,49.88585776493514
45,50.0,49.85142510062684
46,50.0,49.84435936877874
47,50.0,49.849206160157095
48,50.0,49.75397212162227
49,50.0,49.87026504775885
50,50.0,49.08708730293736
51,50.0,49.27580548386422
52,50.0,49.869032303053444
53,50.0,49.84662040297013
54,50.0,49.839332175736175
55,50.0,49.814857683292104
56,50.0,49.823679324671815
57,50.0,49.85291040766215
58,50.0,49.85356586704211
59,50.0,49.85694539155158
60,50.0,49.86399909662207
61,50.0,49.8765851193949
62,50.0,49.86108861643953
63,50.0,49.855183468631154
64,50.0,49.86064362566782
65,50.0,49.85385450970483
66,50.0,49.85045694502894
67,50.0,49.84672263057985
68,50.0,49.8457123812603
69,50.0,49.849085892380955
70,50.0,49.84640392097309
71,50.0,49.854064978313076
72,50.0,49.85040282452967
73,50.0,49.849458722486986
74,50.0,49.849759391927336
75,50.0,49.85759483754272
76,50.0,49.858989943745925
77,50.0,49.86015052778565
78,50.0,49.85740842248971
79,50.0,49.85614561084026
80,50.0,49.8503366772528
81,50.0,49.85209258678441
82,50.0,49.8521767742277
83,50.0,49.85310884949277
84,50.0,49.85205049306276
85,50.0,49.85108835085366
86,50.0,49.85092598935587
87,50.0,49.85045694502894
88,50.0,49.8508658554678
89,50.0,49.853758295483914
90,50.0,49.852615751610614
