,y_actual,y_predict
0,157.0,186.09248045401662
1,157.0,177.54933303127478
2,154.0,161.90563367357856
3,144.0,159.83461834894757
4,134.0,167.4653693469158
5,125.0,165.1312124690656
6,123.0,164.87314556642218
7,144.0,158.50368663112408
8,134.0,154.519184722675
9,128.0,163.86733480219087
10,122.0,163.9901992808253
11,124.0,152.52403166912535
12,123.0,152.0601892949304
13,118.0,153.8184001540475
14,111.0,153.50083216875421
15,106.0,154.03960342164135
16,103.0,152.67517686428795
17,96.0,151.60326689879338
18,90.0,150.31111924403865
19,84.0,148.90833776954256
20,79.0,146.70695864121905
21,74.00000000000003,142.79721395309167
22,69.0,141.3075518858623
23,69.0,141.3332362695377
24,65.0,140.82699427784684
25,61.00000000000003,140.4091992615194
26,56.99999999999997,140.3055390630767
27,54.0,140.2249025435678
28,51.0,138.84283808865283
29,50.0,138.41244763939517
30,50.0,138.07477416746542
31,62.0,137.96747695729925
32,57.99999999999997,138.04693332551147
33,54.0,212.19215937073554
34,51.0,244.01595428453052
35,50.0,172.1230295550015
36,57.99999999999997,181.92111231638353
37,56.99999999999997,161.11645577282843
38,54.0,173.50211681005436
39,53.0,187.72977944846292
40,52.0,174.01590640572
41,51.0,164.09612322402802
42,50.0,143.12035010677576
43,51.0,131.26025872088616
44,51.0,134.57812534777497
45,53.0,135.66050647386572
46,52.0,133.9238601975337
47,51.0,139.24810204393896
48,50.0,137.14916004816882
49,50.0,131.26505442661002
50,50.0,134.91867409740945
51,50.0,134.5498339025987
52,50.0,136.04066539247663
53,50.0,136.46759048838123
54,50.0,136.28583646004157
55,50.0,133.6689153315025
56,50.0,134.73042923693794
57,50.0,136.45693694076647
58,50.0,137.48562118285741
59,50.0,137.6913215538719
60,50.0,137.66496126536293
61,50.0,137.69257680570567
62,50.0,137.7516916570221
