,y_actual,y_predict
0,55.0,60.52704671831793
1,56.0,60.137123610203226
2,57.0,60.2080652055564
3,56.0,60.76516213373077
4,55.0,60.71734090924419
5,55.0,60.47132889066279
6,54.0,60.618653706731436
7,55.0,60.17262055557243
8,53.0,59.61483216619345
9,54.0,60.08129538117929
10,54.0,59.61388213336192
11,55.0,59.34569687144628
12,55.0,59.76354280997049
13,55.0,60.323364908774764
14,56.0,60.45113996666782
15,56.0,60.28311779924788
16,55.0,60.44925733279982
17,56.0,60.66234940638381
18,55.0,60.428743015296796
19,54.0,60.55760756038198
20,54.0,60.15141187156562
21,53.0,60.221080945878384
22,53.0,60.260517476934325
23,52.0,59.74925454860809
24,53.0,59.04435343000055
25,56.0,59.21526346480443
26,55.0,59.16850848511655
27,55.0,59.214967124288165
28,53.0,60.53596017619914
29,55.0,60.3040330480376
30,55.0,59.371199587639666
31,55.0,59.941550490668696
32,55.0,59.490767175352005
33,58.0,59.78150627479433
34,56.0,60.573551842276416
35,56.0,60.80851500808002
36,56.0,61.402102493942806
37,55.0,61.25707576952477
38,55.0,60.86501726651349
39,54.0,60.36461144121923
40,54.0,60.6085374549901
41,55.0,59.74308950375023
42,56.0,60.093247782001754
43,56.0,60.12864594719886
44,56.0,60.90260602729158
45,55.0,61.115945051305786
46,54.0,60.9581466316968
47,54.0,60.85763490129962
48,54.0,60.45731372742323
49,54.0,59.67411189064207
50,54.0,59.629716013887546
51,54.0,59.67320253199903
52,53.0,59.78165735035164
53,56.0,60.06675145348914
54,54.0,59.78002166691385
55,53.0,60.44618352626842
56,53.0,60.52432445298719
57,54.0,60.073227365359166
58,53.0,59.46514824719145
59,52.0,59.386466934825386
60,52.0,59.40033973840518
61,52.0,59.24252969759948
62,52.0,58.870953553800256
63,51.0,58.973452508835884
64,50.0,59.08114613880358
65,50.0,58.94115720316196
66,50.0,58.79117113304534
67,50.0,58.53523461246842
68,50.0,58.34916763184763
69,50.0,58.65538326001656
