,y_actual,y_predict
0,228.0,222.7304673840037
1,226.0,223.6043512729088
2,224.0,227.80107784080823
3,218.0,231.22294513214808
4,220.0,229.19857969057793
5,220.0,226.27084975032045
6,218.0,226.39333185709575
7,216.0,224.84774966030292
8,208.0,224.0672845324063
9,199.0,225.21600631944125
10,196.0,223.5952803160527
11,194.0,223.76828765251634
12,202.0,220.42835529080514
13,197.0,214.0302102981141
14,202.0,210.27493696387694
15,200.0,206.85201744154182
16,198.0,210.74727982928647
17,197.0,212.37221475665623
18,197.0,212.5714432057385
19,206.0,212.44615514964238
20,199.0,211.42981490696494
21,199.0,212.4765247131965
22,198.0,216.4731157363281
23,198.0,210.81782768440843
24,197.0,209.24266207365565
25,197.0,211.3448018993098
26,197.0,212.25873708638673
27,199.0,212.18541351846682
28,197.0,211.5548005978325
29,197.0,212.3553246349902
30,196.0,212.57846412634507
31,196.0,210.8114901092183
32,198.0,210.8514386032125
33,196.0,211.45079905382534
34,196.0,211.06995190657074
35,193.0,210.6760304868343
36,194.0,211.34719663191981
37,194.0,210.52187259871758
38,193.0,211.21623620413638
39,192.0,209.8399785353236
40,192.0,211.511997776081
41,191.0,205.71321323400278
42,194.0,206.1780574417446
43,190.0,207.77969815190795
44,189.0,208.07693526616782
45,185.0,207.98530650731232
46,179.0,206.24223143784906
47,184.0,207.0551947805087
48,182.0,205.85729631270465
49,182.0,204.20894622203707
50,181.0,203.7284394954571
51,171.0,203.1068733424606
52,160.0,201.3834157290247
53,150.0,198.49991577439746
54,164.0,196.10186924148906
55,166.0,193.40812160968173
56,160.0,191.61260431498118
