,y_actual,y_predict
0,104.0,103.45262903568694
1,106.0,99.49620066697432
2,111.0,100.84502283739049
3,123.0,104.08701098556988
4,117.0,106.99312351707292
5,125.0,116.0686974354306
6,125.0,122.30923366932227
7,123.0,121.45426236484286
8,121.0,122.89832641317396
9,122.0,120.81109869929809
10,130.0,119.02371782460571
11,131.0,114.62494117034962
12,138.0,119.8530859595776
13,135.0,127.7726787532772
14,134.0,130.7618872661868
15,128.0,132.1629803758957
16,125.0,130.974987594772
17,144.0,130.39931639907792
18,144.0,125.25752020067483
19,142.0,125.15816337062822
20,145.0,137.90292693951153
21,152.0,145.929324917911
22,142.0,142.13589196311364
23,144.0,141.7253135043393
24,158.0,147.04815220737441
25,160.0,146.05354623766485
26,155.0,139.92943781194325
27,150.0,153.69669690990182
28,151.0,166.70930225685834
29,167.0,154.22903002552533
30,170.0,145.00476162212465
31,180.0,152.84327551393199
32,174.0,164.3206755968376
33,180.0,177.22729798006247
34,183.0,179.0930448671424
35,195.0,178.60764430026063
36,262.0,174.74302987351456
37,244.0,187.58773945752336
38,228.0,215.4741682278358
39,214.0,254.80246570327773
40,216.0,255.94893192860312
41,202.0,220.153370598192
42,192.0,194.25796529157088
43,180.0,191.82568617287404
44,190.0,191.40451557339156
45,186.0,182.3292362475733
46,206.0,171.24541619422752
47,210.0,178.8922294871411
48,236.0,188.45209155577646
49,224.0,202.5201428271868
50,266.0,217.63609053961548
51,260.0,228.13451564501472
52,294.0,231.80181462700384
53,284.0,239.5302960068885
54,282.0,252.96677604902516
55,276.0,247.671514725202
56,274.0,254.9922888243457
57,302.0,239.4624166095234
58,294.0,229.97162989602506
59,318.0,235.9286340014421
60,312.0,248.2695111987897
61,298.0,259.1586891247511
62,302.0,253.71206879231954
63,288.0,252.222397861674
64,302.0,241.53848498213011
65,298.0,234.03467658103568
66,292.0,235.3014684695489
67,296.0,242.3793136462659
68,284.0,243.5959368650074
69,272.0,238.11985727863447
70,278.0,235.4575849278237
71,296.0,236.3445459042509
72,286.0,227.977924321154
73,278.0,236.7999156197268
74,290.0,245.37385120630637
75,306.0,242.20488848151174
76,308.0,233.25637188571272
77,312.0,242.59720659974604
78,310.0,255.62757104023527
79,300.0,258.6697006845535
80,302.0,251.31162325549366
81,326.0,244.33598849924235
82,366.0,235.4324258455771
83,388.0,243.15355560268713
