,y_actual,y_predict
0,193.0,194.21329820003106
1,194.0,190.8138493329834
2,194.0,193.56894542847758
3,189.0,196.67121919254558
4,188.0,196.02174846568798
5,188.0,194.4255672393532
6,186.0,191.19184984534093
7,181.0,189.64452523858083
8,185.0,189.70896982816433
9,181.0,188.9090710518645
10,179.0,186.62320104959937
11,177.0,186.4068720502824
12,168.0,185.7768267898671
13,169.0,182.25554872824364
14,166.0,175.00794085916496
15,174.0,173.59449679605578
16,171.0,169.31754332135435
17,166.0,168.87370846885122
18,165.0,169.6300321950695
19,176.0,169.86396168358996
20,179.0,169.1997656797202
21,179.0,172.53599383012002
22,181.0,173.32221433087818
23,181.0,176.5380259949865
24,177.0,182.17334973571366
25,178.0,185.24670776367955
26,178.0,184.96502297955246
27,175.0,183.6398146581867
28,173.0,181.64355211763655
29,175.0,181.1170542679369
30,175.0,179.48059581980885
31,170.0,177.62174898877643
32,170.0,177.59405825732873
33,171.0,177.3127326322144
34,172.0,174.55066975724756
35,171.0,171.18579748323333
36,170.0,172.2180714132579
37,170.0,173.28831450562663
38,169.0,174.28229398501816
39,169.0,172.947621908545
40,168.0,172.44750830189238
41,172.0,171.44476867307586
42,176.0,169.93795280542
43,190.0,171.5858073374966
44,185.0,174.85726658006868
45,192.0,181.50961062284998
46,216.0,191.65493102938376
47,212.0,195.10178144910765
48,208.0,211.00402133354422
49,194.0,219.32922345463663
50,187.0,218.35418635947713
51,181.0,212.40812855571434
52,181.0,198.45289364048568
53,183.0,187.5306971728155
54,187.0,181.57523802014782
55,189.0,185.05678337834618
56,183.0,187.23706208592566
57,183.0,191.73631130427225
58,179.0,191.8313937824692
59,176.0,188.97343286430888
60,178.0,185.0078485085072
61,178.0,183.47471436083703
62,179.0,181.8487595556265
63,179.0,181.39590910862066
