,y_actual,y_predict
0,1165.0,1162.0531703947397
1,1115.0,1153.9101900223068
2,1125.0,1146.8811625497801
3,1100.0,1130.749037850501
4,1095.0,1122.2265328672183
5,1115.0,1117.4064628292056
6,1065.0,1118.5936217034514
7,1115.0,1119.8829465011027
8,1115.0,1103.2194913273834
9,1070.0,1110.9994273898785
10,1065.0,1126.278915458175
11,1100.0,1130.7944581967336
12,1100.0,1098.431486222666
13,1100.0,1090.4035295929484
14,1100.0,1109.7172082292145
15,1090.0,1124.2809974325578
16,1190.0,1118.1802607259958
17,1220.0,1129.4513534799237
18,1205.0,1148.545593326877
19,1215.0,1224.7473997581417
20,1205.0,1236.1675118513515
21,1125.0,1237.0300605473751
22,1050.0,1224.5645440522535
23,1090.0,1162.6142569680485
24,1015.0,1074.3447700979693
25,1025.0,1040.5574463197472
26,1010.0,1038.7393188232786
27,940.0,1057.196141234609
28,975.0,1048.6850610009924
29,940.0,1006.8622370736741
30,955.0,1000.370630621577
31,995.0,977.9410206957944
32,1020.0,985.6313102905285
33,1005.0,1020.9086682316108
34,1020.0,1046.8745367351376
35,1020.0,1081.872485903034
36,1005.0,1071.7824017661278
37,995.0,1076.1496018927362
38,1010.0,1051.951623833141
39,1060.0,1052.2364464249836
40,1080.0,1028.4501176207684
41,1035.0,1053.1078323838149
42,1065.0,1107.285627406178
43,1010.0,1106.1553136278303
44,1040.0,1096.8292148413989
45,1040.0,1050.6619009605884
46,1035.0,1044.0481253212984
47,1025.0,1051.1546380733528
48,1040.0,1079.088190813747
49,1065.0,1075.1716512828411
50,1065.0,1083.239295980213
51,1065.0,1102.5272788816037
52,1075.0,1114.6490178920076
53,1080.0,1105.899013102662
54,1055.0,1102.2583394783207
55,1070.0,1107.4041741117696
56,1090.0,1094.3497257039971
57,1075.0,1091.066403918506
58,1080.0,1115.1644452741432
59,1090.0,1116.6692082083496
60,1145.0,1117.562249441809
61,1105.0,1125.7936422498092
62,1105.0,1143.3730677712995
63,1105.0,1171.623906111733
64,1105.0,1145.883527136018
65,1105.0,1108.858779608419
66,1125.0,1116.0288649222025
67,1130.0,1133.6109973530215
68,1130.0,1137.1724142645244
69,1130.0,1136.1027073898915
70,1130.0,1163.9819627137554
71,1130.0,1153.2104539608936
72,1130.0,1151.0968553689736
73,1130.0,1147.3065055817633
74,1125.0,1125.5394117141273
75,1110.0,1157.4404575727867
