,y_actual,y_predict
0,138.0,140.0554565553259
1,140.0,140.15640827294874
2,143.0,138.84493773797857
3,142.0,142.1438069786062
4,141.0,139.71148116546502
5,142.0,143.40286319118903
6,140.0,142.84804518412764
7,140.0,143.9302847714399
8,139.0,142.5583054257528
9,140.0,142.41485321418818
10,141.0,140.3723092069867
11,143.0,141.70822072557047
12,143.0,138.03699320788388
13,143.0,142.8298517829684
14,142.0,146.98744955831182
15,142.0,144.080510283869
16,141.0,144.62197661849956
17,137.0,143.30429394276564
18,140.0,143.72392355911364
19,139.0,141.34431726069525
20,140.0,140.5056999163951
21,139.0,134.876263863201
22,137.0,139.6373351798099
23,137.0,140.91016048917916
24,137.0,140.4703251712407
25,137.0,140.09680125635853
26,132.0,139.97834725054256
27,130.0,135.38159542531272
28,129.0,137.91084835521423
29,129.0,134.24177096675555
30,128.0,130.09699126950161
31,125.0,127.87515168767246
32,123.0,130.88202865359125
33,122.0,128.63578549882192
34,120.0,127.6017978042378
35,117.0,127.12352400389341
36,116.0,125.76135413056295
37,115.0,125.904770900437
38,113.0,124.08620262577503
39,110.0,122.72842358410962
40,103.0,122.8271956377624
41,96.0,121.0962155943956
42,90.0,117.51684112476943
43,90.0,112.9601187200555
44,89.00000000000001,107.7547267426682
45,89.00000000000001,106.56620933923357
46,89.00000000000001,103.46586869731622
