,y_actual,y_predict
0,605.0,656.618715989493
1,565.0,637.1819359812653
2,610.0,619.5495276706936
3,570.0,603.0369478929001
4,535.0,645.253759282436
5,500.0,625.969705870252
6,466.0,570.8161733855404
7,466.0,559.1080917585633
8,484.0,519.6389854325973
9,555.0,512.1245996378091
10,520.0,448.1485566256937
11,540.0,493.3556082414726
12,560.0,566.3911814697004
13,525.0,572.933407742194
14,525.0,504.4224795971347
15,500.0,548.1557965695979
16,520.0,588.8511904824117
17,510.0,538.7556390066813
18,510.0,554.5425489156204
19,510.0,545.019614820943
20,496.0,516.512336088002
21,462.0,580.5030939683925
22,430.0,547.0153006192847
23,400.0,552.9102391925478
24,372.0,536.7812450191536
25,346.0,516.182469118706
26,386.0,473.4170866073495
27,390.0,401.19204870114703
28,364.0,401.2811704351697
29,340.0,429.7791040820351
30,318.0,448.97450405515565
31,322.0,426.26739140228005
32,316.0,398.30356376627174
33,300.0,387.45137963303944
34,300.0,325.6664523123155
35,292.0,376.52057918270356
36,294.0,420.11953192480314
37,274.0,373.5522915834947
38,264.0,195.17022904330094
39,262.0,271.0859957839866
40,264.0,285.25424676791516
41,260.0,242.4633161648929
42,286.0,296.20115916648786
43,286.0,299.9114809417383
44,278.0,264.2892407945857
45,260.0,309.2708457860413
46,260.0,304.68047290370345
47,242.0,246.01131650071252
48,226.0,246.04534593441807
49,212.0,277.3318199653
50,212.0,229.95631293087996
51,226.0,127.45519419787428
52,228.0,239.0511005541466
53,220.0,224.9358319415799
54,206.0,186.8718446408449
55,194.0,197.1961771025648
56,193.0,246.35666842332773
57,187.0,256.86164826721716
58,189.0,201.40457739647405
59,176.0,100.55133659229736
60,164.0,152.54870674342618
61,164.0,203.06847101290944
62,153.0,161.57054441859623
63,146.0,79.11312636756134
