,y_actual,y_predict
0,52.0,56.73159772573369
1,51.0,56.71288685857917
2,51.0,56.0497143270444
3,50.0,57.30656188353997
4,51.0,57.159654846566696
5,50.0,56.399981760177184
6,50.0,55.67580586176081
7,50.0,55.90879476756058
8,50.0,55.5777846777024
9,50.0,54.88294029103494
10,50.0,55.10899132609296
11,50.0,55.13220468128023
12,50.0,55.35825571633825
13,50.0,55.6108583628822
14,50.0,55.61595484669763
15,50.0,55.342930625145016
16,50.0,55.434370335931305
17,50.0,54.25420763498016
18,50.0,54.463258510737774
19,50.0,54.575998910291105
20,50.0,55.275155706340826
21,50.0,55.12801107105449
22,50.0,55.02656847128779
23,50.0,54.97155258189565
24,50.0,55.330100316239054
25,50.0,55.53707220675727
26,50.0,55.5708824467076
27,50.0,55.56465737090508
28,50.0,55.55720866379025
29,50.0,55.549569878024926
30,50.0,55.598348811698884
31,50.0,55.520606643661296
32,50.0,55.525299210344485
33,50.0,55.55710174454936
34,50.0,55.522899467382445
35,50.0,55.31585629737029
36,50.0,55.25864262358223
37,50.0,55.32356636262952
38,50.0,55.46107638632074
39,50.0,55.55018763363893
40,50.0,55.565203847025145
41,50.0,55.53849779663571
42,50.0,55.51283717882379
43,50.0,55.53279543712196
44,50.0,55.567175913023675
45,50.0,55.392065956288576
46,50.0,55.56225762794304
47,50.0,55.34086351982128
48,50.0,55.3340088084891
49,50.0,55.605619320078944
50,50.0,55.56079639831765
51,50.0,55.21949830150339
52,50.0,55.34316822345809
53,50.0,55.50645766411776
54,50.0,55.58232280548211
55,50.0,55.58285740168651
56,50.0,55.56172303173864
57,50.0,55.55787393906684
58,50.0,55.378047655817255
59,50.0,55.32503947217057
60,50.0,55.36585886235659
61,50.0,55.47484520856335
62,50.0,55.47704299295927
63,50.0,55.50910688530854
64,50.0,55.56216258861781
65,50.0,55.581265492988905
66,50.0,55.57841431323203
67,50.0,55.5721179579356
68,50.0,55.4532950415676
69,50.0,55.467265822376305
70,50.0,55.458118287322975
71,50.0,55.514357808027455
72,50.0,55.35918234975924
73,50.0,55.318386719404515
74,50.0,55.378142695142486
75,50.0,55.33991312656897
76,50.0,55.446487849898034
77,50.0,55.52627336342809
78,50.0,55.58183572894029
79,50.0,55.588536001368965
80,50.0,55.58688469309311
81,50.0,55.57892514960514
82,50.0,55.58114669383238
83,50.0,55.588464721875056
84,50.0,55.59166041918587
85,50.0,55.58245348455429
86,50.0,55.58890427875423
87,50.0,55.566225519771365
88,50.0,55.566320559096596
