,y_actual,y_predict
0,142.0,144.97804976915782
1,128.0,146.6312101091453
2,124.0,147.54389694257137
3,124.0,142.7489957170003
4,120.0,132.52824843630177
5,116.0,118.02907305745742
6,110.0,116.00534225785162
7,103.0,120.2903923411348
8,113.0,115.7807057510094
9,116.0,110.96987004781636
10,117.0,111.60211841775416
11,118.0,112.29530990760219
12,119.0,116.20880926890027
13,117.0,121.11554383087056
14,114.0,123.01914034892849
15,125.0,123.19340805543425
16,124.0,121.85180429491933
17,124.0,121.44893731881197
18,122.0,123.65680101852979
19,122.0,125.56643553563427
20,125.0,127.0486235192001
21,124.0,125.68014597018268
22,123.0,125.80464971908893
23,123.0,127.69304174213846
24,122.0,125.98616511011514
25,124.0,128.76945324746572
26,124.0,128.43138787079744
27,123.0,128.95939472351716
28,120.0,128.71257717354538
29,118.0,129.39115858279894
30,118.0,128.06043156322622
31,119.0,125.76066305245968
32,119.0,123.13861764612415
33,121.0,121.2243320969389
34,118.0,119.26240996805655
35,118.0,120.90840605010797
36,115.0,124.79336309121535
37,116.0,123.85552314259019
38,117.0,122.3336762464613
39,117.0,120.3632028926771
40,115.0,119.85847205700728
41,114.0,123.87627550546173
42,120.0,123.93511210411566
43,117.0,123.72462683165367
44,118.0,121.51505288695549
45,118.0,122.44348648818863
46,117.0,124.22839826160279
47,116.0,123.84634621830529
48,116.0,123.56691930215297
49,119.0,124.2146641601446
50,118.0,123.84507396289305
51,116.0,123.72277059015059
52,116.0,124.54570084707646
53,116.0,124.43852897108104
54,114.0,124.57015526463113
55,116.0,120.75289889677103
56,114.0,121.57472375145349
57,113.0,121.179803157511
58,120.0,120.73173982930047
59,118.0,120.85654599957519
60,119.0,121.19492422593498
61,115.0,123.01529229772265
62,119.0,125.51286524012113
63,115.0,124.18999074780587
64,117.0,124.00458559228161
65,117.0,123.71941267012815
66,116.0,123.23269154836748
67,116.0,123.25914820394794
68,113.0,123.28927562924235
69,111.0,124.37532290506874
70,112.00000000000003,121.94187372111108
71,111.0,120.0176499800582
72,115.0,118.95106195504502
73,115.0,118.45742685510149
74,110.0,119.01396559968882
75,109.0,121.59912602739288
76,103.0,120.62976125818446
77,106.0,118.17221221965585
78,106.0,111.84566147428791
79,101.00000000000003,110.412914170307
80,103.99999999999997,111.06593575976245
81,107.0,111.64940043446754
