{
    "R2": 0.9908781412136284,
    "RMSE": 624.7163294964816,
    "MSE": 390270.4923395567,
    "MAPE": 0.1432394197660254,
    "ACMAPE": 1.0746901143686216
}