{
    "R2": 0.9977793814828315,
    "RMSE": 125.10191146211794,
    "MSE": 15650.488251475595,
    "MAPE": 0.11581708760834661,
    "ACMAPE": 0.6960842542359538
}