{
    "DOWN": {
        "precision": 0.616504854368932,
        "recall": 0.396875,
        "f1-score": 0.4828897338403041,
        "support": 320
    },
    "UP": {
        "precision": 0.4548022598870056,
        "recall": 0.6708333333333333,
        "f1-score": 0.542087542087542,
        "support": 240
    },
    "accuracy": 0.5142857142857142,
    "macro avg": {
        "precision": 0.5356535571279688,
        "recall": 0.5338541666666666,
        "f1-score": 0.5124886379639231,
        "support": 560
    },
    "weighted avg": {
        "precision": 0.5472037424481064,
        "recall": 0.5142857142857142,
        "f1-score": 0.5082602230891203,
        "support": 560
    }
}