{
    "DOWN": {
        "precision": 0.6634615384615384,
        "recall": 0.23469387755102042,
        "f1-score": 0.34673366834170855,
        "support": 294
    },
    "UP": {
        "precision": 0.40633245382585753,
        "recall": 0.8148148148148148,
        "f1-score": 0.5422535211267606,
        "support": 189
    },
    "accuracy": 0.4616977225672878,
    "macro avg": {
        "precision": 0.534896996143698,
        "recall": 0.5247543461829176,
        "f1-score": 0.44449359473423455,
        "support": 483
    },
    "weighted avg": {
        "precision": 0.5628458096910546,
        "recall": 0.4616977225672878,
        "f1-score": 0.42324143682281584,
        "support": 483
    }
}