{
    "DOWN": {
        "precision": 0.8703703703703703,
        "recall": 0.6394557823129252,
        "f1-score": 0.7372549019607842,
        "support": 147
    },
    "UP": {
        "precision": 0.38372093023255816,
        "recall": 0.7021276595744681,
        "f1-score": 0.4962406015037595,
        "support": 47
    },
    "accuracy": 0.654639175257732,
    "macro avg": {
        "precision": 0.6270456503014643,
        "recall": 0.6707917209436967,
        "f1-score": 0.6167477517322719,
        "support": 194
    },
    "weighted avg": {
        "precision": 0.7524707637390448,
        "recall": 0.654639175257732,
        "f1-score": 0.6788648394789277,
        "support": 194
    }
}