{
    "DOWN": {
        "precision": 0.6116173120728929,
        "recall": 0.8325581395348837,
        "f1-score": 0.7051871306631649,
        "support": 645
    },
    "UP": {
        "precision": 0.49056603773584906,
        "recall": 0.23370786516853934,
        "f1-score": 0.3165905631659056,
        "support": 445
    },
    "accuracy": 0.5880733944954128,
    "macro avg": {
        "precision": 0.551091674904371,
        "recall": 0.5331330023517115,
        "f1-score": 0.5108888469145352,
        "support": 1090
    },
    "weighted avg": {
        "precision": 0.5621972964031823,
        "recall": 0.5880733944954128,
        "f1-score": 0.546539908152816,
        "support": 1090
    }
}