{
    "R2": 0.8751609642713473,
    "RMSE": 362.3589674321683,
    "MSE": 131304.0212785072,
    "MAPE": 0.07463270575805898,
    "ACMAPE": 1.0373913264477141
}