{
    "DOWN": {
        "precision": 0.8439306358381503,
        "recall": 0.6431718061674009,
        "f1-score": 0.73,
        "support": 454
    },
    "UP": {
        "precision": 0.4375,
        "recall": 0.7,
        "f1-score": 0.5384615384615384,
        "support": 180
    },
    "accuracy": 0.6593059936908517,
    "macro avg": {
        "precision": 0.6407153179190752,
        "recall": 0.6715859030837004,
        "f1-score": 0.6342307692307692,
        "support": 634
    },
    "weighted avg": {
        "precision": 0.7285402344960887,
        "recall": 0.6593059936908517,
        "f1-score": 0.675619995146809,
        "support": 634
    }
}