{
    "R2": 0.9776700083121166,
    "RMSE": 18.19426013154587,
    "MSE": 331.0311017343596,
    "MAPE": 0.04810068854967967,
    "ACMAPE": 0.9534810225014422
}