{
    "R2": 0.9471810252548509,
    "RMSE": 27.92361795615529,
    "MSE": 779.7284397613181,
    "MAPE": 0.058107186457055315,
    "ACMAPE": 0.943171722412802
}