{
    "R2": 0.9644446427399613,
    "RMSE": 5.38241155149928,
    "MSE": 28.970354109712893,
    "MAPE": 0.054620606303198475,
    "ACMAPE": 1.2837414854240776
}