{
    "R2": 0.9850780959644125,
    "RMSE": 38.7319443038663,
    "MSE": 1500.163509557801,
    "MAPE": 0.03580045008349597,
    "ACMAPE": 0.9965394801065907
}