{
    "DOWN": {
        "precision": 0.7504896200548374,
        "recall": 0.6666666666666666,
        "f1-score": 0.7060991339598304,
        "support": 2874
    },
    "UP": {
        "precision": 0.3734466971877044,
        "recall": 0.472682119205298,
        "f1-score": 0.41724515893313846,
        "support": 1208
    },
    "accuracy": 0.6092601665850074,
    "macro avg": {
        "precision": 0.5619681586212709,
        "recall": 0.5696743929359823,
        "f1-score": 0.5616721464464844,
        "support": 4082
    },
    "weighted avg": {
        "precision": 0.6389100387653968,
        "recall": 0.6092601665850074,
        "f1-score": 0.6206176048485507,
        "support": 4082
    }
}