{
    "DOWN": {
        "precision": 0.54,
        "recall": 0.3253012048192771,
        "f1-score": 0.40601503759398494,
        "support": 83
    },
    "UP": {
        "precision": 0.4716981132075472,
        "recall": 0.684931506849315,
        "f1-score": 0.5586592178770949,
        "support": 73
    },
    "accuracy": 0.4935897435897436,
    "macro avg": {
        "precision": 0.5058490566037737,
        "recall": 0.505116355834296,
        "f1-score": 0.48233712773553994,
        "support": 156
    },
    "weighted avg": {
        "precision": 0.5080382196419932,
        "recall": 0.4935897435897436,
        "f1-score": 0.4774446860597993,
        "support": 156
    }
}