{
    "DOWN": {
        "precision": 0.7859195402298851,
        "recall": 0.2726819541375872,
        "f1-score": 0.40488527017024434,
        "support": 2006
    },
    "UP": {
        "precision": 0.29990403071017274,
        "recall": 0.8074935400516796,
        "f1-score": 0.43736878936319107,
        "support": 774
    },
    "accuracy": 0.42158273381294964,
    "macro avg": {
        "precision": 0.5429117854700289,
        "recall": 0.5400877470946335,
        "f1-score": 0.4211270297667177,
        "support": 2780
    },
    "weighted avg": {
        "precision": 0.6506044307449004,
        "recall": 0.42158273381294964,
        "f1-score": 0.4139292427800791,
        "support": 2780
    }
}