{
    "DOWN": {
        "precision": 0.5686274509803921,
        "recall": 0.8678304239401496,
        "f1-score": 0.6870681145113524,
        "support": 401
    },
    "UP": {
        "precision": 0.38372093023255816,
        "recall": 0.1111111111111111,
        "f1-score": 0.17232375979112272,
        "support": 297
    },
    "accuracy": 0.5458452722063037,
    "macro avg": {
        "precision": 0.47617419060647515,
        "recall": 0.48947076752563035,
        "f1-score": 0.42969593715123755,
        "support": 698
    },
    "weighted avg": {
        "precision": 0.48994946149313323,
        "recall": 0.5458452722063037,
        "f1-score": 0.46804365412179905,
        "support": 698
    }
}