{
    "DOWN": {
        "precision": 0.6728971962616822,
        "recall": 0.43548387096774194,
        "f1-score": 0.5287637698898409,
        "support": 496
    },
    "UP": {
        "precision": 0.3473193473193473,
        "recall": 0.5866141732283464,
        "f1-score": 0.43631039531478766,
        "support": 254
    },
    "accuracy": 0.4866666666666667,
    "macro avg": {
        "precision": 0.5101082717905148,
        "recall": 0.5110490220980441,
        "f1-score": 0.48253708260231426,
        "support": 750
    },
    "weighted avg": {
        "precision": 0.5626348314198781,
        "recall": 0.4866666666666667,
        "f1-score": 0.49745289370042284,
        "support": 750
    }
}