{
    "DOWN": {
        "precision": 0.6049237983587339,
        "recall": 0.9297297297297298,
        "f1-score": 0.7329545454545454,
        "support": 555
    },
    "UP": {
        "precision": 0.4264705882352941,
        "recall": 0.07923497267759563,
        "f1-score": 0.1336405529953917,
        "support": 366
    },
    "accuracy": 0.5917480998914224,
    "macro avg": {
        "precision": 0.515697193297014,
        "recall": 0.5044823512036627,
        "f1-score": 0.43329754922496855,
        "support": 921
    },
    "weighted avg": {
        "precision": 0.5340075389611455,
        "recall": 0.5917480998914224,
        "f1-score": 0.4947906787443931,
        "support": 921
    }
}