{
    "R2": 0.8296325508836351,
    "RMSE": 72.85089000870136,
    "MSE": 5307.2521750599035,
    "MAPE": 0.05250573199272428,
    "ACMAPE": 0.8690095322098794
}