{
    "R2": 0.9906135516386325,
    "RMSE": 2.891362670535982,
    "MSE": 8.359978092568964,
    "MAPE": 0.03681781294765977,
    "ACMAPE": 0.9736786399818971
}