{
    "DOWN": {
        "precision": 0.8812572759022119,
        "recall": 0.4455562095350206,
        "f1-score": 0.5918686473807662,
        "support": 3398
    },
    "UP": {
        "precision": 0.3210810810810811,
        "recall": 0.8136986301369863,
        "f1-score": 0.4604651162790698,
        "support": 1095
    },
    "accuracy": 0.5352770977075451,
    "macro avg": {
        "precision": 0.6011691784916465,
        "recall": 0.6296274198360035,
        "f1-score": 0.526166881829918,
        "support": 4493
    },
    "weighted avg": {
        "precision": 0.7447353677497217,
        "recall": 0.5352770977075451,
        "f1-score": 0.5598439719842923,
        "support": 4493
    }
}