{
    "R2": 0.9904820450063706,
    "RMSE": 8.302219479162174,
    "MSE": 68.92684828017983,
    "MAPE": 0.023621073476386627,
    "ACMAPE": 1.0363000100817037
}