{
    "R2": 0.995514994991205,
    "RMSE": 272.99718811786,
    "MSE": 74527.46472025824,
    "MAPE": 0.066453796550774,
    "ACMAPE": 0.7364254679388759
}