{
    "R2": 0.9965923250988408,
    "RMSE": 237.33747215246103,
    "MSE": 56329.07568772022,
    "MAPE": 0.050744497003925214,
    "ACMAPE": 1.1745138359631377
}