{
    "R2": 0.9960526357727398,
    "RMSE": 254.77313831216247,
    "MSE": 64909.35200542827,
    "MAPE": 0.0896244237856197,
    "ACMAPE": 1.3535909042325471
}