{
    "DOWN": {
        "precision": 0.668848167539267,
        "recall": 0.9125,
        "f1-score": 0.7719033232628398,
        "support": 560
    },
    "UP": {
        "precision": 0.5148514851485149,
        "recall": 0.17049180327868851,
        "f1-score": 0.2561576354679803,
        "support": 305
    },
    "accuracy": 0.6508670520231213,
    "macro avg": {
        "precision": 0.5918498263438909,
        "recall": 0.5414959016393442,
        "f1-score": 0.51403047936541,
        "support": 865
    },
    "weighted avg": {
        "precision": 0.614548759297441,
        "recall": 0.6508670520231213,
        "f1-score": 0.5900507975085829,
        "support": 865
    }
}