{
    "DOWN": {
        "precision": 0.6046511627906976,
        "recall": 0.12652068126520682,
        "f1-score": 0.20925553319919518,
        "support": 411
    },
    "UP": {
        "precision": 0.2848605577689243,
        "recall": 0.807909604519774,
        "f1-score": 0.42120765832106044,
        "support": 177
    },
    "accuracy": 0.33163265306122447,
    "macro avg": {
        "precision": 0.44475586027981096,
        "recall": 0.46721514289249044,
        "f1-score": 0.3152315957601278,
        "support": 588
    },
    "weighted avg": {
        "precision": 0.5083876643402659,
        "recall": 0.33163265306122447,
        "f1-score": 0.27305744841445057,
        "support": 588
    }
}