{
    "R2": 0.7135110603373698,
    "RMSE": 14.08936211960231,
    "MSE": 198.5101249372845,
    "MAPE": 0.07125937525021822,
    "ACMAPE": 0.9206975774974091
}