{
    "DOWN": {
        "precision": 0.5935706084959816,
        "recall": 0.7845220030349014,
        "f1-score": 0.6758169934640523,
        "support": 659
    },
    "UP": {
        "precision": 0.4132231404958678,
        "recall": 0.22026431718061673,
        "f1-score": 0.28735632183908044,
        "support": 454
    },
    "accuracy": 0.5543575920934412,
    "macro avg": {
        "precision": 0.5033968744959247,
        "recall": 0.502393160107759,
        "f1-score": 0.4815866576515664,
        "support": 1113
    },
    "weighted avg": {
        "precision": 0.5200056934267528,
        "recall": 0.5543575920934412,
        "f1-score": 0.5173613376529677,
        "support": 1113
    }
}