{
    "R2": 0.9115205568836324,
    "RMSE": 18.375179530772208,
    "MSE": 337.6472227881099,
    "MAPE": 0.017514664097702557,
    "ACMAPE": 0.8141951620230138
}