{
    "R2": 0.7838268256337867,
    "RMSE": 11.33942761148084,
    "MSE": 128.58261855601407,
    "MAPE": 0.11640367741092154,
    "ACMAPE": 1.4409069886691999
}