{
    "R2": 0.8929838677897334,
    "RMSE": 35.80109860181293,
    "MSE": 1281.7186610967317,
    "MAPE": 0.029680614281282564,
    "ACMAPE": 0.9379580192029827
}