{
    "DOWN": {
        "precision": 0.6844919786096256,
        "recall": 0.47761194029850745,
        "f1-score": 0.5626373626373626,
        "support": 268
    },
    "UP": {
        "precision": 0.46153846153846156,
        "recall": 0.6703910614525139,
        "f1-score": 0.5466970387243736,
        "support": 179
    },
    "accuracy": 0.5548098434004475,
    "macro avg": {
        "precision": 0.5730152200740436,
        "recall": 0.5740015008755107,
        "f1-score": 0.5546672006808682,
        "support": 447
    },
    "weighted avg": {
        "precision": 0.5952108162925375,
        "recall": 0.5548098434004475,
        "f1-score": 0.556254100936188,
        "support": 447
    }
}