{
    "R2": 0.9751163999024294,
    "RMSE": 9.950011908830108,
    "MSE": 99.00273698586098,
    "MAPE": 0.03530868924923434,
    "ACMAPE": 0.8931552761598608
}