{
    "R2": 0.9922978999056417,
    "RMSE": 28.532549749763017,
    "MSE": 814.1063952227016,
    "MAPE": 585909096057.4476,
    "ACMAPE": 585909096058.6431
}