{
    "DOWN": {
        "precision": 0.5689655172413793,
        "recall": 0.463855421686747,
        "f1-score": 0.5110619469026548,
        "support": 498
    },
    "UP": {
        "precision": 0.4923954372623574,
        "recall": 0.5967741935483871,
        "f1-score": 0.5395833333333333,
        "support": 434
    },
    "accuracy": 0.5257510729613734,
    "macro avg": {
        "precision": 0.5306804772518684,
        "recall": 0.530314807617567,
        "f1-score": 0.525322640117994,
        "support": 932
    },
    "weighted avg": {
        "precision": 0.5333094928734657,
        "recall": 0.5257510729613734,
        "f1-score": 0.5243433650474129,
        "support": 932
    }
}