{
    "R2": 0.9979051754753495,
    "RMSE": 39.93431047499502,
    "MSE": 1594.749153113297,
    "MAPE": 0.030692608824646125,
    "ACMAPE": 1.0073038354358728
}