{
    "R2": 0.9869765980175105,
    "RMSE": 2.784945301810707,
    "MSE": 7.755920334077531,
    "MAPE": 0.022264605579471415,
    "ACMAPE": 0.5155515275088597
}