{
    "R2": 0.8510889336163148,
    "RMSE": 3.320949470481459,
    "MSE": 11.028705385491081,
    "MAPE": 0.021501959453126093,
    "ACMAPE": 0.5669565049076715
}