{
    "DOWN": {
        "precision": 0.6136363636363636,
        "recall": 0.3698630136986301,
        "f1-score": 0.4615384615384615,
        "support": 73
    },
    "UP": {
        "precision": 0.425,
        "recall": 0.6666666666666666,
        "f1-score": 0.5190839694656489,
        "support": 51
    },
    "accuracy": 0.49193548387096775,
    "macro avg": {
        "precision": 0.5193181818181818,
        "recall": 0.5182648401826484,
        "f1-score": 0.49031121550205525,
        "support": 124
    },
    "weighted avg": {
        "precision": 0.5360520527859237,
        "recall": 0.49193548387096775,
        "f1-score": 0.4852063720569016,
        "support": 124
    }
}