{
    "R2": 0.9745078511936867,
    "RMSE": 288.1918504772584,
    "MSE": 83054.54268150647,
    "MAPE": 0.0670615161802621,
    "ACMAPE": 1.0157268139215352
}