{
    "DOWN": {
        "precision": 0.6585365853658537,
        "recall": 0.5806451612903226,
        "f1-score": 0.6171428571428572,
        "support": 93
    },
    "UP": {
        "precision": 0.36065573770491804,
        "recall": 0.44,
        "f1-score": 0.3963963963963964,
        "support": 50
    },
    "accuracy": 0.5314685314685315,
    "macro avg": {
        "precision": 0.5095961615353859,
        "recall": 0.5103225806451613,
        "f1-score": 0.5067696267696268,
        "support": 143
    },
    "weighted avg": {
        "precision": 0.554382442827065,
        "recall": 0.5314685314685315,
        "f1-score": 0.53995877995878,
        "support": 143
    }
}