{
    "R2": 0.9630231656042294,
    "RMSE": 475626.91083191143,
    "MSE": 226220958307.50705,
    "MAPE": 1388.0758437410195,
    "ACMAPE": 1389.0073024404924
}