{
    "DOWN": {
        "precision": 0.7092050209205021,
        "recall": 0.5366754617414248,
        "f1-score": 0.6109942925803544,
        "support": 1895
    },
    "UP": {
        "precision": 0.2527659574468085,
        "recall": 0.41596638655462187,
        "f1-score": 0.3144520910534675,
        "support": 714
    },
    "accuracy": 0.5036412418551169,
    "macro avg": {
        "precision": 0.4809854891836553,
        "recall": 0.4763209241480233,
        "f1-score": 0.46272319181691096,
        "support": 2609
    },
    "weighted avg": {
        "precision": 0.5842922224075786,
        "recall": 0.5036412418551169,
        "f1-score": 0.5298401600045793,
        "support": 2609
    }
}