{
    "R2": 0.9756810946263571,
    "RMSE": 15.665559119961651,
    "MSE": 245.40974254101369,
    "MAPE": 0.06567801334876731,
    "ACMAPE": 1.09824737402428
}