{
    "DOWN": {
        "precision": 0.872762457668118,
        "recall": 0.5296535525543159,
        "f1-score": 0.6592362506851818,
        "support": 3406
    },
    "UP": {
        "precision": 0.28894806924101196,
        "recall": 0.712253829321663,
        "f1-score": 0.4111146195137354,
        "support": 914
    },
    "accuracy": 0.5682870370370371,
    "macro avg": {
        "precision": 0.580855263454565,
        "recall": 0.6209536909379895,
        "f1-score": 0.5351754350994586,
        "support": 4320
    },
    "weighted avg": {
        "precision": 0.7492424690055312,
        "recall": 0.5682870370370371,
        "f1-score": 0.6067401463123341,
        "support": 4320
    }
}