{
    "DOWN": {
        "precision": 0.7648456057007126,
        "recall": 0.392204628501827,
        "f1-score": 0.5185185185185185,
        "support": 821
    },
    "UP": {
        "precision": 0.2618343195266272,
        "recall": 0.6413043478260869,
        "f1-score": 0.3718487394957983,
        "support": 276
    },
    "accuracy": 0.45487693710118504,
    "macro avg": {
        "precision": 0.5133399626136699,
        "recall": 0.516754488163957,
        "f1-score": 0.44518362900715835,
        "support": 1097
    },
    "weighted avg": {
        "precision": 0.6382903504736867,
        "recall": 0.45487693710118504,
        "f1-score": 0.4816170973605689,
        "support": 1097
    }
}