{
    "DOWN": {
        "precision": 0.7605633802816901,
        "recall": 0.19732034104750304,
        "f1-score": 0.3133462282398452,
        "support": 821
    },
    "UP": {
        "precision": 0.25452488687782804,
        "recall": 0.8152173913043478,
        "f1-score": 0.3879310344827586,
        "support": 276
    },
    "accuracy": 0.3527803099361896,
    "macro avg": {
        "precision": 0.507544133579759,
        "recall": 0.5062688661759254,
        "f1-score": 0.3506386313613019,
        "support": 1097
    },
    "weighted avg": {
        "precision": 0.6332464940652216,
        "recall": 0.3527803099361896,
        "f1-score": 0.3321114119436229,
        "support": 1097
    }
}