{
    "R2": 0.791966425927515,
    "RMSE": 5.660322494602531,
    "MSE": 32.03925074290342,
    "MAPE": 0.019328140762617813,
    "ACMAPE": 0.9989199774973117
}