{
    "R2": 0.9930477141968985,
    "RMSE": 4.188321015436413,
    "MSE": 17.542032928346305,
    "MAPE": 0.021914767035859553,
    "ACMAPE": 0.717566940948903
}