{
    "R2": 0.8124927229815144,
    "RMSE": 73.79434510419918,
    "MSE": 5445.605369357646,
    "MAPE": 0.20635705761437256,
    "ACMAPE": 1.201587582256662
}