{
    "DOWN": {
        "precision": 0.7060575968222443,
        "recall": 0.2078339666764104,
        "f1-score": 0.3211382113821138,
        "support": 3421
    },
    "UP": {
        "precision": 0.1512683996241779,
        "recall": 0.62002567394095,
        "f1-score": 0.24320241691842903,
        "support": 779
    },
    "accuracy": 0.2842857142857143,
    "macro avg": {
        "precision": 0.42866299822321113,
        "recall": 0.4139298203086802,
        "f1-score": 0.2821703141502714,
        "support": 4200
    },
    "weighted avg": {
        "precision": 0.603157410008603,
        "recall": 0.2842857142857143,
        "f1-score": 0.30668297712325415,
        "support": 4200
    }
}