{
    "R2": 0.98866050066465,
    "RMSE": 41.69631862608162,
    "MSE": 1738.5829869677211,
    "MAPE": 0.10191116863962432,
    "ACMAPE": 0.634295510276635
}