{
    "R2": 0.928570452734125,
    "RMSE": 50.34353170676619,
    "MSE": 2534.471184710173,
    "MAPE": 0.05091306003908231,
    "ACMAPE": 0.9114471846681624
}