{
    "DOWN": {
        "precision": 0.75,
        "recall": 0.5565610859728507,
        "f1-score": 0.638961038961039,
        "support": 221
    },
    "UP": {
        "precision": 0.379746835443038,
        "recall": 0.594059405940594,
        "f1-score": 0.46332046332046334,
        "support": 101
    },
    "accuracy": 0.5683229813664596,
    "macro avg": {
        "precision": 0.564873417721519,
        "recall": 0.5753102459567223,
        "f1-score": 0.5511407511407511,
        "support": 322
    },
    "weighted avg": {
        "precision": 0.6338646906203318,
        "recall": 0.5683229813664596,
        "f1-score": 0.5838688087135292,
        "support": 322
    }
}