{
    "R2": 0.9981182626265702,
    "RMSE": 80.93319148850097,
    "MSE": 6550.181484514365,
    "MAPE": 0.04212597203591387,
    "ACMAPE": 0.9514032657314545
}