{
    "R2": 0.9374989927118863,
    "RMSE": 69.68584851238634,
    "MSE": 4856.117482891258,
    "MAPE": 0.10015284616391011,
    "ACMAPE": 0.8620576080686719
}