{
    "R2": 0.9948260015484226,
    "RMSE": 4.500128860495183,
    "MSE": 20.251159761061672,
    "MAPE": 0.021079456202304947,
    "ACMAPE": 1.088280442638803
}