{
    "R2": 0.9761199611735272,
    "RMSE": 26.262003045772488,
    "MSE": 689.6928039761634,
    "MAPE": 0.02354955554689516,
    "ACMAPE": 1.1166188624775883
}