{
    "DOWN": {
        "precision": 0.72,
        "recall": 0.8571428571428571,
        "f1-score": 0.782608695652174,
        "support": 42
    },
    "UP": {
        "precision": 0.6666666666666666,
        "recall": 0.46153846153846156,
        "f1-score": 0.5454545454545455,
        "support": 26
    },
    "accuracy": 0.7058823529411765,
    "macro avg": {
        "precision": 0.6933333333333334,
        "recall": 0.6593406593406593,
        "f1-score": 0.6640316205533597,
        "support": 68
    },
    "weighted avg": {
        "precision": 0.6996078431372549,
        "recall": 0.7058823529411765,
        "f1-score": 0.6919321088119041,
        "support": 68
    }
}