{
    "DOWN": {
        "precision": 0.9171291157972623,
        "recall": 0.6511688993958498,
        "f1-score": 0.7615975422427036,
        "support": 3807
    },
    "UP": {
        "precision": 0.08602890571231935,
        "recall": 0.35816618911174786,
        "f1-score": 0.13873473917869034,
        "support": 349
    },
    "accuracy": 0.6265640038498557,
    "macro avg": {
        "precision": 0.5015790107547908,
        "recall": 0.5046675442537988,
        "f1-score": 0.45016614071069694,
        "support": 4156
    },
    "weighted avg": {
        "precision": 0.8473374956529781,
        "recall": 0.6265640038498557,
        "f1-score": 0.7092926533424774,
        "support": 4156
    }
}