{
    "R2": 0.9851361048221442,
    "RMSE": 101.09329535231333,
    "MSE": 10219.854365190056,
    "MAPE": 0.057006763280467575,
    "ACMAPE": 0.9470482570564012
}