{
    "R2": 0.43770560551949134,
    "RMSE": 89.19135388846688,
    "MSE": 7955.097608457735,
    "MAPE": 0.050104005746192115,
    "ACMAPE": 1.2153932619445391
}