{
    "DOWN": {
        "precision": 0.7049728374425407,
        "recall": 0.6204486943729313,
        "f1-score": 0.6600156494522691,
        "support": 2719
    },
    "UP": {
        "precision": 0.4010446894950667,
        "recall": 0.49463135289906945,
        "f1-score": 0.442948717948718,
        "support": 1397
    },
    "accuracy": 0.5777453838678328,
    "macro avg": {
        "precision": 0.5530087634688037,
        "recall": 0.5575400236360004,
        "f1-score": 0.5514821837004935,
        "support": 4116
    },
    "weighted avg": {
        "precision": 0.601817438345694,
        "recall": 0.5777453838678328,
        "f1-score": 0.5863415718744117,
        "support": 4116
    }
}