{
    "R2": 0.2839853797019374,
    "RMSE": 13.488075201720061,
    "MSE": 181.92817264725568,
    "MAPE": 0.03991647750404749,
    "ACMAPE": 1.0649164775040474
}