{
    "R2": 0.9235968814306954,
    "RMSE": 128.46805200025713,
    "MSE": 16504.040384740772,
    "MAPE": 0.1145607427622674,
    "ACMAPE": 1.069999799118755
}