{
    "R2": 0.9959087173077589,
    "RMSE": 12.430526345957018,
    "MSE": 154.51798523753155,
    "MAPE": 0.02845361953522067,
    "ACMAPE": 1.1563954252690676
}