{
    "DOWN": {
        "precision": 0.775,
        "recall": 0.054770318021201414,
        "f1-score": 0.1023102310231023,
        "support": 566
    },
    "UP": {
        "precision": 0.09168081494057725,
        "recall": 0.8571428571428571,
        "f1-score": 0.16564417177914112,
        "support": 63
    },
    "accuracy": 0.13513513513513514,
    "macro avg": {
        "precision": 0.4333404074702886,
        "recall": 0.4559565875820293,
        "f1-score": 0.1339772014011217,
        "support": 629
    },
    "weighted avg": {
        "precision": 0.7065594456935713,
        "recall": 0.13513513513513514,
        "f1-score": 0.10865369408769761,
        "support": 629
    }
}