{
    "DOWN": {
        "precision": 0.9246575342465754,
        "recall": 0.9540636042402827,
        "f1-score": 0.9391304347826087,
        "support": 566
    },
    "UP": {
        "precision": 0.4222222222222222,
        "recall": 0.30158730158730157,
        "f1-score": 0.35185185185185186,
        "support": 63
    },
    "accuracy": 0.8887122416534181,
    "macro avg": {
        "precision": 0.6734398782343988,
        "recall": 0.6278254529137921,
        "f1-score": 0.6454911433172303,
        "support": 629
    },
    "weighted avg": {
        "precision": 0.8743341246161553,
        "recall": 0.8887122416534181,
        "f1-score": 0.8803092094652196,
        "support": 629
    }
}