{
    "R2": 0.9936831407123572,
    "RMSE": 4.251262972456291,
    "MSE": 18.0732368609779,
    "MAPE": 0.031639107019887536,
    "ACMAPE": 1.0629515653809802
}