{
    "R2": -0.8104158516620144,
    "RMSE": 30.11969273610436,
    "MSE": 907.1958905173376,
    "MAPE": 0.15063065241665374,
    "ACMAPE": 0.9560605166700474
}