{
    "R2": 0.9268452863980214,
    "RMSE": 13.165063985328748,
    "MSE": 173.31890973780008,
    "MAPE": 0.05086731069360371,
    "ACMAPE": 1.1476415042419907
}