{
    "R2": 0.9558001225953715,
    "RMSE": 43.175293992789584,
    "MSE": 1864.106011363812,
    "MAPE": 0.04896635940680322,
    "ACMAPE": 0.6173990304884809
}