{
    "R2": 0.7361602196937302,
    "RMSE": 16.699869507723594,
    "MSE": 278.88564157499627,
    "MAPE": 0.13473961008684776,
    "ACMAPE": 1.206168181515419
}