{
    "DOWN": {
        "precision": 0.6170212765957447,
        "recall": 0.17522658610271905,
        "f1-score": 0.27294117647058824,
        "support": 331
    },
    "UP": {
        "precision": 0.41416309012875535,
        "recall": 0.8427947598253275,
        "f1-score": 0.5553956834532374,
        "support": 229
    },
    "accuracy": 0.44821428571428573,
    "macro avg": {
        "precision": 0.51559218336225,
        "recall": 0.5090106729640232,
        "f1-score": 0.41416842996191283,
        "support": 560
    },
    "weighted avg": {
        "precision": 0.534066768201208,
        "recall": 0.44821428571428573,
        "f1-score": 0.38844489450456443,
        "support": 560
    }
}