{
    "DOWN": {
        "precision": 0.7617896009673518,
        "recall": 0.49841772151898733,
        "f1-score": 0.6025824964131994,
        "support": 1264
    },
    "UP": {
        "precision": 0.2931995540691193,
        "recall": 0.5717391304347826,
        "f1-score": 0.3876197494473102,
        "support": 460
    },
    "accuracy": 0.5179814385150812,
    "macro avg": {
        "precision": 0.5274945775182356,
        "recall": 0.535078425976885,
        "f1-score": 0.49510112293025477,
        "support": 1724
    },
    "weighted avg": {
        "precision": 0.6367597740687515,
        "recall": 0.5179814385150812,
        "f1-score": 0.5452258469907464,
        "support": 1724
    }
}