{
    "R2": 0.9932425570804111,
    "RMSE": 11.635803740674922,
    "MSE": 135.3919286915045,
    "MAPE": 0.02344406717866908,
    "ACMAPE": 0.9387562998561712
}