{
    "R2": 0.9929734489964556,
    "RMSE": 11.937590397299928,
    "MSE": 142.50606449370744,
    "MAPE": 0.024812576072479827,
    "ACMAPE": 1.084437789019669
}