{
    "DOWN": {
        "precision": 0.7872340425531915,
        "recall": 0.6607142857142857,
        "f1-score": 0.7184466019417476,
        "support": 56
    },
    "UP": {
        "precision": 0.32142857142857145,
        "recall": 0.47368421052631576,
        "f1-score": 0.3829787234042553,
        "support": 19
    },
    "accuracy": 0.6133333333333333,
    "macro avg": {
        "precision": 0.5543313069908815,
        "recall": 0.5671992481203008,
        "f1-score": 0.5507126626730015,
        "support": 75
    },
    "weighted avg": {
        "precision": 0.6692299898682877,
        "recall": 0.6133333333333333,
        "f1-score": 0.6334614060455829,
        "support": 75
    }
}