{
    "R2": 0.9163437100948487,
    "RMSE": 30.069362647328603,
    "MSE": 904.1665700165605,
    "MAPE": 0.023737670599282563,
    "ACMAPE": 1.0060698260763146
}