{
    "DOWN": {
        "precision": 0.7932692307692307,
        "recall": 0.75,
        "f1-score": 0.7710280373831775,
        "support": 660
    },
    "UP": {
        "precision": 0.40860215053763443,
        "recall": 0.4691358024691358,
        "f1-score": 0.4367816091954024,
        "support": 243
    },
    "accuracy": 0.6744186046511628,
    "macro avg": {
        "precision": 0.6009356906534326,
        "recall": 0.6095679012345678,
        "f1-score": 0.60390482328929,
        "support": 903
    },
    "weighted avg": {
        "precision": 0.6897541693115585,
        "recall": 0.6744186046511628,
        "f1-score": 0.6810813241499223,
        "support": 903
    }
}