{
    "R2": 0.8706358730899788,
    "RMSE": 5.682824226117422,
    "MSE": 32.29449118494708,
    "MAPE": 0.07701970138709845,
    "ACMAPE": 0.3083629849691879
}