{
    "R2": 0.891883980906834,
    "RMSE": 51.18137702317362,
    "MSE": 2619.533353988244,
    "MAPE": 0.04312471402214326,
    "ACMAPE": 0.9671640348443059
}