{
    "R2": 0.9891780082788917,
    "RMSE": 14.67024766453096,
    "MSE": 215.21616653867608,
    "MAPE": 0.08089956593381148,
    "ACMAPE": 1.0204254488559208
}