{
    "R2": 0.9317445679548904,
    "RMSE": 14.359410387433629,
    "MSE": 206.19266667473678,
    "MAPE": 0.03809711293629149,
    "ACMAPE": 1.0419655848898697
}