{
    "R2": 0.7302480831683011,
    "RMSE": 12.661283892797067,
    "MSE": 160.30810981400248,
    "MAPE": 0.018977820706334372,
    "ACMAPE": 0.9559856947220823
}