{
    "DOWN": {
        "precision": 0.6706766917293233,
        "recall": 0.6936236391912908,
        "f1-score": 0.6819571865443425,
        "support": 643
    },
    "UP": {
        "precision": 0.3389261744966443,
        "recall": 0.315625,
        "f1-score": 0.32686084142394817,
        "support": 320
    },
    "accuracy": 0.5680166147455867,
    "macro avg": {
        "precision": 0.5048014331129838,
        "recall": 0.5046243195956454,
        "f1-score": 0.5044090139841453,
        "support": 963
    },
    "weighted avg": {
        "precision": 0.5604376828877269,
        "recall": 0.5680166147455867,
        "f1-score": 0.5639604778854368,
        "support": 963
    }
}