{
    "R2": 0.2728880920790976,
    "RMSE": 12.092530185782792,
    "MSE": 146.229286294068,
    "MAPE": 0.03637807154322667,
    "ACMAPE": 0.6345089126647221
}