{
    "R2": 0.982218613752526,
    "RMSE": 11.032419000074064,
    "MSE": 121.71426899319523,
    "MAPE": 0.02929853935635379,
    "ACMAPE": 0.9741194493273121
}