{
    "R2": 0.9845551819491428,
    "RMSE": 22.872999184015917,
    "MSE": 523.1740916719929,
    "MAPE": 0.23161361084393176,
    "ACMAPE": 1.3077532810670163
}