{
    "DOWN": {
        "precision": 0.609271523178808,
        "recall": 0.71875,
        "f1-score": 0.6594982078853047,
        "support": 128
    },
    "UP": {
        "precision": 0.42857142857142855,
        "recall": 0.313953488372093,
        "f1-score": 0.36241610738255037,
        "support": 86
    },
    "accuracy": 0.5560747663551402,
    "macro avg": {
        "precision": 0.5189214758751183,
        "recall": 0.5163517441860466,
        "f1-score": 0.5109571576339276,
        "support": 214
    },
    "weighted avg": {
        "precision": 0.5366537281496742,
        "recall": 0.5560747663551402,
        "f1-score": 0.5401100740384034,
        "support": 214
    }
}