{
    "DOWN": {
        "precision": 0.5657894736842105,
        "recall": 0.3359375,
        "f1-score": 0.4215686274509804,
        "support": 128
    },
    "UP": {
        "precision": 0.38405797101449274,
        "recall": 0.6162790697674418,
        "f1-score": 0.47321428571428575,
        "support": 86
    },
    "accuracy": 0.4485981308411215,
    "macro avg": {
        "precision": 0.47492372234935165,
        "recall": 0.4761082848837209,
        "f1-score": 0.4473914565826331,
        "support": 214
    },
    "weighted avg": {
        "precision": 0.4927571875646043,
        "recall": 0.4485981308411215,
        "f1-score": 0.4423234246969816,
        "support": 214
    }
}