{
    "DOWN": {
        "precision": 0.6293103448275862,
        "recall": 0.7588357588357588,
        "f1-score": 0.6880301602262018,
        "support": 481
    },
    "UP": {
        "precision": 0.32947976878612717,
        "recall": 0.20955882352941177,
        "f1-score": 0.25617977528089886,
        "support": 272
    },
    "accuracy": 0.5604249667994687,
    "macro avg": {
        "precision": 0.4793950568068567,
        "recall": 0.4841972911825853,
        "f1-score": 0.4721049677535503,
        "support": 753
    },
    "weighted avg": {
        "precision": 0.5210050105868467,
        "recall": 0.5604249667994687,
        "f1-score": 0.5320363956775664,
        "support": 753
    }
}