{
    "R2": 0.9042316804086694,
    "RMSE": 3.6219159507473715,
    "MSE": 13.118275154278235,
    "MAPE": 0.01572089382504971,
    "ACMAPE": 0.8249992443405136
}