{
    "R2": 0.9802503643659704,
    "RMSE": 5.781973386209986,
    "MSE": 33.43121623884057,
    "MAPE": 0.03821624031208688,
    "ACMAPE": 0.901823221566127
}