{
    "DOWN": {
        "precision": 0.6666666666666666,
        "recall": 0.5077399380804953,
        "f1-score": 0.5764499121265377,
        "support": 969
    },
    "UP": {
        "precision": 0.40671641791044777,
        "recall": 0.5706806282722513,
        "f1-score": 0.4749455337690632,
        "support": 573
    },
    "accuracy": 0.5311284046692607,
    "macro avg": {
        "precision": 0.5366915422885572,
        "recall": 0.5392102831763733,
        "f1-score": 0.5256977229478005,
        "support": 1542
    },
    "weighted avg": {
        "precision": 0.5700703680043363,
        "recall": 0.5311284046692607,
        "f1-score": 0.538731359079305,
        "support": 1542
    }
}