{
    "R2": 0.9113787289206184,
    "RMSE": 18.13757962167196,
    "MSE": 328.97179453249004,
    "MAPE": 0.045820408242292526,
    "ACMAPE": 1.0250351888427545
}