{
    "R2": 0.9214382455892671,
    "RMSE": 18.168136937857458,
    "MSE": 330.0811997927405,
    "MAPE": 0.02451924933581971,
    "ACMAPE": 0.9564780122224177
}