{
    "R2": 0.9857869870141874,
    "RMSE": 13.677990888360604,
    "MSE": 187.0874347420757,
    "MAPE": 0.020305363341198094,
    "ACMAPE": 1.0197869600234168
}