{
    "DOWN": {
        "precision": 0.8147448015122873,
        "recall": 0.24600456621004566,
        "f1-score": 0.3779044278825077,
        "support": 3504
    },
    "UP": {
        "precision": 0.1234240212342402,
        "recall": 0.6549295774647887,
        "f1-score": 0.2077051926298157,
        "support": 568
    },
    "accuracy": 0.30304518664047153,
    "macro avg": {
        "precision": 0.4690844113732638,
        "recall": 0.4504670718374172,
        "f1-score": 0.29280481025616173,
        "support": 4072
    },
    "weighted avg": {
        "precision": 0.7183130227308702,
        "recall": 0.30304518664047153,
        "f1-score": 0.3541634736527609,
        "support": 4072
    }
}