{
    "DOWN": {
        "precision": 0.7924435721295388,
        "recall": 0.5213040671400904,
        "f1-score": 0.6288940809968848,
        "support": 3098
    },
    "UP": {
        "precision": 0.2793974732750243,
        "recall": 0.5761523046092184,
        "f1-score": 0.37630890052356025,
        "support": 998
    },
    "accuracy": 0.53466796875,
    "macro avg": {
        "precision": 0.5359205227022815,
        "recall": 0.5487281858746544,
        "f1-score": 0.5026014907602225,
        "support": 4096
    },
    "weighted avg": {
        "precision": 0.6674386876918421,
        "recall": 0.53466796875,
        "f1-score": 0.5673511097780426,
        "support": 4096
    }
}