{
    "R2": 0.9830257855476573,
    "RMSE": 9.217158720359025,
    "MSE": 84.95601487629042,
    "MAPE": 0.0727647971212775,
    "ACMAPE": 1.229587607711909
}