{
    "R2": -0.7669799822451904,
    "RMSE": 523.3874146070185,
    "MSE": 273934.3857690191,
    "MAPE": 0.022796317860765095,
    "ACMAPE": 0.2535655486299959
}