{
    "R2": 0.9550535143112704,
    "RMSE": 9.281158064105947,
    "MSE": 86.13989501091885,
    "MAPE": 0.02912448528134412,
    "ACMAPE": 0.8305101665746466
}