{
    "DOWN": {
        "precision": 0.6953020134228188,
        "recall": 0.528032619775739,
        "f1-score": 0.6002317497103128,
        "support": 1962
    },
    "UP": {
        "precision": 0.3818424566088118,
        "recall": 0.557504873294347,
        "f1-score": 0.4532488114104596,
        "support": 1026
    },
    "accuracy": 0.5381526104417671,
    "macro avg": {
        "precision": 0.5385722350158153,
        "recall": 0.542768746535043,
        "f1-score": 0.5267402805603862,
        "support": 2988
    },
    "weighted avg": {
        "precision": 0.587668310179455,
        "recall": 0.5381526104417671,
        "f1-score": 0.5497617046314476,
        "support": 2988
    }
}