{
    "R2": -4.678250397433591,
    "RMSE": 211.9174689586209,
    "MSE": 44909.013649828055,
    "MAPE": 2.59548384097564,
    "ACMAPE": 3.943123325954181
}