{
    "DOWN": {
        "precision": 0.6940639269406392,
        "recall": 0.34835752482811305,
        "f1-score": 0.4638860630722279,
        "support": 2618
    },
    "UP": {
        "precision": 0.2888703626511046,
        "recall": 0.6328767123287671,
        "f1-score": 0.3966800228963938,
        "support": 1095
    },
    "accuracy": 0.4322650148128198,
    "macro avg": {
        "precision": 0.49146714479587195,
        "recall": 0.49061711857844004,
        "f1-score": 0.43028304298431086,
        "support": 3713
    },
    "weighted avg": {
        "precision": 0.5745683834725432,
        "recall": 0.4322650148128198,
        "f1-score": 0.44406634478713813,
        "support": 3713
    }
}