{
    "R2": 0.9827737070023069,
    "RMSE": 60.8783229543097,
    "MSE": 3706.1702057292314,
    "MAPE": 0.022122172701927963,
    "ACMAPE": 1.1022615455242277
}