{
    "R2": 0.9549596592241747,
    "RMSE": 14.253065060981895,
    "MSE": 203.14986363258282,
    "MAPE": 0.02073993621578823,
    "ACMAPE": 0.9402390417614054
}