{
    "DOWN": {
        "precision": 0.7056451612903226,
        "recall": 0.24964336661911554,
        "f1-score": 0.36880927291886195,
        "support": 701
    },
    "UP": {
        "precision": 0.35301353013530135,
        "recall": 0.7972222222222223,
        "f1-score": 0.48934356351236136,
        "support": 360
    },
    "accuracy": 0.4354382657869934,
    "macro avg": {
        "precision": 0.529329345712812,
        "recall": 0.5234327944206689,
        "f1-score": 0.42907641821561165,
        "support": 1061
    },
    "weighted avg": {
        "precision": 0.5859963514733503,
        "recall": 0.4354382657869934,
        "f1-score": 0.4097068644491728,
        "support": 1061
    }
}