{
    "DOWN": {
        "precision": 0.6708333333333333,
        "recall": 0.7419354838709677,
        "f1-score": 0.7045951859956237,
        "support": 434
    },
    "UP": {
        "precision": 0.33727810650887574,
        "recall": 0.2651162790697674,
        "f1-score": 0.296875,
        "support": 215
    },
    "accuracy": 0.5839753466872111,
    "macro avg": {
        "precision": 0.5040557199211045,
        "recall": 0.5035258814703676,
        "f1-score": 0.5007350929978118,
        "support": 649
    },
    "weighted avg": {
        "precision": 0.5603335278367872,
        "recall": 0.5839753466872111,
        "f1-score": 0.5695260951033908,
        "support": 649
    }
}