{
    "R2": 0.9882709748649738,
    "RMSE": 7.109299559077601,
    "MSE": 50.54214022070097,
    "MAPE": 0.020865637564579573,
    "ACMAPE": 1.0463201830191249
}