{
    "R2": 0.9877829753639092,
    "RMSE": 7.2475262041758715,
    "MSE": 52.526636080215916,
    "MAPE": 0.02079987447152757,
    "ACMAPE": 1.1852645669544433
}