{
    "DOWN": {
        "precision": 0.5769230769230769,
        "recall": 0.1388888888888889,
        "f1-score": 0.22388059701492538,
        "support": 108
    },
    "UP": {
        "precision": 0.23770491803278687,
        "recall": 0.725,
        "f1-score": 0.35802469135802467,
        "support": 40
    },
    "accuracy": 0.2972972972972973,
    "macro avg": {
        "precision": 0.40731399747793184,
        "recall": 0.43194444444444446,
        "f1-score": 0.29095264418647504,
        "support": 148
    },
    "weighted avg": {
        "precision": 0.48524249343921466,
        "recall": 0.2972972972972973,
        "f1-score": 0.26013575764819546,
        "support": 148
    }
}