{
    "R2": 0.8756152603568499,
    "RMSE": 164.89977493202053,
    "MSE": 27191.935772631026,
    "MAPE": 0.046740314237060925,
    "ACMAPE": 0.9286680250804343
}