{
    "R2": 0.9955988617854852,
    "RMSE": 27.253935710885482,
    "MSE": 742.7770117330789,
    "MAPE": 0.05281062652419935,
    "ACMAPE": 1.0691967095769492
}