{
    "DOWN": {
        "precision": 0.6384615384615384,
        "recall": 0.1656686626746507,
        "f1-score": 0.26307448494453245,
        "support": 501
    },
    "UP": {
        "precision": 0.3125,
        "recall": 0.8016877637130801,
        "f1-score": 0.4497041420118343,
        "support": 237
    },
    "accuracy": 0.3699186991869919,
    "macro avg": {
        "precision": 0.4754807692307692,
        "recall": 0.4836782131938654,
        "f1-score": 0.35638931347818337,
        "support": 738
    },
    "weighted avg": {
        "precision": 0.5337828330206379,
        "recall": 0.3699186991869919,
        "f1-score": 0.32300839920598307,
        "support": 738
    }
}