{
    "DOWN": {
        "precision": 0.6549707602339181,
        "recall": 0.22178217821782178,
        "f1-score": 0.3313609467455621,
        "support": 505
    },
    "UP": {
        "precision": 0.3129370629370629,
        "recall": 0.7521008403361344,
        "f1-score": 0.4419753086419753,
        "support": 238
    },
    "accuracy": 0.3916554508748318,
    "macro avg": {
        "precision": 0.4839539115854905,
        "recall": 0.4869415092769781,
        "f1-score": 0.3866681276937687,
        "support": 743
    },
    "weighted avg": {
        "precision": 0.5454094951509416,
        "recall": 0.3916554508748318,
        "f1-score": 0.3667932726289354,
        "support": 743
    }
}