{
    "R2": 0.9909333156092442,
    "RMSE": 21.297082156361206,
    "MSE": 453.5657083747989,
    "MAPE": 0.03350609249549535,
    "ACMAPE": 0.9808745135481269
}