{
    "R2": 0.9864159656347199,
    "RMSE": 26.011113323012804,
    "MSE": 676.5780163026142,
    "MAPE": 0.08631523058477818,
    "ACMAPE": 1.2004830435146268
}