{
    "R2": 0.9974511528495531,
    "RMSE": 1063.645645495646,
    "MSE": 1131342.0591818495,
    "MAPE": 0.050045828079302544,
    "ACMAPE": 1.1437527642299685
}