{
    "R2": 0.9963738571168215,
    "RMSE": 1269.354573158913,
    "MSE": 1611261.0323994458,
    "MAPE": 0.06543543222268676,
    "ACMAPE": 1.13234821487151
}