{
    "DOWN": {
        "precision": 0.5495495495495496,
        "recall": 0.37074554294975687,
        "f1-score": 0.44277764335833536,
        "support": 2468
    },
    "UP": {
        "precision": 0.42030608435983574,
        "recall": 0.6002132196162047,
        "f1-score": 0.49440175631174527,
        "support": 1876
    },
    "accuracy": 0.46984346224677714,
    "macro avg": {
        "precision": 0.48492781695469267,
        "recall": 0.48547938128298074,
        "f1-score": 0.4685896998350403,
        "support": 4344
    },
    "weighted avg": {
        "precision": 0.49373446191237114,
        "recall": 0.46984346224677714,
        "f1-score": 0.4650720346798356,
        "support": 4344
    }
}