{
    "R2": 0.9528380111336869,
    "RMSE": 91.3943880857778,
    "MSE": 8352.934173573765,
    "MAPE": 0.044008376744925456,
    "ACMAPE": 1.0245610891297772
}