{
    "DOWN": {
        "precision": 0.8189655172413793,
        "recall": 0.5688622754491018,
        "f1-score": 0.6713780918727915,
        "support": 167
    },
    "UP": {
        "precision": 0.45038167938931295,
        "recall": 0.7375,
        "f1-score": 0.5592417061611374,
        "support": 80
    },
    "accuracy": 0.6234817813765182,
    "macro avg": {
        "precision": 0.6346735983153462,
        "recall": 0.6531811377245509,
        "f1-score": 0.6153098990169645,
        "support": 247
    },
    "weighted avg": {
        "precision": 0.6995861365605481,
        "recall": 0.6234817813765182,
        "f1-score": 0.6350586147192193,
        "support": 247
    }
}