{
    "DOWN": {
        "precision": 0.7012032085561497,
        "recall": 0.6463339494762785,
        "f1-score": 0.672651490862456,
        "support": 1623
    },
    "UP": {
        "precision": 0.36574585635359114,
        "recall": 0.4254498714652956,
        "f1-score": 0.39334521687462864,
        "support": 778
    },
    "accuracy": 0.5747605164514785,
    "macro avg": {
        "precision": 0.5334745324548704,
        "recall": 0.5358919104707871,
        "f1-score": 0.5329983538685423,
        "support": 2401
    },
    "weighted avg": {
        "precision": 0.5925044080506976,
        "recall": 0.5747605164514785,
        "f1-score": 0.5821474170754799,
        "support": 2401
    }
}