{
    "DOWN": {
        "precision": 0.7068965517241379,
        "recall": 0.6748971193415638,
        "f1-score": 0.6905263157894737,
        "support": 729
    },
    "UP": {
        "precision": 0.368,
        "recall": 0.40350877192982454,
        "f1-score": 0.3849372384937238,
        "support": 342
    },
    "accuracy": 0.5882352941176471,
    "macro avg": {
        "precision": 0.5374482758620689,
        "recall": 0.5392029456356942,
        "f1-score": 0.5377317771415987,
        "support": 1071
    },
    "weighted avg": {
        "precision": 0.5986774847870182,
        "recall": 0.5882352941176471,
        "f1-score": 0.5929432490899905,
        "support": 1071
    }
}