{
    "DOWN": {
        "precision": 0.7857142857142857,
        "recall": 0.6111111111111112,
        "f1-score": 0.6875000000000001,
        "support": 216
    },
    "UP": {
        "precision": 0.328,
        "recall": 0.5324675324675324,
        "f1-score": 0.40594059405940597,
        "support": 77
    },
    "accuracy": 0.590443686006826,
    "macro avg": {
        "precision": 0.5568571428571428,
        "recall": 0.5717893217893217,
        "f1-score": 0.546720297029703,
        "support": 293
    },
    "weighted avg": {
        "precision": 0.6654275962944906,
        "recall": 0.590443686006826,
        "f1-score": 0.6135065725002535,
        "support": 293
    }
}