{
    "R2": 0.8765840281170629,
    "RMSE": 7.474088170981102,
    "MSE": 55.86199398759964,
    "MAPE": 0.025323891734284478,
    "ACMAPE": 0.9373526170484677
}