{
    "DOWN": {
        "precision": 0.75,
        "recall": 0.6545454545454545,
        "f1-score": 0.6990291262135923,
        "support": 55
    },
    "UP": {
        "precision": 0.32142857142857145,
        "recall": 0.42857142857142855,
        "f1-score": 0.3673469387755102,
        "support": 21
    },
    "accuracy": 0.5921052631578947,
    "macro avg": {
        "precision": 0.5357142857142857,
        "recall": 0.5415584415584416,
        "f1-score": 0.5331880324945513,
        "support": 76
    },
    "weighted avg": {
        "precision": 0.631578947368421,
        "recall": 0.5921052631578947,
        "f1-score": 0.6073801007372801,
        "support": 76
    }
}