{
    "DOWN": {
        "precision": 0.6802721088435374,
        "recall": 0.5376344086021505,
        "f1-score": 0.6006006006006006,
        "support": 186
    },
    "UP": {
        "precision": 0.4068965517241379,
        "recall": 0.5566037735849056,
        "f1-score": 0.4701195219123506,
        "support": 106
    },
    "accuracy": 0.5445205479452054,
    "macro avg": {
        "precision": 0.5435843302838377,
        "recall": 0.5471190910935281,
        "f1-score": 0.5353600612564756,
        "support": 292
    },
    "weighted avg": {
        "precision": 0.5810330367385499,
        "recall": 0.5445205479452054,
        "f1-score": 0.553234181624729,
        "support": 292
    }
}