{
    "DOWN": {
        "precision": 0.8,
        "recall": 0.2982005141388175,
        "f1-score": 0.43445692883895126,
        "support": 389
    },
    "UP": {
        "precision": 0.3837471783295711,
        "recall": 0.8542713567839196,
        "f1-score": 0.5295950155763239,
        "support": 199
    },
    "accuracy": 0.48639455782312924,
    "macro avg": {
        "precision": 0.5918735891647856,
        "recall": 0.5762359354613685,
        "f1-score": 0.4820259722076376,
        "support": 588
    },
    "weighted avg": {
        "precision": 0.6591253205571168,
        "recall": 0.48639455782312924,
        "f1-score": 0.4666550228197967,
        "support": 588
    }
}