{
    "DOWN": {
        "precision": 0.5439330543933054,
        "recall": 0.9923664122137404,
        "f1-score": 0.7027027027027026,
        "support": 131
    },
    "UP": {
        "precision": 0.5,
        "recall": 0.00909090909090909,
        "f1-score": 0.01785714285714286,
        "support": 110
    },
    "accuracy": 0.5435684647302904,
    "macro avg": {
        "precision": 0.5219665271966527,
        "recall": 0.5007286606523248,
        "f1-score": 0.36027992277992277,
        "support": 241
    },
    "weighted avg": {
        "precision": 0.5238806229274814,
        "recall": 0.5435684647302904,
        "f1-score": 0.39011759239975,
        "support": 241
    }
}