{
    "R2": 0.9982653842034968,
    "RMSE": 24.973326757202784,
    "MSE": 623.6670493220206,
    "MAPE": 0.10149178863676846,
    "ACMAPE": 1.275214416373995
}