{
    "DOWN": {
        "precision": 0.5283842794759825,
        "recall": 0.491869918699187,
        "f1-score": 0.5094736842105263,
        "support": 246
    },
    "UP": {
        "precision": 0.491869918699187,
        "recall": 0.5283842794759825,
        "f1-score": 0.5094736842105263,
        "support": 229
    },
    "accuracy": 0.5094736842105263,
    "macro avg": {
        "precision": 0.5101270990875848,
        "recall": 0.5101270990875848,
        "f1-score": 0.5094736842105263,
        "support": 475
    },
    "weighted avg": {
        "precision": 0.5107805139646432,
        "recall": 0.5094736842105263,
        "f1-score": 0.5094736842105263,
        "support": 475
    }
}