{
    "DOWN": {
        "precision": 0.7206385404789054,
        "recall": 0.22807650667629015,
        "f1-score": 0.34649122807017546,
        "support": 2771
    },
    "UP": {
        "precision": 0.10464629552113855,
        "recall": 0.5050505050505051,
        "f1-score": 0.17337031900138694,
        "support": 495
    },
    "accuracy": 0.2700551132884262,
    "macro avg": {
        "precision": 0.412642418000022,
        "recall": 0.3665635058633976,
        "f1-score": 0.2599307735357812,
        "support": 3266
    },
    "weighted avg": {
        "precision": 0.6272778052510749,
        "recall": 0.2700551132884262,
        "f1-score": 0.32025275593635727,
        "support": 3266
    }
}