{
    "R2": -5.2866206685476556,
    "RMSE": 40.48624319477255,
    "MSE": 1639.1358880262662,
    "MAPE": 0.4037408312840278,
    "ACMAPE": 2.1592420537779153
}