{
    "R2": 0.9920974618479574,
    "RMSE": 214.81808383591644,
    "MSE": 46146.80914293483,
    "MAPE": 0.023691741966108796,
    "ACMAPE": 0.6141223639756782
}