{
    "DOWN": {
        "precision": 0.6224137931034482,
        "recall": 0.5748407643312102,
        "f1-score": 0.597682119205298,
        "support": 628
    },
    "UP": {
        "precision": 0.5091911764705882,
        "recall": 0.5584677419354839,
        "f1-score": 0.5326923076923077,
        "support": 496
    },
    "accuracy": 0.5676156583629893,
    "macro avg": {
        "precision": 0.5658024847870182,
        "recall": 0.566654253133347,
        "f1-score": 0.5651872134488028,
        "support": 1124
    },
    "weighted avg": {
        "precision": 0.5724507878989121,
        "recall": 0.5676156583629893,
        "f1-score": 0.5690033411710959,
        "support": 1124
    }
}