{
    "DOWN": {
        "precision": 0.6421052631578947,
        "recall": 0.31443298969072164,
        "f1-score": 0.4221453287197232,
        "support": 194
    },
    "UP": {
        "precision": 0.3072916666666667,
        "recall": 0.6344086021505376,
        "f1-score": 0.4140350877192983,
        "support": 93
    },
    "accuracy": 0.4181184668989547,
    "macro avg": {
        "precision": 0.47469846491228074,
        "recall": 0.47442079592062963,
        "f1-score": 0.41809020821951076,
        "support": 287
    },
    "weighted avg": {
        "precision": 0.5336116587199706,
        "recall": 0.4181184668989547,
        "f1-score": 0.4195172715314322,
        "support": 287
    }
}