{
    "DOWN": {
        "precision": 0.7278688524590164,
        "recall": 0.4977578475336323,
        "f1-score": 0.5912117177097203,
        "support": 446
    },
    "UP": {
        "precision": 0.3353115727002967,
        "recall": 0.576530612244898,
        "f1-score": 0.424015009380863,
        "support": 196
    },
    "accuracy": 0.5218068535825545,
    "macro avg": {
        "precision": 0.5315902125796566,
        "recall": 0.5371442298892651,
        "f1-score": 0.5076133635452916,
        "support": 642
    },
    "weighted avg": {
        "precision": 0.6080227047445164,
        "recall": 0.5218068535825545,
        "f1-score": 0.5401672397775458,
        "support": 642
    }
}