{
    "DOWN": {
        "precision": 0.6421052631578947,
        "recall": 0.1506172839506173,
        "f1-score": 0.24400000000000005,
        "support": 405
    },
    "UP": {
        "precision": 0.3201581027667984,
        "recall": 0.826530612244898,
        "f1-score": 0.46153846153846145,
        "support": 196
    },
    "accuracy": 0.37104825291181365,
    "macro avg": {
        "precision": 0.48113168296234654,
        "recall": 0.48857394809775767,
        "f1-score": 0.3527692307692307,
        "support": 601
    },
    "weighted avg": {
        "precision": 0.5371108481218633,
        "recall": 0.37104825291181365,
        "f1-score": 0.31494432356329194,
        "support": 601
    }
}