{
    "DOWN": {
        "precision": 0.8921475875118259,
        "recall": 0.25220647231880183,
        "f1-score": 0.39324437030859055,
        "support": 3739
    },
    "UP": {
        "precision": 0.09485270314017481,
        "recall": 0.7199017199017199,
        "f1-score": 0.16762013729977118,
        "support": 407
    },
    "accuracy": 0.2981186685962373,
    "macro avg": {
        "precision": 0.49350014532600034,
        "recall": 0.48605409611026085,
        "f1-score": 0.28043225380418085,
        "support": 4146
    },
    "weighted avg": {
        "precision": 0.8138796140580724,
        "recall": 0.2981186685962373,
        "f1-score": 0.37109553701515363,
        "support": 4146
    }
}