{
    "R2": 0.9974801991026505,
    "RMSE": 102.82356034087086,
    "MSE": 10572.68456117271,
    "MAPE": 0.023269313802674562,
    "ACMAPE": 0.9776810785085569
}