{
    "DOWN": {
        "precision": 0.6826923076923077,
        "recall": 0.4863013698630137,
        "f1-score": 0.568,
        "support": 292
    },
    "UP": {
        "precision": 0.40239043824701193,
        "recall": 0.6047904191616766,
        "f1-score": 0.48325358851674644,
        "support": 167
    },
    "accuracy": 0.5294117647058824,
    "macro avg": {
        "precision": 0.5425413729696598,
        "recall": 0.5455458945123451,
        "f1-score": 0.5256267942583732,
        "support": 459
    },
    "weighted avg": {
        "precision": 0.5807088388527337,
        "recall": 0.5294117647058824,
        "f1-score": 0.5371663383056572,
        "support": 459
    }
}