{
    "R2": 0.9863841192324844,
    "RMSE": 137.53462142145386,
    "MSE": 18915.77208954264,
    "MAPE": 0.036302865628696876,
    "ACMAPE": 1.1078763225976913
}