{
    "R2": 0.9971533221817541,
    "RMSE": 119.48147706863115,
    "MSE": 14275.823362501833,
    "MAPE": 0.043931454713056255,
    "ACMAPE": 0.8731454382356569
}