{
    "DOWN": {
        "precision": 0.6142322097378277,
        "recall": 0.25908372827804105,
        "f1-score": 0.3644444444444444,
        "support": 633
    },
    "UP": {
        "precision": 0.38370565045992117,
        "recall": 0.739240506329114,
        "f1-score": 0.5051903114186851,
        "support": 395
    },
    "accuracy": 0.44357976653696496,
    "macro avg": {
        "precision": 0.49896893009887444,
        "recall": 0.4991621173035775,
        "f1-score": 0.4348173779315647,
        "support": 1028
    },
    "weighted avg": {
        "precision": 0.5256543975639238,
        "recall": 0.44357976653696496,
        "f1-score": 0.4185248116183987,
        "support": 1028
    }
}