{
    "R2": 0.9825413517906949,
    "RMSE": 257.8773279624908,
    "MSE": 66500.71627707404,
    "MAPE": 0.03382864183415215,
    "ACMAPE": 1.2030893422232571
}