{
    "DOWN": {
        "precision": 0.6272727272727273,
        "recall": 0.10900473933649289,
        "f1-score": 0.18573351278600267,
        "support": 633
    },
    "UP": {
        "precision": 0.38562091503267976,
        "recall": 0.8962025316455696,
        "f1-score": 0.5392231530845393,
        "support": 395
    },
    "accuracy": 0.41147859922178986,
    "macro avg": {
        "precision": 0.5064468211527036,
        "recall": 0.5026036354910313,
        "f1-score": 0.362478332935271,
        "support": 1028
    },
    "weighted avg": {
        "precision": 0.5344201340481954,
        "recall": 0.41147859922178986,
        "f1-score": 0.3215588123170552,
        "support": 1028
    }
}