{
    "R2": -5.225482157762181,
    "RMSE": 224.77503168990788,
    "MSE": 50523.814871199094,
    "MAPE": 1.3972583797654667,
    "ACMAPE": 2.5605611320590445
}