{
    "DOWN": {
        "precision": 0.6380403458213256,
        "recall": 0.604587657018023,
        "f1-score": 0.6208637128435222,
        "support": 1831
    },
    "UP": {
        "precision": 0.3879966187658495,
        "recall": 0.42226310947562096,
        "f1-score": 0.4044052863436123,
        "support": 1087
    },
    "accuracy": 0.5366689513365319,
    "macro avg": {
        "precision": 0.5130184822935876,
        "recall": 0.513425383246822,
        "f1-score": 0.5126344995935672,
        "support": 2918
    },
    "weighted avg": {
        "precision": 0.5448952014384255,
        "recall": 0.5366689513365319,
        "f1-score": 0.5402296108540081,
        "support": 2918
    }
}