{
    "R2": 0.9958961650853176,
    "RMSE": 184.72998626679276,
    "MSE": 34125.167826129444,
    "MAPE": 0.1031462175106664,
    "ACMAPE": 1.3151174146303783
}