{
    "DOWN": {
        "precision": 0.6233766233766234,
        "recall": 0.4067796610169492,
        "f1-score": 0.4923076923076923,
        "support": 118
    },
    "UP": {
        "precision": 0.3269230769230769,
        "recall": 0.5396825396825397,
        "f1-score": 0.4071856287425149,
        "support": 63
    },
    "accuracy": 0.4530386740331492,
    "macro avg": {
        "precision": 0.4751498501498501,
        "recall": 0.4732311003497444,
        "f1-score": 0.4497466605251036,
        "support": 181
    },
    "weighted avg": {
        "precision": 0.5201911348320187,
        "recall": 0.4530386740331492,
        "f1-score": 0.46267957073528243,
        "support": 181
    }
}