{
    "R2": 0.9311219692954968,
    "RMSE": 11.956688835360374,
    "MSE": 142.9624079056314,
    "MAPE": 0.039962245875230326,
    "ACMAPE": 1.1587122458752301
}