{
    "DOWN": {
        "precision": 0.875,
        "recall": 0.25,
        "f1-score": 0.3888888888888889,
        "support": 56
    },
    "UP": {
        "precision": 0.08695652173913043,
        "recall": 0.6666666666666666,
        "f1-score": 0.15384615384615383,
        "support": 6
    },
    "accuracy": 0.2903225806451613,
    "macro avg": {
        "precision": 0.4809782608695652,
        "recall": 0.4583333333333333,
        "f1-score": 0.27136752136752135,
        "support": 62
    },
    "weighted avg": {
        "precision": 0.7987377279102384,
        "recall": 0.2903225806451613,
        "f1-score": 0.366142817755721,
        "support": 62
    }
}