{
    "R2": 0.9862777266192397,
    "RMSE": 111.20224505854966,
    "MSE": 12365.939306061733,
    "MAPE": 0.020145704179538423,
    "ACMAPE": 1.0591480920808383
}