{
    "DOWN": {
        "precision": 0.625,
        "recall": 0.45623836126629425,
        "f1-score": 0.527448869752422,
        "support": 537
    },
    "UP": {
        "precision": 0.47005444646098005,
        "recall": 0.6379310344827587,
        "f1-score": 0.5412748171368861,
        "support": 406
    },
    "accuracy": 0.5344644750795334,
    "macro avg": {
        "precision": 0.54752722323049,
        "recall": 0.5470846978745265,
        "f1-score": 0.534361843444654,
        "support": 943
    },
    "weighted avg": {
        "precision": 0.5582896132164983,
        "recall": 0.5344644750795334,
        "f1-score": 0.5334015045754257,
        "support": 943
    }
}