{
    "DOWN": {
        "precision": 0.5588235294117647,
        "recall": 0.17391304347826086,
        "f1-score": 0.2652705061082024,
        "support": 437
    },
    "UP": {
        "precision": 0.3710801393728223,
        "recall": 0.7802197802197802,
        "f1-score": 0.5029515938606848,
        "support": 273
    },
    "accuracy": 0.4070422535211268,
    "macro avg": {
        "precision": 0.4649518343922935,
        "recall": 0.47706641184902054,
        "f1-score": 0.38411104998444356,
        "support": 710
    },
    "weighted avg": {
        "precision": 0.4866348738052418,
        "recall": 0.4070422535211268,
        "f1-score": 0.35666055815950903,
        "support": 710
    }
}