{
    "DOWN": {
        "precision": 0.75,
        "recall": 0.3979591836734694,
        "f1-score": 0.5199999999999999,
        "support": 490
    },
    "UP": {
        "precision": 0.40162271805273836,
        "recall": 0.752851711026616,
        "f1-score": 0.5238095238095238,
        "support": 263
    },
    "accuracy": 0.5219123505976095,
    "macro avg": {
        "precision": 0.5758113590263692,
        "recall": 0.5754054473500427,
        "f1-score": 0.5219047619047619,
        "support": 753
    },
    "weighted avg": {
        "precision": 0.6283224101565341,
        "recall": 0.5219123505976095,
        "f1-score": 0.5213305508126225,
        "support": 753
    }
}