{
    "R2": 0.8260638978813881,
    "RMSE": 70.58398078248568,
    "MSE": 4982.098343102308,
    "MAPE": 0.07136865977397523,
    "ACMAPE": 0.8894297487513988
}