{
    "DOWN": {
        "precision": 0.68,
        "recall": 0.4594594594594595,
        "f1-score": 0.5483870967741935,
        "support": 518
    },
    "UP": {
        "precision": 0.3707865168539326,
        "recall": 0.5956678700361011,
        "f1-score": 0.45706371191135736,
        "support": 277
    },
    "accuracy": 0.5069182389937107,
    "macro avg": {
        "precision": 0.5253932584269663,
        "recall": 0.5275636647477803,
        "f1-score": 0.5027254043427755,
        "support": 795
    },
    "weighted avg": {
        "precision": 0.5722614656208043,
        "recall": 0.5069182389937107,
        "f1-score": 0.5165675022999726,
        "support": 795
    }
}