{
    "DOWN": {
        "precision": 0.8753768844221106,
        "recall": 0.3546416938110749,
        "f1-score": 0.5047812228339611,
        "support": 2456
    },
    "UP": {
        "precision": 0.1875961045617632,
        "recall": 0.746938775510204,
        "f1-score": 0.29987709954936503,
        "support": 490
    },
    "accuracy": 0.41989137813985067,
    "macro avg": {
        "precision": 0.5314864944919369,
        "recall": 0.5507902346606395,
        "f1-score": 0.40232916119166307,
        "support": 2946
    },
    "weighted avg": {
        "precision": 0.7609802170318967,
        "recall": 0.41989137813985067,
        "f1-score": 0.47070008895431,
        "support": 2946
    }
}