{
    "DOWN": {
        "precision": 0.8859357696566998,
        "recall": 0.46674445740956827,
        "f1-score": 0.6113870844478411,
        "support": 3428
    },
    "UP": {
        "precision": 0.2208013640238704,
        "recall": 0.7154696132596685,
        "f1-score": 0.33745928338762216,
        "support": 724
    },
    "accuracy": 0.5101156069364162,
    "macro avg": {
        "precision": 0.5533685668402851,
        "recall": 0.5911070353346184,
        "f1-score": 0.47442318391773164,
        "support": 4152
    },
    "weighted avg": {
        "precision": 0.7699537586552142,
        "recall": 0.5101156069364162,
        "f1-score": 0.563621254012485,
        "support": 4152
    }
}