{
    "R2": 0.8952750890801869,
    "RMSE": 16.46743459770269,
    "MSE": 271.17640222961563,
    "MAPE": 0.028201785362563393,
    "ACMAPE": 1.219898977059755
}