{
    "DOWN": {
        "precision": 0.7018633540372671,
        "recall": 0.15353260869565216,
        "f1-score": 0.2519509476031215,
        "support": 736
    },
    "UP": {
        "precision": 0.3015695067264574,
        "recall": 0.8485804416403786,
        "f1-score": 0.44499586435070304,
        "support": 317
    },
    "accuracy": 0.3627730294396961,
    "macro avg": {
        "precision": 0.5017164303818622,
        "recall": 0.5010565251680154,
        "f1-score": 0.34847340597691223,
        "support": 1053
    },
    "weighted avg": {
        "precision": 0.5813570391298343,
        "recall": 0.3627730294396961,
        "f1-score": 0.3100660839839223,
        "support": 1053
    }
}