{
    "DOWN": {
        "precision": 0.9310603222180592,
        "recall": 0.6866537717601547,
        "f1-score": 0.7903944020356235,
        "support": 3619
    },
    "UP": {
        "precision": 0.25049570389953735,
        "recall": 0.6731793960923623,
        "f1-score": 0.36512524084778425,
        "support": 563
    },
    "accuracy": 0.6848397895743663,
    "macro avg": {
        "precision": 0.5907780130587983,
        "recall": 0.6799165839262585,
        "f1-score": 0.5777598214417039,
        "support": 4182
    },
    "weighted avg": {
        "precision": 0.839439595266044,
        "recall": 0.6848397895743663,
        "f1-score": 0.7331427191688723,
        "support": 4182
    }
}