{
    "DOWN": {
        "precision": 0.684331797235023,
        "recall": 0.4194915254237288,
        "f1-score": 0.520140105078809,
        "support": 708
    },
    "UP": {
        "precision": 0.40778097982708933,
        "recall": 0.6738095238095239,
        "f1-score": 0.5080789946140036,
        "support": 420
    },
    "accuracy": 0.5141843971631206,
    "macro avg": {
        "precision": 0.5460563885310562,
        "recall": 0.5466505246166263,
        "f1-score": 0.5141095498464063,
        "support": 1128
    },
    "weighted avg": {
        "precision": 0.581360748200154,
        "recall": 0.5141843971631206,
        "f1-score": 0.515649266075956,
        "support": 1128
    }
}