{
    "R2": -1.0507403071306958,
    "RMSE": 4.351504316517931,
    "MSE": 18.93558981667419,
    "MAPE": 0.05910659550636032,
    "ACMAPE": 1.926898437981747
}