{
    "DOWN": {
        "precision": 0.7259528130671506,
        "recall": 0.5641748942172073,
        "f1-score": 0.6349206349206349,
        "support": 709
    },
    "UP": {
        "precision": 0.3693877551020408,
        "recall": 0.5451807228915663,
        "f1-score": 0.44038929440389296,
        "support": 332
    },
    "accuracy": 0.5581171950048031,
    "macro avg": {
        "precision": 0.5476702840845957,
        "recall": 0.5546778085543869,
        "f1-score": 0.5376549646622639,
        "support": 1041
    },
    "weighted avg": {
        "precision": 0.6122356187881723,
        "recall": 0.5581171950048031,
        "f1-score": 0.5728799000007901,
        "support": 1041
    }
}