{
    "DOWN": {
        "precision": 0.6825396825396826,
        "recall": 0.6010752688172043,
        "f1-score": 0.6392224128073185,
        "support": 930
    },
    "UP": {
        "precision": 0.38980263157894735,
        "recall": 0.4768611670020121,
        "f1-score": 0.4289592760180996,
        "support": 497
    },
    "accuracy": 0.5578135949544499,
    "macro avg": {
        "precision": 0.536171157059315,
        "recall": 0.5389682179096082,
        "f1-score": 0.534090844412709,
        "support": 1427
    },
    "weighted avg": {
        "precision": 0.5805843116024119,
        "recall": 0.5578135949544499,
        "f1-score": 0.565991313308901,
        "support": 1427
    }
}