{
    "DOWN": {
        "precision": 0.7391304347826086,
        "recall": 0.09770114942528736,
        "f1-score": 0.17258883248730966,
        "support": 174
    },
    "UP": {
        "precision": 0.372,
        "recall": 0.9393939393939394,
        "f1-score": 0.5329512893982808,
        "support": 99
    },
    "accuracy": 0.40293040293040294,
    "macro avg": {
        "precision": 0.5555652173913044,
        "recall": 0.5185475444096134,
        "f1-score": 0.3527700609427953,
        "support": 273
    },
    "weighted avg": {
        "precision": 0.6059952221691352,
        "recall": 0.40293040293040294,
        "f1-score": 0.3032697234550245,
        "support": 273
    }
}