{
    "R2": 0.9323428353244763,
    "RMSE": 64.73302656735201,
    "MSE": 4190.3647285695015,
    "MAPE": 0.02739544519536493,
    "ACMAPE": 0.917677576856807
}