{
    "DOWN": {
        "precision": 0.6297709923664122,
        "recall": 0.5305466237942122,
        "f1-score": 0.5759162303664922,
        "support": 311
    },
    "UP": {
        "precision": 0.45724907063197023,
        "recall": 0.5590909090909091,
        "f1-score": 0.5030674846625767,
        "support": 220
    },
    "accuracy": 0.5423728813559322,
    "macro avg": {
        "precision": 0.5435100314991912,
        "recall": 0.5448187664425607,
        "f1-score": 0.5394918575145344,
        "support": 531
    },
    "weighted avg": {
        "precision": 0.5582929833615586,
        "recall": 0.5423728813559322,
        "f1-score": 0.545734075837563,
        "support": 531
    }
}