{
    "R2": 0.6756560088250736,
    "RMSE": 477.2511494548878,
    "MSE": 227768.65965601164,
    "MAPE": 0.12013241006019078,
    "ACMAPE": 0.856573894360857
}