{
    "R2": 0.9883277720370504,
    "RMSE": 22.195618134618346,
    "MSE": 492.6454643777989,
    "MAPE": 0.030401596123580055,
    "ACMAPE": 1.034926483001408
}