{
    "R2": 0.9967642922347552,
    "RMSE": 11.80746617960796,
    "MSE": 139.41625758258579,
    "MAPE": 0.3108325099427009,
    "ACMAPE": 1.4859655530002724
}