{
    "R2": 0.9041787538545214,
    "RMSE": 8.1922258388648,
    "MSE": 67.1125641949641,
    "MAPE": 0.04963795987288917,
    "ACMAPE": 0.8045017731024612
}