{
    "R2": 0.8139356621393337,
    "RMSE": 138.90874850198654,
    "MSE": 19295.640410388147,
    "MAPE": 0.012433318665548872,
    "ACMAPE": 0.7638145341351622
}