{
    "DOWN": {
        "precision": 0.8764919564089257,
        "recall": 0.4821581501570083,
        "f1-score": 0.6220994475138122,
        "support": 3503
    },
    "UP": {
        "precision": 0.10463968410661402,
        "recall": 0.4711111111111111,
        "f1-score": 0.17124394184168015,
        "support": 450
    },
    "accuracy": 0.4809005818365798,
    "macro avg": {
        "precision": 0.4905658202577699,
        "recall": 0.4766346306340597,
        "f1-score": 0.39667169467774616,
        "support": 3953
    },
    "weighted avg": {
        "precision": 0.788626152579925,
        "recall": 0.4809005818365798,
        "f1-score": 0.5707751425422818,
        "support": 3953
    }
}