{
    "R2": 0.9886955964420439,
    "RMSE": 30.248948804253768,
    "MSE": 914.9989037623654,
    "MAPE": 0.15200052700110991,
    "ACMAPE": 0.6687853969774692
}