{
    "DOWN": {
        "precision": 0.718562874251497,
        "recall": 0.0671892497200448,
        "f1-score": 0.12288786482334871,
        "support": 3572
    },
    "UP": {
        "precision": 0.14366486764327938,
        "recall": 0.8560490045941807,
        "f1-score": 0.24603873239436622,
        "support": 653
    },
    "accuracy": 0.18911242603550296,
    "macro avg": {
        "precision": 0.4311138709473882,
        "recall": 0.46161912715711273,
        "f1-score": 0.18446329860885746,
        "support": 4225
    },
    "weighted avg": {
        "precision": 0.6297088154786766,
        "recall": 0.18911242603550296,
        "f1-score": 0.1419215965449758,
        "support": 4225
    }
}