{
    "DOWN": {
        "precision": 0.6097240473061761,
        "recall": 0.31330182309250504,
        "f1-score": 0.41391614629794826,
        "support": 2962
    },
    "UP": {
        "precision": 0.23129251700680273,
        "recall": 0.5074626865671642,
        "f1-score": 0.3177570093457944,
        "support": 1206
    },
    "accuracy": 0.3694817658349328,
    "macro avg": {
        "precision": 0.42050828215648944,
        "recall": 0.4103822548298346,
        "f1-score": 0.3658365778218713,
        "support": 4168
    },
    "weighted avg": {
        "precision": 0.5002258645947931,
        "recall": 0.3694817658349328,
        "f1-score": 0.3860927491855928,
        "support": 4168
    }
}