{
    "R2": 0.9978427806437394,
    "RMSE": 26.90790581856445,
    "MSE": 724.0353955407347,
    "MAPE": 0.05612054067082085,
    "ACMAPE": 0.8154518894228245
}