{
    "R2": 0.8736480272380822,
    "RMSE": 134.44587572799276,
    "MSE": 18075.69350026687,
    "MAPE": 0.06733532042047428,
    "ACMAPE": 0.9714634503550559
}