{
    "DOWN": {
        "precision": 0.7139451728247914,
        "recall": 0.7769130998702983,
        "f1-score": 0.7440993788819876,
        "support": 771
    },
    "UP": {
        "precision": 0.3835125448028674,
        "recall": 0.30835734870317005,
        "f1-score": 0.34185303514376997,
        "support": 347
    },
    "accuracy": 0.631484794275492,
    "macro avg": {
        "precision": 0.5487288588138294,
        "recall": 0.5426352242867342,
        "f1-score": 0.5429762070128787,
        "support": 1118
    },
    "weighted avg": {
        "precision": 0.6113869242348025,
        "recall": 0.631484794275492,
        "f1-score": 0.6192519001009844,
        "support": 1118
    }
}