{
    "DOWN": {
        "precision": 0.7732558139534884,
        "recall": 0.3450064850843061,
        "f1-score": 0.4771300448430493,
        "support": 771
    },
    "UP": {
        "precision": 0.3475452196382429,
        "recall": 0.7752161383285303,
        "f1-score": 0.47992863514719003,
        "support": 347
    },
    "accuracy": 0.4785330948121646,
    "macro avg": {
        "precision": 0.5604005167958657,
        "recall": 0.5601113117064183,
        "f1-score": 0.47852933999511965,
        "support": 1118
    },
    "weighted avg": {
        "precision": 0.6411256026588639,
        "recall": 0.4785330948121646,
        "f1-score": 0.4779986591861055,
        "support": 1118
    }
}