{
    "DOWN": {
        "precision": 0.5942028985507246,
        "recall": 0.6732348111658456,
        "f1-score": 0.6312548113933796,
        "support": 609
    },
    "UP": {
        "precision": 0.43626062322946174,
        "recall": 0.3548387096774194,
        "f1-score": 0.3913595933926302,
        "support": 434
    },
    "accuracy": 0.5407478427612655,
    "macro avg": {
        "precision": 0.5152317608900931,
        "recall": 0.5140367604216325,
        "f1-score": 0.5113072023930049,
        "support": 1043
    },
    "weighted avg": {
        "precision": 0.5284819517727495,
        "recall": 0.5407478427612655,
        "f1-score": 0.5314326401447456,
        "support": 1043
    }
}