{
    "DOWN": {
        "precision": 0.6113207547169811,
        "recall": 0.23444283646888567,
        "f1-score": 0.3389121338912134,
        "support": 691
    },
    "UP": {
        "precision": 0.37173396674584325,
        "recall": 0.7524038461538461,
        "f1-score": 0.4976152623211446,
        "support": 416
    },
    "accuracy": 0.4290876242095754,
    "macro avg": {
        "precision": 0.4915273607314122,
        "recall": 0.4934233413113659,
        "f1-score": 0.418263698106179,
        "support": 1107
    },
    "weighted avg": {
        "precision": 0.5212863339437261,
        "recall": 0.4290876242095754,
        "f1-score": 0.3985512499046293,
        "support": 1107
    }
}