{
    "DOWN": {
        "precision": 0.7213695395513577,
        "recall": 0.5686365751512331,
        "f1-score": 0.6359614884205047,
        "support": 2149
    },
    "UP": {
        "precision": 0.40576923076923077,
        "recall": 0.5728506787330316,
        "f1-score": 0.475046904315197,
        "support": 1105
    },
    "accuracy": 0.5700676090964967,
    "macro avg": {
        "precision": 0.5635693851602943,
        "recall": 0.5707436269421324,
        "f1-score": 0.5555041963678509,
        "support": 3254
    },
    "weighted avg": {
        "precision": 0.6141973388124977,
        "recall": 0.5700676090964967,
        "f1-score": 0.5813177836152297,
        "support": 3254
    }
}