{
    "DOWN": {
        "precision": 0.8089285714285714,
        "recall": 0.24986210700496414,
        "f1-score": 0.38179519595448796,
        "support": 3626
    },
    "UP": {
        "precision": 0.10731867410567772,
        "recall": 0.6044362292051756,
        "f1-score": 0.18227424749163879,
        "support": 541
    },
    "accuracy": 0.2958963282937365,
    "macro avg": {
        "precision": 0.4581236227671246,
        "recall": 0.42714916810506987,
        "f1-score": 0.2820347217230634,
        "support": 4167
    },
    "weighted avg": {
        "precision": 0.717838829539518,
        "recall": 0.2958963282937365,
        "f1-score": 0.35589146830428364,
        "support": 4167
    }
}