{
    "R2": 0.9545014268314668,
    "RMSE": 68.11373334395638,
    "MSE": 4639.480670051596,
    "MAPE": 0.02081841997308417,
    "ACMAPE": 0.9235961977508619
}