{
    "R2": 0.9710756501012208,
    "RMSE": 40.11092108456049,
    "MSE": 1608.8859902518388,
    "MAPE": 0.015182254438957375,
    "ACMAPE": 0.8638261739490186
}