{
    "DOWN": {
        "precision": 0.8478260869565217,
        "recall": 0.5909090909090909,
        "f1-score": 0.6964285714285714,
        "support": 66
    },
    "UP": {
        "precision": 0.3076923076923077,
        "recall": 0.631578947368421,
        "f1-score": 0.41379310344827586,
        "support": 19
    },
    "accuracy": 0.6,
    "macro avg": {
        "precision": 0.5777591973244147,
        "recall": 0.611244019138756,
        "f1-score": 0.5551108374384236,
        "support": 85
    },
    "weighted avg": {
        "precision": 0.7270903010033445,
        "recall": 0.6,
        "f1-score": 0.6332512315270936,
        "support": 85
    }
}