{
    "DOWN": {
        "precision": 0.8321870701513068,
        "recall": 0.46520569011918494,
        "f1-score": 0.5967940813810111,
        "support": 2601
    },
    "UP": {
        "precision": 0.18559718969555036,
        "recall": 0.5650623885918004,
        "f1-score": 0.27941824592331427,
        "support": 561
    },
    "accuracy": 0.4829222011385199,
    "macro avg": {
        "precision": 0.5088921299234286,
        "recall": 0.5151340393554926,
        "f1-score": 0.4381061636521627,
        "support": 3162
    },
    "weighted avg": {
        "precision": 0.717469510715608,
        "recall": 0.4829222011385199,
        "f1-score": 0.5404854654127101,
        "support": 3162
    }
}