{
    "DOWN": {
        "precision": 0.6445264452644527,
        "recall": 0.34315651604453173,
        "f1-score": 0.4478632478632479,
        "support": 1527
    },
    "UP": {
        "precision": 0.35663887107119946,
        "recall": 0.6579881656804734,
        "f1-score": 0.46256239600665555,
        "support": 845
    },
    "accuracy": 0.45531197301854975,
    "macro avg": {
        "precision": 0.5005826581678261,
        "recall": 0.5005723408625026,
        "f1-score": 0.4552128219349517,
        "support": 2372
    },
    "weighted avg": {
        "precision": 0.5419695311863334,
        "recall": 0.45531197301854975,
        "f1-score": 0.45309966446576877,
        "support": 2372
    }
}