{
    "R2": 0.9903912854734352,
    "RMSE": 12.609906167477495,
    "MSE": 159.00973355258697,
    "MAPE": 0.04345654618490618,
    "ACMAPE": 0.9221940877131454
}