{
    "DOWN": {
        "precision": 0.78,
        "recall": 0.19235511713933415,
        "f1-score": 0.3086053412462908,
        "support": 1622
    },
    "UP": {
        "precision": 0.34598102845731404,
        "recall": 0.8873239436619719,
        "f1-score": 0.49784482758620685,
        "support": 781
    },
    "accuracy": 0.418227215980025,
    "macro avg": {
        "precision": 0.5629905142286571,
        "recall": 0.539839530400653,
        "f1-score": 0.4032250844162488,
        "support": 2403
    },
    "weighted avg": {
        "precision": 0.6389393188619069,
        "recall": 0.418227215980025,
        "f1-score": 0.3701101430904333,
        "support": 2403
    }
}