{
    "DOWN": {
        "precision": 0.8904109589041096,
        "recall": 0.9923664122137404,
        "f1-score": 0.9386281588447654,
        "support": 393
    },
    "UP": {
        "precision": 0.4,
        "recall": 0.04,
        "f1-score": 0.07272727272727272,
        "support": 50
    },
    "accuracy": 0.8848758465011287,
    "macro avg": {
        "precision": 0.6452054794520548,
        "recall": 0.5161832061068702,
        "f1-score": 0.505677715786019,
        "support": 443
    },
    "weighted avg": {
        "precision": 0.8350598348743005,
        "recall": 0.8848758465011287,
        "f1-score": 0.840896681856335,
        "support": 443
    }
}