{
    "DOWN": {
        "precision": 0.5686813186813187,
        "recall": 0.9495412844036697,
        "f1-score": 0.711340206185567,
        "support": 218
    },
    "UP": {
        "precision": 0.47619047619047616,
        "recall": 0.059880239520958084,
        "f1-score": 0.10638297872340426,
        "support": 167
    },
    "accuracy": 0.5636363636363636,
    "macro avg": {
        "precision": 0.5224358974358974,
        "recall": 0.5047107619623139,
        "f1-score": 0.40886159245448567,
        "support": 385
    },
    "weighted avg": {
        "precision": 0.5285619142762,
        "recall": 0.5636363636363636,
        "f1-score": 0.44893018803964185,
        "support": 385
    }
}