{
    "DOWN": {
        "precision": 0.7175792507204611,
        "recall": 0.30514705882352944,
        "f1-score": 0.4282029234737748,
        "support": 816
    },
    "UP": {
        "precision": 0.20810055865921787,
        "recall": 0.6032388663967612,
        "f1-score": 0.3094496365524403,
        "support": 247
    },
    "accuracy": 0.374412041392286,
    "macro avg": {
        "precision": 0.4628399046898395,
        "recall": 0.4541929626101453,
        "f1-score": 0.3688262800131076,
        "support": 1063
    },
    "weighted avg": {
        "precision": 0.5991961491784789,
        "recall": 0.374412041392286,
        "f1-score": 0.40060926226063304,
        "support": 1063
    }
}