{
    "DOWN": {
        "precision": 0.6788227767114523,
        "recall": 0.35711881521373273,
        "f1-score": 0.4680194089104543,
        "support": 2971
    },
    "UP": {
        "precision": 0.28651475532312287,
        "recall": 0.6044129235618597,
        "f1-score": 0.3887480993411049,
        "support": 1269
    },
    "accuracy": 0.43113207547169813,
    "macro avg": {
        "precision": 0.4826687660172876,
        "recall": 0.4807658693877962,
        "f1-score": 0.42838375412577956,
        "support": 4240
    },
    "weighted avg": {
        "precision": 0.5614079467251811,
        "recall": 0.43113207547169813,
        "f1-score": 0.4442941042303825,
        "support": 4240
    }
}