{
    "R2": 0.9775773334208856,
    "RMSE": 31.286101967034597,
    "MSE": 978.820176291686,
    "MAPE": 0.036680422282731544,
    "ACMAPE": 1.0813780559374204
}