{
    "R2": 0.9954049608718107,
    "RMSE": 76.25126841121205,
    "MSE": 5814.255934318706,
    "MAPE": 0.024516569799430822,
    "ACMAPE": 1.0522782817716692
}