{
    "DOWN": {
        "precision": 0.6621621621621622,
        "recall": 0.4180887372013652,
        "f1-score": 0.5125523012552301,
        "support": 586
    },
    "UP": {
        "precision": 0.3720073664825046,
        "recall": 0.617737003058104,
        "f1-score": 0.46436781609195404,
        "support": 327
    },
    "accuracy": 0.4895947426067908,
    "macro avg": {
        "precision": 0.5170847643223334,
        "recall": 0.5179128701297346,
        "f1-score": 0.4884600586735921,
        "support": 913
    },
    "weighted avg": {
        "precision": 0.5582403459658335,
        "recall": 0.4895947426067908,
        "f1-score": 0.4952945502712309,
        "support": 913
    }
}