{
    "R2": 0.9804288903298772,
    "RMSE": 13.336451819554396,
    "MSE": 177.8609471352958,
    "MAPE": 0.017923631516908258,
    "ACMAPE": 0.838926018151753
}