{
    "R2": 0.978267189461462,
    "RMSE": 15.554032619209195,
    "MSE": 241.92793071942364,
    "MAPE": 0.032183262814244426,
    "ACMAPE": 1.1213514255910249
}