{
    "R2": 0.9851746564916235,
    "RMSE": 12.834017638067191,
    "MSE": 164.71200873421978,
    "MAPE": 0.024492776153083057,
    "ACMAPE": 0.9230607952461618
}