{
    "DOWN": {
        "precision": 0.8033175355450237,
        "recall": 0.7524972253052165,
        "f1-score": 0.7770773638968481,
        "support": 901
    },
    "UP": {
        "precision": 0.33827893175074186,
        "recall": 0.40714285714285714,
        "f1-score": 0.3695299837925446,
        "support": 280
    },
    "accuracy": 0.6706181202370872,
    "macro avg": {
        "precision": 0.5707982336478827,
        "recall": 0.5798200412240369,
        "f1-score": 0.5733036738446964,
        "support": 1181
    },
    "weighted avg": {
        "precision": 0.6930628284642457,
        "recall": 0.6706181202370872,
        "f1-score": 0.6804530908831267,
        "support": 1181
    }
}