{
    "DOWN": {
        "precision": 0.8169868554095046,
        "recall": 0.7163120567375887,
        "f1-score": 0.7633443552196505,
        "support": 3384
    },
    "UP": {
        "precision": 0.3582887700534759,
        "recall": 0.49675625579240035,
        "f1-score": 0.4163106796116504,
        "support": 1079
    },
    "accuracy": 0.663231010531033,
    "macro avg": {
        "precision": 0.5876378127314903,
        "recall": 0.6065341562649945,
        "f1-score": 0.5898275174156504,
        "support": 4463
    },
    "weighted avg": {
        "precision": 0.7060894245111952,
        "recall": 0.663231010531033,
        "f1-score": 0.6794435405252673,
        "support": 4463
    }
}