{
    "R2": 0.9938434379601409,
    "RMSE": 15.678737725065735,
    "MSE": 245.82281665139948,
    "MAPE": 0.040152430354127515,
    "ACMAPE": 1.0617692500165496
}