{
    "DOWN": {
        "precision": 0.7228704784130688,
        "recall": 0.5358996539792388,
        "f1-score": 0.6154992548435172,
        "support": 2312
    },
    "UP": {
        "precision": 0.36244800950683304,
        "recall": 0.5622119815668203,
        "f1-score": 0.4407514450867053,
        "support": 1085
    },
    "accuracy": 0.5443037974683544,
    "macro avg": {
        "precision": 0.5426592439599509,
        "recall": 0.5490558177730296,
        "f1-score": 0.5281253499651113,
        "support": 3397
    },
    "weighted avg": {
        "precision": 0.6077517328248246,
        "recall": 0.5443037974683544,
        "f1-score": 0.5596848970024395,
        "support": 3397
    }
}