{
    "DOWN": {
        "precision": 0.7729941291585127,
        "recall": 0.27583798882681565,
        "f1-score": 0.4065877509006691,
        "support": 1432
    },
    "UP": {
        "precision": 0.25716332378223494,
        "recall": 0.7557894736842106,
        "f1-score": 0.3837520042757883,
        "support": 475
    },
    "accuracy": 0.3953854221289984,
    "macro avg": {
        "precision": 0.5150787264703738,
        "recall": 0.5158137312555131,
        "f1-score": 0.39516987758822875,
        "support": 1907
    },
    "weighted avg": {
        "precision": 0.6445097911649458,
        "recall": 0.3953854221289984,
        "f1-score": 0.4008997699636904,
        "support": 1907
    }
}