{
    "R2": -0.43719854477848963,
    "RMSE": 847.4612620468581,
    "MSE": 718190.5906700535,
    "MAPE": 0.21176988122868254,
    "ACMAPE": 0.9492698812286826
}