{
    "R2": 0.929386580291182,
    "RMSE": 52.77925899700656,
    "MSE": 2785.6501802730977,
    "MAPE": 0.12513387743079651,
    "ACMAPE": 0.8511079034048225
}