{
    "DOWN": {
        "precision": 0.6454767726161369,
        "recall": 0.5311871227364185,
        "f1-score": 0.5827814569536425,
        "support": 497
    },
    "UP": {
        "precision": 0.36684782608695654,
        "recall": 0.48214285714285715,
        "f1-score": 0.4166666666666667,
        "support": 280
    },
    "accuracy": 0.5135135135135135,
    "macro avg": {
        "precision": 0.5061622993515467,
        "recall": 0.5066649899396378,
        "f1-score": 0.4997240618101546,
        "support": 777
    },
    "weighted avg": {
        "precision": 0.5450699450380538,
        "recall": 0.5135135135135135,
        "f1-score": 0.5229202712646422,
        "support": 777
    }
}