{
    "DOWN": {
        "precision": 0.6215189873417721,
        "recall": 0.5162986330178759,
        "f1-score": 0.5640436530729465,
        "support": 1902
    },
    "UP": {
        "precision": 0.39672131147540984,
        "recall": 0.5029093931837074,
        "f1-score": 0.4435483870967742,
        "support": 1203
    },
    "accuracy": 0.5111111111111111,
    "macro avg": {
        "precision": 0.509120149408591,
        "recall": 0.5096040131007917,
        "f1-score": 0.5037960200848604,
        "support": 3105
    },
    "weighted avg": {
        "precision": 0.5344234626824376,
        "recall": 0.5111111111111111,
        "f1-score": 0.517359013791357,
        "support": 3105
    }
}