{
    "R2": 0.9823286073252301,
    "RMSE": 104.16990808232069,
    "MSE": 10851.369749879143,
    "MAPE": 0.08871852703574822,
    "ACMAPE": 1.0054927205841353
}