{
    "DOWN": {
        "precision": 0.7142857142857143,
        "recall": 0.18248175182481752,
        "f1-score": 0.29069767441860467,
        "support": 137
    },
    "UP": {
        "precision": 0.41361256544502617,
        "recall": 0.8876404494382022,
        "f1-score": 0.5642857142857143,
        "support": 89
    },
    "accuracy": 0.46017699115044247,
    "macro avg": {
        "precision": 0.5639491398653702,
        "recall": 0.5350611006315098,
        "f1-score": 0.4274916943521595,
        "support": 226
    },
    "weighted avg": {
        "precision": 0.5958790317776558,
        "recall": 0.46017699115044247,
        "f1-score": 0.3984380971981301,
        "support": 226
    }
}