{
    "DOWN": {
        "precision": 0.6786226685796269,
        "recall": 0.6331994645247657,
        "f1-score": 0.6551246537396122,
        "support": 747
    },
    "UP": {
        "precision": 0.3598130841121495,
        "recall": 0.4074074074074074,
        "f1-score": 0.38213399503722084,
        "support": 378
    },
    "accuracy": 0.5573333333333333,
    "macro avg": {
        "precision": 0.5192178763458882,
        "recall": 0.5203034359660865,
        "f1-score": 0.5186293243884165,
        "support": 1125
    },
    "weighted avg": {
        "precision": 0.5715026481985545,
        "recall": 0.5573333333333333,
        "f1-score": 0.5633997924156087,
        "support": 1125
    }
}