{
    "DOWN": {
        "precision": 0.704,
        "recall": 0.88,
        "f1-score": 0.7822222222222222,
        "support": 200
    },
    "UP": {
        "precision": 0.3333333333333333,
        "recall": 0.13953488372093023,
        "f1-score": 0.19672131147540986,
        "support": 86
    },
    "accuracy": 0.6573426573426573,
    "macro avg": {
        "precision": 0.5186666666666666,
        "recall": 0.5097674418604651,
        "f1-score": 0.489471766848816,
        "support": 286
    },
    "weighted avg": {
        "precision": 0.5925407925407924,
        "recall": 0.6573426573426573,
        "f1-score": 0.606162507801852,
        "support": 286
    }
}