{
    "DOWN": {
        "precision": 0.7803030303030303,
        "recall": 0.64375,
        "f1-score": 0.7054794520547946,
        "support": 640
    },
    "UP": {
        "precision": 0.33527696793002915,
        "recall": 0.49783549783549785,
        "f1-score": 0.40069686411149824,
        "support": 231
    },
    "accuracy": 0.6050516647531573,
    "macro avg": {
        "precision": 0.5577899991165297,
        "recall": 0.5707927489177489,
        "f1-score": 0.5530881580831464,
        "support": 871
    },
    "weighted avg": {
        "precision": 0.6622766004429117,
        "recall": 0.6050516647531573,
        "f1-score": 0.624647330568111,
        "support": 871
    }
}