{
    "DOWN": {
        "precision": 0.7307692307692307,
        "recall": 0.49673202614379086,
        "f1-score": 0.5914396887159532,
        "support": 153
    },
    "UP": {
        "precision": 0.43795620437956206,
        "recall": 0.6818181818181818,
        "f1-score": 0.5333333333333333,
        "support": 88
    },
    "accuracy": 0.5643153526970954,
    "macro avg": {
        "precision": 0.5843627175743964,
        "recall": 0.5892751039809863,
        "f1-score": 0.5623865110246433,
        "support": 241
    },
    "weighted avg": {
        "precision": 0.6238499514236255,
        "recall": 0.5643153526970954,
        "f1-score": 0.57022243031898,
        "support": 241
    }
}