{
    "DOWN": {
        "precision": 0.782608695652174,
        "recall": 0.5625,
        "f1-score": 0.6545454545454547,
        "support": 32
    },
    "UP": {
        "precision": 0.36363636363636365,
        "recall": 0.6153846153846154,
        "f1-score": 0.4571428571428572,
        "support": 13
    },
    "accuracy": 0.5777777777777777,
    "macro avg": {
        "precision": 0.5731225296442688,
        "recall": 0.5889423076923077,
        "f1-score": 0.5558441558441559,
        "support": 45
    },
    "weighted avg": {
        "precision": 0.6615722441809399,
        "recall": 0.5777777777777777,
        "f1-score": 0.5975180375180376,
        "support": 45
    }
}