{
    "R2": -0.33209518430533325,
    "RMSE": 56.206142549068694,
    "MSE": 3159.1304602462305,
    "MAPE": 0.03108342853875365,
    "ACMAPE": 0.8755278729831982
}