{
    "R2": 0.7913941146516809,
    "RMSE": 10.47459681014959,
    "MSE": 109.71717833519598,
    "MAPE": 0.05311380384709391,
    "ACMAPE": 1.178113803847094
}