{
    "R2": 0.8044661662377401,
    "RMSE": 10.141098342654603,
    "MSE": 102.84187559539194,
    "MAPE": 0.046800699708104194,
    "ACMAPE": 0.8923889350022219
}