{
    "R2": 0.9706233555450607,
    "RMSE": 11.061625258406014,
    "MSE": 122.3595533574059,
    "MAPE": 0.05738993001691633,
    "ACMAPE": 0.8002605404340739
}