{
    "R2": 0.5637410464088961,
    "RMSE": 0.6818653372061471,
    "MSE": 0.4649403380832526,
    "MAPE": 0.019384092898567084,
    "ACMAPE": 0.459384092898567
}