{
    "DOWN": {
        "precision": 0.7241379310344828,
        "recall": 0.16535433070866143,
        "f1-score": 0.2692307692307692,
        "support": 127
    },
    "UP": {
        "precision": 0.4011299435028249,
        "recall": 0.8987341772151899,
        "f1-score": 0.5546875,
        "support": 79
    },
    "accuracy": 0.44660194174757284,
    "macro avg": {
        "precision": 0.5626339372686538,
        "recall": 0.5320442539619257,
        "f1-score": 0.4119591346153846,
        "support": 206
    },
    "weighted avg": {
        "precision": 0.6002659358160315,
        "recall": 0.44660194174757284,
        "f1-score": 0.37870203976848393,
        "support": 206
    }
}