{
    "R2": 0.6873504831433004,
    "RMSE": 19.654592290479012,
    "MSE": 386.30299810495706,
    "MAPE": 0.03189549210600808,
    "ACMAPE": 1.1386916086108625
}