{
    "R2": 0.5610768631467353,
    "RMSE": 23.287850025653345,
    "MSE": 542.3239588173225,
    "MAPE": 0.037578189851986764,
    "ACMAPE": 0.9793257626675208
}