{
    "DOWN": {
        "precision": 0.6129707112970711,
        "recall": 0.9301587301587302,
        "f1-score": 0.7389659520807063,
        "support": 315
    },
    "UP": {
        "precision": 0.45,
        "recall": 0.08866995073891626,
        "f1-score": 0.14814814814814814,
        "support": 203
    },
    "accuracy": 0.6003861003861004,
    "macro avg": {
        "precision": 0.5314853556485356,
        "recall": 0.5094143404488232,
        "f1-score": 0.4435570501144272,
        "support": 518
    },
    "weighted avg": {
        "precision": 0.5491038109238946,
        "recall": 0.6003861003861004,
        "f1-score": 0.5074292451341631,
        "support": 518
    }
}