{
    "R2": 0.9606913195833686,
    "RMSE": 3.59621593186404,
    "MSE": 12.932769028592746,
    "MAPE": 0.02032883205300738,
    "ACMAPE": 0.9057505775430122
}