{
    "R2": 0.9955688561974434,
    "RMSE": 185.57893406027551,
    "MSE": 34439.54076694809,
    "MAPE": 0.030962820387849147,
    "ACMAPE": 0.9917471341133393
}