{
    "R2": 0.9748118587540762,
    "RMSE": 5.033274314364015,
    "MSE": 25.33385032363655,
    "MAPE": 0.03304202826842358,
    "ACMAPE": 1.0240868043878266
}