{
    "DOWN": {
        "precision": 0.781908302354399,
        "recall": 0.4102730819245774,
        "f1-score": 0.5381663113006397,
        "support": 1538
    },
    "UP": {
        "precision": 0.28300395256916994,
        "recall": 0.6704119850187266,
        "f1-score": 0.3979988882712618,
        "support": 534
    },
    "accuracy": 0.47731660231660233,
    "macro avg": {
        "precision": 0.5324561274617845,
        "recall": 0.540342533471652,
        "f1-score": 0.4680825997859508,
        "support": 2072
    },
    "weighted avg": {
        "precision": 0.653329671666507,
        "recall": 0.47731660231660233,
        "f1-score": 0.5020420816202884,
        "support": 2072
    }
}