{
    "R2": 0.9593154873683442,
    "RMSE": 18.665955824227513,
    "MSE": 348.41790683201305,
    "MAPE": 0.03742250415439411,
    "ACMAPE": 1.2473922926740315
}