{
    "DOWN": {
        "precision": 0.9830443159922929,
        "recall": 0.6243269701419482,
        "f1-score": 0.7636581350097291,
        "support": 4086
    },
    "UP": {
        "precision": 0.0290955091714105,
        "recall": 0.5111111111111111,
        "f1-score": 0.05505685218432077,
        "support": 90
    },
    "accuracy": 0.6218869731800766,
    "macro avg": {
        "precision": 0.5060699125818517,
        "recall": 0.5677190406265296,
        "f1-score": 0.40935749359702495,
        "support": 4176
    },
    "weighted avg": {
        "precision": 0.9624850744659807,
        "recall": 0.6218869731800766,
        "f1-score": 0.7483865556384919,
        "support": 4176
    }
}