{
    "DOWN": {
        "precision": 0.6923076923076923,
        "recall": 0.3515625,
        "f1-score": 0.46632124352331605,
        "support": 128
    },
    "UP": {
        "precision": 0.2169811320754717,
        "recall": 0.5348837209302325,
        "f1-score": 0.3087248322147651,
        "support": 43
    },
    "accuracy": 0.39766081871345027,
    "macro avg": {
        "precision": 0.454644412191582,
        "recall": 0.44322311046511625,
        "f1-score": 0.3875230378690406,
        "support": 171
    },
    "weighted avg": {
        "precision": 0.5727811303779526,
        "recall": 0.39766081871345027,
        "f1-score": 0.4266917365860781,
        "support": 171
    }
}