{
    "DOWN": {
        "precision": 0.6733067729083665,
        "recall": 0.7176220806794055,
        "f1-score": 0.6947584789311407,
        "support": 471
    },
    "UP": {
        "precision": 0.37264150943396224,
        "recall": 0.32510288065843623,
        "f1-score": 0.34725274725274724,
        "support": 243
    },
    "accuracy": 0.5840336134453782,
    "macro avg": {
        "precision": 0.5229741411711644,
        "recall": 0.5213624806689209,
        "f1-score": 0.521005613091944,
        "support": 714
    },
    "weighted avg": {
        "precision": 0.57097951937296,
        "recall": 0.5840336134453782,
        "f1-score": 0.5764897215111833,
        "support": 714
    }
}