{
    "R2": 0.9086840535700157,
    "RMSE": 19.100724216594468,
    "MSE": 364.8376655983983,
    "MAPE": 0.054014954681538656,
    "ACMAPE": 0.9469217697024009
}