{
    "R2": 0.9973098803649374,
    "RMSE": 51.4972075253845,
    "MSE": 2651.962382912518,
    "MAPE": 0.1363472030693915,
    "ACMAPE": 0.8106682452420566
}