{
    "R2": 0.9717807626800449,
    "RMSE": 58.56000174742428,
    "MSE": 3429.273804658335,
    "MAPE": 0.03460210737123488,
    "ACMAPE": 1.1158741921768887
}