{
    "R2": 0.4866939085037316,
    "RMSE": 13.651894355012844,
    "MSE": 186.37421948043155,
    "MAPE": 0.02903196519048901,
    "ACMAPE": 0.8659550421135659
}