{
    "R2": 0.9830077750322443,
    "RMSE": 192.70894294947686,
    "MSE": 37136.73669270473,
    "MAPE": 0.2129374878176756,
    "ACMAPE": 1.1592976410743805
}