{
    "DOWN": {
        "precision": 0.6712062256809338,
        "recall": 0.6448598130841121,
        "f1-score": 0.6577693040991419,
        "support": 535
    },
    "UP": {
        "precision": 0.39490445859872614,
        "recall": 0.4232081911262799,
        "f1-score": 0.40856672158154866,
        "support": 293
    },
    "accuracy": 0.5664251207729468,
    "macro avg": {
        "precision": 0.53305534213983,
        "recall": 0.534034002105196,
        "f1-score": 0.5331680128403453,
        "support": 828
    },
    "weighted avg": {
        "precision": 0.5734327742859014,
        "recall": 0.5664251207729468,
        "f1-score": 0.5695852984498003,
        "support": 828
    }
}