{
    "R2": 0.9518492814459991,
    "RMSE": 73.54699310167186,
    "MSE": 5409.1601942973675,
    "MAPE": 0.04062577450742848,
    "ACMAPE": 0.9643457327101453
}