{
    "R2": 0.8877333602829545,
    "RMSE": 6.562577694039068,
    "MSE": 43.06742599029913,
    "MAPE": 0.10291345990382794,
    "ACMAPE": 1.0830459102349537
}