{
    "R2": 0.8981546797727478,
    "RMSE": 21.97977719367625,
    "MSE": 483.11060548365055,
    "MAPE": 0.04146898521880415,
    "ACMAPE": 0.9569619429652829
}