{
    "R2": 0.9941494155843181,
    "RMSE": 22.12431237253528,
    "MSE": 489.4851979575176,
    "MAPE": 0.022275054623340278,
    "ACMAPE": 0.9934664608733402
}