{
    "DOWN": {
        "precision": 0.6898395721925134,
        "recall": 0.43434343434343436,
        "f1-score": 0.5330578512396694,
        "support": 297
    },
    "UP": {
        "precision": 0.37777777777777777,
        "recall": 0.6375,
        "f1-score": 0.47441860465116276,
        "support": 160
    },
    "accuracy": 0.5054704595185996,
    "macro avg": {
        "precision": 0.5338086749851456,
        "recall": 0.5359217171717172,
        "f1-score": 0.5037382279454161,
        "support": 457
    },
    "weighted avg": {
        "precision": 0.580583801719083,
        "recall": 0.5054704595185996,
        "f1-score": 0.5125276992611988,
        "support": 457
    }
}