{
    "R2": 0.9794316391355292,
    "RMSE": 40.89527937796959,
    "MSE": 1672.4238754021844,
    "MAPE": 0.020308865956086358,
    "ACMAPE": 0.8414470773382001
}