{
    "R2": 0.9886928089373286,
    "RMSE": 6.216682405729708,
    "MSE": 38.647140133709314,
    "MAPE": 0.02480562468657155,
    "ACMAPE": 1.0273631694436047
}