{
    "DOWN": {
        "precision": 0.9604913678618858,
        "recall": 0.7429378531073446,
        "f1-score": 0.8378221836084564,
        "support": 3894
    },
    "UP": {
        "precision": 0.10704727921498662,
        "recall": 0.502092050209205,
        "f1-score": 0.17647058823529413,
        "support": 239
    },
    "accuracy": 0.729010404064844,
    "macro avg": {
        "precision": 0.5337693235384362,
        "recall": 0.6225149516582749,
        "f1-score": 0.5071463859218752,
        "support": 4133
    },
    "weighted avg": {
        "precision": 0.9111390481941847,
        "recall": 0.729010404064844,
        "f1-score": 0.7995780434453338,
        "support": 4133
    }
}