{
    "DOWN": {
        "precision": 0.8061674008810573,
        "recall": 0.38812301166489926,
        "f1-score": 0.5239799570508232,
        "support": 943
    },
    "UP": {
        "precision": 0.21921515561569688,
        "recall": 0.648,
        "f1-score": 0.3276036400404449,
        "support": 250
    },
    "accuracy": 0.4425817267393127,
    "macro avg": {
        "precision": 0.5126912782483771,
        "recall": 0.5180615058324496,
        "f1-score": 0.4257917985456341,
        "support": 1193
    },
    "weighted avg": {
        "precision": 0.6831681877072601,
        "recall": 0.4425817267393127,
        "f1-score": 0.48282817226239527,
        "support": 1193
    }
}