{
    "DOWN": {
        "precision": 0.6842105263157895,
        "recall": 0.4588235294117647,
        "f1-score": 0.5492957746478873,
        "support": 85
    },
    "UP": {
        "precision": 0.3698630136986301,
        "recall": 0.6,
        "f1-score": 0.45762711864406774,
        "support": 45
    },
    "accuracy": 0.5076923076923077,
    "macro avg": {
        "precision": 0.5270367700072098,
        "recall": 0.5294117647058824,
        "f1-score": 0.5034614466459775,
        "support": 130
    },
    "weighted avg": {
        "precision": 0.5753979257944651,
        "recall": 0.5076923076923077,
        "f1-score": 0.5175643168004113,
        "support": 130
    }
}