{
    "DOWN": {
        "precision": 0.6730158730158731,
        "recall": 0.6153846153846154,
        "f1-score": 0.6429112964366944,
        "support": 689
    },
    "UP": {
        "precision": 0.36754176610978523,
        "recall": 0.42777777777777776,
        "f1-score": 0.3953786906290116,
        "support": 360
    },
    "accuracy": 0.5510009532888466,
    "macro avg": {
        "precision": 0.5202788195628292,
        "recall": 0.5215811965811966,
        "f1-score": 0.519144993532853,
        "support": 1049
    },
    "weighted avg": {
        "precision": 0.5681820517706951,
        "recall": 0.5510009532888466,
        "f1-score": 0.5579620704207117,
        "support": 1049
    }
}