{
    "R2": 0.9770226605257835,
    "RMSE": 13.088772064045395,
    "MSE": 171.31595414453514,
    "MAPE": 0.04297594824568628,
    "ACMAPE": 0.9409740416679931
}