{
    "R2": 0.9337654241224179,
    "RMSE": 5.236402277967214,
    "MSE": 27.419908816700225,
    "MAPE": 0.027247993709842558,
    "ACMAPE": 0.8167216779203689
}