{
    "R2": 0.5590863295814703,
    "RMSE": 5.687261616864165,
    "MSE": 32.3449446986564,
    "MAPE": 0.09959913860530652,
    "ACMAPE": 0.38604415139303033
}