{
    "R2": 0.9581785855132847,
    "RMSE": 197.9579784633153,
    "MSE": 39187.3612372824,
    "MAPE": 0.02503769727032577,
    "ACMAPE": 0.9677128565059946
}