{
    "DOWN": {
        "precision": 0.7,
        "recall": 0.20917597343797162,
        "f1-score": 0.32210085986521025,
        "support": 3313
    },
    "UP": {
        "precision": 0.1030469017459774,
        "recall": 0.5033444816053512,
        "f1-score": 0.17107132708155726,
        "support": 598
    },
    "accuracy": 0.2541549475837382,
    "macro avg": {
        "precision": 0.4015234508729887,
        "recall": 0.3562602275216614,
        "f1-score": 0.24658609347338376,
        "support": 3911
    },
    "weighted avg": {
        "precision": 0.6087246349384031,
        "recall": 0.2541549475837382,
        "f1-score": 0.29900813150810857,
        "support": 3911
    }
}