{
    "DOWN": {
        "precision": 0.9148204736440031,
        "recall": 0.681753487048107,
        "f1-score": 0.7812754852389496,
        "support": 3513
    },
    "UP": {
        "precision": 0.1687732342007435,
        "recall": 0.5044444444444445,
        "f1-score": 0.25292479108635096,
        "support": 450
    },
    "accuracy": 0.6616199848599545,
    "macro avg": {
        "precision": 0.5417968539223733,
        "recall": 0.5930989657462757,
        "f1-score": 0.5171001381626503,
        "support": 3963
    },
    "weighted avg": {
        "precision": 0.8301065554634665,
        "recall": 0.6616199848599545,
        "f1-score": 0.7212810839347182,
        "support": 3963
    }
}