{
    "DOWN": {
        "precision": 0.7120418848167539,
        "recall": 0.4230171073094868,
        "f1-score": 0.5307317073170732,
        "support": 643
    },
    "UP": {
        "precision": 0.4479166666666667,
        "recall": 0.732360097323601,
        "f1-score": 0.5558633425669437,
        "support": 411
    },
    "accuracy": 0.5436432637571158,
    "macro avg": {
        "precision": 0.5799792757417103,
        "recall": 0.5776886023165438,
        "f1-score": 0.5432975249420084,
        "support": 1054
    },
    "weighted avg": {
        "precision": 0.6090480853293859,
        "recall": 0.5436432637571158,
        "f1-score": 0.5405316144211498,
        "support": 1054
    }
}