{
    "R2": -18.885288821155807,
    "RMSE": 33.95759821642005,
    "MSE": 1153.1184766278145,
    "MAPE": 0.5900511013992737,
    "ACMAPE": 2.121582632930805
}