{
    "DOWN": {
        "precision": 0.9316923076923077,
        "recall": 0.7558662006989516,
        "f1-score": 0.834619625137817,
        "support": 2003
    },
    "UP": {
        "precision": 0.27555555555555555,
        "recall": 0.6262626262626263,
        "f1-score": 0.38271604938271603,
        "support": 297
    },
    "accuracy": 0.7391304347826086,
    "macro avg": {
        "precision": 0.6036239316239316,
        "recall": 0.691064413480789,
        "f1-score": 0.6086678372602665,
        "support": 2300
    },
    "weighted avg": {
        "precision": 0.8469650836120401,
        "recall": 0.7391304347826086,
        "f1-score": 0.7762651199207452,
        "support": 2300
    }
}