{
    "R2": 0.9832839253754179,
    "RMSE": 137.7408262319235,
    "MSE": 18972.535211052946,
    "MAPE": 0.10020613899801444,
    "ACMAPE": 1.049607452246373
}