{
    "DOWN": {
        "precision": 0.6437908496732027,
        "recall": 0.5211640211640212,
        "f1-score": 0.5760233918128654,
        "support": 378
    },
    "UP": {
        "precision": 0.3801369863013699,
        "recall": 0.5045454545454545,
        "f1-score": 0.43359375,
        "support": 220
    },
    "accuracy": 0.5150501672240803,
    "macro avg": {
        "precision": 0.5119639179872862,
        "recall": 0.5128547378547379,
        "f1-score": 0.5048085709064327,
        "support": 598
    },
    "weighted avg": {
        "precision": 0.5467944450882475,
        "recall": 0.5150501672240803,
        "f1-score": 0.5236245269318781,
        "support": 598
    }
}