{
    "DOWN": {
        "precision": 0.8026183282980867,
        "recall": 0.37173507462686567,
        "f1-score": 0.508128785463819,
        "support": 2144
    },
    "UP": {
        "precision": 0.33382789317507416,
        "recall": 0.7749712973593571,
        "f1-score": 0.4666436225371587,
        "support": 871
    },
    "accuracy": 0.48822553897180765,
    "macro avg": {
        "precision": 0.5682231107365804,
        "recall": 0.5733531859931114,
        "f1-score": 0.4873862040004888,
        "support": 3015
    },
    "weighted avg": {
        "precision": 0.6671899803736607,
        "recall": 0.48822553897180765,
        "f1-score": 0.4961441828405616,
        "support": 3015
    }
}