{
    "R2": 0.9927721195951038,
    "RMSE": 18.707873076699823,
    "MSE": 349.98451505391006,
    "MAPE": 0.06725970641699755,
    "ACMAPE": 0.930186253554071
}