{
    "R2": 0.8627152289088329,
    "RMSE": 24.608350786122994,
    "MSE": 605.5709284128802,
    "MAPE": 0.03748018209591816,
    "ACMAPE": 0.9461507023271322
}