{
    "DOWN": {
        "precision": 0.8235294117647058,
        "recall": 0.3374485596707819,
        "f1-score": 0.4787322768974145,
        "support": 3402
    },
    "UP": {
        "precision": 0.21188811188811188,
        "recall": 0.7112676056338029,
        "f1-score": 0.3265086206896552,
        "support": 852
    },
    "accuracy": 0.4123178185237424,
    "macro avg": {
        "precision": 0.5177087618264089,
        "recall": 0.5243580826522924,
        "f1-score": 0.40262044879353487,
        "support": 4254
    },
    "weighted avg": {
        "precision": 0.7010286154565587,
        "recall": 0.4123178185237424,
        "f1-score": 0.44824460527329346,
        "support": 4254
    }
}