{
    "R2": 0.9586787524992738,
    "RMSE": 35.619425432584585,
    "MSE": 1268.7434681474535,
    "MAPE": 0.03746227350995633,
    "ACMAPE": 0.978251747194167
}