{
    "R2": 0.9584885493402624,
    "RMSE": 35.7013100468376,
    "MSE": 1274.5835390604273,
    "MAPE": 0.03660246708766608,
    "ACMAPE": 0.9576550986666135
}