{
    "DOWN": {
        "precision": 0.7569105691056911,
        "recall": 0.634628493524199,
        "f1-score": 0.6903967371153134,
        "support": 1467
    },
    "UP": {
        "precision": 0.39775280898876403,
        "recall": 0.5421133231240429,
        "f1-score": 0.4588464031108231,
        "support": 653
    },
    "accuracy": 0.6061320754716981,
    "macro avg": {
        "precision": 0.5773316890472275,
        "recall": 0.588370908324121,
        "f1-score": 0.5746215701130682,
        "support": 2120
    },
    "weighted avg": {
        "precision": 0.646283202428166,
        "recall": 0.6061320754716981,
        "f1-score": 0.6190748653677038,
        "support": 2120
    }
}