{
    "DOWN": {
        "precision": 0.9141914191419142,
        "recall": 0.06702153399467699,
        "f1-score": 0.12488728584310188,
        "support": 4133
    },
    "UP": {
        "precision": 0.03672245815638271,
        "recall": 0.8497109826589595,
        "f1-score": 0.07040229885057471,
        "support": 173
    },
    "accuracy": 0.09846725499303298,
    "macro avg": {
        "precision": 0.47545693864914845,
        "recall": 0.45836625832681827,
        "f1-score": 0.09764479234683829,
        "support": 4306
    },
    "weighted avg": {
        "precision": 0.8789377892648829,
        "recall": 0.09846725499303298,
        "f1-score": 0.12269826987707605,
        "support": 4306
    }
}