{
    "DOWN": {
        "precision": 0.6694214876033058,
        "recall": 0.6078799249530957,
        "f1-score": 0.6371681415929205,
        "support": 533
    },
    "UP": {
        "precision": 0.4441489361702128,
        "recall": 0.5107033639143731,
        "f1-score": 0.47510668563300146,
        "support": 327
    },
    "accuracy": 0.5709302325581396,
    "macro avg": {
        "precision": 0.5567852118867593,
        "recall": 0.5592916444337344,
        "f1-score": 0.556137413612961,
        "support": 860
    },
    "weighted avg": {
        "precision": 0.5837655290932809,
        "recall": 0.5709302325581396,
        "f1-score": 0.575547099617463,
        "support": 860
    }
}