{
    "R2": 0.939033673303067,
    "RMSE": 62.95768571459111,
    "MSE": 3963.6701905372292,
    "MAPE": 0.09572092133777922,
    "ACMAPE": 1.021340756048523
}