{
    "DOWN": {
        "precision": 0.7358490566037735,
        "recall": 0.4482758620689655,
        "f1-score": 0.5571428571428572,
        "support": 87
    },
    "UP": {
        "precision": 0.3142857142857143,
        "recall": 0.6111111111111112,
        "f1-score": 0.41509433962264153,
        "support": 36
    },
    "accuracy": 0.4959349593495935,
    "macro avg": {
        "precision": 0.5250673854447439,
        "recall": 0.5296934865900383,
        "f1-score": 0.48611859838274935,
        "support": 123
    },
    "weighted avg": {
        "precision": 0.6124646637301953,
        "recall": 0.4959349593495935,
        "f1-score": 0.5155676812832819,
        "support": 123
    }
}