{
    "DOWN": {
        "precision": 0.7372262773722628,
        "recall": 0.396078431372549,
        "f1-score": 0.5153061224489796,
        "support": 765
    },
    "UP": {
        "precision": 0.2837209302325581,
        "recall": 0.6288659793814433,
        "f1-score": 0.391025641025641,
        "support": 291
    },
    "accuracy": 0.4602272727272727,
    "macro avg": {
        "precision": 0.5104736038024105,
        "recall": 0.5124722053769961,
        "f1-score": 0.4531658817373103,
        "support": 1056
    },
    "weighted avg": {
        "precision": 0.6122546334161509,
        "recall": 0.4602272727272727,
        "f1-score": 0.48105837614766184,
        "support": 1056
    }
}