{
    "DOWN": {
        "precision": 0.7835051546391752,
        "recall": 0.3081081081081081,
        "f1-score": 0.4422890397672163,
        "support": 740
    },
    "UP": {
        "precision": 0.36159600997506236,
        "recall": 0.8215297450424929,
        "f1-score": 0.5021645021645023,
        "support": 353
    },
    "accuracy": 0.4739249771271729,
    "macro avg": {
        "precision": 0.5725505823071189,
        "recall": 0.5648189265753005,
        "f1-score": 0.4722267709658593,
        "support": 1093
    },
    "weighted avg": {
        "precision": 0.6472435553103264,
        "recall": 0.4739249771271729,
        "f1-score": 0.46162667766862703,
        "support": 1093
    }
}