{
    "DOWN": {
        "precision": 0.6137566137566137,
        "recall": 0.37662337662337664,
        "f1-score": 0.46680080482897385,
        "support": 308
    },
    "UP": {
        "precision": 0.3904761904761905,
        "recall": 0.6275510204081632,
        "f1-score": 0.48140900195694714,
        "support": 196
    },
    "accuracy": 0.4742063492063492,
    "macro avg": {
        "precision": 0.5021164021164021,
        "recall": 0.50208719851577,
        "f1-score": 0.4741049033929605,
        "support": 504
    },
    "weighted avg": {
        "precision": 0.5269253380364491,
        "recall": 0.4742063492063492,
        "f1-score": 0.47248177037874123,
        "support": 504
    }
}