{
    "R2": 0.5445354482269957,
    "RMSE": 30.873638944084437,
    "MSE": 953.1815816496871,
    "MAPE": 0.059911155003413485,
    "ACMAPE": 1.1633594308654824
}