{
    "R2": 0.9130026390148,
    "RMSE": 51.761858014877866,
    "MSE": 2679.2899451523763,
    "MAPE": 0.041010889313230346,
    "ACMAPE": 1.0636353237023706
}