{
    "DOWN": {
        "precision": 0.7671480144404332,
        "recall": 0.5533854166666666,
        "f1-score": 0.642965204236006,
        "support": 768
    },
    "UP": {
        "precision": 0.2883817427385892,
        "recall": 0.5186567164179104,
        "f1-score": 0.37066666666666664,
        "support": 268
    },
    "accuracy": 0.5444015444015444,
    "macro avg": {
        "precision": 0.5277648785895113,
        "recall": 0.5360210665422885,
        "f1-score": 0.5068159354513363,
        "support": 1036
    },
    "weighted avg": {
        "precision": 0.6432972800619638,
        "recall": 0.5444015444015444,
        "f1-score": 0.5725250420076441,
        "support": 1036
    }
}