{
    "R2": 0.9984021156766704,
    "RMSE": 95.08261319664719,
    "MSE": 9040.703332303226,
    "MAPE": 0.019865199609431297,
    "ACMAPE": 0.7370932102709288
}