{
    "R2": 0.9320576327138597,
    "RMSE": 19.153849146714737,
    "MSE": 366.8699371351048,
    "MAPE": 0.04966820889646195,
    "ACMAPE": 0.947825337897432
}