{
    "R2": -0.04703896346728387,
    "RMSE": 6.0731026429258685,
    "MSE": 36.88257571151317,
    "MAPE": 0.018404222792517744,
    "ACMAPE": 0.5990493840828403
}