{
    "DOWN": {
        "precision": 0.7222222222222222,
        "recall": 0.056155507559395246,
        "f1-score": 0.10420841683366734,
        "support": 463
    },
    "UP": {
        "precision": 0.19669117647058823,
        "recall": 0.9145299145299145,
        "f1-score": 0.3237518910741301,
        "support": 117
    },
    "accuracy": 0.2293103448275862,
    "macro avg": {
        "precision": 0.4594566993464052,
        "recall": 0.4853427110446549,
        "f1-score": 0.21398015395389872,
        "support": 580
    },
    "weighted avg": {
        "precision": 0.6162099250619788,
        "recall": 0.2293103448275862,
        "f1-score": 0.14849563491320897,
        "support": 580
    }
}