{
    "R2": 0.848663067358675,
    "RMSE": 17.382887146733907,
    "MSE": 302.1647655560868,
    "MAPE": 0.03542325238766922,
    "ACMAPE": 0.955965888046584
}