{
    "R2": 0.9938874863031917,
    "RMSE": 28.165772555672998,
    "MSE": 793.3107436579023,
    "MAPE": 0.07349347296623704,
    "ACMAPE": 0.9444510867809939
}