{
    "DOWN": {
        "precision": 0.7716955941255007,
        "recall": 0.7347457627118644,
        "f1-score": 0.7527675276752769,
        "support": 2360
    },
    "UP": {
        "precision": 0.3361611876988335,
        "recall": 0.3819277108433735,
        "f1-score": 0.3575860124083474,
        "support": 830
    },
    "accuracy": 0.6429467084639499,
    "macro avg": {
        "precision": 0.5539283909121671,
        "recall": 0.558336736777619,
        "f1-score": 0.5551767700418122,
        "support": 3190
    },
    "weighted avg": {
        "precision": 0.6583747297574337,
        "recall": 0.6429467084639499,
        "f1-score": 0.6499460048942263,
        "support": 3190
    }
}