{
    "R2": 0.9882716780597989,
    "RMSE": 15.675387945981443,
    "MSE": 245.71778725702035,
    "MAPE": 0.015737454405867005,
    "ACMAPE": 0.9188671116338849
}