{
    "DOWN": {
        "precision": 0.702276707530648,
        "recall": 0.4546485260770975,
        "f1-score": 0.5519614590502409,
        "support": 882
    },
    "UP": {
        "precision": 0.38412291933418696,
        "recall": 0.6382978723404256,
        "f1-score": 0.4796163069544365,
        "support": 470
    },
    "accuracy": 0.518491124260355,
    "macro avg": {
        "precision": 0.5431998134324174,
        "recall": 0.5464731992087615,
        "f1-score": 0.5157888830023387,
        "support": 1352
    },
    "weighted avg": {
        "precision": 0.5916759083795113,
        "recall": 0.518491124260355,
        "f1-score": 0.5268118869459302,
        "support": 1352
    }
}