{
    "DOWN": {
        "precision": 0.6332931242460796,
        "recall": 0.45931758530183725,
        "f1-score": 0.5324543610547667,
        "support": 1143
    },
    "UP": {
        "precision": 0.4046242774566474,
        "recall": 0.580110497237569,
        "f1-score": 0.4767309875141884,
        "support": 724
    },
    "accuracy": 0.5061596143545796,
    "macro avg": {
        "precision": 0.5189587008513635,
        "recall": 0.5197140412697031,
        "f1-score": 0.5045926742844775,
        "support": 1867
    },
    "weighted avg": {
        "precision": 0.5446181134932414,
        "recall": 0.5061596143545796,
        "f1-score": 0.5108455113261225,
        "support": 1867
    }
}