{
    "DOWN": {
        "precision": 0.6758893280632411,
        "recall": 0.45875251509054327,
        "f1-score": 0.5465441470235717,
        "support": 1491
    },
    "UP": {
        "precision": 0.38208269525267996,
        "recall": 0.6033857315598549,
        "f1-score": 0.46788560712611343,
        "support": 827
    },
    "accuracy": 0.5103537532355479,
    "macro avg": {
        "precision": 0.5289860116579606,
        "recall": 0.5310691233251991,
        "f1-score": 0.5072148770748426,
        "support": 2318
    },
    "weighted avg": {
        "precision": 0.5710670306800082,
        "recall": 0.5103537532355479,
        "f1-score": 0.5184808974570497,
        "support": 2318
    }
}