{
    "R2": 0.9980485904008731,
    "RMSE": 12.86394692815523,
    "MSE": 165.48113057039436,
    "MAPE": 0.008175595758845626,
    "ACMAPE": 0.8794034234483181
}