{
    "DOWN": {
        "precision": 0.5686274509803921,
        "recall": 0.696,
        "f1-score": 0.6258992805755396,
        "support": 125
    },
    "UP": {
        "precision": 0.43283582089552236,
        "recall": 0.30526315789473685,
        "f1-score": 0.35802469135802467,
        "support": 95
    },
    "accuracy": 0.5272727272727272,
    "macro avg": {
        "precision": 0.5007316359379572,
        "recall": 0.5006315789473684,
        "f1-score": 0.4919619859667821,
        "support": 220
    },
    "weighted avg": {
        "precision": 0.5099901561710165,
        "recall": 0.5272727272727272,
        "f1-score": 0.5102261625043399,
        "support": 220
    }
}