{
    "DOWN": {
        "precision": 0.6998880179171333,
        "recall": 0.8234519104084321,
        "f1-score": 0.7566585956416465,
        "support": 759
    },
    "UP": {
        "precision": 0.41228070175438597,
        "recall": 0.2596685082872928,
        "f1-score": 0.31864406779661014,
        "support": 362
    },
    "accuracy": 0.6413916146297948,
    "macro avg": {
        "precision": 0.5560843598357597,
        "recall": 0.5415602093478624,
        "f1-score": 0.5376513317191283,
        "support": 1121
    },
    "weighted avg": {
        "precision": 0.6070121495398679,
        "recall": 0.6413916146297948,
        "f1-score": 0.6152123341965946,
        "support": 1121
    }
}