{
    "DOWN": {
        "precision": 0.9230769230769231,
        "recall": 0.07547169811320754,
        "f1-score": 0.13953488372093023,
        "support": 318
    },
    "UP": {
        "precision": 0.35384615384615387,
        "recall": 0.9877300613496932,
        "f1-score": 0.5210355987055016,
        "support": 163
    },
    "accuracy": 0.38461538461538464,
    "macro avg": {
        "precision": 0.6384615384615385,
        "recall": 0.5316008797314504,
        "f1-score": 0.33028524121321595,
        "support": 481
    },
    "weighted avg": {
        "precision": 0.7301775147928994,
        "recall": 0.38461538461538464,
        "f1-score": 0.2688168307947039,
        "support": 481
    }
}