{
    "DOWN": {
        "precision": 0.6694747274529237,
        "recall": 0.4939670932358318,
        "f1-score": 0.5684830633284241,
        "support": 2735
    },
    "UP": {
        "precision": 0.3743218806509946,
        "recall": 0.5538461538461539,
        "f1-score": 0.44672241704882654,
        "support": 1495
    },
    "accuracy": 0.515130023640662,
    "macro avg": {
        "precision": 0.5218983040519591,
        "recall": 0.5239066235409928,
        "f1-score": 0.5076027401886254,
        "support": 4230
    },
    "weighted avg": {
        "precision": 0.5651594778148896,
        "recall": 0.515130023640662,
        "f1-score": 0.5254494543005285,
        "support": 4230
    }
}