{
    "DOWN": {
        "precision": 0.6851851851851852,
        "recall": 0.31203373337658125,
        "f1-score": 0.42879429462892804,
        "support": 3083
    },
    "UP": {
        "precision": 0.2526427061310782,
        "recall": 0.6186367558239861,
        "f1-score": 0.3587690768076057,
        "support": 1159
    },
    "accuracy": 0.3958038661008958,
    "macro avg": {
        "precision": 0.4689139456581317,
        "recall": 0.4653352446002837,
        "f1-score": 0.3937816857182669,
        "support": 4242
    },
    "weighted avg": {
        "precision": 0.5670058515633771,
        "recall": 0.3958038661008958,
        "f1-score": 0.4096619920700142,
        "support": 4242
    }
}