{
    "R2": 0.9953042520572964,
    "RMSE": 1.0912738862603057,
    "MSE": 1.190878694833671,
    "MAPE": 0.023076037290645748,
    "ACMAPE": 0.8113972051738574
}