{
    "R2": 0.9935226193748986,
    "RMSE": 304.2156775872376,
    "MSE": 92547.17848986213,
    "MAPE": 0.03633310851958977,
    "ACMAPE": 1.0169633484733336
}