{
    "DOWN": {
        "precision": 0.5715889949466592,
        "recall": 0.521783700666325,
        "f1-score": 0.5455519828510182,
        "support": 1951
    },
    "UP": {
        "precision": 0.4439809296781883,
        "recall": 0.49403183023872677,
        "f1-score": 0.46767106089139987,
        "support": 1508
    },
    "accuracy": 0.5096848800231281,
    "macro avg": {
        "precision": 0.5077849623124238,
        "recall": 0.5079077654525259,
        "f1-score": 0.5066115218712091,
        "support": 3459
    },
    "weighted avg": {
        "precision": 0.515956453048754,
        "recall": 0.5096848800231281,
        "f1-score": 0.5115986927917223,
        "support": 3459
    }
}