{
    "R2": -0.007569608288239937,
    "RMSE": 108.73888479359158,
    "MSE": 11824.145066153982,
    "MAPE": 0.13457364294244048,
    "ACMAPE": 1.2945736429424406
}