{
    "R2": 0.9987020890854252,
    "RMSE": 112.14758643999892,
    "MSE": 12577.08114431703,
    "MAPE": 0.06958325607884472,
    "ACMAPE": 1.051959892534031
}