{
    "DOWN": {
        "precision": 0.5798922800718133,
        "recall": 0.38467645891226676,
        "f1-score": 0.4625298329355609,
        "support": 2519
    },
    "UP": {
        "precision": 0.3624023035787742,
        "recall": 0.556538218572331,
        "f1-score": 0.4389636273044345,
        "support": 1583
    },
    "accuracy": 0.45099951243295955,
    "macro avg": {
        "precision": 0.4711472918252937,
        "recall": 0.4706073387422989,
        "f1-score": 0.45074673011999766,
        "support": 4102
    },
    "weighted avg": {
        "precision": 0.4959608727611158,
        "recall": 0.45099951243295955,
        "f1-score": 0.4534354147215011,
        "support": 4102
    }
}