{
    "R2": 0.9987188563609923,
    "RMSE": 13.495796499796736,
    "MSE": 182.13652316392583,
    "MAPE": 0.05669252495599684,
    "ACMAPE": 1.3935625514811958
}