{
    "R2": 0.9442514351311765,
    "RMSE": 34.64642648030775,
    "MSE": 1200.3748678553702,
    "MAPE": 0.020965424383275966,
    "ACMAPE": 1.012286542994655
}