{
    "DOWN": {
        "precision": 0.6809744779582366,
        "recall": 0.5501405810684161,
        "f1-score": 0.6086054950751684,
        "support": 1067
    },
    "UP": {
        "precision": 0.37254901960784315,
        "recall": 0.5089285714285714,
        "f1-score": 0.43018867924528303,
        "support": 560
    },
    "accuracy": 0.5359557467732022,
    "macro avg": {
        "precision": 0.5267617487830398,
        "recall": 0.5295345762484938,
        "f1-score": 0.5193970871602257,
        "support": 1627
    },
    "weighted avg": {
        "precision": 0.5748169753914141,
        "recall": 0.5359557467732022,
        "f1-score": 0.5471958965104875,
        "support": 1627
    }
}