{
    "DOWN": {
        "precision": 0.7786885245901639,
        "recall": 0.6834532374100719,
        "f1-score": 0.7279693486590039,
        "support": 139
    },
    "UP": {
        "precision": 0.5056179775280899,
        "recall": 0.625,
        "f1-score": 0.5590062111801242,
        "support": 72
    },
    "accuracy": 0.6635071090047393,
    "macro avg": {
        "precision": 0.6421532510591269,
        "recall": 0.654226618705036,
        "f1-score": 0.643487779919564,
        "support": 211
    },
    "weighted avg": {
        "precision": 0.6855080535547643,
        "recall": 0.6635071090047393,
        "f1-score": 0.670313680893699,
        "support": 211
    }
}