{
    "R2": 0.9038716127496175,
    "RMSE": 29.32753579487772,
    "MSE": 860.1043557998338,
    "MAPE": 0.06916725336407674,
    "ACMAPE": 1.0406636904187085
}