{
    "DOWN": {
        "precision": 0.6194174757281553,
        "recall": 0.45571428571428574,
        "f1-score": 0.5251028806584364,
        "support": 700
    },
    "UP": {
        "precision": 0.38449111470113084,
        "recall": 0.5483870967741935,
        "f1-score": 0.4520417853751187,
        "support": 434
    },
    "accuracy": 0.4911816578483245,
    "macro avg": {
        "precision": 0.5019542952146431,
        "recall": 0.5020506912442396,
        "f1-score": 0.4885723330167775,
        "support": 1134
    },
    "weighted avg": {
        "precision": 0.5295073869400349,
        "recall": 0.4911816578483245,
        "f1-score": 0.49714122690803086,
        "support": 1134
    }
}