{
    "R2": 0.0338907893317999,
    "RMSE": 736.8828223668006,
    "MSE": 542996.2938992619,
    "MAPE": 0.06475108673931411,
    "ACMAPE": 1.1120483840366115
}