{
    "R2": 0.881550598546024,
    "RMSE": 2.069845521793066,
    "MSE": 4.28426048408681,
    "MAPE": 0.004777651255790074,
    "ACMAPE": 0.09173417299492045
}