{
    "R2": 0.9682318052006073,
    "RMSE": 17.17100080925207,
    "MSE": 294.8432687913353,
    "MAPE": 0.11720917523686734,
    "ACMAPE": 0.7674988623747585
}