{
    "DOWN": {
        "precision": 0.8488549618320611,
        "recall": 0.308717379233759,
        "f1-score": 0.4527687296416939,
        "support": 3602
    },
    "UP": {
        "precision": 0.16722408026755853,
        "recall": 0.7163323782234957,
        "f1-score": 0.27114967462039047,
        "support": 698
    },
    "accuracy": 0.37488372093023253,
    "macro avg": {
        "precision": 0.5080395210498099,
        "recall": 0.5125248787286274,
        "f1-score": 0.36195920213104216,
        "support": 4300
    },
    "weighted avg": {
        "precision": 0.7382088326850792,
        "recall": 0.37488372093023253,
        "f1-score": 0.423287310942887,
        "support": 4300
    }
}