{
    "R2": 0.9670988370717691,
    "RMSE": 17.370706056194887,
    "MSE": 301.7414288907257,
    "MAPE": 0.12629754536731352,
    "ACMAPE": 1.4382603792813669
}