{
    "R2": 0.988738726005388,
    "RMSE": 35.827345005866306,
    "MSE": 1283.5986501693735,
    "MAPE": 0.2611082644032652,
    "ACMAPE": 1.4047252856798609
}