{
    "R2": 0.9364748528408147,
    "RMSE": 5.12803450577223,
    "MSE": 26.29673789239064,
    "MAPE": 0.026236028790791274,
    "ACMAPE": 0.8572705115494119
}