{
    "DOWN": {
        "precision": 0.717283950617284,
        "recall": 0.7945299145299145,
        "f1-score": 0.7539334955393351,
        "support": 2925
    },
    "UP": {
        "precision": 0.3314794215795328,
        "recall": 0.24546952224052718,
        "f1-score": 0.28206341694273546,
        "support": 1214
    },
    "accuracy": 0.6334863493597487,
    "macro avg": {
        "precision": 0.5243816860984084,
        "recall": 0.5199997183852209,
        "f1-score": 0.5179984562410352,
        "support": 4139
    },
    "weighted avg": {
        "precision": 0.60412456471445,
        "recall": 0.6334863493597487,
        "f1-score": 0.615530433104865,
        "support": 4139
    }
}