{
    "DOWN": {
        "precision": 0.8446601941747572,
        "recall": 0.37285714285714283,
        "f1-score": 0.5173439048562933,
        "support": 700
    },
    "UP": {
        "precision": 0.2146690518783542,
        "recall": 0.7142857142857143,
        "f1-score": 0.3301237964236589,
        "support": 168
    },
    "accuracy": 0.43894009216589863,
    "macro avg": {
        "precision": 0.5296646230265557,
        "recall": 0.5435714285714286,
        "f1-score": 0.42373385063997615,
        "support": 868
    },
    "weighted avg": {
        "precision": 0.722726424698034,
        "recall": 0.43894009216589863,
        "f1-score": 0.4811077548370738,
        "support": 868
    }
}