{
    "R2": 0.9073484054100961,
    "RMSE": 5.034615937987638,
    "MSE": 25.34735764303915,
    "MAPE": 0.06855634959824602,
    "ACMAPE": 1.5516071970558731
}