{
    "R2": 0.7769166488780864,
    "RMSE": 10.217319431291866,
    "MSE": 104.39361636105434,
    "MAPE": 0.011721734819042305,
    "ACMAPE": 0.9380375242927265
}