{
    "R2": -281.8982618975768,
    "RMSE": 19.180902221264787,
    "MSE": 367.90701002172045,
    "MAPE": 0.3805375011314803,
    "ACMAPE": 0.4175745381685173
}