{
    "DOWN": {
        "precision": 0.6792828685258964,
        "recall": 0.39376443418013857,
        "f1-score": 0.49853801169590634,
        "support": 866
    },
    "UP": {
        "precision": 0.16666666666666666,
        "recall": 0.39473684210526316,
        "f1-score": 0.234375,
        "support": 266
    },
    "accuracy": 0.39399293286219084,
    "macro avg": {
        "precision": 0.4229747675962815,
        "recall": 0.3942506381427009,
        "f1-score": 0.3664565058479532,
        "support": 1132
    },
    "weighted avg": {
        "precision": 0.5588271179123319,
        "recall": 0.39399293286219084,
        "f1-score": 0.4364643711383877,
        "support": 1132
    }
}