{
    "R2": 0.9942811408233775,
    "RMSE": 400.4894000157188,
    "MSE": 160391.7595249504,
    "MAPE": 3771022999361219.0,
    "ACMAPE": 3771022999361220.5
}