{
    "R2": 0.7609569808649793,
    "RMSE": 459.81351173407717,
    "MSE": 211428.4655732243,
    "MAPE": 0.05447027828351126,
    "ACMAPE": 0.7447357650091749
}