{
    "R2": 0.9397296704540943,
    "RMSE": 22.742452264055792,
    "MSE": 517.2191349828564,
    "MAPE": 0.03899963385732651,
    "ACMAPE": 0.8486944273941309
}