{
    "R2": 0.9971960045398748,
    "RMSE": 52.47421478948085,
    "MSE": 2753.5432177725706,
    "MAPE": 0.023958296929351613,
    "ACMAPE": 0.9371679039162512
}