{
    "DOWN": {
        "precision": 0.7198935462408517,
        "recall": 0.45964316057774,
        "f1-score": 0.5610578169561835,
        "support": 2354
    },
    "UP": {
        "precision": 0.3443298969072165,
        "recall": 0.6134067952249771,
        "f1-score": 0.4410696599537801,
        "support": 1089
    },
    "accuracy": 0.5082776648271856,
    "macro avg": {
        "precision": 0.5321117215740341,
        "recall": 0.5365249779013586,
        "f1-score": 0.5010637384549819,
        "support": 3443
    },
    "weighted avg": {
        "precision": 0.6011050437359639,
        "recall": 0.5082776648271856,
        "f1-score": 0.5231062912589377,
        "support": 3443
    }
}