{
    "DOWN": {
        "precision": 0.6479791395045632,
        "recall": 0.9307116104868914,
        "f1-score": 0.7640276710222906,
        "support": 534
    },
    "UP": {
        "precision": 0.3392857142857143,
        "recall": 0.0657439446366782,
        "f1-score": 0.11014492753623188,
        "support": 289
    },
    "accuracy": 0.6269744835965978,
    "macro avg": {
        "precision": 0.49363242689513875,
        "recall": 0.4982277775617848,
        "f1-score": 0.43708629927926124,
        "support": 823
    },
    "weighted avg": {
        "precision": 0.5395801116938131,
        "recall": 0.6269744835965978,
        "f1-score": 0.5344139251322895,
        "support": 823
    }
}