{
    "DOWN": {
        "precision": 0.7522522522522522,
        "recall": 0.5276461295418642,
        "f1-score": 0.6202414113277623,
        "support": 633
    },
    "UP": {
        "precision": 0.35698924731182796,
        "recall": 0.6014492753623188,
        "f1-score": 0.4480431848852902,
        "support": 276
    },
    "accuracy": 0.5500550055005501,
    "macro avg": {
        "precision": 0.5546207497820401,
        "recall": 0.5645477024520915,
        "f1-score": 0.5341422981065262,
        "support": 909
    },
    "weighted avg": {
        "precision": 0.632238402567371,
        "recall": 0.5500550055005501,
        "f1-score": 0.567956801318827,
        "support": 909
    }
}