{
    "R2": 0.14801399243384983,
    "RMSE": 7.1831224010334465,
    "MSE": 51.597247428228506,
    "MAPE": 0.09084342814257891,
    "ACMAPE": 0.606468428142579
}