{
    "DOWN": {
        "precision": 0.7755,
        "recall": 0.46674691543785735,
        "f1-score": 0.5827540860417059,
        "support": 3323
    },
    "UP": {
        "precision": 0.1553860819828408,
        "recall": 0.4206451612903226,
        "f1-score": 0.2269404803341455,
        "support": 775
    },
    "accuracy": 0.4580283064909712,
    "macro avg": {
        "precision": 0.46544304099142036,
        "recall": 0.44369603836409,
        "f1-score": 0.4048472831879257,
        "support": 4098
    },
    "weighted avg": {
        "precision": 0.6582261380030995,
        "recall": 0.4580283064909712,
        "f1-score": 0.5154638116582605,
        "support": 4098
    }
}