{
    "DOWN": {
        "precision": 0.6942446043165468,
        "recall": 0.5778443113772455,
        "f1-score": 0.630718954248366,
        "support": 334
    },
    "UP": {
        "precision": 0.4448818897637795,
        "recall": 0.5707070707070707,
        "f1-score": 0.5,
        "support": 198
    },
    "accuracy": 0.575187969924812,
    "macro avg": {
        "precision": 0.5695632470401631,
        "recall": 0.574275691042158,
        "f1-score": 0.565359477124183,
        "support": 532
    },
    "weighted avg": {
        "precision": 0.6014366767198401,
        "recall": 0.575187969924812,
        "f1-score": 0.5820679148852523,
        "support": 532
    }
}