{
    "R2": 0.9741271185957844,
    "RMSE": 7.358547677616839,
    "MSE": 54.14822392376017,
    "MAPE": 0.01414264698088744,
    "ACMAPE": 1.070960828799069
}