{
    "DOWN": {
        "precision": 0.7189873417721518,
        "recall": 0.31520532741398444,
        "f1-score": 0.43827160493827155,
        "support": 901
    },
    "UP": {
        "precision": 0.15013774104683195,
        "recall": 0.4954545454545455,
        "f1-score": 0.23044397463002111,
        "support": 220
    },
    "accuracy": 0.35057983942908116,
    "macro avg": {
        "precision": 0.4345625414094919,
        "recall": 0.40532993643426496,
        "f1-score": 0.3343577897841463,
        "support": 1121
    },
    "weighted avg": {
        "precision": 0.607348704698494,
        "recall": 0.35057983942908116,
        "f1-score": 0.39748473725957834,
        "support": 1121
    }
}