{
    "R2": 0.9940942076984698,
    "RMSE": 7.95762438465841,
    "MSE": 63.32378584731014,
    "MAPE": 0.028125499962001956,
    "ACMAPE": 0.9846084278798775
}