{
    "R2": 0.8631307947670407,
    "RMSE": 28.03356631506548,
    "MSE": 785.8808403411741,
    "MAPE": 0.06492692026158065,
    "ACMAPE": 1.1977643272753955
}