{
    "DOWN": {
        "precision": 0.7045454545454546,
        "recall": 0.6,
        "f1-score": 0.6480836236933797,
        "support": 155
    },
    "UP": {
        "precision": 0.42592592592592593,
        "recall": 0.5411764705882353,
        "f1-score": 0.47668393782383417,
        "support": 85
    },
    "accuracy": 0.5791666666666667,
    "macro avg": {
        "precision": 0.5652356902356903,
        "recall": 0.5705882352941176,
        "f1-score": 0.562383780758607,
        "support": 240
    },
    "weighted avg": {
        "precision": 0.6058677048260381,
        "recall": 0.5791666666666667,
        "f1-score": 0.5873795682812489,
        "support": 240
    }
}