{
    "DOWN": {
        "precision": 0.9312424607961399,
        "recall": 0.6274722297480357,
        "f1-score": 0.7497572029783102,
        "support": 3691
    },
    "UP": {
        "precision": 0.08880053015241882,
        "recall": 0.43934426229508194,
        "f1-score": 0.14773980154355015,
        "support": 305
    },
    "accuracy": 0.6131131131131131,
    "macro avg": {
        "precision": 0.5100214954742793,
        "recall": 0.5334082460215588,
        "f1-score": 0.44874850226093016,
        "support": 3996
    },
    "weighted avg": {
        "precision": 0.8669419630868469,
        "recall": 0.6131131131131131,
        "f1-score": 0.7038074263422737,
        "support": 3996
    }
}