{
    "R2": 0.8839133108723081,
    "RMSE": 18.129918454067596,
    "MSE": 328.6939431511408,
    "MAPE": 0.011007627816898949,
    "ACMAPE": 0.8717671214877849
}