{
    "R2": 0.9974426029710404,
    "RMSE": 22.140244928094585,
    "MSE": 490.190445476018,
    "MAPE": 0.04681276861130938,
    "ACMAPE": 0.8885205815651287
}