{
    "DOWN": {
        "precision": 0.7679558011049724,
        "recall": 0.18241469816272965,
        "f1-score": 0.2948038176033934,
        "support": 762
    },
    "UP": {
        "precision": 0.14305364511691884,
        "recall": 0.7123287671232876,
        "f1-score": 0.23825887743413515,
        "support": 146
    },
    "accuracy": 0.26762114537444937,
    "macro avg": {
        "precision": 0.45550472311094564,
        "recall": 0.44737173264300867,
        "f1-score": 0.2665313475187643,
        "support": 908
    },
    "weighted avg": {
        "precision": 0.6674759390187875,
        "recall": 0.26762114537444937,
        "f1-score": 0.28571178977882106,
        "support": 908
    }
}