{
    "R2": 0.9786339955354209,
    "RMSE": 234.4756669468392,
    "MSE": 54978.83839016506,
    "MAPE": 0.027410713309779365,
    "ACMAPE": 0.9944889026101909
}