{
    "R2": -7.44774154767323,
    "RMSE": 17.643981429887738,
    "MSE": 311.3100806982234,
    "MAPE": 0.14500952247141022,
    "ACMAPE": 1.5277255718541263
}