{
    "R2": 0.7219625812727917,
    "RMSE": 12.534193738232597,
    "MSE": 157.10601266754924,
    "MAPE": 0.01881959343321747,
    "ACMAPE": 0.8006377752513992
}