{
    "R2": 0.9827128670208349,
    "RMSE": 7.412498336910846,
    "MSE": 54.94513159470606,
    "MAPE": 0.02774714725518241,
    "ACMAPE": 0.8010243697696486
}