{
    "DOWN": {
        "precision": 0.7142857142857143,
        "recall": 0.38461538461538464,
        "f1-score": 0.5,
        "support": 39
    },
    "UP": {
        "precision": 0.42857142857142855,
        "recall": 0.75,
        "f1-score": 0.5454545454545454,
        "support": 24
    },
    "accuracy": 0.5238095238095238,
    "macro avg": {
        "precision": 0.5714285714285714,
        "recall": 0.5673076923076923,
        "f1-score": 0.5227272727272727,
        "support": 63
    },
    "weighted avg": {
        "precision": 0.6054421768707482,
        "recall": 0.5238095238095238,
        "f1-score": 0.5173160173160174,
        "support": 63
    }
}