{
    "DOWN": {
        "precision": 0.912472647702407,
        "recall": 0.47278911564625853,
        "f1-score": 0.6228528752800598,
        "support": 882
    },
    "UP": {
        "precision": 0.2734375,
        "recall": 0.813953488372093,
        "f1-score": 0.40935672514619875,
        "support": 215
    },
    "accuracy": 0.5396536007292616,
    "macro avg": {
        "precision": 0.5929550738512035,
        "recall": 0.6433713020091758,
        "f1-score": 0.5161048002131293,
        "support": 1097
    },
    "weighted avg": {
        "precision": 0.787228749109866,
        "recall": 0.5396536007292616,
        "f1-score": 0.581009965272056,
        "support": 1097
    }
}