{
    "DOWN": {
        "precision": 0.7575757575757576,
        "recall": 0.625,
        "f1-score": 0.6849315068493151,
        "support": 80
    },
    "UP": {
        "precision": 0.3023255813953488,
        "recall": 0.4482758620689655,
        "f1-score": 0.36111111111111105,
        "support": 29
    },
    "accuracy": 0.5779816513761468,
    "macro avg": {
        "precision": 0.5299506694855531,
        "recall": 0.5366379310344828,
        "f1-score": 0.5230213089802132,
        "support": 109
    },
    "weighted avg": {
        "precision": 0.6364541510690434,
        "recall": 0.5779816513761468,
        "f1-score": 0.5987774566070406,
        "support": 109
    }
}