{
    "DOWN": {
        "precision": 0.7339449541284404,
        "recall": 1.0,
        "f1-score": 0.8465608465608466,
        "support": 80
    },
    "UP": {
        "precision": 0.0,
        "recall": 0.0,
        "f1-score": 0.0,
        "support": 29
    },
    "accuracy": 0.7339449541284404,
    "macro avg": {
        "precision": 0.3669724770642202,
        "recall": 0.5,
        "f1-score": 0.4232804232804233,
        "support": 109
    },
    "weighted avg": {
        "precision": 0.5386751956905985,
        "recall": 0.7339449541284404,
        "f1-score": 0.6213290616960343,
        "support": 109
    }
}