{
    "DOWN": {
        "precision": 0.6270270270270271,
        "recall": 0.6219839142091153,
        "f1-score": 0.6244952893674294,
        "support": 373
    },
    "UP": {
        "precision": 0.4125,
        "recall": 0.4177215189873418,
        "f1-score": 0.41509433962264153,
        "support": 237
    },
    "accuracy": 0.5426229508196722,
    "macro avg": {
        "precision": 0.5197635135135135,
        "recall": 0.5198527165982285,
        "f1-score": 0.5197948144950355,
        "support": 610
    },
    "weighted avg": {
        "precision": 0.5436780017722641,
        "recall": 0.5426229508196722,
        "f1-score": 0.543137871187897,
        "support": 610
    }
}