{
    "R2": 0.9198411917842693,
    "RMSE": 76.12828045561433,
    "MSE": 5795.51508512867,
    "MAPE": 0.0778832820269143,
    "ACMAPE": 0.8538395661799197
}