{
    "DOWN": {
        "precision": 0.6176470588235294,
        "recall": 0.75,
        "f1-score": 0.6774193548387097,
        "support": 28
    },
    "UP": {
        "precision": 0.46153846153846156,
        "recall": 0.3157894736842105,
        "f1-score": 0.37499999999999994,
        "support": 19
    },
    "accuracy": 0.574468085106383,
    "macro avg": {
        "precision": 0.5395927601809956,
        "recall": 0.5328947368421053,
        "f1-score": 0.5262096774193549,
        "support": 47
    },
    "weighted avg": {
        "precision": 0.5545393280061616,
        "recall": 0.574468085106383,
        "f1-score": 0.5551647220315717,
        "support": 47
    }
}