{
    "DOWN": {
        "precision": 0.7837837837837838,
        "recall": 0.38666666666666666,
        "f1-score": 0.5178571428571429,
        "support": 75
    },
    "UP": {
        "precision": 0.31343283582089554,
        "recall": 0.7241379310344828,
        "f1-score": 0.4375,
        "support": 29
    },
    "accuracy": 0.4807692307692308,
    "macro avg": {
        "precision": 0.5486083098023397,
        "recall": 0.5554022988505747,
        "f1-score": 0.47767857142857145,
        "support": 104
    },
    "weighted avg": {
        "precision": 0.65262823098644,
        "recall": 0.4807692307692308,
        "f1-score": 0.4954498626373626,
        "support": 104
    }
}