{
    "R2": 0.9885331899126051,
    "RMSE": 26.7508229659028,
    "MSE": 715.6065293530727,
    "MAPE": 0.03673789095415901,
    "ACMAPE": 0.9044267041284918
}