{
    "DOWN": {
        "precision": 0.6081370449678801,
        "recall": 0.4194977843426883,
        "f1-score": 0.49650349650349657,
        "support": 677
    },
    "UP": {
        "precision": 0.36612903225806454,
        "recall": 0.5536585365853659,
        "f1-score": 0.4407766990291262,
        "support": 410
    },
    "accuracy": 0.47010119595216193,
    "macro avg": {
        "precision": 0.4871330386129723,
        "recall": 0.48657816046402713,
        "f1-score": 0.4686400977663114,
        "support": 1087
    },
    "weighted avg": {
        "precision": 0.5168552738445826,
        "recall": 0.47010119595216193,
        "f1-score": 0.4754841892684534,
        "support": 1087
    }
}