{
    "R2": 0.20326419366488568,
    "RMSE": 15.07324104710776,
    "MSE": 227.20259566421424,
    "MAPE": 0.2193192493926011,
    "ACMAPE": 1.792848661157307
}