{
    "R2": 0.6584999598695527,
    "RMSE": 379.0266079351358,
    "MSE": 143661.16952281518,
    "MAPE": 0.036654062887224226,
    "ACMAPE": 0.8889905114853551
}