{
    "DOWN": {
        "precision": 0.8318496538081108,
        "recall": 0.4719416386083053,
        "f1-score": 0.6022198353025421,
        "support": 1782
    },
    "UP": {
        "precision": 0.23495934959349593,
        "recall": 0.6296296296296297,
        "f1-score": 0.3422143280047365,
        "support": 459
    },
    "accuracy": 0.5042391789379741,
    "macro avg": {
        "precision": 0.5334045017008033,
        "recall": 0.5507856341189674,
        "f1-score": 0.4722170816536393,
        "support": 2241
    },
    "weighted avg": {
        "precision": 0.7095950131858403,
        "recall": 0.5042391789379741,
        "f1-score": 0.548965695253594,
        "support": 2241
    }
}