{
    "R2": 0.9922482758290786,
    "RMSE": 102.4939225163916,
    "MSE": 10505.004152796086,
    "MAPE": 0.07190532932280214,
    "ACMAPE": 1.0356358992709889
}