{
    "DOWN": {
        "precision": 0.7466375863322429,
        "recall": 0.6547656997131017,
        "f1-score": 0.6976902173913044,
        "support": 3137
    },
    "UP": {
        "precision": 0.3260734287492221,
        "recall": 0.42915642915642915,
        "f1-score": 0.37057991513437055,
        "support": 1221
    },
    "accuracy": 0.5915557595227169,
    "macro avg": {
        "precision": 0.5363555075407325,
        "recall": 0.5419610644347654,
        "f1-score": 0.5341350662628375,
        "support": 4358
    },
    "weighted avg": {
        "precision": 0.6288062792168532,
        "recall": 0.5915557595227169,
        "f1-score": 0.6060422873647517,
        "support": 4358
    }
}