{
    "R2": 0.7218525098570078,
    "RMSE": 540.8805735153087,
    "MSE": 292551.7948062492,
    "MAPE": 0.11766766298742375,
    "ACMAPE": 1.050081456090872
}