{
    "DOWN": {
        "precision": 0.6175438596491228,
        "recall": 0.6579439252336449,
        "f1-score": 0.6371040723981901,
        "support": 535
    },
    "UP": {
        "precision": 0.4208860759493671,
        "recall": 0.3789173789173789,
        "f1-score": 0.39880059970014986,
        "support": 351
    },
    "accuracy": 0.5474040632054176,
    "macro avg": {
        "precision": 0.519214967799245,
        "recall": 0.5184306520755119,
        "f1-score": 0.51795233604917,
        "support": 886
    },
    "weighted avg": {
        "precision": 0.5396354148651338,
        "recall": 0.5474040632054176,
        "f1-score": 0.5426971661713141,
        "support": 886
    }
}