{
    "DOWN": {
        "precision": 0.7068965517241379,
        "recall": 0.4611059044048735,
        "f1-score": 0.5581395348837209,
        "support": 1067
    },
    "UP": {
        "precision": 0.38238453276047263,
        "recall": 0.6357142857142857,
        "f1-score": 0.47753185781354796,
        "support": 560
    },
    "accuracy": 0.5212046711739398,
    "macro avg": {
        "precision": 0.5446405422423053,
        "recall": 0.5484100950595796,
        "f1-score": 0.5178356963486345,
        "support": 1627
    },
    "weighted avg": {
        "precision": 0.5952021874834172,
        "recall": 0.5212046711739398,
        "f1-score": 0.530395036322383,
        "support": 1627
    }
}