{
    "DOWN": {
        "precision": 0.703125,
        "recall": 0.6405693950177936,
        "f1-score": 0.6703910614525139,
        "support": 281
    },
    "UP": {
        "precision": 0.33986928104575165,
        "recall": 0.40625,
        "f1-score": 0.37010676156583633,
        "support": 128
    },
    "accuracy": 0.5672371638141809,
    "macro avg": {
        "precision": 0.5214971405228759,
        "recall": 0.5234096975088969,
        "f1-score": 0.5202489115091751,
        "support": 409
    },
    "weighted avg": {
        "precision": 0.5894410586157854,
        "recall": 0.5672371638141809,
        "f1-score": 0.5764145568425023,
        "support": 409
    }
}