{
    "R2": 0.6939149086098182,
    "RMSE": 8.47215658604111,
    "MSE": 71.77743721839975,
    "MAPE": 0.06818441501643815,
    "ACMAPE": 1.1334475729111748
}