{
    "DOWN": {
        "precision": 0.8214285714285714,
        "recall": 0.36220472440944884,
        "f1-score": 0.5027322404371585,
        "support": 3048
    },
    "UP": {
        "precision": 0.20588235294117646,
        "recall": 0.6774193548387096,
        "f1-score": 0.3157894736842105,
        "support": 744
    },
    "accuracy": 0.4240506329113924,
    "macro avg": {
        "precision": 0.5136554621848739,
        "recall": 0.5198120396240793,
        "f1-score": 0.4092608570606845,
        "support": 3792
    },
    "weighted avg": {
        "precision": 0.7006568450164876,
        "recall": 0.4240506329113924,
        "f1-score": 0.4660535963274029,
        "support": 3792
    }
}