{
    "R2": 0.9367162258672896,
    "RMSE": 24.14107373434209,
    "MSE": 582.7914410469415,
    "MAPE": 0.04350016463022597,
    "ACMAPE": 1.4168827893991722
}