{
    "DOWN": {
        "precision": 0.6654411764705882,
        "recall": 0.46055979643765904,
        "f1-score": 0.544360902255639,
        "support": 393
    },
    "UP": {
        "precision": 0.3819241982507289,
        "recall": 0.5900900900900901,
        "f1-score": 0.463716814159292,
        "support": 222
    },
    "accuracy": 0.5073170731707317,
    "macro avg": {
        "precision": 0.5236826873606586,
        "recall": 0.5253249432638746,
        "f1-score": 0.5040388582074655,
        "support": 615
    },
    "weighted avg": {
        "precision": 0.5630984623814682,
        "recall": 0.5073170731707317,
        "f1-score": 0.5152503533818357,
        "support": 615
    }
}