{
    "R2": 0.6236824754566008,
    "RMSE": 70.28184827234713,
    "MSE": 4939.538196577223,
    "MAPE": 0.04748811291416945,
    "ACMAPE": 1.0384791039051606
}