{
    "DOWN": {
        "precision": 0.5846153846153846,
        "recall": 0.5757575757575758,
        "f1-score": 0.5801526717557253,
        "support": 66
    },
    "UP": {
        "precision": 0.391304347826087,
        "recall": 0.4,
        "f1-score": 0.3956043956043956,
        "support": 45
    },
    "accuracy": 0.5045045045045045,
    "macro avg": {
        "precision": 0.48795986622073584,
        "recall": 0.4878787878787879,
        "f1-score": 0.4878785336800604,
        "support": 111
    },
    "weighted avg": {
        "precision": 0.5062460453764802,
        "recall": 0.5045045045045045,
        "f1-score": 0.5053358030457268,
        "support": 111
    }
}