{
    "R2": 0.5576780102499044,
    "RMSE": 481.22677910205215,
    "MSE": 231579.21292493527,
    "MAPE": 0.14079447964142772,
    "ACMAPE": 1.1694477747703675
}