{
    "DOWN": {
        "precision": 0.5864485981308412,
        "recall": 0.49506903353057197,
        "f1-score": 0.5368983957219251,
        "support": 507
    },
    "UP": {
        "precision": 0.41418764302059496,
        "recall": 0.505586592178771,
        "f1-score": 0.45534591194968554,
        "support": 358
    },
    "accuracy": 0.49942196531791905,
    "macro avg": {
        "precision": 0.5003181205757181,
        "recall": 0.5003278128546715,
        "f1-score": 0.4961221538358053,
        "support": 865
    },
    "weighted avg": {
        "precision": 0.5151544687326121,
        "recall": 0.49942196531791905,
        "f1-score": 0.5031460382763046,
        "support": 865
    }
}