{
    "R2": 0.9866750589730375,
    "RMSE": 91.84500340896271,
    "MSE": 8435.504651192372,
    "MAPE": 0.024146065636958015,
    "ACMAPE": 1.2713933128842054
}