{
    "R2": 0.9892795950675553,
    "RMSE": 16.28914584223791,
    "MSE": 265.3362722696966,
    "MAPE": 0.06410813537276619,
    "ACMAPE": 0.8745514315381184
}