{
    "DOWN": {
        "precision": 0.8333333333333334,
        "recall": 0.18867924528301888,
        "f1-score": 0.3076923076923077,
        "support": 53
    },
    "UP": {
        "precision": 0.410958904109589,
        "recall": 0.9375,
        "f1-score": 0.5714285714285715,
        "support": 32
    },
    "accuracy": 0.47058823529411764,
    "macro avg": {
        "precision": 0.6221461187214612,
        "recall": 0.5630896226415094,
        "f1-score": 0.4395604395604396,
        "support": 85
    },
    "weighted avg": {
        "precision": 0.6743217835079237,
        "recall": 0.47058823529411764,
        "f1-score": 0.4069812540400776,
        "support": 85
    }
}