{
    "DOWN": {
        "precision": 0.6818545163868905,
        "recall": 0.42061143984220906,
        "f1-score": 0.5202805733455322,
        "support": 2028
    },
    "UP": {
        "precision": 0.36417748917748916,
        "recall": 0.6283846872082166,
        "f1-score": 0.46111682082905103,
        "support": 1071
    },
    "accuracy": 0.4924169086802194,
    "macro avg": {
        "precision": 0.5230160027821898,
        "recall": 0.5244980635252128,
        "f1-score": 0.49069869708729164,
        "support": 3099
    },
    "weighted avg": {
        "precision": 0.5720668119205243,
        "recall": 0.4924169086802194,
        "f1-score": 0.4998338553896912,
        "support": 3099
    }
}