{
    "R2": 0.8547941275046158,
    "RMSE": 319.3874711031972,
    "MSE": 102008.35669769564,
    "MAPE": 0.12095838365873937,
    "ACMAPE": 0.9658888011537692
}