{
    "DOWN": {
        "precision": 0.5671641791044776,
        "recall": 0.35023041474654376,
        "f1-score": 0.43304843304843305,
        "support": 217
    },
    "UP": {
        "precision": 0.3705357142857143,
        "recall": 0.5886524822695035,
        "f1-score": 0.4547945205479452,
        "support": 141
    },
    "accuracy": 0.4441340782122905,
    "macro avg": {
        "precision": 0.46884994669509594,
        "recall": 0.4694414485080236,
        "f1-score": 0.44392147679818916,
        "support": 358
    },
    "weighted avg": {
        "precision": 0.48972112452502053,
        "recall": 0.4441340782122905,
        "f1-score": 0.4416132328736599,
        "support": 358
    }
}