{
    "DOWN": {
        "precision": 0.8636734693877551,
        "recall": 0.6295745313894674,
        "f1-score": 0.728273963173292,
        "support": 3361
    },
    "UP": {
        "precision": 0.1926070038910506,
        "recall": 0.4706814580031696,
        "f1-score": 0.2733548090197883,
        "support": 631
    },
    "accuracy": 0.6044589178356713,
    "macro avg": {
        "precision": 0.5281402366394029,
        "recall": 0.5501279946963185,
        "f1-score": 0.5008143860965402,
        "support": 3992
    },
    "weighted avg": {
        "precision": 0.7576005886942629,
        "recall": 0.6044589178356713,
        "f1-score": 0.6563666519831965,
        "support": 3992
    }
}