{
    "DOWN": {
        "precision": 0.6328502415458938,
        "recall": 0.23392857142857143,
        "f1-score": 0.3415906127770535,
        "support": 560
    },
    "UP": {
        "precision": 0.34802431610942247,
        "recall": 0.7508196721311475,
        "f1-score": 0.47559709241952225,
        "support": 305
    },
    "accuracy": 0.4161849710982659,
    "macro avg": {
        "precision": 0.4904372788276581,
        "recall": 0.4923741217798595,
        "f1-score": 0.40859385259828784,
        "support": 865
    },
    "weighted avg": {
        "precision": 0.5324202909584674,
        "recall": 0.4161849710982659,
        "f1-score": 0.3888414524197737,
        "support": 865
    }
}