{
    "R2": 0.9520599864424818,
    "RMSE": 30.080926375256627,
    "MSE": 904.8621315936099,
    "MAPE": 1654946603277.5435,
    "ACMAPE": 1654946603278.2793
}