{
    "R2": 0.6272161676205483,
    "RMSE": 25.871125321414677,
    "MSE": 669.3151253963438,
    "MAPE": 0.09514531507495691,
    "ACMAPE": 0.9439258028798351
}