{
    "DOWN": {
        "precision": 0.6277939747327502,
        "recall": 0.5711759504862953,
        "f1-score": 0.5981481481481482,
        "support": 1131
    },
    "UP": {
        "precision": 0.38373570520965694,
        "recall": 0.4408759124087591,
        "f1-score": 0.41032608695652173,
        "support": 685
    },
    "accuracy": 0.5220264317180616,
    "macro avg": {
        "precision": 0.5057648399712036,
        "recall": 0.5060259314475273,
        "f1-score": 0.504237117552335,
        "support": 1816
    },
    "weighted avg": {
        "precision": 0.5357345503807024,
        "recall": 0.5220264317180616,
        "f1-score": 0.52730117022069,
        "support": 1816
    }
}