{
    "DOWN": {
        "precision": 0.5767676767676768,
        "recall": 0.5062056737588653,
        "f1-score": 0.5391879131255903,
        "support": 1128
    },
    "UP": {
        "precision": 0.3174019607843137,
        "recall": 0.38200589970501475,
        "f1-score": 0.3467202141900937,
        "support": 678
    },
    "accuracy": 0.45957918050941304,
    "macro avg": {
        "precision": 0.44708481877599526,
        "recall": 0.44410578673194,
        "f1-score": 0.442954063657842,
        "support": 1806
    },
    "weighted avg": {
        "precision": 0.4793978232589724,
        "recall": 0.45957918050941304,
        "f1-score": 0.46693259757837724,
        "support": 1806
    }
}