{
    "R2": 0.9211297193802024,
    "RMSE": 44.164141315234964,
    "MSE": 1950.4713781120438,
    "MAPE": 0.1676952047777145,
    "ACMAPE": 1.262200699283209
}