{
    "R2": -0.3285927417567793,
    "RMSE": 12.522719744891948,
    "MSE": 156.81850980910664,
    "MAPE": 0.07445800326574328,
    "ACMAPE": 0.7896897913452136
}