{
    "R2": 0.6770086920372139,
    "RMSE": 20.14894185191169,
    "MSE": 405.97985775171844,
    "MAPE": 0.06881972908812996,
    "ACMAPE": 0.8868808180655535
}