{
    "DOWN": {
        "precision": 0.8426294820717132,
        "recall": 0.6399394856278366,
        "f1-score": 0.7274290627687017,
        "support": 661
    },
    "UP": {
        "precision": 0.34615384615384615,
        "recall": 0.6146341463414634,
        "f1-score": 0.4428822495606327,
        "support": 205
    },
    "accuracy": 0.6339491916859122,
    "macro avg": {
        "precision": 0.5943916641127797,
        "recall": 0.6272868159846501,
        "f1-score": 0.5851556561646671,
        "support": 866
    },
    "weighted avg": {
        "precision": 0.7251034943544351,
        "recall": 0.6339491916859122,
        "f1-score": 0.6600709834296091,
        "support": 866
    }
}