{
    "R2": 0.9903308224979631,
    "RMSE": 52.726914203406835,
    "MSE": 2780.1274814134254,
    "MAPE": 0.08409871251462246,
    "ACMAPE": 1.4112716839266928
}