{
    "DOWN": {
        "precision": 0.5977961432506887,
        "recall": 0.7091503267973857,
        "f1-score": 0.648729446935725,
        "support": 306
    },
    "UP": {
        "precision": 0.4066666666666667,
        "recall": 0.2946859903381642,
        "f1-score": 0.3417366946778711,
        "support": 207
    },
    "accuracy": 0.5419103313840156,
    "macro avg": {
        "precision": 0.5022314049586777,
        "recall": 0.501918158567775,
        "f1-score": 0.495233070806798,
        "support": 513
    },
    "weighted avg": {
        "precision": 0.5206737228746798,
        "recall": 0.5419103313840156,
        "f1-score": 0.5248551784808015,
        "support": 513
    }
}