{
    "R2": 0.6293338031295695,
    "RMSE": 7.9949357763710545,
    "MSE": 63.91899806829783,
    "MAPE": 0.06961677526355332,
    "ACMAPE": 1.3488960545428326
}