{
    "R2": 0.7839296530051125,
    "RMSE": 66.94334910396537,
    "MSE": 4481.411989255382,
    "MAPE": 0.10303392660848792,
    "ACMAPE": 0.8599327439540858
}