{
    "R2": 0.9752967074913353,
    "RMSE": 60.335658834979455,
    "MSE": 3640.391727051034,
    "MAPE": 0.045745718958587006,
    "ACMAPE": 1.0967261111154498
}