{
    "R2": 0.8656177575594887,
    "RMSE": 141.15560716617236,
    "MSE": 19924.905434450768,
    "MAPE": 0.18146155634814448,
    "ACMAPE": 1.1948693775771948
}