{
    "DOWN": {
        "precision": 0.6,
        "recall": 0.6510638297872341,
        "f1-score": 0.6244897959183674,
        "support": 235
    },
    "UP": {
        "precision": 0.44966442953020136,
        "recall": 0.39644970414201186,
        "f1-score": 0.4213836477987422,
        "support": 169
    },
    "accuracy": 0.5445544554455446,
    "macro avg": {
        "precision": 0.5248322147651007,
        "recall": 0.523756766964623,
        "f1-score": 0.5229367218585548,
        "support": 404
    },
    "weighted avg": {
        "precision": 0.5371121004717921,
        "recall": 0.5445544554455446,
        "f1-score": 0.5395270755415934,
        "support": 404
    }
}