{
    "DOWN": {
        "precision": 0.7012987012987013,
        "recall": 0.1875,
        "f1-score": 0.2958904109589041,
        "support": 576
    },
    "UP": {
        "precision": 0.16428571428571428,
        "recall": 0.6666666666666666,
        "f1-score": 0.26361031518624645,
        "support": 138
    },
    "accuracy": 0.2801120448179272,
    "macro avg": {
        "precision": 0.4327922077922078,
        "recall": 0.4270833333333333,
        "f1-score": 0.2797503630725753,
        "support": 714
    },
    "weighted avg": {
        "precision": 0.5975062752373677,
        "recall": 0.2801120448179272,
        "f1-score": 0.28965140085158375,
        "support": 714
    }
}