{
    "R2": 0.9160691681576675,
    "RMSE": 66.3569243419848,
    "MSE": 4403.241408127895,
    "MAPE": 0.03746883302096291,
    "ACMAPE": 0.7931940238606576
}