{
    "R2": 0.9892048606391504,
    "RMSE": 53.560896467463365,
    "MSE": 2868.76963039833,
    "MAPE": 0.14765238644525636,
    "ACMAPE": 1.1130048356686733
}