{
    "R2": 0.9939231956385742,
    "RMSE": 11.655379115195013,
    "MSE": 135.84786231892406,
    "MAPE": 0.01899116724107043,
    "ACMAPE": 0.9368743789199024
}