{
    "R2": 0.9942932322643686,
    "RMSE": 11.312115994155642,
    "MSE": 127.96396826523187,
    "MAPE": 0.018450974596625334,
    "ACMAPE": 0.8759403621042058
}