{
    "R2": 0.9661021794767178,
    "RMSE": 49.49558881005418,
    "MSE": 2449.81331165396,
    "MAPE": 0.01567676123651205,
    "ACMAPE": 1.1836516434971087
}