{
    "DOWN": {
        "precision": 0.8665568369028006,
        "recall": 0.3157262905162065,
        "f1-score": 0.46282446106467223,
        "support": 1666
    },
    "UP": {
        "precision": 0.12910618792971734,
        "recall": 0.676,
        "f1-score": 0.21680564464400254,
        "support": 250
    },
    "accuracy": 0.3627348643006263,
    "macro avg": {
        "precision": 0.497831512416259,
        "recall": 0.49586314525810327,
        "f1-score": 0.3398150528543374,
        "support": 1916
    },
    "weighted avg": {
        "precision": 0.7703341530597574,
        "recall": 0.3627348643006263,
        "f1-score": 0.43072388480936563,
        "support": 1916
    }
}