{
    "R2": 0.9960674075683164,
    "RMSE": 54.66487272222448,
    "MSE": 2988.2483097370023,
    "MAPE": 0.06701694948085823,
    "ACMAPE": 1.0293993946219242
}