{
    "R2": 0.9949080864171346,
    "RMSE": 62.24619778877757,
    "MSE": 3874.589139159618,
    "MAPE": 0.10698057891810571,
    "ACMAPE": 1.1072407922930732
}