{
    "R2": 0.9638206645629692,
    "RMSE": 4.632416977917838,
    "MSE": 21.45928705730144,
    "MAPE": 0.044830270212073184,
    "ACMAPE": 0.6480206989259317
}