{
    "R2": 0.8718217099282292,
    "RMSE": 257.6747709186759,
    "MSE": 66396.2875679921,
    "MAPE": 0.056819336416429125,
    "ACMAPE": 1.1697225622228806
}