{
    "R2": 0.9887170915135317,
    "RMSE": 3.744562338476233,
    "MSE": 14.021747106734594,
    "MAPE": 0.0366270383445054,
    "ACMAPE": 1.1143655542455655
}