{
    "R2": -0.1006051677251687,
    "RMSE": 5.877429076228043,
    "MSE": 34.54417254609083,
    "MAPE": 0.05942088091974843,
    "ACMAPE": 0.8006796221784896
}