{
    "DOWN": {
        "precision": 0.60207336523126,
        "recall": 0.4954068241469816,
        "f1-score": 0.5435565154787617,
        "support": 1524
    },
    "UP": {
        "precision": 0.43745427944403803,
        "recall": 0.545123062898815,
        "f1-score": 0.48538961038961037,
        "support": 1097
    },
    "accuracy": 0.5162151850438764,
    "macro avg": {
        "precision": 0.5197638223376491,
        "recall": 0.5202649435228983,
        "f1-score": 0.514473062934186,
        "support": 2621
    },
    "weighted avg": {
        "precision": 0.5331732747663296,
        "recall": 0.5162151850438764,
        "f1-score": 0.519211191219777,
        "support": 2621
    }
}