{
    "DOWN": {
        "precision": 0.6414141414141414,
        "recall": 0.2702127659574468,
        "f1-score": 0.38023952095808383,
        "support": 470
    },
    "UP": {
        "precision": 0.25272331154684097,
        "recall": 0.6203208556149733,
        "f1-score": 0.3591331269349845,
        "support": 187
    },
    "accuracy": 0.3698630136986301,
    "macro avg": {
        "precision": 0.44706872648049123,
        "recall": 0.44526681078621005,
        "f1-score": 0.36968632394653417,
        "support": 657
    },
    "weighted avg": {
        "precision": 0.5307822004930072,
        "recall": 0.3698630136986301,
        "f1-score": 0.37423206938682113,
        "support": 657
    }
}