{
    "DOWN": {
        "precision": 0.9148936170212766,
        "recall": 0.524390243902439,
        "f1-score": 0.6666666666666667,
        "support": 82
    },
    "UP": {
        "precision": 0.25,
        "recall": 0.7647058823529411,
        "f1-score": 0.37681159420289856,
        "support": 17
    },
    "accuracy": 0.5656565656565656,
    "macro avg": {
        "precision": 0.5824468085106382,
        "recall": 0.6445480631276901,
        "f1-score": 0.5217391304347827,
        "support": 99
    },
    "weighted avg": {
        "precision": 0.8007199656135826,
        "recall": 0.5656565656565656,
        "f1-score": 0.6168935734153126,
        "support": 99
    }
}