{
    "DOWN": {
        "precision": 0.9654036243822076,
        "recall": 0.5807730426164519,
        "f1-score": 0.7252475247524753,
        "support": 1009
    },
    "UP": {
        "precision": 0.11134453781512606,
        "recall": 0.7162162162162162,
        "f1-score": 0.19272727272727275,
        "support": 74
    },
    "accuracy": 0.590027700831025,
    "macro avg": {
        "precision": 0.5383740810986668,
        "recall": 0.6484946294163341,
        "f1-score": 0.45898739873987404,
        "support": 1083
    },
    "weighted avg": {
        "precision": 0.9070468631578641,
        "recall": 0.590027700831025,
        "f1-score": 0.6888610994063397,
        "support": 1083
    }
}