{
    "R2": 0.9500222482149131,
    "RMSE": 10.644815116643034,
    "MSE": 113.31208886751207,
    "MAPE": 0.11280941779823733,
    "ACMAPE": 1.3421672159633748
}