{
    "R2": 0.976743753370868,
    "RMSE": 26.791674885159832,
    "MSE": 717.793843152104,
    "MAPE": 0.062235174603900226,
    "ACMAPE": 1.0288399983515812
}