{
    "R2": 0.9862913966070683,
    "RMSE": 25.62288818537464,
    "MSE": 656.5323989602114,
    "MAPE": 0.028730203145147362,
    "ACMAPE": 0.9849473660173015
}