{
    "R2": 0.9223587877921108,
    "RMSE": 14.117582787710194,
    "MSE": 199.30614376785115,
    "MAPE": 0.11437835149326199,
    "ACMAPE": 1.5196171804609044
}