{
    "DOWN": {
        "precision": 0.8407350689127105,
        "recall": 0.48814463544754,
        "f1-score": 0.6176636039752484,
        "support": 3374
    },
    "UP": {
        "precision": 0.2402111746590409,
        "recall": 0.6363636363636364,
        "f1-score": 0.34877036090705843,
        "support": 858
    },
    "accuracy": 0.5181947069943289,
    "macro avg": {
        "precision": 0.5404731217858757,
        "recall": 0.5622541359055881,
        "f1-score": 0.4832169824411534,
        "support": 4232
    },
    "weighted avg": {
        "precision": 0.7189842415805631,
        "recall": 0.5181947069943289,
        "f1-score": 0.5631479133910077,
        "support": 4232
    }
}