{
    "R2": 0.977294069590994,
    "RMSE": 304.84626391362406,
    "MSE": 92931.24462209494,
    "MAPE": 0.0902477248819495,
    "ACMAPE": 1.1090015058861844
}