{
    "R2": 0.8977890012989095,
    "RMSE": 6.202851560955003,
    "MSE": 38.47536748724192,
    "MAPE": 0.03964990927925811,
    "ACMAPE": 1.2041743308730883
}