{
    "R2": 0.9859798741621254,
    "RMSE": 46.40710107795406,
    "MSE": 2153.619030459445,
    "MAPE": 0.05817454625244384,
    "ACMAPE": 1.41436502244292
}