{
    "R2": 0.8714160319520151,
    "RMSE": 180.66517712605403,
    "MSE": 32639.906225988478,
    "MAPE": 0.04110654077498182,
    "ACMAPE": 1.0411065407749818
}