{
    "DOWN": {
        "precision": 0.591919191919192,
        "recall": 0.6782407407407407,
        "f1-score": 0.6321467098166128,
        "support": 432
    },
    "UP": {
        "precision": 0.37668161434977576,
        "recall": 0.2937062937062937,
        "f1-score": 0.33005893909626716,
        "support": 286
    },
    "accuracy": 0.5250696378830083,
    "macro avg": {
        "precision": 0.48430040313448386,
        "recall": 0.4859735172235172,
        "f1-score": 0.48110282445644,
        "support": 718
    },
    "weighted avg": {
        "precision": 0.5061838894333243,
        "recall": 0.5250696378830083,
        "f1-score": 0.5118164835965308,
        "support": 718
    }
}