{
    "R2": 0.9320343491850426,
    "RMSE": 25.898403267919974,
    "MSE": 670.727291827808,
    "MAPE": 0.03956118930726313,
    "ACMAPE": 1.0593117090577828
}