{
    "DOWN": {
        "precision": 0.7305389221556886,
        "recall": 0.5596330275229358,
        "f1-score": 0.6337662337662338,
        "support": 218
    },
    "UP": {
        "precision": 0.36,
        "recall": 0.5454545454545454,
        "f1-score": 0.43373493975903615,
        "support": 99
    },
    "accuracy": 0.555205047318612,
    "macro avg": {
        "precision": 0.5452694610778444,
        "recall": 0.5525437864887406,
        "f1-score": 0.533750586762635,
        "support": 317
    },
    "weighted avg": {
        "precision": 0.6148185647632181,
        "recall": 0.555205047318612,
        "f1-score": 0.5712958927355948,
        "support": 317
    }
}