{
    "DOWN": {
        "precision": 0.5394265232974911,
        "recall": 0.5689981096408318,
        "f1-score": 0.5538178472861085,
        "support": 529
    },
    "UP": {
        "precision": 0.4584323040380047,
        "recall": 0.4288888888888889,
        "f1-score": 0.4431687715269805,
        "support": 450
    },
    "accuracy": 0.5045965270684372,
    "macro avg": {
        "precision": 0.4989294136677479,
        "recall": 0.4989434992648603,
        "f1-score": 0.49849330940654446,
        "support": 979
    },
    "weighted avg": {
        "precision": 0.5021973111761746,
        "recall": 0.5045965270684372,
        "f1-score": 0.5029577001036697,
        "support": 979
    }
}