{
    "R2": -0.3837763035015911,
    "RMSE": 1160.760288568227,
    "MSE": 1347364.4475169939,
    "MAPE": 0.36725220665434893,
    "ACMAPE": 1.185879657634741
}