{
    "R2": -0.3138647859255175,
    "RMSE": 1131.0581503599772,
    "MSE": 1279292.5394957326,
    "MAPE": 0.3734712756356196,
    "ACMAPE": 1.1602359815179726
}