{
    "DOWN": {
        "precision": 0.9074131036604122,
        "recall": 0.7726558407543216,
        "f1-score": 0.834630074975244,
        "support": 3818
    },
    "UP": {
        "precision": 0.30448717948717946,
        "recall": 0.5580029368575624,
        "f1-score": 0.3939865215137377,
        "support": 681
    },
    "accuracy": 0.7401644809957768,
    "macro avg": {
        "precision": 0.6059501415737958,
        "recall": 0.665329388805942,
        "f1-score": 0.6143082982444908,
        "support": 4499
    },
    "weighted avg": {
        "precision": 0.8161500331198539,
        "recall": 0.7401644809957768,
        "f1-score": 0.7679311952447959,
        "support": 4499
    }
}