{
    "R2": 0.9550972409395337,
    "RMSE": 15.156032060890928,
    "MSE": 229.7053078307537,
    "MAPE": 0.03710632287958676,
    "ACMAPE": 0.8265219788884071
}