{
    "DOWN": {
        "precision": 0.6778242677824268,
        "recall": 0.702819956616052,
        "f1-score": 0.6900958466453675,
        "support": 461
    },
    "UP": {
        "precision": 0.4541832669322709,
        "recall": 0.4253731343283582,
        "f1-score": 0.43930635838150284,
        "support": 268
    },
    "accuracy": 0.6008230452674898,
    "macro avg": {
        "precision": 0.5660037673573488,
        "recall": 0.5640965454722051,
        "f1-score": 0.5647011025134352,
        "support": 729
    },
    "weighted avg": {
        "precision": 0.5956078230254421,
        "recall": 0.6008230452674898,
        "f1-score": 0.5978988879969234,
        "support": 729
    }
}