{
    "R2": 0.8476071132944729,
    "RMSE": 35.26405834908248,
    "MSE": 1243.5538112474937,
    "MAPE": 0.030460005990155508,
    "ACMAPE": 1.3383778945532052
}