{
    "R2": 0.9801911810540933,
    "RMSE": 13.515391497092494,
    "MSE": 182.66580731968008,
    "MAPE": 0.03800186518538965,
    "ACMAPE": 0.8874642307767874
}