{
    "R2": 0.41330338534093036,
    "RMSE": 91.10614497879662,
    "MSE": 8300.329652897508,
    "MAPE": 0.04589549173509669,
    "ACMAPE": 1.0624244173549313
}