{
    "DOWN": {
        "precision": 0.7161100196463654,
        "recall": 0.3959804454101032,
        "f1-score": 0.5099685204616999,
        "support": 1841
    },
    "UP": {
        "precision": 0.21022727272727273,
        "recall": 0.505982905982906,
        "f1-score": 0.2970396387355745,
        "support": 585
    },
    "accuracy": 0.42250618301731246,
    "macro avg": {
        "precision": 0.4631686461868191,
        "recall": 0.4509816756965046,
        "f1-score": 0.4035040795986372,
        "support": 2426
    },
    "weighted avg": {
        "precision": 0.5941226301378456,
        "recall": 0.42250618301731246,
        "f1-score": 0.45862334494241574,
        "support": 2426
    }
}