{
    "DOWN": {
        "precision": 0.7917705735660848,
        "recall": 0.1704697986577181,
        "f1-score": 0.28053898829246743,
        "support": 3725
    },
    "UP": {
        "precision": 0.12190963341858482,
        "recall": 0.7197986577181208,
        "f1-score": 0.20850546780072904,
        "support": 596
    },
    "accuracy": 0.24623929645915296,
    "macro avg": {
        "precision": 0.45684010349233484,
        "recall": 0.4451342281879195,
        "f1-score": 0.24452222804659823,
        "support": 4321
    },
    "weighted avg": {
        "precision": 0.6993759611319469,
        "recall": 0.24623929645915296,
        "f1-score": 0.270603330293607,
        "support": 4321
    }
}