{
    "DOWN": {
        "precision": 0.6684782608695652,
        "recall": 0.6567004805125467,
        "f1-score": 0.6625370320495556,
        "support": 1873
    },
    "UP": {
        "precision": 0.391674550614948,
        "recall": 0.404296875,
        "f1-score": 0.39788563190773674,
        "support": 1024
    },
    "accuracy": 0.5674836037279944,
    "macro avg": {
        "precision": 0.5300764057422566,
        "recall": 0.5304986777562734,
        "f1-score": 0.5302113319786461,
        "support": 2897
    },
    "weighted avg": {
        "precision": 0.5706367008762175,
        "recall": 0.5674836037279944,
        "f1-score": 0.5689909382472695,
        "support": 2897
    }
}