{
    "R2": 0.989428198360467,
    "RMSE": 5.660272575380627,
    "MSE": 32.03868562760603,
    "MAPE": 0.03536687425787855,
    "ACMAPE": 1.0214111475976284
}