{
    "DOWN": {
        "precision": 0.7632398753894081,
        "recall": 0.48659384309831183,
        "f1-score": 0.5942995755003032,
        "support": 1007
    },
    "UP": {
        "precision": 0.4118316268486917,
        "recall": 0.7042801556420234,
        "f1-score": 0.5197415649676957,
        "support": 514
    },
    "accuracy": 0.5601577909270217,
    "macro avg": {
        "precision": 0.5875357511190499,
        "recall": 0.5954369993701676,
        "f1-score": 0.5570205702339994,
        "support": 1521
    },
    "weighted avg": {
        "precision": 0.6444865290712436,
        "recall": 0.5601577909270217,
        "f1-score": 0.569103771809468,
        "support": 1521
    }
}