{
    "R2": 0.9887793732487606,
    "RMSE": 19.827966304650626,
    "MSE": 393.1482477783606,
    "MAPE": 0.05882952082787503,
    "ACMAPE": 0.8065733970633715
}