{
    "R2": 0.9959012259575871,
    "RMSE": 91.45545431701679,
    "MSE": 8364.100124331944,
    "MAPE": 0.08668953008136232,
    "ACMAPE": 0.9041607944491785
}