{
    "R2": -37.13604402988699,
    "RMSE": 259.5976022148535,
    "MSE": 67390.91507570133,
    "MAPE": 0.9214668953027664,
    "ACMAPE": 1.8166874835380606
}