{
    "DOWN": {
        "precision": 0.6833333333333333,
        "recall": 0.09172259507829977,
        "f1-score": 0.16173570019723862,
        "support": 447
    },
    "UP": {
        "precision": 0.32669983416252074,
        "recall": 0.9120370370370371,
        "f1-score": 0.4810744810744811,
        "support": 216
    },
    "accuracy": 0.358974358974359,
    "macro avg": {
        "precision": 0.505016583747927,
        "recall": 0.5018798160576684,
        "f1-score": 0.32140509063585987,
        "support": 663
    },
    "weighted avg": {
        "precision": 0.5671450440107156,
        "recall": 0.358974358974359,
        "f1-score": 0.2657736740576977,
        "support": 663
    }
}