{
    "R2": 0.9585914692657644,
    "RMSE": 22.73843081759434,
    "MSE": 517.0362360465241,
    "MAPE": 0.051016261141648485,
    "ACMAPE": 1.0655652427129385
}