{
    "R2": 0.9138715839640791,
    "RMSE": 38.73081817576466,
    "MSE": 1500.0762765641423,
    "MAPE": 0.07994863931357593,
    "ACMAPE": 1.1322797525390755
}