{
    "R2": 0.9122501333320132,
    "RMSE": 60.99957833135641,
    "MSE": 3720.9485566032868,
    "MAPE": 0.07064406195498589,
    "ACMAPE": 0.5867372916997139
}