{
    "DOWN": {
        "precision": 0.5955056179775281,
        "recall": 0.5955056179775281,
        "f1-score": 0.5955056179775281,
        "support": 89
    },
    "UP": {
        "precision": 0.3793103448275862,
        "recall": 0.3793103448275862,
        "f1-score": 0.3793103448275862,
        "support": 58
    },
    "accuracy": 0.5102040816326531,
    "macro avg": {
        "precision": 0.48740798140255714,
        "recall": 0.48740798140255714,
        "f1-score": 0.48740798140255714,
        "support": 147
    },
    "weighted avg": {
        "precision": 0.5102040816326531,
        "recall": 0.5102040816326531,
        "f1-score": 0.5102040816326531,
        "support": 147
    }
}