{
    "R2": -3.225930283669694,
    "RMSE": 41.799314182339614,
    "MSE": 1747.1826661139376,
    "MAPE": 0.2659296022329688,
    "ACMAPE": 0.8383201746235412
}