{
    "R2": -0.9335335406314578,
    "RMSE": 28.273778228469034,
    "MSE": 799.4065353126496,
    "MAPE": 0.20503350469882453,
    "ACMAPE": 1.6999829996483193
}