{
    "DOWN": {
        "precision": 0.7248104008667389,
        "recall": 0.6925465838509317,
        "f1-score": 0.7083112758073055,
        "support": 966
    },
    "UP": {
        "precision": 0.2481012658227848,
        "recall": 0.2784090909090909,
        "f1-score": 0.2623828647925034,
        "support": 352
    },
    "accuracy": 0.5819423368740516,
    "macro avg": {
        "precision": 0.48645583334476183,
        "recall": 0.48547783738001127,
        "f1-score": 0.4853470702999044,
        "support": 1318
    },
    "weighted avg": {
        "precision": 0.5974950628276859,
        "recall": 0.5819423368740516,
        "f1-score": 0.5892165863708788,
        "support": 1318
    }
}