{
    "DOWN": {
        "precision": 0.6710097719869706,
        "recall": 0.5819209039548022,
        "f1-score": 0.6232980332829047,
        "support": 354
    },
    "UP": {
        "precision": 0.4196078431372549,
        "recall": 0.5144230769230769,
        "f1-score": 0.4622030237580993,
        "support": 208
    },
    "accuracy": 0.5569395017793595,
    "macro avg": {
        "precision": 0.5453088075621128,
        "recall": 0.5481719904389395,
        "f1-score": 0.542750528520502,
        "support": 562
    },
    "weighted avg": {
        "precision": 0.5779642182489976,
        "recall": 0.5569395017793595,
        "f1-score": 0.5636756810032614,
        "support": 562
    }
}