{
    "R2": 0.8117039946430605,
    "RMSE": 14.107936382059886,
    "MSE": 199.033868960249,
    "MAPE": 0.09102250800519283,
    "ACMAPE": 1.14816536514805
}