{
    "R2": 0.9766426442648571,
    "RMSE": 22.62610443462959,
    "MSE": 511.94060188676474,
    "MAPE": 0.05346377518982012,
    "ACMAPE": 0.9395847716311012
}