{
    "R2": 0.937578647922859,
    "RMSE": 87.6476452009246,
    "MSE": 7682.109709267162,
    "MAPE": 0.03765114889356618,
    "ACMAPE": 1.0552600460205357
}