{
    "R2": 0.9868623619510337,
    "RMSE": 70.24269981978675,
    "MSE": 4934.0368779726705,
    "MAPE": 0.05766497165910483,
    "ACMAPE": 1.0555695118220851
}