{
    "R2": 0.9374720069116688,
    "RMSE": 120.8540796263219,
    "MSE": 14605.708562325355,
    "MAPE": 0.022796587600030484,
    "ACMAPE": 0.8923618049913349
}