{
    "DOWN": {
        "precision": 0.6849580374435119,
        "recall": 0.35651881720430106,
        "f1-score": 0.4689502762430939,
        "support": 2976
    },
    "UP": {
        "precision": 0.1615586690017513,
        "recall": 0.4305717619603267,
        "f1-score": 0.23495702005730654,
        "support": 857
    },
    "accuracy": 0.37307591964518655,
    "macro avg": {
        "precision": 0.4232583532226316,
        "recall": 0.3935452895823139,
        "f1-score": 0.3519536481502002,
        "support": 3833
    },
    "weighted avg": {
        "precision": 0.5679339678493066,
        "recall": 0.37307591964518655,
        "f1-score": 0.4166329737251654,
        "support": 3833
    }
}