{
    "R2": 0.8777068801534249,
    "RMSE": 26.9016556046646,
    "MSE": 723.6990742719823,
    "MAPE": 0.06434019071460115,
    "ACMAPE": 0.941416602674734
}