{
    "R2": 0.0,
    "RMSE": 27.912568977764952,
    "MSE": 779.1115069384863,
    "MAPE": 0.5582468924405307,
    "ACMAPE": 2.558246892440531
}