{
    "DOWN": {
        "precision": 0.6086956521739131,
        "recall": 0.4666666666666667,
        "f1-score": 0.5283018867924527,
        "support": 480
    },
    "UP": {
        "precision": 0.47433264887063653,
        "recall": 0.616,
        "f1-score": 0.5359628770301624,
        "support": 375
    },
    "accuracy": 0.5321637426900585,
    "macro avg": {
        "precision": 0.5415141505222748,
        "recall": 0.5413333333333333,
        "f1-score": 0.5321323819113075,
        "support": 855
    },
    "weighted avg": {
        "precision": 0.5497645103742304,
        "recall": 0.5321637426900585,
        "f1-score": 0.5316619702300447,
        "support": 855
    }
}