{
    "R2": 0.9065796114989657,
    "RMSE": 3.733914839513769,
    "MSE": 13.942120028741135,
    "MAPE": 0.025985487131613402,
    "ACMAPE": 0.154685615831742
}