{
    "R2": 0.960705915081758,
    "RMSE": 34.604789199406355,
    "MSE": 1197.4914355353508,
    "MAPE": 0.053638203299544954,
    "ACMAPE": 1.0642765011718853
}