{
    "DOWN": {
        "precision": 0.8297101449275363,
        "recall": 0.26412918108419836,
        "f1-score": 0.4006999125109361,
        "support": 867
    },
    "UP": {
        "precision": 0.14933333333333335,
        "recall": 0.7044025157232704,
        "f1-score": 0.24642464246424645,
        "support": 159
    },
    "accuracy": 0.33235867446393763,
    "macro avg": {
        "precision": 0.4895217391304348,
        "recall": 0.4842658484037344,
        "f1-score": 0.32356227748759125,
        "support": 1026
    },
    "weighted avg": {
        "precision": 0.7242716331892534,
        "recall": 0.3323586744639376,
        "f1-score": 0.37679175662650755,
        "support": 1026
    }
}