{
    "DOWN": {
        "precision": 0.7745490981963928,
        "recall": 0.4798261949099938,
        "f1-score": 0.5925642008432349,
        "support": 3222
    },
    "UP": {
        "precision": 0.2794496990541703,
        "recall": 0.5909090909090909,
        "f1-score": 0.37945125510799765,
        "support": 1100
    },
    "accuracy": 0.5080981027302175,
    "macro avg": {
        "precision": 0.5269993986252816,
        "recall": 0.5353676429095424,
        "f1-score": 0.4860077279756163,
        "support": 4322
    },
    "weighted avg": {
        "precision": 0.648540458895966,
        "recall": 0.5080981027302175,
        "f1-score": 0.5383244414011338,
        "support": 4322
    }
}