{
    "DOWN": {
        "precision": 0.9821428571428571,
        "recall": 0.5445544554455446,
        "f1-score": 0.7006369426751592,
        "support": 101
    },
    "UP": {
        "precision": 0.11538461538461539,
        "recall": 0.8571428571428571,
        "f1-score": 0.20338983050847456,
        "support": 7
    },
    "accuracy": 0.5648148148148148,
    "macro avg": {
        "precision": 0.5487637362637362,
        "recall": 0.7008486562942009,
        "f1-score": 0.4520133865918169,
        "support": 108
    },
    "weighted avg": {
        "precision": 0.9259640822140822,
        "recall": 0.5648148148148149,
        "f1-score": 0.668407963182874,
        "support": 108
    }
}