{
    "R2": 0.48970439933943366,
    "RMSE": 9720.786248538225,
    "MSE": 94493685.28976986,
    "MAPE": 0.3209993330508585,
    "ACMAPE": 1.1422553716982016
}