{
    "R2": 0.9069607150396537,
    "RMSE": 154.79725865803843,
    "MSE": 23962.191288043654,
    "MAPE": 0.47549705382054175,
    "ACMAPE": 1.6885354705842204
}