{
    "DOWN": {
        "precision": 0.6804949053857351,
        "recall": 0.4310742277547257,
        "f1-score": 0.5278012983347447,
        "support": 2169
    },
    "UP": {
        "precision": 0.24618204031765425,
        "recall": 0.47862232779097386,
        "f1-score": 0.3251311012505042,
        "support": 842
    },
    "accuracy": 0.4443706409830621,
    "macro avg": {
        "precision": 0.46333847285169466,
        "recall": 0.45484827777284975,
        "f1-score": 0.42646619979262446,
        "support": 3011
    },
    "weighted avg": {
        "precision": 0.5590430845995099,
        "recall": 0.4443706409830621,
        "f1-score": 0.47112633787478775,
        "support": 3011
    }
}