{
    "DOWN": {
        "precision": 0.7272727272727273,
        "recall": 0.10810810810810811,
        "f1-score": 0.18823529411764708,
        "support": 74
    },
    "UP": {
        "precision": 0.3125,
        "recall": 0.9090909090909091,
        "f1-score": 0.4651162790697674,
        "support": 33
    },
    "accuracy": 0.35514018691588783,
    "macro avg": {
        "precision": 0.5198863636363636,
        "recall": 0.5085995085995085,
        "f1-score": 0.3266757865937072,
        "support": 107
    },
    "weighted avg": {
        "precision": 0.5993521665250636,
        "recall": 0.35514018691588783,
        "f1-score": 0.27362849508418885,
        "support": 107
    }
}