{
    "DOWN": {
        "precision": 0.6535600425079703,
        "recall": 0.6346749226006192,
        "f1-score": 0.643979057591623,
        "support": 969
    },
    "UP": {
        "precision": 0.41098169717138106,
        "recall": 0.43106457242582896,
        "f1-score": 0.4207836456558774,
        "support": 573
    },
    "accuracy": 0.5590142671854734,
    "macro avg": {
        "precision": 0.5322708698396756,
        "recall": 0.532869747513224,
        "f1-score": 0.5323813516237502,
        "support": 1542
    },
    "weighted avg": {
        "precision": 0.5634190620424283,
        "recall": 0.5590142671854734,
        "f1-score": 0.5610406846738654,
        "support": 1542
    }
}