{
    "R2": 0.7612698277408938,
    "RMSE": 91.74384680237151,
    "MSE": 8416.933426097014,
    "MAPE": 0.07015129383243013,
    "ACMAPE": 1.0282351261677594
}