{
    "R2": 0.9026670821352046,
    "RMSE": 77.85599147057324,
    "MSE": 6061.555407865973,
    "MAPE": 0.014149447908790278,
    "ACMAPE": 0.9369501660416448
}