{
    "R2": 0.89628250293283,
    "RMSE": 41.12230651929357,
    "MSE": 1691.0440934667345,
    "MAPE": 0.08795676758146938,
    "ACMAPE": 1.140491329793451
}