{
    "R2": 0.9460773943196286,
    "RMSE": 16.48843217653755,
    "MSE": 271.86839564027883,
    "MAPE": 0.04334673515525043,
    "ACMAPE": 1.1073861440222454
}