{
    "R2": 0.9117097298294007,
    "RMSE": 21.078556669319138,
    "MSE": 444.30555126169827,
    "MAPE": 0.03879269009263622,
    "ACMAPE": 0.9360466240636328
}