{
    "R2": 0.854491872197408,
    "RMSE": 24.725690819743395,
    "MSE": 611.3597865135428,
    "MAPE": 0.033673691010755034,
    "ACMAPE": 1.0151169899798274
}