{
    "R2": 0.9748638111406746,
    "RMSE": 18.17962657940362,
    "MSE": 330.49882256655866,
    "MAPE": 0.02886601055341331,
    "ACMAPE": 1.092961893825951
}