{
    "R2": 0.9962606436733757,
    "RMSE": 112.51276330103644,
    "MSE": 12659.121905635055,
    "MAPE": 0.07739836908392939,
    "ACMAPE": 1.2719041331261174
}