{
    "DOWN": {
        "precision": 0.7846058348851644,
        "recall": 0.4060391904914873,
        "f1-score": 0.5351397121083826,
        "support": 3113
    },
    "UP": {
        "precision": 0.26187624750499,
        "recall": 0.654037886340977,
        "f1-score": 0.37400228050171036,
        "support": 1003
    },
    "accuracy": 0.46647230320699706,
    "macro avg": {
        "precision": 0.5232410411950772,
        "recall": 0.5300385384162322,
        "f1-score": 0.4545709963050465,
        "support": 4116
    },
    "weighted avg": {
        "precision": 0.6572254228000539,
        "recall": 0.46647230320699706,
        "f1-score": 0.49587322913911824,
        "support": 4116
    }
}