{
    "R2": 0.9886930026620646,
    "RMSE": 7.52273682463348,
    "MSE": 56.59156933269661,
    "MAPE": 0.048132700416582526,
    "ACMAPE": 1.0359127411497802
}