{
    "R2": 0.952180433898918,
    "RMSE": 5.686152934264296,
    "MSE": 32.33233519184247,
    "MAPE": 0.043501095991630295,
    "ACMAPE": 0.9612137877628996
}