{
    "R2": 0.9187049137188532,
    "RMSE": 16.483340274398714,
    "MSE": 271.7005066016146,
    "MAPE": 0.04298589555285961,
    "ACMAPE": 1.0362924551244794
}