{
    "R2": 0.9573233420899251,
    "RMSE": 5.683199364847653,
    "MSE": 32.298755020604766,
    "MAPE": 0.02990814398997234,
    "ACMAPE": 0.6689809916720916
}