{
    "DOWN": {
        "precision": 0.8270874424720579,
        "recall": 0.625559423172551,
        "f1-score": 0.7123442808607021,
        "support": 2011
    },
    "UP": {
        "precision": 0.30980751604032997,
        "recall": 0.562396006655574,
        "f1-score": 0.39952718676122934,
        "support": 601
    },
    "accuracy": 0.6110260336906586,
    "macro avg": {
        "precision": 0.568447479256194,
        "recall": 0.5939777149140625,
        "f1-score": 0.5559357338109657,
        "support": 2612
    },
    "weighted avg": {
        "precision": 0.7080655298436244,
        "recall": 0.6110260336906586,
        "f1-score": 0.6403676064526688,
        "support": 2612
    }
}