{
    "R2": 0.24117137467108196,
    "RMSE": 6.471005071898867,
    "MSE": 41.873906640540866,
    "MAPE": 0.07747535699170319,
    "ACMAPE": 1.0205647878860122
}