{
    "R2": 0.8917805269607904,
    "RMSE": 48.16374123787583,
    "MSE": 2319.745970029061,
    "MAPE": 0.0989939026555785,
    "ACMAPE": 1.1462793667536522
}