{
    "R2": 0.9597011088884809,
    "RMSE": 10.8149896708423,
    "MSE": 116.96400158042563,
    "MAPE": 0.06074014391623281,
    "ACMAPE": 1.5268034923325224
}