{
    "DOWN": {
        "precision": 0.48205128205128206,
        "recall": 0.8245614035087719,
        "f1-score": 0.6084142394822006,
        "support": 114
    },
    "UP": {
        "precision": 0.4117647058823529,
        "recall": 0.12173913043478261,
        "f1-score": 0.18791946308724836,
        "support": 115
    },
    "accuracy": 0.47161572052401746,
    "macro avg": {
        "precision": 0.44690799396681746,
        "recall": 0.47315026697177726,
        "f1-score": 0.3981668512847245,
        "support": 229
    },
    "weighted avg": {
        "precision": 0.4467545298267107,
        "recall": 0.47161572052401746,
        "f1-score": 0.3972487404192333,
        "support": 229
    }
}