{
    "R2": 0.9340183834950011,
    "RMSE": 38.6415431478075,
    "MSE": 1493.168856843869,
    "MAPE": 0.1842976371845519,
    "ACMAPE": 1.373785880614704
}