{
    "DOWN": {
        "precision": 0.833877741483901,
        "recall": 0.5446510210301737,
        "f1-score": 0.6589233038348082,
        "support": 3281
    },
    "UP": {
        "precision": 0.2813852813852814,
        "recall": 0.6216790648246546,
        "f1-score": 0.38741721854304634,
        "support": 941
    },
    "accuracy": 0.561819043107532,
    "macro avg": {
        "precision": 0.5576315114345912,
        "recall": 0.5831650429274142,
        "f1-score": 0.5231702611889273,
        "support": 4222
    },
    "weighted avg": {
        "precision": 0.7107381382264872,
        "recall": 0.561819043107532,
        "f1-score": 0.5984099863882076,
        "support": 4222
    }
}