{
    "DOWN": {
        "precision": 0.675,
        "recall": 0.4209354120267261,
        "f1-score": 0.5185185185185186,
        "support": 449
    },
    "UP": {
        "precision": 0.4117647058823529,
        "recall": 0.6666666666666666,
        "f1-score": 0.509090909090909,
        "support": 273
    },
    "accuracy": 0.5138504155124654,
    "macro avg": {
        "precision": 0.5433823529411765,
        "recall": 0.5438010393466963,
        "f1-score": 0.5138047138047138,
        "support": 722
    },
    "weighted avg": {
        "precision": 0.5754664331106404,
        "recall": 0.5138504155124654,
        "f1-score": 0.5149537853138961,
        "support": 722
    }
}