{
    "DOWN": {
        "precision": 0.656,
        "recall": 0.6776859504132231,
        "f1-score": 0.6666666666666666,
        "support": 121
    },
    "UP": {
        "precision": 0.3157894736842105,
        "recall": 0.29508196721311475,
        "f1-score": 0.30508474576271183,
        "support": 61
    },
    "accuracy": 0.5494505494505495,
    "macro avg": {
        "precision": 0.48589473684210527,
        "recall": 0.4863839588131689,
        "f1-score": 0.48587570621468923,
        "support": 182
    },
    "weighted avg": {
        "precision": 0.5419733950260267,
        "recall": 0.5494505494505495,
        "f1-score": 0.5454771217483082,
        "support": 182
    }
}