{
    "DOWN": {
        "precision": 0.769990128331688,
        "recall": 0.43795620437956206,
        "f1-score": 0.5583392984967789,
        "support": 1781
    },
    "UP": {
        "precision": 0.3763239875389408,
        "recall": 0.7216248506571087,
        "f1-score": 0.4946764946764946,
        "support": 837
    },
    "accuracy": 0.5286478227654698,
    "macro avg": {
        "precision": 0.5731570579353145,
        "recall": 0.5797905275183354,
        "f1-score": 0.5265078965866368,
        "support": 2618
    },
    "weighted avg": {
        "precision": 0.6441312437466883,
        "recall": 0.5286478227654698,
        "f1-score": 0.5379856824549233,
        "support": 2618
    }
}