{
    "R2": 0.9842450018211865,
    "RMSE": 83.78663239751303,
    "MSE": 7020.1997685159795,
    "MAPE": 0.08158877037605611,
    "ACMAPE": 1.2224338407985913
}