{
    "R2": 0.9864435794202643,
    "RMSE": 34.09566011860881,
    "MSE": 1162.5140389236913,
    "MAPE": 0.01664544214944393,
    "ACMAPE": 1.3909222556785938
}