{
    "R2": -0.5358893857455094,
    "RMSE": 2384.0009901194103,
    "MSE": 5683460.720890329,
    "MAPE": 0.32784580758001225,
    "ACMAPE": 1.0276681876865843
}