{
    "DOWN": {
        "precision": 0.711864406779661,
        "recall": 0.3853211009174312,
        "f1-score": 0.5,
        "support": 109
    },
    "UP": {
        "precision": 0.4017857142857143,
        "recall": 0.7258064516129032,
        "f1-score": 0.517241379310345,
        "support": 62
    },
    "accuracy": 0.5087719298245614,
    "macro avg": {
        "precision": 0.5568250605326877,
        "recall": 0.5555637762651673,
        "f1-score": 0.5086206896551725,
        "support": 171
    },
    "weighted avg": {
        "precision": 0.5994382141795166,
        "recall": 0.5087719298245614,
        "f1-score": 0.506251260334745,
        "support": 171
    }
}