{
    "DOWN": {
        "precision": 0.8120649651972158,
        "recall": 0.5094614264919942,
        "f1-score": 0.6261180679785332,
        "support": 687
    },
    "UP": {
        "precision": 0.37707948243992606,
        "recall": 0.7157894736842105,
        "f1-score": 0.4939467312348669,
        "support": 285
    },
    "accuracy": 0.5699588477366255,
    "macro avg": {
        "precision": 0.5945722238185709,
        "recall": 0.6126254500881023,
        "f1-score": 0.5600323996067,
        "support": 972
    },
    "weighted avg": {
        "precision": 0.6845229254998624,
        "recall": 0.5699588477366255,
        "f1-score": 0.5873641266493718,
        "support": 972
    }
}