{
    "R2": 0.0900473453011923,
    "RMSE": 189.16030832281334,
    "MSE": 35781.6222447818,
    "MAPE": 0.19008079571848185,
    "ACMAPE": 1.101473200781773
}