{
    "R2": 0.8853448671272163,
    "RMSE": 544.4286879429259,
    "MSE": 296402.5962552558,
    "MAPE": 0.020733327402895678,
    "ACMAPE": 0.7586148354818903
}