{
    "DOWN": {
        "precision": 0.5384615384615384,
        "recall": 0.2692307692307692,
        "f1-score": 0.3589743589743589,
        "support": 26
    },
    "UP": {
        "precision": 0.42424242424242425,
        "recall": 0.7,
        "f1-score": 0.5283018867924527,
        "support": 20
    },
    "accuracy": 0.45652173913043476,
    "macro avg": {
        "precision": 0.4813519813519813,
        "recall": 0.48461538461538456,
        "f1-score": 0.4436381228834058,
        "support": 46
    },
    "weighted avg": {
        "precision": 0.4888010540184453,
        "recall": 0.45652173913043476,
        "f1-score": 0.43259502324309534,
        "support": 46
    }
}