{
    "DOWN": {
        "precision": 0.4666666666666667,
        "recall": 0.2692307692307692,
        "f1-score": 0.3414634146341463,
        "support": 26
    },
    "UP": {
        "precision": 0.3870967741935484,
        "recall": 0.6,
        "f1-score": 0.47058823529411764,
        "support": 20
    },
    "accuracy": 0.41304347826086957,
    "macro avg": {
        "precision": 0.4268817204301075,
        "recall": 0.4346153846153846,
        "f1-score": 0.406025824964132,
        "support": 46
    },
    "weighted avg": {
        "precision": 0.43207106124357175,
        "recall": 0.41304347826086957,
        "f1-score": 0.3976046410080469,
        "support": 46
    }
}