{
    "R2": 0.9264407846260061,
    "RMSE": 5.135527522771342,
    "MSE": 26.373642937141963,
    "MAPE": 0.02729552392540249,
    "ACMAPE": 0.8646657661399353
}