{
    "DOWN": {
        "precision": 0.7433264887063655,
        "recall": 0.4769433465085639,
        "f1-score": 0.5810593900481541,
        "support": 759
    },
    "UP": {
        "precision": 0.31551724137931036,
        "recall": 0.5941558441558441,
        "f1-score": 0.41216216216216217,
        "support": 308
    },
    "accuracy": 0.5107778819119025,
    "macro avg": {
        "precision": 0.529421865042838,
        "recall": 0.535549595332204,
        "f1-score": 0.49661077610515814,
        "support": 1067
    },
    "weighted avg": {
        "precision": 0.6198351595810301,
        "recall": 0.5107778819119025,
        "f1-score": 0.5323055510707544,
        "support": 1067
    }
}