{
    "R2": 0.977580463309644,
    "RMSE": 6.93120335589474,
    "MSE": 48.041579960766505,
    "MAPE": 0.03081507784096884,
    "ACMAPE": 0.8985873772582704
}