{
    "DOWN": {
        "precision": 0.7033898305084746,
        "recall": 0.1399662731871838,
        "f1-score": 0.23347398030942335,
        "support": 593
    },
    "UP": {
        "precision": 0.17207792207792208,
        "recall": 0.75177304964539,
        "f1-score": 0.2800528401585205,
        "support": 141
    },
    "accuracy": 0.2574931880108992,
    "macro avg": {
        "precision": 0.4377338762931983,
        "recall": 0.4458696614162869,
        "f1-score": 0.2567634102339719,
        "support": 734
    },
    "weighted avg": {
        "precision": 0.6013258263004256,
        "recall": 0.2574931880108992,
        "f1-score": 0.2424216904439229,
        "support": 734
    }
}