{
    "DOWN": {
        "precision": 0.8387096774193549,
        "recall": 0.19117647058823528,
        "f1-score": 0.31137724550898205,
        "support": 136
    },
    "UP": {
        "precision": 0.26666666666666666,
        "recall": 0.8888888888888888,
        "f1-score": 0.41025641025641024,
        "support": 45
    },
    "accuracy": 0.36464088397790057,
    "macro avg": {
        "precision": 0.5526881720430108,
        "recall": 0.5400326797385621,
        "f1-score": 0.36081682788269615,
        "support": 181
    },
    "weighted avg": {
        "precision": 0.6964890393869185,
        "recall": 0.36464088397790057,
        "f1-score": 0.3359604632638675,
        "support": 181
    }
}