{
    "R2": 0.9740685585055435,
    "RMSE": 32.88519103610956,
    "MSE": 1081.4357894814204,
    "MAPE": 0.05721897852153854,
    "ACMAPE": 0.8737707026594695
}