{
    "DOWN": {
        "precision": 0.6692708333333334,
        "recall": 0.463898916967509,
        "f1-score": 0.5479744136460554,
        "support": 554
    },
    "UP": {
        "precision": 0.23255813953488372,
        "recall": 0.4147465437788018,
        "f1-score": 0.2980132450331126,
        "support": 217
    },
    "accuracy": 0.45006485084306097,
    "macro avg": {
        "precision": 0.45091448643410853,
        "recall": 0.4393227303731554,
        "f1-score": 0.42299382933958396,
        "support": 771
    },
    "weighted avg": {
        "precision": 0.5463568844951187,
        "recall": 0.45006485084306097,
        "f1-score": 0.47762217812204943,
        "support": 771
    }
}