{
    "R2": 0.8638965200383799,
    "RMSE": 12.45511516451815,
    "MSE": 155.12989376140996,
    "MAPE": 0.037055123164336415,
    "ACMAPE": 0.6898329009421141
}