{
    "DOWN": {
        "precision": 0.6966292134831461,
        "recall": 0.17663817663817663,
        "f1-score": 0.2818181818181818,
        "support": 702
    },
    "UP": {
        "precision": 0.09404388714733543,
        "recall": 0.5263157894736842,
        "f1-score": 0.1595744680851064,
        "support": 114
    },
    "accuracy": 0.22549019607843138,
    "macro avg": {
        "precision": 0.3953365503152408,
        "recall": 0.3514769830559304,
        "f1-score": 0.2206963249516441,
        "support": 816
    },
    "weighted avg": {
        "precision": 0.6124444987744667,
        "recall": 0.22549019607843138,
        "f1-score": 0.26474001592900215,
        "support": 816
    }
}