{
    "R2": 0.2984379844903543,
    "RMSE": 31.578033288423615,
    "MSE": 997.17218636479,
    "MAPE": 0.15302120468676939,
    "ACMAPE": 1.1530212046867694
}