{
    "R2": 0.916351041010008,
    "RMSE": 277.9855499808522,
    "MSE": 77275.9659981569,
    "MAPE": 0.022066572226976233,
    "ACMAPE": 0.8779384583479727
}