{
    "R2": -5.082877504103045,
    "RMSE": 43.97945798271758,
    "MSE": 1934.192724453621,
    "MAPE": 0.3269240896291535,
    "ACMAPE": 1.433523074400727
}