{
    "DOWN": {
        "precision": 0.6666666666666666,
        "recall": 0.20087336244541484,
        "f1-score": 0.3087248322147651,
        "support": 229
    },
    "UP": {
        "precision": 0.37542662116040953,
        "recall": 0.8270676691729323,
        "f1-score": 0.516431924882629,
        "support": 133
    },
    "accuracy": 0.430939226519337,
    "macro avg": {
        "precision": 0.521046643913538,
        "recall": 0.5139705158091735,
        "f1-score": 0.41257837854869706,
        "support": 362
    },
    "weighted avg": {
        "precision": 0.5596641085110529,
        "recall": 0.430939226519337,
        "f1-score": 0.3850371065927372,
        "support": 362
    }
}