{
    "R2": 0.9343895900872914,
    "RMSE": 18.549480021324683,
    "MSE": 344.0832090615235,
    "MAPE": 0.03418935648637934,
    "ACMAPE": 0.7826226599778745
}