{
    "R2": 0.9629934519799985,
    "RMSE": 13.931075707721485,
    "MSE": 194.07487037426765,
    "MAPE": 0.02399167356443422,
    "ACMAPE": 0.8064446726691791
}