{
    "R2": 0.9682990870345768,
    "RMSE": 34.665543857990166,
    "MSE": 1201.6999309702396,
    "MAPE": 0.11569474874124629,
    "ACMAPE": 1.3243617294289525
}