{
    "DOWN": {
        "precision": 0.75564681724846,
        "recall": 0.22432185309356903,
        "f1-score": 0.34594594594594597,
        "support": 3281
    },
    "UP": {
        "precision": 0.21980380134886573,
        "recall": 0.7507853403141361,
        "f1-score": 0.3400521697889495,
        "support": 955
    },
    "accuracy": 0.34301227573182247,
    "macro avg": {
        "precision": 0.48772530929866287,
        "recall": 0.48755359670385257,
        "f1-score": 0.3429990578674477,
        "support": 4236
    },
    "weighted avg": {
        "precision": 0.6348417935978196,
        "recall": 0.34301227573182247,
        "f1-score": 0.3446172027377468,
        "support": 4236
    }
}