{
    "DOWN": {
        "precision": 0.9235474006116208,
        "recall": 0.9369183040330921,
        "f1-score": 0.9301848049281314,
        "support": 967
    },
    "UP": {
        "precision": 0.2375,
        "recall": 0.20212765957446807,
        "f1-score": 0.21839080459770116,
        "support": 94
    },
    "accuracy": 0.8718190386427899,
    "macro avg": {
        "precision": 0.5805237003058104,
        "recall": 0.56952298180378,
        "f1-score": 0.5742878047629163,
        "support": 1061
    },
    "weighted avg": {
        "precision": 0.8627665752982444,
        "recall": 0.8718190386427899,
        "f1-score": 0.8671229425048887,
        "support": 1061
    }
}