{
    "DOWN": {
        "precision": 0.7125,
        "recall": 0.1768355739400207,
        "f1-score": 0.2833471416735709,
        "support": 967
    },
    "UP": {
        "precision": 0.030450669914738125,
        "recall": 0.26595744680851063,
        "f1-score": 0.0546448087431694,
        "support": 94
    },
    "accuracy": 0.18473138548539114,
    "macro avg": {
        "precision": 0.37147533495736906,
        "recall": 0.22139651037426566,
        "f1-score": 0.16899597520837015,
        "support": 1061
    },
    "weighted avg": {
        "precision": 0.6520733864014943,
        "recall": 0.18473138548539114,
        "f1-score": 0.2630851065223383,
        "support": 1061
    }
}