{
    "R2": 0.9746873182739192,
    "RMSE": 31.02284688730266,
    "MSE": 962.4170289930244,
    "MAPE": 0.13469027668665542,
    "ACMAPE": 0.7260398394377782
}