{
    "DOWN": {
        "precision": 0.7352941176470589,
        "recall": 0.10341261633919338,
        "f1-score": 0.1813236627379873,
        "support": 967
    },
    "UP": {
        "precision": 0.0627027027027027,
        "recall": 0.6170212765957447,
        "f1-score": 0.11383709519136408,
        "support": 94
    },
    "accuracy": 0.14891611687087652,
    "macro avg": {
        "precision": 0.3989984101748808,
        "recall": 0.36021694646746905,
        "f1-score": 0.14758037896467568,
        "support": 1061
    },
    "weighted avg": {
        "precision": 0.6757054343249388,
        "recall": 0.14891611687087652,
        "f1-score": 0.1753446454435645,
        "support": 1061
    }
}