{
    "DOWN": {
        "precision": 0.6636771300448431,
        "recall": 0.74,
        "f1-score": 0.6997635933806147,
        "support": 400
    },
    "UP": {
        "precision": 0.2827586206896552,
        "recall": 0.21465968586387435,
        "f1-score": 0.24404761904761904,
        "support": 191
    },
    "accuracy": 0.5702199661590525,
    "macro avg": {
        "precision": 0.47321787536724913,
        "recall": 0.47732984293193714,
        "f1-score": 0.47190560621411687,
        "support": 591
    },
    "weighted avg": {
        "precision": 0.5405714865814912,
        "recall": 0.5702199661590525,
        "f1-score": 0.5524848267180053,
        "support": 591
    }
}