{
    "DOWN": {
        "precision": 0.9230769230769231,
        "recall": 0.10619469026548672,
        "f1-score": 0.19047619047619047,
        "support": 113
    },
    "UP": {
        "precision": 0.26811594202898553,
        "recall": 0.9736842105263158,
        "f1-score": 0.42045454545454547,
        "support": 38
    },
    "accuracy": 0.32450331125827814,
    "macro avg": {
        "precision": 0.5955964325529544,
        "recall": 0.5399394503959013,
        "f1-score": 0.30546536796536794,
        "support": 151
    },
    "weighted avg": {
        "precision": 0.75825230532976,
        "recall": 0.32450331125827814,
        "f1-score": 0.24835153808663743,
        "support": 151
    }
}