{
    "DOWN": {
        "precision": 0.9257960853052878,
        "recall": 0.8466470745391397,
        "f1-score": 0.884454367848172,
        "support": 3743
    },
    "UP": {
        "precision": 0.21153846153846154,
        "recall": 0.37745098039215685,
        "f1-score": 0.27112676056338025,
        "support": 408
    },
    "accuracy": 0.8005299927728258,
    "macro avg": {
        "precision": 0.5686672734218746,
        "recall": 0.6120490274656483,
        "f1-score": 0.5777905642057761,
        "support": 4151
    },
    "weighted avg": {
        "precision": 0.8555920114684135,
        "recall": 0.8005299927728258,
        "f1-score": 0.8241706618081347,
        "support": 4151
    }
}