{
    "R2": 0.9936559627655195,
    "RMSE": 163.1822761524664,
    "MSE": 26628.4552502998,
    "MAPE": 0.09917116584847854,
    "ACMAPE": 0.6621159511245521
}