{
    "DOWN": {
        "precision": 0.7749077490774908,
        "recall": 0.3193916349809886,
        "f1-score": 0.4523424878836834,
        "support": 1315
    },
    "UP": {
        "precision": 0.30404354587869364,
        "recall": 0.7621832358674464,
        "f1-score": 0.43468593663146193,
        "support": 513
    },
    "accuracy": 0.4436542669584245,
    "macro avg": {
        "precision": 0.5394756474780922,
        "recall": 0.5407874354242175,
        "f1-score": 0.4435142122575727,
        "support": 1828
    },
    "weighted avg": {
        "precision": 0.6427669743285943,
        "recall": 0.4436542669584245,
        "f1-score": 0.44738744915699324,
        "support": 1828
    }
}