{
    "DOWN": {
        "precision": 0.7025862068965517,
        "recall": 0.4421338155515371,
        "f1-score": 0.5427302996670367,
        "support": 1106
    },
    "UP": {
        "precision": 0.3457051961823966,
        "recall": 0.6116322701688556,
        "f1-score": 0.4417344173441734,
        "support": 533
    },
    "accuracy": 0.49725442342892007,
    "macro avg": {
        "precision": 0.5241457015394742,
        "recall": 0.5268830428601963,
        "f1-score": 0.49223235850560504,
        "support": 1639
    },
    "weighted avg": {
        "precision": 0.5865291118931077,
        "recall": 0.49725442342892007,
        "f1-score": 0.5098866112728414,
        "support": 1639
    }
}