{
    "DOWN": {
        "precision": 0.7264911337990327,
        "recall": 0.4418300653594771,
        "f1-score": 0.5494818126397074,
        "support": 3060
    },
    "UP": {
        "precision": 0.31789137380191695,
        "recall": 0.6099616858237548,
        "f1-score": 0.4179574691520084,
        "support": 1305
    },
    "accuracy": 0.49209621993127145,
    "macro avg": {
        "precision": 0.5221912538004748,
        "recall": 0.5258958755916159,
        "f1-score": 0.4837196408958579,
        "support": 4365
    },
    "weighted avg": {
        "precision": 0.6043324426658745,
        "recall": 0.49209621993127145,
        "f1-score": 0.5101601017000861,
        "support": 4365
    }
}