{
    "R2": 0.7295973106934801,
    "RMSE": 70.09163207303983,
    "MSE": 4912.836886662386,
    "MAPE": 0.8197869634914137,
    "ACMAPE": 2.265197591510737
}