{
    "DOWN": {
        "precision": 0.970873786407767,
        "recall": 0.5894413121476166,
        "f1-score": 0.7335353213203636,
        "support": 3902
    },
    "UP": {
        "precision": 0.09080590238365494,
        "recall": 0.6986899563318777,
        "f1-score": 0.1607232546459066,
        "support": 229
    },
    "accuracy": 0.5954974582425563,
    "macro avg": {
        "precision": 0.530839844395711,
        "recall": 0.6440656342397472,
        "f1-score": 0.4471292879831351,
        "support": 4131
    },
    "weighted avg": {
        "precision": 0.9220876461411194,
        "recall": 0.5954974582425563,
        "f1-score": 0.7017817596480201,
        "support": 4131
    }
}