{
    "R2": 0.9908812986171489,
    "RMSE": 241.48342927248558,
    "MSE": 58314.246613199546,
    "MAPE": 0.18942962785489656,
    "ACMAPE": 1.3455864726152726
}