{
    "R2": 0.9912774282605903,
    "RMSE": 227.30564417661984,
    "MSE": 51667.85587454811,
    "MAPE": 0.20238141196578516,
    "ACMAPE": 0.8285044250964002
}