{
    "DOWN": {
        "precision": 0.8168430740911182,
        "recall": 0.5019796380090498,
        "f1-score": 0.6218251882991767,
        "support": 3536
    },
    "UP": {
        "precision": 0.18959963184537507,
        "recall": 0.508641975308642,
        "f1-score": 0.2762319812269527,
        "support": 810
    },
    "accuracy": 0.5032213529682467,
    "macro avg": {
        "precision": 0.5032213529682467,
        "recall": 0.5053108066588459,
        "f1-score": 0.4490285847630647,
        "support": 4346
    },
    "weighted avg": {
        "precision": 0.6999385208883913,
        "recall": 0.5032213529682467,
        "f1-score": 0.5574141211734286,
        "support": 4346
    }
}