{
    "DOWN": {
        "precision": 0.6221098265895953,
        "recall": 0.46946564885496184,
        "f1-score": 0.5351149782473585,
        "support": 1834
    },
    "UP": {
        "precision": 0.3677712800519818,
        "recall": 0.519742883379247,
        "f1-score": 0.4307458143074581,
        "support": 1089
    },
    "accuracy": 0.488197057817311,
    "macro avg": {
        "precision": 0.49494055332078857,
        "recall": 0.4946042661171044,
        "f1-score": 0.4829303962774083,
        "support": 2923
    },
    "weighted avg": {
        "precision": 0.5273528381600842,
        "recall": 0.488197057817311,
        "f1-score": 0.49623094830190817,
        "support": 2923
    }
}