{
    "DOWN": {
        "precision": 0.6289978678038379,
        "recall": 0.48519736842105265,
        "f1-score": 0.5478180129990715,
        "support": 1824
    },
    "UP": {
        "precision": 0.374417055296469,
        "recall": 0.518450184501845,
        "f1-score": 0.434816247582205,
        "support": 1084
    },
    "accuracy": 0.49759284731774417,
    "macro avg": {
        "precision": 0.5017074615501534,
        "recall": 0.5018237764614488,
        "f1-score": 0.4913171302906383,
        "support": 2908
    },
    "weighted avg": {
        "precision": 0.5340991055074185,
        "recall": 0.49759284731774417,
        "f1-score": 0.5056949340059893,
        "support": 2908
    }
}