{
    "DOWN": {
        "precision": 0.6578947368421053,
        "recall": 0.211864406779661,
        "f1-score": 0.3205128205128205,
        "support": 118
    },
    "UP": {
        "precision": 0.34965034965034963,
        "recall": 0.7936507936507936,
        "f1-score": 0.4854368932038834,
        "support": 63
    },
    "accuracy": 0.4143646408839779,
    "macro avg": {
        "precision": 0.5037725432462274,
        "recall": 0.5027576002152273,
        "f1-score": 0.40297485685835194,
        "support": 181
    },
    "weighted avg": {
        "precision": 0.5506052540074058,
        "recall": 0.4143646408839779,
        "f1-score": 0.37791733200197497,
        "support": 181
    }
}