{
    "DOWN": {
        "precision": 0.7229437229437229,
        "recall": 0.21801566579634465,
        "f1-score": 0.3350050150451354,
        "support": 766
    },
    "UP": {
        "precision": 0.2623152709359606,
        "recall": 0.7689530685920578,
        "f1-score": 0.3911845730027548,
        "support": 277
    },
    "accuracy": 0.36433365292425696,
    "macro avg": {
        "precision": 0.4926294969398417,
        "recall": 0.49348436719420125,
        "f1-score": 0.36309479402394507,
        "support": 1043
    },
    "weighted avg": {
        "precision": 0.6006099921612204,
        "recall": 0.36433365292425696,
        "f1-score": 0.3499251852793258,
        "support": 1043
    }
}