{
    "R2": 0.9441731841266887,
    "RMSE": 291.968043536423,
    "MSE": 85245.33844648661,
    "MAPE": 0.06392539875145997,
    "ACMAPE": 0.9149892285386939
}