{
    "DOWN": {
        "precision": 0.7302583025830258,
        "recall": 0.6292527821939586,
        "f1-score": 0.6760034158838599,
        "support": 3145
    },
    "UP": {
        "precision": 0.3228803716608595,
        "recall": 0.432012432012432,
        "f1-score": 0.3695579926886009,
        "support": 1287
    },
    "accuracy": 0.5719765342960289,
    "macro avg": {
        "precision": 0.5265693371219426,
        "recall": 0.5306326071031953,
        "f1-score": 0.5227807042862305,
        "support": 4432
    },
    "weighted avg": {
        "precision": 0.6119606046821169,
        "recall": 0.5719765342960289,
        "f1-score": 0.587015315781807,
        "support": 4432
    }
}