{
    "DOWN": {
        "precision": 0.7392156862745098,
        "recall": 0.5355113636363636,
        "f1-score": 0.6210873146622734,
        "support": 704
    },
    "UP": {
        "precision": 0.3806818181818182,
        "recall": 0.6017964071856288,
        "f1-score": 0.46635730858468677,
        "support": 334
    },
    "accuracy": 0.5568400770712909,
    "macro avg": {
        "precision": 0.559948752228164,
        "recall": 0.5686538854109962,
        "f1-score": 0.5437223116234801,
        "support": 1038
    },
    "weighted avg": {
        "precision": 0.6238492971194434,
        "recall": 0.5568400770712909,
        "f1-score": 0.5712994321671733,
        "support": 1038
    }
}