{
    "DOWN": {
        "precision": 0.5601965601965602,
        "recall": 0.3630573248407643,
        "f1-score": 0.4405797101449275,
        "support": 628
    },
    "UP": {
        "precision": 0.4350282485875706,
        "recall": 0.6324435318275154,
        "f1-score": 0.5154811715481171,
        "support": 487
    },
    "accuracy": 0.48071748878923765,
    "macro avg": {
        "precision": 0.4976124043920654,
        "recall": 0.49775042833413985,
        "f1-score": 0.47803044084652235,
        "support": 1115
    },
    "weighted avg": {
        "precision": 0.5055266339601674,
        "recall": 0.48071748878923765,
        "f1-score": 0.47329451884748663,
        "support": 1115
    }
}