{
    "DOWN": {
        "precision": 0.6435643564356436,
        "recall": 0.46099290780141844,
        "f1-score": 0.5371900826446282,
        "support": 141
    },
    "UP": {
        "precision": 0.42857142857142855,
        "recall": 0.6129032258064516,
        "f1-score": 0.504424778761062,
        "support": 93
    },
    "accuracy": 0.5213675213675214,
    "macro avg": {
        "precision": 0.536067892503536,
        "recall": 0.536948066803935,
        "f1-score": 0.5208074307028451,
        "support": 234
    },
    "weighted avg": {
        "precision": 0.558118449207558,
        "recall": 0.5213675213675214,
        "f1-score": 0.5241679746909031,
        "support": 234
    }
}