{
    "R2": -0.08820713481268139,
    "RMSE": 8.211700930174889,
    "MSE": 67.43203216663512,
    "MAPE": 0.02374753234726694,
    "ACMAPE": 1.1077169979961219
}