{
    "R2": 0.9293155057268027,
    "RMSE": 6.867778042985009,
    "MSE": 47.166375247707,
    "MAPE": 0.026300336777361474,
    "ACMAPE": 0.8720873002113837
}