{
    "R2": 0.9894171706270799,
    "RMSE": 3.803547467946564,
    "MSE": 14.466973340922719,
    "MAPE": 0.02188162198780457,
    "ACMAPE": 0.7333124773035519
}