{
    "DOWN": {
        "precision": 0.7375565610859729,
        "recall": 0.628131021194605,
        "f1-score": 0.6784599375650364,
        "support": 519
    },
    "UP": {
        "precision": 0.3007246376811594,
        "recall": 0.41708542713567837,
        "f1-score": 0.3494736842105263,
        "support": 199
    },
    "accuracy": 0.5696378830083565,
    "macro avg": {
        "precision": 0.5191405993835662,
        "recall": 0.5226082241651416,
        "f1-score": 0.5139668108877814,
        "support": 718
    },
    "weighted avg": {
        "precision": 0.6164847605879815,
        "recall": 0.5696378830083565,
        "f1-score": 0.5872785107996499,
        "support": 718
    }
}