{
    "R2": 0.9829427577572939,
    "RMSE": 249.1424526786806,
    "MSE": 62071.9617267486,
    "MAPE": 0.04469659149572121,
    "ACMAPE": 0.9715258597884041
}