{
    "DOWN": {
        "precision": 0.8448979591836735,
        "recall": 0.15640347563279183,
        "f1-score": 0.26394644564870895,
        "support": 2647
    },
    "UP": {
        "precision": 0.11353711790393013,
        "recall": 0.7900552486187845,
        "f1-score": 0.198542172856647,
        "support": 362
    },
    "accuracy": 0.2326354270521768,
    "macro avg": {
        "precision": 0.47921753854380184,
        "recall": 0.47322936212578814,
        "f1-score": 0.23124430925267797,
        "support": 3009
    },
    "weighted avg": {
        "precision": 0.7569110450782341,
        "recall": 0.2326354270521768,
        "f1-score": 0.25607793559529374,
        "support": 3009
    }
}