{
    "R2": -9.820145975232638,
    "RMSE": 39.88215936267951,
    "MSE": 1590.5866354301647,
    "MAPE": 0.386175712969202,
    "ACMAPE": 1.6454349722284614
}