{
    "DOWN": {
        "precision": 0.6578947368421053,
        "recall": 0.3514056224899598,
        "f1-score": 0.45811518324607337,
        "support": 498
    },
    "UP": {
        "precision": 0.33539094650205764,
        "recall": 0.6417322834645669,
        "f1-score": 0.44054054054054054,
        "support": 254
    },
    "accuracy": 0.449468085106383,
    "macro avg": {
        "precision": 0.4966428416720815,
        "recall": 0.49656895297726333,
        "f1-score": 0.449327861893307,
        "support": 752
    },
    "weighted avg": {
        "precision": 0.5489639353176743,
        "recall": 0.449468085106383,
        "f1-score": 0.45217906722585355,
        "support": 752
    }
}