{
    "DOWN": {
        "precision": 0.778343949044586,
        "recall": 0.36089781453041936,
        "f1-score": 0.49313962873284906,
        "support": 1693
    },
    "UP": {
        "precision": 0.3055198973042362,
        "recall": 0.7323076923076923,
        "f1-score": 0.43115942028985504,
        "support": 650
    },
    "accuracy": 0.4639351259069569,
    "macro avg": {
        "precision": 0.5419319231744111,
        "recall": 0.5466027534190558,
        "f1-score": 0.46214952451135205,
        "support": 2343
    },
    "weighted avg": {
        "precision": 0.6471721037047535,
        "recall": 0.4639351259069569,
        "f1-score": 0.4759449486270248,
        "support": 2343
    }
}