{
    "DOWN": {
        "precision": 0.7825216811207472,
        "recall": 0.6949052132701422,
        "f1-score": 0.7361154690931911,
        "support": 1688
    },
    "UP": {
        "precision": 0.38617401668653156,
        "recall": 0.49846153846153846,
        "f1-score": 0.43519140362659503,
        "support": 650
    },
    "accuracy": 0.6402908468776732,
    "macro avg": {
        "precision": 0.5843478489036393,
        "recall": 0.5966833758658403,
        "f1-score": 0.5856534363598931,
        "support": 2338
    },
    "weighted avg": {
        "precision": 0.672330927535529,
        "recall": 0.6402908468776732,
        "f1-score": 0.6524539453321614,
        "support": 2338
    }
}