{
    "R2": 0.996703117227055,
    "RMSE": 92.9890875268716,
    "MSE": 8646.970399080186,
    "MAPE": 0.07697244496768706,
    "ACMAPE": 1.149640049280861
}