{
    "DOWN": {
        "precision": 0.7824267782426778,
        "recall": 0.5436046511627907,
        "f1-score": 0.6415094339622641,
        "support": 2752
    },
    "UP": {
        "precision": 0.3022222222222222,
        "recall": 0.5666666666666667,
        "f1-score": 0.39420289855072466,
        "support": 960
    },
    "accuracy": 0.5495689655172413,
    "macro avg": {
        "precision": 0.54232450023245,
        "recall": 0.5551356589147287,
        "f1-score": 0.5178561662564944,
        "support": 3712
    },
    "weighted avg": {
        "precision": 0.6582359447891117,
        "recall": 0.5495689655172413,
        "f1-score": 0.5775508472179005,
        "support": 3712
    }
}