{
    "DOWN": {
        "precision": 0.7359307359307359,
        "recall": 0.3244274809160305,
        "f1-score": 0.4503311258278145,
        "support": 524
    },
    "UP": {
        "precision": 0.30039525691699603,
        "recall": 0.7136150234741784,
        "f1-score": 0.4228094575799722,
        "support": 213
    },
    "accuracy": 0.4369063772048847,
    "macro avg": {
        "precision": 0.518162996423866,
        "recall": 0.5190212521951044,
        "f1-score": 0.43657029170389333,
        "support": 737
    },
    "weighted avg": {
        "precision": 0.6100568457951503,
        "recall": 0.4369063772048847,
        "f1-score": 0.442377102304354,
        "support": 737
    }
}