{
    "R2": -0.659507552602131,
    "RMSE": 143.1507382128136,
    "MSE": 20492.13385087349,
    "MAPE": 0.7744986854584367,
    "ACMAPE": 2.077076704454366
}