{
    "R2": 0.9292351297349564,
    "RMSE": 18.93000772522126,
    "MSE": 358.3451924769365,
    "MAPE": 0.11432867871231145,
    "ACMAPE": 1.073768562826266
}