{
    "R2": -1.0905299167738307,
    "RMSE": 34.94992426707829,
    "MSE": 1221.4972062745078,
    "MAPE": 0.20294025178164565,
    "ACMAPE": 1.5261341681314555
}