{
    "R2": 0.9895414240636506,
    "RMSE": 59.04367220221798,
    "MSE": 3486.1552271229675,
    "MAPE": 0.027698607596887352,
    "ACMAPE": 0.27119443987776626
}