{
    "DOWN": {
        "precision": 0.8868131868131868,
        "recall": 0.9275862068965517,
        "f1-score": 0.9067415730337078,
        "support": 870
    },
    "UP": {
        "precision": 0.20253164556962025,
        "recall": 0.13445378151260504,
        "f1-score": 0.1616161616161616,
        "support": 119
    },
    "accuracy": 0.8321536905965622,
    "macro avg": {
        "precision": 0.5446724161914035,
        "recall": 0.5310199942045783,
        "f1-score": 0.5341788673249347,
        "support": 989
    },
    "weighted avg": {
        "precision": 0.8044779963096637,
        "recall": 0.8321536905965622,
        "f1-score": 0.8170854315183509,
        "support": 989
    }
}