{
    "DOWN": {
        "precision": 0.6743330266789328,
        "recall": 0.25137174211248287,
        "f1-score": 0.36622533100174864,
        "support": 2916
    },
    "UP": {
        "precision": 0.32768709578072064,
        "recall": 0.7503526093088858,
        "f1-score": 0.45616291532690245,
        "support": 1418
    },
    "accuracy": 0.4146285186894324,
    "macro avg": {
        "precision": 0.5010100612298267,
        "recall": 0.5008621757106844,
        "f1-score": 0.4111941231643256,
        "support": 4334
    },
    "weighted avg": {
        "precision": 0.5609172606397853,
        "recall": 0.4146285186894324,
        "f1-score": 0.3956511488543255,
        "support": 4334
    }
}