{
    "DOWN": {
        "precision": 0.6818181818181818,
        "recall": 0.25,
        "f1-score": 0.36585365853658536,
        "support": 720
    },
    "UP": {
        "precision": 0.34146341463414637,
        "recall": 0.7692307692307693,
        "f1-score": 0.472972972972973,
        "support": 364
    },
    "accuracy": 0.42435424354243545,
    "macro avg": {
        "precision": 0.511640798226164,
        "recall": 0.5096153846153846,
        "f1-score": 0.4194133157547792,
        "support": 1084
    },
    "weighted avg": {
        "precision": 0.5675293116567529,
        "recall": 0.42435424354243545,
        "f1-score": 0.40182361283072293,
        "support": 1084
    }
}