{
    "DOWN": {
        "precision": 0.6912521440823327,
        "recall": 0.7340619307832422,
        "f1-score": 0.7120141342756184,
        "support": 549
    },
    "UP": {
        "precision": 0.4016393442622951,
        "recall": 0.35251798561151076,
        "f1-score": 0.37547892720306514,
        "support": 278
    },
    "accuracy": 0.6058041112454655,
    "macro avg": {
        "precision": 0.5464457441723138,
        "recall": 0.5432899581973765,
        "f1-score": 0.5437465307393418,
        "support": 827
    },
    "weighted avg": {
        "precision": 0.5938974181452463,
        "recall": 0.6058041112454655,
        "f1-score": 0.5988862170251108,
        "support": 827
    }
}