{
    "DOWN": {
        "precision": 0.694078947368421,
        "recall": 0.4861751152073733,
        "f1-score": 0.5718157181571816,
        "support": 434
    },
    "UP": {
        "precision": 0.43112244897959184,
        "recall": 0.6450381679389313,
        "f1-score": 0.5168195718654435,
        "support": 262
    },
    "accuracy": 0.5459770114942529,
    "macro avg": {
        "precision": 0.5626006981740064,
        "recall": 0.5656066415731523,
        "f1-score": 0.5443176450113125,
        "support": 696
    },
    "weighted avg": {
        "precision": 0.5950924494117066,
        "recall": 0.5459770114942529,
        "f1-score": 0.5511131458462112,
        "support": 696
    }
}