{
    "R2": 0.9464761150688058,
    "RMSE": 20.264393099495553,
    "MSE": 410.64562769088303,
    "MAPE": 0.03607023496861093,
    "ACMAPE": 0.9894230046479112
}