{
    "DOWN": {
        "precision": 0.536,
        "recall": 0.32211538461538464,
        "f1-score": 0.4024024024024025,
        "support": 208
    },
    "UP": {
        "precision": 0.4025423728813559,
        "recall": 0.6209150326797386,
        "f1-score": 0.48843187660668375,
        "support": 153
    },
    "accuracy": 0.4487534626038781,
    "macro avg": {
        "precision": 0.469271186440678,
        "recall": 0.4715152086475616,
        "f1-score": 0.4454171395045431,
        "support": 361
    },
    "weighted avg": {
        "precision": 0.4794376261796328,
        "recall": 0.4487534626038781,
        "f1-score": 0.4388636477022779,
        "support": 361
    }
}