{
    "DOWN": {
        "precision": 0.6224489795918368,
        "recall": 0.3505747126436782,
        "f1-score": 0.44852941176470595,
        "support": 174
    },
    "UP": {
        "precision": 0.35428571428571426,
        "recall": 0.6262626262626263,
        "f1-score": 0.4525547445255474,
        "support": 99
    },
    "accuracy": 0.45054945054945056,
    "macro avg": {
        "precision": 0.4883673469387755,
        "recall": 0.48841866945315227,
        "f1-score": 0.4505420781451267,
        "support": 273
    },
    "weighted avg": {
        "precision": 0.5252029603050011,
        "recall": 0.45054945054945056,
        "f1-score": 0.44998914782083527,
        "support": 273
    }
}