{
    "DOWN": {
        "precision": 0.739938080495356,
        "recall": 0.615979381443299,
        "f1-score": 0.6722925457102672,
        "support": 776
    },
    "UP": {
        "precision": 0.3101851851851852,
        "recall": 0.44370860927152317,
        "f1-score": 0.3651226158038147,
        "support": 302
    },
    "accuracy": 0.5677179962894249,
    "macro avg": {
        "precision": 0.5250616328402706,
        "recall": 0.5298439953574111,
        "f1-score": 0.5187075807570409,
        "support": 1078
    },
    "weighted avg": {
        "precision": 0.6195434845921356,
        "recall": 0.5677179962894249,
        "f1-score": 0.5862393742522444,
        "support": 1078
    }
}