{
    "R2": 0.0,
    "RMSE": 19.293378072482717,
    "MSE": 372.23443744775693,
    "MAPE": 0.38586578447686054,
    "ACMAPE": 0.38586578447686054
}