{
    "DOWN": {
        "precision": 0.6598837209302325,
        "recall": 0.43992248062015504,
        "f1-score": 0.5279069767441861,
        "support": 516
    },
    "UP": {
        "precision": 0.2454308093994778,
        "recall": 0.44549763033175355,
        "f1-score": 0.31649831649831645,
        "support": 211
    },
    "accuracy": 0.44154057771664373,
    "macro avg": {
        "precision": 0.45265726516485516,
        "recall": 0.4427100554759543,
        "f1-score": 0.4222026466212513,
        "support": 727
    },
    "weighted avg": {
        "precision": 0.5395954618752268,
        "recall": 0.44154057771664373,
        "f1-score": 0.46654902996030917,
        "support": 727
    }
}