{
    "R2": 0.41946612059158006,
    "RMSE": 10.397020349358488,
    "MSE": 108.0980321449745,
    "MAPE": 0.09594063674668053,
    "ACMAPE": 1.1186679094739533
}