{
    "R2": 0.9890923079460895,
    "RMSE": 55.739196895820605,
    "MSE": 3106.8580705910576,
    "MAPE": 0.08632594382433119,
    "ACMAPE": 1.0324205532852773
}