{
    "R2": 0.0,
    "RMSE": 10.932370206380895,
    "MSE": 119.51671832936466,
    "MAPE": 0.09589798426649908,
    "ACMAPE": 2.095897984266499
}