{
    "R2": 0.9546162454934036,
    "RMSE": 35.22087538994695,
    "MSE": 1240.5100632341703,
    "MAPE": 0.2593935618539051,
    "ACMAPE": 1.5955253022478348
}