{
    "R2": -1.7609361748654213,
    "RMSE": 26.767879193318763,
    "MSE": 716.5193565081075,
    "MAPE": 0.30538932720165457,
    "ACMAPE": 1.682295645284443
}