{
    "DOWN": {
        "precision": 0.7118055555555556,
        "recall": 0.6002928257686676,
        "f1-score": 0.6513105639396347,
        "support": 683
    },
    "UP": {
        "precision": 0.3421686746987952,
        "recall": 0.461038961038961,
        "f1-score": 0.39280774550484093,
        "support": 308
    },
    "accuracy": 0.557013118062563,
    "macro avg": {
        "precision": 0.5269871151271754,
        "recall": 0.5306658934038143,
        "f1-score": 0.5220591547222379,
        "support": 991
    },
    "weighted avg": {
        "precision": 0.5969234573679852,
        "recall": 0.557013118062563,
        "f1-score": 0.5709686183514243,
        "support": 991
    }
}