{
    "R2": -0.19787295048818243,
    "RMSE": 29.500022429097154,
    "MSE": 870.2513233172352,
    "MAPE": 0.17932865299901837,
    "ACMAPE": 0.8302274231030864
}