{
    "DOWN": {
        "precision": 0.8632075471698113,
        "recall": 0.2611301369863014,
        "f1-score": 0.40096406660823836,
        "support": 3504
    },
    "UP": {
        "precision": 0.13786213786213786,
        "recall": 0.740608228980322,
        "f1-score": 0.23245367770915218,
        "support": 559
    },
    "accuracy": 0.3270982032980556,
    "macro avg": {
        "precision": 0.5005348425159746,
        "recall": 0.5008691829833116,
        "f1-score": 0.31670887215869525,
        "support": 4063
    },
    "weighted avg": {
        "precision": 0.7634123013408697,
        "recall": 0.3270982032980556,
        "f1-score": 0.37777989053277955,
        "support": 4063
    }
}