{
    "R2": 0.9942229319651846,
    "RMSE": 385.5239540051537,
    "MSE": 148628.71911176786,
    "MAPE": 0.21743252010347086,
    "ACMAPE": 1.6145811962745502
}