{
    "R2": 0.97701524130194,
    "RMSE": 9.219801717709446,
    "MSE": 85.00474371387806,
    "MAPE": 0.052789914299907155,
    "ACMAPE": 1.0174114996111476
}