{
    "DOWN": {
        "precision": 0.7755905511811023,
        "recall": 0.696113074204947,
        "f1-score": 0.733705772811918,
        "support": 283
    },
    "UP": {
        "precision": 0.4819277108433735,
        "recall": 0.583941605839416,
        "f1-score": 0.528052805280528,
        "support": 137
    },
    "accuracy": 0.6595238095238095,
    "macro avg": {
        "precision": 0.6287591310122379,
        "recall": 0.6400273400221814,
        "f1-score": 0.6308792890462229,
        "support": 420
    },
    "weighted avg": {
        "precision": 0.6798005294518907,
        "recall": 0.6595238095238095,
        "f1-score": 0.6666237334028693,
        "support": 420
    }
}