{
    "R2": 0.8615028686764493,
    "RMSE": 65.53899588482648,
    "MSE": 4295.359981591301,
    "MAPE": 0.045802250853542684,
    "ACMAPE": 0.996904839540024
}