{
    "DOWN": {
        "precision": 0.8,
        "recall": 0.22929936305732485,
        "f1-score": 0.3564356435643565,
        "support": 157
    },
    "UP": {
        "precision": 0.27976190476190477,
        "recall": 0.8392857142857143,
        "f1-score": 0.41964285714285715,
        "support": 56
    },
    "accuracy": 0.38967136150234744,
    "macro avg": {
        "precision": 0.5398809523809525,
        "recall": 0.5342925386715196,
        "f1-score": 0.3880392503536068,
        "support": 213
    },
    "weighted avg": {
        "precision": 0.6632237871674492,
        "recall": 0.38967136150234744,
        "f1-score": 0.37305350253335195,
        "support": 213
    }
}