{
    "DOWN": {
        "precision": 0.5462962962962963,
        "recall": 0.271889400921659,
        "f1-score": 0.3630769230769231,
        "support": 217
    },
    "UP": {
        "precision": 0.3803921568627451,
        "recall": 0.6643835616438356,
        "f1-score": 0.4837905236907731,
        "support": 146
    },
    "accuracy": 0.4297520661157025,
    "macro avg": {
        "precision": 0.4633442265795207,
        "recall": 0.4681364812827473,
        "f1-score": 0.4234337233838481,
        "support": 363
    },
    "weighted avg": {
        "precision": 0.47956901156544646,
        "recall": 0.4297520661157025,
        "f1-score": 0.4116283988059095,
        "support": 363
    }
}