{
    "DOWN": {
        "precision": 0.6551059730250481,
        "recall": 0.6692913385826772,
        "f1-score": 0.6621226874391432,
        "support": 508
    },
    "UP": {
        "precision": 0.42857142857142855,
        "recall": 0.4131147540983607,
        "f1-score": 0.42070116861435725,
        "support": 305
    },
    "accuracy": 0.5731857318573186,
    "macro avg": {
        "precision": 0.5418387007982384,
        "recall": 0.541203046340519,
        "f1-score": 0.5414119280267502,
        "support": 813
    },
    "weighted avg": {
        "precision": 0.5701206888204308,
        "recall": 0.5731857318573186,
        "f1-score": 0.5715524989501399,
        "support": 813
    }
}