{
    "R2": 0.4842263357232368,
    "RMSE": 97.85534522217966,
    "MSE": 9575.66858855196,
    "MAPE": 0.10546765257553936,
    "ACMAPE": 0.9295758936579501
}