{
    "DOWN": {
        "precision": 0.9370860927152318,
        "recall": 0.9109442060085837,
        "f1-score": 0.9238302502720348,
        "support": 932
    },
    "UP": {
        "precision": 0.3851851851851852,
        "recall": 0.47706422018348627,
        "f1-score": 0.42622950819672134,
        "support": 109
    },
    "accuracy": 0.8655139289145053,
    "macro avg": {
        "precision": 0.6611356389502085,
        "recall": 0.694004213096035,
        "f1-score": 0.6750298792343781,
        "support": 1041
    },
    "weighted avg": {
        "precision": 0.8792981974983489,
        "recall": 0.8655139289145053,
        "f1-score": 0.8717279631575208,
        "support": 1041
    }
}