{
    "DOWN": {
        "precision": 0.6721311475409836,
        "recall": 0.06655844155844155,
        "f1-score": 0.121122599704579,
        "support": 616
    },
    "UP": {
        "precision": 0.3436073059360731,
        "recall": 0.9376947040498442,
        "f1-score": 0.5029239766081871,
        "support": 321
    },
    "accuracy": 0.3649946638207044,
    "macro avg": {
        "precision": 0.5078692267385283,
        "recall": 0.5021265728041429,
        "f1-score": 0.312023288156383,
        "support": 937
    },
    "weighted avg": {
        "precision": 0.5595845593284154,
        "recall": 0.3649946638207044,
        "f1-score": 0.2519211503834031,
        "support": 937
    }
}