{
    "DOWN": {
        "precision": 0.844097995545657,
        "recall": 0.4501187648456057,
        "f1-score": 0.587141750580945,
        "support": 842
    },
    "UP": {
        "precision": 0.3376251788268956,
        "recall": 0.7712418300653595,
        "f1-score": 0.4696517412935324,
        "support": 306
    },
    "accuracy": 0.5357142857142857,
    "macro avg": {
        "precision": 0.5908615871862763,
        "recall": 0.6106802974554826,
        "f1-score": 0.5283967459372387,
        "support": 1148
    },
    "weighted avg": {
        "precision": 0.7090974015422241,
        "recall": 0.5357142857142857,
        "f1-score": 0.555824727199457,
        "support": 1148
    }
}