{
    "DOWN": {
        "precision": 0.6177156177156177,
        "recall": 0.4981203007518797,
        "f1-score": 0.5515088449531738,
        "support": 532
    },
    "UP": {
        "precision": 0.44490644490644493,
        "recall": 0.5661375661375662,
        "f1-score": 0.4982537834691502,
        "support": 378
    },
    "accuracy": 0.5263736263736264,
    "macro avg": {
        "precision": 0.5313110313110313,
        "recall": 0.5321289334447229,
        "f1-score": 0.524881314211162,
        "support": 910
    },
    "weighted avg": {
        "precision": 0.545933345933346,
        "recall": 0.5263736263736264,
        "f1-score": 0.5293875117213486,
        "support": 910
    }
}