{
    "DOWN": {
        "precision": 0.6292134831460674,
        "recall": 0.32,
        "f1-score": 0.4242424242424242,
        "support": 175
    },
    "UP": {
        "precision": 0.39285714285714285,
        "recall": 0.7,
        "f1-score": 0.5032679738562091,
        "support": 110
    },
    "accuracy": 0.4666666666666667,
    "macro avg": {
        "precision": 0.5110353130016051,
        "recall": 0.51,
        "f1-score": 0.46375519904931667,
        "support": 285
    },
    "weighted avg": {
        "precision": 0.537988228999465,
        "recall": 0.4666666666666667,
        "f1-score": 0.454743513567043,
        "support": 285
    }
}