{
    "R2": 0.9897397296248712,
    "RMSE": 185.5114626034271,
    "MSE": 34414.50275726274,
    "MAPE": 0.057510631542970904,
    "ACMAPE": 0.7328353068676462
}