{
    "R2": 0.9900945440212372,
    "RMSE": 57.63424260058662,
    "MSE": 3321.705920143273,
    "MAPE": 0.03310770143461031,
    "ACMAPE": 1.0829575512844603
}