{
    "DOWN": {
        "precision": 0.7130242825607064,
        "recall": 0.2698412698412698,
        "f1-score": 0.3915151515151515,
        "support": 1197
    },
    "UP": {
        "precision": 0.2818405916187346,
        "recall": 0.7251585623678647,
        "f1-score": 0.40591715976331366,
        "support": 473
    },
    "accuracy": 0.39880239520958083,
    "macro avg": {
        "precision": 0.4974324370897205,
        "recall": 0.49749991610456723,
        "f1-score": 0.3987161556392326,
        "support": 1670
    },
    "weighted avg": {
        "precision": 0.590898602431633,
        "recall": 0.39880239520958083,
        "f1-score": 0.39559428319262496,
        "support": 1670
    }
}