{
    "DOWN": {
        "precision": 0.7487883683360258,
        "recall": 0.5722222222222222,
        "f1-score": 0.6487053883834849,
        "support": 1620
    },
    "UP": {
        "precision": 0.4025862068965517,
        "recall": 0.6002570694087404,
        "f1-score": 0.48194014447884415,
        "support": 778
    },
    "accuracy": 0.5813177648040033,
    "macro avg": {
        "precision": 0.5756872876162887,
        "recall": 0.5862396458154813,
        "f1-score": 0.5653227664311645,
        "support": 2398
    },
    "weighted avg": {
        "precision": 0.6364675670016177,
        "recall": 0.5813177648040033,
        "f1-score": 0.5946005678005781,
        "support": 2398
    }
}