{
    "R2": 0.9878360850728674,
    "RMSE": 343.437401376428,
    "MSE": 117949.2486641937,
    "MAPE": 0.05120215829519458,
    "ACMAPE": 1.0512021582951945
}