{
    "R2": 0.976941123762461,
    "RMSE": 8.259277151230075,
    "MSE": 68.21565906083119,
    "MAPE": 0.04490861781753274,
    "ACMAPE": 1.0488690138571366
}