{
    "DOWN": {
        "precision": 0.7777777777777778,
        "recall": 0.26717557251908397,
        "f1-score": 0.3977272727272727,
        "support": 393
    },
    "UP": {
        "precision": 0.06493506493506493,
        "recall": 0.4,
        "f1-score": 0.11173184357541897,
        "support": 50
    },
    "accuracy": 0.28216704288939054,
    "macro avg": {
        "precision": 0.4213564213564214,
        "recall": 0.333587786259542,
        "f1-score": 0.25472955815134585,
        "support": 443
    },
    "weighted avg": {
        "precision": 0.6973214896465462,
        "recall": 0.28216704288939054,
        "f1-score": 0.36544787891780844,
        "support": 443
    }
}