{
    "DOWN": {
        "precision": 0.5645569620253165,
        "recall": 0.2247983870967742,
        "f1-score": 0.3215573179524153,
        "support": 992
    },
    "UP": {
        "precision": 0.3206713780918728,
        "recall": 0.6785046728971963,
        "f1-score": 0.4355128974205159,
        "support": 535
    },
    "accuracy": 0.3837590045841519,
    "macro avg": {
        "precision": 0.4426141700585946,
        "recall": 0.4516515299969852,
        "f1-score": 0.3785351076864656,
        "support": 1527
    },
    "weighted avg": {
        "precision": 0.47910916411805227,
        "recall": 0.3837590045841519,
        "f1-score": 0.3614828156704466,
        "support": 1527
    }
}