{
    "R2": 0.43139825960702993,
    "RMSE": 3.1075964025145795,
    "MSE": 9.657155400921557,
    "MAPE": 0.012860910400596582,
    "ACMAPE": 0.9655881831278692
}