{
    "DOWN": {
        "precision": 0.6832740213523132,
        "recall": 0.31840796019900497,
        "f1-score": 0.4343891402714932,
        "support": 603
    },
    "UP": {
        "precision": 0.3010204081632653,
        "recall": 0.6654135338345865,
        "f1-score": 0.41451990632318503,
        "support": 266
    },
    "accuracy": 0.42462600690448793,
    "macro avg": {
        "precision": 0.4921472147577892,
        "recall": 0.4919107470167957,
        "f1-score": 0.4244545232973391,
        "support": 869
    },
    "weighted avg": {
        "precision": 0.5662665862449636,
        "recall": 0.42462600690448793,
        "f1-score": 0.42830718833794895,
        "support": 869
    }
}