{
    "R2": 0.9948451939160208,
    "RMSE": 16.97849705333995,
    "MSE": 288.26936219027334,
    "MAPE": 0.05692345885179825,
    "ACMAPE": 0.9912215775203944
}