{
    "R2": -7.598162167918959,
    "RMSE": 92.03619165113817,
    "MSE": 8470.660573645035,
    "MAPE": 1.172013989438283,
    "ACMAPE": 2.6265594439837376
}