{
    "R2": 0.0,
    "RMSE": 0.4478815200841317,
    "MSE": 0.20059785603287245,
    "MAPE": 0.008920667354932124,
    "ACMAPE": 2.008920667354932
}