{
    "R2": 0.35345177330108646,
    "RMSE": 50.71596682108816,
    "MSE": 2572.1092905977152,
    "MAPE": 0.10366743066507379,
    "ACMAPE": 0.9102248077142541
}