{
    "DOWN": {
        "precision": 0.6089385474860335,
        "recall": 0.5046296296296297,
        "f1-score": 0.5518987341772152,
        "support": 216
    },
    "UP": {
        "precision": 0.5091743119266054,
        "recall": 0.6132596685082873,
        "f1-score": 0.5563909774436089,
        "support": 181
    },
    "accuracy": 0.5541561712846348,
    "macro avg": {
        "precision": 0.5590564297063194,
        "recall": 0.5589446490689585,
        "f1-score": 0.5541448558104121,
        "support": 397
    },
    "weighted avg": {
        "precision": 0.5634540975206519,
        "recall": 0.5541561712846348,
        "f1-score": 0.5539468350115156,
        "support": 397
    }
}