{
    "R2": 0.0,
    "RMSE": 3.4361101668633482,
    "MSE": 11.806853078821668,
    "MAPE": 0.0306673012396016,
    "ACMAPE": 2.0306673012396015
}