{
    "R2": 0.0,
    "RMSE": 19.66302909467634,
    "MSE": 386.6347131780882,
    "MAPE": 0.3903985576197596,
    "ACMAPE": 2.3903985576197595
}