{
    "DOWN": {
        "precision": 0.8852097130242825,
        "recall": 0.699825479930192,
        "f1-score": 0.7816764132553605,
        "support": 573
    },
    "UP": {
        "precision": 0.23214285714285715,
        "recall": 0.5,
        "f1-score": 0.3170731707317073,
        "support": 104
    },
    "accuracy": 0.6691285081240768,
    "macro avg": {
        "precision": 0.5586762850835698,
        "recall": 0.599912739965096,
        "f1-score": 0.5493747919935339,
        "support": 677
    },
    "weighted avg": {
        "precision": 0.7848862964634727,
        "recall": 0.6691285081240768,
        "f1-score": 0.7103045709769855,
        "support": 677
    }
}