{
    "DOWN": {
        "precision": 0.5892116182572614,
        "recall": 0.8490284005979073,
        "f1-score": 0.6956521739130436,
        "support": 669
    },
    "UP": {
        "precision": 0.33986928104575165,
        "recall": 0.11607142857142858,
        "f1-score": 0.17304492512479203,
        "support": 448
    },
    "accuracy": 0.5550581915846016,
    "macro avg": {
        "precision": 0.46454044965150654,
        "recall": 0.48254991458466795,
        "f1-score": 0.43434854951891777,
        "support": 1117
    },
    "weighted avg": {
        "precision": 0.4892068133595386,
        "recall": 0.5550581915846016,
        "f1-score": 0.48604783420208864,
        "support": 1117
    }
}