{
    "R2": 0.9868803778827787,
    "RMSE": 22.825387414131573,
    "MSE": 520.998310605196,
    "MAPE": 0.048044812379473535,
    "ACMAPE": 0.9835761635717021
}