{
    "R2": 0.8582990184521344,
    "RMSE": 62.84061189820949,
    "MSE": 3948.942503741388,
    "MAPE": 0.04864433928270755,
    "ACMAPE": 1.098837389475758
}