{
    "DOWN": {
        "precision": 0.6079429735234216,
        "recall": 0.3138801261829653,
        "f1-score": 0.41400832177531205,
        "support": 1902
    },
    "UP": {
        "precision": 0.38530381535562885,
        "recall": 0.6799667497921862,
        "f1-score": 0.49188214070956093,
        "support": 1203
    },
    "accuracy": 0.4557165861513688,
    "macro avg": {
        "precision": 0.49662339443952525,
        "recall": 0.49692343798757577,
        "f1-score": 0.45294523124243646,
        "support": 3105
    },
    "weighted avg": {
        "precision": 0.5216837441270111,
        "recall": 0.4557165861513688,
        "f1-score": 0.4441797240870355,
        "support": 3105
    }
}