{
    "DOWN": {
        "precision": 0.6460905349794238,
        "recall": 0.3158953722334004,
        "f1-score": 0.4243243243243243,
        "support": 497
    },
    "UP": {
        "precision": 0.36329588014981273,
        "recall": 0.6928571428571428,
        "f1-score": 0.47665847665847666,
        "support": 280
    },
    "accuracy": 0.4517374517374517,
    "macro avg": {
        "precision": 0.5046932075646182,
        "recall": 0.5043762575452716,
        "f1-score": 0.45049140049140046,
        "support": 777
    },
    "weighted avg": {
        "precision": 0.5441825512570415,
        "recall": 0.4517374517374517,
        "f1-score": 0.4431834783186135,
        "support": 777
    }
}