{
    "R2": 0.4417477765532759,
    "RMSE": 10.82402292114658,
    "MSE": 117.15947219750656,
    "MAPE": 0.07798120117557956,
    "ACMAPE": 1.1828763060706846
}