{
    "R2": 0.7095156837217446,
    "RMSE": 144.00209848720968,
    "MSE": 20736.604368720033,
    "MAPE": 0.3447941266820411,
    "ACMAPE": 1.4178779056481732
}