{
    "DOWN": {
        "precision": 0.8608305274971941,
        "recall": 0.30692276910764305,
        "f1-score": 0.4525073746312684,
        "support": 2499
    },
    "UP": {
        "precision": 0.19140989729225025,
        "recall": 0.7677902621722846,
        "f1-score": 0.3064275037369208,
        "support": 534
    },
    "accuracy": 0.3880646224859875,
    "macro avg": {
        "precision": 0.5261202123947222,
        "recall": 0.5373565156399638,
        "f1-score": 0.3794674391840946,
        "support": 3033
    },
    "weighted avg": {
        "precision": 0.7429701198053247,
        "recall": 0.3880646224859875,
        "f1-score": 0.42678806996342084,
        "support": 3033
    }
}