{
    "DOWN": {
        "precision": 0.7222222222222222,
        "recall": 0.28888888888888886,
        "f1-score": 0.4126984126984127,
        "support": 45
    },
    "UP": {
        "precision": 0.3191489361702128,
        "recall": 0.75,
        "f1-score": 0.4477611940298508,
        "support": 20
    },
    "accuracy": 0.4307692307692308,
    "macro avg": {
        "precision": 0.5206855791962175,
        "recall": 0.5194444444444444,
        "f1-score": 0.43022980336413175,
        "support": 65
    },
    "weighted avg": {
        "precision": 0.5981996726677578,
        "recall": 0.4307692307692308,
        "f1-score": 0.42348696080039366,
        "support": 65
    }
}