{
    "R2": 0.0,
    "RMSE": 4.869537594832887,
    "MSE": 23.712396387490863,
    "MAPE": 0.09705000838223526,
    "ACMAPE": 2.097050008382235
}