{
    "DOWN": {
        "precision": 0.7272727272727273,
        "recall": 0.75,
        "f1-score": 0.7384615384615384,
        "support": 32
    },
    "UP": {
        "precision": 0.3333333333333333,
        "recall": 0.3076923076923077,
        "f1-score": 0.32,
        "support": 13
    },
    "accuracy": 0.6222222222222222,
    "macro avg": {
        "precision": 0.5303030303030303,
        "recall": 0.5288461538461539,
        "f1-score": 0.5292307692307692,
        "support": 45
    },
    "weighted avg": {
        "precision": 0.6134680134680135,
        "recall": 0.6222222222222222,
        "f1-score": 0.6175726495726496,
        "support": 45
    }
}