{
    "DOWN": {
        "precision": 0.6185210780926054,
        "recall": 0.3177138800141995,
        "f1-score": 0.4197936210131332,
        "support": 2817
    },
    "UP": {
        "precision": 0.3563295378432686,
        "recall": 0.6584158415841584,
        "f1-score": 0.4624076488483268,
        "support": 1616
    },
    "accuracy": 0.4419129257838935,
    "macro avg": {
        "precision": 0.487425307967937,
        "recall": 0.488064860799179,
        "f1-score": 0.44110063493073004,
        "support": 4433
    },
    "weighted avg": {
        "precision": 0.5229421182363165,
        "recall": 0.4419129257838935,
        "f1-score": 0.43532808277304136,
        "support": 4433
    }
}