{
    "DOWN": {
        "precision": 0.616504854368932,
        "recall": 0.36337625178826893,
        "f1-score": 0.4572457245724572,
        "support": 699
    },
    "UP": {
        "precision": 0.3651925820256776,
        "recall": 0.6183574879227053,
        "f1-score": 0.4591928251121076,
        "support": 414
    },
    "accuracy": 0.4582210242587601,
    "macro avg": {
        "precision": 0.4908487181973048,
        "recall": 0.4908668698554871,
        "f1-score": 0.4582192748422824,
        "support": 1113
    },
    "weighted avg": {
        "precision": 0.5230248177560772,
        "recall": 0.4582210242587601,
        "f1-score": 0.45796998299421393,
        "support": 1113
    }
}