{
    "DOWN": {
        "precision": 0.8371501272264631,
        "recall": 0.7214912280701754,
        "f1-score": 0.7750294464075382,
        "support": 912
    },
    "UP": {
        "precision": 0.22085889570552147,
        "recall": 0.36,
        "f1-score": 0.2737642585551331,
        "support": 200
    },
    "accuracy": 0.6564748201438849,
    "macro avg": {
        "precision": 0.5290045114659923,
        "recall": 0.5407456140350877,
        "f1-score": 0.5243968524813356,
        "support": 1112
    },
    "weighted avg": {
        "precision": 0.7263063805500347,
        "recall": 0.6564748201438849,
        "f1-score": 0.6848738370815661,
        "support": 1112
    }
}