{
    "R2": 0.9757068284279445,
    "RMSE": 37.321678050183316,
    "MSE": 1392.9076524815353,
    "MAPE": 0.09179246188071608,
    "ACMAPE": 0.7788428215929463
}