{
    "DOWN": {
        "precision": 0.6559139784946236,
        "recall": 0.42657342657342656,
        "f1-score": 0.5169491525423728,
        "support": 143
    },
    "UP": {
        "precision": 0.4383561643835616,
        "recall": 0.6666666666666666,
        "f1-score": 0.5289256198347108,
        "support": 96
    },
    "accuracy": 0.5230125523012552,
    "macro avg": {
        "precision": 0.5471350714390926,
        "recall": 0.5466200466200466,
        "f1-score": 0.5229373861885418,
        "support": 239
    },
    "weighted avg": {
        "precision": 0.5685267393537787,
        "recall": 0.5230125523012552,
        "f1-score": 0.5217597837560316,
        "support": 239
    }
}