{
    "R2": -1.1218320485378621,
    "RMSE": 99.95136310573204,
    "MSE": 9990.274986693892,
    "MAPE": 0.2961896414468173,
    "ACMAPE": 1.1031394483966241
}