{
    "DOWN": {
        "precision": 0.7581573896353166,
        "recall": 0.6030534351145038,
        "f1-score": 0.6717687074829932,
        "support": 655
    },
    "UP": {
        "precision": 0.41834451901565994,
        "recall": 0.597444089456869,
        "f1-score": 0.4921052631578947,
        "support": 313
    },
    "accuracy": 0.6012396694214877,
    "macro avg": {
        "precision": 0.5882509543254884,
        "recall": 0.6002487622856865,
        "f1-score": 0.5819369853204439,
        "support": 968
    },
    "weighted avg": {
        "precision": 0.6482798808502417,
        "recall": 0.6012396694214877,
        "f1-score": 0.6136750524481215,
        "support": 968
    }
}