{
    "DOWN": {
        "precision": 0.7761194029850746,
        "recall": 0.574585635359116,
        "f1-score": 0.6603174603174603,
        "support": 362
    },
    "UP": {
        "precision": 0.3937007874015748,
        "recall": 0.625,
        "f1-score": 0.48309178743961356,
        "support": 160
    },
    "accuracy": 0.5900383141762452,
    "macro avg": {
        "precision": 0.5849100951933247,
        "recall": 0.5997928176795579,
        "f1-score": 0.5717046238785369,
        "support": 522
    },
    "weighted avg": {
        "precision": 0.658902969089749,
        "recall": 0.5900383141762452,
        "f1-score": 0.6059954149909172,
        "support": 522
    }
}