{
    "R2": 0.9766487636607041,
    "RMSE": 24.897951035538593,
    "MSE": 619.9079657680774,
    "MAPE": 0.019826699096437098,
    "ACMAPE": 1.1919916475500454
}