{
    "R2": 0.521588576332683,
    "RMSE": 2.3998177367616687,
    "MSE": 5.759125169675898,
    "MAPE": 0.018320534913226882,
    "ACMAPE": 0.4142596212076432
}