{
    "R2": 0.756000554410171,
    "RMSE": 27.344583280139233,
    "MSE": 747.7262347644702,
    "MAPE": 0.10231879737236042,
    "ACMAPE": 1.7595856086521868
}