{
    "R2": 0.9873823797740405,
    "RMSE": 31.693332313815212,
    "MSE": 1004.4673131539234,
    "MAPE": 0.026390672225755103,
    "ACMAPE": 1.4165080623431452
}