{
    "DOWN": {
        "precision": 0.7291666666666666,
        "recall": 0.1650943396226415,
        "f1-score": 0.2692307692307692,
        "support": 848
    },
    "UP": {
        "precision": 0.027472527472527472,
        "recall": 0.2777777777777778,
        "f1-score": 0.05,
        "support": 72
    },
    "accuracy": 0.17391304347826086,
    "macro avg": {
        "precision": 0.37831959706959706,
        "recall": 0.22143605870020966,
        "f1-score": 0.1596153846153846,
        "support": 920
    },
    "weighted avg": {
        "precision": 0.6742514731645165,
        "recall": 0.17391304347826086,
        "f1-score": 0.2520735785953177,
        "support": 920
    }
}