{
    "DOWN": {
        "precision": 0.7016806722689075,
        "recall": 0.8308457711442786,
        "f1-score": 0.7608200455580866,
        "support": 201
    },
    "UP": {
        "precision": 0.39285714285714285,
        "recall": 0.23655913978494625,
        "f1-score": 0.2953020134228188,
        "support": 93
    },
    "accuracy": 0.6428571428571429,
    "macro avg": {
        "precision": 0.5472689075630252,
        "recall": 0.5337024554646124,
        "f1-score": 0.5280610294904526,
        "support": 294
    },
    "weighted avg": {
        "precision": 0.6039915966386554,
        "recall": 0.6428571428571429,
        "f1-score": 0.6135643415152978,
        "support": 294
    }
}