{
    "DOWN": {
        "precision": 0.7538091419406576,
        "recall": 0.39347007115948096,
        "f1-score": 0.517051705170517,
        "support": 2389
    },
    "UP": {
        "precision": 0.25038799793067773,
        "recall": 0.6118836915297092,
        "f1-score": 0.355359765051395,
        "support": 791
    },
    "accuracy": 0.4477987421383648,
    "macro avg": {
        "precision": 0.5020985699356677,
        "recall": 0.5026768813445951,
        "f1-score": 0.436205735110956,
        "support": 3180
    },
    "weighted avg": {
        "precision": 0.6285870900815714,
        "recall": 0.4477987421383648,
        "f1-score": 0.4768321062289367,
        "support": 3180
    }
}