{
    "R2": 0.7984319364839967,
    "RMSE": 14.527266297819764,
    "MSE": 211.04146608776998,
    "MAPE": 0.15268248305041004,
    "ACMAPE": 1.2468001301092337
}