{
    "R2": -0.9238823086583379,
    "RMSE": 1.4324327777892172,
    "MSE": 2.051863662884933,
    "MAPE": 0.05131676318393186,
    "ACMAPE": 1.7656024774696464
}