{
    "DOWN": {
        "precision": 0.7735849056603774,
        "recall": 0.7387387387387387,
        "f1-score": 0.7557603686635945,
        "support": 111
    },
    "UP": {
        "precision": 0.3409090909090909,
        "recall": 0.38461538461538464,
        "f1-score": 0.3614457831325301,
        "support": 39
    },
    "accuracy": 0.6466666666666666,
    "macro avg": {
        "precision": 0.5572469982847341,
        "recall": 0.5616770616770617,
        "f1-score": 0.5586030758980624,
        "support": 150
    },
    "weighted avg": {
        "precision": 0.6610891938250429,
        "recall": 0.6466666666666666,
        "f1-score": 0.6532385764255177,
        "support": 150
    }
}