{
    "R2": 0.9519138397515314,
    "RMSE": 38.18999049500749,
    "MSE": 1458.4753740087626,
    "MAPE": 0.0921759893736808,
    "ACMAPE": 1.1172128082249326
}