{
    "R2": 0.9391898129833806,
    "RMSE": 72.15521768653412,
    "MSE": 5206.375439391126,
    "MAPE": 0.15305350257694716,
    "ACMAPE": 1.0400258130626483
}