{
    "DOWN": {
        "precision": 0.7424242424242424,
        "recall": 0.3684210526315789,
        "f1-score": 0.4924623115577889,
        "support": 133
    },
    "UP": {
        "precision": 0.27586206896551724,
        "recall": 0.6530612244897959,
        "f1-score": 0.3878787878787878,
        "support": 49
    },
    "accuracy": 0.44505494505494503,
    "macro avg": {
        "precision": 0.5091431556948798,
        "recall": 0.5107411385606874,
        "f1-score": 0.4401705497182884,
        "support": 182
    },
    "weighted avg": {
        "precision": 0.6168113495699703,
        "recall": 0.44505494505494503,
        "f1-score": 0.46430520902882705,
        "support": 182
    }
}