{
    "R2": 0.9194165466148585,
    "RMSE": 98.95810782525021,
    "MSE": 9792.707104353847,
    "MAPE": 0.08130702705152076,
    "ACMAPE": 0.9399642708677753
}