{
    "DOWN": {
        "precision": 0.6055625790139064,
        "recall": 0.7106824925816023,
        "f1-score": 0.6539249146757679,
        "support": 674
    },
    "UP": {
        "precision": 0.4281524926686217,
        "recall": 0.31877729257641924,
        "f1-score": 0.3654568210262829,
        "support": 458
    },
    "accuracy": 0.5521201413427562,
    "macro avg": {
        "precision": 0.516857535841264,
        "recall": 0.5147298925790108,
        "f1-score": 0.5096908678510254,
        "support": 1132
    },
    "weighted avg": {
        "precision": 0.5337835864819803,
        "recall": 0.5521201413427562,
        "f1-score": 0.5372125587645805,
        "support": 1132
    }
}