{
    "DOWN": {
        "precision": 0.7236286919831224,
        "recall": 0.47050754458161864,
        "f1-score": 0.5702410640066501,
        "support": 729
    },
    "UP": {
        "precision": 0.3107142857142857,
        "recall": 0.5704918032786885,
        "f1-score": 0.4023121387283237,
        "support": 305
    },
    "accuracy": 0.5,
    "macro avg": {
        "precision": 0.517171488848704,
        "recall": 0.5204996739301536,
        "f1-score": 0.4862766013674869,
        "support": 1034
    },
    "weighted avg": {
        "precision": 0.6018309222423147,
        "recall": 0.5,
        "f1-score": 0.520706903262076,
        "support": 1034
    }
}