{
    "DOWN": {
        "precision": 0.7154471544715447,
        "recall": 0.5906040268456376,
        "f1-score": 0.6470588235294118,
        "support": 149
    },
    "UP": {
        "precision": 0.29069767441860467,
        "recall": 0.4166666666666667,
        "f1-score": 0.3424657534246575,
        "support": 60
    },
    "accuracy": 0.5406698564593302,
    "macro avg": {
        "precision": 0.5030724144450747,
        "recall": 0.5036353467561522,
        "f1-score": 0.49476228847703463,
        "support": 209
    },
    "weighted avg": {
        "precision": 0.5935095046955811,
        "recall": 0.5406698564593302,
        "f1-score": 0.559615836896468,
        "support": 209
    }
}