{
    "DOWN": {
        "precision": 0.6790697674418604,
        "recall": 0.5367647058823529,
        "f1-score": 0.5995893223819302,
        "support": 544
    },
    "UP": {
        "precision": 0.38235294117647056,
        "recall": 0.5306122448979592,
        "f1-score": 0.4444444444444445,
        "support": 294
    },
    "accuracy": 0.5346062052505967,
    "macro avg": {
        "precision": 0.5307113543091655,
        "recall": 0.5336884753901561,
        "f1-score": 0.5220168834131873,
        "support": 838
    },
    "weighted avg": {
        "precision": 0.5749710240981556,
        "recall": 0.5346062052505967,
        "f1-score": 0.5451590191437192,
        "support": 838
    }
}