{
    "R2": 0.9109828925433979,
    "RMSE": 100.00006321043182,
    "MSE": 10000.01264209036,
    "MAPE": 0.056671038428156885,
    "ACMAPE": 0.9511328984072583
}