{
    "R2": 0.9176651484807669,
    "RMSE": 96.17349277300269,
    "MSE": 9249.340712158802,
    "MAPE": 0.05616156324798752,
    "ACMAPE": 0.9966004347213417
}