{
    "DOWN": {
        "precision": 0.8169014084507042,
        "recall": 0.5420560747663551,
        "f1-score": 0.6516853932584269,
        "support": 107
    },
    "UP": {
        "precision": 0.4166666666666667,
        "recall": 0.7291666666666666,
        "f1-score": 0.5303030303030303,
        "support": 48
    },
    "accuracy": 0.6,
    "macro avg": {
        "precision": 0.6167840375586855,
        "recall": 0.6356113707165109,
        "f1-score": 0.5909942117807285,
        "support": 155
    },
    "weighted avg": {
        "precision": 0.6929577464788733,
        "recall": 0.6,
        "f1-score": 0.6140960163432072,
        "support": 155
    }
}