{
    "DOWN": {
        "precision": 0.7458745874587459,
        "recall": 0.644793152639087,
        "f1-score": 0.6916602907421576,
        "support": 701
    },
    "UP": {
        "precision": 0.39709443099273606,
        "recall": 0.5157232704402516,
        "f1-score": 0.44870041039671676,
        "support": 318
    },
    "accuracy": 0.6045142296368989,
    "macro avg": {
        "precision": 0.571484509225741,
        "recall": 0.5802582115396693,
        "f1-score": 0.5701803505694372,
        "support": 1019
    },
    "weighted avg": {
        "precision": 0.6370305347048782,
        "recall": 0.6045142296368989,
        "f1-score": 0.6158396411348465,
        "support": 1019
    }
}