{
    "R2": 0.9723642605929977,
    "RMSE": 88.89223570654971,
    "MSE": 7901.829568908792,
    "MAPE": 0.07600089631936738,
    "ACMAPE": 1.0480193695603346
}