{
    "R2": -2.810867175314173,
    "RMSE": 4.622898704201163,
    "MSE": 21.371192429304795,
    "MAPE": 0.14748326625578845,
    "ACMAPE": 1.5946377378005039
}