{
    "R2": 0.8616002193506057,
    "RMSE": 21.347569387869363,
    "MSE": 455.7187187698971,
    "MAPE": 0.23518791845284973,
    "ACMAPE": 1.3449440160138255
}