{
    "R2": 0.9520204255863636,
    "RMSE": 92.34980256796251,
    "MSE": 8528.486034341657,
    "MAPE": 0.04105885059497529,
    "ACMAPE": 1.0976994755949754
}