{
    "R2": 0.8964118101563678,
    "RMSE": 135.6947038853461,
    "MSE": 18413.052662531758,
    "MAPE": 0.0521286849536061,
    "ACMAPE": 1.104863059953606
}