{
    "R2": 0.7995613246103374,
    "RMSE": 10.71369289467869,
    "MSE": 114.78321544148865,
    "MAPE": 0.0825459372798687,
    "ACMAPE": 1.1810142086146607
}