{
    "DOWN": {
        "precision": 0.6729559748427673,
        "recall": 0.3602693602693603,
        "f1-score": 0.46929824561403505,
        "support": 297
    },
    "UP": {
        "precision": 0.3624161073825503,
        "recall": 0.675,
        "f1-score": 0.4716157205240175,
        "support": 160
    },
    "accuracy": 0.47045951859956237,
    "macro avg": {
        "precision": 0.5176860411126588,
        "recall": 0.5176346801346802,
        "f1-score": 0.4704569830690263,
        "support": 457
    },
    "weighted avg": {
        "precision": 0.5642330453162142,
        "recall": 0.47045951859956237,
        "f1-score": 0.4701096153855825,
        "support": 457
    }
}