{
    "R2": 0.7767183985989565,
    "RMSE": 155.76886800113132,
    "MSE": 24263.940238353876,
    "MAPE": 0.1325242594323456,
    "ACMAPE": 0.8790312454602897
}