{
    "R2": 0.734599142819298,
    "RMSE": 162.36055849338715,
    "MSE": 26360.950954284588,
    "MAPE": 0.13244360876932232,
    "ACMAPE": 0.8574945252662673
}