{
    "DOWN": {
        "precision": 0.7698529411764706,
        "recall": 0.3496993987975952,
        "f1-score": 0.4809370693615066,
        "support": 2994
    },
    "UP": {
        "precision": 0.02503755633450175,
        "recall": 0.13774104683195593,
        "f1-score": 0.0423728813559322,
        "support": 363
    },
    "accuracy": 0.32677986297289247,
    "macro avg": {
        "precision": 0.3974452487554862,
        "recall": 0.24372022281477557,
        "f1-score": 0.2616549753587194,
        "support": 3357
    },
    "weighted avg": {
        "precision": 0.6893143696251942,
        "recall": 0.32677986297289247,
        "f1-score": 0.43351413214195833,
        "support": 3357
    }
}