{
    "DOWN": {
        "precision": 0.775,
        "recall": 0.45365853658536587,
        "f1-score": 0.5723076923076923,
        "support": 205
    },
    "UP": {
        "precision": 0.3812154696132597,
        "recall": 0.71875,
        "f1-score": 0.4981949458483755,
        "support": 96
    },
    "accuracy": 0.5382059800664452,
    "macro avg": {
        "precision": 0.5781077348066299,
        "recall": 0.5862042682926829,
        "f1-score": 0.5352513190780339,
        "support": 301
    },
    "weighted avg": {
        "precision": 0.6494075916374517,
        "recall": 0.5382059800664452,
        "f1-score": 0.5486704044004019,
        "support": 301
    }
}