{
    "DOWN": {
        "precision": 0.6818181818181818,
        "recall": 0.30414746543778803,
        "f1-score": 0.42065009560229444,
        "support": 1085
    },
    "UP": {
        "precision": 0.28773584905660377,
        "recall": 0.664488017429194,
        "f1-score": 0.4015799868334431,
        "support": 459
    },
    "accuracy": 0.4112694300518135,
    "macro avg": {
        "precision": 0.48477701543739277,
        "recall": 0.484317741433491,
        "f1-score": 0.4111150412178688,
        "support": 1544
    },
    "weighted avg": {
        "precision": 0.5646654676099148,
        "recall": 0.4112694300518135,
        "f1-score": 0.4149809376198445,
        "support": 1544
    }
}