{
    "DOWN": {
        "precision": 0.7833710407239819,
        "recall": 0.4453376205787781,
        "f1-score": 0.5678556785567855,
        "support": 3110
    },
    "UP": {
        "precision": 0.28244592346089853,
        "recall": 0.6393596986817326,
        "f1-score": 0.3918061165608771,
        "support": 1062
    },
    "accuracy": 0.4947267497603068,
    "macro avg": {
        "precision": 0.5329084820924402,
        "recall": 0.5423486596302554,
        "f1-score": 0.47983089755883135,
        "support": 4172
    },
    "weighted avg": {
        "precision": 0.6558584629355364,
        "recall": 0.4947267497603068,
        "f1-score": 0.5230415283075874,
        "support": 4172
    }
}