{
    "R2": -0.4336988080335342,
    "RMSE": 114.23200596648607,
    "MSE": 13048.95118712731,
    "MAPE": 0.19839990727541681,
    "ACMAPE": 1.1087447348616237
}