{
    "R2": 0.9929674057976823,
    "RMSE": 89.27077614608025,
    "MSE": 7969.27147372357,
    "MAPE": 0.04673002844618723,
    "ACMAPE": 0.9990371242197428
}