{
    "R2": 0.7612834086709008,
    "RMSE": 37.829118133654376,
    "MSE": 1431.0421787699784,
    "MAPE": 0.02831170819961634,
    "ACMAPE": 0.8704169713575111
}