{
    "DOWN": {
        "precision": 0.6736596736596736,
        "recall": 0.5922131147540983,
        "f1-score": 0.6303162486368593,
        "support": 488
    },
    "UP": {
        "precision": 0.3951367781155015,
        "recall": 0.48148148148148145,
        "f1-score": 0.4340567612687813,
        "support": 270
    },
    "accuracy": 0.5527704485488126,
    "macro avg": {
        "precision": 0.5343982258875876,
        "recall": 0.5368472981177899,
        "f1-score": 0.5321865049528203,
        "support": 758
    },
    "weighted avg": {
        "precision": 0.5744496712890582,
        "recall": 0.5527704485488126,
        "f1-score": 0.5604085156693381,
        "support": 758
    }
}