{
    "DOWN": {
        "precision": 0.6904761904761905,
        "recall": 0.47540983606557374,
        "f1-score": 0.5631067961165048,
        "support": 488
    },
    "UP": {
        "precision": 0.3933649289099526,
        "recall": 0.6148148148148148,
        "f1-score": 0.4797687861271676,
        "support": 270
    },
    "accuracy": 0.525065963060686,
    "macro avg": {
        "precision": 0.5419205596930715,
        "recall": 0.5451123254401943,
        "f1-score": 0.5214377911218362,
        "support": 758
    },
    "weighted avg": {
        "precision": 0.5846450023193511,
        "recall": 0.525065963060686,
        "f1-score": 0.5334217529804612,
        "support": 758
    }
}