{
    "DOWN": {
        "precision": 0.6804123711340206,
        "recall": 0.5409836065573771,
        "f1-score": 0.6027397260273972,
        "support": 488
    },
    "UP": {
        "precision": 0.3945945945945946,
        "recall": 0.5407407407407407,
        "f1-score": 0.45625000000000004,
        "support": 270
    },
    "accuracy": 0.5408970976253298,
    "macro avg": {
        "precision": 0.5375034828643076,
        "recall": 0.5408621736490589,
        "f1-score": 0.5294948630136986,
        "support": 758
    },
    "weighted avg": {
        "precision": 0.5786039283033544,
        "recall": 0.5408970976253298,
        "f1-score": 0.5505600083131529,
        "support": 758
    }
}