{
    "R2": 0.9972051425152257,
    "RMSE": 164.97749019387544,
    "MSE": 27217.572270670265,
    "MAPE": 0.10095704980199843,
    "ACMAPE": 0.45201718188402834
}