{
    "R2": 0.8033608107412413,
    "RMSE": 29.45142849839676,
    "MSE": 867.3866405961768,
    "MAPE": 0.0429967873168645,
    "ACMAPE": 0.9470430300914311
}