{
    "DOWN": {
        "precision": 0.9714983713355049,
        "recall": 0.5794074793589121,
        "f1-score": 0.7258898691816247,
        "support": 4118
    },
    "UP": {
        "precision": 0.0561307901907357,
        "recall": 0.5953757225433526,
        "f1-score": 0.10258964143426294,
        "support": 173
    },
    "accuracy": 0.5800512701002097,
    "macro avg": {
        "precision": 0.5138145807631203,
        "recall": 0.5873916009511324,
        "f1-score": 0.4142397553079438,
        "support": 4291
    },
    "weighted avg": {
        "precision": 0.934593549257191,
        "recall": 0.5800512701002097,
        "f1-score": 0.7007603097781538,
        "support": 4291
    }
}