{
    "DOWN": {
        "precision": 0.7142857142857143,
        "recall": 0.4816824966078697,
        "f1-score": 0.5753646677471637,
        "support": 737
    },
    "UP": {
        "precision": 0.3612040133779264,
        "recall": 0.6033519553072626,
        "f1-score": 0.45188284518828453,
        "support": 358
    },
    "accuracy": 0.5214611872146119,
    "macro avg": {
        "precision": 0.5377448638318203,
        "recall": 0.5425172259575661,
        "f1-score": 0.5136237564677241,
        "support": 1095
    },
    "weighted avg": {
        "precision": 0.5988489572765928,
        "recall": 0.5214611872146119,
        "f1-score": 0.5349934417416123,
        "support": 1095
    }
}