{
    "DOWN": {
        "precision": 0.6778846153846154,
        "recall": 0.9096774193548387,
        "f1-score": 0.7768595041322315,
        "support": 155
    },
    "UP": {
        "precision": 0.46153846153846156,
        "recall": 0.1518987341772152,
        "f1-score": 0.22857142857142856,
        "support": 79
    },
    "accuracy": 0.6538461538461539,
    "macro avg": {
        "precision": 0.5697115384615385,
        "recall": 0.5307880767660269,
        "f1-score": 0.5027154663518301,
        "support": 234
    },
    "weighted avg": {
        "precision": 0.6048446745562132,
        "recall": 0.6538461538461539,
        "f1-score": 0.59175370084461,
        "support": 234
    }
}