{
    "R2": 0.9505916521787621,
    "RMSE": 51.678978113802664,
    "MSE": 2670.7167788868946,
    "MAPE": 0.2403708454504596,
    "ACMAPE": 1.2724459054548236
}