{
    "R2": 0.9894400126191013,
    "RMSE": 23.902506555941187,
    "MSE": 571.3298196568114,
    "MAPE": 0.06319631336373131,
    "ACMAPE": 1.0493896072493327
}