{
    "DOWN": {
        "precision": 0.7407407407407407,
        "recall": 0.24070021881838075,
        "f1-score": 0.36333608587943844,
        "support": 914
    },
    "UP": {
        "precision": 0.18160377358490565,
        "recall": 0.6666666666666666,
        "f1-score": 0.28544949026876737,
        "support": 231
    },
    "accuracy": 0.3266375545851528,
    "macro avg": {
        "precision": 0.4611722571628232,
        "recall": 0.4536834427425237,
        "f1-score": 0.3243927880741029,
        "support": 1145
    },
    "weighted avg": {
        "precision": 0.6279366888516595,
        "recall": 0.3266375545851528,
        "f1-score": 0.34762272030208907,
        "support": 1145
    }
}