{
    "R2": 0.7922334826268616,
    "RMSE": 22.12397831803506,
    "MSE": 489.47041661688553,
    "MAPE": 0.03717509165745716,
    "ACMAPE": 1.44852880344785
}