{
    "R2": 0.0,
    "RMSE": 0.5998649970579685,
    "MSE": 0.3598380146953565,
    "MAPE": 0.0007498312462105458,
    "ACMAPE": 2.0007498312462104
}