{
    "R2": 0.9525780568662339,
    "RMSE": 18.35251877211644,
    "MSE": 336.8149452808864,
    "MAPE": 0.05784754114618492,
    "ACMAPE": 0.9452195547980622
}