{
    "R2": 0.25261675590554244,
    "RMSE": 15.726366541720896,
    "MSE": 247.3186046045585,
    "MAPE": 0.05664676015917143,
    "ACMAPE": 1.224075854395219
}