{
    "DOWN": {
        "precision": 0.9174041297935103,
        "recall": 0.7313822837731905,
        "f1-score": 0.8138993893573713,
        "support": 3827
    },
    "UP": {
        "precision": 0.21286370597243492,
        "recall": 0.5245283018867924,
        "f1-score": 0.30283224400871467,
        "support": 530
    },
    "accuracy": 0.7062198760615103,
    "macro avg": {
        "precision": 0.5651339178829726,
        "recall": 0.6279552928299914,
        "f1-score": 0.558365816683043,
        "support": 4357
    },
    "weighted avg": {
        "precision": 0.8317014847108456,
        "recall": 0.7062198760615103,
        "f1-score": 0.7517314786310026,
        "support": 4357
    }
}