{
    "R2": 0.9915036532160901,
    "RMSE": 13.450970965923355,
    "MSE": 180.9286199261131,
    "MAPE": 0.02741528527278284,
    "ACMAPE": 0.9994432573007549
}