{
    "DOWN": {
        "precision": 0.7349081364829396,
        "recall": 0.43613707165109034,
        "f1-score": 0.5474095796676443,
        "support": 642
    },
    "UP": {
        "precision": 0.23142250530785563,
        "recall": 0.5190476190476191,
        "f1-score": 0.3201174743024963,
        "support": 210
    },
    "accuracy": 0.4565727699530516,
    "macro avg": {
        "precision": 0.48316532089539765,
        "recall": 0.4775923453493547,
        "f1-score": 0.43376352698507026,
        "support": 852
    },
    "weighted avg": {
        "precision": 0.6108095654186583,
        "recall": 0.4565727699530516,
        "f1-score": 0.49138687764102335,
        "support": 852
    }
}