{
    "R2": 0.9954174089462042,
    "RMSE": 161.02154619974857,
    "MSE": 25927.93834055776,
    "MAPE": 0.042664355787353246,
    "ACMAPE": 1.2004060567808108
}