{
    "R2": -0.7284246160975134,
    "RMSE": 7.802870891973325,
    "MSE": 60.884794156804595,
    "MAPE": 0.024336877894953285,
    "ACMAPE": 1.29853042628205
}