{
    "R2": 0.6589620665232898,
    "RMSE": 26.094608833925818,
    "MSE": 680.9286101955994,
    "MAPE": 0.06379124268114521,
    "ACMAPE": 1.2188300023710676
}