{
    "R2": 0.9601825751580358,
    "RMSE": 95.20154976534212,
    "MSE": 9063.335077722913,
    "MAPE": 0.038934894824091126,
    "ACMAPE": 1.0842288235102457
}