{
    "R2": 0.9948683223483553,
    "RMSE": 32.676550824777614,
    "MSE": 1067.7569738042744,
    "MAPE": 0.041034551534017145,
    "ACMAPE": 1.0885657005880087
}