{
    "R2": 0.48666111120342936,
    "RMSE": 12.433967359047656,
    "MSE": 154.60354428586254,
    "MAPE": 0.08472771515838835,
    "ACMAPE": 1.6499451064627362
}