{
    "R2": 0.9771539807738551,
    "RMSE": 39.829077775812074,
    "MSE": 1586.3554364716874,
    "MAPE": 0.05321763454130123,
    "ACMAPE": 1.0184983889347858
}