{
    "R2": 0.9960834065207784,
    "RMSE": 18.224443240780122,
    "MSE": 332.13033143641627,
    "MAPE": 0.028630285223977214,
    "ACMAPE": 0.7192545653437654
}