{
    "R2": 0.6129969069248713,
    "RMSE": 71.14474622546507,
    "MSE": 5061.574915485827,
    "MAPE": 0.11091580728992408,
    "ACMAPE": 1.0381885345626514
}