{
    "R2": -109.0913663019712,
    "RMSE": 669.7118083587513,
    "MSE": 448513.9062551488,
    "MAPE": 1.2267159108161352,
    "ACMAPE": 2.3154733072658393
}