{
    "R2": 0.8972077852873496,
    "RMSE": 34.73181320735551,
    "MSE": 1206.2988486706347,
    "MAPE": 0.036590388019402516,
    "ACMAPE": 0.9565903880194024
}