{
    "R2": 0.7808091455206118,
    "RMSE": 394.1680700930998,
    "MSE": 155368.46748091886,
    "MAPE": 0.0581792269864651,
    "ACMAPE": 0.9290125603197984
}