{
    "R2": 0.862149996589253,
    "RMSE": 19.216019282844314,
    "MSE": 369.25539707864453,
    "MAPE": 0.03480938248083136,
    "ACMAPE": 0.8702819612439585
}