{
    "DOWN": {
        "precision": 0.7857142857142857,
        "recall": 0.2879581151832461,
        "f1-score": 0.421455938697318,
        "support": 573
    },
    "UP": {
        "precision": 0.35949764521193095,
        "recall": 0.8357664233576643,
        "f1-score": 0.5027442371020857,
        "support": 274
    },
    "accuracy": 0.4651711924439197,
    "macro avg": {
        "precision": 0.5726059654631084,
        "recall": 0.5618622692704551,
        "f1-score": 0.46210008789970186,
        "support": 847
    },
    "weighted avg": {
        "precision": 0.647835466944929,
        "recall": 0.4651711924439197,
        "f1-score": 0.4477522713571839,
        "support": 847
    }
}