{
    "DOWN": {
        "precision": 0.7747747747747747,
        "recall": 0.6187050359712231,
        "f1-score": 0.6880000000000001,
        "support": 139
    },
    "UP": {
        "precision": 0.47,
        "recall": 0.6527777777777778,
        "f1-score": 0.5465116279069767,
        "support": 72
    },
    "accuracy": 0.6303317535545023,
    "macro avg": {
        "precision": 0.6223873873873873,
        "recall": 0.6357414068745004,
        "f1-score": 0.6172558139534884,
        "support": 211
    },
    "weighted avg": {
        "precision": 0.6707757994961786,
        "recall": 0.6303317535545023,
        "f1-score": 0.6397196076270253,
        "support": 211
    }
}