{
    "DOWN": {
        "precision": 0.6475524475524476,
        "recall": 0.6614285714285715,
        "f1-score": 0.654416961130742,
        "support": 700
    },
    "UP": {
        "precision": 0.4343675417661098,
        "recall": 0.41935483870967744,
        "f1-score": 0.4267291910902697,
        "support": 434
    },
    "accuracy": 0.5687830687830688,
    "macro avg": {
        "precision": 0.5409599946592787,
        "recall": 0.5403917050691245,
        "f1-score": 0.5405730761105059,
        "support": 1134
    },
    "weighted avg": {
        "precision": 0.5659631626218738,
        "recall": 0.5687830687830688,
        "f1-score": 0.567277197288092,
        "support": 1134
    }
}