{
    "DOWN": {
        "precision": 0.0,
        "recall": 0.0,
        "f1-score": 0.0,
        "support": 476
    },
    "UP": {
        "precision": 0.014492753623188406,
        "recall": 1.0,
        "f1-score": 0.02857142857142857,
        "support": 7
    },
    "accuracy": 0.014492753623188406,
    "macro avg": {
        "precision": 0.007246376811594203,
        "recall": 0.5,
        "f1-score": 0.014285714285714285,
        "support": 483
    },
    "weighted avg": {
        "precision": 0.00021003990758244068,
        "recall": 0.014492753623188406,
        "f1-score": 0.0004140786749482401,
        "support": 483
    }
}