{
    "DOWN": {
        "precision": 0.8317152103559871,
        "recall": 0.3563505268996118,
        "f1-score": 0.4989322461657931,
        "support": 3606
    },
    "UP": {
        "precision": 0.15905797101449276,
        "recall": 0.6280400572246065,
        "f1-score": 0.2538305868748193,
        "support": 699
    },
    "accuracy": 0.40046457607433217,
    "macro avg": {
        "precision": 0.49538659068523994,
        "recall": 0.49219529206210916,
        "f1-score": 0.3763814165203062,
        "support": 4305
    },
    "weighted avg": {
        "precision": 0.7224962997172636,
        "recall": 0.40046457607433217,
        "f1-score": 0.45913525200914024,
        "support": 4305
    }
}