{
    "DOWN": {
        "precision": 0.7771855010660981,
        "recall": 0.5325054784514244,
        "f1-score": 0.6319895968790638,
        "support": 1369
    },
    "UP": {
        "precision": 0.3442622950819672,
        "recall": 0.6165137614678899,
        "f1-score": 0.44181459566074954,
        "support": 545
    },
    "accuracy": 0.5564263322884012,
    "macro avg": {
        "precision": 0.5607238980740327,
        "recall": 0.5745096199596571,
        "f1-score": 0.5369020962699067,
        "support": 1914
    },
    "weighted avg": {
        "precision": 0.6539132193203554,
        "recall": 0.5564263322884012,
        "f1-score": 0.5778384079219158,
        "support": 1914
    }
}