{
    "DOWN": {
        "precision": 0.6011730205278593,
        "recall": 0.5555555555555556,
        "f1-score": 0.5774647887323944,
        "support": 1107
    },
    "UP": {
        "precision": 0.3955773955773956,
        "recall": 0.4410958904109589,
        "f1-score": 0.4170984455958549,
        "support": 730
    },
    "accuracy": 0.5100707675557975,
    "macro avg": {
        "precision": 0.4983752080526274,
        "recall": 0.4983257229832573,
        "f1-score": 0.49728161716412467,
        "support": 1837
    },
    "weighted avg": {
        "precision": 0.5194719828502117,
        "recall": 0.5100707675557975,
        "f1-score": 0.51373728166126,
        "support": 1837
    }
}