{
    "DOWN": {
        "precision": 0.5527272727272727,
        "recall": 0.6153846153846154,
        "f1-score": 0.5823754789272031,
        "support": 247
    },
    "UP": {
        "precision": 0.483695652173913,
        "recall": 0.419811320754717,
        "f1-score": 0.4494949494949495,
        "support": 212
    },
    "accuracy": 0.5250544662309368,
    "macro avg": {
        "precision": 0.5182114624505929,
        "recall": 0.5175979680696662,
        "f1-score": 0.5159352142110762,
        "support": 459
    },
    "weighted avg": {
        "precision": 0.5208433869814945,
        "recall": 0.5250544662309368,
        "f1-score": 0.5210014653332211,
        "support": 459
    }
}