{
    "R2": 0.8002542963124352,
    "RMSE": 65.59780473319147,
    "MSE": 4303.071985813917,
    "MAPE": 0.04769229779081774,
    "ACMAPE": 1.0971972482858674
}