{
    "R2": 0.9951232229465337,
    "RMSE": 97.51778990815862,
    "MSE": 9509.719348571762,
    "MAPE": 0.07647913574919729,
    "ACMAPE": 1.3362349413513042
}