{
    "DOWN": {
        "precision": 0.7620253164556962,
        "recall": 0.7149643705463183,
        "f1-score": 0.7377450980392157,
        "support": 842
    },
    "UP": {
        "precision": 0.06614785992217899,
        "recall": 0.08292682926829269,
        "f1-score": 0.0735930735930736,
        "support": 205
    },
    "accuracy": 0.5912129894937918,
    "macro avg": {
        "precision": 0.41408658818893757,
        "recall": 0.3989455999073055,
        "f1-score": 0.4056690858161447,
        "support": 1047
    },
    "weighted avg": {
        "precision": 0.6257742385288854,
        "recall": 0.5912129894937918,
        "f1-score": 0.6077057809318049,
        "support": 1047
    }
}