{
    "DOWN": {
        "precision": 0.6772068511198946,
        "recall": 0.35193426908592945,
        "f1-score": 0.4631673800405497,
        "support": 2921
    },
    "UP": {
        "precision": 0.2763761467889908,
        "recall": 0.596042868920033,
        "f1-score": 0.37764429354922957,
        "support": 1213
    },
    "accuracy": 0.4235607160135462,
    "macro avg": {
        "precision": 0.4767914989544427,
        "recall": 0.47398856900298125,
        "f1-score": 0.42040583679488963,
        "support": 4134
    },
    "weighted avg": {
        "precision": 0.5595949390847261,
        "recall": 0.4235607160135462,
        "f1-score": 0.43807316041936645,
        "support": 4134
    }
}