{
    "DOWN": {
        "precision": 0.6789824348879467,
        "recall": 0.38535579236851153,
        "f1-score": 0.49166666666666664,
        "support": 2909
    },
    "UP": {
        "precision": 0.2755267423014587,
        "recall": 0.5619834710743802,
        "f1-score": 0.3697661772702556,
        "support": 1210
    },
    "accuracy": 0.43724204904102937,
    "macro avg": {
        "precision": 0.4772545885947027,
        "recall": 0.4736696317214458,
        "f1-score": 0.43071642196846116,
        "support": 4119
    },
    "weighted avg": {
        "precision": 0.5604630398819622,
        "recall": 0.43724204904102937,
        "f1-score": 0.4558571031391946,
        "support": 4119
    }
}