{
    "DOWN": {
        "precision": 0.8759124087591241,
        "recall": 0.6486486486486487,
        "f1-score": 0.7453416149068323,
        "support": 185
    },
    "UP": {
        "precision": 0.3434343434343434,
        "recall": 0.6666666666666666,
        "f1-score": 0.45333333333333337,
        "support": 51
    },
    "accuracy": 0.652542372881356,
    "macro avg": {
        "precision": 0.6096733760967338,
        "recall": 0.6576576576576576,
        "f1-score": 0.5993374741200828,
        "support": 236
    },
    "weighted avg": {
        "precision": 0.7608429963372436,
        "recall": 0.652542372881356,
        "f1-score": 0.6822381303295084,
        "support": 236
    }
}