{
    "DOWN": {
        "precision": 0.8794063079777366,
        "recall": 0.6427118644067796,
        "f1-score": 0.7426556991774382,
        "support": 1475
    },
    "UP": {
        "precision": 0.2751031636863824,
        "recall": 0.6060606060606061,
        "f1-score": 0.37842951750236514,
        "support": 330
    },
    "accuracy": 0.6360110803324099,
    "macro avg": {
        "precision": 0.5772547358320594,
        "recall": 0.6243862352336929,
        "f1-score": 0.5605426083399017,
        "support": 1805
    },
    "weighted avg": {
        "precision": 0.7689242926779323,
        "recall": 0.6360110803324099,
        "f1-score": 0.6760658709487546,
        "support": 1805
    }
}