{
    "R2": 0.9729959260499172,
    "RMSE": 90.45703892238909,
    "MSE": 8182.4758906066145,
    "MAPE": 0.21346345757658153,
    "ACMAPE": 0.9275389847958067
}