{
    "R2": 0.9803371629613583,
    "RMSE": 77.01755385557561,
    "MSE": 5931.703601896489,
    "MAPE": 0.3587020024293087,
    "ACMAPE": 0.9409804834419669
}