{
    "R2": 0.0,
    "RMSE": 12.016980312187414,
    "MSE": 144.4078158234999,
    "MAPE": 0.23997631914971784,
    "ACMAPE": 2.2399763191497177
}