{
    "DOWN": {
        "precision": 0.582089552238806,
        "recall": 0.26,
        "f1-score": 0.35944700460829493,
        "support": 150
    },
    "UP": {
        "precision": 0.3693181818181818,
        "recall": 0.6989247311827957,
        "f1-score": 0.48327137546468396,
        "support": 93
    },
    "accuracy": 0.4279835390946502,
    "macro avg": {
        "precision": 0.4757038670284939,
        "recall": 0.4794623655913979,
        "f1-score": 0.4213591900364895,
        "support": 243
    },
    "weighted avg": {
        "precision": 0.5006585339296782,
        "recall": 0.4279835390946502,
        "f1-score": 0.4068365786397525,
        "support": 243
    }
}