{
    "R2": -0.5229006771204465,
    "RMSE": 661.8002070983541,
    "MSE": 437979.5141154244,
    "MAPE": 0.20500965641284333,
    "ACMAPE": 1.0733023393396728
}