{
    "DOWN": {
        "precision": 0.6555435952637244,
        "recall": 0.4187005843932623,
        "f1-score": 0.5110132158590308,
        "support": 2909
    },
    "UP": {
        "precision": 0.2992125984251969,
        "recall": 0.5301027900146843,
        "f1-score": 0.38251655629139075,
        "support": 1362
    },
    "accuracy": 0.45422617653945213,
    "macro avg": {
        "precision": 0.47737809684446064,
        "recall": 0.4744016872039733,
        "f1-score": 0.4467648860752108,
        "support": 4271
    },
    "weighted avg": {
        "precision": 0.5419114674964394,
        "recall": 0.45422617653945213,
        "f1-score": 0.47003629000299574,
        "support": 4271
    }
}