{
    "DOWN": {
        "precision": 0.740041928721174,
        "recall": 0.46264744429882043,
        "f1-score": 0.5693548387096774,
        "support": 763
    },
    "UP": {
        "precision": 0.2881944444444444,
        "recall": 0.5724137931034483,
        "f1-score": 0.3833718244803695,
        "support": 290
    },
    "accuracy": 0.4928774928774929,
    "macro avg": {
        "precision": 0.5141181865828093,
        "recall": 0.5175306187011344,
        "f1-score": 0.4763633315950234,
        "support": 1053
    },
    "weighted avg": {
        "precision": 0.615601500952654,
        "recall": 0.4928774928774929,
        "f1-score": 0.5181344454271519,
        "support": 1053
    }
}