{
    "R2": 0.98727568418364,
    "RMSE": 428.7467830960881,
    "MSE": 183823.804015244,
    "MAPE": 0.03807504079586496,
    "ACMAPE": 1.0575096697711301
}