{
    "R2": 0.8453330873164548,
    "RMSE": 402.1020849320218,
    "MSE": 161686.08670667885,
    "MAPE": 0.031005778865931564,
    "ACMAPE": 0.8942536421137949
}