{
    "R2": -0.3811818876458195,
    "RMSE": 38.77956073175325,
    "MSE": 1503.8543305477388,
    "MAPE": 0.03744606163950177,
    "ACMAPE": 0.7859123193082134
}