{
    "R2": 0.9102437463565198,
    "RMSE": 44.547891373505315,
    "MSE": 1984.5146258256293,
    "MAPE": 0.054335131518246364,
    "ACMAPE": 1.0120431806314796
}