{
    "R2": 0.8962420281893717,
    "RMSE": 47.896693166669294,
    "MSE": 2294.093216302065,
    "MAPE": 0.05422482341668095,
    "ACMAPE": 1.1401729816704325
}