{
    "R2": 0.9082924289667881,
    "RMSE": 28.053567950584235,
    "MSE": 787.002674758047,
    "MAPE": 0.056982089937558905,
    "ACMAPE": 0.9708061473881874
}