{
    "R2": 0.7617671942535587,
    "RMSE": 8.600822492720216,
    "MSE": 73.97414755128199,
    "MAPE": 0.07714789052114623,
    "ACMAPE": 0.6183037574213213
}