{
    "R2": 0.8929175437255805,
    "RMSE": 5.766315012151673,
    "MSE": 33.250388819365746,
    "MAPE": 0.04502794459589806,
    "ACMAPE": 1.1658685750687527
}