{
    "R2": 0.612431256509997,
    "RMSE": 18.015704322870853,
    "MSE": 324.5656022491075,
    "MAPE": 0.020728956227415878,
    "ACMAPE": 0.7691952138961274
}