{
    "R2": 0.8123993233991298,
    "RMSE": 9.289744561343841,
    "MSE": 86.29935401501749,
    "MAPE": 0.04057411873872275,
    "ACMAPE": 0.8892227673873714
}