{
    "R2": 0.8024026630064602,
    "RMSE": 76.02539347395475,
    "MSE": 5779.860452869642,
    "MAPE": 0.1388457795971817,
    "ACMAPE": 1.29629258810782
}