{
    "R2": 0.9808331869759966,
    "RMSE": 18.859159791739554,
    "MSE": 355.66790805036584,
    "MAPE": 0.04017904975574213,
    "ACMAPE": 1.1322094102870515
}