{
    "DOWN": {
        "precision": 0.6487935656836461,
        "recall": 0.6080402010050251,
        "f1-score": 0.6277561608300909,
        "support": 398
    },
    "UP": {
        "precision": 0.42857142857142855,
        "recall": 0.4717741935483871,
        "f1-score": 0.44913627639155473,
        "support": 248
    },
    "accuracy": 0.5557275541795665,
    "macro avg": {
        "precision": 0.5386824971275374,
        "recall": 0.5399071972767061,
        "f1-score": 0.5384462186108228,
        "support": 646
    },
    "weighted avg": {
        "precision": 0.5642500827055811,
        "recall": 0.5557275541795665,
        "f1-score": 0.5591838212933155,
        "support": 646
    }
}