{
    "R2": -0.4850403101463494,
    "RMSE": 9.483445592671911,
    "MSE": 89.93574030916831,
    "MAPE": 0.11680316235766225,
    "ACMAPE": 1.5699281623576622
}