{
    "R2": 0.9465121375493049,
    "RMSE": 42.74139523029392,
    "MSE": 1826.8268662321916,
    "MAPE": 0.11006994981655457,
    "ACMAPE": 1.0919612979050857
}