{
    "R2": 0.9027170448831797,
    "RMSE": 58.45965838663416,
    "MSE": 3417.531658681966,
    "MAPE": 0.15596501718932454,
    "ACMAPE": 0.9173062400690088
}