{
    "R2": 0.9758484832203478,
    "RMSE": 82.79024424726937,
    "MSE": 6854.22454252252,
    "MAPE": 0.33147596249413674,
    "ACMAPE": 1.469141930348784
}