{
    "DOWN": {
        "precision": 0.6058823529411764,
        "recall": 0.3539518900343643,
        "f1-score": 0.44685466377440347,
        "support": 291
    },
    "UP": {
        "precision": 0.4268292682926829,
        "recall": 0.6763285024154589,
        "f1-score": 0.5233644859813084,
        "support": 207
    },
    "accuracy": 0.4879518072289157,
    "macro avg": {
        "precision": 0.5163558106169297,
        "recall": 0.5151401962249116,
        "f1-score": 0.4851095748778559,
        "support": 498
    },
    "weighted avg": {
        "precision": 0.531456673177646,
        "recall": 0.4879518072289157,
        "f1-score": 0.47865693927004466,
        "support": 498
    }
}