{
    "R2": 0.8649867240413769,
    "RMSE": 32.62974740667411,
    "MSE": 1064.700415823356,
    "MAPE": 0.09682769450319599,
    "ACMAPE": 1.2349030083107273
}