{
    "DOWN": {
        "precision": 0.8409090909090909,
        "recall": 0.10037981551817689,
        "f1-score": 0.1793504604944256,
        "support": 3686
    },
    "UP": {
        "precision": 0.06617854125598423,
        "recall": 0.7704918032786885,
        "f1-score": 0.12188796680497925,
        "support": 305
    },
    "accuracy": 0.15159107992984214,
    "macro avg": {
        "precision": 0.4535438160825376,
        "recall": 0.4354358093984327,
        "f1-score": 0.15061921364970243,
        "support": 3991
    },
    "weighted avg": {
        "precision": 0.7817026720556212,
        "recall": 0.15159107992984214,
        "f1-score": 0.17495906471009057,
        "support": 3991
    }
}