{
    "R2": 0.996011875379538,
    "RMSE": 46.377552954388214,
    "MSE": 2150.877418037083,
    "MAPE": 0.04350877181461948,
    "ACMAPE": 0.9923083089855769
}