{
    "DOWN": {
        "precision": 0.8288973384030418,
        "recall": 0.7089430894308943,
        "f1-score": 0.7642418930762489,
        "support": 615
    },
    "UP": {
        "precision": 0.386986301369863,
        "recall": 0.5566502463054187,
        "f1-score": 0.45656565656565656,
        "support": 203
    },
    "accuracy": 0.6711491442542787,
    "macro avg": {
        "precision": 0.6079418198864524,
        "recall": 0.6327966678681565,
        "f1-score": 0.6104037748209528,
        "support": 818
    },
    "weighted avg": {
        "precision": 0.7192299294571551,
        "recall": 0.6711491442542787,
        "f1-score": 0.6878870324263098,
        "support": 818
    }
}