{
    "DOWN": {
        "precision": 0.6302765647743813,
        "recall": 0.5742705570291777,
        "f1-score": 0.600971547536433,
        "support": 754
    },
    "UP": {
        "precision": 0.2654462242562929,
        "recall": 0.31351351351351353,
        "f1-score": 0.2874845105328377,
        "support": 370
    },
    "accuracy": 0.4884341637010676,
    "macro avg": {
        "precision": 0.44786139451533713,
        "recall": 0.44389203527134563,
        "f1-score": 0.4442280290346353,
        "support": 1124
    },
    "weighted avg": {
        "precision": 0.5101811679846191,
        "recall": 0.4884341637010676,
        "f1-score": 0.4977774161384524,
        "support": 1124
    }
}