{
    "DOWN": {
        "precision": 0.8894839337877313,
        "recall": 0.4693038787567429,
        "f1-score": 0.6144274424079368,
        "support": 3893
    },
    "UP": {
        "precision": 0.15049342105263158,
        "recall": 0.6172006745362564,
        "f1-score": 0.24198347107438017,
        "support": 593
    },
    "accuracy": 0.48885421310744537,
    "macro avg": {
        "precision": 0.5199886774201814,
        "recall": 0.5432522766464997,
        "f1-score": 0.4282054567411585,
        "support": 4486
    },
    "weighted avg": {
        "precision": 0.7917974928488293,
        "recall": 0.48885421310744537,
        "f1-score": 0.5651944341598764,
        "support": 4486
    }
}