{
    "R2": -0.042586369180132255,
    "RMSE": 1.358079282349096,
    "MSE": 1.8443793371458357,
    "MAPE": 0.016701076504471737,
    "ACMAPE": 0.7567010765044717
}