{
    "DOWN": {
        "precision": 0.9350073855243722,
        "recall": 0.8307086614173228,
        "f1-score": 0.8797776233495482,
        "support": 762
    },
    "UP": {
        "precision": 0.44155844155844154,
        "recall": 0.6986301369863014,
        "f1-score": 0.5411140583554376,
        "support": 146
    },
    "accuracy": 0.8094713656387665,
    "macro avg": {
        "precision": 0.6882829135414069,
        "recall": 0.7646693992018121,
        "f1-score": 0.710445840852493,
        "support": 908
    },
    "weighted avg": {
        "precision": 0.8556642733888811,
        "recall": 0.8094713656387665,
        "f1-score": 0.82532290915446,
        "support": 908
    }
}