{
    "DOWN": {
        "precision": 0.575590155700653,
        "recall": 0.44713226687475616,
        "f1-score": 0.5032938076416337,
        "support": 2563
    },
    "UP": {
        "precision": 0.4334266293482607,
        "recall": 0.5619491964748574,
        "f1-score": 0.4893905191873589,
        "support": 1929
    },
    "accuracy": 0.4964381121994657,
    "macro avg": {
        "precision": 0.5045083925244569,
        "recall": 0.5045407316748067,
        "f1-score": 0.4963421634144963,
        "support": 4492
    },
    "weighted avg": {
        "precision": 0.5145408586539556,
        "recall": 0.4964381121994657,
        "f1-score": 0.4973233171188607,
        "support": 4492
    }
}