{
    "DOWN": {
        "precision": 0.5652173913043478,
        "recall": 0.5445026178010471,
        "f1-score": 0.5546666666666668,
        "support": 191
    },
    "UP": {
        "precision": 0.3873239436619718,
        "recall": 0.4074074074074074,
        "f1-score": 0.3971119133574007,
        "support": 135
    },
    "accuracy": 0.48773006134969327,
    "macro avg": {
        "precision": 0.4762706674831598,
        "recall": 0.47595501260422723,
        "f1-score": 0.4758892900120337,
        "support": 326
    },
    "weighted avg": {
        "precision": 0.49154985930520434,
        "recall": 0.48773006134969327,
        "f1-score": 0.4894216001122161,
        "support": 326
    }
}