{
    "R2": 0.717714677557829,
    "RMSE": 25.535139990109815,
    "MSE": 652.0433743145055,
    "MAPE": 0.08872023173169549,
    "ACMAPE": 1.1686458822893164
}