{
    "R2": 0.3144773802214511,
    "RMSE": 2.566047298430046,
    "MSE": 6.584598737780139,
    "MAPE": 0.014130673663571588,
    "ACMAPE": 0.9030195625524604
}