{
    "R2": 0.9818535978414208,
    "RMSE": 21.11777789645202,
    "MSE": 445.9605432838775,
    "MAPE": 0.04361896913175743,
    "ACMAPE": 1.0277143965671451
}