{
    "DOWN": {
        "precision": 0.614406779661017,
        "recall": 0.4559748427672956,
        "f1-score": 0.523465703971119,
        "support": 318
    },
    "UP": {
        "precision": 0.3639705882352941,
        "recall": 0.5210526315789473,
        "f1-score": 0.42857142857142855,
        "support": 190
    },
    "accuracy": 0.48031496062992124,
    "macro avg": {
        "precision": 0.4891886839481555,
        "recall": 0.48851373717312147,
        "f1-score": 0.4760185662712738,
        "support": 508
    },
    "weighted avg": {
        "precision": 0.5207397001907662,
        "recall": 0.48031496062992124,
        "f1-score": 0.487973750573597,
        "support": 508
    }
}