{
    "DOWN": {
        "precision": 0.6415929203539823,
        "recall": 0.6236559139784946,
        "f1-score": 0.6324972737186477,
        "support": 465
    },
    "UP": {
        "precision": 0.4318181818181818,
        "recall": 0.45084745762711864,
        "f1-score": 0.4411276948590381,
        "support": 295
    },
    "accuracy": 0.5565789473684211,
    "macro avg": {
        "precision": 0.5367055510860821,
        "recall": 0.5372516858028067,
        "f1-score": 0.5368124842888429,
        "support": 760
    },
    "weighted avg": {
        "precision": 0.5601671994749545,
        "recall": 0.5565789473684211,
        "f1-score": 0.5582156608718256,
        "support": 760
    }
}