{
    "DOWN": {
        "precision": 0.6214689265536724,
        "recall": 0.4731182795698925,
        "f1-score": 0.5372405372405373,
        "support": 465
    },
    "UP": {
        "precision": 0.39655172413793105,
        "recall": 0.5457627118644067,
        "f1-score": 0.45934379457917257,
        "support": 295
    },
    "accuracy": 0.5013157894736842,
    "macro avg": {
        "precision": 0.5090103253458017,
        "recall": 0.5094404957171497,
        "f1-score": 0.4982921659098549,
        "support": 760
    },
    "weighted avg": {
        "precision": 0.5341655387738781,
        "recall": 0.5013157894736842,
        "f1-score": 0.5070043016022444,
        "support": 760
    }
}