{
    "R2": 0.9914780646835484,
    "RMSE": 24.720052466573925,
    "MSE": 611.0809939501677,
    "MAPE": 0.044853175035839216,
    "ACMAPE": 0.9352076680284196
}