{
    "R2": 0.9283042604257492,
    "RMSE": 6.977210919748744,
    "MSE": 48.68147221866112,
    "MAPE": 0.030257320754092255,
    "ACMAPE": 0.946098904912508
}