{
    "DOWN": {
        "precision": 0.7232472324723247,
        "recall": 0.3828125,
        "f1-score": 0.5006385696040868,
        "support": 512
    },
    "UP": {
        "precision": 0.326226012793177,
        "recall": 0.6710526315789473,
        "f1-score": 0.43902439024390244,
        "support": 228
    },
    "accuracy": 0.47162162162162163,
    "macro avg": {
        "precision": 0.5247366226327508,
        "recall": 0.5269325657894737,
        "f1-score": 0.46983147992399465,
        "support": 740
    },
    "weighted avg": {
        "precision": 0.6009217755982089,
        "recall": 0.47162162162162163,
        "f1-score": 0.4816547413687867,
        "support": 740
    }
}