{
    "R2": 0.9896288881559867,
    "RMSE": 3.9237011412426246,
    "MSE": 15.395430645788675,
    "MAPE": 0.022693297732657467,
    "ACMAPE": 0.5258066227637908
}