{
    "DOWN": {
        "precision": 0.7559055118110236,
        "recall": 0.4343891402714932,
        "f1-score": 0.5517241379310345,
        "support": 221
    },
    "UP": {
        "precision": 0.13793103448275862,
        "recall": 0.39215686274509803,
        "f1-score": 0.20408163265306123,
        "support": 51
    },
    "accuracy": 0.4264705882352941,
    "macro avg": {
        "precision": 0.44691827314689114,
        "recall": 0.4132730015082956,
        "f1-score": 0.37790288529204785,
        "support": 272
    },
    "weighted avg": {
        "precision": 0.640035297311974,
        "recall": 0.4264705882352941,
        "f1-score": 0.4865411681914145,
        "support": 272
    }
}