{
    "DOWN": {
        "precision": 0.6782393056416615,
        "recall": 0.41518026565464894,
        "f1-score": 0.515065913370998,
        "support": 2635.0
    },
    "UP": {
        "precision": 0.28125,
        "recall": 0.5374331550802139,
        "f1-score": 0.36925903245560315,
        "support": 1122.0
    },
    "accuracy": 0.45169017833377695,
    "macro avg": {
        "precision": 0.47974465282083073,
        "recall": 0.47630671036743144,
        "f1-score": 0.4421624729133006,
        "support": 3757.0
    },
    "weighted avg": {
        "precision": 0.5596814134590838,
        "recall": 0.45169017833377695,
        "f1-score": 0.4715217769890249,
        "support": 3757.0
    }
}