{
    "DOWN": {
        "precision": 0.5650485436893203,
        "recall": 0.7367088607594937,
        "f1-score": 0.6395604395604396,
        "support": 395.0
    },
    "UP": {
        "precision": 0.5047619047619047,
        "recall": 0.3212121212121212,
        "f1-score": 0.39259259259259255,
        "support": 330.0
    },
    "accuracy": 0.5475862068965517,
    "macro avg": {
        "precision": 0.5349052242256125,
        "recall": 0.5289604909858074,
        "f1-score": 0.5160765160765161,
        "support": 725.0
    },
    "weighted avg": {
        "precision": 0.5376077287292553,
        "recall": 0.5475862068965517,
        "f1-score": 0.5271474885267989,
        "support": 725.0
    }
}