{
    "DOWN": {
        "precision": 0.9987684729064039,
        "recall": 0.8912087912087913,
        "f1-score": 0.9419279907084785,
        "support": 910.0
    },
    "UP": {
        "precision": 0.0,
        "recall": 0.0,
        "f1-score": 0.0,
        "support": 1.0
    },
    "accuracy": 0.8902305159165752,
    "macro avg": {
        "precision": 0.49938423645320196,
        "recall": 0.44560439560439563,
        "f1-score": 0.4709639953542393,
        "support": 911.0
    },
    "weighted avg": {
        "precision": 0.9976721299065067,
        "recall": 0.8902305159165752,
        "f1-score": 0.9408940412126405,
        "support": 911.0
    }
}