{
    "DOWN": {
        "precision": 0.5851259987707437,
        "recall": 0.4628099173553719,
        "f1-score": 0.5168295331161781,
        "support": 2057.0
    },
    "UP": {
        "precision": 0.39814814814814814,
        "recall": 0.5199146514935988,
        "f1-score": 0.4509561998766194,
        "support": 1406.0
    },
    "accuracy": 0.4859948021946289,
    "macro avg": {
        "precision": 0.4916370734594459,
        "recall": 0.4913622844244854,
        "f1-score": 0.48389286649639873,
        "support": 3463.0
    },
    "weighted avg": {
        "precision": 0.5092118035713878,
        "recall": 0.4859948021946289,
        "f1-score": 0.49008454133598184,
        "support": 3463.0
    }
}