{
    "R2": 0.9779553646539236,
    "RMSE": 11.729395568380992,
    "MSE": 137.57872039955566,
    "MAPE": 0.03006739707328811,
    "ACMAPE": 0.7718514346319736
}