{
    "R2": 0.9934855141507708,
    "RMSE": 6.8150863429809725,
    "MSE": 46.44540186228577,
    "MAPE": 0.03346905669571772,
    "ACMAPE": 0.9695394379273893
}