{
    "DOWN": {
        "precision": 0.7412630288166769,
        "recall": 0.507343684431389,
        "f1-score": 0.6023916292974588,
        "support": 2383.0
    },
    "UP": {
        "precision": 0.3400786958965711,
        "recall": 0.5890944498539435,
        "f1-score": 0.43121881682109764,
        "support": 1027.0
    },
    "accuracy": 0.5319648093841642,
    "macro avg": {
        "precision": 0.540670862356624,
        "recall": 0.5482190671426663,
        "f1-score": 0.5168052230592782,
        "support": 3410.0
    },
    "weighted avg": {
        "precision": 0.6204371314826743,
        "recall": 0.5319648093841642,
        "f1-score": 0.5508389963317043,
        "support": 3410.0
    }
}