{
    "DOWN": {
        "precision": 0.7543859649122807,
        "recall": 0.13564668769716087,
        "f1-score": 0.22994652406417113,
        "support": 317.0
    },
    "UP": {
        "precision": 0.31155778894472363,
        "recall": 0.8985507246376812,
        "f1-score": 0.4626865671641791,
        "support": 138.0
    },
    "accuracy": 0.367032967032967,
    "macro avg": {
        "precision": 0.5329718769285021,
        "recall": 0.517098706167421,
        "f1-score": 0.34631654561417513,
        "support": 455.0
    },
    "weighted avg": {
        "precision": 0.6200776390144283,
        "recall": 0.367032967032967,
        "f1-score": 0.30053581186153616,
        "support": 455.0
    }
}