{
    "DOWN": {
        "precision": 0.7835497835497836,
        "recall": 0.5895765472312704,
        "f1-score": 0.6728624535315986,
        "support": 307.0
    },
    "UP": {
        "precision": 0.411214953271028,
        "recall": 0.6376811594202898,
        "f1-score": 0.5,
        "support": 138.0
    },
    "accuracy": 0.604494382022472,
    "macro avg": {
        "precision": 0.5973823684104058,
        "recall": 0.6136288533257801,
        "f1-score": 0.5864312267657993,
        "support": 445.0
    },
    "weighted avg": {
        "precision": 0.6680841507891807,
        "recall": 0.604494382022472,
        "f1-score": 0.6192556701892152,
        "support": 445.0
    }
}