{
    "DOWN": {
        "precision": 0.867704280155642,
        "recall": 0.4428368794326241,
        "f1-score": 0.5864012021036815,
        "support": 3525.0
    },
    "UP": {
        "precision": 0.1606837606837607,
        "recall": 0.6123778501628665,
        "f1-score": 0.2545700744752878,
        "support": 614.0
    },
    "accuracy": 0.4679874365788838,
    "macro avg": {
        "precision": 0.5141940204197014,
        "recall": 0.5276073647977453,
        "f1-score": 0.42048563828948465,
        "support": 4139.0
    },
    "weighted avg": {
        "precision": 0.7628213135077234,
        "recall": 0.4679874365788838,
        "f1-score": 0.5371757098679159,
        "support": 4139.0
    }
}