{
    "R2": 0.9922483958427717,
    "RMSE": 390678.4457789682,
    "MSE": 152629647996.2702,
    "MAPE": 0.020474299060156683,
    "ACMAPE": 1.460720344754357
}