{
    "R2": 0.9691664305453467,
    "RMSE": 175.38034354447618,
    "MSE": 30758.264901778486,
    "MAPE": 0.030116947465341527,
    "ACMAPE": 1.0819097761506005
}