{
    "DOWN": {
        "precision": 0.6377551020408163,
        "recall": 0.7062146892655368,
        "f1-score": 0.6702412868632708,
        "support": 177.0
    },
    "UP": {
        "precision": 0.3246753246753247,
        "recall": 0.2604166666666667,
        "f1-score": 0.2890173410404624,
        "support": 96.0
    },
    "accuracy": 0.5494505494505495,
    "macro avg": {
        "precision": 0.4812152133580705,
        "recall": 0.48331567796610175,
        "f1-score": 0.4796293139518666,
        "support": 273.0
    },
    "weighted avg": {
        "precision": 0.5276611143958082,
        "recall": 0.5494505494505495,
        "f1-score": 0.5361845147057998,
        "support": 273.0
    }
}