{
    "DOWN": {
        "precision": 0.6833333333333333,
        "recall": 0.5125,
        "f1-score": 0.5857142857142856,
        "support": 160.0
    },
    "UP": {
        "precision": 0.43884892086330934,
        "recall": 0.6161616161616161,
        "f1-score": 0.5126050420168067,
        "support": 99.0
    },
    "accuracy": 0.5521235521235521,
    "macro avg": {
        "precision": 0.5610911270983213,
        "recall": 0.564330808080808,
        "f1-score": 0.5491596638655462,
        "support": 259.0
    },
    "weighted avg": {
        "precision": 0.589881762543633,
        "recall": 0.5521235521235521,
        "f1-score": 0.5577690535673728,
        "support": 259.0
    }
}