{
    "DOWN": {
        "precision": 0.6351351351351351,
        "recall": 0.8867924528301887,
        "f1-score": 0.7401574803149605,
        "support": 53.0
    },
    "UP": {
        "precision": 0.4,
        "recall": 0.12903225806451613,
        "f1-score": 0.1951219512195122,
        "support": 31.0
    },
    "accuracy": 0.6071428571428571,
    "macro avg": {
        "precision": 0.5175675675675675,
        "recall": 0.5079123554473524,
        "f1-score": 0.4676397157672364,
        "support": 84.0
    },
    "weighted avg": {
        "precision": 0.5483590733590733,
        "recall": 0.6071428571428571,
        "f1-score": 0.539013416005926,
        "support": 84.0
    }
}