{
    "DOWN": {
        "precision": 0.7375565610859729,
        "recall": 0.5010979358805446,
        "f1-score": 0.5967573221757323,
        "support": 2277.0
    },
    "UP": {
        "precision": 0.3383808969132207,
        "recall": 0.5886524822695035,
        "f1-score": 0.4297337278106509,
        "support": 987.0
    },
    "accuracy": 0.5275735294117647,
    "macro avg": {
        "precision": 0.5379687289995968,
        "recall": 0.5448752090750241,
        "f1-score": 0.5132455249931915,
        "support": 3264.0
    },
    "weighted avg": {
        "precision": 0.6168499494013815,
        "recall": 0.5275735294117648,
        "f1-score": 0.5462511066002619,
        "support": 3264.0
    }
}