{
    "R2": 0.6220524408724466,
    "RMSE": 57.6480157169451,
    "MSE": 3323.29371610115,
    "MAPE": 0.02905068456088358,
    "ACMAPE": 0.8311340178942168
}