{
    "R2": 0.8890233400101752,
    "RMSE": 25.37084134811209,
    "MSE": 643.6795907110741,
    "MAPE": 0.10686363188878406,
    "ACMAPE": 1.2141890151937245
}