{
    "DOWN": {
        "precision": 0.723196881091618,
        "recall": 0.5416058394160584,
        "f1-score": 0.6193656093489148,
        "support": 685.0
    },
    "UP": {
        "precision": 0.4163568773234201,
        "recall": 0.6120218579234973,
        "f1-score": 0.49557522123893805,
        "support": 366.0
    },
    "accuracy": 0.566127497621313,
    "macro avg": {
        "precision": 0.5697768792075191,
        "recall": 0.5768138486697778,
        "f1-score": 0.5574704152939265,
        "support": 1051.0
    },
    "weighted avg": {
        "precision": 0.6163429882475071,
        "recall": 0.566127497621313,
        "f1-score": 0.5762568728615204,
        "support": 1051.0
    }
}