{
    "DOWN": {
        "precision": 0.6948051948051948,
        "recall": 0.5071090047393365,
        "f1-score": 0.5863013698630137,
        "support": 633.0
    },
    "UP": {
        "precision": 0.3953488372093023,
        "recall": 0.591304347826087,
        "f1-score": 0.4738675958188153,
        "support": 345.0
    },
    "accuracy": 0.5368098159509203,
    "macro avg": {
        "precision": 0.5450770160072486,
        "recall": 0.5492066762827117,
        "f1-score": 0.5300844828409146,
        "support": 978.0
    },
    "weighted avg": {
        "precision": 0.5891687496409996,
        "recall": 0.5368098159509203,
        "f1-score": 0.5466391489578517,
        "support": 978.0
    }
}