{
    "DOWN": {
        "precision": 0.6509186351706037,
        "recall": 0.4249485949280329,
        "f1-score": 0.5142027783537217,
        "support": 2918.0
    },
    "UP": {
        "precision": 0.3480963480963481,
        "recall": 0.5739910313901345,
        "f1-score": 0.4333736396614269,
        "support": 1561.0
    },
    "accuracy": 0.4768921634293369,
    "macro avg": {
        "precision": 0.49950749163347585,
        "recall": 0.4994698131590837,
        "f1-score": 0.47378820900757435,
        "support": 4479.0
    },
    "weighted avg": {
        "precision": 0.5453804368846218,
        "recall": 0.4768921634293369,
        "f1-score": 0.48603258735156224,
        "support": 4479.0
    }
}