{
    "DOWN": {
        "precision": 0.7333333333333333,
        "recall": 0.6748466257668712,
        "f1-score": 0.7028753993610223,
        "support": 163.0
    },
    "UP": {
        "precision": 0.5137614678899083,
        "recall": 0.5833333333333334,
        "f1-score": 0.5463414634146342,
        "support": 96.0
    },
    "accuracy": 0.640926640926641,
    "macro avg": {
        "precision": 0.6235474006116208,
        "recall": 0.6290899795501023,
        "f1-score": 0.6246084313878282,
        "support": 259.0
    },
    "weighted avg": {
        "precision": 0.6519476225898245,
        "recall": 0.640926640926641,
        "f1-score": 0.6448550987785773,
        "support": 259.0
    }
}