{
    "R2": 0.30656363175239043,
    "RMSE": 5.513218828959061,
    "MSE": 30.395581855988713,
    "MAPE": 0.03582744636190657,
    "ACMAPE": 0.5122672369378227
}