{
    "R2": 0.992334270948595,
    "RMSE": 92.70685595797889,
    "MSE": 8594.561141613445,
    "MAPE": 0.13362731827908686,
    "ACMAPE": 1.1785374979198053
}