{
    "DOWN": {
        "precision": 0.7398058252427184,
        "recall": 0.503968253968254,
        "f1-score": 0.5995279307631786,
        "support": 756.0
    },
    "UP": {
        "precision": 0.3676222596964587,
        "recall": 0.6193181818181818,
        "f1-score": 0.4613756613756614,
        "support": 352.0
    },
    "accuracy": 0.5406137184115524,
    "macro avg": {
        "precision": 0.5537140424695886,
        "recall": 0.5616432178932178,
        "f1-score": 0.53045179606942,
        "support": 1108.0
    },
    "weighted avg": {
        "precision": 0.6215670029753146,
        "recall": 0.5406137184115524,
        "f1-score": 0.5556384011382633,
        "support": 1108.0
    }
}