{
    "R2": 0.8538912630577217,
    "RMSE": 114.08270667618964,
    "MSE": 13014.863962565527,
    "MAPE": 0.06128883463501613,
    "ACMAPE": 1.0612888346350162
}