{
    "R2": 0.9895761456557415,
    "RMSE": 5.174096782209213,
    "MSE": 26.771277511667737,
    "MAPE": 0.05736055567681909,
    "ACMAPE": 1.3842564577022547
}