{
    "R2": 0.7713446929969316,
    "RMSE": 12.690096785415644,
    "MSE": 161.03855642321645,
    "MAPE": 0.06811241366489908,
    "ACMAPE": 1.2446940944958718
}