{
    "R2": 0.9893257583416571,
    "RMSE": 141.5220268133685,
    "MSE": 20028.484073363798,
    "MAPE": 0.03325147526187072,
    "ACMAPE": 1.054959145305286
}