{
    "DOWN": {
        "precision": 0.7319587628865979,
        "recall": 0.568,
        "f1-score": 0.6396396396396397,
        "support": 125.0
    },
    "UP": {
        "precision": 0.38636363636363635,
        "recall": 0.5666666666666667,
        "f1-score": 0.4594594594594595,
        "support": 60.0
    },
    "accuracy": 0.5675675675675675,
    "macro avg": {
        "precision": 0.5591611996251171,
        "recall": 0.5673333333333332,
        "f1-score": 0.5495495495495496,
        "support": 185.0
    },
    "weighted avg": {
        "precision": 0.619873856987259,
        "recall": 0.5675675675675675,
        "f1-score": 0.5812028244460676,
        "support": 185.0
    }
}