{
    "R2": -0.0780086729841758,
    "RMSE": 205.88833546941183,
    "MSE": 42390.00668236506,
    "MAPE": 0.2112296913996556,
    "ACMAPE": 1.2618626027920608
}