{
    "DOWN": {
        "precision": 0.656084656084656,
        "recall": 0.3583815028901734,
        "f1-score": 0.4635514018691589,
        "support": 346.0
    },
    "UP": {
        "precision": 0.3967391304347826,
        "recall": 0.6919431279620853,
        "f1-score": 0.5043177892918826,
        "support": 211.0
    },
    "accuracy": 0.48473967684021546,
    "macro avg": {
        "precision": 0.5264118932597193,
        "recall": 0.5251623154261293,
        "f1-score": 0.48393459558052077,
        "support": 557.0
    },
    "weighted avg": {
        "precision": 0.5578406598330882,
        "recall": 0.48473967684021546,
        "f1-score": 0.4789943242142123,
        "support": 557.0
    }
}