{
    "DOWN": {
        "precision": 0.6771799628942486,
        "recall": 0.4925775978407557,
        "f1-score": 0.5703125,
        "support": 741.0
    },
    "UP": {
        "precision": 0.38762214983713356,
        "recall": 0.5776699029126213,
        "f1-score": 0.4639376218323587,
        "support": 412.0
    },
    "accuracy": 0.5229835212489159,
    "macro avg": {
        "precision": 0.5324010563656911,
        "recall": 0.5351237503766886,
        "f1-score": 0.5171250609161794,
        "support": 1153.0
    },
    "weighted avg": {
        "precision": 0.5737126437446117,
        "recall": 0.5229835212489159,
        "f1-score": 0.5323017022505913,
        "support": 1153.0
    }
}