{
    "R2": 0.9827936220383359,
    "RMSE": 154.93545088473863,
    "MSE": 24004.993940857254,
    "MAPE": 0.03799640198742048,
    "ACMAPE": 1.0169042320943258
}