{
    "R2": 0.9964800377062102,
    "RMSE": 352.62914439047614,
    "MSE": 124347.31347355928,
    "MAPE": 0.04284947126879675,
    "ACMAPE": 1.0852356565121248
}