{
    "R2": 0.9879925455104265,
    "RMSE": 4.066064089872488,
    "MSE": 16.532877182950582,
    "MAPE": 0.021726333571107034,
    "ACMAPE": 0.8981665401662599
}