{
    "DOWN": {
        "precision": 0.6239130434782608,
        "recall": 0.9348534201954397,
        "f1-score": 0.7483702737940026,
        "support": 307.0
    },
    "UP": {
        "precision": 0.5,
        "recall": 0.10362694300518134,
        "f1-score": 0.17167381974248924,
        "support": 193.0
    },
    "accuracy": 0.614,
    "macro avg": {
        "precision": 0.5619565217391305,
        "recall": 0.5192401816003105,
        "f1-score": 0.4600220467682459,
        "support": 500.0
    },
    "weighted avg": {
        "precision": 0.5760826086956522,
        "recall": 0.614,
        "f1-score": 0.5257654425301185,
        "support": 500.0
    }
}