{
    "DOWN": {
        "precision": 0.7770758122743683,
        "recall": 0.5085646780862374,
        "f1-score": 0.614780435558729,
        "support": 1693.0
    },
    "UP": {
        "precision": 0.3263157894736842,
        "recall": 0.62,
        "f1-score": 0.42758620689655175,
        "support": 650.0
    },
    "accuracy": 0.5394793000426803,
    "macro avg": {
        "precision": 0.5516958008740263,
        "recall": 0.5642823390431186,
        "f1-score": 0.5211833212276403,
        "support": 2343.0
    },
    "weighted avg": {
        "precision": 0.6520250163629536,
        "recall": 0.5394793000426803,
        "f1-score": 0.562848617961454,
        "support": 2343.0
    }
}