{
    "DOWN": {
        "precision": 0.6415094339622641,
        "recall": 0.27419354838709675,
        "f1-score": 0.38418079096045193,
        "support": 124.0
    },
    "UP": {
        "precision": 0.3918918918918919,
        "recall": 0.7532467532467533,
        "f1-score": 0.5155555555555555,
        "support": 77.0
    },
    "accuracy": 0.4577114427860697,
    "macro avg": {
        "precision": 0.5167006629270781,
        "recall": 0.513720150816925,
        "f1-score": 0.44986817325800377,
        "support": 201.0
    },
    "weighted avg": {
        "precision": 0.5458848034178927,
        "recall": 0.4577114427860697,
        "f1-score": 0.4345084370988747,
        "support": 201.0
    }
}