{
    "R2": 0.9946679765086696,
    "RMSE": 127.05006492220197,
    "MSE": 16141.718996735735,
    "MAPE": 0.024511508143104585,
    "ACMAPE": 0.9506328801747669
}