{
    "R2": 0.8910341951353788,
    "RMSE": 313.4571200800182,
    "MSE": 98255.36612885898,
    "MAPE": 0.05538071141860955,
    "ACMAPE": 0.9815799734112294
}