{
    "R2": 0.8061139042940714,
    "RMSE": 56.96461281309745,
    "MSE": 3244.9671129461067,
    "MAPE": 0.06149953550972091,
    "ACMAPE": 0.9373824820283888
}