{
    "R2": 0.9244065914174289,
    "RMSE": 97.41841493935455,
    "MSE": 9490.347569296257,
    "MAPE": 0.06311731539944054,
    "ACMAPE": 1.0545213268607587
}