{
    "R2": 0.9840820150542594,
    "RMSE": 7.694927652142748,
    "MSE": 59.2119115717111,
    "MAPE": 0.04188285023557208,
    "ACMAPE": 1.1109949057041473
}