{
    "DOWN": {
        "precision": 0.625,
        "recall": 0.22857142857142856,
        "f1-score": 0.33472803347280333,
        "support": 175.0
    },
    "UP": {
        "precision": 0.3891402714932127,
        "recall": 0.7818181818181819,
        "f1-score": 0.5196374622356495,
        "support": 110.0
    },
    "accuracy": 0.4421052631578947,
    "macro avg": {
        "precision": 0.5070701357466063,
        "recall": 0.5051948051948052,
        "f1-score": 0.42718274785422644,
        "support": 285.0
    },
    "weighted avg": {
        "precision": 0.5339664205763277,
        "recall": 0.4421052631578947,
        "f1-score": 0.40609658492512996,
        "support": 285.0
    }
}