{
    "DOWN": {
        "precision": 0.7136812411847673,
        "recall": 0.8295081967213115,
        "f1-score": 0.7672479150871873,
        "support": 610.0
    },
    "UP": {
        "precision": 0.391812865497076,
        "recall": 0.24814814814814815,
        "f1-score": 0.3038548752834467,
        "support": 270.0
    },
    "accuracy": 0.6511363636363636,
    "macro avg": {
        "precision": 0.5527470533409217,
        "recall": 0.5388281724347298,
        "f1-score": 0.535551395185317,
        "support": 880.0
    },
    "weighted avg": {
        "precision": 0.6149261713714984,
        "recall": 0.6511363636363636,
        "f1-score": 0.6250705051474033,
        "support": 880.0
    }
}