{
    "R2": 0.9878956319868859,
    "RMSE": 100.89562490387439,
    "MSE": 10179.927124743317,
    "MAPE": 0.023070167396442496,
    "ACMAPE": 1.0220888131275514
}