{
    "R2": 0.9977257339881482,
    "RMSE": 11.275908959919583,
    "MSE": 127.14612287239473,
    "MAPE": 0.04232197362862127,
    "ACMAPE": 0.9994442757868945
}