{
    "DOWN": {
        "precision": 0.6510067114093959,
        "recall": 0.485,
        "f1-score": 0.5558739255014327,
        "support": 600.0
    },
    "UP": {
        "precision": 0.36419753086419754,
        "recall": 0.5315315315315315,
        "f1-score": 0.43223443223443225,
        "support": 333.0
    },
    "accuracy": 0.5016077170418006,
    "macro avg": {
        "precision": 0.5076021211367967,
        "recall": 0.5082657657657658,
        "f1-score": 0.49405417886793246,
        "support": 933.0
    },
    "weighted avg": {
        "precision": 0.5486407337871547,
        "recall": 0.5016077170418006,
        "f1-score": 0.5117453603804132,
        "support": 933.0
    }
}