{
    "R2": 0.989919282852548,
    "RMSE": 2.788061707437515,
    "MSE": 7.773288084479393,
    "MAPE": 0.02626091370990591,
    "ACMAPE": 0.8591847466337388
}