{
    "R2": 0.8382053288900042,
    "RMSE": 67.14846399368783,
    "MSE": 4508.91621671159,
    "MAPE": 0.04635178921712349,
    "ACMAPE": 1.1686169114822458
}