{
    "DOWN": {
        "precision": 0.6340852130325815,
        "recall": 0.8433333333333334,
        "f1-score": 0.7238912732474965,
        "support": 300.0
    },
    "UP": {
        "precision": 0.4659090909090909,
        "recall": 0.2192513368983957,
        "f1-score": 0.2981818181818182,
        "support": 187.0
    },
    "accuracy": 0.6036960985626283,
    "macro avg": {
        "precision": 0.5499971519708362,
        "recall": 0.5312923351158645,
        "f1-score": 0.5110365457146573,
        "support": 487.0
    },
    "weighted avg": {
        "precision": 0.5695083447839311,
        "recall": 0.6036960985626283,
        "f1-score": 0.5604258356760758,
        "support": 487.0
    }
}