{
    "DOWN": {
        "precision": 0.8147268408551069,
        "recall": 0.48958035969169283,
        "f1-score": 0.6116262482168332,
        "support": 3503.0
    },
    "UP": {
        "precision": 0.24397463002114164,
        "recall": 0.5966907962771458,
        "f1-score": 0.34633853541416565,
        "support": 967.0
    },
    "accuracy": 0.512751677852349,
    "macro avg": {
        "precision": 0.5293507354381243,
        "recall": 0.5431355779844194,
        "f1-score": 0.4789823918154994,
        "support": 4470.0
    },
    "weighted avg": {
        "precision": 0.6912553894286093,
        "recall": 0.512751677852349,
        "f1-score": 0.5542362664986722,
        "support": 4470.0
    }
}