{
    "R2": 0.9866434160592519,
    "RMSE": 33.78761885380449,
    "MSE": 1141.6031878099645,
    "MAPE": 0.050499832754818764,
    "ACMAPE": 1.2560778804381296
}