{
    "R2": -13.449706548786782,
    "RMSE": 3.8291858346858803,
    "MSE": 14.662664156559,
    "MAPE": 0.062236241898941,
    "ACMAPE": 2.0298038094665083
}