{
    "R2": 0.9946927932327051,
    "RMSE": 33.857787740535485,
    "MSE": 1146.3497906831549,
    "MAPE": 0.03795363621816028,
    "ACMAPE": 0.744281008982947
}