{
    "R2": 0.8462836342715606,
    "RMSE": 3.8788185402499713,
    "MSE": 15.045233268186918,
    "MAPE": 0.017520864066497974,
    "ACMAPE": 1.1061284590032068
}