{
    "DOWN": {
        "precision": 0.72,
        "recall": 0.13043478260869565,
        "f1-score": 0.22085889570552145,
        "support": 138.0
    },
    "UP": {
        "precision": 0.34065934065934067,
        "recall": 0.8985507246376812,
        "f1-score": 0.4940239043824701,
        "support": 69.0
    },
    "accuracy": 0.3864734299516908,
    "macro avg": {
        "precision": 0.5303296703296703,
        "recall": 0.5144927536231884,
        "f1-score": 0.35744140004399577,
        "support": 207.0
    },
    "weighted avg": {
        "precision": 0.5935531135531136,
        "recall": 0.3864734299516908,
        "f1-score": 0.31191389859783775,
        "support": 207.0
    }
}