{
    "R2": 0.818999982358465,
    "RMSE": 4.0286838646860526,
    "MSE": 16.23029368158175,
    "MAPE": 0.029272333972244213,
    "ACMAPE": 1.260041564741475
}