{
    "DOWN": {
        "precision": 0.726530612244898,
        "recall": 0.636471990464839,
        "f1-score": 0.6785260482846251,
        "support": 839.0
    },
    "UP": {
        "precision": 0.4157088122605364,
        "recall": 0.5191387559808612,
        "f1-score": 0.46170212765957447,
        "support": 418.0
    },
    "accuracy": 0.5974542561654733,
    "macro avg": {
        "precision": 0.5711197122527172,
        "recall": 0.5778053732228501,
        "f1-score": 0.5701140879720998,
        "support": 1257.0
    },
    "weighted avg": {
        "precision": 0.62317061829624,
        "recall": 0.5974542561654733,
        "f1-score": 0.6064239012509964,
        "support": 1257.0
    }
}