{
    "DOWN": {
        "precision": 0.6790123456790124,
        "recall": 0.5339805825242718,
        "f1-score": 0.5978260869565217,
        "support": 103.0
    },
    "UP": {
        "precision": 0.4074074074074074,
        "recall": 0.559322033898305,
        "f1-score": 0.4714285714285714,
        "support": 59.0
    },
    "accuracy": 0.5432098765432098,
    "macro avg": {
        "precision": 0.5432098765432098,
        "recall": 0.5466513082112885,
        "f1-score": 0.5346273291925465,
        "support": 162.0
    },
    "weighted avg": {
        "precision": 0.5800944977899711,
        "recall": 0.5432098765432098,
        "f1-score": 0.5517924238938732,
        "support": 162.0
    }
}