{
    "R2": 0.9398615745585629,
    "RMSE": 74.05529479907679,
    "MSE": 5484.18668777817,
    "MAPE": 0.041300400027404725,
    "ACMAPE": 1.0228388615658661
}