{
    "DOWN": {
        "precision": 0.7121307353865494,
        "recall": 0.37716378162450065,
        "f1-score": 0.4931447225244831,
        "support": 3004.0
    },
    "UP": {
        "precision": 0.2677103718199609,
        "recall": 0.5989492119089317,
        "f1-score": 0.3700297538544766,
        "support": 1142.0
    },
    "accuracy": 0.4382537385431741,
    "macro avg": {
        "precision": 0.48992055360325515,
        "recall": 0.48805649676671614,
        "f1-score": 0.43158723818947986,
        "support": 4146.0
    },
    "weighted avg": {
        "precision": 0.5897168291653616,
        "recall": 0.4382537385431741,
        "f1-score": 0.45923317061393143,
        "support": 4146.0
    }
}