{
    "DOWN": {
        "precision": 0.8478787878787879,
        "recall": 0.40282176792398505,
        "f1-score": 0.5461643568221746,
        "support": 3473.0
    },
    "UP": {
        "precision": 0.16032388663967612,
        "recall": 0.6120556414219475,
        "f1-score": 0.25409047160731474,
        "support": 647.0
    },
    "accuracy": 0.4356796116504854,
    "macro avg": {
        "precision": 0.504101337259232,
        "recall": 0.5074387046729663,
        "f1-score": 0.4001274142147446,
        "support": 4120.0
    },
    "weighted avg": {
        "precision": 0.7399059672230341,
        "recall": 0.4356796116504854,
        "f1-score": 0.5002974141682877,
        "support": 4120.0
    }
}