{
    "R2": 0.9717059866923728,
    "RMSE": 5.643088881611074,
    "MSE": 31.84445212576252,
    "MAPE": 0.04586563977112183,
    "ACMAPE": 0.9948887702449597
}