{
    "R2": 0.9927387316729984,
    "RMSE": 175.61911008676873,
    "MSE": 30842.0718276686,
    "MAPE": 0.014891014815428939,
    "ACMAPE": 1.129713561788289
}