{
    "R2": 0.9354741105503656,
    "RMSE": 4.626302070854799,
    "MSE": 21.402670850795403,
    "MAPE": 0.03624516165937756,
    "ACMAPE": 0.8684891703739746
}