{
    "DOWN": {
        "precision": 0.6617647058823529,
        "recall": 0.5013927576601671,
        "f1-score": 0.5705229793977814,
        "support": 359.0
    },
    "UP": {
        "precision": 0.42628205128205127,
        "recall": 0.5911111111111111,
        "f1-score": 0.49534450651769085,
        "support": 225.0
    },
    "accuracy": 0.535958904109589,
    "macro avg": {
        "precision": 0.5440233785822021,
        "recall": 0.5462519343856391,
        "f1-score": 0.5329337429577361,
        "support": 584.0
    },
    "weighted avg": {
        "precision": 0.5710393680654559,
        "recall": 0.535958904109589,
        "f1-score": 0.5415586704970616,
        "support": 584.0
    }
}