{
    "DOWN": {
        "precision": 0.6082474226804123,
        "recall": 0.5856079404466501,
        "f1-score": 0.5967130214917826,
        "support": 403.0
    },
    "UP": {
        "precision": 0.4201388888888889,
        "recall": 0.4432234432234432,
        "f1-score": 0.43137254901960786,
        "support": 273.0
    },
    "accuracy": 0.5281065088757396,
    "macro avg": {
        "precision": 0.5141931557846506,
        "recall": 0.5144156918350467,
        "f1-score": 0.5140427852556952,
        "support": 676.0
    },
    "weighted avg": {
        "precision": 0.5322805148030664,
        "recall": 0.5281065088757396,
        "f1-score": 0.529940907608789,
        "support": 676.0
    }
}