{
    "R2": -4.558750761127142,
    "RMSE": 255.4088525608996,
    "MSE": 65233.68196647534,
    "MAPE": 0.2299129074306801,
    "ACMAPE": 0.94991290743068
}