{
    "R2": -0.4355740033683726,
    "RMSE": 13.272343701414206,
    "MSE": 176.15510732846934,
    "MAPE": 0.01615440146860063,
    "ACMAPE": 0.7434271287413279
}