{
    "DOWN": {
        "precision": 0.6559905100830368,
        "recall": 0.4532786885245902,
        "f1-score": 0.5361124575860398,
        "support": 1220.0
    },
    "UP": {
        "precision": 0.3875114784205693,
        "recall": 0.5926966292134831,
        "f1-score": 0.46862853970016655,
        "support": 712.0
    },
    "accuracy": 0.5046583850931677,
    "macro avg": {
        "precision": 0.521750994251803,
        "recall": 0.5229876588690366,
        "f1-score": 0.5023704986431031,
        "support": 1932.0
    },
    "weighted avg": {
        "precision": 0.5570479269858956,
        "recall": 0.5046583850931677,
        "f1-score": 0.5112426079303763,
        "support": 1932.0
    }
}