{
    "R2": 0.9980704705917356,
    "RMSE": 61.30484438137494,
    "MSE": 3758.2839446245985,
    "MAPE": 0.03480361409503758,
    "ACMAPE": 0.8626039484633203
}