{
    "DOWN": {
        "precision": 0.6701097482246611,
        "recall": 0.35126903553299493,
        "f1-score": 0.46092362344582594,
        "support": 2955.0
    },
    "UP": {
        "precision": 0.3423670668953688,
        "recall": 0.6613651424784626,
        "f1-score": 0.45117540687160934,
        "support": 1509.0
    },
    "accuracy": 0.4560931899641577,
    "macro avg": {
        "precision": 0.5062384075600149,
        "recall": 0.5063170890057287,
        "f1-score": 0.4560495151587176,
        "support": 4464.0
    },
    "weighted avg": {
        "precision": 0.5593203875333748,
        "recall": 0.4560931899641577,
        "f1-score": 0.457628359375375,
        "support": 4464.0
    }
}