{
    "DOWN": {
        "precision": 0.5555555555555556,
        "recall": 0.08196721311475409,
        "f1-score": 0.14285714285714285,
        "support": 61.0
    },
    "UP": {
        "precision": 0.4166666666666667,
        "recall": 0.9090909090909091,
        "f1-score": 0.5714285714285715,
        "support": 44.0
    },
    "accuracy": 0.42857142857142855,
    "macro avg": {
        "precision": 0.48611111111111116,
        "recall": 0.49552906110283157,
        "f1-score": 0.3571428571428572,
        "support": 105.0
    },
    "weighted avg": {
        "precision": 0.49735449735449744,
        "recall": 0.42857142857142855,
        "f1-score": 0.32244897959183677,
        "support": 105.0
    }
}