{
    "R2": 0.9487933750794901,
    "RMSE": 103.18394509263196,
    "MSE": 10646.926524879287,
    "MAPE": 0.0758057299983533,
    "ACMAPE": 1.1354716011200716
}