{
    "DOWN": {
        "precision": 0.9090909090909091,
        "recall": 0.2898550724637681,
        "f1-score": 0.43956043956043955,
        "support": 69.0
    },
    "UP": {
        "precision": 0.3717948717948718,
        "recall": 0.9354838709677419,
        "f1-score": 0.5321100917431193,
        "support": 31.0
    },
    "accuracy": 0.49,
    "macro avg": {
        "precision": 0.6404428904428905,
        "recall": 0.612669471715755,
        "f1-score": 0.4858352656517794,
        "support": 100.0
    },
    "weighted avg": {
        "precision": 0.7425291375291375,
        "recall": 0.49,
        "f1-score": 0.46825083173707027,
        "support": 100.0
    }
}