{
    "R2": 0.9821110678863167,
    "RMSE": 214.54990690855806,
    "MSE": 46031.662554470924,
    "MAPE": 0.02597520363181446,
    "ACMAPE": 0.9519011295577403
}