{
    "DOWN": {
        "precision": 0.6430678466076696,
        "recall": 0.7124183006535948,
        "f1-score": 0.675968992248062,
        "support": 306.0
    },
    "UP": {
        "precision": 0.375886524822695,
        "recall": 0.3045977011494253,
        "f1-score": 0.3365079365079365,
        "support": 174.0
    },
    "accuracy": 0.5645833333333333,
    "macro avg": {
        "precision": 0.5094771857151823,
        "recall": 0.50850800090151,
        "f1-score": 0.5062384643779992,
        "support": 480.0
    },
    "weighted avg": {
        "precision": 0.5462146174606163,
        "recall": 0.5645833333333333,
        "f1-score": 0.5529143595422664,
        "support": 480.0
    }
}