{
    "R2": 0.9913184311460881,
    "RMSE": 7.990622840169097,
    "MSE": 63.85005337383205,
    "MAPE": 0.04403417854277439,
    "ACMAPE": 1.3298166212908662
}