{
    "R2": 0.9691053214330732,
    "RMSE": 12.266224938561615,
    "MSE": 150.4602742433909,
    "MAPE": 0.055510369293996956,
    "ACMAPE": 0.8883018230794127
}