{
    "R2": 0.927523202736103,
    "RMSE": 23.407129161121148,
    "MSE": 547.8936955654079,
    "MAPE": 0.030326199593547636,
    "ACMAPE": 0.7942277492744957
}