{
    "DOWN": {
        "precision": 0.7074235807860262,
        "recall": 0.5890909090909091,
        "f1-score": 0.6428571428571429,
        "support": 275.0
    },
    "UP": {
        "precision": 0.4052631578947368,
        "recall": 0.5347222222222222,
        "f1-score": 0.46107784431137716,
        "support": 144.0
    },
    "accuracy": 0.5704057279236276,
    "macro avg": {
        "precision": 0.5563433693403815,
        "recall": 0.5619065656565656,
        "f1-score": 0.55196749358426,
        "support": 419.0
    },
    "weighted avg": {
        "precision": 0.6035784712482084,
        "recall": 0.5704057279236276,
        "f1-score": 0.5803840665072855,
        "support": 419.0
    }
}