{
    "DOWN": {
        "precision": 0.6812080536912751,
        "recall": 0.5435073627844712,
        "f1-score": 0.6046165301563663,
        "support": 747.0
    },
    "UP": {
        "precision": 0.3877917414721723,
        "recall": 0.5320197044334976,
        "f1-score": 0.4485981308411215,
        "support": 406.0
    },
    "accuracy": 0.5394622723330442,
    "macro avg": {
        "precision": 0.5344998975817237,
        "recall": 0.5377635336089843,
        "f1-score": 0.5266073304987439,
        "support": 1153.0
    },
    "weighted avg": {
        "precision": 0.5778888665612181,
        "recall": 0.5394622723330442,
        "f1-score": 0.5496785682118828,
        "support": 1153.0
    }
}