{
    "R2": 0.9488012907830349,
    "RMSE": 11.942448932187446,
    "MSE": 142.62208649790506,
    "MAPE": 0.04714721072824543,
    "ACMAPE": 0.7049486291679617
}