{
    "DOWN": {
        "precision": 0.6754221388367729,
        "recall": 0.2767102229054573,
        "f1-score": 0.39258451472191924,
        "support": 1301.0
    },
    "UP": {
        "precision": 0.38132807363576593,
        "recall": 0.7702523240371846,
        "f1-score": 0.5101143359718557,
        "support": 753.0
    },
    "accuracy": 0.45764362220058424,
    "macro avg": {
        "precision": 0.5283751062362694,
        "recall": 0.523481273471321,
        "f1-score": 0.4513494253468875,
        "support": 2054.0
    },
    "weighted avg": {
        "precision": 0.5676067390819733,
        "recall": 0.45764362220058424,
        "f1-score": 0.435671153184043,
        "support": 2054.0
    }
}