{
    "R2": 0.9649955307480274,
    "RMSE": 5.105330875593394,
    "MSE": 26.064403349287204,
    "MAPE": 76125183634357.62,
    "ACMAPE": 76125183634358.61
}