{
    "DOWN": {
        "precision": 0.7425629290617849,
        "recall": 0.8866120218579235,
        "f1-score": 0.8082191780821918,
        "support": 732.0
    },
    "UP": {
        "precision": 0.48125,
        "recall": 0.25496688741721857,
        "f1-score": 0.33333333333333337,
        "support": 302.0
    },
    "accuracy": 0.7021276595744681,
    "macro avg": {
        "precision": 0.6119064645308925,
        "recall": 0.570789454637571,
        "f1-score": 0.5707762557077626,
        "support": 1034.0
    },
    "weighted avg": {
        "precision": 0.6662413579044745,
        "recall": 0.7021276595744681,
        "f1-score": 0.669519443929237,
        "support": 1034.0
    }
}