{
    "R2": 0.9886795856608219,
    "RMSE": 5.076599162141497,
    "MSE": 25.771859053055753,
    "MAPE": 0.03734778649585974,
    "ACMAPE": 1.1478500696008826
}