{
    "R2": 0.7160670780830148,
    "RMSE": 70.37854541084117,
    "MSE": 4953.1396541458325,
    "MAPE": 0.13699943095705297,
    "ACMAPE": 1.0234463174039394
}