{
    "DOWN": {
        "precision": 0.5414364640883977,
        "recall": 0.28654970760233917,
        "f1-score": 0.37476099426386233,
        "support": 342.0
    },
    "UP": {
        "precision": 0.40487804878048783,
        "recall": 0.6666666666666666,
        "f1-score": 0.503793626707132,
        "support": 249.0
    },
    "accuracy": 0.4467005076142132,
    "macro avg": {
        "precision": 0.4731572564344428,
        "recall": 0.4766081871345029,
        "f1-score": 0.4392773104854972,
        "support": 591.0
    },
    "weighted avg": {
        "precision": 0.4839017002784662,
        "recall": 0.4467005076142132,
        "f1-score": 0.42912499676534144,
        "support": 591.0
    }
}