{
    "DOWN": {
        "precision": 0.6,
        "recall": 0.05660377358490566,
        "f1-score": 0.10344827586206896,
        "support": 53.0
    },
    "UP": {
        "precision": 0.3670886075949367,
        "recall": 0.9354838709677419,
        "f1-score": 0.5272727272727272,
        "support": 31.0
    },
    "accuracy": 0.38095238095238093,
    "macro avg": {
        "precision": 0.4835443037974684,
        "recall": 0.49604382227632376,
        "f1-score": 0.3153605015673981,
        "support": 84.0
    },
    "weighted avg": {
        "precision": 0.5140446051838456,
        "recall": 0.38095238095238093,
        "f1-score": 0.2598596805493357,
        "support": 84.0
    }
}