{
    "DOWN": {
        "precision": 0.9260166585007349,
        "recall": 0.5228215767634855,
        "f1-score": 0.6683168316831684,
        "support": 3615.0
    },
    "UP": {
        "precision": 0.16907514450867053,
        "recall": 0.6992031872509961,
        "f1-score": 0.2723041117145074,
        "support": 502.0
    },
    "accuracy": 0.5443283944619869,
    "macro avg": {
        "precision": 0.5475459015047027,
        "recall": 0.6110123820072408,
        "f1-score": 0.4703104716988379,
        "support": 4117.0
    },
    "weighted avg": {
        "precision": 0.8337201707611147,
        "recall": 0.5443283944619869,
        "f1-score": 0.6200296358064942,
        "support": 4117.0
    }
}