{
    "R2": 0.9762651410050915,
    "RMSE": 11.01900372106652,
    "MSE": 121.4184430048778,
    "MAPE": 0.026646406150432813,
    "ACMAPE": 1.0872858769332332
}