{
    "DOWN": {
        "precision": 0.5471698113207547,
        "recall": 0.25217391304347825,
        "f1-score": 0.34523809523809523,
        "support": 115.0
    },
    "UP": {
        "precision": 0.3484848484848485,
        "recall": 0.6571428571428571,
        "f1-score": 0.45544554455445546,
        "support": 70.0
    },
    "accuracy": 0.40540540540540543,
    "macro avg": {
        "precision": 0.4478273299028016,
        "recall": 0.4546583850931677,
        "f1-score": 0.4003418198962754,
        "support": 185.0
    },
    "weighted avg": {
        "precision": 0.47199171727473616,
        "recall": 0.40540540540540543,
        "f1-score": 0.3869382111956369,
        "support": 185.0
    }
}