{
    "DOWN": {
        "precision": 0.8,
        "recall": 0.023952095808383235,
        "f1-score": 0.04651162790697675,
        "support": 167.0
    },
    "UP": {
        "precision": 0.3453815261044177,
        "recall": 0.9885057471264368,
        "f1-score": 0.511904761904762,
        "support": 87.0
    },
    "accuracy": 0.3543307086614173,
    "macro avg": {
        "precision": 0.5726907630522089,
        "recall": 0.50622892146741,
        "f1-score": 0.27920819490586934,
        "support": 254.0
    },
    "weighted avg": {
        "precision": 0.644284223508206,
        "recall": 0.3543307086614173,
        "f1-score": 0.2059179375833835,
        "support": 254.0
    }
}