{
    "DOWN": {
        "precision": 0.9243884358784284,
        "recall": 0.5075295075295075,
        "f1-score": 0.6552811350499211,
        "support": 2457.0
    },
    "UP": {
        "precision": 0.12382331643736423,
        "recall": 0.6263736263736264,
        "f1-score": 0.20677146311970981,
        "support": 273.0
    },
    "accuracy": 0.5194139194139195,
    "macro avg": {
        "precision": 0.5241058761578964,
        "recall": 0.566951566951567,
        "f1-score": 0.4310262990848155,
        "support": 2730.0
    },
    "weighted avg": {
        "precision": 0.844331923934322,
        "recall": 0.5194139194139195,
        "f1-score": 0.6104301678569,
        "support": 2730.0
    }
}