{
    "R2": 0.9920702804657173,
    "RMSE": 18.538810943796584,
    "MSE": 343.68751120983194,
    "MAPE": 0.027774837311258203,
    "ACMAPE": 0.9907378002742212
}