{
    "R2": 0.9906995586394026,
    "RMSE": 6.567783766586135,
    "MSE": 43.135783604632365,
    "MAPE": 0.056636342629110055,
    "ACMAPE": 1.2027919648872492
}