{
    "DOWN": {
        "precision": 0.762935586061246,
        "recall": 0.4345864661654135,
        "f1-score": 0.5537459283387621,
        "support": 3325.0
    },
    "UP": {
        "precision": 0.28353658536585363,
        "recall": 0.6236378876781223,
        "f1-score": 0.3898349489127587,
        "support": 1193.0
    },
    "accuracy": 0.48450641876936695,
    "macro avg": {
        "precision": 0.5232360857135498,
        "recall": 0.5291121769217679,
        "f1-score": 0.4717904386257604,
        "support": 4518.0
    },
    "weighted avg": {
        "precision": 0.6363479349258757,
        "recall": 0.48450641876936695,
        "f1-score": 0.5104644324434053,
        "support": 4518.0
    }
}