{
    "DOWN": {
        "precision": 0.6869565217391305,
        "recall": 0.42934782608695654,
        "f1-score": 0.528428093645485,
        "support": 184.0
    },
    "UP": {
        "precision": 0.44148936170212766,
        "recall": 0.6974789915966386,
        "f1-score": 0.5407166123778502,
        "support": 119.0
    },
    "accuracy": 0.5346534653465347,
    "macro avg": {
        "precision": 0.564222941720629,
        "recall": 0.5634134088417976,
        "f1-score": 0.5345723530116676,
        "support": 303.0
    },
    "weighted avg": {
        "precision": 0.5905519275331789,
        "recall": 0.5346534653465347,
        "f1-score": 0.5332542775700774,
        "support": 303.0
    }
}