{
    "R2": 0.9923780943308224,
    "RMSE": 12.320228314817397,
    "MSE": 151.78802572922834,
    "MAPE": 0.06864709249510997,
    "ACMAPE": 0.9403552345584103
}