{
    "DOWN": {
        "precision": 0.5,
        "recall": 0.07623318385650224,
        "f1-score": 0.13229571984435798,
        "support": 892.0
    },
    "UP": {
        "precision": 0.14963880288957687,
        "recall": 0.6807511737089202,
        "f1-score": 0.24534686971235195,
        "support": 213.0
    },
    "accuracy": 0.19276018099547512,
    "macro avg": {
        "precision": 0.32481940144478844,
        "recall": 0.37849217878271124,
        "f1-score": 0.18882129477835496,
        "support": 1105.0
    },
    "weighted avg": {
        "precision": 0.4324643122312035,
        "recall": 0.19276018099547512,
        "f1-score": 0.15408747995465907,
        "support": 1105.0
    }
}