{
    "DOWN": {
        "precision": 0.7083333333333334,
        "recall": 0.48,
        "f1-score": 0.5722300140252454,
        "support": 425.0
    },
    "UP": {
        "precision": 0.39945652173913043,
        "recall": 0.6363636363636364,
        "f1-score": 0.49081803005008345,
        "support": 231.0
    },
    "accuracy": 0.5350609756097561,
    "macro avg": {
        "precision": 0.5538949275362319,
        "recall": 0.5581818181818181,
        "f1-score": 0.5315240220376645,
        "support": 656.0
    },
    "weighted avg": {
        "precision": 0.5995672609579357,
        "recall": 0.5350609756097561,
        "f1-score": 0.5435620745461869,
        "support": 656.0
    }
}