{
    "DOWN": {
        "precision": 0.6818181818181818,
        "recall": 0.6122448979591837,
        "f1-score": 0.6451612903225806,
        "support": 49.0
    },
    "UP": {
        "precision": 0.40625,
        "recall": 0.48148148148148145,
        "f1-score": 0.4406779661016949,
        "support": 27.0
    },
    "accuracy": 0.5657894736842105,
    "macro avg": {
        "precision": 0.5440340909090908,
        "recall": 0.5468631897203325,
        "f1-score": 0.5429196282121378,
        "support": 76.0
    },
    "weighted avg": {
        "precision": 0.5839189593301435,
        "recall": 0.5657894736842105,
        "f1-score": 0.5725158988230554,
        "support": 76.0
    }
}