{
    "R2": 0.9554817941538097,
    "RMSE": 9.519786313974107,
    "MSE": 90.6263314637287,
    "MAPE": 0.09043750606502525,
    "ACMAPE": 1.6626445905336902
}