{
    "DOWN": {
        "precision": 0.8753644314868805,
        "recall": 0.6317727511835876,
        "f1-score": 0.7338832875038191,
        "support": 1901.0
    },
    "UP": {
        "precision": 0.28716904276985744,
        "recall": 0.6225165562913907,
        "f1-score": 0.39303135888501745,
        "support": 453.0
    },
    "accuracy": 0.6299915038232795,
    "macro avg": {
        "precision": 0.581266737128369,
        "recall": 0.6271446537374892,
        "f1-score": 0.5634573231944183,
        "support": 2354.0
    },
    "weighted avg": {
        "precision": 0.7621730503956267,
        "recall": 0.6299915038232795,
        "f1-score": 0.6682902867968025,
        "support": 2354.0
    }
}