{
    "R2": 0.97827452013051,
    "RMSE": 13.624861332322247,
    "MSE": 185.63684632500997,
    "MAPE": 0.0400043788514405,
    "ACMAPE": 0.9523910858000809
}