{
    "R2": 0.8887811062444531,
    "RMSE": 6.558264494182845,
    "MSE": 43.01083317565937,
    "MAPE": 0.045852658039015226,
    "ACMAPE": 1.3420199054257749
}