{
    "DOWN": {
        "precision": 0.6316546762589929,
        "recall": 0.27784810126582277,
        "f1-score": 0.3859340659340659,
        "support": 1580.0
    },
    "UP": {
        "precision": 0.3579065841305571,
        "recall": 0.7130044843049327,
        "f1-score": 0.4765829898838515,
        "support": 892.0
    },
    "accuracy": 0.4348705501618123,
    "macro avg": {
        "precision": 0.494780630194775,
        "recall": 0.49542629278537775,
        "f1-score": 0.4312585279089587,
        "support": 2472.0
    },
    "weighted avg": {
        "precision": 0.5328750248922596,
        "recall": 0.4348705501618123,
        "f1-score": 0.4186439527314804,
        "support": 2472.0
    }
}