{
    "R2": 0.9956470824957749,
    "RMSE": 90.80556863182328,
    "MSE": 8245.651294548768,
    "MAPE": 0.18977150074846003,
    "ACMAPE": 1.4068688202365063
}