{
    "R2": 0.6189379477531785,
    "RMSE": 103.32356450335223,
    "MSE": 10675.75898167839,
    "MAPE": 0.0849661330509843,
    "ACMAPE": 0.7944683954944232
}