{
    "R2": 0.9966397107962928,
    "RMSE": 129.81671046305627,
    "MSE": 16852.37831544898,
    "MAPE": 0.09407830285628102,
    "ACMAPE": 1.2003950288349288
}