{
    "DOWN": {
        "precision": 0.5882352941176471,
        "recall": 0.36363636363636365,
        "f1-score": 0.44943820224719105,
        "support": 55.0
    },
    "UP": {
        "precision": 0.3137254901960784,
        "recall": 0.5333333333333333,
        "f1-score": 0.3950617283950617,
        "support": 30.0
    },
    "accuracy": 0.4235294117647059,
    "macro avg": {
        "precision": 0.45098039215686275,
        "recall": 0.4484848484848485,
        "f1-score": 0.42224996532112635,
        "support": 85.0
    },
    "weighted avg": {
        "precision": 0.49134948096885817,
        "recall": 0.4235294117647059,
        "f1-score": 0.4302465055934983,
        "support": 85.0
    }
}