{
    "DOWN": {
        "precision": 0.641396933560477,
        "recall": 0.2579650565262076,
        "f1-score": 0.3679452724163206,
        "support": 2919.0
    },
    "UP": {
        "precision": 0.31563981042654027,
        "recall": 0.7035211267605633,
        "f1-score": 0.4357688113413304,
        "support": 1420.0
    },
    "accuracy": 0.40377967273565335,
    "macro avg": {
        "precision": 0.47851837199350866,
        "recall": 0.48074309164338547,
        "f1-score": 0.4018570418788255,
        "support": 4339.0
    },
    "weighted avg": {
        "precision": 0.5347882415000507,
        "recall": 0.40377967273565335,
        "f1-score": 0.3901414985683173,
        "support": 4339.0
    }
}