{
    "R2": 0.7817143771101347,
    "RMSE": 52.796258607401846,
    "MSE": 2787.444922939653,
    "MAPE": 0.0508025977919298,
    "ACMAPE": 0.8783888046884816
}