{
    "R2": 0.9961257174095905,
    "RMSE": 34.929402779115826,
    "MSE": 1220.0631785057042,
    "MAPE": 0.13336436136745772,
    "ACMAPE": 1.2278813326468312
}