{
    "R2": 0.9439586776777215,
    "RMSE": 18.55059780366716,
    "MSE": 344.12467887342086,
    "MAPE": 0.030214828654009623,
    "ACMAPE": 0.9566217550609359
}