{
    "DOWN": {
        "precision": 0.6919831223628692,
        "recall": 0.6666666666666666,
        "f1-score": 0.679089026915114,
        "support": 246.0
    },
    "UP": {
        "precision": 0.4421768707482993,
        "recall": 0.47101449275362317,
        "f1-score": 0.45614035087719296,
        "support": 138.0
    },
    "accuracy": 0.5963541666666666,
    "macro avg": {
        "precision": 0.5670799965555843,
        "recall": 0.5688405797101449,
        "f1-score": 0.5676146888961535,
        "support": 384.0
    },
    "weighted avg": {
        "precision": 0.6022090006888831,
        "recall": 0.5963541666666666,
        "f1-score": 0.5989668464639861,
        "support": 384.0
    }
}