{
    "DOWN": {
        "precision": 0.7680084745762712,
        "recall": 0.8798543689320388,
        "f1-score": 0.8201357466063348,
        "support": 824.0
    },
    "UP": {
        "precision": 0.3310810810810811,
        "recall": 0.1828358208955224,
        "f1-score": 0.2355769230769231,
        "support": 268.0
    },
    "accuracy": 0.7087912087912088,
    "macro avg": {
        "precision": 0.5495447778286762,
        "recall": 0.5313450949137806,
        "f1-score": 0.527856334841629,
        "support": 1092.0
    },
    "weighted avg": {
        "precision": 0.660777209506023,
        "recall": 0.7087912087912088,
        "f1-score": 0.6766725921137685,
        "support": 1092.0
    }
}