{
    "R2": 0.9891235027899254,
    "RMSE": 15.640017613737093,
    "MSE": 244.61015095800653,
    "MAPE": 0.034348516780956975,
    "ACMAPE": 1.0783451105930488
}