{
    "DOWN": {
        "precision": 0.7497872340425532,
        "recall": 0.3955994611585092,
        "f1-score": 0.5179306290417401,
        "support": 2227.0
    },
    "UP": {
        "precision": 0.27828418230563,
        "recall": 0.6383763837638377,
        "f1-score": 0.38760268857356234,
        "support": 813.0
    },
    "accuracy": 0.4605263157894737,
    "macro avg": {
        "precision": 0.5140357081740916,
        "recall": 0.5169879224611734,
        "f1-score": 0.4527666588076512,
        "support": 3040.0
    },
    "weighted avg": {
        "precision": 0.6236911876405405,
        "recall": 0.4605263157894737,
        "f1-score": 0.48307647917311236,
        "support": 3040.0
    }
}