{
    "R2": -2.9930356659766515,
    "RMSE": 6.532405976575721,
    "MSE": 42.672327842802204,
    "MAPE": 0.1244441270379485,
    "ACMAPE": 1.8806518019815153
}