{
    "R2": 0.9411449994800609,
    "RMSE": 6.964134002019543,
    "MSE": 48.499162398084735,
    "MAPE": 0.032952642063956164,
    "ACMAPE": 1.2098479489231617
}