{
    "DOWN": {
        "precision": 0.6816239316239316,
        "recall": 0.9049645390070922,
        "f1-score": 0.7775746496039001,
        "support": 705.0
    },
    "UP": {
        "precision": 0.3020833333333333,
        "recall": 0.08868501529051988,
        "f1-score": 0.13711583924349882,
        "support": 327.0
    },
    "accuracy": 0.6463178294573644,
    "macro avg": {
        "precision": 0.49185363247863245,
        "recall": 0.496824777148806,
        "f1-score": 0.45734524442369945,
        "support": 1032.0
    },
    "weighted avg": {
        "precision": 0.5613625211190618,
        "recall": 0.6463178294573644,
        "f1-score": 0.5746385730652845,
        "support": 1032.0
    }
}