{
    "DOWN": {
        "precision": 0.5938833570412517,
        "recall": 0.2945326278659612,
        "f1-score": 0.3937750530535251,
        "support": 2835.0
    },
    "UP": {
        "precision": 0.34361667213652775,
        "recall": 0.6470951792336218,
        "f1-score": 0.44887459807073954,
        "support": 1618.0
    },
    "accuracy": 0.42263642488210196,
    "macro avg": {
        "precision": 0.46875001458888976,
        "recall": 0.47081390354979147,
        "f1-score": 0.42132482556213235,
        "support": 4453.0
    },
    "weighted avg": {
        "precision": 0.502948819386672,
        "recall": 0.42263642488210196,
        "f1-score": 0.41379550305079726,
        "support": 4453.0
    }
}