{
    "DOWN": {
        "precision": 0.7592592592592593,
        "recall": 0.21808510638297873,
        "f1-score": 0.33884297520661155,
        "support": 752.0
    },
    "UP": {
        "precision": 0.3033175355450237,
        "recall": 0.8311688311688312,
        "f1-score": 0.4444444444444445,
        "support": 308.0
    },
    "accuracy": 0.39622641509433965,
    "macro avg": {
        "precision": 0.5312883974021415,
        "recall": 0.524626968775905,
        "f1-score": 0.391643709825528,
        "support": 1060.0
    },
    "weighted avg": {
        "precision": 0.6267780791611607,
        "recall": 0.39622641509433965,
        "f1-score": 0.3695271757021328,
        "support": 1060.0
    }
}