{
    "DOWN": {
        "precision": 0.9333333333333333,
        "recall": 0.2079207920792079,
        "f1-score": 0.340080971659919,
        "support": 202.0
    },
    "UP": {
        "precision": 0.06976744186046512,
        "recall": 0.8,
        "f1-score": 0.1283422459893048,
        "support": 15.0
    },
    "accuracy": 0.2488479262672811,
    "macro avg": {
        "precision": 0.5015503875968992,
        "recall": 0.503960396039604,
        "f1-score": 0.2342116088246119,
        "support": 217.0
    },
    "weighted avg": {
        "precision": 0.8736398385310613,
        "recall": 0.2488479262672811,
        "f1-score": 0.32544465421724983,
        "support": 217.0
    }
}