{
    "DOWN": {
        "precision": 0.65,
        "recall": 0.13448275862068965,
        "f1-score": 0.2228571428571428,
        "support": 580.0
    },
    "UP": {
        "precision": 0.352258064516129,
        "recall": 0.8666666666666667,
        "f1-score": 0.5009174311926605,
        "support": 315.0
    },
    "accuracy": 0.39217877094972065,
    "macro avg": {
        "precision": 0.5011290322580645,
        "recall": 0.5005747126436781,
        "f1-score": 0.3618872870249017,
        "support": 895.0
    },
    "weighted avg": {
        "precision": 0.545208145611822,
        "recall": 0.39217877094972065,
        "f1-score": 0.3207219370757888,
        "support": 895.0
    }
}