{
    "DOWN": {
        "precision": 0.6502057613168725,
        "recall": 0.7348837209302326,
        "f1-score": 0.6899563318777292,
        "support": 215.0
    },
    "UP": {
        "precision": 0.3048780487804878,
        "recall": 0.22727272727272727,
        "f1-score": 0.2604166666666667,
        "support": 110.0
    },
    "accuracy": 0.563076923076923,
    "macro avg": {
        "precision": 0.4775419050486801,
        "recall": 0.48107822410147993,
        "f1-score": 0.4751864992721979,
        "support": 325.0
    },
    "weighted avg": {
        "precision": 0.5333256124584038,
        "recall": 0.563076923076923,
        "f1-score": 0.5445736759601388,
        "support": 325.0
    }
}