{
    "R2": 0.8408488885917795,
    "RMSE": 40.74729974813624,
    "MSE": 1660.3424367644639,
    "MAPE": 0.07642666178709463,
    "ACMAPE": 1.4822038282245087
}