{
    "R2": 0.7806652157493439,
    "RMSE": 4.0112541577452845,
    "MSE": 16.090159918028835,
    "MAPE": 0.07128272956267083,
    "ACMAPE": 1.7592622692046145
}