{
    "DOWN": {
        "precision": 0.6666666666666666,
        "recall": 0.25559105431309903,
        "f1-score": 0.36951501154734406,
        "support": 313.0
    },
    "UP": {
        "precision": 0.2874617737003058,
        "recall": 0.7014925373134329,
        "f1-score": 0.4078091106290672,
        "support": 134.0
    },
    "accuracy": 0.38926174496644295,
    "macro avg": {
        "precision": 0.4770642201834862,
        "recall": 0.47854179581326595,
        "f1-score": 0.38866206108820567,
        "support": 447.0
    },
    "weighted avg": {
        "precision": 0.5529900320861468,
        "recall": 0.38926174496644295,
        "f1-score": 0.3809946743593148,
        "support": 447.0
    }
}