{
    "DOWN": {
        "precision": 0.9215876089060987,
        "recall": 0.4717542120911794,
        "f1-score": 0.6240576860045887,
        "support": 2018.0
    },
    "UP": {
        "precision": 0.1717171717171717,
        "recall": 0.7317880794701986,
        "f1-score": 0.27816236626809315,
        "support": 302.0
    },
    "accuracy": 0.5056034482758621,
    "macro avg": {
        "precision": 0.5466523903116352,
        "recall": 0.601771145780689,
        "f1-score": 0.4511100261363409,
        "support": 2320.0
    },
    "weighted avg": {
        "precision": 0.8239751640651264,
        "recall": 0.5056034482758621,
        "f1-score": 0.5790316573147517,
        "support": 2320.0
    }
}