{
    "R2": 0.986681534812525,
    "RMSE": 30.107547917482137,
    "MSE": 906.464441603483,
    "MAPE": 1507511464449813.5,
    "ACMAPE": 1507511464449814.2
}