{
    "DOWN": {
        "precision": 0.835195530726257,
        "recall": 0.44165435745937964,
        "f1-score": 0.5777777777777778,
        "support": 677.0
    },
    "UP": {
        "precision": 0.28544423440453687,
        "recall": 0.719047619047619,
        "f1-score": 0.408660351826793,
        "support": 210.0
    },
    "accuracy": 0.5073280721533259,
    "macro avg": {
        "precision": 0.5603198825653969,
        "recall": 0.5803509882534994,
        "f1-score": 0.4932190648022854,
        "support": 887.0
    },
    "weighted avg": {
        "precision": 0.705040206907135,
        "recall": 0.5073280721533259,
        "f1-score": 0.537738702862663,
        "support": 887.0
    }
}