{
    "DOWN": {
        "precision": 0.6666666666666666,
        "recall": 0.30927835051546393,
        "f1-score": 0.4225352112676056,
        "support": 194.0
    },
    "UP": {
        "precision": 0.37089201877934275,
        "recall": 0.7247706422018348,
        "f1-score": 0.4906832298136646,
        "support": 109.0
    },
    "accuracy": 0.45874587458745875,
    "macro avg": {
        "precision": 0.5187793427230047,
        "recall": 0.5170244963586494,
        "f1-score": 0.45660922054063513,
        "support": 303.0
    },
    "weighted avg": {
        "precision": 0.5602658857435039,
        "recall": 0.45874587458745875,
        "f1-score": 0.44705050506800303,
        "support": 303.0
    }
}