{
    "DOWN": {
        "precision": 0.6600877192982456,
        "recall": 0.4934426229508197,
        "f1-score": 0.5647279549718575,
        "support": 1220.0
    },
    "UP": {
        "precision": 0.3941176470588235,
        "recall": 0.5646067415730337,
        "f1-score": 0.464203233256351,
        "support": 712.0
    },
    "accuracy": 0.5196687370600414,
    "macro avg": {
        "precision": 0.5271026831785346,
        "recall": 0.5290246822619267,
        "f1-score": 0.5144655941141042,
        "support": 1932.0
    },
    "weighted avg": {
        "precision": 0.5620697630692246,
        "recall": 0.5196687370600414,
        "f1-score": 0.5276815771967847,
        "support": 1932.0
    }
}