{
    "DOWN": {
        "precision": 0.8875598086124402,
        "recall": 0.4447108181000899,
        "f1-score": 0.5925334398083449,
        "support": 3337.0
    },
    "UP": {
        "precision": 0.22662771285475794,
        "recall": 0.7428180574555403,
        "f1-score": 0.34729772945315,
        "support": 731.0
    },
    "accuracy": 0.49827925270403145,
    "macro avg": {
        "precision": 0.5570937607335991,
        "recall": 0.5937644377778151,
        "f1-score": 0.46991558463074745,
        "support": 4068.0
    },
    "weighted avg": {
        "precision": 0.7687934954367112,
        "recall": 0.49827925270403145,
        "f1-score": 0.5484657642258357,
        "support": 4068.0
    }
}