{
    "R2": 0.5905598008993824,
    "RMSE": 22.522778696217603,
    "MSE": 507.2755601987936,
    "MAPE": 0.3461046667192898,
    "ACMAPE": 2.0404953823866014
}