{
    "R2": 0.6281843157641116,
    "RMSE": 13.190681806634716,
    "MSE": 173.9940865238841,
    "MAPE": 0.014989695526368021,
    "ACMAPE": 1.0676212744737366
}