{
    "R2": 0.9957773995455044,
    "RMSE": 16.898243640422777,
    "MSE": 285.5506381310889,
    "MAPE": 0.05886209316555342,
    "ACMAPE": 1.1808475766588806
}