{
    "DOWN": {
        "precision": 0.6349614395886889,
        "recall": 0.7201166180758017,
        "f1-score": 0.674863387978142,
        "support": 343.0
    },
    "UP": {
        "precision": 0.323943661971831,
        "recall": 0.24468085106382978,
        "f1-score": 0.2787878787878788,
        "support": 188.0
    },
    "accuracy": 0.551789077212806,
    "macro avg": {
        "precision": 0.47945255078025995,
        "recall": 0.48239873456981575,
        "f1-score": 0.4768256333830104,
        "support": 531.0
    },
    "weighted avg": {
        "precision": 0.5248459175699144,
        "recall": 0.551789077212806,
        "f1-score": 0.5346332641970319,
        "support": 531.0
    }
}