{
    "DOWN": {
        "precision": 0.6664420485175202,
        "recall": 0.4641013608634444,
        "f1-score": 0.54716459197787,
        "support": 2131.0
    },
    "UP": {
        "precision": 0.36940916620651576,
        "recall": 0.5747422680412371,
        "f1-score": 0.44974789915966384,
        "support": 1164.0
    },
    "accuracy": 0.5031866464339909,
    "macro avg": {
        "precision": 0.517925607362018,
        "recall": 0.5194218144523407,
        "f1-score": 0.49845624556876694,
        "support": 3295.0
    },
    "weighted avg": {
        "precision": 0.5615114642959697,
        "recall": 0.5031866464339909,
        "f1-score": 0.5127509256833657,
        "support": 3295.0
    }
}