{
    "DOWN": {
        "precision": 0.5334008097165992,
        "recall": 0.9616788321167883,
        "f1-score": 0.6861979166666666,
        "support": 548.0
    },
    "UP": {
        "precision": 0.43243243243243246,
        "recall": 0.033542976939203356,
        "f1-score": 0.0622568093385214,
        "support": 477.0
    },
    "accuracy": 0.5297560975609756,
    "macro avg": {
        "precision": 0.48291662107451583,
        "recall": 0.49761090452799583,
        "f1-score": 0.374227363002594,
        "support": 1025.0
    },
    "weighted avg": {
        "precision": 0.4864135746292358,
        "recall": 0.5297560975609756,
        "f1-score": 0.39583703062225173,
        "support": 1025.0
    }
}