{
    "R2": -4.503130428818179,
    "RMSE": 14.240695025490927,
    "MSE": 202.79739480904203,
    "MAPE": 0.11604605023470774,
    "ACMAPE": 1.4987620996174238
}