{
    "DOWN": {
        "precision": 0.6315240083507306,
        "recall": 0.3179190751445087,
        "f1-score": 0.42292904578818596,
        "support": 1903
    },
    "UP": {
        "precision": 0.3668292682926829,
        "recall": 0.6805429864253394,
        "f1-score": 0.4767036450079239,
        "support": 1105
    },
    "accuracy": 0.45113031914893614,
    "macro avg": {
        "precision": 0.4991766383217068,
        "recall": 0.49923103078492403,
        "f1-score": 0.44981634539805493,
        "support": 3008
    },
    "weighted avg": {
        "precision": 0.5342874100248853,
        "recall": 0.45113031914893614,
        "f1-score": 0.4426833450361282,
        "support": 3008
    }
}