{
    "R2": -5.879884051045577,
    "RMSE": 108.86398294036114,
    "MSE": 11851.366781639243,
    "MAPE": 0.5627980322068288,
    "ACMAPE": 1.7801893365546548
}