{
    "DOWN": {
        "precision": 0.6938775510204082,
        "recall": 0.15066469719350073,
        "f1-score": 0.24757281553398058,
        "support": 677
    },
    "UP": {
        "precision": 0.3510158013544018,
        "recall": 0.8735955056179775,
        "f1-score": 0.500805152979066,
        "support": 356
    },
    "accuracy": 0.3998063891577928,
    "macro avg": {
        "precision": 0.5224466761874049,
        "recall": 0.5121301014057391,
        "f1-score": 0.3741889842565233,
        "support": 1033
    },
    "weighted avg": {
        "precision": 0.5757180322584544,
        "recall": 0.3998063891577928,
        "f1-score": 0.3348435920397409,
        "support": 1033
    }
}