{
    "R2": 0.9025693604171994,
    "RMSE": 64.72253078490225,
    "MSE": 4189.005991202619,
    "MAPE": 0.034443752880408206,
    "ACMAPE": 0.9835962952532895
}