{
    "DOWN": {
        "precision": 0.55,
        "recall": 0.5076923076923077,
        "f1-score": 0.528,
        "support": 130
    },
    "UP": {
        "precision": 0.4576271186440678,
        "recall": 0.5,
        "f1-score": 0.4778761061946903,
        "support": 108
    },
    "accuracy": 0.5042016806722689,
    "macro avg": {
        "precision": 0.5038135593220339,
        "recall": 0.5038461538461538,
        "f1-score": 0.5029380530973452,
        "support": 238
    },
    "weighted avg": {
        "precision": 0.508082894174619,
        "recall": 0.5042016806722689,
        "f1-score": 0.5052547036513722,
        "support": 238
    }
}