{
    "DOWN": {
        "precision": 0.7871349978840457,
        "recall": 0.6873614190687362,
        "f1-score": 0.733872558690077,
        "support": 2706
    },
    "UP": {
        "precision": 0.283657917019475,
        "recall": 0.3997613365155131,
        "f1-score": 0.3318474492322932,
        "support": 838
    },
    "accuracy": 0.6193566591422122,
    "macro avg": {
        "precision": 0.5353964574517603,
        "recall": 0.5435613777921247,
        "f1-score": 0.532860003961185,
        "support": 3544
    },
    "weighted avg": {
        "precision": 0.6680848303432697,
        "recall": 0.6193566591422122,
        "f1-score": 0.6388113166681744,
        "support": 3544
    }
}