{
    "DOWN": {
        "precision": 0.8863733447244767,
        "recall": 0.55644945025476,
        "f1-score": 0.6836902800658979,
        "support": 3729
    },
    "UP": {
        "precision": 0.16842634489693314,
        "recall": 0.5574043261231281,
        "f1-score": 0.25868725868725867,
        "support": 601
    },
    "accuracy": 0.5565819861431871,
    "macro avg": {
        "precision": 0.5273998448107049,
        "recall": 0.556926888188944,
        "f1-score": 0.4711887693765783,
        "support": 4330
    },
    "weighted avg": {
        "precision": 0.7867229643788985,
        "recall": 0.5565819861431871,
        "f1-score": 0.6247002533110337,
        "support": 4330
    }
}