{
    "R2": 0.9705545211111242,
    "RMSE": 4.904829217948456,
    "MSE": 24.057349657240863,
    "MAPE": 0.07729831508252837,
    "ACMAPE": 1.040934678718892
}