{
    "DOWN": {
        "precision": 0.7279843444227005,
        "recall": 0.5054347826086957,
        "f1-score": 0.5966319165998396,
        "support": 736
    },
    "UP": {
        "precision": 0.3132075471698113,
        "recall": 0.5442622950819672,
        "f1-score": 0.39760479041916164,
        "support": 305
    },
    "accuracy": 0.5168107588856868,
    "macro avg": {
        "precision": 0.5205959457962559,
        "recall": 0.5248485388453314,
        "f1-score": 0.4971183535095006,
        "support": 1041
    },
    "weighted avg": {
        "precision": 0.6064599225570606,
        "recall": 0.5168107588856868,
        "f1-score": 0.5383194540781232,
        "support": 1041
    }
}