{
    "R2": 0.9958867462446006,
    "RMSE": 23.950476566647676,
    "MSE": 573.6253277695395,
    "MAPE": 0.03740351862700764,
    "ACMAPE": 0.9811390174669148
}