{
    "R2": 0.8996780094589124,
    "RMSE": 28.666496904702644,
    "MSE": 821.7680447873263,
    "MAPE": 0.04614657336991209,
    "ACMAPE": 1.015746573369912
}