{
    "R2": 0.9690173680783931,
    "RMSE": 26.585467211568584,
    "MSE": 706.7870668573884,
    "MAPE": 0.17960503997347524,
    "ACMAPE": 0.7361460599291294
}