{
    "DOWN": {
        "precision": 0.6617647058823529,
        "recall": 0.14469453376205788,
        "f1-score": 0.23746701846965698,
        "support": 311
    },
    "UP": {
        "precision": 0.36666666666666664,
        "recall": 0.8700564971751412,
        "f1-score": 0.5159128978224455,
        "support": 177
    },
    "accuracy": 0.4077868852459016,
    "macro avg": {
        "precision": 0.5142156862745098,
        "recall": 0.5073755154685995,
        "f1-score": 0.3766899581460513,
        "support": 488
    },
    "weighted avg": {
        "precision": 0.5547311957569913,
        "recall": 0.4077868852459016,
        "f1-score": 0.33846070831687747,
        "support": 488
    }
}