{
    "R2": 0.9942750145661491,
    "RMSE": 11.903643444709711,
    "MSE": 141.6967272587805,
    "MAPE": 0.034467032336528834,
    "ACMAPE": 0.8775456290186066
}