{
    "R2": 0.6367128824816406,
    "RMSE": 9.480241316561875,
    "MSE": 89.87497542024683,
    "MAPE": 0.023149978430198944,
    "ACMAPE": 0.8790639569248226
}