{
    "DOWN": {
        "precision": 0.8058877644894205,
        "recall": 0.5149911816578483,
        "f1-score": 0.6284074605451937,
        "support": 3402
    },
    "UP": {
        "precision": 0.29001721170395867,
        "recall": 0.614963503649635,
        "f1-score": 0.3941520467836257,
        "support": 1096
    },
    "accuracy": 0.5393508225878169,
    "macro avg": {
        "precision": 0.5479524880966895,
        "recall": 0.5649773426537417,
        "f1-score": 0.5112797536644097,
        "support": 4498
    },
    "weighted avg": {
        "precision": 0.6801887591864266,
        "recall": 0.5393508225878169,
        "f1-score": 0.5713278844040913,
        "support": 4498
    }
}