{
    "R2": 0.9363852414667073,
    "RMSE": 6.284441430566616,
    "MSE": 39.494204094222184,
    "MAPE": 0.025699100131167402,
    "ACMAPE": 0.9472677275821478
}