{
    "DOWN": {
        "precision": 0.6701444622792937,
        "recall": 0.5251572327044025,
        "f1-score": 0.5888575458392101,
        "support": 1590
    },
    "UP": {
        "precision": 0.3676716917922948,
        "recall": 0.5164705882352941,
        "f1-score": 0.4295499021526419,
        "support": 850
    },
    "accuracy": 0.5221311475409836,
    "macro avg": {
        "precision": 0.5189080770357942,
        "recall": 0.5208139104698484,
        "f1-score": 0.509203723995926,
        "support": 2440
    },
    "weighted avg": {
        "precision": 0.5647748496096424,
        "recall": 0.5221311475409836,
        "f1-score": 0.5333610306205285,
        "support": 2440
    }
}