{
    "DOWN": {
        "precision": 0.6872586872586872,
        "recall": 0.9151670951156813,
        "f1-score": 0.785005512679162,
        "support": 389
    },
    "UP": {
        "precision": 0.2826086956521739,
        "recall": 0.07428571428571429,
        "f1-score": 0.11764705882352941,
        "support": 175
    },
    "accuracy": 0.6542553191489362,
    "macro avg": {
        "precision": 0.4849336914554305,
        "recall": 0.4947264047006978,
        "f1-score": 0.4513262857513457,
        "support": 564
    },
    "weighted avg": {
        "precision": 0.5617023955368081,
        "recall": 0.6542553191489362,
        "f1-score": 0.5779350704367227,
        "support": 564
    }
}