{
    "R2": 0.0,
    "RMSE": 4.800599235091511,
    "MSE": 23.0457530159612,
    "MAPE": 0.09601198470183023,
    "ACMAPE": 2.09601198470183
}