{
    "R2": 0.9973075119933615,
    "RMSE": 11.042839025585724,
    "MSE": 121.94429374499909,
    "MAPE": 33461709559432.67,
    "ACMAPE": 33461709559433.754
}