{
    "DOWN": {
        "precision": 0.7027027027027027,
        "recall": 0.24074074074074073,
        "f1-score": 0.3586206896551724,
        "support": 756
    },
    "UP": {
        "precision": 0.2904820766378245,
        "recall": 0.7532051282051282,
        "f1-score": 0.4192685102586976,
        "support": 312
    },
    "accuracy": 0.3904494382022472,
    "macro avg": {
        "precision": 0.49659238967026365,
        "recall": 0.49697293447293445,
        "f1-score": 0.388944599956935,
        "support": 1068
    },
    "weighted avg": {
        "precision": 0.5822786995826259,
        "recall": 0.3904494382022472,
        "f1-score": 0.37633803050564035,
        "support": 1068
    }
}