{
    "R2": 0.9632360092896417,
    "RMSE": 19.82141973470599,
    "MSE": 392.8886802993921,
    "MAPE": 0.017079837374840506,
    "ACMAPE": 0.7708370628083666
}