{
    "R2": 0.9786408453878522,
    "RMSE": 20.10352142892021,
    "MSE": 404.1515738430541,
    "MAPE": 1662493847649.359,
    "ACMAPE": 1662493847650.6555
}