{
    "R2": 0.980316448239505,
    "RMSE": 19.285841915357743,
    "MSE": 371.9436983841696,
    "MAPE": 1658631573068.5083,
    "ACMAPE": 1658631573070.0344
}