{
    "R2": 0.9961484824597754,
    "RMSE": 22.532384043423974,
    "MSE": 507.70833068034733,
    "MAPE": 0.03070959067203594,
    "ACMAPE": 1.214496375791414
}