{
    "R2": -0.04179233340995303,
    "RMSE": 11.089023455581366,
    "MSE": 122.9664411984337,
    "MAPE": 0.09440703657839046,
    "ACMAPE": 0.8361288908830262
}