{
    "R2": 0.9913275876476629,
    "RMSE": 17.82696803176229,
    "MSE": 317.80078920547464,
    "MAPE": 0.044939535191337386,
    "ACMAPE": 1.001141474342123
}