{
    "DOWN": {
        "precision": 0.6018518518518519,
        "recall": 0.8496732026143791,
        "f1-score": 0.7046070460704608,
        "support": 306
    },
    "UP": {
        "precision": 0.43209876543209874,
        "recall": 0.16908212560386474,
        "f1-score": 0.24305555555555552,
        "support": 207
    },
    "accuracy": 0.5750487329434698,
    "macro avg": {
        "precision": 0.5169753086419753,
        "recall": 0.5093776641091219,
        "f1-score": 0.47383130081300817,
        "support": 513
    },
    "weighted avg": {
        "precision": 0.5333549924193198,
        "recall": 0.5750487329434698,
        "f1-score": 0.5183669709504113,
        "support": 513
    }
}