{
    "R2": 0.9559622028242073,
    "RMSE": 43.71748771150397,
    "MSE": 1911.2187318055007,
    "MAPE": 0.032635542443330584,
    "ACMAPE": 1.1341629458575264
}