{
    "DOWN": {
        "precision": 0.7222222222222222,
        "recall": 0.5909090909090909,
        "f1-score": 0.65,
        "support": 44
    },
    "UP": {
        "precision": 0.3333333333333333,
        "recall": 0.47368421052631576,
        "f1-score": 0.391304347826087,
        "support": 19
    },
    "accuracy": 0.5555555555555556,
    "macro avg": {
        "precision": 0.5277777777777778,
        "recall": 0.5322966507177034,
        "f1-score": 0.5206521739130435,
        "support": 63
    },
    "weighted avg": {
        "precision": 0.6049382716049383,
        "recall": 0.5555555555555556,
        "f1-score": 0.5719806763285024,
        "support": 63
    }
}