{
    "DOWN": {
        "precision": 0.8022165387894288,
        "recall": 0.41472014103129134,
        "f1-score": 0.546775130737943,
        "support": 2269
    },
    "UP": {
        "precision": 0.2905982905982906,
        "recall": 0.7010309278350515,
        "f1-score": 0.41087613293051356,
        "support": 776
    },
    "accuracy": 0.4876847290640394,
    "macro avg": {
        "precision": 0.5464074146938597,
        "recall": 0.5578755344331714,
        "f1-score": 0.4788256318342283,
        "support": 3045
    },
    "weighted avg": {
        "precision": 0.6718336945870238,
        "recall": 0.4876847290640394,
        "f1-score": 0.5121420856481023,
        "support": 3045
    }
}