{
    "R2": 0.9957910736202038,
    "RMSE": 4.739270617853641,
    "MSE": 22.460685989250827,
    "MAPE": 0.017298089617070495,
    "ACMAPE": 0.7630832135840127
}