{
    "R2": 0.9819339289837888,
    "RMSE": 44.09525539222177,
    "MSE": 1944.3915481052636,
    "MAPE": 0.11239232941359673,
    "ACMAPE": 1.387087863919686
}