{
    "DOWN": {
        "precision": 0.6936127744510978,
        "recall": 0.4602649006622517,
        "f1-score": 0.5533439490445861,
        "support": 1510
    },
    "UP": {
        "precision": 0.32644628099173556,
        "recall": 0.5626780626780626,
        "f1-score": 0.4131799163179916,
        "support": 702
    },
    "accuracy": 0.49276672694394213,
    "macro avg": {
        "precision": 0.5100295277214166,
        "recall": 0.5114714816701571,
        "f1-score": 0.4832619326812888,
        "support": 2212
    },
    "weighted avg": {
        "precision": 0.5770888692031447,
        "recall": 0.49276672694394213,
        "f1-score": 0.5088615118953685,
        "support": 2212
    }
}