{
    "R2": 0.9897801743396482,
    "RMSE": 6.376593579656835,
    "MSE": 40.660945680120776,
    "MAPE": 0.024149944392492392,
    "ACMAPE": 1.102263948614871
}