{
    "DOWN": {
        "precision": 0.5707070707070707,
        "recall": 0.6807228915662651,
        "f1-score": 0.6208791208791209,
        "support": 498
    },
    "UP": {
        "precision": 0.5295857988165681,
        "recall": 0.41244239631336405,
        "f1-score": 0.46373056994818657,
        "support": 434
    },
    "accuracy": 0.555793991416309,
    "macro avg": {
        "precision": 0.5501464347618195,
        "recall": 0.5465826439398146,
        "f1-score": 0.5423048454136538,
        "support": 932
    },
    "weighted avg": {
        "precision": 0.5515583239254417,
        "recall": 0.555793991416309,
        "f1-score": 0.5477005038147158,
        "support": 932
    }
}