{
    "DOWN": {
        "precision": 0.5775401069518716,
        "recall": 0.6506024096385542,
        "f1-score": 0.6118980169971671,
        "support": 498
    },
    "UP": {
        "precision": 0.5309973045822103,
        "recall": 0.4539170506912442,
        "f1-score": 0.4894409937888199,
        "support": 434
    },
    "accuracy": 0.5590128755364807,
    "macro avg": {
        "precision": 0.554268705767041,
        "recall": 0.5522597301648993,
        "f1-score": 0.5506695053929935,
        "support": 932
    },
    "weighted avg": {
        "precision": 0.5558667418999049,
        "recall": 0.5590128755364807,
        "f1-score": 0.5548740383786879,
        "support": 932
    }
}