{
    "DOWN": {
        "precision": 0.7439824945295405,
        "recall": 0.32945736434108525,
        "f1-score": 0.4566823371390194,
        "support": 1032
    },
    "UP": {
        "precision": 0.3326904532304725,
        "recall": 0.7467532467532467,
        "f1-score": 0.4603068712474983,
        "support": 462
    },
    "accuracy": 0.4585006693440428,
    "macro avg": {
        "precision": 0.5383364738800065,
        "recall": 0.538105305547166,
        "f1-score": 0.4584946041932588,
        "support": 1494
    },
    "weighted avg": {
        "precision": 0.6167957990274191,
        "recall": 0.4585006693440428,
        "f1-score": 0.4578031770038904,
        "support": 1494
    }
}