{
    "R2": 0.6544699861628316,
    "RMSE": 1101.9762990972035,
    "MSE": 1214351.7637719694,
    "MAPE": 0.1440889305519449,
    "ACMAPE": 1.1599619464249606
}