{
    "DOWN": {
        "precision": 0.7273846153846154,
        "recall": 0.5225464190981433,
        "f1-score": 0.6081811165423207,
        "support": 2262
    },
    "UP": {
        "precision": 0.3544530783024507,
        "recall": 0.5723938223938224,
        "f1-score": 0.4377999261720192,
        "support": 1036
    },
    "accuracy": 0.5382049727107338,
    "macro avg": {
        "precision": 0.5409188468435331,
        "recall": 0.5474701207459829,
        "f1-score": 0.52299052135717,
        "support": 3298
    },
    "weighted avg": {
        "precision": 0.6102357153187807,
        "recall": 0.5382049727107338,
        "f1-score": 0.5546593114411587,
        "support": 3298
    }
}