{
    "DOWN": {
        "precision": 0.8682170542635659,
        "recall": 0.2014388489208633,
        "f1-score": 0.32700729927007294,
        "support": 1668
    },
    "UP": {
        "precision": 0.1316818774445893,
        "recall": 0.7984189723320159,
        "f1-score": 0.2260772243984331,
        "support": 253
    },
    "accuracy": 0.2800624674648621,
    "macro avg": {
        "precision": 0.4999494658540776,
        "recall": 0.49992891062643957,
        "f1-score": 0.276542261834253,
        "support": 1921
    },
    "weighted avg": {
        "precision": 0.7712137228032843,
        "recall": 0.2800624674648621,
        "f1-score": 0.31371458248583306,
        "support": 1921
    }
}