{
    "R2": 0.9717131009027182,
    "RMSE": 39.41346906866097,
    "MSE": 1553.4215440262951,
    "MAPE": 0.012645357375239545,
    "ACMAPE": 1.0501453573752397
}