{
    "DOWN": {
        "precision": 0.8861788617886179,
        "recall": 0.19663259170174383,
        "f1-score": 0.32185039370078744,
        "support": 1663
    },
    "UP": {
        "precision": 0.13359273670557717,
        "recall": 0.8306451612903226,
        "f1-score": 0.23016759776536314,
        "support": 248
    },
    "accuracy": 0.2789115646258503,
    "macro avg": {
        "precision": 0.5098857992470975,
        "recall": 0.5136388764960332,
        "f1-score": 0.2760089957330753,
        "support": 1911
    },
    "weighted avg": {
        "precision": 0.7885120072514153,
        "recall": 0.2789115646258503,
        "f1-score": 0.30995226005767634,
        "support": 1911
    }
}