{
    "DOWN": {
        "precision": 0.7162790697674418,
        "recall": 0.4015645371577575,
        "f1-score": 0.5146198830409355,
        "support": 767
    },
    "UP": {
        "precision": 0.30243161094224924,
        "recall": 0.6199376947040498,
        "f1-score": 0.4065372829417773,
        "support": 321
    },
    "accuracy": 0.46599264705882354,
    "macro avg": {
        "precision": 0.5093553403548455,
        "recall": 0.5107511159309036,
        "f1-score": 0.46057858299135646,
        "support": 1088
    },
    "weighted avg": {
        "precision": 0.5941788544339062,
        "recall": 0.46599264705882354,
        "f1-score": 0.48273154238668026,
        "support": 1088
    }
}