{
    "R2": 0.9710939659985693,
    "RMSE": 420528.8633905424,
    "MSE": 176844524944.54147,
    "MAPE": 1227.7626439295298,
    "ACMAPE": 1228.6941026290026
}