{
    "R2": 0.9900501771540732,
    "RMSE": 117.49350389914423,
    "MSE": 13804.723458498222,
    "MAPE": 4185612440733706.0,
    "ACMAPE": 4185612440733707.0
}