{
    "R2": 0.9928618400055054,
    "RMSE": 4.014596002232129,
    "MSE": 16.11698106113819,
    "MAPE": 0.020756901233767687,
    "ACMAPE": 1.167300680035611
}