{
    "R2": 0.9718975217941289,
    "RMSE": 73.71875912528544,
    "MSE": 5434.455446971856,
    "MAPE": 0.08001364072872678,
    "ACMAPE": 1.1527716779537691
}