{
    "DOWN": {
        "precision": 0.6923076923076923,
        "recall": 0.2028169014084507,
        "f1-score": 0.3137254901960785,
        "support": 355
    },
    "UP": {
        "precision": 0.3524027459954233,
        "recall": 0.8279569892473119,
        "f1-score": 0.49438202247191004,
        "support": 186
    },
    "accuracy": 0.4177449168207024,
    "macro avg": {
        "precision": 0.5223552191515578,
        "recall": 0.5153869453278813,
        "f1-score": 0.40405375633399426,
        "support": 541
    },
    "weighted avg": {
        "precision": 0.5754457329470971,
        "recall": 0.4177449168207024,
        "f1-score": 0.3758366085016324,
        "support": 541
    }
}