{
    "R2": 0.8152765953705473,
    "RMSE": 24.146298125488556,
    "MSE": 583.0437131649721,
    "MAPE": 0.023372594970971456,
    "ACMAPE": 1.1142816858800624
}