{
    "DOWN": {
        "precision": 0.5876288659793815,
        "recall": 0.6,
        "f1-score": 0.59375,
        "support": 95
    },
    "UP": {
        "precision": 0.17391304347826086,
        "recall": 0.16666666666666666,
        "f1-score": 0.1702127659574468,
        "support": 48
    },
    "accuracy": 0.45454545454545453,
    "macro avg": {
        "precision": 0.38077095472882116,
        "recall": 0.3833333333333333,
        "f1-score": 0.3819813829787234,
        "support": 143
    },
    "weighted avg": {
        "precision": 0.44875921926571866,
        "recall": 0.45454545454545453,
        "f1-score": 0.4515836557059961,
        "support": 143
    }
}