{
    "DOWN": {
        "precision": 0.7157360406091371,
        "recall": 0.16114285714285714,
        "f1-score": 0.2630597014925373,
        "support": 875
    },
    "UP": {
        "precision": 0.15340253748558247,
        "recall": 0.7037037037037037,
        "f1-score": 0.2518939393939394,
        "support": 189
    },
    "accuracy": 0.2575187969924812,
    "macro avg": {
        "precision": 0.4345692890473598,
        "recall": 0.43242328042328043,
        "f1-score": 0.2574768204432384,
        "support": 1064
    },
    "weighted avg": {
        "precision": 0.6158478525542951,
        "recall": 0.2575187969924812,
        "f1-score": 0.2610763095408127,
        "support": 1064
    }
}