{
    "DOWN": {
        "precision": 0.6244444444444445,
        "recall": 0.9929328621908127,
        "f1-score": 0.766712141882674,
        "support": 283
    },
    "UP": {
        "precision": 0.6,
        "recall": 0.01744186046511628,
        "f1-score": 0.03389830508474576,
        "support": 172
    },
    "accuracy": 0.6241758241758242,
    "macro avg": {
        "precision": 0.6122222222222222,
        "recall": 0.5051873613279645,
        "f1-score": 0.4003052234837099,
        "support": 455
    },
    "weighted avg": {
        "precision": 0.6152039072039073,
        "recall": 0.6241758241758242,
        "f1-score": 0.4896924057744462,
        "support": 455
    }
}