{
    "DOWN": {
        "precision": 0.9012409513960703,
        "recall": 0.515833086712045,
        "f1-score": 0.6561264822134387,
        "support": 3379
    },
    "UP": {
        "precision": 0.289622231871472,
        "recall": 0.7773892773892774,
        "f1-score": 0.4220183486238532,
        "support": 858
    },
    "accuracy": 0.5687986783101251,
    "macro avg": {
        "precision": 0.5954315916337711,
        "recall": 0.6466111820506613,
        "f1-score": 0.5390724154186459,
        "support": 4237
    },
    "weighted avg": {
        "precision": 0.7773870780535861,
        "recall": 0.5687986783101251,
        "f1-score": 0.608719170761972,
        "support": 4237
    }
}