{
    "R2": 0.5818694448287293,
    "RMSE": 133.03623430406313,
    "MSE": 17698.639637805583,
    "MAPE": 0.08635230413516315,
    "ACMAPE": 0.9661599964428554
}