{
    "DOWN": {
        "precision": 0.6659663865546218,
        "recall": 0.40253968253968253,
        "f1-score": 0.5017807677087456,
        "support": 1575
    },
    "UP": {
        "precision": 0.39524421593830333,
        "recall": 0.6591639871382636,
        "f1-score": 0.4941743672157493,
        "support": 933
    },
    "accuracy": 0.49800637958532695,
    "macro avg": {
        "precision": 0.5306053012464625,
        "recall": 0.530851834838973,
        "f1-score": 0.4979775674622474,
        "support": 2508
    },
    "weighted avg": {
        "precision": 0.5652551484425703,
        "recall": 0.49800637958532695,
        "f1-score": 0.4989511139368295,
        "support": 2508
    }
}