{
    "DOWN": {
        "precision": 0.659041394335512,
        "recall": 0.4535232383808096,
        "f1-score": 0.5373001776198935,
        "support": 1334
    },
    "UP": {
        "precision": 0.38584667228306657,
        "recall": 0.5940337224383917,
        "f1-score": 0.46782431052093976,
        "support": 771
    },
    "accuracy": 0.5049881235154394,
    "macro avg": {
        "precision": 0.5224440333092892,
        "recall": 0.5237784804096006,
        "f1-score": 0.5025622440704166,
        "support": 2105
    },
    "weighted avg": {
        "precision": 0.5589781493462316,
        "recall": 0.5049881235154394,
        "f1-score": 0.5118531973190416,
        "support": 2105
    }
}