{
    "R2": 0.9920874684316366,
    "RMSE": 12.854770238501048,
    "MSE": 165.2451178846523,
    "MAPE": 0.03813591324860476,
    "ACMAPE": 0.9967086377723422
}