{
    "DOWN": {
        "precision": 0.7112676056338029,
        "recall": 0.3494809688581315,
        "f1-score": 0.4686774941995361,
        "support": 289
    },
    "UP": {
        "precision": 0.3237410071942446,
        "recall": 0.6870229007633588,
        "f1-score": 0.4400977995110024,
        "support": 131
    },
    "accuracy": 0.45476190476190476,
    "macro avg": {
        "precision": 0.5175043064140237,
        "recall": 0.5182519348107452,
        "f1-score": 0.4543876468552692,
        "support": 420
    },
    "weighted avg": {
        "precision": 0.5903962142157502,
        "recall": 0.45476190476190476,
        "f1-score": 0.4597633513323982,
        "support": 420
    }
}