{
    "R2": 0.31221400170329905,
    "RMSE": 12.253804537075247,
    "MSE": 150.1557256328459,
    "MAPE": 0.022888606322039394,
    "ACMAPE": 1.1181267015601348
}