{
    "R2": -260.79949877718144,
    "RMSE": 108.02789245028603,
    "MSE": 11670.025547250567,
    "MAPE": 1.6120831163232845,
    "ACMAPE": 1.7223053385455067
}