{
    "DOWN": {
        "precision": 0.7297297297297297,
        "recall": 0.44404332129963897,
        "f1-score": 0.5521197007481297,
        "support": 2493
    },
    "UP": {
        "precision": 0.34219269102990035,
        "recall": 0.6374889478337754,
        "f1-score": 0.44533662754786907,
        "support": 1131
    },
    "accuracy": 0.5044150110375276,
    "macro avg": {
        "precision": 0.535961210379815,
        "recall": 0.5407661345667072,
        "f1-score": 0.49872816414799936,
        "support": 3624
    },
    "weighted avg": {
        "precision": 0.6087848095394685,
        "recall": 0.5044150110375276,
        "f1-score": 0.5187941886649358,
        "support": 3624
    }
}