{
    "R2": 0.9953522293853061,
    "RMSE": 22.279133685771402,
    "MSE": 496.35979778847405,
    "MAPE": 0.016683526807142468,
    "ACMAPE": 1.0771913604106
}