{
    "R2": 0.9948709720652094,
    "RMSE": 28.67865734058288,
    "MSE": 822.4653868585684,
    "MAPE": 0.024701486281329402,
    "ACMAPE": 1.0945066810865243
}