{
    "R2": -1.6835615112412685,
    "RMSE": 29.06295600652673,
    "MSE": 844.6554118373082,
    "MAPE": 0.3388994254464223,
    "ACMAPE": 1.6302380081235877
}