{
    "DOWN": {
        "precision": 0.0,
        "recall": 0.0,
        "f1-score": 0.0,
        "support": 167
    },
    "UP": {
        "precision": 0.33992094861660077,
        "recall": 0.9885057471264368,
        "f1-score": 0.5058823529411764,
        "support": 87
    },
    "accuracy": 0.33858267716535434,
    "macro avg": {
        "precision": 0.16996047430830039,
        "recall": 0.4942528735632184,
        "f1-score": 0.2529411764705882,
        "support": 254
    },
    "weighted avg": {
        "precision": 0.11642961625844199,
        "recall": 0.33858267716535434,
        "f1-score": 0.1732746641963872,
        "support": 254
    }
}