{
    "DOWN": {
        "precision": 0.8385214007782101,
        "recall": 0.1756316218418908,
        "f1-score": 0.29043126684636117,
        "support": 2454
    },
    "UP": {
        "precision": 0.08502939846223428,
        "recall": 0.6937269372693727,
        "f1-score": 0.15149073327961324,
        "support": 271
    },
    "accuracy": 0.22715596330275228,
    "macro avg": {
        "precision": 0.4617753996202222,
        "recall": 0.4346792795556318,
        "f1-score": 0.2209610000629872,
        "support": 2725
    },
    "weighted avg": {
        "precision": 0.7635869667864196,
        "recall": 0.22715596330275228,
        "f1-score": 0.2766136945173378,
        "support": 2725
    }
}