{
    "R2": 0.7747066726364031,
    "RMSE": 17.328798691048938,
    "MSE": 300.2872640748994,
    "MAPE": 0.06317913242361155,
    "ACMAPE": 1.1742902435347227
}