{
    "DOWN": {
        "precision": 0.7216494845360825,
        "recall": 0.11437908496732026,
        "f1-score": 0.19746121297602257,
        "support": 612
    },
    "UP": {
        "precision": 0.3374083129584352,
        "recall": 0.9108910891089109,
        "f1-score": 0.49241748438893845,
        "support": 303
    },
    "accuracy": 0.37814207650273224,
    "macro avg": {
        "precision": 0.5295288987472588,
        "recall": 0.5126350870381156,
        "f1-score": 0.3449393486824805,
        "support": 915
    },
    "weighted avg": {
        "precision": 0.5944089654234844,
        "recall": 0.37814207650273224,
        "f1-score": 0.2951352569521029,
        "support": 915
    }
}