{
    "DOWN": {
        "precision": 0.7536231884057971,
        "recall": 0.2552147239263804,
        "f1-score": 0.38130155820348305,
        "support": 815
    },
    "UP": {
        "precision": 0.20445609436435125,
        "recall": 0.6964285714285714,
        "f1-score": 0.31610942249240126,
        "support": 224
    },
    "accuracy": 0.3503368623676612,
    "macro avg": {
        "precision": 0.47903964138507416,
        "recall": 0.4758216476774759,
        "f1-score": 0.3487054903479422,
        "support": 1039
    },
    "weighted avg": {
        "precision": 0.6352272027799223,
        "recall": 0.3503368623676612,
        "f1-score": 0.36724666080282636,
        "support": 1039
    }
}