{
    "R2": 0.7371434590402229,
    "RMSE": 60.98180482234439,
    "MSE": 3718.780519390505,
    "MAPE": 0.033994038517694995,
    "ACMAPE": 1.17448990628629
}