{
    "R2": 0.864452742183506,
    "RMSE": 48.233169558250104,
    "MSE": 2326.4386456349043,
    "MAPE": 0.027675482540720588,
    "ACMAPE": 0.7009967166605029
}