{
    "R2": 0.9617430792296774,
    "RMSE": 103.60067589585418,
    "MSE": 10733.100046077821,
    "MAPE": 0.203190371393595,
    "ACMAPE": 1.1832316652683368
}