{
    "DOWN": {
        "precision": 0.6186887716654107,
        "recall": 0.4787172011661808,
        "f1-score": 0.5397764628533859,
        "support": 1715
    },
    "UP": {
        "precision": 0.43738200125865323,
        "recall": 0.578684429641965,
        "f1-score": 0.4982078853046595,
        "support": 1201
    },
    "accuracy": 0.5198902606310014,
    "macro avg": {
        "precision": 0.528035386462032,
        "recall": 0.5287008154040729,
        "f1-score": 0.5189921740790227,
        "support": 2916
    },
    "weighted avg": {
        "precision": 0.5440147554587866,
        "recall": 0.5198902606310014,
        "f1-score": 0.5226557969974118,
        "support": 2916
    }
}