{
    "R2": 0.9456026840985617,
    "RMSE": 41.30920137805801,
    "MSE": 1706.4501184929502,
    "MAPE": 0.02874706066605628,
    "ACMAPE": 1.0071164450254573
}