{
    "DOWN": {
        "precision": 0.8413897280966768,
        "recall": 0.691495965238982,
        "f1-score": 0.7591141396933561,
        "support": 1611
    },
    "UP": {
        "precision": 0.3058659217877095,
        "recall": 0.5104895104895105,
        "f1-score": 0.3825327510917031,
        "support": 429
    },
    "accuracy": 0.6534313725490196,
    "macro avg": {
        "precision": 0.5736278249421931,
        "recall": 0.6009927378642463,
        "f1-score": 0.5708234453925296,
        "support": 2040
    },
    "weighted avg": {
        "precision": 0.7287722217699381,
        "recall": 0.6534313725490196,
        "f1-score": 0.6799212888550672,
        "support": 2040
    }
}