{
    "DOWN": {
        "precision": 0.64,
        "recall": 0.32,
        "f1-score": 0.4266666666666667,
        "support": 150
    },
    "UP": {
        "precision": 0.38922155688622756,
        "recall": 0.7065217391304348,
        "f1-score": 0.5019305019305019,
        "support": 92
    },
    "accuracy": 0.4669421487603306,
    "macro avg": {
        "precision": 0.5146107784431138,
        "recall": 0.5132608695652174,
        "f1-score": 0.4642985842985843,
        "support": 242
    },
    "weighted avg": {
        "precision": 0.5446627406344337,
        "recall": 0.4669421487603306,
        "f1-score": 0.45527936437027344,
        "support": 242
    }
}