{
    "DOWN": {
        "precision": 0.7941176470588235,
        "recall": 0.38671875,
        "f1-score": 0.5201401050788091,
        "support": 768
    },
    "UP": {
        "precision": 0.3403361344537815,
        "recall": 0.759375,
        "f1-score": 0.4700193423597679,
        "support": 320
    },
    "accuracy": 0.4963235294117647,
    "macro avg": {
        "precision": 0.5672268907563025,
        "recall": 0.573046875,
        "f1-score": 0.49507972371928854,
        "support": 1088
    },
    "weighted avg": {
        "precision": 0.6606524962926348,
        "recall": 0.4963235294117647,
        "f1-score": 0.5053987042790911,
        "support": 1088
    }
}