{
    "R2": 0.9570042678554496,
    "RMSE": 9.465912380334217,
    "MSE": 89.6034971921646,
    "MAPE": 0.03650475436373333,
    "ACMAPE": 1.101163744620598
}