{
    "DOWN": {
        "precision": 0.6894586894586895,
        "recall": 0.26419213973799127,
        "f1-score": 0.3820047355958958,
        "support": 916
    },
    "UP": {
        "precision": 0.17804878048780487,
        "recall": 0.5725490196078431,
        "f1-score": 0.2716279069767442,
        "support": 255
    },
    "accuracy": 0.33134073441502987,
    "macro avg": {
        "precision": 0.4337537349732472,
        "recall": 0.4183705796729172,
        "f1-score": 0.32681632128632,
        "support": 1171
    },
    "weighted avg": {
        "precision": 0.5780927400243807,
        "recall": 0.33134073441502987,
        "f1-score": 0.3579687908496245,
        "support": 1171
    }
}