{
    "DOWN": {
        "precision": 0.603112840466926,
        "recall": 0.9365558912386707,
        "f1-score": 0.7337278106508874,
        "support": 331
    },
    "UP": {
        "precision": 0.5434782608695652,
        "recall": 0.1091703056768559,
        "f1-score": 0.1818181818181818,
        "support": 229
    },
    "accuracy": 0.5982142857142857,
    "macro avg": {
        "precision": 0.5732955506682456,
        "recall": 0.5228630984577632,
        "f1-score": 0.4577729962345346,
        "support": 560
    },
    "weighted avg": {
        "precision": 0.5787265570244338,
        "recall": 0.5982142857142857,
        "f1-score": 0.508036194574656,
        "support": 560
    }
}