{
    "R2": 0.9836110957146422,
    "RMSE": 30.778284018190767,
    "MSE": 947.3027671044173,
    "MAPE": 0.03499413507228813,
    "ACMAPE": 1.107418786444308
}