{
    "DOWN": {
        "precision": 0.6970588235294117,
        "recall": 0.6124031007751938,
        "f1-score": 0.6519944979367263,
        "support": 387
    },
    "UP": {
        "precision": 0.29577464788732394,
        "recall": 0.3795180722891566,
        "f1-score": 0.33245382585751976,
        "support": 166
    },
    "accuracy": 0.5424954792043399,
    "macro avg": {
        "precision": 0.49641673570836786,
        "recall": 0.49596058653217523,
        "f1-score": 0.49222416189712304,
        "support": 553
    },
    "weighted avg": {
        "precision": 0.576601005886398,
        "recall": 0.5424954792043399,
        "f1-score": 0.5560745131896226,
        "support": 553
    }
}