{
    "DOWN": {
        "precision": 0.9689922480620154,
        "recall": 0.9057971014492754,
        "f1-score": 0.9363295880149812,
        "support": 138
    },
    "UP": {
        "precision": 0.07142857142857142,
        "recall": 0.2,
        "f1-score": 0.10526315789473682,
        "support": 5
    },
    "accuracy": 0.8811188811188811,
    "macro avg": {
        "precision": 0.5202104097452934,
        "recall": 0.5528985507246377,
        "f1-score": 0.520796372954859,
        "support": 143
    },
    "weighted avg": {
        "precision": 0.9376089027251818,
        "recall": 0.8811188811188811,
        "f1-score": 0.9072713212275599,
        "support": 143
    }
}