{
    "R2": 0.9941948852541901,
    "RMSE": 4.412623879335111,
    "MSE": 19.47124950047845,
    "MAPE": 0.04188782508471138,
    "ACMAPE": 0.6520493797557486
}