{
    "R2": 0.9609094624438039,
    "RMSE": 9.623117010438422,
    "MSE": 92.60438099658933,
    "MAPE": 0.02191534735444606,
    "ACMAPE": 0.9073959199515832
}