{
    "R2": 0.9698937335300631,
    "RMSE": 5.597736140261487,
    "MSE": 31.334649895989575,
    "MAPE": 0.012085089224073009,
    "ACMAPE": 0.8427115393400822
}