{
    "DOWN": {
        "precision": 0.75,
        "recall": 0.08,
        "f1-score": 0.14457831325301204,
        "support": 150
    },
    "UP": {
        "precision": 0.3300970873786408,
        "recall": 0.9444444444444444,
        "f1-score": 0.48920863309352514,
        "support": 72
    },
    "accuracy": 0.36036036036036034,
    "macro avg": {
        "precision": 0.5400485436893204,
        "recall": 0.5122222222222222,
        "f1-score": 0.3168934731732686,
        "support": 222
    },
    "weighted avg": {
        "precision": 0.6138152715822619,
        "recall": 0.36036036036036034,
        "f1-score": 0.25635030887696225,
        "support": 222
    }
}