{
    "DOWN": {
        "precision": 0.670774647887324,
        "recall": 0.643581081081081,
        "f1-score": 0.6568965517241379,
        "support": 592
    },
    "UP": {
        "precision": 0.3385579937304075,
        "recall": 0.36610169491525424,
        "f1-score": 0.3517915309446254,
        "support": 295
    },
    "accuracy": 0.5512965050732808,
    "macro avg": {
        "precision": 0.5046663208088658,
        "recall": 0.5048413879981677,
        "f1-score": 0.5043440413343816,
        "support": 887
    },
    "weighted avg": {
        "precision": 0.5602854562567825,
        "recall": 0.5512965050732807,
        "f1-score": 0.5554241941931839,
        "support": 887
    }
}