{
    "R2": 0.9137935183427418,
    "RMSE": 6.044067288311924,
    "MSE": 36.53074938564225,
    "MAPE": 0.03357601542841775,
    "ACMAPE": 0.7272697091221114
}