{
    "DOWN": {
        "precision": 0.6976744186046512,
        "recall": 0.6349206349206349,
        "f1-score": 0.6648199445983379,
        "support": 756
    },
    "UP": {
        "precision": 0.4140127388535032,
        "recall": 0.4838709677419355,
        "f1-score": 0.44622425629290624,
        "support": 403
    },
    "accuracy": 0.5823986194995686,
    "macro avg": {
        "precision": 0.5558435787290772,
        "recall": 0.5593958013312852,
        "f1-score": 0.5555221004456221,
        "support": 1159
    },
    "weighted avg": {
        "precision": 0.5990414100285403,
        "recall": 0.5823986194995686,
        "f1-score": 0.5888112626422647,
        "support": 1159
    }
}