{
    "R2": 0.990267870255835,
    "RMSE": 23.022692101294265,
    "MSE": 530.0443515909974,
    "MAPE": 783235279954438.4,
    "ACMAPE": 783235279954439.6
}