{
    "R2": 0.9913971882853568,
    "RMSE": 56.864408797155804,
    "MSE": 3233.5609878500504,
    "MAPE": 0.06590773624284338,
    "ACMAPE": 1.2213084331069548
}