{
    "DOWN": {
        "precision": 0.664179104477612,
        "recall": 0.09910913140311804,
        "f1-score": 0.17248062015503876,
        "support": 898
    },
    "UP": {
        "precision": 0.10210876803551609,
        "recall": 0.6715328467153284,
        "f1-score": 0.17726396917148365,
        "support": 137
    },
    "accuracy": 0.1748792270531401,
    "macro avg": {
        "precision": 0.383143936256564,
        "recall": 0.38532098905922324,
        "f1-score": 0.1748722946632612,
        "support": 1035
    },
    "weighted avg": {
        "precision": 0.5897794560789964,
        "recall": 0.1748792270531401,
        "f1-score": 0.17311377843064546,
        "support": 1035
    }
}