{
    "DOWN": {
        "precision": 0.8854244928625093,
        "recall": 0.6715099715099715,
        "f1-score": 0.7637718729747245,
        "support": 3510
    },
    "UP": {
        "precision": 0.21617946974847044,
        "recall": 0.5104333868378812,
        "f1-score": 0.3037249283667622,
        "support": 623
    },
    "accuracy": 0.6472296152915558,
    "macro avg": {
        "precision": 0.5508019813054899,
        "recall": 0.5909716791739263,
        "f1-score": 0.5337484006707434,
        "support": 4133
    },
    "weighted avg": {
        "precision": 0.7845438615051307,
        "recall": 0.6472296152915558,
        "f1-score": 0.6944253337802506,
        "support": 4133
    }
}