{
    "R2": 0.9634019242130389,
    "RMSE": 92.459852553768,
    "MSE": 8548.82433426452,
    "MAPE": 0.017126051316935478,
    "ACMAPE": 0.8787861303683188
}