{
    "DOWN": {
        "precision": 0.5983606557377049,
        "recall": 0.5748031496062992,
        "f1-score": 0.5863453815261044,
        "support": 127
    },
    "UP": {
        "precision": 0.5344827586206896,
        "recall": 0.5585585585585585,
        "f1-score": 0.5462555066079294,
        "support": 111
    },
    "accuracy": 0.5672268907563025,
    "macro avg": {
        "precision": 0.5664217071791973,
        "recall": 0.5666808540824289,
        "f1-score": 0.566300444067017,
        "support": 238
    },
    "weighted avg": {
        "precision": 0.5685688633848113,
        "recall": 0.5672268907563025,
        "f1-score": 0.5676480028877959,
        "support": 238
    }
}