{
    "DOWN": {
        "precision": 0.6082474226804123,
        "recall": 0.9833333333333333,
        "f1-score": 0.751592356687898,
        "support": 120
    },
    "UP": {
        "precision": 0.3333333333333333,
        "recall": 0.012987012987012988,
        "f1-score": 0.025,
        "support": 77
    },
    "accuracy": 0.6040609137055838,
    "macro avg": {
        "precision": 0.47079037800687284,
        "recall": 0.49816017316017314,
        "f1-score": 0.38829617834394903,
        "support": 197
    },
    "weighted avg": {
        "precision": 0.5007936923264779,
        "recall": 0.6040609137055838,
        "f1-score": 0.46759432894694297,
        "support": 197
    }
}