{
    "R2": 0.9896792517813799,
    "RMSE": 30.77744697926438,
    "MSE": 947.2512425614301,
    "MAPE": 0.054354541409062186,
    "ACMAPE": 0.8933155803701011
}