{
    "DOWN": {
        "precision": 0.7077961939840393,
        "recall": 0.5657507360157017,
        "f1-score": 0.6288519225524952,
        "support": 2038
    },
    "UP": {
        "precision": 0.3269961977186312,
        "recall": 0.4746136865342163,
        "f1-score": 0.3872129671319226,
        "support": 906
    },
    "accuracy": 0.537703804347826,
    "macro avg": {
        "precision": 0.5173961958513352,
        "recall": 0.520182211274959,
        "f1-score": 0.5080324448422089,
        "support": 2944
    },
    "weighted avg": {
        "precision": 0.5906070646985571,
        "recall": 0.537703804347826,
        "f1-score": 0.5544888472770065,
        "support": 2944
    }
}