{
    "R2": 0.9967290957715512,
    "RMSE": 10.059827975461925,
    "MSE": 101.20013889588635,
    "MAPE": 0.027282700152715753,
    "ACMAPE": 0.9188329330203139
}