{
    "R2": 0.9633666588360014,
    "RMSE": 84.30984944120405,
    "MSE": 7108.150712798494,
    "MAPE": 0.08698335956819869,
    "ACMAPE": 1.0080811297225725
}