{
    "R2": 0.9921336093165297,
    "RMSE": 123.08212495650345,
    "MSE": 15149.20948380833,
    "MAPE": 0.05159324058967991,
    "ACMAPE": 1.076682846324447
}