{
    "R2": 0.9806902333473138,
    "RMSE": 23.275443555922887,
    "MSE": 541.7462727249523,
    "MAPE": 0.042881232632284695,
    "ACMAPE": 1.108455003124088
}