{
    "DOWN": {
        "precision": 0.6666666666666666,
        "recall": 0.531578947368421,
        "f1-score": 0.5915080527086384,
        "support": 380
    },
    "UP": {
        "precision": 0.4105960264900662,
        "recall": 0.5511111111111111,
        "f1-score": 0.47058823529411764,
        "support": 225
    },
    "accuracy": 0.5388429752066116,
    "macro avg": {
        "precision": 0.5386313465783664,
        "recall": 0.5413450292397661,
        "f1-score": 0.531048144001378,
        "support": 605
    },
    "weighted avg": {
        "precision": 0.5714337839563607,
        "recall": 0.5388429752066116,
        "f1-score": 0.5465378726784447,
        "support": 605
    }
}