{
    "DOWN": {
        "precision": 0.9803921568627451,
        "recall": 0.5095699726572209,
        "f1-score": 0.6705920837422309,
        "support": 4023
    },
    "UP": {
        "precision": 0.01987083954297069,
        "recall": 0.49382716049382713,
        "f1-score": 0.038204393505253106,
        "support": 81
    },
    "accuracy": 0.5092592592592593,
    "macro avg": {
        "precision": 0.5001314982028578,
        "recall": 0.501698566575524,
        "f1-score": 0.354398238623742,
        "support": 4104
    },
    "weighted avg": {
        "precision": 0.9614344992840653,
        "recall": 0.5092592592592593,
        "f1-score": 0.6581107477507115,
        "support": 4104
    }
}