{
    "R2": 0.9971865125967798,
    "RMSE": 92.57589636633737,
    "MSE": 8570.296588030837,
    "MAPE": 0.018345993965876235,
    "ACMAPE": 0.7558582368649948
}