{
    "DOWN": {
        "precision": 0.6864406779661016,
        "recall": 0.6985167299068644,
        "f1-score": 0.6924260557360232,
        "support": 2899
    },
    "UP": {
        "precision": 0.4208084824387011,
        "recall": 0.40705128205128205,
        "f1-score": 0.4138155751058976,
        "support": 1560
    },
    "accuracy": 0.5965463108320251,
    "macro avg": {
        "precision": 0.5536245802024014,
        "recall": 0.5527840059790732,
        "f1-score": 0.5531208154209604,
        "support": 4459
    },
    "weighted avg": {
        "precision": 0.5935081314259032,
        "recall": 0.5965463108320251,
        "f1-score": 0.5949530012881659,
        "support": 4459
    }
}