{
    "DOWN": {
        "precision": 0.7817589576547231,
        "recall": 0.2660753880266075,
        "f1-score": 0.3970223325062035,
        "support": 902
    },
    "UP": {
        "precision": 0.14359637774902975,
        "recall": 0.6235955056179775,
        "f1-score": 0.23343848580441637,
        "support": 178
    },
    "accuracy": 0.325,
    "macro avg": {
        "precision": 0.46267766770187646,
        "recall": 0.4448354468222925,
        "f1-score": 0.3152304091553099,
        "support": 1080
    },
    "weighted avg": {
        "precision": 0.6765803102258218,
        "recall": 0.325,
        "f1-score": 0.3700612911053534,
        "support": 1080
    }
}