{
    "R2": 0.9649368108765647,
    "RMSE": 12.506839391266594,
    "MSE": 156.42103155893773,
    "MAPE": 0.06645632509544004,
    "ACMAPE": 1.5870042703009195
}