{
    "R2": 0.9359536962707622,
    "RMSE": 13.909612550492916,
    "MSE": 193.47732130483004,
    "MAPE": 0.03617600803833419,
    "ACMAPE": 0.964609276897135
}