{
    "DOWN": {
        "precision": 0.7397260273972602,
        "recall": 0.5118483412322274,
        "f1-score": 0.6050420168067226,
        "support": 211
    },
    "UP": {
        "precision": 0.45789473684210524,
        "recall": 0.696,
        "f1-score": 0.5523809523809523,
        "support": 125
    },
    "accuracy": 0.5803571428571429,
    "macro avg": {
        "precision": 0.5988103821196827,
        "recall": 0.6039241706161137,
        "f1-score": 0.5787114845938375,
        "support": 336
    },
    "weighted avg": {
        "precision": 0.6348780770419198,
        "recall": 0.5803571428571429,
        "f1-score": 0.5854508470054688,
        "support": 336
    }
}