{
    "DOWN": {
        "precision": 0.8412322274881516,
        "recall": 0.6635514018691588,
        "f1-score": 0.741901776384535,
        "support": 1070
    },
    "UP": {
        "precision": 0.2546583850931677,
        "recall": 0.4785992217898833,
        "f1-score": 0.3324324324324324,
        "support": 257
    },
    "accuracy": 0.627731725697061,
    "macro avg": {
        "precision": 0.5479453062906596,
        "recall": 0.5710753118295211,
        "f1-score": 0.5371671044084837,
        "support": 1327
    },
    "weighted avg": {
        "precision": 0.7276305112142173,
        "recall": 0.627731725697061,
        "f1-score": 0.6625998763124248,
        "support": 1327
    }
}