{
    "DOWN": {
        "precision": 0.7011494252873564,
        "recall": 0.5781990521327014,
        "f1-score": 0.6337662337662336,
        "support": 211
    },
    "UP": {
        "precision": 0.4506172839506173,
        "recall": 0.584,
        "f1-score": 0.5087108013937283,
        "support": 125
    },
    "accuracy": 0.5803571428571429,
    "macro avg": {
        "precision": 0.5758833546189868,
        "recall": 0.5810995260663507,
        "f1-score": 0.571238517579981,
        "support": 336
    },
    "weighted avg": {
        "precision": 0.6079455036591052,
        "recall": 0.5803571428571429,
        "f1-score": 0.5872426354133671,
        "support": 336
    }
}