{
    "DOWN": {
        "precision": 1.0,
        "recall": 0.04950495049504951,
        "f1-score": 0.09433962264150944,
        "support": 101
    },
    "UP": {
        "precision": 0.06796116504854369,
        "recall": 1.0,
        "f1-score": 0.12727272727272726,
        "support": 7
    },
    "accuracy": 0.1111111111111111,
    "macro avg": {
        "precision": 0.5339805825242718,
        "recall": 0.5247524752475248,
        "f1-score": 0.11080617495711835,
        "support": 108
    },
    "weighted avg": {
        "precision": 0.9395900755124056,
        "recall": 0.1111111111111111,
        "f1-score": 0.09647417571945874,
        "support": 108
    }
}