{
    "R2": 0.9948193880662589,
    "RMSE": 21.068797589405037,
    "MSE": 443.89423186331953,
    "MAPE": 0.09055946121498297,
    "ACMAPE": 0.3735176605718962
}