{
    "R2": 0.9568935740703367,
    "RMSE": 51.28117544294311,
    "MSE": 2629.7589548099113,
    "MAPE": 0.023168836669657168,
    "ACMAPE": 1.0423820114180562
}