{
    "DOWN": {
        "precision": 0.7515432098765432,
        "recall": 0.551528878822197,
        "f1-score": 0.6361854996734161,
        "support": 883
    },
    "UP": {
        "precision": 0.1101123595505618,
        "recall": 0.23333333333333334,
        "f1-score": 0.14961832061068703,
        "support": 210
    },
    "accuracy": 0.49039341262580055,
    "macro avg": {
        "precision": 0.4308277847135525,
        "recall": 0.3924311060777652,
        "f1-score": 0.39290191014205156,
        "support": 1093
    },
    "weighted avg": {
        "precision": 0.6283039797132715,
        "recall": 0.49039341262580055,
        "f1-score": 0.5427004972917389,
        "support": 1093
    }
}