{
    "R2": 0.6533064989294403,
    "RMSE": 99.87180506656222,
    "MSE": 9974.377447253402,
    "MAPE": 0.6547311065506065,
    "ACMAPE": 1.576541806139084
}