{
    "R2": 0.8271137374669546,
    "RMSE": 70.52616873616127,
    "MSE": 4973.940476601491,
    "MAPE": 0.3311576508466319,
    "ACMAPE": 1.2776597084598005
}