{
    "R2": 0.9903936264549728,
    "RMSE": 4.63391437153979,
    "MSE": 21.47316240276301,
    "MAPE": 0.02450570739359145,
    "ACMAPE": 1.4074844307978467
}