{
    "R2": 0.9755253589652702,
    "RMSE": 43.92744625147283,
    "MSE": 1929.6205341760342,
    "MAPE": 0.044856202490061996,
    "ACMAPE": 0.9909346338626109
}