{
    "R2": 0.9919802664675068,
    "RMSE": 16.473622902624314,
    "MSE": 271.3802515378683,
    "MAPE": 0.13394348768331923,
    "ACMAPE": 1.2322683238085923
}