{
    "DOWN": {
        "precision": 0.649171270718232,
        "recall": 0.4885654885654886,
        "f1-score": 0.5575326215895611,
        "support": 481
    },
    "UP": {
        "precision": 0.37084398976982097,
        "recall": 0.5330882352941176,
        "f1-score": 0.4374057315233786,
        "support": 272
    },
    "accuracy": 0.5046480743691899,
    "macro avg": {
        "precision": 0.5100076302440265,
        "recall": 0.5108268619298031,
        "f1-score": 0.4974691765564698,
        "support": 753
    },
    "weighted avg": {
        "precision": 0.5486333949971592,
        "recall": 0.5046480743691899,
        "f1-score": 0.5141401725882309,
        "support": 753
    }
}