{
    "DOWN": {
        "precision": 0.7704485488126649,
        "recall": 0.7121951219512195,
        "f1-score": 0.7401774397972116,
        "support": 410
    },
    "UP": {
        "precision": 0.49572649572649574,
        "recall": 0.5714285714285714,
        "f1-score": 0.5308924485125858,
        "support": 203
    },
    "accuracy": 0.6655791190864601,
    "macro avg": {
        "precision": 0.6330875222695803,
        "recall": 0.6418118466898954,
        "f1-score": 0.6355349441548988,
        "support": 613
    },
    "weighted avg": {
        "precision": 0.6794720777254016,
        "recall": 0.6655791190864601,
        "f1-score": 0.67087099080736,
        "support": 613
    }
}