{
    "DOWN": {
        "precision": 0.7909887359198998,
        "recall": 0.5076305220883535,
        "f1-score": 0.6183953033268101,
        "support": 1245
    },
    "UP": {
        "precision": 0.3394396551724138,
        "recall": 0.6535269709543569,
        "f1-score": 0.4468085106382979,
        "support": 482
    },
    "accuracy": 0.548349739432542,
    "macro avg": {
        "precision": 0.5652141955461568,
        "recall": 0.5805787465213552,
        "f1-score": 0.532601906982554,
        "support": 1727
    },
    "weighted avg": {
        "precision": 0.664962877830561,
        "recall": 0.5483497394325421,
        "f1-score": 0.5705059958132821,
        "support": 1727
    }
}