{
    "R2": 0.8918717808020474,
    "RMSE": 41.98759285653996,
    "MSE": 1762.9579538865657,
    "MAPE": 0.06802774326506926,
    "ACMAPE": 1.0726360381959448
}