{
    "DOWN": {
        "precision": 0.825503355704698,
        "recall": 0.23491214667685256,
        "f1-score": 0.36574487065120437,
        "support": 2618
    },
    "UP": {
        "precision": 0.19751602564102563,
        "recall": 0.7913322632423756,
        "f1-score": 0.3161269637704392,
        "support": 623
    },
    "accuracy": 0.34186979327368094,
    "macro avg": {
        "precision": 0.5115096906728618,
        "recall": 0.513122204959614,
        "f1-score": 0.3409359172108218,
        "support": 3241
    },
    "weighted avg": {
        "precision": 0.7047887285434306,
        "recall": 0.34186979327368094,
        "f1-score": 0.35620708725511774,
        "support": 3241
    }
}