{
    "R2": 0.9332197964047493,
    "RMSE": 24.315672451958847,
    "MSE": 591.2519267909504,
    "MAPE": 0.022581564925601292,
    "ACMAPE": 0.7438930403354372
}