{
    "R2": 0.9941363780638017,
    "RMSE": 999.4714813796674,
    "MSE": 998943.2420912668,
    "MAPE": 0.01662418424685621,
    "ACMAPE": 1.1307794353884089
}