{
    "DOWN": {
        "precision": 0.7714285714285715,
        "recall": 0.38174807197943444,
        "f1-score": 0.5107480653482372,
        "support": 778
    },
    "UP": {
        "precision": 0.24251968503937008,
        "recall": 0.6363636363636364,
        "f1-score": 0.35119726339794755,
        "support": 242
    },
    "accuracy": 0.442156862745098,
    "macro avg": {
        "precision": 0.5069741282339708,
        "recall": 0.5090558541715354,
        "f1-score": 0.4309726643730924,
        "support": 1020
    },
    "weighted avg": {
        "precision": 0.6459423454421138,
        "recall": 0.442156862745098,
        "f1-score": 0.47289385547375673,
        "support": 1020
    }
}