{
    "DOWN": {
        "precision": 0.6914778856526429,
        "recall": 0.9412628487518355,
        "f1-score": 0.7972636815920399,
        "support": 681
    },
    "UP": {
        "precision": 0.6078431372549019,
        "recall": 0.1781609195402299,
        "f1-score": 0.27555555555555555,
        "support": 348
    },
    "accuracy": 0.6831875607385811,
    "macro avg": {
        "precision": 0.6496605114537723,
        "recall": 0.5597118841460327,
        "f1-score": 0.5364096185737977,
        "support": 1029
    },
    "weighted avg": {
        "precision": 0.6631932477105497,
        "recall": 0.6831875607385811,
        "f1-score": 0.6208259480053571,
        "support": 1029
    }
}