{
    "R2": 0.8743703273725018,
    "RMSE": 4.229308134215271,
    "MSE": 17.887047294139457,
    "MAPE": 0.03749776435646007,
    "ACMAPE": 0.880239699840331
}