{
    "R2": 0.9984475894347732,
    "RMSE": 1.693117349448823,
    "MSE": 2.8666463590046076,
    "MAPE": 0.019620224934908604,
    "ACMAPE": 0.8712031468053704
}