{
    "R2": 0.9939051139325012,
    "RMSE": 26.966255611772326,
    "MSE": 727.1789417194424,
    "MAPE": 1243728695277636.5,
    "ACMAPE": 1243728695277637.5
}