{
    "R2": 0.9426782870919165,
    "RMSE": 142.30936867062928,
    "MSE": 20251.956411433086,
    "MAPE": 0.2617986708116473,
    "ACMAPE": 0.6355783081896111
}