{
    "R2": 0.9818583797110014,
    "RMSE": 62.474789528084735,
    "MSE": 3903.0993265784864,
    "MAPE": 0.022168733941181275,
    "ACMAPE": 0.735293008041065
}