{
    "R2": 0.9877329333429651,
    "RMSE": 7.25983600714712,
    "MSE": 52.705218850669844,
    "MAPE": 0.020844913274567837,
    "ACMAPE": 0.877465917840778
}