{
    "R2": 0.7438642245831987,
    "RMSE": 14.817062327835458,
    "MSE": 219.5453360269607,
    "MAPE": 0.1048991395929682,
    "ACMAPE": 0.7535477882416168
}