{
    "R2": 0.9767362478251597,
    "RMSE": 8.21711646278392,
    "MSE": 67.52100296295453,
    "MAPE": 0.032994396544585664,
    "ACMAPE": 0.5777907766350835
}