{
    "DOWN": {
        "precision": 0.629695885509839,
        "recall": 0.4934579439252336,
        "f1-score": 0.5533141210374639,
        "support": 2140
    },
    "UP": {
        "precision": 0.3833902161547213,
        "recall": 0.5204633204633204,
        "f1-score": 0.44153291844087783,
        "support": 1295
    },
    "accuracy": 0.5036390101892285,
    "macro avg": {
        "precision": 0.5065430508322801,
        "recall": 0.506960632194277,
        "f1-score": 0.49742351973917087,
        "support": 3435
    },
    "weighted avg": {
        "precision": 0.5368382896394234,
        "recall": 0.5036390101892285,
        "f1-score": 0.5111724449493769,
        "support": 3435
    }
}