{
    "R2": 0.9871197914346016,
    "RMSE": 155.7163619603797,
    "MSE": 24247.585382175977,
    "MAPE": 0.04005973923734647,
    "ACMAPE": 0.944129506679207
}