{
    "DOWN": {
        "precision": 0.8541666666666666,
        "recall": 0.18693009118541035,
        "f1-score": 0.3067331670822943,
        "support": 3948
    },
    "UP": {
        "precision": 0.10360234571348785,
        "recall": 0.7464788732394366,
        "f1-score": 0.18195193722412947,
        "support": 497
    },
    "accuracy": 0.24949381327334083,
    "macro avg": {
        "precision": 0.4788845061900772,
        "recall": 0.4667044822124235,
        "f1-score": 0.24434255215321188,
        "support": 4445
    },
    "weighted avg": {
        "precision": 0.7702453016467049,
        "recall": 0.24949381327334083,
        "f1-score": 0.29278125004303496,
        "support": 4445
    }
}