{
    "DOWN": {
        "precision": 0.7605633802816901,
        "recall": 0.3409090909090909,
        "f1-score": 0.47079337401918037,
        "support": 792
    },
    "UP": {
        "precision": 0.31225296442687744,
        "recall": 0.7360248447204969,
        "f1-score": 0.4384828862164662,
        "support": 322
    },
    "accuracy": 0.45511669658886894,
    "macro avg": {
        "precision": 0.5364081723542837,
        "recall": 0.5384669678147939,
        "f1-score": 0.4546381301178233,
        "support": 1114
    },
    "weighted avg": {
        "precision": 0.6309799387150387,
        "recall": 0.45511669658886894,
        "f1-score": 0.4614540768266544,
        "support": 1114
    }
}