{
    "DOWN": {
        "precision": 0.8023255813953488,
        "recall": 0.17424242424242425,
        "f1-score": 0.28630705394190875,
        "support": 792
    },
    "UP": {
        "precision": 0.3057324840764331,
        "recall": 0.8944099378881988,
        "f1-score": 0.45569620253164556,
        "support": 322
    },
    "accuracy": 0.38240574506283664,
    "macro avg": {
        "precision": 0.554029032735891,
        "recall": 0.5343261810653115,
        "f1-score": 0.3710016282367772,
        "support": 1114
    },
    "weighted avg": {
        "precision": 0.6587861044324307,
        "recall": 0.38240574506283664,
        "f1-score": 0.33526872884845743,
        "support": 1114
    }
}