{
    "DOWN": {
        "precision": 0.4857142857142857,
        "recall": 0.8947368421052632,
        "f1-score": 0.6296296296296297,
        "support": 114
    },
    "UP": {
        "precision": 0.3684210526315789,
        "recall": 0.06086956521739131,
        "f1-score": 0.10447761194029852,
        "support": 115
    },
    "accuracy": 0.4759825327510917,
    "macro avg": {
        "precision": 0.4270676691729323,
        "recall": 0.4778032036613272,
        "f1-score": 0.36705362078496406,
        "support": 229
    },
    "weighted avg": {
        "precision": 0.426811570410743,
        "recall": 0.4759825327510917,
        "f1-score": 0.3659070006590049,
        "support": 229
    }
}