{
    "DOWN": {
        "precision": 0.47023809523809523,
        "recall": 0.6929824561403509,
        "f1-score": 0.5602836879432624,
        "support": 114
    },
    "UP": {
        "precision": 0.4262295081967213,
        "recall": 0.22608695652173913,
        "f1-score": 0.29545454545454547,
        "support": 115
    },
    "accuracy": 0.4585152838427948,
    "macro avg": {
        "precision": 0.44823380171740823,
        "recall": 0.45953470633104504,
        "f1-score": 0.42786911669890393,
        "support": 229
    },
    "weighted avg": {
        "precision": 0.44813771309941397,
        "recall": 0.4585152838427948,
        "f1-score": 0.42729088713015123,
        "support": 229
    }
}