{
    "R2": 0.5666326017276214,
    "RMSE": 2.634047175469951,
    "MSE": 6.938204522601226,
    "MAPE": 0.024093178560831787,
    "ACMAPE": 0.9083037048766214
}