{
    "R2": 0.9850988979514669,
    "RMSE": 292.2779103566907,
    "MSE": 85426.37688247373,
    "MAPE": 0.08512259018894809,
    "ACMAPE": 0.9811364550069723
}