{
    "DOWN": {
        "precision": 0.7804878048780488,
        "recall": 0.48484848484848486,
        "f1-score": 0.5981308411214953,
        "support": 132
    },
    "UP": {
        "precision": 0.456,
        "recall": 0.76,
        "f1-score": 0.5700000000000001,
        "support": 75
    },
    "accuracy": 0.5845410628019324,
    "macro avg": {
        "precision": 0.6182439024390244,
        "recall": 0.6224242424242424,
        "f1-score": 0.5840654205607476,
        "support": 207
    },
    "weighted avg": {
        "precision": 0.662919759632379,
        "recall": 0.5845410628019324,
        "f1-score": 0.5879385073818232,
        "support": 207
    }
}