{
    "R2": 0.9457841814815461,
    "RMSE": 19.700378772130254,
    "MSE": 388.1049237654004,
    "MAPE": 0.06535409577050684,
    "ACMAPE": 0.8380813684977796
}