{
    "R2": 0.9798208486313758,
    "RMSE": 4.780146576014744,
    "MSE": 22.84980128818548,
    "MAPE": 0.022186715124739267,
    "ACMAPE": 1.0294859851977318
}