{
    "DOWN": {
        "precision": 0.5875926648458837,
        "recall": 0.610705596107056,
        "f1-score": 0.5989262278783059,
        "support": 2466
    },
    "UP": {
        "precision": 0.4594594594594595,
        "recall": 0.43566470902295784,
        "f1-score": 0.4472458207728145,
        "support": 1873
    },
    "accuracy": 0.5351463470845818,
    "macro avg": {
        "precision": 0.5235260621526716,
        "recall": 0.5231851525650069,
        "f1-score": 0.5230860243255602,
        "support": 4339
    },
    "weighted avg": {
        "precision": 0.5322818804050512,
        "recall": 0.5351463470845818,
        "f1-score": 0.5334509104068641,
        "support": 4339
    }
}