{
    "DOWN": {
        "precision": 0.6224299065420561,
        "recall": 0.2446730345334313,
        "f1-score": 0.35126582278481017,
        "support": 2722
    },
    "UP": {
        "precision": 0.32832407709898725,
        "recall": 0.7132718239886444,
        "f1-score": 0.44966442953020136,
        "support": 1409
    },
    "accuracy": 0.4045025417574437,
    "macro avg": {
        "precision": 0.4753769918205217,
        "recall": 0.4789724292610379,
        "f1-score": 0.40046512615750574,
        "support": 4131
    },
    "weighted avg": {
        "precision": 0.5221163956039578,
        "recall": 0.4045025417574437,
        "f1-score": 0.38482758432057784,
        "support": 4131
    }
}