{
    "R2": 0.43325635372696825,
    "RMSE": 5.3248248580325255,
    "MSE": 28.3537597687211,
    "MAPE": 0.07519566546256858,
    "ACMAPE": 1.5899015478155096
}