{
    "R2": 0.9456061068959043,
    "RMSE": 9.603931468407268,
    "MSE": 92.23549964986337,
    "MAPE": 0.02201355345800206,
    "ACMAPE": 0.8782435854068839
}