{
    "R2": 0.8268352619758926,
    "RMSE": 11.216474810044144,
    "MSE": 125.80930716435482,
    "MAPE": 0.016115818359087705,
    "ACMAPE": 0.8433885456318151
}