{
    "DOWN": {
        "precision": 0.8673636066644888,
        "recall": 0.7570573139435415,
        "f1-score": 0.8084652862362972,
        "support": 3507
    },
    "UP": {
        "precision": 0.28762541806020064,
        "recall": 0.45866666666666667,
        "f1-score": 0.3535457348406989,
        "support": 750
    },
    "accuracy": 0.7044867277425417,
    "macro avg": {
        "precision": 0.5774945123623447,
        "recall": 0.6078619903051041,
        "f1-score": 0.581005510538498,
        "support": 4257
    },
    "weighted avg": {
        "precision": 0.7652250956348396,
        "recall": 0.7044867277425417,
        "f1-score": 0.7283173737282637,
        "support": 4257
    }
}