{
    "DOWN": {
        "precision": 0.7681159420289855,
        "recall": 0.6284584980237155,
        "f1-score": 0.691304347826087,
        "support": 759
    },
    "UP": {
        "precision": 0.36771300448430494,
        "recall": 0.5324675324675324,
        "f1-score": 0.43501326259946943,
        "support": 308
    },
    "accuracy": 0.6007497656982193,
    "macro avg": {
        "precision": 0.5679144732566452,
        "recall": 0.5804630152456239,
        "f1-score": 0.5631588052127782,
        "support": 1067
    },
    "weighted avg": {
        "precision": 0.6525357126346447,
        "recall": 0.6007497656982193,
        "f1-score": 0.6173234160080944,
        "support": 1067
    }
}