{
    "DOWN": {
        "precision": 0.59375,
        "recall": 0.8702290076335878,
        "f1-score": 0.7058823529411765,
        "support": 131
    },
    "UP": {
        "precision": 0.6530612244897959,
        "recall": 0.2909090909090909,
        "f1-score": 0.4025157232704402,
        "support": 110
    },
    "accuracy": 0.6058091286307054,
    "macro avg": {
        "precision": 0.6234056122448979,
        "recall": 0.5805690492713393,
        "f1-score": 0.5541990381058084,
        "support": 241
    },
    "weighted avg": {
        "precision": 0.6208215132526038,
        "recall": 0.6058091286307054,
        "f1-score": 0.5674162564109649,
        "support": 241
    }
}