{
    "R2": 0.9384809679284313,
    "RMSE": 394.43111243231766,
    "MSE": 155575.90245459563,
    "MAPE": 0.048083806012950675,
    "ACMAPE": 0.9577047972665951
}