{
    "R2": 0.9431692452332022,
    "RMSE": 379.1037929111022,
    "MSE": 143719.68579958385,
    "MAPE": 0.047097459603414764,
    "ACMAPE": 1.0947165072224625
}