{
    "DOWN": {
        "precision": 0.6151315789473685,
        "recall": 0.27786032689450224,
        "f1-score": 0.3828045035823951,
        "support": 673
    },
    "UP": {
        "precision": 0.36553524804177545,
        "recall": 0.7052896725440806,
        "f1-score": 0.4815133276010319,
        "support": 397
    },
    "accuracy": 0.43644859813084114,
    "macro avg": {
        "precision": 0.49033341349457193,
        "recall": 0.4915749997192914,
        "f1-score": 0.4321589155917135,
        "support": 1070
    },
    "weighted avg": {
        "precision": 0.522524342153424,
        "recall": 0.43644859813084114,
        "f1-score": 0.41942824483043134,
        "support": 1070
    }
}