{
    "DOWN": {
        "precision": 0.6077348066298343,
        "recall": 0.32689450222882616,
        "f1-score": 0.42512077294685996,
        "support": 673
    },
    "UP": {
        "precision": 0.3601694915254237,
        "recall": 0.6423173803526449,
        "f1-score": 0.4615384615384615,
        "support": 397
    },
    "accuracy": 0.4439252336448598,
    "macro avg": {
        "precision": 0.48395214907762896,
        "recall": 0.48460594129073553,
        "f1-score": 0.44332961724266073,
        "support": 1070
    },
    "weighted avg": {
        "precision": 0.5158811336424969,
        "recall": 0.4439252336448598,
        "f1-score": 0.4386327564710336,
        "support": 1070
    }
}