{
    "R2": 0.32198040432462405,
    "RMSE": 1.8603991333044083,
    "MSE": 3.4610849351997937,
    "MAPE": 0.02607235350147273,
    "ACMAPE": 0.4927390201681393
}