{
    "R2": 0.885136261285225,
    "RMSE": 8.25744166684548,
    "MSE": 68.18534288135585,
    "MAPE": 0.023952837574804695,
    "ACMAPE": 0.9701134730558286
}