{
    "DOWN": {
        "precision": 0.5333333333333333,
        "recall": 0.022222222222222223,
        "f1-score": 0.04266666666666667,
        "support": 360
    },
    "UP": {
        "precision": 0.1065989847715736,
        "recall": 0.8571428571428571,
        "f1-score": 0.18961625282167044,
        "support": 49
    },
    "accuracy": 0.12224938875305623,
    "macro avg": {
        "precision": 0.31996615905245346,
        "recall": 0.4396825396825397,
        "f1-score": 0.11614145974416856,
        "support": 409
    },
    "weighted avg": {
        "precision": 0.4822086803271567,
        "recall": 0.12224938875305623,
        "f1-score": 0.060271873809931174,
        "support": 409
    }
}