{
    "R2": 0.3104571832619164,
    "RMSE": 31.30636641322085,
    "MSE": 980.0885779988425,
    "MAPE": 0.12927879368970246,
    "ACMAPE": 1.1292787936897024
}