{
    "R2": 0.9183552292122195,
    "RMSE": 2.7655915785308682,
    "MSE": 7.648496779240859,
    "MAPE": 0.020632954675669578,
    "ACMAPE": 0.8359195788794913
}