{
    "DOWN": {
        "precision": 0.8909747292418773,
        "recall": 0.45118829981718467,
        "f1-score": 0.5990291262135922,
        "support": 2735
    },
    "UP": {
        "precision": 0.1422857142857143,
        "recall": 0.6225,
        "f1-score": 0.2316279069767442,
        "support": 400
    },
    "accuracy": 0.47304625199362044,
    "macro avg": {
        "precision": 0.5166302217637958,
        "recall": 0.5368441499085923,
        "f1-score": 0.4153285165951682,
        "support": 3135
    },
    "weighted avg": {
        "precision": 0.7954482201565614,
        "recall": 0.47304625199362044,
        "f1-score": 0.5521517776666259,
        "support": 3135
    }
}