{
    "R2": 0.9935756234080418,
    "RMSE": 16.512398050876502,
    "MSE": 272.6592893905901,
    "MAPE": 0.022486269541081256,
    "ACMAPE": 0.7913751584299702
}