{
    "R2": -0.25497680466344463,
    "RMSE": 19.97621422522997,
    "MSE": 399.04913477228024,
    "MAPE": 0.15248188609601881,
    "ACMAPE": 1.4646646272127701
}