{
    "DOWN": {
        "precision": 0.7111111111111111,
        "recall": 0.4824120603015075,
        "f1-score": 0.5748502994011976,
        "support": 199
    },
    "UP": {
        "precision": 0.36419753086419754,
        "recall": 0.6020408163265306,
        "f1-score": 0.45384615384615384,
        "support": 98
    },
    "accuracy": 0.5218855218855218,
    "macro avg": {
        "precision": 0.5376543209876543,
        "recall": 0.5422264383140191,
        "f1-score": 0.5143482266236757,
        "support": 297
    },
    "weighted avg": {
        "precision": 0.5966413102215572,
        "recall": 0.5218855218855218,
        "f1-score": 0.5349230055816883,
        "support": 297
    }
}