{
    "R2": -0.19887729176210045,
    "RMSE": 17.57946035959335,
    "MSE": 309.03742653451405,
    "MAPE": 0.09251537404920968,
    "ACMAPE": 0.8549463132757291
}