{
    "R2": 0.9500459774217906,
    "RMSE": 16.185666860565053,
    "MSE": 261.9758117211938,
    "MAPE": 0.03849257435803144,
    "ACMAPE": 1.241715492889813
}