{
    "R2": 0.9841224051721039,
    "RMSE": 6.142955300548018,
    "MSE": 37.735899824530996,
    "MAPE": 0.06224740789163948,
    "ACMAPE": 1.851125824479764
}