{
    "R2": 0.9778119119397791,
    "RMSE": 7.261810940700836,
    "MSE": 52.73389813848237,
    "MAPE": 0.10544983843256157,
    "ACMAPE": 0.4466373973392533
}