{
    "DOWN": {
        "precision": 0.7522123893805309,
        "recall": 0.7522123893805309,
        "f1-score": 0.7522123893805309,
        "support": 113
    },
    "UP": {
        "precision": 0.2631578947368421,
        "recall": 0.2631578947368421,
        "f1-score": 0.2631578947368421,
        "support": 38
    },
    "accuracy": 0.6291390728476821,
    "macro avg": {
        "precision": 0.5076851420586865,
        "recall": 0.5076851420586865,
        "f1-score": 0.5076851420586865,
        "support": 151
    },
    "weighted avg": {
        "precision": 0.6291390728476821,
        "recall": 0.6291390728476821,
        "f1-score": 0.6291390728476821,
        "support": 151
    }
}