{
    "DOWN": {
        "precision": 0.7791005291005291,
        "recall": 0.7991858887381276,
        "f1-score": 0.7890154052243805,
        "support": 737
    },
    "UP": {
        "precision": 0.4807017543859649,
        "recall": 0.4506578947368421,
        "f1-score": 0.46519524617996605,
        "support": 304
    },
    "accuracy": 0.6974063400576369,
    "macro avg": {
        "precision": 0.629901141743247,
        "recall": 0.6249218917374848,
        "f1-score": 0.6271053257021733,
        "support": 1041
    },
    "weighted avg": {
        "precision": 0.6919600607881107,
        "recall": 0.6974063400576369,
        "f1-score": 0.6944512089232259,
        "support": 1041
    }
}