{
    "DOWN": {
        "precision": 0.7708333333333334,
        "recall": 0.1267123287671233,
        "f1-score": 0.2176470588235294,
        "support": 292
    },
    "UP": {
        "precision": 0.3795620437956204,
        "recall": 0.9341317365269461,
        "f1-score": 0.5397923875432525,
        "support": 167
    },
    "accuracy": 0.420479302832244,
    "macro avg": {
        "precision": 0.575197688564477,
        "recall": 0.5304220326470347,
        "f1-score": 0.378719723183391,
        "support": 459
    },
    "weighted avg": {
        "precision": 0.6284753696017471,
        "recall": 0.420479302832244,
        "f1-score": 0.334854618510226,
        "support": 459
    }
}