{
    "R2": 0.13205442881881457,
    "RMSE": 601.1073216530685,
    "MSE": 361330.01214492554,
    "MAPE": 0.14086101377590785,
    "ACMAPE": 0.9603732088978592
}