{
    "R2": 0.9940902125165598,
    "RMSE": 87.23238509185167,
    "MSE": 7609.489008813105,
    "MAPE": 0.047566506092928715,
    "ACMAPE": 0.7629950775215002
}