{
    "R2": 0.9974279188866447,
    "RMSE": 5.128842298338499,
    "MSE": 26.30502332122614,
    "MAPE": 0.03705600717674463,
    "ACMAPE": 1.1442590907710595
}