{
    "R2": 0.9562702571685178,
    "RMSE": 9.50339013371275,
    "MSE": 90.31442403354886,
    "MAPE": 0.018339274376582795,
    "ACMAPE": 0.7714612724553532
}