{
    "R2": 0.6886097978312491,
    "RMSE": 75.21650349807827,
    "MSE": 5657.522398476421,
    "MAPE": 1.0267646715828247,
    "ACMAPE": 2.5340110483944187
}