{
    "DOWN": {
        "precision": 0.7785996055226825,
        "recall": 0.5096836668818593,
        "f1-score": 0.6160749122122512,
        "support": 3098
    },
    "UP": {
        "precision": 0.2647628267182962,
        "recall": 0.5491967871485943,
        "f1-score": 0.3572828216851731,
        "support": 996
    },
    "accuracy": 0.5192965315095261,
    "macro avg": {
        "precision": 0.5216812161204893,
        "recall": 0.5294402270152267,
        "f1-score": 0.48667886694871215,
        "support": 4094
    },
    "weighted avg": {
        "precision": 0.6535919280216642,
        "recall": 0.5192965315095261,
        "f1-score": 0.5531152341064941,
        "support": 4094
    }
}