{
    "R2": -2.7749037663396083,
    "RMSE": 175.03081439096596,
    "MSE": 30635.78598636478,
    "MAPE": 0.5764164566431572,
    "ACMAPE": 1.4167834291202213
}