{
    "DOWN": {
        "precision": 0.6383275261324042,
        "recall": 0.5021929824561403,
        "f1-score": 0.5621356244246701,
        "support": 1824
    },
    "UP": {
        "precision": 0.38357094365241007,
        "recall": 0.5212177121771218,
        "f1-score": 0.4419241298396559,
        "support": 1084
    },
    "accuracy": 0.5092847317744154,
    "macro avg": {
        "precision": 0.5109492348924072,
        "recall": 0.5117053473166311,
        "f1-score": 0.502029877132163,
        "support": 2908
    },
    "weighted avg": {
        "precision": 0.543363242979614,
        "recall": 0.5092847317744154,
        "f1-score": 0.5173250122753732,
        "support": 2908
    }
}