{
    "R2": 0.9643698572531991,
    "RMSE": 384.4654909508529,
    "MSE": 147813.71373208036,
    "MAPE": 0.03111683859231038,
    "ACMAPE": 0.8702902438034514
}