{
    "DOWN": {
        "precision": 0.642369020501139,
        "recall": 0.6380090497737556,
        "f1-score": 0.6401816118047673,
        "support": 442
    },
    "UP": {
        "precision": 0.4139194139194139,
        "recall": 0.4185185185185185,
        "f1-score": 0.4162062615101289,
        "support": 270
    },
    "accuracy": 0.5547752808988764,
    "macro avg": {
        "precision": 0.5281442172102764,
        "recall": 0.5282637841461371,
        "f1-score": 0.5281939366574481,
        "support": 712
    },
    "weighted avg": {
        "precision": 0.5557378494659342,
        "recall": 0.5547752808988764,
        "f1-score": 0.5552471390806769,
        "support": 712
    }
}