{
    "R2": 0.9702828689363333,
    "RMSE": 31.485709428028947,
    "MSE": 991.3498981862709,
    "MAPE": 0.06751147067887185,
    "ACMAPE": 1.186456314803572
}