{
    "DOWN": {
        "precision": 0.6997635933806147,
        "recall": 0.4222539229671897,
        "f1-score": 0.5266903914590747,
        "support": 701
    },
    "UP": {
        "precision": 0.26229508196721313,
        "recall": 0.5313653136531366,
        "f1-score": 0.351219512195122,
        "support": 271
    },
    "accuracy": 0.45267489711934156,
    "macro avg": {
        "precision": 0.48102933767391387,
        "recall": 0.4768096183101631,
        "f1-score": 0.4389549518270983,
        "support": 972
    },
    "weighted avg": {
        "precision": 0.5777944919474544,
        "recall": 0.45267489711934156,
        "f1-score": 0.47776795495647056,
        "support": 972
    }
}