{
    "DOWN": {
        "precision": 0.7333333333333333,
        "recall": 0.17553191489361702,
        "f1-score": 0.2832618025751073,
        "support": 188
    },
    "UP": {
        "precision": 0.23267326732673269,
        "recall": 0.7966101694915254,
        "f1-score": 0.36015325670498083,
        "support": 59
    },
    "accuracy": 0.32388663967611336,
    "macro avg": {
        "precision": 0.48300330033003297,
        "recall": 0.48607104219257125,
        "f1-score": 0.32170752964004407,
        "support": 247
    },
    "weighted avg": {
        "precision": 0.6137424673641452,
        "recall": 0.32388663967611336,
        "f1-score": 0.3016285871648342,
        "support": 247
    }
}