{
    "R2": 0.8937513085631551,
    "RMSE": 42.226608126100125,
    "MSE": 1783.0864338352249,
    "MAPE": 0.03367680033905535,
    "ACMAPE": 0.8751915268467693
}