{
    "DOWN": {
        "precision": 0.7579250720461095,
        "recall": 0.502868068833652,
        "f1-score": 0.6045977011494252,
        "support": 523
    },
    "UP": {
        "precision": 0.2896174863387978,
        "recall": 0.5578947368421052,
        "f1-score": 0.381294964028777,
        "support": 190
    },
    "accuracy": 0.517531556802244,
    "macro avg": {
        "precision": 0.5237712791924536,
        "recall": 0.5303814028378786,
        "f1-score": 0.49294633258910114,
        "support": 713
    },
    "weighted avg": {
        "precision": 0.633130624241917,
        "recall": 0.517531556802244,
        "f1-score": 0.5450920629265316,
        "support": 713
    }
}