{
    "DOWN": {
        "precision": 0.672566371681416,
        "recall": 0.21748807631160572,
        "f1-score": 0.32868813070639114,
        "support": 3145
    },
    "UP": {
        "precision": 0.2793557833089312,
        "recall": 0.7412587412587412,
        "f1-score": 0.4057847724372607,
        "support": 1287
    },
    "accuracy": 0.36958483754512633,
    "macro avg": {
        "precision": 0.4759610774951736,
        "recall": 0.4793734087851735,
        "f1-score": 0.36723645157182594,
        "support": 4432
    },
    "weighted avg": {
        "precision": 0.5583827012763195,
        "recall": 0.36958483754512633,
        "f1-score": 0.3510760769851883,
        "support": 4432
    }
}