{
    "R2": 0.9922686333606134,
    "RMSE": 9.361459573027824,
    "MSE": 87.63692533743428,
    "MAPE": 0.020170305722861097,
    "ACMAPE": 0.6400929362837895
}