{
    "DOWN": {
        "precision": 0.7459016393442623,
        "recall": 0.6463068181818182,
        "f1-score": 0.6925418569254185,
        "support": 704
    },
    "UP": {
        "precision": 0.4182242990654206,
        "recall": 0.5359281437125748,
        "f1-score": 0.4698162729658793,
        "support": 334
    },
    "accuracy": 0.6107899807321773,
    "macro avg": {
        "precision": 0.5820629692048415,
        "recall": 0.5911174809471965,
        "f1-score": 0.5811790649456489,
        "support": 1038
    },
    "weighted avg": {
        "precision": 0.640464036595579,
        "recall": 0.6107899807321773,
        "f1-score": 0.6208748578478789,
        "support": 1038
    }
}