{
    "DOWN": {
        "precision": 0.7251700680272108,
        "recall": 0.7571022727272727,
        "f1-score": 0.7407922168172341,
        "support": 704
    },
    "UP": {
        "precision": 0.43564356435643564,
        "recall": 0.39520958083832336,
        "f1-score": 0.4144427001569859,
        "support": 334
    },
    "accuracy": 0.640655105973025,
    "macro avg": {
        "precision": 0.5804068161918232,
        "recall": 0.576155926782798,
        "f1-score": 0.57761745848711,
        "support": 1038
    },
    "weighted avg": {
        "precision": 0.6320083606803526,
        "recall": 0.640655105973025,
        "f1-score": 0.6357818713793507,
        "support": 1038
    }
}