{
    "R2": 0.9632425880937306,
    "RMSE": 592.7193739939518,
    "MSE": 351316.2563077821,
    "MAPE": 0.03224523954685072,
    "ACMAPE": 0.9237250601746535
}