{
    "DOWN": {
        "precision": 0.6028880866425993,
        "recall": 0.5622895622895623,
        "f1-score": 0.5818815331010453,
        "support": 594
    },
    "UP": {
        "precision": 0.30851063829787234,
        "recall": 0.34523809523809523,
        "f1-score": 0.3258426966292135,
        "support": 336
    },
    "accuracy": 0.4838709677419355,
    "macro avg": {
        "precision": 0.4556993624702358,
        "recall": 0.45376382876382876,
        "f1-score": 0.4538621148651294,
        "support": 930
    },
    "weighted avg": {
        "precision": 0.49653236336966566,
        "recall": 0.4838709677419355,
        "f1-score": 0.4893771792789642,
        "support": 930
    }
}