{
    "R2": 0.9633333991099547,
    "RMSE": 63.12354287125023,
    "MSE": 3984.581664618566,
    "MAPE": 0.08524716223875947,
    "ACMAPE": 1.0928147298063269
}