{
    "DOWN": {
        "precision": 0.6427289048473968,
        "recall": 0.6098807495741057,
        "f1-score": 0.6258741258741258,
        "support": 587
    },
    "UP": {
        "precision": 0.3691460055096419,
        "recall": 0.4024024024024024,
        "f1-score": 0.3850574712643678,
        "support": 333
    },
    "accuracy": 0.5347826086956522,
    "macro avg": {
        "precision": 0.5059374551785193,
        "recall": 0.506141575988254,
        "f1-score": 0.5054657985692468,
        "support": 920
    },
    "weighted avg": {
        "precision": 0.5437037901957963,
        "recall": 0.5347826086956522,
        "f1-score": 0.5387089671947243,
        "support": 920
    }
}