{
    "DOWN": {
        "precision": 0.7517241379310344,
        "recall": 0.4448979591836735,
        "f1-score": 0.558974358974359,
        "support": 490
    },
    "UP": {
        "precision": 0.41252699784017277,
        "recall": 0.7262357414448669,
        "f1-score": 0.5261707988980716,
        "support": 263
    },
    "accuracy": 0.5431606905710491,
    "macro avg": {
        "precision": 0.5821255678856037,
        "recall": 0.5855668503142701,
        "f1-score": 0.5425725789362152,
        "support": 753
    },
    "weighted avg": {
        "precision": 0.6332528924544121,
        "recall": 0.5431606905710491,
        "f1-score": 0.5475170730512997,
        "support": 753
    }
}