{
    "R2": -4.618207983427513,
    "RMSE": 28.738295815903303,
    "MSE": 825.8896464023653,
    "MAPE": 0.268965970526381,
    "ACMAPE": 0.8615585631189735
}