{
    "DOWN": {
        "precision": 0.6855345911949685,
        "recall": 0.8195488721804511,
        "f1-score": 0.7465753424657534,
        "support": 133
    },
    "UP": {
        "precision": 0.2,
        "recall": 0.10714285714285714,
        "f1-score": 0.13953488372093023,
        "support": 56
    },
    "accuracy": 0.6084656084656085,
    "macro avg": {
        "precision": 0.4427672955974843,
        "recall": 0.4633458646616541,
        "f1-score": 0.44305511309334183,
        "support": 189
    },
    "weighted avg": {
        "precision": 0.541672490100163,
        "recall": 0.6084656084656085,
        "f1-score": 0.5667115028376576,
        "support": 189
    }
}