{
    "R2": 0.9451337257986848,
    "RMSE": 26.02895365510072,
    "MSE": 677.5064283793812,
    "MAPE": 0.10251928647267357,
    "ACMAPE": 1.1907146731755232
}