{
    "R2": 0.9528634347687948,
    "RMSE": 11.04790456293787,
    "MSE": 122.0561952317834,
    "MAPE": 0.01813873456374664,
    "ACMAPE": 0.8703975868225989
}