{
    "DOWN": {
        "precision": 0.6746987951807228,
        "recall": 0.3446153846153846,
        "f1-score": 0.45621181262729127,
        "support": 650
    },
    "UP": {
        "precision": 0.34055727554179566,
        "recall": 0.6707317073170732,
        "f1-score": 0.4517453798767967,
        "support": 328
    },
    "accuracy": 0.4539877300613497,
    "macro avg": {
        "precision": 0.5076280353612592,
        "recall": 0.5076735459662289,
        "f1-score": 0.45397859625204395,
        "support": 978
    },
    "weighted avg": {
        "precision": 0.5626349726433321,
        "recall": 0.4539877300613497,
        "f1-score": 0.45471386790115403,
        "support": 978
    }
}