{
    "DOWN": {
        "precision": 0.9487179487179487,
        "recall": 0.04252873563218391,
        "f1-score": 0.0814081408140814,
        "support": 870
    },
    "UP": {
        "precision": 0.1231578947368421,
        "recall": 0.9831932773109243,
        "f1-score": 0.21889616463985034,
        "support": 119
    },
    "accuracy": 0.1557128412537917,
    "macro avg": {
        "precision": 0.5359379217273954,
        "recall": 0.5128610064715541,
        "f1-score": 0.15015215272696586,
        "support": 989
    },
    "weighted avg": {
        "precision": 0.8493836247303332,
        "recall": 0.1557128412537917,
        "f1-score": 0.09795118918138829,
        "support": 989
    }
}