{
    "DOWN": {
        "precision": 0.7123893805309734,
        "recall": 0.21875,
        "f1-score": 0.3347193347193347,
        "support": 736
    },
    "UP": {
        "precision": 0.3047158403869408,
        "recall": 0.7949526813880127,
        "f1-score": 0.44055944055944063,
        "support": 317
    },
    "accuracy": 0.3922127255460589,
    "macro avg": {
        "precision": 0.508552610458957,
        "recall": 0.5068513406940063,
        "f1-score": 0.38763938763938766,
        "support": 1053
    },
    "weighted avg": {
        "precision": 0.5896614486927414,
        "recall": 0.3922127255460589,
        "f1-score": 0.3665819306844948,
        "support": 1053
    }
}