{
    "DOWN": {
        "precision": 0.7009345794392523,
        "recall": 0.15690376569037656,
        "f1-score": 0.2564102564102564,
        "support": 478
    },
    "UP": {
        "precision": 0.10044642857142858,
        "recall": 0.5844155844155844,
        "f1-score": 0.17142857142857143,
        "support": 77
    },
    "accuracy": 0.21621621621621623,
    "macro avg": {
        "precision": 0.40069050400534045,
        "recall": 0.3706596750529805,
        "f1-score": 0.2139194139194139,
        "support": 555
    },
    "weighted avg": {
        "precision": 0.6176236107602929,
        "recall": 0.21621621621621623,
        "f1-score": 0.2446200046200046,
        "support": 555
    }
}