{
    "DOWN": {
        "precision": 0.7474747474747475,
        "recall": 0.5391621129326047,
        "f1-score": 0.6264550264550266,
        "support": 549
    },
    "UP": {
        "precision": 0.41299303944315546,
        "recall": 0.6402877697841727,
        "f1-score": 0.5021156558533145,
        "support": 278
    },
    "accuracy": 0.5731559854897219,
    "macro avg": {
        "precision": 0.5802338934589515,
        "recall": 0.5897249413583887,
        "f1-score": 0.5642853411541706,
        "support": 827
    },
    "weighted avg": {
        "precision": 0.6350371237349862,
        "recall": 0.5731559854897219,
        "f1-score": 0.5846577531451403,
        "support": 827
    }
}