{
    "R2": 0.9876204187182356,
    "RMSE": 7.58830174037272,
    "MSE": 57.58232330294365,
    "MAPE": 0.030363881067883135,
    "ACMAPE": 1.2083158886706393
}