{
    "DOWN": {
        "precision": 0.6709401709401709,
        "recall": 0.6652542372881356,
        "f1-score": 0.6680851063829787,
        "support": 708
    },
    "UP": {
        "precision": 0.44366197183098594,
        "recall": 0.45,
        "f1-score": 0.4468085106382979,
        "support": 420
    },
    "accuracy": 0.5851063829787234,
    "macro avg": {
        "precision": 0.5573010713855784,
        "recall": 0.5576271186440678,
        "f1-score": 0.5574468085106383,
        "support": 1128
    },
    "weighted avg": {
        "precision": 0.5863153095697298,
        "recall": 0.5851063829787234,
        "f1-score": 0.5856948845631508,
        "support": 1128
    }
}