{
    "DOWN": {
        "precision": 0.6818181818181818,
        "recall": 0.3069053708439898,
        "f1-score": 0.42328042328042326,
        "support": 391
    },
    "UP": {
        "precision": 0.4134199134199134,
        "recall": 0.7732793522267206,
        "f1-score": 0.538787023977433,
        "support": 247
    },
    "accuracy": 0.48746081504702193,
    "macro avg": {
        "precision": 0.5476190476190476,
        "recall": 0.5400923615353552,
        "f1-score": 0.48103372362892816,
        "support": 638
    },
    "weighted avg": {
        "precision": 0.577908507375592,
        "recall": 0.48746081504702193,
        "f1-score": 0.4679984959640618,
        "support": 638
    }
}