{
    "DOWN": {
        "precision": 0.6863572433192686,
        "recall": 0.5174973488865323,
        "f1-score": 0.5900846432889962,
        "support": 943
    },
    "UP": {
        "precision": 0.38179347826086957,
        "recall": 0.5575396825396826,
        "f1-score": 0.45322580645161287,
        "support": 504
    },
    "accuracy": 0.5314443676572218,
    "macro avg": {
        "precision": 0.5340753607900691,
        "recall": 0.5375185157131075,
        "f1-score": 0.5216552248703046,
        "support": 1447
    },
    "weighted avg": {
        "precision": 0.580275600202867,
        "recall": 0.5314443676572218,
        "f1-score": 0.5424157740657473,
        "support": 1447
    }
}