{
    "DOWN": {
        "precision": 0.59375,
        "recall": 0.36538461538461536,
        "f1-score": 0.45238095238095233,
        "support": 208
    },
    "UP": {
        "precision": 0.4334763948497854,
        "recall": 0.6601307189542484,
        "f1-score": 0.5233160621761658,
        "support": 153
    },
    "accuracy": 0.4903047091412742,
    "macro avg": {
        "precision": 0.5136131974248928,
        "recall": 0.5127576671694318,
        "f1-score": 0.48784850727855905,
        "support": 361
    },
    "weighted avg": {
        "precision": 0.5258224055734547,
        "recall": 0.4903047091412742,
        "f1-score": 0.4824448631805857,
        "support": 361
    }
}