{
    "DOWN": {
        "precision": 0.7439024390243902,
        "recall": 0.4765625,
        "f1-score": 0.5809523809523809,
        "support": 128
    },
    "UP": {
        "precision": 0.33663366336633666,
        "recall": 0.6181818181818182,
        "f1-score": 0.4358974358974359,
        "support": 55
    },
    "accuracy": 0.5191256830601093,
    "macro avg": {
        "precision": 0.5402680511953635,
        "recall": 0.5473721590909091,
        "f1-score": 0.5084249084249084,
        "support": 183
    },
    "weighted avg": {
        "precision": 0.6214992550834452,
        "recall": 0.5191256830601093,
        "f1-score": 0.5373566324385997,
        "support": 183
    }
}