{
    "DOWN": {
        "precision": 0.6064,
        "recall": 0.6992619926199262,
        "f1-score": 0.649528706083976,
        "support": 542
    },
    "UP": {
        "precision": 0.5090361445783133,
        "recall": 0.4072289156626506,
        "f1-score": 0.4524765729585007,
        "support": 415
    },
    "accuracy": 0.5726227795193313,
    "macro avg": {
        "precision": 0.5577180722891566,
        "recall": 0.5532454541412883,
        "f1-score": 0.5510026395212383,
        "support": 957
    },
    "weighted avg": {
        "precision": 0.5641784743991641,
        "recall": 0.5726227795193313,
        "f1-score": 0.564077676567704,
        "support": 957
    }
}