{
    "DOWN": {
        "precision": 0.691358024691358,
        "recall": 0.7,
        "f1-score": 0.6956521739130435,
        "support": 80
    },
    "UP": {
        "precision": 0.4418604651162791,
        "recall": 0.4318181818181818,
        "f1-score": 0.4367816091954023,
        "support": 44
    },
    "accuracy": 0.6048387096774194,
    "macro avg": {
        "precision": 0.5666092449038185,
        "recall": 0.5659090909090909,
        "f1-score": 0.566216891554223,
        "support": 124
    },
    "weighted avg": {
        "precision": 0.602826632584072,
        "recall": 0.6048387096774194,
        "f1-score": 0.6037948767551707,
        "support": 124
    }
}