{
    "R2": 0.9947504622705521,
    "RMSE": 8.86285929554779,
    "MSE": 78.55027489267786,
    "MAPE": 0.030888451687130825,
    "ACMAPE": 0.8145696661083832
}