{
    "R2": 0.9928008023665019,
    "RMSE": 10.498976406875425,
    "MSE": 110.22850559212682,
    "MAPE": 0.03786273189547141,
    "ACMAPE": 0.959486905644291
}