{
    "R2": 0.0,
    "RMSE": 16.85724731668867,
    "MSE": 284.16678709600734,
    "MAPE": 0.33714494633377334,
    "ACMAPE": 0.33714494633377334
}