{
    "R2": 0.9075540579683873,
    "RMSE": 43.23715043031797,
    "MSE": 1869.451177333945,
    "MAPE": 0.07723294238964987,
    "ACMAPE": 1.1176953701353147
}