{
    "R2": 0.986006085073388,
    "RMSE": 8.71974676880868,
    "MSE": 76.03398371214942,
    "MAPE": 0.04234344386883834,
    "ACMAPE": 1.465745132650503
}