{
    "DOWN": {
        "precision": 0.8809631985461154,
        "recall": 0.5263300760043431,
        "f1-score": 0.658963466440102,
        "support": 3684
    },
    "UP": {
        "precision": 0.10466906105695228,
        "recall": 0.43776824034334766,
        "f1-score": 0.168944099378882,
        "support": 466
    },
    "accuracy": 0.5163855421686747,
    "macro avg": {
        "precision": 0.49281612980153383,
        "recall": 0.4820491581738454,
        "f1-score": 0.413953782909492,
        "support": 4150
    },
    "weighted avg": {
        "precision": 0.7937937845533564,
        "recall": 0.5163855421686747,
        "f1-score": 0.6039396049821433,
        "support": 4150
    }
}