{
    "DOWN": {
        "precision": 0.8099730458221024,
        "recall": 0.7928759894459103,
        "f1-score": 0.8013333333333333,
        "support": 758
    },
    "UP": {
        "precision": 0.4529616724738676,
        "recall": 0.4797047970479705,
        "f1-score": 0.4659498207885305,
        "support": 271
    },
    "accuracy": 0.7103984450923226,
    "macro avg": {
        "precision": 0.631467359147985,
        "recall": 0.6362903932469404,
        "f1-score": 0.6336415770609319,
        "support": 1029
    },
    "weighted avg": {
        "precision": 0.7159496423455507,
        "recall": 0.7103984450923226,
        "f1-score": 0.7130058970848965,
        "support": 1029
    }
}