{
    "DOWN": {
        "precision": 0.8222222222222222,
        "recall": 0.5606060606060606,
        "f1-score": 0.6666666666666666,
        "support": 66
    },
    "UP": {
        "precision": 0.43137254901960786,
        "recall": 0.7333333333333333,
        "f1-score": 0.54320987654321,
        "support": 30
    },
    "accuracy": 0.6145833333333334,
    "macro avg": {
        "precision": 0.626797385620915,
        "recall": 0.646969696969697,
        "f1-score": 0.6049382716049383,
        "support": 96
    },
    "weighted avg": {
        "precision": 0.7000816993464052,
        "recall": 0.6145833333333334,
        "f1-score": 0.6280864197530864,
        "support": 96
    }
}