{
    "DOWN": {
        "precision": 0.8936545240893067,
        "recall": 0.43419925777904655,
        "f1-score": 0.5844380403458213,
        "support": 3503
    },
    "UP": {
        "precision": 0.11950244335850733,
        "recall": 0.5977777777777777,
        "f1-score": 0.19918548685671975,
        "support": 450
    },
    "accuracy": 0.45282064254996207,
    "macro avg": {
        "precision": 0.506578483723907,
        "recall": 0.5159885177784121,
        "f1-score": 0.3918117636012705,
        "support": 3953
    },
    "weighted avg": {
        "precision": 0.8055269156074296,
        "recall": 0.45282064254996207,
        "f1-score": 0.5405818174593817,
        "support": 3953
    }
}