{
    "R2": 0.9950270575947769,
    "RMSE": 25.485901175046227,
    "MSE": 649.5311587042227,
    "MAPE": 0.0833135406498425,
    "ACMAPE": 1.439641209937187
}