{
    "R2": 0.9661049823714467,
    "RMSE": 14.396156544782864,
    "MSE": 207.24932326189446,
    "MAPE": 0.05242886486148905,
    "ACMAPE": 1.158284720717345
}