{
    "R2": 0.9599972392755088,
    "RMSE": 36.762823672883805,
    "MSE": 1351.505204403546,
    "MAPE": 0.0364993450273483,
    "ACMAPE": 0.8131052894185276
}