{
    "DOWN": {
        "precision": 0.7105263157894737,
        "recall": 0.39705882352941174,
        "f1-score": 0.5094339622641509,
        "support": 748
    },
    "UP": {
        "precision": 0.3463768115942029,
        "recall": 0.6638888888888889,
        "f1-score": 0.4552380952380953,
        "support": 360
    },
    "accuracy": 0.48375451263537905,
    "macro avg": {
        "precision": 0.5284515636918383,
        "recall": 0.5304738562091503,
        "f1-score": 0.48233602875112314,
        "support": 1108
    },
    "weighted avg": {
        "precision": 0.5922105924047286,
        "recall": 0.48375451263537905,
        "f1-score": 0.4918251968044216,
        "support": 1108
    }
}