{
    "DOWN": {
        "precision": 0.7206053550640279,
        "recall": 0.8028534370946823,
        "f1-score": 0.7595092024539878,
        "support": 771
    },
    "UP": {
        "precision": 0.41312741312741313,
        "recall": 0.30835734870317005,
        "f1-score": 0.3531353135313532,
        "support": 347
    },
    "accuracy": 0.6493738819320215,
    "macro avg": {
        "precision": 0.5668663840957205,
        "recall": 0.5556053928989262,
        "f1-score": 0.5563222579926705,
        "support": 1118
    },
    "weighted avg": {
        "precision": 0.6251716825667064,
        "recall": 0.6493738819320215,
        "f1-score": 0.6333806340674455,
        "support": 1118
    }
}