{
    "R2": 0.8910754609406251,
    "RMSE": 4.3367961837397955,
    "MSE": 18.807801139300054,
    "MAPE": 0.03388880376508836,
    "ACMAPE": 0.7369299486666985
}