{
    "DOWN": {
        "precision": 0.69,
        "recall": 0.8949416342412452,
        "f1-score": 0.7792207792207794,
        "support": 771
    },
    "UP": {
        "precision": 0.3135593220338983,
        "recall": 0.10662824207492795,
        "f1-score": 0.15913978494623657,
        "support": 347
    },
    "accuracy": 0.6502683363148479,
    "macro avg": {
        "precision": 0.5017796610169492,
        "recall": 0.5007849381580866,
        "f1-score": 0.469180282083508,
        "support": 1118
    },
    "weighted avg": {
        "precision": 0.5731619720445106,
        "recall": 0.6502683363148479,
        "f1-score": 0.5867627246471958,
        "support": 1118
    }
}