{
    "R2": 0.9608576601216089,
    "RMSE": 63.17702743761529,
    "MSE": 3991.336795853195,
    "MAPE": 0.01953928491861336,
    "ACMAPE": 0.859817062696391
}