{
    "DOWN": {
        "precision": 0.6178660049627791,
        "recall": 0.4680451127819549,
        "f1-score": 0.532620320855615,
        "support": 532
    },
    "UP": {
        "precision": 0.4418145956607495,
        "recall": 0.5925925925925926,
        "f1-score": 0.5062146892655366,
        "support": 378
    },
    "accuracy": 0.5197802197802198,
    "macro avg": {
        "precision": 0.5298403003117643,
        "recall": 0.5303188526872737,
        "f1-score": 0.5194175050605758,
        "support": 910
    },
    "weighted avg": {
        "precision": 0.544736958021936,
        "recall": 0.5197802197802198,
        "f1-score": 0.5216518277335823,
        "support": 910
    }
}