{
    "R2": 0.45676314413399866,
    "RMSE": 46.01031488542038,
    "MSE": 2116.949075855536,
    "MAPE": 0.008535537425980412,
    "ACMAPE": 1.043829655073039
}