{
    "DOWN": {
        "precision": 0.856,
        "recall": 0.428,
        "f1-score": 0.5706666666666667,
        "support": 250
    },
    "UP": {
        "precision": 0.3317757009345794,
        "recall": 0.797752808988764,
        "f1-score": 0.46864686468646866,
        "support": 89
    },
    "accuracy": 0.5250737463126843,
    "macro avg": {
        "precision": 0.5938878504672898,
        "recall": 0.612876404494382,
        "f1-score": 0.5196567656765676,
        "support": 339
    },
    "weighted avg": {
        "precision": 0.7183717916907894,
        "recall": 0.5250737463126843,
        "f1-score": 0.5438827068547563,
        "support": 339
    }
}