{
    "R2": 0.41268783745211357,
    "RMSE": 47.84043163346713,
    "MSE": 2288.706898876442,
    "MAPE": 0.008573412660468455,
    "ACMAPE": 1.0909263538369391
}