{
    "R2": 0.9924747557624091,
    "RMSE": 269.40486215040494,
    "MSE": 72578.9797502787,
    "MAPE": 0.035371301857082635,
    "ACMAPE": 1.0971690546660715
}