{
    "R2": 0.9910723065360568,
    "RMSE": 184.1285255092244,
    "MSE": 33903.3139062011,
    "MAPE": 0.035868727236396385,
    "ACMAPE": 0.8754591709224032
}