{
    "R2": 0.9866947289177734,
    "RMSE": 6.273860157537677,
    "MSE": 39.361321276338685,
    "MAPE": 0.0291530218229522,
    "ACMAPE": 1.169087015222292
}