{
    "R2": 0.9354507919345036,
    "RMSE": 6.265684018722382,
    "MSE": 39.25879622247306,
    "MAPE": 0.030001485181187455,
    "ACMAPE": 1.1878962220232927
}