{
    "R2": 0.2812566164097541,
    "RMSE": 2.7714592841798855,
    "MSE": 7.680986563866884,
    "MAPE": 0.046046603969704544,
    "ACMAPE": 0.31241229245728924
}