{
    "R2": 0.9153069533864086,
    "RMSE": 7.943353531522264,
    "MSE": 63.09686532674722,
    "MAPE": 0.02674860133384443,
    "ACMAPE": 0.9207156945696763
}