{
    "R2": 0.8741987645177766,
    "RMSE": 9.701524110201154,
    "MSE": 94.1195700608143,
    "MAPE": 0.03341345615473151,
    "ACMAPE": 0.8046311683318532
}