{
    "R2": 0.9887545792801594,
    "RMSE": 28.065744896104835,
    "MSE": 787.6860365732347,
    "MAPE": 0.17915949667091732,
    "ACMAPE": 1.537087666717338
}