{
    "R2": 0.973354034585725,
    "RMSE": 149.69834701011385,
    "MSE": 22409.59509756046,
    "MAPE": 0.029069137911711097,
    "ACMAPE": 0.9024744372247632
}