{
    "DOWN": {
        "precision": 0.6908809891808346,
        "recall": 0.5967957276368492,
        "f1-score": 0.6404011461318052,
        "support": 2247
    },
    "UP": {
        "precision": 0.34156976744186046,
        "recall": 0.4392523364485981,
        "f1-score": 0.3843008994276369,
        "support": 1070
    },
    "accuracy": 0.5459752788664456,
    "macro avg": {
        "precision": 0.5162253783113475,
        "recall": 0.5180240320427236,
        "f1-score": 0.512351022779721,
        "support": 3317
    },
    "weighted avg": {
        "precision": 0.5781999499101977,
        "recall": 0.5459752788664456,
        "f1-score": 0.557788163324009,
        "support": 3317
    }
}