{
    "DOWN": {
        "precision": 0.6716417910447762,
        "recall": 0.44291338582677164,
        "f1-score": 0.5338078291814946,
        "support": 508
    },
    "UP": {
        "precision": 0.43737574552683894,
        "recall": 0.6666666666666666,
        "f1-score": 0.5282112845138055,
        "support": 330
    },
    "accuracy": 0.5310262529832935,
    "macro avg": {
        "precision": 0.5545087682858075,
        "recall": 0.5547900262467191,
        "f1-score": 0.53100955684765,
        "support": 838
    },
    "weighted avg": {
        "precision": 0.5793890523563283,
        "recall": 0.5310262529832935,
        "f1-score": 0.5316039392765574,
        "support": 838
    }
}