{
    "R2": 0.9948099823492068,
    "RMSE": 1.9922835088706727,
    "MSE": 3.9691935797180395,
    "MAPE": 0.014939864570802716,
    "ACMAPE": 0.8018927960324047
}