{
    "DOWN": {
        "precision": 0.616060225846926,
        "recall": 0.5419426048565121,
        "f1-score": 0.5766294773928361,
        "support": 906
    },
    "UP": {
        "precision": 0.4652061855670103,
        "recall": 0.5412293853073463,
        "f1-score": 0.5003465003465004,
        "support": 667
    },
    "accuracy": 0.5416401780038144,
    "macro avg": {
        "precision": 0.5406332057069682,
        "recall": 0.5415859950819293,
        "f1-score": 0.5384879888696683,
        "support": 1573
    },
    "weighted avg": {
        "precision": 0.5520935094663133,
        "recall": 0.5416401780038144,
        "f1-score": 0.5442831673547522,
        "support": 1573
    }
}