{
    "R2": 0.0,
    "RMSE": 13.502528937212437,
    "MSE": 182.31828770025925,
    "MAPE": 0.2671703717567573,
    "ACMAPE": 2.267170371756757
}