{
    "DOWN": {
        "precision": 0.8196642685851319,
        "recall": 0.4800561797752809,
        "f1-score": 0.6054915854738707,
        "support": 3560
    },
    "UP": {
        "precision": 0.22292191435768263,
        "recall": 0.5854465270121278,
        "f1-score": 0.3228944968075403,
        "support": 907
    },
    "accuracy": 0.5014551152899037,
    "macro avg": {
        "precision": 0.5212930914714072,
        "recall": 0.5327513533937044,
        "f1-score": 0.4641930411407055,
        "support": 4467
    },
    "weighted avg": {
        "precision": 0.6984989864529858,
        "recall": 0.5014551152899037,
        "f1-score": 0.5481117870811325,
        "support": 4467
    }
}