{
    "R2": 0.9985236145390103,
    "RMSE": 338.87717809857565,
    "MSE": 114837.74183605377,
    "MAPE": 0.015613984484252379,
    "ACMAPE": 1.4278588824434362
}