{
    "R2": 0.9941317789725157,
    "RMSE": 15.275558492994964,
    "MSE": 233.34268727291058,
    "MAPE": 0.030798285047452578,
    "ACMAPE": 0.9476614925946225
}