{
    "DOWN": {
        "precision": 0.6137339055793991,
        "recall": 0.9862068965517241,
        "f1-score": 0.7566137566137566,
        "support": 290
    },
    "UP": {
        "precision": 0.7142857142857143,
        "recall": 0.05263157894736842,
        "f1-score": 0.0980392156862745,
        "support": 190
    },
    "accuracy": 0.6166666666666667,
    "macro avg": {
        "precision": 0.6640098099325566,
        "recall": 0.5194192377495462,
        "f1-score": 0.42732648615001556,
        "support": 480
    },
    "weighted avg": {
        "precision": 0.6535356631923155,
        "recall": 0.6166666666666667,
        "f1-score": 0.49592800082996163,
        "support": 480
    }
}