{
    "DOWN": {
        "precision": 0.6653386454183267,
        "recall": 0.33601609657947684,
        "f1-score": 0.44652406417112295,
        "support": 497
    },
    "UP": {
        "precision": 0.3726235741444867,
        "recall": 0.7,
        "f1-score": 0.4863523573200992,
        "support": 280
    },
    "accuracy": 0.4671814671814672,
    "macro avg": {
        "precision": 0.5189811097814067,
        "recall": 0.5180080482897385,
        "f1-score": 0.4664382107456111,
        "support": 777
    },
    "weighted avg": {
        "precision": 0.5598557368511772,
        "recall": 0.4671814671814672,
        "f1-score": 0.4608766022428261,
        "support": 777
    }
}