{
    "DOWN": {
        "precision": 0.6533333333333333,
        "recall": 0.20275862068965517,
        "f1-score": 0.3094736842105263,
        "support": 725
    },
    "UP": {
        "precision": 0.3556298773690078,
        "recall": 0.8035264483627204,
        "f1-score": 0.49304482225656876,
        "support": 397
    },
    "accuracy": 0.41532976827094475,
    "macro avg": {
        "precision": 0.5044816053511706,
        "recall": 0.5031425345261877,
        "f1-score": 0.4012592532335475,
        "support": 1122
    },
    "weighted avg": {
        "precision": 0.5479961924974712,
        "recall": 0.41532976827094475,
        "f1-score": 0.374427108278511,
        "support": 1122
    }
}