{
    "DOWN": {
        "precision": 0.6776859504132231,
        "recall": 0.11310344827586206,
        "f1-score": 0.1938534278959811,
        "support": 725
    },
    "UP": {
        "precision": 0.35764235764235763,
        "recall": 0.9017632241813602,
        "f1-score": 0.5121602288984263,
        "support": 397
    },
    "accuracy": 0.39215686274509803,
    "macro avg": {
        "precision": 0.5176641540277904,
        "recall": 0.5074333362286112,
        "f1-score": 0.35300682839720365,
        "support": 1122
    },
    "weighted avg": {
        "precision": 0.5644441444149757,
        "recall": 0.39215686274509803,
        "f1-score": 0.30648070062144517,
        "support": 1122
    }
}