{
    "DOWN": {
        "precision": 0.6722306525037937,
        "recall": 0.6815384615384615,
        "f1-score": 0.6768525592055005,
        "support": 650
    },
    "UP": {
        "precision": 0.43131868131868134,
        "recall": 0.42091152815013405,
        "f1-score": 0.4260515603799186,
        "support": 373
    },
    "accuracy": 0.5865102639296188,
    "macro avg": {
        "precision": 0.5517746669112376,
        "recall": 0.5512249948442978,
        "f1-score": 0.5514520597927095,
        "support": 1023
    },
    "weighted avg": {
        "precision": 0.5843908037725649,
        "recall": 0.5865102639296188,
        "f1-score": 0.5854070337295063,
        "support": 1023
    }
}