{
    "R2": 0.9927059258936385,
    "RMSE": 183.22062863574925,
    "MSE": 33569.79875767914,
    "MAPE": 0.10077583511657522,
    "ACMAPE": 1.2732123666035517
}