{
    "R2": 0.9921239044277855,
    "RMSE": 190.20872524819617,
    "MSE": 36179.35916054378,
    "MAPE": 0.07095051369817228,
    "ACMAPE": 1.0616728463688152
}