{
    "DOWN": {
        "precision": 0.7425149700598802,
        "recall": 0.34065934065934067,
        "f1-score": 0.46704331450094166,
        "support": 364
    },
    "UP": {
        "precision": 0.33884297520661155,
        "recall": 0.7409638554216867,
        "f1-score": 0.4650283553875237,
        "support": 166
    },
    "accuracy": 0.4660377358490566,
    "macro avg": {
        "precision": 0.5406789726332459,
        "recall": 0.5408115980405137,
        "f1-score": 0.4660358349442327,
        "support": 530
    },
    "weighted avg": {
        "precision": 0.6160818546907432,
        "recall": 0.4660377358490566,
        "f1-score": 0.46641221409938055,
        "support": 530
    }
}