{
    "R2": 0.40270222350890295,
    "RMSE": 147.39941111507193,
    "MSE": 21726.586397069994,
    "MAPE": 0.1757451494474341,
    "ACMAPE": 0.9806660633314411
}