{
    "DOWN": {
        "precision": 0.8,
        "recall": 0.35555555555555557,
        "f1-score": 0.4923076923076923,
        "support": 45
    },
    "UP": {
        "precision": 0.35555555555555557,
        "recall": 0.8,
        "f1-score": 0.4923076923076923,
        "support": 20
    },
    "accuracy": 0.49230769230769234,
    "macro avg": {
        "precision": 0.5777777777777778,
        "recall": 0.5777777777777778,
        "f1-score": 0.4923076923076923,
        "support": 65
    },
    "weighted avg": {
        "precision": 0.6632478632478633,
        "recall": 0.49230769230769234,
        "f1-score": 0.49230769230769234,
        "support": 65
    }
}