{
    "R2": 0.9182687559101985,
    "RMSE": 114.86413241946038,
    "MSE": 13193.768916475326,
    "MAPE": 0.042529262167388546,
    "ACMAPE": 1.2609200667650897
}