{
    "R2": -2.8769567630979744,
    "RMSE": 38.855607475143735,
    "MSE": 1509.7582322624457,
    "MAPE": 0.47429335215554286,
    "ACMAPE": 0.9175923212277077
}