{
    "DOWN": {
        "precision": 0.6790123456790124,
        "recall": 0.2943800178412132,
        "f1-score": 0.4107031736154325,
        "support": 1121
    },
    "UP": {
        "precision": 0.14393939393939395,
        "recall": 0.4602076124567474,
        "f1-score": 0.21929101401483925,
        "support": 289
    },
    "accuracy": 0.3283687943262411,
    "macro avg": {
        "precision": 0.41147586980920314,
        "recall": 0.3772938151489803,
        "f1-score": 0.31499709381513585,
        "support": 1410
    },
    "weighted avg": {
        "precision": 0.5693413647905374,
        "recall": 0.3283687943262411,
        "f1-score": 0.3714704685625449,
        "support": 1410
    }
}