{
    "R2": 0.0,
    "RMSE": 3.1120739591005986,
    "MSE": 9.685004326912075,
    "MAPE": 0.012754401471723768,
    "ACMAPE": 2.0127544014717236
}