{
    "R2": 0.984239805992468,
    "RMSE": 8.14009126640817,
    "MSE": 66.26108582545456,
    "MAPE": 0.016095186872343695,
    "ACMAPE": 1.38096973884367
}