{
    "DOWN": {
        "precision": 0.6986531986531986,
        "recall": 0.5878186968838527,
        "f1-score": 0.6384615384615384,
        "support": 706
    },
    "UP": {
        "precision": 0.39501039501039503,
        "recall": 0.5149051490514905,
        "f1-score": 0.4470588235294118,
        "support": 369
    },
    "accuracy": 0.5627906976744186,
    "macro avg": {
        "precision": 0.5468317968317968,
        "recall": 0.5513619229676716,
        "f1-score": 0.5427601809954751,
        "support": 1075
    },
    "weighted avg": {
        "precision": 0.5944260409376689,
        "recall": 0.5627906976744186,
        "f1-score": 0.5727614437546038,
        "support": 1075
    }
}