{
    "DOWN": {
        "precision": 0.8793103448275862,
        "recall": 0.6355140186915887,
        "f1-score": 0.7377938517179022,
        "support": 1605
    },
    "UP": {
        "precision": 0.3507214206437292,
        "recall": 0.6929824561403509,
        "f1-score": 0.4657332350773766,
        "support": 456
    },
    "accuracy": 0.6482290150412421,
    "macro avg": {
        "precision": 0.6150158827356577,
        "recall": 0.6642482374159698,
        "f1-score": 0.6017635433976394,
        "support": 2061
    },
    "weighted avg": {
        "precision": 0.7623590835816674,
        "recall": 0.6482290150412421,
        "f1-score": 0.6775999452705078,
        "support": 2061
    }
}