{
    "DOWN": {
        "precision": 0.6744186046511628,
        "recall": 0.8169014084507042,
        "f1-score": 0.7388535031847132,
        "support": 142
    },
    "UP": {
        "precision": 0.38095238095238093,
        "recall": 0.2222222222222222,
        "f1-score": 0.2807017543859649,
        "support": 72
    },
    "accuracy": 0.616822429906542,
    "macro avg": {
        "precision": 0.5276854928017718,
        "recall": 0.5195618153364632,
        "f1-score": 0.509777628785339,
        "support": 214
    },
    "weighted avg": {
        "precision": 0.5756823050889558,
        "recall": 0.616822429906542,
        "f1-score": 0.584708989570181,
        "support": 214
    }
}