{
    "DOWN": {
        "precision": 0.8620689655172413,
        "recall": 0.13227513227513227,
        "f1-score": 0.22935779816513757,
        "support": 189
    },
    "UP": {
        "precision": 0.05202312138728324,
        "recall": 0.6923076923076923,
        "f1-score": 0.0967741935483871,
        "support": 13
    },
    "accuracy": 0.16831683168316833,
    "macro avg": {
        "precision": 0.4570460434522623,
        "recall": 0.4122914122914123,
        "f1-score": 0.16306599585676235,
        "support": 202
    },
    "weighted avg": {
        "precision": 0.8099373022811548,
        "recall": 0.16831683168316833,
        "f1-score": 0.22082518994722788,
        "support": 202
    }
}