{
    "R2": 0.8724390223994851,
    "RMSE": 1.7506962124081002,
    "MSE": 3.064937228140068,
    "MAPE": 0.029566736874228037,
    "ACMAPE": 1.672078814168914
}