{
    "DOWN": {
        "precision": 0.72,
        "recall": 0.4954128440366973,
        "f1-score": 0.5869565217391305,
        "support": 109
    },
    "UP": {
        "precision": 0.42105263157894735,
        "recall": 0.6557377049180327,
        "f1-score": 0.5128205128205128,
        "support": 61
    },
    "accuracy": 0.5529411764705883,
    "macro avg": {
        "precision": 0.5705263157894737,
        "recall": 0.575575274477365,
        "f1-score": 0.5498885172798216,
        "support": 170
    },
    "weighted avg": {
        "precision": 0.6127306501547988,
        "recall": 0.5529411764705883,
        "f1-score": 0.56035477736245,
        "support": 170
    }
}