{
    "R2": -11.343403037936334,
    "RMSE": 3.5391126374410313,
    "MSE": 12.525318260494812,
    "MAPE": 0.05842771253942887,
    "ACMAPE": 2.0512205053322217
}