{
    "R2": 0.9106607535867659,
    "RMSE": 818.2106669072525,
    "MSE": 669468.695440811,
    "MAPE": 0.13332765083420148,
    "ACMAPE": 1.182655005094291
}