{
    "DOWN": {
        "precision": 0.5987654320987654,
        "recall": 0.2921686746987952,
        "f1-score": 0.39271255060728744,
        "support": 664
    },
    "UP": {
        "precision": 0.3657219973009447,
        "recall": 0.6758104738154613,
        "f1-score": 0.47460595446584936,
        "support": 401
    },
    "accuracy": 0.43661971830985913,
    "macro avg": {
        "precision": 0.48224371469985505,
        "recall": 0.4839895742571283,
        "f1-score": 0.4336592525365684,
        "support": 1065
    },
    "weighted avg": {
        "precision": 0.5110185613439052,
        "recall": 0.43661971830985913,
        "f1-score": 0.4235475317784455,
        "support": 1065
    }
}