{
    "DOWN": {
        "precision": 0.6351039260969977,
        "recall": 0.4141566265060241,
        "f1-score": 0.5013673655423883,
        "support": 664
    },
    "UP": {
        "precision": 0.38449367088607594,
        "recall": 0.6059850374064838,
        "f1-score": 0.4704743465634076,
        "support": 401
    },
    "accuracy": 0.4863849765258216,
    "macro avg": {
        "precision": 0.5097987984915369,
        "recall": 0.5100708319562539,
        "f1-score": 0.4859208560528979,
        "support": 1065
    },
    "weighted avg": {
        "precision": 0.5407426938532609,
        "recall": 0.4863849765258216,
        "f1-score": 0.4897353461897392,
        "support": 1065
    }
}