{
    "DOWN": {
        "precision": 0.7467455621301775,
        "recall": 0.609073359073359,
        "f1-score": 0.6709197235513025,
        "support": 1036
    },
    "UP": {
        "precision": 0.10792951541850221,
        "recall": 0.18631178707224336,
        "f1-score": 0.1366806136680614,
        "support": 263
    },
    "accuracy": 0.5234795996920708,
    "macro avg": {
        "precision": 0.4273375387743399,
        "recall": 0.3976925730728012,
        "f1-score": 0.40380016860968193,
        "support": 1299
    },
    "weighted avg": {
        "precision": 0.6174086719953272,
        "recall": 0.5234795996920708,
        "f1-score": 0.5627558391022706,
        "support": 1299
    }
}