{
    "DOWN": {
        "precision": 0.5714285714285714,
        "recall": 0.020942408376963352,
        "f1-score": 0.0404040404040404,
        "support": 191
    },
    "UP": {
        "precision": 0.2637795275590551,
        "recall": 0.9571428571428572,
        "f1-score": 0.41358024691358014,
        "support": 70
    },
    "accuracy": 0.2720306513409962,
    "macro avg": {
        "precision": 0.41760404949381325,
        "recall": 0.4890426327599103,
        "f1-score": 0.22699214365881026,
        "support": 261
    },
    "weighted avg": {
        "precision": 0.4889173336091609,
        "recall": 0.2720306513409962,
        "f1-score": 0.14048961303112004,
        "support": 261
    }
}