{
    "R2": -19.658719948691253,
    "RMSE": 171.283814440686,
    "MSE": 29338.14508935135,
    "MAPE": 1.1130718929069652,
    "ACMAPE": 2.5766734254740147
}