{
    "DOWN": {
        "precision": 0.6153846153846154,
        "recall": 0.3516483516483517,
        "f1-score": 0.4475524475524476,
        "support": 91
    },
    "UP": {
        "precision": 0.2625,
        "recall": 0.5121951219512195,
        "f1-score": 0.34710743801652894,
        "support": 41
    },
    "accuracy": 0.4015151515151515,
    "macro avg": {
        "precision": 0.4389423076923077,
        "recall": 0.4319217367997856,
        "f1-score": 0.3973299427844883,
        "support": 132
    },
    "weighted avg": {
        "precision": 0.5057765151515152,
        "recall": 0.4015151515151515,
        "f1-score": 0.41635361883295774,
        "support": 132
    }
}