{
    "R2": 0.9844845728798427,
    "RMSE": 20.33991545702111,
    "MSE": 413.71216079876626,
    "MAPE": 0.05905684207571999,
    "ACMAPE": 1.1995956281841262
}