{
    "DOWN": {
        "precision": 0.8758782201405152,
        "recall": 0.4496993987975952,
        "f1-score": 0.5942796610169492,
        "support": 2495
    },
    "UP": {
        "precision": 0.15611555009219422,
        "recall": 0.6150121065375302,
        "f1-score": 0.24901960784313726,
        "support": 413
    },
    "accuracy": 0.4731774415405777,
    "macro avg": {
        "precision": 0.5159968851163547,
        "recall": 0.5323557526675627,
        "f1-score": 0.4216496344300432,
        "support": 2908
    },
    "weighted avg": {
        "precision": 0.7736560802746429,
        "recall": 0.4731774415405777,
        "f1-score": 0.5452451348956341,
        "support": 2908
    }
}