{
    "DOWN": {
        "precision": 0.9074074074074074,
        "recall": 0.4195205479452055,
        "f1-score": 0.5737704918032787,
        "support": 584
    },
    "UP": {
        "precision": 0.26143790849673204,
        "recall": 0.8275862068965517,
        "f1-score": 0.3973509933774834,
        "support": 145
    },
    "accuracy": 0.5006858710562414,
    "macro avg": {
        "precision": 0.5844226579520697,
        "recall": 0.6235533774208786,
        "f1-score": 0.48556074259038107,
        "support": 729
    },
    "weighted avg": {
        "precision": 0.7789223904773006,
        "recall": 0.5006858710562414,
        "f1-score": 0.5386801937624827,
        "support": 729
    }
}