{
    "R2": 0.5897981879355472,
    "RMSE": 9.656532333807528,
    "MSE": 93.24861671387025,
    "MAPE": 0.015497689131067385,
    "ACMAPE": 0.9064067800401583
}