{
    "R2": 0.9346615595671885,
    "RMSE": 17.892540969673963,
    "MSE": 320.14302235146124,
    "MAPE": 0.033367518372896025,
    "ACMAPE": 0.9382399081640792
}