{
    "R2": 0.9959153045855242,
    "RMSE": 4.404839996390569,
    "MSE": 19.402615393802073,
    "MAPE": 0.02511350986396557,
    "ACMAPE": 0.8816256511443187
}