{
    "DOWN": {
        "precision": 0.7672849915682968,
        "recall": 0.6691176470588235,
        "f1-score": 0.7148468185388845,
        "support": 1360
    },
    "UP": {
        "precision": 0.2868462757527734,
        "recall": 0.39606126914660833,
        "f1-score": 0.3327205882352941,
        "support": 457
    },
    "accuracy": 0.600440286186021,
    "macro avg": {
        "precision": 0.527065633660535,
        "recall": 0.532589458102716,
        "f1-score": 0.5237837033870893,
        "support": 1817
    },
    "weighted avg": {
        "precision": 0.6464481764182174,
        "recall": 0.600440286186021,
        "f1-score": 0.6187369191174531,
        "support": 1817
    }
}