{
    "DOWN": {
        "precision": 0.7333333333333333,
        "recall": 0.7107692307692308,
        "f1-score": 0.721875,
        "support": 325
    },
    "UP": {
        "precision": 0.4502923976608187,
        "recall": 0.4782608695652174,
        "f1-score": 0.4638554216867469,
        "support": 161
    },
    "accuracy": 0.6337448559670782,
    "macro avg": {
        "precision": 0.591812865497076,
        "recall": 0.5945150501672241,
        "f1-score": 0.5928652108433735,
        "support": 486
    },
    "weighted avg": {
        "precision": 0.6395687435323562,
        "recall": 0.6337448559670782,
        "f1-score": 0.6363993783777084,
        "support": 486
    }
}