{
    "R2": 0.9904852361290035,
    "RMSE": 5.693936552950396,
    "MSE": 32.42091346902463,
    "MAPE": 0.02164378002002961,
    "ACMAPE": 1.0175412159174655
}