{
    "DOWN": {
        "precision": 0.9716583684412102,
        "recall": 0.6498463114754098,
        "f1-score": 0.7788181120491173,
        "support": 3904
    },
    "UP": {
        "precision": 0.1077023498694517,
        "recall": 0.6903765690376569,
        "f1-score": 0.1863354037267081,
        "support": 239
    },
    "accuracy": 0.6521844074342265,
    "macro avg": {
        "precision": 0.539680359155331,
        "recall": 0.6701114402565334,
        "f1-score": 0.4825767578879127,
        "support": 4143
    },
    "weighted avg": {
        "precision": 0.9218187622527839,
        "recall": 0.6521844074342265,
        "f1-score": 0.7446391674946746,
        "support": 4143
    }
}