{
    "DOWN": {
        "precision": 0.763681592039801,
        "recall": 0.492776886035313,
        "f1-score": 0.5990243902439024,
        "support": 623
    },
    "UP": {
        "precision": 0.30242825607064017,
        "recall": 0.5905172413793104,
        "f1-score": 0.39999999999999997,
        "support": 232
    },
    "accuracy": 0.519298245614035,
    "macro avg": {
        "precision": 0.5330549240552206,
        "recall": 0.5416470637073116,
        "f1-score": 0.4995121951219512,
        "support": 855
    },
    "weighted avg": {
        "precision": 0.6385227921043094,
        "recall": 0.519298245614035,
        "f1-score": 0.5450201112537442,
        "support": 855
    }
}