{
    "DOWN": {
        "precision": 0.7069351230425056,
        "recall": 0.6208251473477406,
        "f1-score": 0.6610878661087867,
        "support": 509
    },
    "UP": {
        "precision": 0.47411444141689374,
        "recall": 0.5704918032786885,
        "f1-score": 0.5178571428571428,
        "support": 305
    },
    "accuracy": 0.601965601965602,
    "macro avg": {
        "precision": 0.5905247822296997,
        "recall": 0.5956584753132146,
        "f1-score": 0.5894725044829647,
        "support": 814
    },
    "weighted avg": {
        "precision": 0.6196988725562506,
        "recall": 0.601965601965602,
        "f1-score": 0.6074203346692887,
        "support": 814
    }
}