{
    "DOWN": {
        "precision": 0.66723259762309,
        "recall": 0.6432078559738135,
        "f1-score": 0.655,
        "support": 611
    },
    "UP": {
        "precision": 0.3588235294117647,
        "recall": 0.3836477987421384,
        "f1-score": 0.37082066869300917,
        "support": 318
    },
    "accuracy": 0.5543595263724435,
    "macro avg": {
        "precision": 0.5130280635174274,
        "recall": 0.513427827357976,
        "f1-score": 0.5129103343465046,
        "support": 929
    },
    "weighted avg": {
        "precision": 0.561663078041603,
        "recall": 0.5543595263724436,
        "f1-score": 0.5577244054298998,
        "support": 929
    }
}