{
    "DOWN": {
        "precision": 0.6666666666666666,
        "recall": 0.4825291181364393,
        "f1-score": 0.55984555984556,
        "support": 601
    },
    "UP": {
        "precision": 0.35073068893528186,
        "recall": 0.536741214057508,
        "f1-score": 0.42424242424242425,
        "support": 313
    },
    "accuracy": 0.5010940919037199,
    "macro avg": {
        "precision": 0.5086986778009742,
        "recall": 0.5096351660969736,
        "f1-score": 0.4920439920439921,
        "support": 914
    },
    "weighted avg": {
        "precision": 0.5584741491284572,
        "recall": 0.5010940919037199,
        "f1-score": 0.5134081622046612,
        "support": 914
    }
}