{
    "R2": 0.9841907345274807,
    "RMSE": 54.07443933145735,
    "MSE": 2924.0449890114614,
    "MAPE": 0.08067391144591649,
    "ACMAPE": 1.0838284855784086
}