{
    "R2": 0.9871325423091751,
    "RMSE": 48.807874254359454,
    "MSE": 2382.2085892293644,
    "MAPE": 0.054093602271759834,
    "ACMAPE": 1.2110420959549473
}