{
    "R2": 0.9834706801401352,
    "RMSE": 36.957412315885854,
    "MSE": 1365.8503250863912,
    "MAPE": 0.10782004208696366,
    "ACMAPE": 2.0556254987892175
}