{
    "DOWN": {
        "precision": 0.8646288209606987,
        "recall": 0.41993637327677624,
        "f1-score": 0.5653104925053534,
        "support": 943
    },
    "UP": {
        "precision": 0.25578231292517006,
        "recall": 0.752,
        "f1-score": 0.38172588832487314,
        "support": 250
    },
    "accuracy": 0.4895222129086337,
    "macro avg": {
        "precision": 0.5602055669429344,
        "recall": 0.5859681866383881,
        "f1-score": 0.4735181904151132,
        "support": 1193
    },
    "weighted avg": {
        "precision": 0.7370415393103364,
        "recall": 0.4895222129086337,
        "f1-score": 0.5268392845882368,
        "support": 1193
    }
}