{
    "R2": 0.8999356109956886,
    "RMSE": 52.83141573374219,
    "MSE": 2791.158488431502,
    "MAPE": 0.03637517422285318,
    "ACMAPE": 0.8470064034587336
}