{
    "DOWN": {
        "precision": 0.6412556053811659,
        "recall": 0.4281437125748503,
        "f1-score": 0.5134649910233393,
        "support": 334
    },
    "UP": {
        "precision": 0.3612040133779264,
        "recall": 0.574468085106383,
        "f1-score": 0.44353182751540043,
        "support": 188
    },
    "accuracy": 0.48084291187739464,
    "macro avg": {
        "precision": 0.5012298093795462,
        "recall": 0.5013058988406167,
        "f1-score": 0.4784984092693699,
        "support": 522
    },
    "weighted avg": {
        "precision": 0.5403941124757846,
        "recall": 0.48084291187739464,
        "f1-score": 0.48827833443427315,
        "support": 522
    }
}