{
    "DOWN": {
        "precision": 0.7138157894736842,
        "recall": 0.4,
        "f1-score": 0.5126993502658004,
        "support": 1085
    },
    "UP": {
        "precision": 0.30448717948717946,
        "recall": 0.6209150326797386,
        "f1-score": 0.4086021505376344,
        "support": 459
    },
    "accuracy": 0.46567357512953367,
    "macro avg": {
        "precision": 0.5091514844804318,
        "recall": 0.5104575163398692,
        "f1-score": 0.4606507504017174,
        "support": 1544
    },
    "weighted avg": {
        "precision": 0.5921306651318411,
        "recall": 0.46567357512953367,
        "f1-score": 0.48175335630516036,
        "support": 1544
    }
}