{
    "DOWN": {
        "precision": 0.7310704960835509,
        "recall": 0.6787878787878788,
        "f1-score": 0.7039597737272156,
        "support": 825
    },
    "UP": {
        "precision": 0.43736730360934184,
        "recall": 0.5,
        "f1-score": 0.4665911664779162,
        "support": 412
    },
    "accuracy": 0.6192400970088925,
    "macro avg": {
        "precision": 0.5842188998464464,
        "recall": 0.5893939393939394,
        "f1-score": 0.585275470102566,
        "support": 1237
    },
    "weighted avg": {
        "precision": 0.633248575873871,
        "recall": 0.6192400970088925,
        "f1-score": 0.6249008681599469,
        "support": 1237
    }
}