{
    "R2": 0.9312130592645066,
    "RMSE": 11.479302794951225,
    "MSE": 131.774392658175,
    "MAPE": 0.061279575816147805,
    "ACMAPE": 1.1077442222807943
}