{
    "R2": 0.9824644903805821,
    "RMSE": 10.544463105825136,
    "MSE": 111.18570219010745,
    "MAPE": 0.03232695326881593,
    "ACMAPE": 1.2945806167352132
}