{
    "R2": 0.9923879617832878,
    "RMSE": 6.191024947113719,
    "MSE": 38.328789895784425,
    "MAPE": 0.021168927668150223,
    "ACMAPE": 0.8487551345647021
}