{
    "R2": 0.8521833588833865,
    "RMSE": 29.76778907074152,
    "MSE": 886.1212661601584,
    "MAPE": 0.02286509743300523,
    "ACMAPE": 0.8912861500645842
}