{
    "R2": 0.9860233369737392,
    "RMSE": 15.78238096906921,
    "MSE": 249.083549052838,
    "MAPE": 0.06590949293326454,
    "ACMAPE": 0.9560434758808894
}