{
    "R2": 0.947214532069971,
    "RMSE": 15.259085795447094,
    "MSE": 232.83969931281527,
    "MAPE": 0.023323073444983657,
    "ACMAPE": 0.9551149809594346
}