{
    "DOWN": {
        "precision": 0.8658536585365854,
        "recall": 0.7902753368482718,
        "f1-score": 0.8263399693721286,
        "support": 3414
    },
    "UP": {
        "precision": 0.38169257340241797,
        "recall": 0.513953488372093,
        "f1-score": 0.4380574826560951,
        "support": 860
    },
    "accuracy": 0.7346747777257838,
    "macro avg": {
        "precision": 0.6237731159695017,
        "recall": 0.6521144126101823,
        "f1-score": 0.6321987260141119,
        "support": 4274
    },
    "weighted avg": {
        "precision": 0.7684323826321904,
        "recall": 0.7346747777257838,
        "f1-score": 0.7482110646983362,
        "support": 4274
    }
}