{
    "R2": 0.9791652106690519,
    "RMSE": 25.16819057500124,
    "MSE": 633.4378168195813,
    "MAPE": 0.021945861209166438,
    "ACMAPE": 0.9306507444363427
}