{
    "R2": 0.9929383158275997,
    "RMSE": 12.447983821148755,
    "MSE": 154.95230121158116,
    "MAPE": 0.02012871605143117,
    "ACMAPE": 0.9227169513455489
}