{
    "R2": 0.7346189857996298,
    "RMSE": 310.9127412207523,
    "MSE": 96666.73265340248,
    "MAPE": 0.09194326343773405,
    "ACMAPE": 0.8171769082975472
}