{
    "R2": 0.9785251070003608,
    "RMSE": 4.91626311823558,
    "MSE": 24.16964304772343,
    "MAPE": 0.04137862616284303,
    "ACMAPE": 1.0654073708293599
}