{
    "DOWN": {
        "precision": 0.7905027932960894,
        "recall": 0.34681372549019607,
        "f1-score": 0.48211243611584326,
        "support": 3264
    },
    "UP": {
        "precision": 0.28957014328557146,
        "recall": 0.7433704020530368,
        "f1-score": 0.4167865707434053,
        "support": 1169
    },
    "accuracy": 0.4513873223550643,
    "macro avg": {
        "precision": 0.5400364682908304,
        "recall": 0.5450920637716165,
        "f1-score": 0.4494495034296243,
        "support": 4433
    },
    "weighted avg": {
        "precision": 0.6584048307735775,
        "recall": 0.4513873223550643,
        "f1-score": 0.46488574163797725,
        "support": 4433
    }
}