{
    "DOWN": {
        "precision": 0.8679775280898876,
        "recall": 0.4775888717156105,
        "f1-score": 0.6161515453639083,
        "support": 2588
    },
    "UP": {
        "precision": 0.3286991062562066,
        "recall": 0.7788235294117647,
        "f1-score": 0.46229050279329614,
        "support": 850
    },
    "accuracy": 0.5520651541593949,
    "macro avg": {
        "precision": 0.5983383171730471,
        "recall": 0.6282062005636876,
        "f1-score": 0.5392210240786022,
        "support": 3438
    },
    "weighted avg": {
        "precision": 0.7346480753386867,
        "recall": 0.5520651541593949,
        "f1-score": 0.5781114388528494,
        "support": 3438
    }
}