{
    "DOWN": {
        "precision": 0.8017118402282454,
        "recall": 0.6143755124350916,
        "f1-score": 0.6956521739130436,
        "support": 3659
    },
    "UP": {
        "precision": 0.14068209500609014,
        "recall": 0.2935196950444727,
        "f1-score": 0.19020172910662825,
        "support": 787
    },
    "accuracy": 0.5575798470535313,
    "macro avg": {
        "precision": 0.4711969676171678,
        "recall": 0.45394760373978216,
        "f1-score": 0.4429269515098359,
        "support": 4446
    },
    "weighted avg": {
        "precision": 0.6847009519039456,
        "recall": 0.5575798470535313,
        "f1-score": 0.6061808513618405,
        "support": 4446
    }
}