{
    "R2": 0.9085658511379129,
    "RMSE": 18.962051964890005,
    "MSE": 359.55941471918896,
    "MAPE": 0.04270645005625191,
    "ACMAPE": 0.8557145801375527
}