{
    "DOWN": {
        "precision": 0.83399209486166,
        "recall": 0.5982421321236178,
        "f1-score": 0.6967145451543668,
        "support": 3527
    },
    "UP": {
        "precision": 0.1640117994100295,
        "recall": 0.3982808022922636,
        "f1-score": 0.2323443376514835,
        "support": 698
    },
    "accuracy": 0.565207100591716,
    "macro avg": {
        "precision": 0.4990019471358448,
        "recall": 0.4982614672079407,
        "f1-score": 0.4645294414029252,
        "support": 4225
    },
    "weighted avg": {
        "precision": 0.7233065927965149,
        "recall": 0.565207100591716,
        "f1-score": 0.6199972895716419,
        "support": 4225
    }
}