{
    "R2": 0.991145845961765,
    "RMSE": 16.01762021615592,
    "MSE": 256.5641573890068,
    "MAPE": 0.07458241542113526,
    "ACMAPE": 1.2722042941369498
}