{
    "DOWN": {
        "precision": 0.8478260869565217,
        "recall": 0.3435635123614663,
        "f1-score": 0.48897876643073807,
        "support": 3519
    },
    "UP": {
        "precision": 0.17174614557188955,
        "recall": 0.6882183908045977,
        "f1-score": 0.27489239598278337,
        "support": 696
    },
    "accuracy": 0.4004744958481613,
    "macro avg": {
        "precision": 0.5097861162642057,
        "recall": 0.515890951583032,
        "f1-score": 0.38193558120676074,
        "support": 4215
    },
    "weighted avg": {
        "precision": 0.7361886873826893,
        "recall": 0.4004744958481613,
        "f1-score": 0.4536278497446701,
        "support": 4215
    }
}