{
    "R2": 0.6305028169327529,
    "RMSE": 36.194703322860576,
    "MSE": 1310.0565486298945,
    "MAPE": 0.023287766278875386,
    "ACMAPE": 0.7966210996122088
}