{
    "R2": 0.9251061428868652,
    "RMSE": 9.9781008373895,
    "MSE": 99.56249632111303,
    "MAPE": 0.025247696634984308,
    "ACMAPE": 0.9206966511245293
}