{
    "DOWN": {
        "precision": 0.5975609756097561,
        "recall": 0.23671497584541062,
        "f1-score": 0.3391003460207612,
        "support": 621
    },
    "UP": {
        "precision": 0.3961783439490446,
        "recall": 0.7585365853658537,
        "f1-score": 0.5205020920502093,
        "support": 410
    },
    "accuracy": 0.44422890397672166,
    "macro avg": {
        "precision": 0.49686965977940034,
        "recall": 0.4976257806056321,
        "f1-score": 0.42980121903548524,
        "support": 1031
    },
    "weighted avg": {
        "precision": 0.517476708896961,
        "recall": 0.44422890397672166,
        "f1-score": 0.4112387707269433,
        "support": 1031
    }
}