{
    "R2": 0.9614003361592961,
    "RMSE": 3.544574983229586,
    "MSE": 12.56401181173702,
    "MAPE": 0.02408153753310105,
    "ACMAPE": 0.8510652793433412
}