{
    "R2": 0.8910011454676634,
    "RMSE": 37.794077358263195,
    "MSE": 1428.3922833623828,
    "MAPE": 0.02331732862204853,
    "ACMAPE": 0.993656311672896
}