{
    "R2": 0.9895289742028528,
    "RMSE": 44.29251519615314,
    "MSE": 1961.8269024014571,
    "MAPE": 0.03461945517237696,
    "ACMAPE": 1.078004564974198
}