{
    "DOWN": {
        "precision": 0.5726744186046512,
        "recall": 0.7490494296577946,
        "f1-score": 0.6490939044481054,
        "support": 263
    },
    "UP": {
        "precision": 0.484375,
        "recall": 0.2966507177033493,
        "f1-score": 0.36795252225519287,
        "support": 209
    },
    "accuracy": 0.548728813559322,
    "macro avg": {
        "precision": 0.5285247093023255,
        "recall": 0.5228500736805719,
        "f1-score": 0.5085232133516492,
        "support": 472
    },
    "weighted avg": {
        "precision": 0.5335757353665747,
        "recall": 0.548728813559322,
        "f1-score": 0.5246054534347183,
        "support": 472
    }
}