{
    "R2": 0.9844985584574281,
    "RMSE": 11.213274428352438,
    "MSE": 125.73752340554269,
    "MAPE": 0.025896152265129705,
    "ACMAPE": 1.4571886692719325
}