{
    "R2": 0.9710216310123952,
    "RMSE": 39.67632978784359,
    "MSE": 1574.2111454337248,
    "MAPE": 0.03988033301503138,
    "ACMAPE": 0.9162632093979078
}