{
    "DOWN": {
        "precision": 0.9788385826771654,
        "recall": 0.4702127659574468,
        "f1-score": 0.6352603002235708,
        "support": 4230
    },
    "UP": {
        "precision": 0.029449978345604158,
        "recall": 0.6126126126126126,
        "f1-score": 0.05619834710743802,
        "support": 111
    },
    "accuracy": 0.4738539507026031,
    "macro avg": {
        "precision": 0.5041442805113848,
        "recall": 0.5414126892850297,
        "f1-score": 0.3457293236655044,
        "support": 4341
    },
    "weighted avg": {
        "precision": 0.9545625782816797,
        "recall": 0.4738539507026031,
        "f1-score": 0.6204536020443746,
        "support": 4341
    }
}