{
    "R2": 0.9868948193928472,
    "RMSE": 4.178341258268489,
    "MSE": 17.4585356705487,
    "MAPE": 0.023111969612048255,
    "ACMAPE": 0.9743880717002154
}