{
    "DOWN": {
        "precision": 0.637546468401487,
        "recall": 0.4519104084321476,
        "f1-score": 0.5289128758673862,
        "support": 759
    },
    "UP": {
        "precision": 0.2864493996569468,
        "recall": 0.4613259668508287,
        "f1-score": 0.35343915343915344,
        "support": 362
    },
    "accuracy": 0.45495093666369313,
    "macro avg": {
        "precision": 0.4619979340292169,
        "recall": 0.45661818764148815,
        "f1-score": 0.44117601465326983,
        "support": 1121
    },
    "weighted avg": {
        "precision": 0.5241681107872822,
        "recall": 0.45495093666369313,
        "f1-score": 0.4722478557790541,
        "support": 1121
    }
}