{
    "DOWN": {
        "precision": 0.660377358490566,
        "recall": 0.9905660377358491,
        "f1-score": 0.7924528301886792,
        "support": 318
    },
    "UP": {
        "precision": 0.25,
        "recall": 0.006134969325153374,
        "f1-score": 0.011976047904191616,
        "support": 163
    },
    "accuracy": 0.656964656964657,
    "macro avg": {
        "precision": 0.455188679245283,
        "recall": 0.4983505035305012,
        "f1-score": 0.4022144390464354,
        "support": 481
    },
    "weighted avg": {
        "precision": 0.5213097713097713,
        "recall": 0.656964656964657,
        "f1-score": 0.5279669351525639,
        "support": 481
    }
}