{
    "R2": 0.9928100763646052,
    "RMSE": 66.79062539979793,
    "MSE": 4460.987641296133,
    "MAPE": 0.0735394965305941,
    "ACMAPE": 0.9371219401842122
}