{
    "DOWN": {
        "precision": 0.8567405843013024,
        "recall": 0.7067363530778165,
        "f1-score": 0.7745425616547336,
        "support": 3444
    },
    "UP": {
        "precision": 0.3428757319453481,
        "recall": 0.5642398286937902,
        "f1-score": 0.4265479562929988,
        "support": 934
    },
    "accuracy": 0.6763362265874828,
    "macro avg": {
        "precision": 0.5998081581233252,
        "recall": 0.6354880908858034,
        "f1-score": 0.6005452589738662,
        "support": 4378
    },
    "weighted avg": {
        "precision": 0.7471129524830152,
        "recall": 0.6763362265874828,
        "f1-score": 0.7003015928544001,
        "support": 4378
    }
}