{
    "R2": 0.3009754934396486,
    "RMSE": 147.39444487073948,
    "MSE": 21725.122378753458,
    "MAPE": 0.17589189722555276,
    "ACMAPE": 1.0045171326304492
}