{
    "DOWN": {
        "precision": 0.6490066225165563,
        "recall": 0.44144144144144143,
        "f1-score": 0.5254691689008043,
        "support": 444
    },
    "UP": {
        "precision": 0.41232227488151657,
        "recall": 0.6214285714285714,
        "f1-score": 0.4957264957264957,
        "support": 280
    },
    "accuracy": 0.511049723756906,
    "macro avg": {
        "precision": 0.5306644486990364,
        "recall": 0.5314350064350064,
        "f1-score": 0.51059783231365,
        "support": 724
    },
    "weighted avg": {
        "precision": 0.5574712394532813,
        "recall": 0.511049723756906,
        "f1-score": 0.5139664776179226,
        "support": 724
    }
}