{
    "DOWN": {
        "precision": 0.5944170771756979,
        "recall": 0.24344317417619368,
        "f1-score": 0.3454198473282443,
        "support": 2974
    },
    "UP": {
        "precision": 0.22653832932279133,
        "recall": 0.5715524718126627,
        "f1-score": 0.3244707040866568,
        "support": 1153
    },
    "accuracy": 0.3351102495759632,
    "macro avg": {
        "precision": 0.4104777032492446,
        "recall": 0.40749782299442816,
        "f1-score": 0.3349452757074506,
        "support": 4127
    },
    "weighted avg": {
        "precision": 0.4916392249163324,
        "recall": 0.3351102495759632,
        "f1-score": 0.3395670820853196,
        "support": 4127
    }
}