{
    "R2": 0.9433686465046623,
    "RMSE": 203.69029065594384,
    "MSE": 41489.73450750288,
    "MAPE": 0.023197241229304423,
    "ACMAPE": 0.6790530970851603
}