{
    "DOWN": {
        "precision": 0.6049382716049383,
        "recall": 0.4188034188034188,
        "f1-score": 0.4949494949494949,
        "support": 117
    },
    "UP": {
        "precision": 0.4962962962962963,
        "recall": 0.6767676767676768,
        "f1-score": 0.5726495726495726,
        "support": 99
    },
    "accuracy": 0.5370370370370371,
    "macro avg": {
        "precision": 0.5506172839506173,
        "recall": 0.5477855477855478,
        "f1-score": 0.5337995337995338,
        "support": 216
    },
    "weighted avg": {
        "precision": 0.5551440329218108,
        "recall": 0.5370370370370371,
        "f1-score": 0.5305620305620304,
        "support": 216
    }
}