{
    "R2": 0.8247505467957574,
    "RMSE": 44.38144108794497,
    "MSE": 1969.7123130427299,
    "MAPE": 0.3086063949290456,
    "ACMAPE": 1.6074299243408103
}