{
    "R2": 0.9682691775589608,
    "RMSE": 12.45752199759139,
    "MSE": 155.1898543204734,
    "MAPE": 0.03240993411954084,
    "ACMAPE": 0.9512444814660549
}