{
    "DOWN": {
        "precision": 0.8412563667232598,
        "recall": 0.27481974486966165,
        "f1-score": 0.41429765886287623,
        "support": 3606
    },
    "UP": {
        "precision": 0.1637352094659418,
        "recall": 0.7324749642346209,
        "f1-score": 0.2676424464192368,
        "support": 699
    },
    "accuracy": 0.34912891986062716,
    "macro avg": {
        "precision": 0.5024957880946008,
        "recall": 0.5036473545521413,
        "f1-score": 0.3409700526410565,
        "support": 4305
    },
    "weighted avg": {
        "precision": 0.7312477049525594,
        "recall": 0.34912891986062716,
        "f1-score": 0.39048534910721905,
        "support": 4305
    }
}