{
    "R2": 0.7354216109148235,
    "RMSE": 2.905916245500081,
    "MSE": 8.444349225861288,
    "MAPE": 0.040146803088777765,
    "ACMAPE": 0.6431152632000949
}