{
    "R2": -1.891764718457679,
    "RMSE": 976.1148621324229,
    "MSE": 952800.2240757989,
    "MAPE": 0.335748749599199,
    "ACMAPE": 1.1887508199925736
}