{
    "DOWN": {
        "precision": 0.7926988265971316,
        "recall": 0.4441197954711468,
        "f1-score": 0.5692883895131086,
        "support": 1369
    },
    "UP": {
        "precision": 0.3365300784655623,
        "recall": 0.708256880733945,
        "f1-score": 0.4562647754137116,
        "support": 545
    },
    "accuracy": 0.5193312434691745,
    "macro avg": {
        "precision": 0.564614452531347,
        "recall": 0.5761883381025459,
        "f1-score": 0.5127765824634101,
        "support": 1914
    },
    "weighted avg": {
        "precision": 0.6628075163924789,
        "recall": 0.5193312434691745,
        "f1-score": 0.5371055944848059,
        "support": 1914
    }
}