{
    "R2": 0.9720544876639623,
    "RMSE": 18.96502455377982,
    "MSE": 359.67215632547146,
    "MAPE": 0.015210659114442346,
    "ACMAPE": 0.8239198348531671
}