{
    "DOWN": {
        "precision": 0.7143968871595331,
        "recall": 0.6496815286624203,
        "f1-score": 0.6805040770941438,
        "support": 2826
    },
    "UP": {
        "precision": 0.3738140417457306,
        "recall": 0.4460377358490566,
        "f1-score": 0.4067446662078459,
        "support": 1325
    },
    "accuracy": 0.584678390749217,
    "macro avg": {
        "precision": 0.5441054644526319,
        "recall": 0.5478596322557385,
        "f1-score": 0.5436243716509949,
        "support": 4151
    },
    "weighted avg": {
        "precision": 0.6056827772647394,
        "recall": 0.584678390749217,
        "f1-score": 0.5931200203790523,
        "support": 4151
    }
}