{
    "DOWN": {
        "precision": 0.8647540983606558,
        "recall": 0.8647540983606558,
        "f1-score": 0.8647540983606559,
        "support": 488
    },
    "UP": {
        "precision": 0.175,
        "recall": 0.175,
        "f1-score": 0.175,
        "support": 80
    },
    "accuracy": 0.7676056338028169,
    "macro avg": {
        "precision": 0.5198770491803278,
        "recall": 0.5198770491803278,
        "f1-score": 0.519877049180328,
        "support": 568
    },
    "weighted avg": {
        "precision": 0.7676056338028169,
        "recall": 0.7676056338028169,
        "f1-score": 0.767605633802817,
        "support": 568
    }
}