{
    "DOWN": {
        "precision": 0.7980769230769231,
        "recall": 0.8972972972972973,
        "f1-score": 0.8447837150127228,
        "support": 185
    },
    "UP": {
        "precision": 0.32142857142857145,
        "recall": 0.17647058823529413,
        "f1-score": 0.2278481012658228,
        "support": 51
    },
    "accuracy": 0.7415254237288136,
    "macro avg": {
        "precision": 0.5597527472527473,
        "recall": 0.5368839427662957,
        "f1-score": 0.5363159081392728,
        "support": 236
    },
    "weighted avg": {
        "precision": 0.6950724064071522,
        "recall": 0.7415254237288136,
        "f1-score": 0.7114628832284351,
        "support": 236
    }
}