{
    "R2": 0.9334064784744728,
    "RMSE": 18.96975624767232,
    "MSE": 359.851652096103,
    "MAPE": 0.030328805902334752,
    "ACMAPE": 0.6852738608473896
}