{
    "R2": -3540.280657613571,
    "RMSE": 4.810885927925917,
    "MSE": 23.144623411515614,
    "MAPE": 0.08751177761175698,
    "ACMAPE": 2.074266744499174
}