{
    "DOWN": {
        "precision": 0.7232510288065843,
        "recall": 0.4634146341463415,
        "f1-score": 0.5648854961832062,
        "support": 1517
    },
    "UP": {
        "precision": 0.34248788368336025,
        "recall": 0.6118326118326118,
        "f1-score": 0.4391506991196271,
        "support": 693
    },
    "accuracy": 0.5099547511312217,
    "macro avg": {
        "precision": 0.5328694562449723,
        "recall": 0.5376236229894766,
        "f1-score": 0.5020180976514166,
        "support": 2210
    },
    "weighted avg": {
        "precision": 0.6038533547928313,
        "recall": 0.5099547511312217,
        "f1-score": 0.5254582498641744,
        "support": 2210
    }
}