{
    "DOWN": {
        "precision": 0.923728813559322,
        "recall": 0.343006993006993,
        "f1-score": 0.5002549719530852,
        "support": 2860
    },
    "UP": {
        "precision": 0.10395803528850739,
        "recall": 0.7290969899665551,
        "f1-score": 0.1819699499165275,
        "support": 299
    },
    "accuracy": 0.3795504906616018,
    "macro avg": {
        "precision": 0.5138434244239147,
        "recall": 0.5360519914867741,
        "f1-score": 0.34111246093480635,
        "support": 3159
    },
    "weighted avg": {
        "precision": 0.8461373407188745,
        "recall": 0.3795504906616018,
        "f1-score": 0.4701292291265798,
        "support": 3159
    }
}