{
    "R2": 0.9263048921642912,
    "RMSE": 255.30717823900503,
    "MSE": 65181.75526036308,
    "MAPE": 0.026917462723190826,
    "ACMAPE": 0.7424673995120658
}