{
    "R2": 0.986936131164049,
    "RMSE": 34.50649335470154,
    "MSE": 1190.6980836380617,
    "MAPE": 0.13487136687007387,
    "ACMAPE": 1.1110212816911982
}