{
    "DOWN": {
        "precision": 0.6248175182481752,
        "recall": 0.6514459665144596,
        "f1-score": 0.6378539493293591,
        "support": 657
    },
    "UP": {
        "precision": 0.44819277108433736,
        "recall": 0.4198645598194131,
        "f1-score": 0.4335664335664336,
        "support": 443
    },
    "accuracy": 0.5581818181818182,
    "macro avg": {
        "precision": 0.5365051446662563,
        "recall": 0.5356552631669363,
        "f1-score": 0.5357101914478963,
        "support": 1100
    },
    "weighted avg": {
        "precision": 0.5536859155267387,
        "recall": 0.5581818181818182,
        "f1-score": 0.5555817952539264,
        "support": 1100
    }
}