{
    "DOWN": {
        "precision": 0.7660642570281124,
        "recall": 0.8913551401869159,
        "f1-score": 0.8239740820734341,
        "support": 856
    },
    "UP": {
        "precision": 0.363013698630137,
        "recall": 0.1853146853146853,
        "f1-score": 0.2453703703703704,
        "support": 286
    },
    "accuracy": 0.7145359019264448,
    "macro avg": {
        "precision": 0.5645389778291248,
        "recall": 0.5383349127508006,
        "f1-score": 0.5346722262219022,
        "support": 1142
    },
    "weighted avg": {
        "precision": 0.6651251504590923,
        "recall": 0.7145359019264448,
        "f1-score": 0.6790698250269577,
        "support": 1142
    }
}