{
    "R2": 0.9793086303484342,
    "RMSE": 9.513100843014632,
    "MSE": 90.4990876493657,
    "MAPE": 0.04408542531758958,
    "ACMAPE": 1.2233647045968687
}