{
    "DOWN": {
        "precision": 0.6304347826086957,
        "recall": 0.6763848396501457,
        "f1-score": 0.6526019690576653,
        "support": 343
    },
    "UP": {
        "precision": 0.31901840490797545,
        "recall": 0.2765957446808511,
        "f1-score": 0.29629629629629634,
        "support": 188
    },
    "accuracy": 0.5348399246704332,
    "macro avg": {
        "precision": 0.4747265937583356,
        "recall": 0.47649029216549843,
        "f1-score": 0.47444913267698086,
        "support": 531
    },
    "weighted avg": {
        "precision": 0.5201781366430922,
        "recall": 0.5348399246704332,
        "f1-score": 0.5264523146713426,
        "support": 531
    }
}