{
    "DOWN": {
        "precision": 0.6695156695156695,
        "recall": 0.6772334293948127,
        "f1-score": 0.673352435530086,
        "support": 347
    },
    "UP": {
        "precision": 0.30434782608695654,
        "recall": 0.296969696969697,
        "f1-score": 0.3006134969325154,
        "support": 165
    },
    "accuracy": 0.5546875,
    "macro avg": {
        "precision": 0.48693174780131304,
        "recall": 0.48710156318225484,
        "f1-score": 0.48698296623130066,
        "support": 512
    },
    "weighted avg": {
        "precision": 0.5518346262232132,
        "recall": 0.5546875,
        "f1-score": 0.5532314885211033,
        "support": 512
    }
}