{
    "R2": 0.0,
    "RMSE": 47.78649759638523,
    "MSE": 2283.549352529332,
    "MAPE": 0.9557299519277046,
    "ACMAPE": 2.9557299519277045
}