{
    "DOWN": {
        "precision": 0.6681286549707602,
        "recall": 0.22002888781896968,
        "f1-score": 0.331039478449837,
        "support": 2077
    },
    "UP": {
        "precision": 0.25276752767527677,
        "recall": 0.7070967741935484,
        "f1-score": 0.3724091063540605,
        "support": 775
    },
    "accuracy": 0.3523842917251052,
    "macro avg": {
        "precision": 0.4604480913230185,
        "recall": 0.46356283100625906,
        "f1-score": 0.35172429240194875,
        "support": 2852
    },
    "weighted avg": {
        "precision": 0.5552587834230746,
        "recall": 0.3523842917251052,
        "f1-score": 0.34228122516294124,
        "support": 2852
    }
}