{
    "R2": 0.9874004235952071,
    "RMSE": 9.87641631098063,
    "MSE": 97.54359914780423,
    "MAPE": 0.028735025184471415,
    "ACMAPE": 0.9422051411523572
}