{
    "R2": 0.8399384916552771,
    "RMSE": 14.365346045163491,
    "MSE": 206.36316699729437,
    "MAPE": 0.03452544083493997,
    "ACMAPE": 1.0151706021252627
}