{
    "R2": 0.844909418308725,
    "RMSE": 14.140519074741237,
    "MSE": 199.95427970312076,
    "MAPE": 0.03472286053516305,
    "ACMAPE": 1.1056906024706468
}