{
    "R2": -160.47056879816583,
    "RMSE": 3.4914616240698355,
    "MSE": 12.190304272352373,
    "MAPE": 0.06966915294588025,
    "ACMAPE": 2.0469418802186077
}