{
    "DOWN": {
        "precision": 0.9389204545454546,
        "recall": 0.719260065288357,
        "f1-score": 0.8145409735058534,
        "support": 3676
    },
    "UP": {
        "precision": 0.11416309012875536,
        "recall": 0.4360655737704918,
        "f1-score": 0.18095238095238095,
        "support": 305
    },
    "accuracy": 0.6975634262748053,
    "macro avg": {
        "precision": 0.526541772337105,
        "recall": 0.5776628195294244,
        "f1-score": 0.4977466772291172,
        "support": 3981
    },
    "weighted avg": {
        "precision": 0.8757325630239542,
        "recall": 0.6975634262748053,
        "f1-score": 0.7659992702331055,
        "support": 3981
    }
}