{
    "R2": 0.8986108837472732,
    "RMSE": 39.85270163736792,
    "MSE": 1588.237827797068,
    "MAPE": 0.01591688739900212,
    "ACMAPE": 1.1373041706359963
}