{
    "R2": 0.977096681701246,
    "RMSE": 111.19996246753404,
    "MSE": 12365.431652780979,
    "MAPE": 0.1413315493771457,
    "ACMAPE": 1.0737405615088613
}