{
    "R2": 0.9977729473942724,
    "RMSE": 16.735252001983536,
    "MSE": 280.06865956989395,
    "MAPE": 156174245356260.25,
    "ACMAPE": 156174245356261.44
}