{
    "R2": 0.9782882883571612,
    "RMSE": 43.3221806019586,
    "MSE": 1876.811332108718,
    "MAPE": 0.04477593558498126,
    "ACMAPE": 0.9293913202003659
}