{
    "DOWN": {
        "precision": 0.7442748091603053,
        "recall": 0.5668604651162791,
        "f1-score": 0.6435643564356436,
        "support": 344
    },
    "UP": {
        "precision": 0.39919354838709675,
        "recall": 0.5963855421686747,
        "f1-score": 0.47826086956521735,
        "support": 166
    },
    "accuracy": 0.5764705882352941,
    "macro avg": {
        "precision": 0.571734178773701,
        "recall": 0.5816230036424769,
        "f1-score": 0.5609126130004305,
        "support": 510
    },
    "weighted avg": {
        "precision": 0.6319542419282413,
        "recall": 0.5764705882352941,
        "f1-score": 0.5897596920817402,
        "support": 510
    }
}