{
    "R2": 0.9181971492117289,
    "RMSE": 43.840697807248425,
    "MSE": 1922.0067842264766,
    "MAPE": 0.019503853996416354,
    "ACMAPE": 0.9705307102365426
}