{
    "R2": 0.9675521285205007,
    "RMSE": 82.13762839413491,
    "MSE": 6746.589998212996,
    "MAPE": 0.059900548149665764,
    "ACMAPE": 1.1147931495816465
}