{
    "R2": 0.9975817041903382,
    "RMSE": 21.541381400835952,
    "MSE": 464.0311126562811,
    "MAPE": 0.030657341617068415,
    "ACMAPE": 0.9504372431519655
}