{
    "DOWN": {
        "precision": 0.7323290845886443,
        "recall": 0.5220983064849236,
        "f1-score": 0.6095972992524716,
        "support": 2421
    },
    "UP": {
        "precision": 0.331986143187067,
        "recall": 0.5544840887174542,
        "f1-score": 0.4153123871433731,
        "support": 1037
    },
    "accuracy": 0.5318102949681897,
    "macro avg": {
        "precision": 0.5321576138878557,
        "recall": 0.5382911976011889,
        "f1-score": 0.5124548431979223,
        "support": 3458
    },
    "weighted avg": {
        "precision": 0.6122725113574599,
        "recall": 0.5318102949681897,
        "f1-score": 0.551334299293786,
        "support": 3458
    }
}