{
    "DOWN": {
        "precision": 0.8722986247544204,
        "recall": 0.22839506172839505,
        "f1-score": 0.3620057072971871,
        "support": 3888
    },
    "UP": {
        "precision": 0.13369910482240832,
        "recall": 0.7807757166947723,
        "f1-score": 0.22830374753451677,
        "support": 593
    },
    "accuracy": 0.3014952019638474,
    "macro avg": {
        "precision": 0.5029988647884144,
        "recall": 0.5045853892115837,
        "f1-score": 0.2951547274158519,
        "support": 4481
    },
    "weighted avg": {
        "precision": 0.7745549257319515,
        "recall": 0.3014952019638474,
        "f1-score": 0.34431205361736933,
        "support": 4481
    }
}