{
    "R2": 0.9688711823731194,
    "RMSE": 827.5000385085096,
    "MSE": 684756.3137315849,
    "MAPE": 0.028109612294297568,
    "ACMAPE": 1.0174713144219572
}