{
    "R2": 0.9935835382603553,
    "RMSE": 233.3497550899655,
    "MSE": 54452.10820054688,
    "MAPE": 0.14883816200315667,
    "ACMAPE": 1.0842052767911607
}