{
    "DOWN": {
        "precision": 0.6142857142857143,
        "recall": 0.6825396825396826,
        "f1-score": 0.6466165413533834,
        "support": 189
    },
    "UP": {
        "precision": 0.40594059405940597,
        "recall": 0.3360655737704918,
        "f1-score": 0.36771300448430494,
        "support": 122
    },
    "accuracy": 0.5466237942122186,
    "macro avg": {
        "precision": 0.5101131541725601,
        "recall": 0.5093026281550872,
        "f1-score": 0.5071647729188442,
        "support": 311
    },
    "weighted avg": {
        "precision": 0.5325554741969374,
        "recall": 0.5466237942122186,
        "f1-score": 0.5372074368581179,
        "support": 311
    }
}