{
    "DOWN": {
        "precision": 0.5956521739130435,
        "recall": 0.5111940298507462,
        "f1-score": 0.5502008032128514,
        "support": 268
    },
    "UP": {
        "precision": 0.3177083333333333,
        "recall": 0.3961038961038961,
        "f1-score": 0.3526011560693642,
        "support": 154
    },
    "accuracy": 0.46919431279620855,
    "macro avg": {
        "precision": 0.4566802536231884,
        "recall": 0.45364896297732116,
        "f1-score": 0.4514009796411078,
        "support": 422
    },
    "weighted avg": {
        "precision": 0.4942224311422488,
        "recall": 0.46919431279620855,
        "f1-score": 0.47809097937375883,
        "support": 422
    }
}