{
    "DOWN": {
        "precision": 0.7277486910994765,
        "recall": 0.587117212249208,
        "f1-score": 0.6499123319696084,
        "support": 947
    },
    "UP": {
        "precision": 0.4453900709219858,
        "recall": 0.6015325670498084,
        "f1-score": 0.5118174409127954,
        "support": 522
    },
    "accuracy": 0.5922396187882913,
    "macro avg": {
        "precision": 0.5865693810107311,
        "recall": 0.5943248896495081,
        "f1-score": 0.5808648864412018,
        "support": 1469
    },
    "weighted avg": {
        "precision": 0.6274143141541735,
        "recall": 0.5922396187882913,
        "f1-score": 0.6008411725879499,
        "support": 1469
    }
}