{
    "DOWN": {
        "precision": 0.7263969171483622,
        "recall": 0.5094594594594595,
        "f1-score": 0.5988880063542493,
        "support": 740
    },
    "UP": {
        "precision": 0.348294434470377,
        "recall": 0.5773809523809523,
        "f1-score": 0.4344904815229563,
        "support": 336
    },
    "accuracy": 0.5306691449814126,
    "macro avg": {
        "precision": 0.5373456758093695,
        "recall": 0.5434202059202059,
        "f1-score": 0.5166892439386028,
        "support": 1076
    },
    "weighted avg": {
        "precision": 0.6083277404013333,
        "recall": 0.5306691449814126,
        "f1-score": 0.5475519762954069,
        "support": 1076
    }
}