{
    "DOWN": {
        "precision": 0.6276595744680851,
        "recall": 0.4555984555984556,
        "f1-score": 0.5279642058165548,
        "support": 259
    },
    "UP": {
        "precision": 0.3815789473684211,
        "recall": 0.554140127388535,
        "f1-score": 0.45194805194805193,
        "support": 157
    },
    "accuracy": 0.49278846153846156,
    "macro avg": {
        "precision": 0.504619260918253,
        "recall": 0.5048692914934954,
        "f1-score": 0.48995612888230333,
        "support": 416
    },
    "weighted avg": {
        "precision": 0.5347877993367215,
        "recall": 0.49278846153846156,
        "f1-score": 0.4992754169767592,
        "support": 416
    }
}