{
    "R2": 0.9839695796358996,
    "RMSE": 33.904139548995644,
    "MSE": 1149.4906785577707,
    "MAPE": 0.06345055772028861,
    "ACMAPE": 1.2695511348019044
}