{
    "R2": 0.9482770927386341,
    "RMSE": 5.205118736047307,
    "MSE": 27.09326105635072,
    "MAPE": 0.06568462259910475,
    "ACMAPE": 1.3541461610606431
}