{
    "R2": 0.97256249023976,
    "RMSE": 16.137517559394936,
    "MSE": 260.4194729797799,
    "MAPE": 0.0980783337368848,
    "ACMAPE": 1.1345746841018483
}