{
    "R2": 0.9725967961624757,
    "RMSE": 16.04157452877721,
    "MSE": 257.33211336231375,
    "MAPE": 0.09628941200257927,
    "ACMAPE": 1.121627249840417
}