{
    "DOWN": {
        "precision": 0.6848484848484848,
        "recall": 0.7971781305114638,
        "f1-score": 0.736756316218419,
        "support": 567
    },
    "UP": {
        "precision": 0.5021645021645021,
        "recall": 0.35802469135802467,
        "f1-score": 0.418018018018018,
        "support": 324
    },
    "accuracy": 0.6374859708193041,
    "macro avg": {
        "precision": 0.5935064935064935,
        "recall": 0.5776014109347443,
        "f1-score": 0.5773871671182185,
        "support": 891
    },
    "weighted avg": {
        "precision": 0.618417945690673,
        "recall": 0.6374859708193041,
        "f1-score": 0.6208514805091823,
        "support": 891
    }
}