{
    "R2": 0.7547666328102487,
    "RMSE": 3.791021806691832,
    "MSE": 14.371846338813004,
    "MAPE": 0.03540452361991745,
    "ACMAPE": 1.900435198466543
}