{
    "DOWN": {
        "precision": 0.6652482269503546,
        "recall": 0.5583333333333333,
        "f1-score": 0.6071197411003236,
        "support": 840
    },
    "UP": {
        "precision": 0.36363636363636365,
        "recall": 0.4732142857142857,
        "f1-score": 0.41125121241513096,
        "support": 448
    },
    "accuracy": 0.5287267080745341,
    "macro avg": {
        "precision": 0.5144422952933592,
        "recall": 0.5157738095238096,
        "f1-score": 0.5091854767577273,
        "support": 1288
    },
    "weighted avg": {
        "precision": 0.5603397527541838,
        "recall": 0.5287267080745341,
        "f1-score": 0.5389915572098218,
        "support": 1288
    }
}