{
    "DOWN": {
        "precision": 0.6343537414965986,
        "recall": 0.4424673784104389,
        "f1-score": 0.5213137665967855,
        "support": 843
    },
    "UP": {
        "precision": 0.3333333333333333,
        "recall": 0.5222222222222223,
        "f1-score": 0.4069264069264069,
        "support": 450
    },
    "accuracy": 0.47022428460943544,
    "macro avg": {
        "precision": 0.483843537414966,
        "recall": 0.4823448003163306,
        "f1-score": 0.4641200867615962,
        "support": 1293
    },
    "weighted avg": {
        "precision": 0.5295902583771328,
        "recall": 0.47022428460943544,
        "f1-score": 0.48150378063261656,
        "support": 1293
    }
}