{
    "R2": 0.9431346062638144,
    "RMSE": 11.973225600891263,
    "MSE": 143.35813128983796,
    "MAPE": 0.02794924933946294,
    "ACMAPE": 1.1825884245971947
}