{
    "DOWN": {
        "precision": 0.5832628909551987,
        "recall": 0.2696365767878077,
        "f1-score": 0.3687867450561197,
        "support": 2559
    },
    "UP": {
        "precision": 0.41739401496259354,
        "recall": 0.7308951965065502,
        "f1-score": 0.5313492063492065,
        "support": 1832
    },
    "accuracy": 0.46208153040309724,
    "macro avg": {
        "precision": 0.500328452958896,
        "recall": 0.500265886647179,
        "f1-score": 0.4500679757026631,
        "support": 4391
    },
    "weighted avg": {
        "precision": 0.5140595703406571,
        "recall": 0.46208153040309724,
        "f1-score": 0.4366105731337637,
        "support": 4391
    }
}