{
    "DOWN": {
        "precision": 0.8334310850439882,
        "recall": 0.62215411558669,
        "f1-score": 0.7124592629731762,
        "support": 2284
    },
    "UP": {
        "precision": 0.3220738413197172,
        "recall": 0.590778097982709,
        "f1-score": 0.41687849517031017,
        "support": 694
    },
    "accuracy": 0.6148421759570182,
    "macro avg": {
        "precision": 0.5777524631818527,
        "recall": 0.6064661067846995,
        "f1-score": 0.5646688790717431,
        "support": 2978
    },
    "weighted avg": {
        "precision": 0.7142632115904476,
        "recall": 0.6148421759570182,
        "f1-score": 0.6435764379714337,
        "support": 2978
    }
}