{
    "DOWN": {
        "precision": 0.5946666666666667,
        "recall": 0.3960923623445826,
        "f1-score": 0.47547974413646055,
        "support": 563
    },
    "UP": {
        "precision": 0.3971631205673759,
        "recall": 0.5957446808510638,
        "f1-score": 0.4765957446808511,
        "support": 376
    },
    "accuracy": 0.476038338658147,
    "macro avg": {
        "precision": 0.4959148936170213,
        "recall": 0.49591852159782324,
        "f1-score": 0.4760377444086558,
        "support": 939
    },
    "weighted avg": {
        "precision": 0.5155811146609869,
        "recall": 0.476038338658147,
        "f1-score": 0.47592661975380973,
        "support": 939
    }
}