{
    "R2": 0.9140878247074745,
    "RMSE": 40.72903907777165,
    "MSE": 1658.85462419865,
    "MAPE": 0.0759580188227307,
    "ACMAPE": 1.0556288803909786
}