{
    "DOWN": {
        "precision": 0.6874695270599708,
        "recall": 0.5048335123523093,
        "f1-score": 0.5821635012386458,
        "support": 2793
    },
    "UP": {
        "precision": 0.33541566554541086,
        "recall": 0.5212845407020165,
        "f1-score": 0.408187134502924,
        "support": 1339
    },
    "accuracy": 0.510164569215876,
    "macro avg": {
        "precision": 0.5114425963026908,
        "recall": 0.5130590265271628,
        "f1-score": 0.4951753178707849,
        "support": 4132
    },
    "weighted avg": {
        "precision": 0.5733843091103106,
        "recall": 0.510164569215876,
        "f1-score": 0.5257853901401145,
        "support": 4132
    }
}