{
    "R2": 0.9519020055467583,
    "RMSE": 12.78329160209485,
    "MSE": 163.41254418418873,
    "MAPE": 0.049473409842752114,
    "ACMAPE": 1.0001026450799253
}