{
    "DOWN": {
        "precision": 0.571537290715373,
        "recall": 0.4518652226233454,
        "f1-score": 0.5047043010752689,
        "support": 1662
    },
    "UP": {
        "precision": 0.4190051020408163,
        "recall": 0.5385245901639344,
        "f1-score": 0.4713055954088953,
        "support": 1220
    },
    "accuracy": 0.48854961832061067,
    "macro avg": {
        "precision": 0.49527119637809464,
        "recall": 0.4951949063936399,
        "f1-score": 0.48800494824208207,
        "support": 2882
    },
    "weighted avg": {
        "precision": 0.5069678007143461,
        "recall": 0.48854961832061067,
        "f1-score": 0.4905660564836742,
        "support": 2882
    }
}