{
    "R2": 0.9070417131855677,
    "RMSE": 26.173246070530716,
    "MSE": 685.0388098685515,
    "MAPE": 0.09903810430703923,
    "ACMAPE": 1.1556506333093592
}