{
    "R2": 0.8598262442838185,
    "RMSE": 35.928885969789924,
    "MSE": 1290.884847030167,
    "MAPE": 0.06093344227589368,
    "ACMAPE": 0.5563123701871692
}