{
    "R2": 0.9319771103430201,
    "RMSE": 61.0042250186462,
    "MSE": 3721.5154701256197,
    "MAPE": 0.07436080147938842,
    "ACMAPE": 0.7908867363406671
}