{
    "DOWN": {
        "precision": 0.862876254180602,
        "recall": 0.12958312405826217,
        "f1-score": 0.22532751091703054,
        "support": 3982
    },
    "UP": {
        "precision": 0.04544202698980997,
        "recall": 0.6680161943319838,
        "f1-score": 0.0850954100051573,
        "support": 247
    },
    "accuracy": 0.16103097659021046,
    "macro avg": {
        "precision": 0.45415914058520596,
        "recall": 0.39879965919512295,
        "f1-score": 0.1552114604610939,
        "support": 4229
    },
    "weighted avg": {
        "precision": 0.8151329923891322,
        "recall": 0.16103097659021046,
        "f1-score": 0.21713708080938507,
        "support": 4229
    }
}