{
    "DOWN": {
        "precision": 0.9404761904761905,
        "recall": 0.18544600938967137,
        "f1-score": 0.3098039215686275,
        "support": 426
    },
    "UP": {
        "precision": 0.2219730941704036,
        "recall": 0.9519230769230769,
        "f1-score": 0.36,
        "support": 104
    },
    "accuracy": 0.33584905660377357,
    "macro avg": {
        "precision": 0.5812246423232971,
        "recall": 0.5686845431563741,
        "f1-score": 0.3349019607843138,
        "support": 530
    },
    "weighted avg": {
        "precision": 0.7994869036539228,
        "recall": 0.33584905660377357,
        "f1-score": 0.31965371809101,
        "support": 530
    }
}