{
    "R2": 0.07418034607613222,
    "RMSE": 95.08848646060277,
    "MSE": 9041.820257368236,
    "MAPE": 0.779592945432969,
    "ACMAPE": 2.1871401152442895
}