{
    "R2": 0.9918985768534528,
    "RMSE": 211.23861117386755,
    "MSE": 44621.7508506644,
    "MAPE": 0.03971108331735321,
    "ACMAPE": 1.0896507696864728
}