{
    "R2": -0.23029361583921548,
    "RMSE": 127.07799020078635,
    "MSE": 16148.815593471152,
    "MAPE": 0.09551928198100658,
    "ACMAPE": 0.9964201828819074
}