{
    "DOWN": {
        "precision": 0.6289592760180995,
        "recall": 0.44694533762057875,
        "f1-score": 0.5225563909774436,
        "support": 311
    },
    "UP": {
        "precision": 0.35580524344569286,
        "recall": 0.536723163841808,
        "f1-score": 0.42792792792792794,
        "support": 177
    },
    "accuracy": 0.47950819672131145,
    "macro avg": {
        "precision": 0.4923822597318962,
        "recall": 0.49183425073119336,
        "f1-score": 0.4752421594526858,
        "support": 488
    },
    "weighted avg": {
        "precision": 0.5298849650235996,
        "recall": 0.47950819672131145,
        "f1-score": 0.4882341820435004,
        "support": 488
    }
}