{
    "R2": 0.46897597431279836,
    "RMSE": 38.46103545626404,
    "MSE": 1479.2512483679996,
    "MAPE": 0.15457543871016663,
    "ACMAPE": 1.0481924599867622
}