{
    "DOWN": {
        "precision": 0.6613603473227206,
        "recall": 0.6005256241787122,
        "f1-score": 0.6294765840220385,
        "support": 761
    },
    "UP": {
        "precision": 0.30434782608695654,
        "recall": 0.36239782016348776,
        "f1-score": 0.33084577114427866,
        "support": 367
    },
    "accuracy": 0.5230496453900709,
    "macro avg": {
        "precision": 0.4828540867048386,
        "recall": 0.4814617221711,
        "f1-score": 0.48016117758315857,
        "support": 1128
    },
    "weighted avg": {
        "precision": 0.5452046777362619,
        "recall": 0.5230496453900709,
        "f1-score": 0.5323156723853915,
        "support": 1128
    }
}