{
    "R2": 0.9611045977531041,
    "RMSE": 16.774361312199222,
    "MSE": 281.379197432206,
    "MAPE": 0.04917092012971969,
    "ACMAPE": 1.036056166031359
}