{
    "R2": -0.022824208127391055,
    "RMSE": 14.100770034331516,
    "MSE": 198.83171556110165,
    "MAPE": 0.028964224795346202,
    "ACMAPE": 1.0877877542071108
}