{
    "DOWN": {
        "precision": 0.7017892644135189,
        "recall": 0.4543114543114543,
        "f1-score": 0.5515625,
        "support": 777
    },
    "UP": {
        "precision": 0.10359408033826638,
        "recall": 0.24623115577889448,
        "f1-score": 0.14583333333333331,
        "support": 199
    },
    "accuracy": 0.41188524590163933,
    "macro avg": {
        "precision": 0.4026916723758926,
        "recall": 0.3502713050451744,
        "f1-score": 0.3486979166666666,
        "support": 976
    },
    "weighted avg": {
        "precision": 0.5798211889719459,
        "recall": 0.41188524590163933,
        "f1-score": 0.46883698343579233,
        "support": 976
    }
}