{
    "DOWN": {
        "precision": 0.9833024118738405,
        "recall": 0.13723459347488348,
        "f1-score": 0.24085435128379912,
        "support": 3862
    },
    "UP": {
        "precision": 0.008333333333333333,
        "recall": 0.7567567567567568,
        "f1-score": 0.01648513394171328,
        "support": 37
    },
    "accuracy": 0.14311361887663504,
    "macro avg": {
        "precision": 0.4958178726035869,
        "recall": 0.44699567511582017,
        "f1-score": 0.1286697426127562,
        "support": 3899
    },
    "weighted avg": {
        "precision": 0.9740503329033356,
        "recall": 0.14311361887663504,
        "f1-score": 0.2387251743046616,
        "support": 3899
    }
}