{
    "R2": 0.9720505896798887,
    "RMSE": 31.040883896370342,
    "MSE": 963.5364730679437,
    "MAPE": 0.01713821074851866,
    "ACMAPE": 1.7309109729952485
}