{
    "R2": 0.9509221440338151,
    "RMSE": 30.28888293572907,
    "MSE": 917.4164294942997,
    "MAPE": 0.04370448512910095,
    "ACMAPE": 0.647845168591311
}