{
    "DOWN": {
        "precision": 0.6086956521739131,
        "recall": 0.3870967741935484,
        "f1-score": 0.47323943661971835,
        "support": 217
    },
    "UP": {
        "precision": 0.39545454545454545,
        "recall": 0.6170212765957447,
        "f1-score": 0.481994459833795,
        "support": 141
    },
    "accuracy": 0.4776536312849162,
    "macro avg": {
        "precision": 0.5020750988142293,
        "recall": 0.5020590253946465,
        "f1-score": 0.4776169482267567,
        "support": 358
    },
    "weighted avg": {
        "precision": 0.524709629695056,
        "recall": 0.4776536312849162,
        "f1-score": 0.47668764408671505,
        "support": 358
    }
}