{
    "DOWN": {
        "precision": 0.6016260162601627,
        "recall": 0.31322751322751324,
        "f1-score": 0.4119693806541406,
        "support": 945
    },
    "UP": {
        "precision": 0.29456521739130437,
        "recall": 0.5802997858672377,
        "f1-score": 0.3907714491708724,
        "support": 467
    },
    "accuracy": 0.40155807365439095,
    "macro avg": {
        "precision": 0.4480956168257335,
        "recall": 0.44676364954737546,
        "f1-score": 0.4013704149125065,
        "support": 1412
    },
    "weighted avg": {
        "precision": 0.500069788872233,
        "recall": 0.40155807365439095,
        "f1-score": 0.40495845005733727,
        "support": 1412
    }
}