{
    "R2": 0.9787354592524132,
    "RMSE": 592.1022140562794,
    "MSE": 350585.0318903481,
    "MAPE": 0.4997407623284265,
    "ACMAPE": 1.7373020797776204
}