{
    "R2": 0.9867486500644249,
    "RMSE": 10.526140666843613,
    "MSE": 110.7996373381789,
    "MAPE": 0.055225088126716344,
    "ACMAPE": 1.5382501408075875
}