{
    "R2": 0.9874995511291499,
    "RMSE": 55.632891393734134,
    "MSE": 3095.0186048270175,
    "MAPE": 0.11158213183765987,
    "ACMAPE": 0.9573792332869352
}