{
    "R2": 0.9621139337367774,
    "RMSE": 96.89990213805962,
    "MSE": 9389.59103436553,
    "MAPE": 0.3368908351918385,
    "ACMAPE": 1.5814639176809846
}