{
    "DOWN": {
        "precision": 0.6538812785388128,
        "recall": 0.31836371720764783,
        "f1-score": 0.4282296650717703,
        "support": 2249
    },
    "UP": {
        "precision": 0.34626865671641793,
        "recall": 0.6817800167926112,
        "f1-score": 0.4592760180995476,
        "support": 1191
    },
    "accuracy": 0.4441860465116279,
    "macro avg": {
        "precision": 0.5000749676276154,
        "recall": 0.5000718670001295,
        "f1-score": 0.443752841585659,
        "support": 3440
    },
    "weighted avg": {
        "precision": 0.5473793504601872,
        "recall": 0.4441860465116279,
        "f1-score": 0.43897856229737575,
        "support": 3440
    }
}