{
    "DOWN": {
        "precision": 0.6387096774193548,
        "recall": 0.1767857142857143,
        "f1-score": 0.2769230769230769,
        "support": 560
    },
    "UP": {
        "precision": 0.35070422535211265,
        "recall": 0.8163934426229508,
        "f1-score": 0.49064039408867,
        "support": 305
    },
    "accuracy": 0.4023121387283237,
    "macro avg": {
        "precision": 0.49470695138573373,
        "recall": 0.49658957845433255,
        "f1-score": 0.38378173550587347,
        "support": 865
    },
    "weighted avg": {
        "precision": 0.5371586220661654,
        "recall": 0.4023121387283237,
        "f1-score": 0.352280050027708,
        "support": 865
    }
}