{
    "DOWN": {
        "precision": 0.6883116883116883,
        "recall": 0.5145631067961165,
        "f1-score": 0.5888888888888889,
        "support": 103
    },
    "UP": {
        "precision": 0.3902439024390244,
        "recall": 0.5714285714285714,
        "f1-score": 0.463768115942029,
        "support": 56
    },
    "accuracy": 0.5345911949685535,
    "macro avg": {
        "precision": 0.5392777953753564,
        "recall": 0.542995839112344,
        "f1-score": 0.5263285024154589,
        "support": 159
    },
    "weighted avg": {
        "precision": 0.5833318391993035,
        "recall": 0.5345911949685535,
        "f1-score": 0.5448211952723848,
        "support": 159
    }
}