{
    "R2": 0.9695303375167403,
    "RMSE": 445.5134007498474,
    "MSE": 198482.19024769415,
    "MAPE": 1.1826848573737858,
    "ACMAPE": 2.220285573577904
}