{
    "DOWN": {
        "precision": 0.8029689608636977,
        "recall": 0.9001512859304085,
        "f1-score": 0.8487874465049929,
        "support": 661
    },
    "UP": {
        "precision": 0.472,
        "recall": 0.28780487804878047,
        "f1-score": 0.3575757575757575,
        "support": 205
    },
    "accuracy": 0.7551963048498845,
    "macro avg": {
        "precision": 0.6374844804318489,
        "recall": 0.5939780819895945,
        "f1-score": 0.6031816020403752,
        "support": 866
    },
    "weighted avg": {
        "precision": 0.7246218050010441,
        "recall": 0.7551963048498845,
        "f1-score": 0.7325075432365249,
        "support": 866
    }
}