{
    "DOWN": {
        "precision": 0.6535433070866141,
        "recall": 0.5111624326404927,
        "f1-score": 0.5736501079913606,
        "support": 1299
    },
    "UP": {
        "precision": 0.38528557599225555,
        "recall": 0.5306666666666666,
        "f1-score": 0.44643858665171055,
        "support": 750
    },
    "accuracy": 0.5183016105417276,
    "macro avg": {
        "precision": 0.5194144415394348,
        "recall": 0.5209145496535796,
        "f1-score": 0.5100443473215356,
        "support": 2049
    },
    "weighted avg": {
        "precision": 0.555352336700685,
        "recall": 0.5183016105417276,
        "f1-score": 0.5270865935917816,
        "support": 2049
    }
}