{
    "R2": 0.8653911448850496,
    "RMSE": 37.61336034448889,
    "MSE": 1414.7648764043695,
    "MAPE": 0.3832811751786514,
    "ACMAPE": 1.8384419196794974
}