{
    "DOWN": {
        "precision": 0.6174242424242424,
        "recall": 0.6082089552238806,
        "f1-score": 0.6127819548872182,
        "support": 268
    },
    "UP": {
        "precision": 0.4262295081967213,
        "recall": 0.43575418994413406,
        "f1-score": 0.430939226519337,
        "support": 179
    },
    "accuracy": 0.5391498881431768,
    "macro avg": {
        "precision": 0.5218268753104819,
        "recall": 0.5219815725840073,
        "f1-score": 0.5218605907032776,
        "support": 447
    },
    "weighted avg": {
        "precision": 0.5408608029908503,
        "recall": 0.5391498881431768,
        "f1-score": 0.5399635021403486,
        "support": 447
    }
}