{
    "DOWN": {
        "precision": 0.5862068965517241,
        "recall": 0.12686567164179105,
        "f1-score": 0.2085889570552147,
        "support": 268
    },
    "UP": {
        "precision": 0.39845758354755784,
        "recall": 0.8659217877094972,
        "f1-score": 0.545774647887324,
        "support": 179
    },
    "accuracy": 0.4228187919463087,
    "macro avg": {
        "precision": 0.49233224004964093,
        "recall": 0.49639372967564416,
        "f1-score": 0.37718180247126937,
        "support": 447
    },
    "weighted avg": {
        "precision": 0.5110231671831654,
        "recall": 0.4228187919463087,
        "f1-score": 0.34361409946896765,
        "support": 447
    }
}