{
    "R2": 0.9683074332790502,
    "RMSE": 68.12680493048576,
    "MSE": 4641.261550036458,
    "MAPE": 0.049650261062660864,
    "ACMAPE": 1.148526665557043
}