{
    "DOWN": {
        "precision": 0.5943396226415094,
        "recall": 0.5454545454545454,
        "f1-score": 0.5688487584650113,
        "support": 231
    },
    "UP": {
        "precision": 0.4385026737967914,
        "recall": 0.4880952380952381,
        "f1-score": 0.46197183098591543,
        "support": 168
    },
    "accuracy": 0.5213032581453634,
    "macro avg": {
        "precision": 0.5164211482191504,
        "recall": 0.5167748917748918,
        "f1-score": 0.5154102947254633,
        "support": 399
    },
    "weighted avg": {
        "precision": 0.528724065233207,
        "recall": 0.5213032581453634,
        "f1-score": 0.5238479468948657,
        "support": 399
    }
}