{
    "R2": 0.8742679222471682,
    "RMSE": 81.21729682529447,
    "MSE": 6596.249303607988,
    "MAPE": 0.050562331451873006,
    "ACMAPE": 0.6975088963373692
}