{
    "DOWN": {
        "precision": 0.8253521126760563,
        "recall": 0.37757731958762886,
        "f1-score": 0.5181255526083112,
        "support": 776
    },
    "UP": {
        "precision": 0.30303030303030304,
        "recall": 0.7720588235294118,
        "f1-score": 0.43523316062176165,
        "support": 272
    },
    "accuracy": 0.4799618320610687,
    "macro avg": {
        "precision": 0.5641912078531797,
        "recall": 0.5748180715585203,
        "f1-score": 0.4766793566150364,
        "support": 1048
    },
    "weighted avg": {
        "precision": 0.689787673531357,
        "recall": 0.4799618320610687,
        "f1-score": 0.4966114966728708,
        "support": 1048
    }
}