{
    "R2": 0.6712144298850156,
    "RMSE": 82.21988490449772,
    "MSE": 6760.109473708851,
    "MAPE": 0.32538417049053986,
    "ACMAPE": 1.5142461559626947
}