{
    "DOWN": {
        "precision": 0.696969696969697,
        "recall": 0.6124260355029586,
        "f1-score": 0.6519685039370079,
        "support": 338
    },
    "UP": {
        "precision": 0.28415300546448086,
        "recall": 0.36619718309859156,
        "f1-score": 0.31999999999999995,
        "support": 142
    },
    "accuracy": 0.5395833333333333,
    "macro avg": {
        "precision": 0.49056135121708894,
        "recall": 0.4893116093007751,
        "f1-score": 0.4859842519685039,
        "support": 480
    },
    "weighted avg": {
        "precision": 0.5748447590660706,
        "recall": 0.5395833333333333,
        "f1-score": 0.553761154855643,
        "support": 480
    }
}