{
    "DOWN": {
        "precision": 0.5779334500875657,
        "recall": 0.6122448979591837,
        "f1-score": 0.5945945945945946,
        "support": 539
    },
    "UP": {
        "precision": 0.4557291666666667,
        "recall": 0.4206730769230769,
        "f1-score": 0.4375,
        "support": 416
    },
    "accuracy": 0.5287958115183246,
    "macro avg": {
        "precision": 0.5168313083771162,
        "recall": 0.5164589874411303,
        "f1-score": 0.5160472972972974,
        "support": 955
    },
    "weighted avg": {
        "precision": 0.5247010083042212,
        "recall": 0.5287958115183246,
        "f1-score": 0.5261638601952738,
        "support": 955
    }
}