{
    "DOWN": {
        "precision": 0.5582733812949641,
        "recall": 0.36312587739822183,
        "f1-score": 0.4400340232492203,
        "support": 2137
    },
    "UP": {
        "precision": 0.4417555373256768,
        "recall": 0.6369012418687168,
        "f1-score": 0.521675950593364,
        "support": 1691
    },
    "accuracy": 0.4840647857889237,
    "macro avg": {
        "precision": 0.5000144593103204,
        "recall": 0.5000135596334693,
        "f1-score": 0.48085498692129214,
        "support": 3828
    },
    "weighted avg": {
        "precision": 0.5068022020493881,
        "recall": 0.4840647857889237,
        "f1-score": 0.4760989394297185,
        "support": 3828
    }
}