{
    "R2": 0.9567731954179416,
    "RMSE": 181.23640464728004,
    "MSE": 32846.63436947263,
    "MAPE": 0.2957990839445141,
    "ACMAPE": 1.3276695123666666
}