{
    "R2": 0.9289355138276407,
    "RMSE": 471.90706539449343,
    "MSE": 222696.27836924267,
    "MAPE": 0.09266332448959956,
    "ACMAPE": 0.9857450854958889
}