{
    "R2": 0.9843764229768166,
    "RMSE": 87.98984996336853,
    "MSE": 7742.213696576104,
    "MAPE": 0.04464144511051245,
    "ACMAPE": 1.0362316591777907
}