{
    "DOWN": {
        "precision": 0.622356495468278,
        "recall": 0.1358839050131926,
        "f1-score": 0.22306442880346508,
        "support": 1516
    },
    "UP": {
        "precision": 0.42417582417582417,
        "recall": 0.8853211009174312,
        "f1-score": 0.5735512630014858,
        "support": 1090
    },
    "accuracy": 0.4493476592478895,
    "macro avg": {
        "precision": 0.523266159822051,
        "recall": 0.510602502965312,
        "f1-score": 0.3983078459024755,
        "support": 2606
    },
    "weighted avg": {
        "precision": 0.5394643497626853,
        "recall": 0.4493476592478895,
        "f1-score": 0.3696609941433893,
        "support": 2606
    }
}