{
    "DOWN": {
        "precision": 0.6060254924681344,
        "recall": 0.34227748691099474,
        "f1-score": 0.4374738603094939,
        "support": 1528
    },
    "UP": {
        "precision": 0.4299489506522972,
        "recall": 0.6903460837887068,
        "f1-score": 0.529884655714785,
        "support": 1098
    },
    "accuracy": 0.4878141660319878,
    "macro avg": {
        "precision": 0.5179872215602158,
        "recall": 0.5163117853498508,
        "f1-score": 0.4836792580121395,
        "support": 2626
    },
    "weighted avg": {
        "precision": 0.5324032369792581,
        "recall": 0.4878141660319878,
        "f1-score": 0.4761132561034808,
        "support": 2626
    }
}