{
    "DOWN": {
        "precision": 0.7135549872122762,
        "recall": 0.363754889178618,
        "f1-score": 0.48186528497409326,
        "support": 767
    },
    "UP": {
        "precision": 0.2998565279770445,
        "recall": 0.6510903426791277,
        "f1-score": 0.41060903732809434,
        "support": 321
    },
    "accuracy": 0.4485294117647059,
    "macro avg": {
        "precision": 0.5067057575946603,
        "recall": 0.5074226159288728,
        "f1-score": 0.4462371611510938,
        "support": 1088
    },
    "weighted avg": {
        "precision": 0.591498732235705,
        "recall": 0.4485294117647059,
        "f1-score": 0.46084207220353657,
        "support": 1088
    }
}