{
    "DOWN": {
        "precision": 0.7239583333333334,
        "recall": 0.3624511082138201,
        "f1-score": 0.48305821025195483,
        "support": 767
    },
    "UP": {
        "precision": 0.3053977272727273,
        "recall": 0.6697819314641744,
        "f1-score": 0.41951219512195126,
        "support": 321
    },
    "accuracy": 0.453125,
    "macro avg": {
        "precision": 0.5146780303030303,
        "recall": 0.5161165198389972,
        "f1-score": 0.45128520268695305,
        "support": 1088
    },
    "weighted avg": {
        "precision": 0.6004675662878789,
        "recall": 0.453125,
        "f1-score": 0.4643097995380475,
        "support": 1088
    }
}