{
    "R2": -21.026865229122766,
    "RMSE": 11608548.015570695,
    "MSE": 134758387029810.3,
    "MAPE": 38481.42073208357,
    "ACMAPE": 38483.20807830501
}