{
    "R2": -0.23630301138719778,
    "RMSE": 96.59111121606088,
    "MSE": 9329.842765953443,
    "MAPE": 0.1311396740039639,
    "ACMAPE": 1.0200285628928527
}