{
    "R2": 0.6467305269011974,
    "RMSE": 11.556679173342998,
    "MSE": 133.5568335155798,
    "MAPE": 0.070583508725374,
    "ACMAPE": 1.2942433978196437
}