{
    "R2": 0.4729298030416602,
    "RMSE": 14.116083919723746,
    "MSE": 199.26382522868332,
    "MAPE": 0.10029041804054252,
    "ACMAPE": 1.3498283108316702
}