{
    "DOWN": {
        "precision": 0.7826747720364742,
        "recall": 0.30700447093889716,
        "f1-score": 0.44101905373581674,
        "support": 3355
    },
    "UP": {
        "precision": 0.22706117021276595,
        "recall": 0.7048503611971104,
        "f1-score": 0.343474981141564,
        "support": 969
    },
    "accuracy": 0.3961609620721554,
    "macro avg": {
        "precision": 0.50486797112462,
        "recall": 0.5059274160680038,
        "f1-score": 0.3922470174386904,
        "support": 4324
    },
    "weighted avg": {
        "precision": 0.6581628432281547,
        "recall": 0.3961609620721554,
        "f1-score": 0.4191596165610178,
        "support": 4324
    }
}