{
    "DOWN": {
        "precision": 0.5776119402985075,
        "recall": 0.5793413173652695,
        "f1-score": 0.57847533632287,
        "support": 668
    },
    "UP": {
        "precision": 0.3196125907990315,
        "recall": 0.3180722891566265,
        "f1-score": 0.3188405797101449,
        "support": 415
    },
    "accuracy": 0.4792243767313019,
    "macro avg": {
        "precision": 0.4486122655487695,
        "recall": 0.44870680326094803,
        "f1-score": 0.44865795801650743,
        "support": 1083
    },
    "weighted avg": {
        "precision": 0.4787479236389668,
        "recall": 0.4792243767313019,
        "f1-score": 0.478984640113931,
        "support": 1083
    }
}