{
    "DOWN": {
        "precision": 0.6770833333333334,
        "recall": 0.5803571428571429,
        "f1-score": 0.625,
        "support": 224
    },
    "UP": {
        "precision": 0.37748344370860926,
        "recall": 0.4789915966386555,
        "f1-score": 0.4222222222222222,
        "support": 119
    },
    "accuracy": 0.5451895043731778,
    "macro avg": {
        "precision": 0.5272833885209713,
        "recall": 0.5296743697478992,
        "f1-score": 0.5236111111111111,
        "support": 343
    },
    "weighted avg": {
        "precision": 0.5731405144839393,
        "recall": 0.5451895043731778,
        "f1-score": 0.5546485260770975,
        "support": 343
    }
}