{
    "DOWN": {
        "precision": 0.7922077922077922,
        "recall": 0.24897959183673468,
        "f1-score": 0.37888198757763975,
        "support": 980
    },
    "UP": {
        "precision": 0.2950191570881226,
        "recall": 0.8279569892473119,
        "f1-score": 0.4350282485875706,
        "support": 372
    },
    "accuracy": 0.40828402366863903,
    "macro avg": {
        "precision": 0.5436134746479574,
        "recall": 0.5384682905420233,
        "f1-score": 0.4069551180826052,
        "support": 1352
    },
    "weighted avg": {
        "precision": 0.6554073689352204,
        "recall": 0.40828402366863903,
        "f1-score": 0.3943305150152834,
        "support": 1352
    }
}