{
    "DOWN": {
        "precision": 0.7079646017699115,
        "recall": 0.7142857142857143,
        "f1-score": 0.7111111111111112,
        "support": 112
    },
    "UP": {
        "precision": 0.49206349206349204,
        "recall": 0.484375,
        "f1-score": 0.4881889763779527,
        "support": 64
    },
    "accuracy": 0.6306818181818182,
    "macro avg": {
        "precision": 0.6000140469167018,
        "recall": 0.5993303571428572,
        "f1-score": 0.599650043744532,
        "support": 176
    },
    "weighted avg": {
        "precision": 0.6294551073312135,
        "recall": 0.6306818181818182,
        "f1-score": 0.63004851666269,
        "support": 176
    }
}