{
    "DOWN": {
        "precision": 0.5384615384615384,
        "recall": 0.6008583690987125,
        "f1-score": 0.5679513184584178,
        "support": 233
    },
    "UP": {
        "precision": 0.40384615384615385,
        "recall": 0.3442622950819672,
        "f1-score": 0.3716814159292035,
        "support": 183
    },
    "accuracy": 0.4879807692307692,
    "macro avg": {
        "precision": 0.47115384615384615,
        "recall": 0.4725603320903399,
        "f1-score": 0.4698163671938107,
        "support": 416
    },
    "weighted avg": {
        "precision": 0.4792437130177515,
        "recall": 0.4879807692307692,
        "f1-score": 0.481611433451576,
        "support": 416
    }
}