{
    "DOWN": {
        "precision": 0.549618320610687,
        "recall": 0.6180257510729614,
        "f1-score": 0.5818181818181818,
        "support": 233
    },
    "UP": {
        "precision": 0.42207792207792205,
        "recall": 0.3551912568306011,
        "f1-score": 0.3857566765578635,
        "support": 183
    },
    "accuracy": 0.5024038461538461,
    "macro avg": {
        "precision": 0.48584812134430455,
        "recall": 0.48660850395178123,
        "f1-score": 0.48378742918802264,
        "support": 416
    },
    "weighted avg": {
        "precision": 0.4935128087561293,
        "recall": 0.5024038461538461,
        "f1-score": 0.4955699715714552,
        "support": 416
    }
}