{
    "DOWN": {
        "precision": 0.6371022342586323,
        "recall": 0.5963244613434727,
        "f1-score": 0.6160392798690671,
        "support": 1578
    },
    "UP": {
        "precision": 0.38808837656099904,
        "recall": 0.4297872340425532,
        "f1-score": 0.40787481070166576,
        "support": 940
    },
    "accuracy": 0.534154090548054,
    "macro avg": {
        "precision": 0.5125953054098157,
        "recall": 0.5130558476930129,
        "f1-score": 0.5119570452853665,
        "support": 2518
    },
    "weighted avg": {
        "precision": 0.5441423350387057,
        "recall": 0.534154090548054,
        "f1-score": 0.5383289538097513,
        "support": 2518
    }
}