{
    "R2": 0.9530004318913254,
    "RMSE": 8.812016787226437,
    "MSE": 77.65163985836053,
    "MAPE": 0.048434913189402615,
    "ACMAPE": 0.8114741920045989
}