{
    "DOWN": {
        "precision": 0.6826923076923077,
        "recall": 0.6261022927689595,
        "f1-score": 0.6531738730450782,
        "support": 2268
    },
    "UP": {
        "precision": 0.3172302737520129,
        "recall": 0.3738140417457306,
        "f1-score": 0.34320557491289205,
        "support": 1054
    },
    "accuracy": 0.5460565924142083,
    "macro avg": {
        "precision": 0.49996129072216033,
        "recall": 0.499958167257345,
        "f1-score": 0.49818972397898514,
        "support": 3322
    },
    "weighted avg": {
        "precision": 0.5667389712163683,
        "recall": 0.5460565924142083,
        "f1-score": 0.5548275195738789,
        "support": 3322
    }
}