{
    "DOWN": {
        "precision": 0.6872659176029963,
        "recall": 0.5485799701046338,
        "f1-score": 0.6101413133832086,
        "support": 669
    },
    "UP": {
        "precision": 0.33916849015317285,
        "recall": 0.4813664596273292,
        "f1-score": 0.3979460847240051,
        "support": 322
    },
    "accuracy": 0.5267406659939455,
    "macro avg": {
        "precision": 0.5132172038780846,
        "recall": 0.5149732148659815,
        "f1-score": 0.5040436990536069,
        "support": 991
    },
    "weighted avg": {
        "precision": 0.5741605980885229,
        "recall": 0.5267406659939455,
        "f1-score": 0.5411939232436894,
        "support": 991
    }
}