{
    "DOWN": {
        "precision": 0.6010498687664042,
        "recall": 0.5264367816091954,
        "f1-score": 0.5612745098039215,
        "support": 435
    },
    "UP": {
        "precision": 0.39766081871345027,
        "recall": 0.4722222222222222,
        "f1-score": 0.43174603174603177,
        "support": 288
    },
    "accuracy": 0.5048409405255878,
    "macro avg": {
        "precision": 0.49935534373992724,
        "recall": 0.4993295019157088,
        "f1-score": 0.4965102707749766,
        "support": 723
    },
    "weighted avg": {
        "precision": 0.5200318239320325,
        "recall": 0.5048409405255878,
        "f1-score": 0.5096781036065878,
        "support": 723
    }
}