{
    "DOWN": {
        "precision": 0.8607723577235772,
        "recall": 0.47055555555555556,
        "f1-score": 0.6084770114942529,
        "support": 3600
    },
    "UP": {
        "precision": 0.10474401127289808,
        "recall": 0.448692152917505,
        "f1-score": 0.16984006092916987,
        "support": 497
    },
    "accuracy": 0.4679033439101782,
    "macro avg": {
        "precision": 0.48275818449823765,
        "recall": 0.4596238542365303,
        "f1-score": 0.38915853621171137,
        "support": 4097
    },
    "weighted avg": {
        "precision": 0.7690598636581665,
        "recall": 0.4679033439101782,
        "f1-score": 0.5552667199563359,
        "support": 4097
    }
}