{
    "DOWN": {
        "precision": 0.6485849056603774,
        "recall": 0.6275673208580557,
        "f1-score": 0.6379030387381118,
        "support": 2191
    },
    "UP": {
        "precision": 0.3780487804878049,
        "recall": 0.3996776792908944,
        "f1-score": 0.3885624755189973,
        "support": 1241
    },
    "accuracy": 0.5451631701631702,
    "macro avg": {
        "precision": 0.5133168430740911,
        "recall": 0.5136225000744751,
        "f1-score": 0.5132327571285545,
        "support": 3432
    },
    "weighted avg": {
        "precision": 0.5507599256664489,
        "recall": 0.5451631701631702,
        "f1-score": 0.5477423047768877,
        "support": 3432
    }
}