{
    "R2": 0.9039183120043277,
    "RMSE": 52.678165843900004,
    "MSE": 2774.989156677433,
    "MAPE": 0.04232255771554663,
    "ACMAPE": 1.119550280487824
}