{
    "DOWN": {
        "precision": 0.6967821782178217,
        "recall": 0.2201798983183418,
        "f1-score": 0.33462109955423475,
        "support": 2557
    },
    "UP": {
        "precision": 0.31454107940873155,
        "recall": 0.7887931034482759,
        "f1-score": 0.44974195133939543,
        "support": 1160
    },
    "accuracy": 0.39763249932741457,
    "macro avg": {
        "precision": 0.5056616288132767,
        "recall": 0.5044865008833088,
        "f1-score": 0.39218152544681506,
        "support": 3717
    },
    "weighted avg": {
        "precision": 0.5774925159583263,
        "recall": 0.39763249932741457,
        "f1-score": 0.3705479728581859,
        "support": 3717
    }
}