{
    "DOWN": {
        "precision": 0.657762938230384,
        "recall": 0.8678414096916299,
        "f1-score": 0.7483380816714151,
        "support": 454
    },
    "UP": {
        "precision": 0.5,
        "recall": 0.22641509433962265,
        "f1-score": 0.31168831168831174,
        "support": 265
    },
    "accuracy": 0.631432545201669,
    "macro avg": {
        "precision": 0.578881469115192,
        "recall": 0.5471282520156263,
        "f1-score": 0.5300131966798635,
        "support": 719
    },
    "weighted avg": {
        "precision": 0.599616653625305,
        "recall": 0.631432545201669,
        "f1-score": 0.587403187310466,
        "support": 719
    }
}