{
    "DOWN": {
        "precision": 0.907035175879397,
        "recall": 0.7346357346357346,
        "f1-score": 0.8117832246458286,
        "support": 2457
    },
    "UP": {
        "precision": 0.11891891891891893,
        "recall": 0.32234432234432236,
        "f1-score": 0.17374136229022705,
        "support": 273
    },
    "accuracy": 0.6934065934065934,
    "macro avg": {
        "precision": 0.512977047399158,
        "recall": 0.5284900284900285,
        "f1-score": 0.49276229346802786,
        "support": 2730
    },
    "weighted avg": {
        "precision": 0.8282235501833493,
        "recall": 0.6934065934065934,
        "f1-score": 0.7479790384102685,
        "support": 2730
    }
}