{
    "DOWN": {
        "precision": 0.6727272727272727,
        "recall": 0.24183006535947713,
        "f1-score": 0.3557692307692308,
        "support": 153
    },
    "UP": {
        "precision": 0.35195530726256985,
        "recall": 0.7777777777777778,
        "f1-score": 0.4846153846153847,
        "support": 81
    },
    "accuracy": 0.42735042735042733,
    "macro avg": {
        "precision": 0.5123412899949213,
        "recall": 0.5098039215686274,
        "f1-score": 0.42019230769230775,
        "support": 234
    },
    "weighted avg": {
        "precision": 0.5616908231433371,
        "recall": 0.42735042735042733,
        "f1-score": 0.40036982248520714,
        "support": 234
    }
}