{
    "DOWN": {
        "precision": 0.6201550387596899,
        "recall": 0.6417112299465241,
        "f1-score": 0.6307490144546648,
        "support": 374
    },
    "UP": {
        "precision": 0.3963963963963964,
        "recall": 0.37446808510638296,
        "f1-score": 0.38512035010940915,
        "support": 235
    },
    "accuracy": 0.5385878489326765,
    "macro avg": {
        "precision": 0.5082757175780431,
        "recall": 0.5080896575264535,
        "f1-score": 0.507934682282037,
        "support": 609
    },
    "weighted avg": {
        "precision": 0.5338113918707343,
        "recall": 0.5385878489326765,
        "f1-score": 0.5359661965217665,
        "support": 609
    }
}