{
    "R2": 0.7411712949252641,
    "RMSE": 75.72412302705392,
    "MSE": 5734.1428082163975,
    "MAPE": 0.061999811810827574,
    "ACMAPE": 1.0715757352034405
}