{
    "DOWN": {
        "precision": 0.5893854748603352,
        "recall": 0.48729792147806006,
        "f1-score": 0.5335018963337548,
        "support": 433
    },
    "UP": {
        "precision": 0.40482573726541554,
        "recall": 0.5067114093959731,
        "f1-score": 0.45007451564828616,
        "support": 298
    },
    "accuracy": 0.4952120383036936,
    "macro avg": {
        "precision": 0.49710560606287535,
        "recall": 0.4970046654370166,
        "f1-score": 0.49178820599102047,
        "support": 731
    },
    "weighted avg": {
        "precision": 0.5141477158955116,
        "recall": 0.4952120383036936,
        "f1-score": 0.499491828694535,
        "support": 731
    }
}