{
    "R2": 0.6885218737371035,
    "RMSE": 154.4092783609602,
    "MSE": 23842.225243952493,
    "MAPE": 0.04420082055068468,
    "ACMAPE": 1.0111429693110154
}