{
    "R2": 0.8291528846989837,
    "RMSE": 114.35718115285977,
    "MSE": 13077.564881227985,
    "MAPE": 0.029240531731178188,
    "ACMAPE": 1.0292405317311781
}