{
    "R2": 0.9399937374103974,
    "RMSE": 13.938254596975497,
    "MSE": 194.27494121010858,
    "MAPE": 0.05174377733669332,
    "ACMAPE": 0.9603097061143642
}