{
    "DOWN": {
        "precision": 0.7635532331809275,
        "recall": 0.39924863387978143,
        "f1-score": 0.5243328100470958,
        "support": 2928
    },
    "UP": {
        "precision": 0.32476007677543184,
        "recall": 0.7003311258278145,
        "f1-score": 0.4437450826121164,
        "support": 1208
    },
    "accuracy": 0.48718568665377177,
    "macro avg": {
        "precision": 0.5441566549781797,
        "recall": 0.549789879853798,
        "f1-score": 0.4840389463296061,
        "support": 4136
    },
    "weighted avg": {
        "precision": 0.6353950772481812,
        "recall": 0.48718568665377177,
        "f1-score": 0.500795582111541,
        "support": 4136
    }
}