{
    "DOWN": {
        "precision": 0.6795302013422819,
        "recall": 0.5903790087463557,
        "f1-score": 0.6318252730109205,
        "support": 686
    },
    "UP": {
        "precision": 0.3656884875846501,
        "recall": 0.45892351274787535,
        "f1-score": 0.40703517587939697,
        "support": 353
    },
    "accuracy": 0.5457170356111646,
    "macro avg": {
        "precision": 0.5226093444634661,
        "recall": 0.5246512607471155,
        "f1-score": 0.5194302244451587,
        "support": 1039
    },
    "weighted avg": {
        "precision": 0.5729025546084571,
        "recall": 0.5457170356111646,
        "f1-score": 0.5554528915985742,
        "support": 1039
    }
}