{
    "R2": -6.593185114701788,
    "RMSE": 43.92391347705685,
    "MSE": 1929.310175139976,
    "MAPE": 0.13413238362711297,
    "ACMAPE": 1.184132383627113
}