{
    "DOWN": {
        "precision": 0.7383419689119171,
        "recall": 0.7421875,
        "f1-score": 0.7402597402597403,
        "support": 768
    },
    "UP": {
        "precision": 0.37341772151898733,
        "recall": 0.36875,
        "f1-score": 0.37106918238993714,
        "support": 320
    },
    "accuracy": 0.6323529411764706,
    "macro avg": {
        "precision": 0.5558798452154522,
        "recall": 0.55546875,
        "f1-score": 0.5556644613248387,
        "support": 1088
    },
    "weighted avg": {
        "precision": 0.6310113079139965,
        "recall": 0.6323529411764706,
        "f1-score": 0.6316742820627393,
        "support": 1088
    }
}