{
    "DOWN": {
        "precision": 0.6149606299212599,
        "recall": 0.26094219846308053,
        "f1-score": 0.36640863241848465,
        "support": 2993
    },
    "UP": {
        "precision": 0.27947882736156354,
        "recall": 0.6369710467706013,
        "f1-score": 0.3884989812089653,
        "support": 1347
    },
    "accuracy": 0.3776497695852535,
    "macro avg": {
        "precision": 0.4472197286414117,
        "recall": 0.44895662261684094,
        "f1-score": 0.377453806813725,
        "support": 4340
    },
    "weighted avg": {
        "precision": 0.5108375912005431,
        "recall": 0.3776497695852535,
        "f1-score": 0.37326478445092187,
        "support": 4340
    }
}