{
    "DOWN": {
        "precision": 0.4876847290640394,
        "recall": 0.4714285714285714,
        "f1-score": 0.47941888619854717,
        "support": 420
    },
    "UP": {
        "precision": 0.2974683544303797,
        "recall": 0.31125827814569534,
        "f1-score": 0.3042071197411003,
        "support": 302
    },
    "accuracy": 0.40443213296398894,
    "macro avg": {
        "precision": 0.3925765417472096,
        "recall": 0.39134342478713335,
        "f1-score": 0.39181300296982374,
        "support": 722
    },
    "weighted avg": {
        "precision": 0.4081205391203203,
        "recall": 0.40443213296398894,
        "f1-score": 0.406130862001665,
        "support": 722
    }
}