{
    "DOWN": {
        "precision": 0.5542635658914729,
        "recall": 0.680952380952381,
        "f1-score": 0.6111111111111112,
        "support": 420
    },
    "UP": {
        "precision": 0.34951456310679613,
        "recall": 0.23841059602649006,
        "f1-score": 0.28346456692913385,
        "support": 302
    },
    "accuracy": 0.49584487534626037,
    "macro avg": {
        "precision": 0.45188906449913446,
        "recall": 0.4596814884894355,
        "f1-score": 0.4472878390201225,
        "support": 722
    },
    "weighted avg": {
        "precision": 0.4686206312086856,
        "recall": 0.49584487534626037,
        "f1-score": 0.47406227961117053,
        "support": 722
    }
}