{
    "DOWN": {
        "precision": 0.7096774193548387,
        "recall": 0.3805031446540881,
        "f1-score": 0.4953940634595701,
        "support": 636
    },
    "UP": {
        "precision": 0.23346303501945526,
        "recall": 0.547945205479452,
        "f1-score": 0.3274215552523875,
        "support": 219
    },
    "accuracy": 0.4233918128654971,
    "macro avg": {
        "precision": 0.47157022718714703,
        "recall": 0.46422417506677005,
        "f1-score": 0.41140780935597876,
        "support": 855
    },
    "weighted avg": {
        "precision": 0.5876996998584072,
        "recall": 0.4233918128654971,
        "f1-score": 0.4523695262696601,
        "support": 855
    }
}