{
    "R2": 0.7372672473652622,
    "RMSE": 17.344411093335054,
    "MSE": 300.8285961746041,
    "MAPE": 0.11254801883839659,
    "ACMAPE": 1.1674930737834515
}