{
    "DOWN": {
        "precision": 0.667574931880109,
        "recall": 0.708092485549133,
        "f1-score": 0.6872370266479664,
        "support": 346
    },
    "UP": {
        "precision": 0.4388888888888889,
        "recall": 0.39303482587064675,
        "f1-score": 0.4146981627296588,
        "support": 201
    },
    "accuracy": 0.5923217550274223,
    "macro avg": {
        "precision": 0.5532319103844989,
        "recall": 0.5505636557098899,
        "f1-score": 0.5509675946888126,
        "support": 547
    },
    "weighted avg": {
        "precision": 0.5835422177279422,
        "recall": 0.5923217550274223,
        "f1-score": 0.5870902046231404,
        "support": 547
    }
}