{
    "DOWN": {
        "precision": 0.6074074074074074,
        "recall": 0.743202416918429,
        "f1-score": 0.6684782608695652,
        "support": 331
    },
    "UP": {
        "precision": 0.45161290322580644,
        "recall": 0.3056768558951965,
        "f1-score": 0.3645833333333333,
        "support": 229
    },
    "accuracy": 0.5642857142857143,
    "macro avg": {
        "precision": 0.529510155316607,
        "recall": 0.5244396364068128,
        "f1-score": 0.5165307971014492,
        "support": 560
    },
    "weighted avg": {
        "precision": 0.5436985833760027,
        "recall": 0.5642857142857143,
        "f1-score": 0.5442069422877847,
        "support": 560
    }
}