{
    "DOWN": {
        "precision": 0.6672504378283712,
        "recall": 0.5336134453781513,
        "f1-score": 0.5929961089494163,
        "support": 714
    },
    "UP": {
        "precision": 0.3286290322580645,
        "recall": 0.46175637393767704,
        "f1-score": 0.38398115429917545,
        "support": 353
    },
    "accuracy": 0.5098406747891284,
    "macro avg": {
        "precision": 0.49793973504321787,
        "recall": 0.4976849096579141,
        "f1-score": 0.4884886316242959,
        "support": 1067
    },
    "weighted avg": {
        "precision": 0.5552229250202004,
        "recall": 0.5098406747891284,
        "f1-score": 0.5238468315440414,
        "support": 1067
    }
}