{
    "DOWN": {
        "precision": 0.7142857142857143,
        "recall": 0.16666666666666666,
        "f1-score": 0.2702702702702703,
        "support": 150
    },
    "UP": {
        "precision": 0.3315508021390374,
        "recall": 0.8611111111111112,
        "f1-score": 0.47876447876447875,
        "support": 72
    },
    "accuracy": 0.3918918918918919,
    "macro avg": {
        "precision": 0.5229182582123759,
        "recall": 0.513888888888889,
        "f1-score": 0.37451737451737455,
        "support": 222
    },
    "weighted avg": {
        "precision": 0.5901554725084137,
        "recall": 0.3918918918918919,
        "f1-score": 0.33789001356568926,
        "support": 222
    }
}