{
    "DOWN": {
        "precision": 0.723826714801444,
        "recall": 0.697391304347826,
        "f1-score": 0.7103631532329495,
        "support": 575
    },
    "UP": {
        "precision": 0.3409090909090909,
        "recall": 0.37037037037037035,
        "f1-score": 0.3550295857988165,
        "support": 243
    },
    "accuracy": 0.6002444987775061,
    "macro avg": {
        "precision": 0.5323679028552675,
        "recall": 0.5338808373590982,
        "f1-score": 0.5326963695158831,
        "support": 818
    },
    "weighted avg": {
        "precision": 0.6100749023248647,
        "recall": 0.6002444987775061,
        "f1-score": 0.604805626476844,
        "support": 818
    }
}