{
    "DOWN": {
        "precision": 0.6450116009280742,
        "recall": 0.48771929824561405,
        "f1-score": 0.5554445554445554,
        "support": 570
    },
    "UP": {
        "precision": 0.2356020942408377,
        "recall": 0.37037037037037035,
        "f1-score": 0.28800000000000003,
        "support": 243
    },
    "accuracy": 0.45264452644526443,
    "macro avg": {
        "precision": 0.44030684758445593,
        "recall": 0.42904483430799223,
        "f1-score": 0.4217222777222777,
        "support": 813
    },
    "weighted avg": {
        "precision": 0.5226419697780146,
        "recall": 0.45264452644526443,
        "f1-score": 0.4755072528947067,
        "support": 813
    }
}