{
    "R2": 0.726370295653572,
    "RMSE": 40.24015240436944,
    "MSE": 1619.2698655268794,
    "MAPE": 0.12665819921915752,
    "ACMAPE": 0.8974223188204864
}