{
    "DOWN": {
        "precision": 0.9345238095238095,
        "recall": 0.7054960248876598,
        "f1-score": 0.8040181209375616,
        "support": 2893
    },
    "UP": {
        "precision": 0.1744186046511628,
        "recall": 0.5572755417956656,
        "f1-score": 0.2656826568265683,
        "support": 323
    },
    "accuracy": 0.6906094527363185,
    "macro avg": {
        "precision": 0.5544712070874862,
        "recall": 0.6313857833416627,
        "f1-score": 0.5348503888820649,
        "support": 3216
    },
    "weighted avg": {
        "precision": 0.8581823974672596,
        "recall": 0.6906094527363185,
        "f1-score": 0.749950224510991,
        "support": 3216
    }
}