{
    "R2": 0.8768518681209122,
    "RMSE": 58.77915890031525,
    "MSE": 3454.98952102851,
    "MAPE": 0.15682784827209004,
    "ACMAPE": 1.238795061386844
}