{
    "DOWN": {
        "precision": 0.6484641638225256,
        "recall": 0.5,
        "f1-score": 0.5646359583952453,
        "support": 380
    },
    "UP": {
        "precision": 0.391025641025641,
        "recall": 0.5422222222222223,
        "f1-score": 0.45437616387337054,
        "support": 225
    },
    "accuracy": 0.515702479338843,
    "macro avg": {
        "precision": 0.5197449024240833,
        "recall": 0.5211111111111111,
        "f1-score": 0.5095060611343079,
        "support": 605
    },
    "weighted avg": {
        "precision": 0.5527225644352544,
        "recall": 0.515702479338843,
        "f1-score": 0.5236302496887629,
        "support": 605
    }
}