{
    "R2": 0.9590970447684317,
    "RMSE": 353.5302278727869,
    "MSE": 124983.62201978464,
    "MAPE": 0.18820901897961595,
    "ACMAPE": 0.6658865012923751
}