{
    "R2": 0.9435923215196614,
    "RMSE": 414.73659095975574,
    "MSE": 172006.43988091976,
    "MAPE": 0.20676454437656286,
    "ACMAPE": 0.2938273959295099
}