{
    "DOWN": {
        "precision": 0.9763779527559056,
        "recall": 0.6179915275355096,
        "f1-score": 0.7569052342438578,
        "support": 4013
    },
    "UP": {
        "precision": 0.013513513513513514,
        "recall": 0.25925925925925924,
        "f1-score": 0.02568807339449541,
        "support": 81
    },
    "accuracy": 0.6108939912066439,
    "macro avg": {
        "precision": 0.4949457331347095,
        "recall": 0.4386253933973844,
        "f1-score": 0.3912966538191766,
        "support": 4094
    },
    "weighted avg": {
        "precision": 0.9573276304357702,
        "recall": 0.6108939912066439,
        "f1-score": 0.7424380652089779,
        "support": 4094
    }
}