{
    "DOWN": {
        "precision": 0.8671328671328671,
        "recall": 0.2749445676274945,
        "f1-score": 0.41750841750841755,
        "support": 902
    },
    "UP": {
        "precision": 0.17632241813602015,
        "recall": 0.7865168539325843,
        "f1-score": 0.2880658436213992,
        "support": 178
    },
    "accuracy": 0.3592592592592593,
    "macro avg": {
        "precision": 0.5217276426344436,
        "recall": 0.5307307107800394,
        "f1-score": 0.3527871305649084,
        "support": 1080
    },
    "weighted avg": {
        "precision": 0.7532770709093127,
        "recall": 0.3592592592592593,
        "f1-score": 0.39617436366407566,
        "support": 1080
    }
}