{
    "DOWN": {
        "precision": 0.7313432835820896,
        "recall": 0.23222748815165878,
        "f1-score": 0.3525179856115108,
        "support": 211
    },
    "UP": {
        "precision": 0.39776951672862454,
        "recall": 0.856,
        "f1-score": 0.5431472081218274,
        "support": 125
    },
    "accuracy": 0.4642857142857143,
    "macro avg": {
        "precision": 0.564556400155357,
        "recall": 0.5441137440758294,
        "f1-score": 0.4478325968666691,
        "support": 336
    },
    "weighted avg": {
        "precision": 0.6072459000800564,
        "recall": 0.4642857142857143,
        "f1-score": 0.4234365951763608,
        "support": 336
    }
}