{
    "R2": 0.4539158885829627,
    "RMSE": 19.722195102145914,
    "MSE": 388.96497964710835,
    "MAPE": 0.030761451674915674,
    "ACMAPE": 1.050066470979935
}