{
    "DOWN": {
        "precision": 0.6797153024911032,
        "recall": 0.593167701863354,
        "f1-score": 0.6334991708126037,
        "support": 644
    },
    "UP": {
        "precision": 0.35467980295566504,
        "recall": 0.4444444444444444,
        "f1-score": 0.39452054794520547,
        "support": 324
    },
    "accuracy": 0.5433884297520661,
    "macro avg": {
        "precision": 0.5171975527233841,
        "recall": 0.5188060731538993,
        "f1-score": 0.5140098593789045,
        "support": 968
    },
    "weighted avg": {
        "precision": 0.5709224286796549,
        "recall": 0.5433884297520661,
        "f1-score": 0.553510458199962,
        "support": 968
    }
}