{
    "DOWN": {
        "precision": 0.5877551020408164,
        "recall": 0.28180039138943247,
        "f1-score": 0.380952380952381,
        "support": 511
    },
    "UP": {
        "precision": 0.37796610169491524,
        "recall": 0.6882716049382716,
        "f1-score": 0.4879649890590809,
        "support": 324
    },
    "accuracy": 0.43952095808383235,
    "macro avg": {
        "precision": 0.48286060186786584,
        "recall": 0.485035998163852,
        "f1-score": 0.4344586850057309,
        "support": 835
    },
    "weighted avg": {
        "precision": 0.5063519450203708,
        "recall": 0.43952095808383235,
        "f1-score": 0.4224758360740226,
        "support": 835
    }
}