{
    "DOWN": {
        "precision": 0.6561679790026247,
        "recall": 0.5197505197505198,
        "f1-score": 0.5800464037122971,
        "support": 481
    },
    "UP": {
        "precision": 0.3790322580645161,
        "recall": 0.5183823529411765,
        "f1-score": 0.43788819875776397,
        "support": 272
    },
    "accuracy": 0.5192563081009296,
    "macro avg": {
        "precision": 0.5176001185335704,
        "recall": 0.5190664363458481,
        "f1-score": 0.5089673012350305,
        "support": 753
    },
    "weighted avg": {
        "precision": 0.5560605207089122,
        "recall": 0.5192563081009296,
        "f1-score": 0.5286957639412041,
        "support": 753
    }
}