{
    "R2": 0.8816179398699783,
    "RMSE": 275.72673108734745,
    "MSE": 76025.23023611442,
    "MAPE": 0.04630594126740002,
    "ACMAPE": 1.061290956252415
}