{
    "R2": 0.9972676283522944,
    "RMSE": 92.20996185367989,
    "MSE": 8502.6770650571,
    "MAPE": 0.11751164043699912,
    "ACMAPE": 1.3967324196577784
}