{
    "R2": 0.7245507474318895,
    "RMSE": 31.97651601830105,
    "MSE": 1022.4975766686638,
    "MAPE": 0.08482683700617424,
    "ACMAPE": 1.0825173681840032
}