{
    "R2": 0.8991154108423818,
    "RMSE": 79.26374414719875,
    "MSE": 6282.741136232584,
    "MAPE": 0.0147896431536377,
    "ACMAPE": 1.0686496072469949
}