{
    "DOWN": {
        "precision": 0.708029197080292,
        "recall": 0.23862238622386223,
        "f1-score": 0.35694572217111314,
        "support": 813
    },
    "UP": {
        "precision": 0.2630952380952381,
        "recall": 0.7342192691029901,
        "f1-score": 0.38737949167397023,
        "support": 301
    },
    "accuracy": 0.3725314183123878,
    "macro avg": {
        "precision": 0.4855622175877651,
        "recall": 0.48642082766342615,
        "f1-score": 0.37216260692254166,
        "support": 1114
    },
    "weighted avg": {
        "precision": 0.5878091596884597,
        "recall": 0.3725314183123878,
        "f1-score": 0.3651688501965709,
        "support": 1114
    }
}