{
    "R2": 0.6768946972549605,
    "RMSE": 72.58109148085462,
    "MSE": 5268.014840552189,
    "MAPE": 0.15368270238695214,
    "ACMAPE": 1.1417011355666755
}