{
    "DOWN": {
        "precision": 0.8394895903290799,
        "recall": 0.4767353165522502,
        "f1-score": 0.6081245439065921,
        "support": 2622
    },
    "UP": {
        "precision": 0.21912350597609562,
        "recall": 0.6169871794871795,
        "f1-score": 0.3233935321293574,
        "support": 624
    },
    "accuracy": 0.5036968576709797,
    "macro avg": {
        "precision": 0.5293065481525877,
        "recall": 0.5468612480197148,
        "f1-score": 0.46575903801797475,
        "support": 3246
    },
    "weighted avg": {
        "precision": 0.7202325242057706,
        "recall": 0.5036968576709797,
        "f1-score": 0.5533888226037595,
        "support": 3246
    }
}