{
    "DOWN": {
        "precision": 0.8391959798994975,
        "recall": 0.5087585681645087,
        "f1-score": 0.6334755808440018,
        "support": 2626
    },
    "UP": {
        "precision": 0.2224231464737794,
        "recall": 0.5904,
        "f1-score": 0.3231173380035027,
        "support": 625
    },
    "accuracy": 0.5244540141494924,
    "macro avg": {
        "precision": 0.5308095631866384,
        "recall": 0.5495792840822544,
        "f1-score": 0.4782964594237522,
        "support": 3251
    },
    "weighted avg": {
        "precision": 0.7206223038333412,
        "recall": 0.5244540141494924,
        "f1-score": 0.5738096621188982,
        "support": 3251
    }
}