{
    "DOWN": {
        "precision": 0.606425702811245,
        "recall": 0.5067114093959731,
        "f1-score": 0.5521023765996343,
        "support": 298
    },
    "UP": {
        "precision": 0.3771186440677966,
        "recall": 0.47593582887700536,
        "f1-score": 0.42080378250591016,
        "support": 187
    },
    "accuracy": 0.4948453608247423,
    "macro avg": {
        "precision": 0.4917721734395208,
        "recall": 0.49132361913648925,
        "f1-score": 0.4864530795527723,
        "support": 485
    },
    "weighted avg": {
        "precision": 0.5180124657287195,
        "recall": 0.4948453608247423,
        "f1-score": 0.5014779702171057,
        "support": 485
    }
}