{
    "DOWN": {
        "precision": 0.8651564185544768,
        "recall": 0.4582857142857143,
        "f1-score": 0.5991781845349271,
        "support": 3500
    },
    "UP": {
        "precision": 0.14324446452779033,
        "recall": 0.5590828924162258,
        "f1-score": 0.22805755395683455,
        "support": 567
    },
    "accuracy": 0.47233833292353083,
    "macro avg": {
        "precision": 0.5042004415411335,
        "recall": 0.50868430335097,
        "f1-score": 0.41361786924588084,
        "support": 4067
    },
    "weighted avg": {
        "precision": 0.7645112063751969,
        "recall": 0.47233833292353083,
        "f1-score": 0.5474384752804942,
        "support": 4067
    }
}