{
    "R2": 0.8590091184505904,
    "RMSE": 34.57907248652507,
    "MSE": 1195.7122540283551,
    "MAPE": 0.14719843350054632,
    "ACMAPE": 1.2819232911855558
}