{
    "DOWN": {
        "precision": 0.6328125,
        "recall": 0.908411214953271,
        "f1-score": 0.7459708365310821,
        "support": 535
    },
    "UP": {
        "precision": 0.5,
        "recall": 0.14803625377643503,
        "f1-score": 0.22843822843822842,
        "support": 331
    },
    "accuracy": 0.6177829099307159,
    "macro avg": {
        "precision": 0.56640625,
        "recall": 0.528223734364853,
        "f1-score": 0.48720453248465523,
        "support": 866
    },
    "weighted avg": {
        "precision": 0.5820492927251733,
        "recall": 0.6177829099307159,
        "f1-score": 0.5481610290498643,
        "support": 866
    }
}