{
    "R2": -1.181364646687102,
    "RMSE": 897.4198347663092,
    "MSE": 805362.3598319899,
    "MAPE": 0.39462582146921643,
    "ACMAPE": 1.2080814789615713
}