{
    "R2": 0.62607428382265,
    "RMSE": 274.5441090523282,
    "MSE": 75374.46781533668,
    "MAPE": 0.13217186696941619,
    "ACMAPE": 1.1229975550428106
}