{
    "DOWN": {
        "precision": 0.9291338582677166,
        "recall": 0.8100686498855835,
        "f1-score": 0.8655256723716381,
        "support": 437
    },
    "UP": {
        "precision": 0.22429906542056074,
        "recall": 0.47058823529411764,
        "f1-score": 0.30379746835443033,
        "support": 51
    },
    "accuracy": 0.7745901639344263,
    "macro avg": {
        "precision": 0.5767164618441386,
        "recall": 0.6403284425898506,
        "f1-score": 0.5846615703630342,
        "support": 488
    },
    "weighted avg": {
        "precision": 0.8554728450808211,
        "recall": 0.7745901639344263,
        "f1-score": 0.8068204707222988,
        "support": 488
    }
}