{
    "DOWN": {
        "precision": 0.6825396825396826,
        "recall": 0.1524822695035461,
        "f1-score": 0.24927536231884057,
        "support": 564
    },
    "UP": {
        "precision": 0.34965986394557824,
        "recall": 0.8653198653198653,
        "f1-score": 0.4980620155038759,
        "support": 297
    },
    "accuracy": 0.3983739837398374,
    "macro avg": {
        "precision": 0.5160997732426305,
        "recall": 0.5089010674117057,
        "f1-score": 0.37366868891135824,
        "support": 861
    },
    "weighted avg": {
        "precision": 0.567713543024643,
        "recall": 0.3983739837398374,
        "f1-score": 0.33509375488092596,
        "support": 861
    }
}