{
    "DOWN": {
        "precision": 0.6779661016949152,
        "recall": 0.14184397163120568,
        "f1-score": 0.23460410557184752,
        "support": 564
    },
    "UP": {
        "precision": 0.34858681022880217,
        "recall": 0.8720538720538721,
        "f1-score": 0.49807692307692314,
        "support": 297
    },
    "accuracy": 0.39372822299651566,
    "macro avg": {
        "precision": 0.5132764559618587,
        "recall": 0.5069489218425389,
        "f1-score": 0.3663405143243853,
        "support": 861
    },
    "weighted avg": {
        "precision": 0.5643474610846533,
        "recall": 0.39372822299651566,
        "f1-score": 0.325488457254783,
        "support": 861
    }
}