{
    "DOWN": {
        "precision": 0.604,
        "recall": 0.22672672672672672,
        "f1-score": 0.3296943231441048,
        "support": 1332
    },
    "UP": {
        "precision": 0.4035900405327157,
        "recall": 0.7787709497206704,
        "f1-score": 0.5316552250190695,
        "support": 895
    },
    "accuracy": 0.44858554108666365,
    "macro avg": {
        "precision": 0.5037950202663578,
        "recall": 0.5027488382236985,
        "f1-score": 0.43067477408158716,
        "support": 2227
    },
    "weighted avg": {
        "precision": 0.5234580540084331,
        "recall": 0.44858554108666365,
        "f1-score": 0.4108595710911606,
        "support": 2227
    }
}