{
    "DOWN": {
        "precision": 0.6996587030716723,
        "recall": 0.29243937232524964,
        "f1-score": 0.4124748490945674,
        "support": 701
    },
    "UP": {
        "precision": 0.3541666666666667,
        "recall": 0.7555555555555555,
        "f1-score": 0.48226950354609927,
        "support": 360
    },
    "accuracy": 0.44957587181903863,
    "macro avg": {
        "precision": 0.5269126848691695,
        "recall": 0.5239974639404026,
        "f1-score": 0.4473721763203333,
        "support": 1061
    },
    "weighted avg": {
        "precision": 0.5824323759220003,
        "recall": 0.44957587181903863,
        "f1-score": 0.43615635296125116,
        "support": 1061
    }
}