{
    "R2": 0.5890280710723239,
    "RMSE": 49.176481551414994,
    "MSE": 2418.3263377766593,
    "MAPE": 0.18836325123353181,
    "ACMAPE": 1.2709320585729813
}