{
    "R2": 0.7920073106129292,
    "RMSE": 4.612769038712112,
    "MSE": 21.277638204501063,
    "MAPE": 0.06413075196693058,
    "ACMAPE": 0.97210621208963
}