{
    "DOWN": {
        "precision": 0.816793893129771,
        "recall": 0.9596412556053812,
        "f1-score": 0.8824742268041237,
        "support": 892
    },
    "UP": {
        "precision": 0.3684210526315789,
        "recall": 0.09859154929577464,
        "f1-score": 0.15555555555555553,
        "support": 213
    },
    "accuracy": 0.7936651583710407,
    "macro avg": {
        "precision": 0.592607472880675,
        "recall": 0.5291164024505779,
        "f1-score": 0.5190148911798396,
        "support": 1105
    },
    "weighted avg": {
        "precision": 0.7303654632418842,
        "recall": 0.7936651583710407,
        "f1-score": 0.7423532521652594,
        "support": 1105
    }
}