{
    "DOWN": {
        "precision": 0.6683937823834197,
        "recall": 0.1446188340807175,
        "f1-score": 0.23778801843317973,
        "support": 892
    },
    "UP": {
        "precision": 0.16337719298245615,
        "recall": 0.6995305164319249,
        "f1-score": 0.2648888888888889,
        "support": 213
    },
    "accuracy": 0.2515837104072398,
    "macro avg": {
        "precision": 0.4158854876829379,
        "recall": 0.4220746752563212,
        "f1-score": 0.2513384536610343,
        "support": 1105
    },
    "weighted avg": {
        "precision": 0.5710466932047724,
        "recall": 0.2515837104072398,
        "f1-score": 0.24301198712735717,
        "support": 1105
    }
}