{
    "DOWN": {
        "precision": 0.6212121212121212,
        "recall": 0.8401639344262295,
        "f1-score": 0.7142857142857143,
        "support": 244
    },
    "UP": {
        "precision": 0.5666666666666667,
        "recall": 0.2897727272727273,
        "f1-score": 0.3834586466165414,
        "support": 176
    },
    "accuracy": 0.6095238095238096,
    "macro avg": {
        "precision": 0.593939393939394,
        "recall": 0.5649683308494784,
        "f1-score": 0.5488721804511278,
        "support": 420
    },
    "weighted avg": {
        "precision": 0.5983549783549784,
        "recall": 0.6095238095238096,
        "f1-score": 0.5756534192624417,
        "support": 420
    }
}