{
    "R2": 0.09853577758989063,
    "RMSE": 43.96259196609218,
    "MSE": 1932.7094923771124,
    "MAPE": 0.007808936588007263,
    "ACMAPE": 0.8151483861292917
}