{
    "R2": 0.9858426034801236,
    "RMSE": 56.16484240278761,
    "MSE": 3154.4895221299694,
    "MAPE": 0.014511359520075807,
    "ACMAPE": 0.7954637404724566
}