{
    "R2": -0.27287642206137885,
    "RMSE": 52.23987911873639,
    "MSE": 2729.00497034019,
    "MAPE": 0.007894799925546736,
    "ACMAPE": 0.723491130200776
}