{
    "DOWN": {
        "precision": 0.7250973845297718,
        "recall": 0.4039057656540608,
        "f1-score": 0.5188134580927733,
        "support": 3226
    },
    "UP": {
        "precision": 0.24794681267109894,
        "recall": 0.5620567375886525,
        "f1-score": 0.3440976933514247,
        "support": 1128
    },
    "accuracy": 0.4448782728525494,
    "macro avg": {
        "precision": 0.4865220986004354,
        "recall": 0.48298125162135663,
        "f1-score": 0.431455575722099,
        "support": 4354
    },
    "weighted avg": {
        "precision": 0.601480975467626,
        "recall": 0.4448782728525494,
        "f1-score": 0.4735494749443486,
        "support": 4354
    }
}