{
    "R2": 0.8483791986760905,
    "RMSE": 3.3643714448656494,
    "MSE": 11.318995219027377,
    "MAPE": 0.0455860795149538,
    "ACMAPE": 1.0743067061468077
}