{
    "DOWN": {
        "precision": 0.7330097087378641,
        "recall": 0.7156398104265402,
        "f1-score": 0.724220623501199,
        "support": 211
    },
    "UP": {
        "precision": 0.2857142857142857,
        "recall": 0.3037974683544304,
        "f1-score": 0.294478527607362,
        "support": 79
    },
    "accuracy": 0.603448275862069,
    "macro avg": {
        "precision": 0.5093619972260749,
        "recall": 0.5097186393904853,
        "f1-score": 0.5093495755542805,
        "support": 290
    },
    "weighted avg": {
        "precision": 0.6111602659141997,
        "recall": 0.603448275862069,
        "f1-score": 0.607152949102533,
        "support": 290
    }
}