{
    "R2": 0.546553291847909,
    "RMSE": 1522.857077331529,
    "MSE": 2319093.677978726,
    "MAPE": 0.1593069834008158,
    "ACMAPE": 1.3328448549252645
}