{
    "R2": 0.7995034479795866,
    "RMSE": 100.56483324105152,
    "MSE": 10113.285684800501,
    "MAPE": 0.4710315189701447,
    "ACMAPE": 1.246312417846549
}