{
    "DOWN": {
        "precision": 0.8603076923076923,
        "recall": 0.4240218380345769,
        "f1-score": 0.568061763510768,
        "support": 3297
    },
    "UP": {
        "precision": 0.23086269744835966,
        "recall": 0.7151819322459222,
        "f1-score": 0.3490508266993264,
        "support": 797
    },
    "accuracy": 0.48070346849047385,
    "macro avg": {
        "precision": 0.545585194878026,
        "recall": 0.5696018851402496,
        "f1-score": 0.4585562951050472,
        "support": 4094
    },
    "weighted avg": {
        "precision": 0.73777040337196,
        "recall": 0.48070346849047385,
        "f1-score": 0.5254257799644273,
        "support": 4094
    }
}