{
    "R2": 0.9199203953892254,
    "RMSE": 4892.296082553542,
    "MSE": 23934560.959368736,
    "MAPE": 0.08467404311311334,
    "ACMAPE": 1.1067328666425251
}