{
    "R2": 0.914012078362444,
    "RMSE": 5069.562698860501,
    "MSE": 25700465.957677767,
    "MAPE": 0.09787284921263874,
    "ACMAPE": 1.064784613918521
}