{
    "DOWN": {
        "precision": 0.6466165413533834,
        "recall": 0.20623501199040767,
        "f1-score": 0.31272727272727274,
        "support": 417
    },
    "UP": {
        "precision": 0.395985401459854,
        "recall": 0.821969696969697,
        "f1-score": 0.5344827586206896,
        "support": 264
    },
    "accuracy": 0.44493392070484583,
    "macro avg": {
        "precision": 0.5213009714066187,
        "recall": 0.5141023544800524,
        "f1-score": 0.4236050156739812,
        "support": 681
    },
    "weighted avg": {
        "precision": 0.5494555708219712,
        "recall": 0.44493392070484583,
        "f1-score": 0.3986941571264828,
        "support": 681
    }
}