{
    "DOWN": {
        "precision": 0.664950495049505,
        "recall": 0.6143432125869008,
        "f1-score": 0.6386458729554964,
        "support": 2733
    },
    "UP": {
        "precision": 0.34978408389882787,
        "recall": 0.4012738853503185,
        "f1-score": 0.37376400791034936,
        "support": 1413
    },
    "accuracy": 0.5417269657501206,
    "macro avg": {
        "precision": 0.5073672894741664,
        "recall": 0.5078085489686097,
        "f1-score": 0.5062049404329229,
        "support": 4146
    },
    "weighted avg": {
        "precision": 0.5575384981956925,
        "recall": 0.5417269657501206,
        "f1-score": 0.5483713733634094,
        "support": 4146
    }
}