{
    "DOWN": {
        "precision": 0.49,
        "recall": 0.6282051282051282,
        "f1-score": 0.550561797752809,
        "support": 78
    },
    "UP": {
        "precision": 0.5,
        "recall": 0.3625,
        "f1-score": 0.42028985507246375,
        "support": 80
    },
    "accuracy": 0.4936708860759494,
    "macro avg": {
        "precision": 0.495,
        "recall": 0.4953525641025641,
        "f1-score": 0.4854258264126364,
        "support": 158
    },
    "weighted avg": {
        "precision": 0.4950632911392405,
        "recall": 0.4936708860759494,
        "f1-score": 0.48460132044630505,
        "support": 158
    }
}