{
    "R2": 0.9907020251304732,
    "RMSE": 375.5913976413577,
    "MSE": 141068.89798218844,
    "MAPE": 0.22754081071341908,
    "ACMAPE": 1.7978445227494146
}