{
    "R2": 0.2586249892276561,
    "RMSE": 37.766955603966096,
    "MSE": 1426.3429355919461,
    "MAPE": 0.11166819619178465,
    "ACMAPE": 1.0507497332114661
}