{
    "DOWN": {
        "precision": 0.7837837837837838,
        "recall": 0.453125,
        "f1-score": 0.5742574257425742,
        "support": 64
    },
    "UP": {
        "precision": 0.07894736842105263,
        "recall": 0.2727272727272727,
        "f1-score": 0.12244897959183672,
        "support": 11
    },
    "accuracy": 0.4266666666666667,
    "macro avg": {
        "precision": 0.4313655761024182,
        "recall": 0.36292613636363635,
        "f1-score": 0.3483532026672055,
        "support": 75
    },
    "weighted avg": {
        "precision": 0.6804077761972499,
        "recall": 0.4266666666666667,
        "f1-score": 0.5079921869737993,
        "support": 75
    }
}