{
    "DOWN": {
        "precision": 0.6484848484848484,
        "recall": 0.18043844856661045,
        "f1-score": 0.28232189973614774,
        "support": 593
    },
    "UP": {
        "precision": 0.14586994727592267,
        "recall": 0.5886524822695035,
        "f1-score": 0.23380281690140844,
        "support": 141
    },
    "accuracy": 0.25885558583106266,
    "macro avg": {
        "precision": 0.39717739788038553,
        "recall": 0.384545465418057,
        "f1-score": 0.2580623583187781,
        "support": 734
    },
    "weighted avg": {
        "precision": 0.5519334846286379,
        "recall": 0.25885558583106266,
        "f1-score": 0.27300147646680406,
        "support": 734
    }
}