{
    "R2": 0.8346885091855436,
    "RMSE": 16.584677045053045,
    "MSE": 275.0515126887094,
    "MAPE": 0.05182028416735599,
    "ACMAPE": 1.0450233427909754
}