{
    "DOWN": {
        "precision": 0.7217391304347827,
        "recall": 0.5286624203821656,
        "f1-score": 0.6102941176470589,
        "support": 157
    },
    "UP": {
        "precision": 0.44360902255639095,
        "recall": 0.6483516483516484,
        "f1-score": 0.5267857142857142,
        "support": 91
    },
    "accuracy": 0.5725806451612904,
    "macro avg": {
        "precision": 0.5826740764955868,
        "recall": 0.588507034366907,
        "f1-score": 0.5685399159663865,
        "support": 248
    },
    "weighted avg": {
        "precision": 0.6196833247213406,
        "recall": 0.5725806451612904,
        "f1-score": 0.5796519212523719,
        "support": 248
    }
}