{
    "R2": 0.9017995182573322,
    "RMSE": 129.3434543376292,
    "MSE": 16729.729179990372,
    "MAPE": 0.0893227584361056,
    "ACMAPE": 1.1676006449331702
}