{
    "DOWN": {
        "precision": 0.6967741935483871,
        "recall": 0.48214285714285715,
        "f1-score": 0.5699208443271768,
        "support": 672
    },
    "UP": {
        "precision": 0.3752244165170557,
        "recall": 0.5971428571428572,
        "f1-score": 0.46085997794928335,
        "support": 350
    },
    "accuracy": 0.5215264187866928,
    "macro avg": {
        "precision": 0.5359993050327214,
        "recall": 0.5396428571428572,
        "f1-score": 0.5153904111382301,
        "support": 1022
    },
    "weighted avg": {
        "precision": 0.5866544068938216,
        "recall": 0.5215264187866928,
        "f1-score": 0.5325712325539257,
        "support": 1022
    }
}