{
    "R2": 0.9617783429068024,
    "RMSE": 223.51295875283188,
    "MSE": 49958.04273044513,
    "MAPE": 0.24378608441797683,
    "ACMAPE": 1.199690053060799
}