{
    "DOWN": {
        "precision": 0.7879746835443038,
        "recall": 0.44623655913978494,
        "f1-score": 0.5697940503432494,
        "support": 558
    },
    "UP": {
        "precision": 0.346723044397463,
        "recall": 0.70995670995671,
        "f1-score": 0.4659090909090909,
        "support": 231
    },
    "accuracy": 0.523447401774398,
    "macro avg": {
        "precision": 0.5673488639708834,
        "recall": 0.5780966345482474,
        "f1-score": 0.5178515706261702,
        "support": 789
    },
    "weighted avg": {
        "precision": 0.6587869412845823,
        "recall": 0.523447401774398,
        "f1-score": 0.5393790622199406,
        "support": 789
    }
}