{
    "DOWN": {
        "precision": 0.6297285269247886,
        "recall": 0.5319548872180451,
        "f1-score": 0.5767271245159974,
        "support": 2660
    },
    "UP": {
        "precision": 0.3851851851851852,
        "recall": 0.4838709677419355,
        "f1-score": 0.4289249381358263,
        "support": 1612
    },
    "accuracy": 0.513810861423221,
    "macro avg": {
        "precision": 0.5074568560549869,
        "recall": 0.5079129274799903,
        "f1-score": 0.5028260313259119,
        "support": 4272
    },
    "weighted avg": {
        "precision": 0.5374523408563803,
        "recall": 0.513810861423221,
        "f1-score": 0.5209553257227306,
        "support": 4272
    }
}