{
    "DOWN": {
        "precision": 0.6304347826086957,
        "recall": 0.6894502228826151,
        "f1-score": 0.6586231369765793,
        "support": 673
    },
    "UP": {
        "precision": 0.37425149700598803,
        "recall": 0.3148614609571788,
        "f1-score": 0.3419972640218878,
        "support": 397
    },
    "accuracy": 0.5504672897196262,
    "macro avg": {
        "precision": 0.5023431398073419,
        "recall": 0.502155841919897,
        "f1-score": 0.5003102004992335,
        "support": 1070
    },
    "weighted avg": {
        "precision": 0.535383600941149,
        "recall": 0.5504672897196262,
        "f1-score": 0.5411460607494647,
        "support": 1070
    }
}