{
    "DOWN": {
        "precision": 0.6403631284916201,
        "recall": 0.6884384384384384,
        "f1-score": 0.6635311143270622,
        "support": 2664
    },
    "UP": {
        "precision": 0.41259731068648264,
        "recall": 0.3614383137011779,
        "f1-score": 0.38532716457369465,
        "support": 1613
    },
    "accuracy": 0.5651157353285012,
    "macro avg": {
        "precision": 0.5264802195890514,
        "recall": 0.5249383760698082,
        "f1-score": 0.5244291394503784,
        "support": 4277
    },
    "weighted avg": {
        "precision": 0.5544650073507067,
        "recall": 0.5651157353285012,
        "f1-score": 0.558611083709297,
        "support": 4277
    }
}