{
    "DOWN": {
        "precision": 0.6434378629500581,
        "recall": 0.8231797919762258,
        "f1-score": 0.7222946544980443,
        "support": 673
    },
    "UP": {
        "precision": 0.430622009569378,
        "recall": 0.22670025188916876,
        "f1-score": 0.29702970297029707,
        "support": 397
    },
    "accuracy": 0.6018691588785047,
    "macro avg": {
        "precision": 0.5370299362597181,
        "recall": 0.5249400219326973,
        "f1-score": 0.5096621787341706,
        "support": 1070
    },
    "weighted avg": {
        "precision": 0.5644772145461984,
        "recall": 0.6018691588785047,
        "f1-score": 0.5645094341648521,
        "support": 1070
    }
}