{
    "R2": 0.6678627013043303,
    "RMSE": 11.333354327468198,
    "MSE": 128.44492031194216,
    "MAPE": 0.06986659488518554,
    "ACMAPE": 1.1500059677074852
}