{
    "DOWN": {
        "precision": 0.7380952380952381,
        "recall": 0.744,
        "f1-score": 0.7410358565737052,
        "support": 250
    },
    "UP": {
        "precision": 0.3469387755102041,
        "recall": 0.34,
        "f1-score": 0.3434343434343435,
        "support": 100
    },
    "accuracy": 0.6285714285714286,
    "macro avg": {
        "precision": 0.5425170068027211,
        "recall": 0.542,
        "f1-score": 0.5422351000040243,
        "support": 350
    },
    "weighted avg": {
        "precision": 0.6263362487852284,
        "recall": 0.6285714285714286,
        "f1-score": 0.6274354242481732,
        "support": 350
    }
}