{
    "R2": 0.9543381904572693,
    "RMSE": 81.16633255866478,
    "MSE": 6587.973541023765,
    "MAPE": 0.5912829500516448,
    "ACMAPE": 1.5939284526971476
}