{
    "R2": 0.9831353548929879,
    "RMSE": 341.3875311166884,
    "MSE": 116545.44640194792,
    "MAPE": 0.2753420062871844,
    "ACMAPE": 1.1259115841294896
}