{
    "DOWN": {
        "precision": 0.6004962779156328,
        "recall": 0.3853503184713376,
        "f1-score": 0.46944713870029103,
        "support": 628
    },
    "UP": {
        "precision": 0.4646324549237171,
        "recall": 0.6754032258064516,
        "f1-score": 0.5505341002465078,
        "support": 496
    },
    "accuracy": 0.5133451957295374,
    "macro avg": {
        "precision": 0.5325643664196749,
        "recall": 0.5303767721388946,
        "f1-score": 0.5099906194733994,
        "support": 1124
    },
    "weighted avg": {
        "precision": 0.5405421353853924,
        "recall": 0.5133451957295374,
        "f1-score": 0.5052292854324293,
        "support": 1124
    }
}