{
    "DOWN": {
        "precision": 0.7151702786377709,
        "recall": 0.5372093023255814,
        "f1-score": 0.6135458167330676,
        "support": 430
    },
    "UP": {
        "precision": 0.33444816053511706,
        "recall": 0.5208333333333334,
        "f1-score": 0.4073319755600815,
        "support": 192
    },
    "accuracy": 0.5321543408360129,
    "macro avg": {
        "precision": 0.524809219586444,
        "recall": 0.5290213178294574,
        "f1-score": 0.5104388961465746,
        "support": 622
    },
    "weighted avg": {
        "precision": 0.5976483386446688,
        "recall": 0.5321543408360129,
        "f1-score": 0.5498913834449433,
        "support": 622
    }
}