{
    "R2": 0.45396229912473485,
    "RMSE": 15.001875575651068,
    "MSE": 225.0562707873161,
    "MAPE": 0.04721142592058853,
    "ACMAPE": 0.7772786689561314
}