{
    "DOWN": {
        "precision": 0.65,
        "recall": 0.5342465753424658,
        "f1-score": 0.5864661654135339,
        "support": 292
    },
    "UP": {
        "precision": 0.3789954337899543,
        "recall": 0.49700598802395207,
        "f1-score": 0.43005181347150256,
        "support": 167
    },
    "accuracy": 0.5206971677559913,
    "macro avg": {
        "precision": 0.5144977168949771,
        "recall": 0.5156262816832089,
        "f1-score": 0.5082589894425182,
        "support": 459
    },
    "weighted avg": {
        "precision": 0.5513992101152994,
        "recall": 0.5206971677559913,
        "f1-score": 0.5295572399792873,
        "support": 459
    }
}