{
    "R2": 0.9466752208331043,
    "RMSE": 38.75552851286327,
    "MSE": 1501.9909903113582,
    "MAPE": 0.061567569691270446,
    "ACMAPE": 0.8307983389220396
}