{
    "R2": -2.6899076898915366,
    "RMSE": 1239.4057963681134,
    "MSE": 1536126.7280708773,
    "MAPE": 0.3198653687968476,
    "ACMAPE": 1.1198653687968476
}