{
    "DOWN": {
        "precision": 0.7641196013289037,
        "recall": 0.3387334315169367,
        "f1-score": 0.4693877551020409,
        "support": 679
    },
    "UP": {
        "precision": 0.3932432432432432,
        "recall": 0.8038674033149171,
        "f1-score": 0.5281306715063522,
        "support": 362
    },
    "accuracy": 0.5004803073967339,
    "macro avg": {
        "precision": 0.5786814222860734,
        "recall": 0.5713004174159269,
        "f1-score": 0.49875921330419654,
        "support": 1041
    },
    "weighted avg": {
        "precision": 0.6351501088918152,
        "recall": 0.5004803073967339,
        "f1-score": 0.4898151669544527,
        "support": 1041
    }
}