{
    "R2": 0.972253047090393,
    "RMSE": 12.881763508405914,
    "MSE": 165.93983108649826,
    "MAPE": 0.04068388604573054,
    "ACMAPE": 1.0198599838275324
}