{
    "DOWN": {
        "precision": 0.6067073170731707,
        "recall": 0.13862765586903517,
        "f1-score": 0.2256875531613269,
        "support": 2871
    },
    "UP": {
        "precision": 0.3534640522875817,
        "recall": 0.8397515527950311,
        "f1-score": 0.49751609935602575,
        "support": 1610
    },
    "accuracy": 0.39053782637804063,
    "macro avg": {
        "precision": 0.4800856846803762,
        "recall": 0.4891896043320331,
        "f1-score": 0.3616018262586763,
        "support": 4481
    },
    "weighted avg": {
        "precision": 0.5157183288328676,
        "recall": 0.39053782637804063,
        "f1-score": 0.32335413637343696,
        "support": 4481
    }
}