{
    "DOWN": {
        "precision": 0.6444444444444445,
        "recall": 0.464,
        "f1-score": 0.5395348837209302,
        "support": 375
    },
    "UP": {
        "precision": 0.3963963963963964,
        "recall": 0.5789473684210527,
        "f1-score": 0.4705882352941177,
        "support": 228
    },
    "accuracy": 0.5074626865671642,
    "macro avg": {
        "precision": 0.5204204204204205,
        "recall": 0.5214736842105263,
        "f1-score": 0.505061559507524,
        "support": 603
    },
    "weighted avg": {
        "precision": 0.550655132744685,
        "recall": 0.5074626865671642,
        "f1-score": 0.5134655042162648,
        "support": 603
    }
}