{
    "R2": 0.9204322837763662,
    "RMSE": 9.43809793924175,
    "MSE": 89.07769271071938,
    "MAPE": 0.05416682035102388,
    "ACMAPE": 1.0509305743963313
}