{
    "DOWN": {
        "precision": 0.6111111111111112,
        "recall": 0.7021276595744681,
        "f1-score": 0.6534653465346535,
        "support": 94
    },
    "UP": {
        "precision": 0.4166666666666667,
        "recall": 0.3225806451612903,
        "f1-score": 0.3636363636363636,
        "support": 62
    },
    "accuracy": 0.5512820512820513,
    "macro avg": {
        "precision": 0.513888888888889,
        "recall": 0.5123541523678792,
        "f1-score": 0.5085508550855086,
        "support": 156
    },
    "weighted avg": {
        "precision": 0.5338319088319089,
        "recall": 0.5512820512820513,
        "f1-score": 0.5382769046135383,
        "support": 156
    }
}