{
    "R2": -5.0907552469499615,
    "RMSE": 459.53434015695035,
    "MSE": 211171.80978348374,
    "MAPE": 0.17470453012748494,
    "ACMAPE": 0.951964548766814
}