{
    "DOWN": {
        "precision": 0.6460481099656358,
        "recall": 0.4177777777777778,
        "f1-score": 0.5074224021592444,
        "support": 450
    },
    "UP": {
        "precision": 0.39211136890951276,
        "recall": 0.6213235294117647,
        "f1-score": 0.4807965860597439,
        "support": 272
    },
    "accuracy": 0.49445983379501385,
    "macro avg": {
        "precision": 0.5190797394375742,
        "recall": 0.5195506535947713,
        "f1-score": 0.4941094941094941,
        "support": 722
    },
    "weighted avg": {
        "precision": 0.550382190897401,
        "recall": 0.49445983379501385,
        "f1-score": 0.4973916237948896,
        "support": 722
    }
}