{
    "DOWN": {
        "precision": 0.7297872340425532,
        "recall": 0.49,
        "f1-score": 0.5863247863247864,
        "support": 700
    },
    "UP": {
        "precision": 0.28169014084507044,
        "recall": 0.5243445692883895,
        "f1-score": 0.3664921465968586,
        "support": 267
    },
    "accuracy": 0.49948293691830403,
    "macro avg": {
        "precision": 0.5057386874438118,
        "recall": 0.5071722846441947,
        "f1-score": 0.47640846646082247,
        "support": 967
    },
    "weighted avg": {
        "precision": 0.6060623903158439,
        "recall": 0.49948293691830403,
        "f1-score": 0.5256264256139728,
        "support": 967
    }
}