{
    "DOWN": {
        "precision": 0.759375,
        "recall": 0.4646271510516252,
        "f1-score": 0.5765124555160142,
        "support": 523
    },
    "UP": {
        "precision": 0.2875318066157761,
        "recall": 0.5947368421052631,
        "f1-score": 0.38765008576329335,
        "support": 190
    },
    "accuracy": 0.4992987377279102,
    "macro avg": {
        "precision": 0.523453403307888,
        "recall": 0.5296819965784442,
        "f1-score": 0.4820812706396538,
        "support": 713
    },
    "weighted avg": {
        "precision": 0.6336383846521703,
        "recall": 0.4992987377279102,
        "f1-score": 0.5261844747964952,
        "support": 713
    }
}