{
    "R2": 0.9898253319540158,
    "RMSE": 17.858852107733586,
    "MSE": 318.9385986059004,
    "MAPE": 0.08833383940926301,
    "ACMAPE": 0.7820173349945019
}