{
    "R2": 0.9674131306532013,
    "RMSE": 6.688467918587374,
    "MSE": 44.73560309797253,
    "MAPE": 0.035394871607021546,
    "ACMAPE": 0.8498853174668941
}