{
    "R2": 0.054242568229941446,
    "RMSE": 17.110232658897736,
    "MSE": 292.7600616416107,
    "MAPE": 0.18772160519107162,
    "ACMAPE": 1.1877216051910717
}