{
    "R2": 0.7995342786813996,
    "RMSE": 37.40124047827012,
    "MSE": 1398.8527893133912,
    "MAPE": 0.06593460247912582,
    "ACMAPE": 1.402844473723761
}