{
    "DOWN": {
        "precision": 0.8414442700156985,
        "recall": 0.21788617886178863,
        "f1-score": 0.3461414271876009,
        "support": 2460
    },
    "UP": {
        "precision": 0.16853932584269662,
        "recall": 0.7942973523421588,
        "f1-score": 0.27807486631016043,
        "support": 491
    },
    "accuracy": 0.3137919349373094,
    "macro avg": {
        "precision": 0.5049917979291976,
        "recall": 0.5060917656019737,
        "f1-score": 0.31210814674888065,
        "support": 2951
    },
    "weighted avg": {
        "precision": 0.7294834677151415,
        "recall": 0.3137919349373094,
        "f1-score": 0.3348162217010461,
        "support": 2951
    }
}