{
    "DOWN": {
        "precision": 0.7448347107438017,
        "recall": 0.9511873350923483,
        "f1-score": 0.8354577056778678,
        "support": 758
    },
    "UP": {
        "precision": 0.45588235294117646,
        "recall": 0.11151079136690648,
        "f1-score": 0.1791907514450867,
        "support": 278
    },
    "accuracy": 0.7258687258687259,
    "macro avg": {
        "precision": 0.6003585318424891,
        "recall": 0.5313490632296274,
        "f1-score": 0.5073242285614773,
        "support": 1036
    },
    "weighted avg": {
        "precision": 0.6672973019898154,
        "recall": 0.7258687258687259,
        "f1-score": 0.659355183209998,
        "support": 1036
    }
}