{
    "DOWN": {
        "precision": 0.9717153284671532,
        "recall": 0.27286702536510377,
        "f1-score": 0.4260852170434086,
        "support": 3903
    },
    "UP": {
        "precision": 0.008732099196646874,
        "recall": 0.44642857142857145,
        "f1-score": 0.017129153819801304,
        "support": 56
    },
    "accuracy": 0.2753220510229856,
    "macro avg": {
        "precision": 0.49022371383190005,
        "recall": 0.3596477983968376,
        "f1-score": 0.22160718543160496,
        "support": 3959
    },
    "weighted avg": {
        "precision": 0.9580939440672673,
        "recall": 0.2753220510229856,
        "f1-score": 0.4203005392104907,
        "support": 3959
    }
}