{
    "DOWN": {
        "precision": 0.952755905511811,
        "recall": 0.13908045977011493,
        "f1-score": 0.24272818455366096,
        "support": 870
    },
    "UP": {
        "precision": 0.13109048723897912,
        "recall": 0.9495798319327731,
        "f1-score": 0.2303771661569827,
        "support": 119
    },
    "accuracy": 0.23660262891809908,
    "macro avg": {
        "precision": 0.5419231963753951,
        "recall": 0.544330145851444,
        "f1-score": 0.23655267535532182,
        "support": 989
    },
    "weighted avg": {
        "precision": 0.8538901979542104,
        "recall": 0.23660262891809908,
        "f1-score": 0.2412420660610374,
        "support": 989
    }
}