{
    "DOWN": {
        "precision": 0.8656280428432327,
        "recall": 0.5206442166910689,
        "f1-score": 0.6502102761016639,
        "support": 3415
    },
    "UP": {
        "precision": 0.2271010387157696,
        "recall": 0.6354029062087186,
        "f1-score": 0.3346086956521739,
        "support": 757
    },
    "accuracy": 0.5414669223394055,
    "macro avg": {
        "precision": 0.5463645407795011,
        "recall": 0.5780235614498938,
        "f1-score": 0.4924094858769189,
        "support": 4172
    },
    "weighted avg": {
        "precision": 0.7497687566197212,
        "recall": 0.5414669223394055,
        "f1-score": 0.5929450804160781,
        "support": 4172
    }
}