{
    "DOWN": {
        "precision": 0.994475138121547,
        "recall": 0.994475138121547,
        "f1-score": 0.994475138121547,
        "support": 181
    },
    "UP": {
        "precision": 0.0,
        "recall": 0.0,
        "f1-score": 0.0,
        "support": 1
    },
    "accuracy": 0.989010989010989,
    "macro avg": {
        "precision": 0.4972375690607735,
        "recall": 0.4972375690607735,
        "f1-score": 0.4972375690607735,
        "support": 182
    },
    "weighted avg": {
        "precision": 0.989010989010989,
        "recall": 0.989010989010989,
        "f1-score": 0.989010989010989,
        "support": 182
    }
}