{
    "R2": 0.8977017280478556,
    "RMSE": 29.07458624908715,
    "MSE": 845.3315655556077,
    "MAPE": 0.14196431327290548,
    "ACMAPE": 0.9485941475270491
}