{
    "R2": 0.941474694832892,
    "RMSE": 22.919731592192974,
    "MSE": 525.3140962581687,
    "MAPE": 0.10966505727789898,
    "ACMAPE": 0.5482615485059692
}