{
    "DOWN": {
        "precision": 0.7553191489361702,
        "recall": 0.6283185840707964,
        "f1-score": 0.6859903381642513,
        "support": 113
    },
    "UP": {
        "precision": 0.38235294117647056,
        "recall": 0.5306122448979592,
        "f1-score": 0.4444444444444445,
        "support": 49
    },
    "accuracy": 0.5987654320987654,
    "macro avg": {
        "precision": 0.5688360450563203,
        "recall": 0.5794654144843778,
        "f1-score": 0.5652173913043479,
        "support": 162
    },
    "weighted avg": {
        "precision": 0.6425083823915697,
        "recall": 0.5987654320987654,
        "f1-score": 0.6129301604341862,
        "support": 162
    }
}