{
    "DOWN": {
        "precision": 0.9718518518518519,
        "recall": 0.9548762736535662,
        "f1-score": 0.9632892804698971,
        "support": 687
    },
    "UP": {
        "precision": 0.1388888888888889,
        "recall": 0.20833333333333334,
        "f1-score": 0.16666666666666669,
        "support": 24
    },
    "accuracy": 0.929676511954993,
    "macro avg": {
        "precision": 0.5553703703703704,
        "recall": 0.5816048034934498,
        "f1-score": 0.5649779735682819,
        "support": 711
    },
    "weighted avg": {
        "precision": 0.9437349585872793,
        "recall": 0.929676511954993,
        "f1-score": 0.9363990656579738,
        "support": 711
    }
}