{
    "R2": 0.9811249788707216,
    "RMSE": 6.131186619907179,
    "MSE": 37.59144936812883,
    "MAPE": 0.03172140546074982,
    "ACMAPE": 1.5089177568769763
}