{
    "DOWN": {
        "precision": 0.712,
        "recall": 0.23056994818652848,
        "f1-score": 0.34833659491193736,
        "support": 772
    },
    "UP": {
        "precision": 0.2782503037667072,
        "recall": 0.760797342192691,
        "f1-score": 0.40747330960854095,
        "support": 301
    },
    "accuracy": 0.3793103448275862,
    "macro avg": {
        "precision": 0.4951251518833536,
        "recall": 0.4956836451896097,
        "f1-score": 0.3779049522602391,
        "support": 1073
    },
    "weighted avg": {
        "precision": 0.5903237105627016,
        "recall": 0.3793103448275862,
        "f1-score": 0.364925738550034,
        "support": 1073
    }
}