{
    "DOWN": {
        "precision": 0.5630252100840336,
        "recall": 0.32211538461538464,
        "f1-score": 0.4097859327217126,
        "support": 208
    },
    "UP": {
        "precision": 0.41735537190082644,
        "recall": 0.6601307189542484,
        "f1-score": 0.5113924050632911,
        "support": 153
    },
    "accuracy": 0.46537396121883656,
    "macro avg": {
        "precision": 0.49019029099243006,
        "recall": 0.4911230517848165,
        "f1-score": 0.46058916889250184,
        "support": 361
    },
    "weighted avg": {
        "precision": 0.5012870238180206,
        "recall": 0.46537396121883656,
        "f1-score": 0.452849063658725,
        "support": 361
    }
}