{
    "R2": 0.989096616352379,
    "RMSE": 115.17647754334357,
    "MSE": 13265.620979292326,
    "MAPE": 0.07555324957837006,
    "ACMAPE": 0.8068551886365417
}