{
    "R2": -5.077819845851627,
    "RMSE": 368.0679633949536,
    "MSE": 135474.0256777089,
    "MAPE": 1.6857214058259753,
    "ACMAPE": 2.8945126146171845
}