{
    "DOWN": {
        "precision": 0.6567164179104478,
        "recall": 0.34375,
        "f1-score": 0.45128205128205123,
        "support": 128
    },
    "UP": {
        "precision": 0.27586206896551724,
        "recall": 0.5818181818181818,
        "f1-score": 0.3742690058479532,
        "support": 55
    },
    "accuracy": 0.41530054644808745,
    "macro avg": {
        "precision": 0.4662892434379825,
        "recall": 0.4627840909090909,
        "f1-score": 0.4127755285650022,
        "support": 183
    },
    "weighted avg": {
        "precision": 0.5422519960963976,
        "recall": 0.41530054644808745,
        "f1-score": 0.4281360540204371,
        "support": 183
    }
}