{
    "DOWN": {
        "precision": 0.8436724565756824,
        "recall": 0.6115107913669064,
        "f1-score": 0.7090719499478623,
        "support": 556
    },
    "UP": {
        "precision": 0.31210191082802546,
        "recall": 0.6086956521739131,
        "f1-score": 0.4126315789473684,
        "support": 161
    },
    "accuracy": 0.6108786610878661,
    "macro avg": {
        "precision": 0.5778871837018539,
        "recall": 0.6101032217704098,
        "f1-score": 0.5608517644476153,
        "support": 717
    },
    "weighted avg": {
        "precision": 0.7243100327746046,
        "recall": 0.6108786610878661,
        "f1-score": 0.6425072362364542,
        "support": 717
    }
}