{
    "DOWN": {
        "precision": 0.5780730897009967,
        "recall": 0.3210332103321033,
        "f1-score": 0.4128113879003559,
        "support": 542
    },
    "UP": {
        "precision": 0.43902439024390244,
        "recall": 0.6939759036144578,
        "f1-score": 0.5378151260504201,
        "support": 415
    },
    "accuracy": 0.4827586206896552,
    "macro avg": {
        "precision": 0.5085487399724495,
        "recall": 0.5075045569732806,
        "f1-score": 0.475313256975388,
        "support": 957
    },
    "weighted avg": {
        "precision": 0.5177750643355901,
        "recall": 0.4827586206896552,
        "f1-score": 0.4670188605568623,
        "support": 957
    }
}