{
    "R2": 0.9372197173788525,
    "RMSE": 25.672362291179528,
    "MSE": 659.0701856095766,
    "MAPE": 0.09644061744423833,
    "ACMAPE": 0.9675728853803146
}