{
    "R2": -0.5384960627350917,
    "RMSE": 2.245830638197056,
    "MSE": 5.043755255464596,
    "MAPE": 0.03437313659675547,
    "ACMAPE": 0.6140832815242916
}