{
    "R2": 0.974100519595653,
    "RMSE": 85.75467318094456,
    "MSE": 7353.863972370612,
    "MAPE": 0.13459469162584692,
    "ACMAPE": 0.9996389394134575
}