{
    "R2": -0.03070091144323528,
    "RMSE": 10.046574182364228,
    "MSE": 100.93365280174746,
    "MAPE": 0.02779576329485515,
    "ACMAPE": 0.5316717322871032
}