{
    "R2": 0.7657936293673969,
    "RMSE": 21.863010204883036,
    "MSE": 477.99121521881983,
    "MAPE": 0.032619126886145794,
    "ACMAPE": 1.0771065543522966
}