{
    "R2": -1.472353992900386,
    "RMSE": 25.33034510570331,
    "MSE": 641.6263831740275,
    "MAPE": 0.18924121496461666,
    "ACMAPE": 1.5487183391476234
}