{
    "DOWN": {
        "precision": 0.6457399103139013,
        "recall": 0.6127659574468085,
        "f1-score": 0.6288209606986899,
        "support": 235
    },
    "UP": {
        "precision": 0.3767123287671233,
        "recall": 0.41044776119402987,
        "f1-score": 0.3928571428571429,
        "support": 134
    },
    "accuracy": 0.5392953929539296,
    "macro avg": {
        "precision": 0.5112261195405123,
        "recall": 0.5116068593204192,
        "f1-score": 0.5108390517779164,
        "support": 369
    },
    "weighted avg": {
        "precision": 0.5480442573944753,
        "recall": 0.5392953929539296,
        "f1-score": 0.5431322030001334,
        "support": 369
    }
}