{
    "R2": 0.7260622116711857,
    "RMSE": 9.987352200531152,
    "MSE": 99.74720397745446,
    "MAPE": 0.08557029413516133,
    "ACMAPE": 1.006979508227302
}