{
    "R2": 0.9348458883232087,
    "RMSE": 196.7527929998316,
    "MSE": 38711.66155323458,
    "MAPE": 0.036802999622614414,
    "ACMAPE": 1.175626529034379
}