{
    "R2": 0.976380286132311,
    "RMSE": 55.55133340852208,
    "MSE": 3085.9506434647815,
    "MAPE": 0.08405324136300604,
    "ACMAPE": 0.6458566861451743
}