{
    "R2": 0.9859685551838466,
    "RMSE": 42.82851856110646,
    "MSE": 1834.2820021390407,
    "MAPE": 0.08834484618204878,
    "ACMAPE": 0.9402902731653736
}