{
    "DOWN": {
        "precision": 0.5904255319148937,
        "recall": 0.714975845410628,
        "f1-score": 0.6467589220684632,
        "support": 621
    },
    "UP": {
        "precision": 0.4,
        "recall": 0.27699530516431925,
        "f1-score": 0.32732316227461855,
        "support": 426
    },
    "accuracy": 0.5367717287488061,
    "macro avg": {
        "precision": 0.49521276595744684,
        "recall": 0.4959855752874736,
        "f1-score": 0.48704104217154087,
        "support": 1047
    },
    "weighted avg": {
        "precision": 0.5129458025970859,
        "recall": 0.5367717287488061,
        "f1-score": 0.5167879252468989,
        "support": 1047
    }
}