{
    "R2": 0.7180246889073456,
    "RMSE": 812.9624616555337,
    "MSE": 660907.9640610252,
    "MAPE": 0.296846214857959,
    "ACMAPE": 1.324753191602145
}