{
    "R2": 0.8289584000502341,
    "RMSE": 72.83334723747915,
    "MSE": 5304.696469815211,
    "MAPE": 0.04943784511940669,
    "ACMAPE": 1.0235509803063674
}