{
    "DOWN": {
        "precision": 0.6243654822335025,
        "recall": 0.45724907063197023,
        "f1-score": 0.5278969957081545,
        "support": 538
    },
    "UP": {
        "precision": 0.33636363636363636,
        "recall": 0.5,
        "f1-score": 0.4021739130434782,
        "support": 296
    },
    "accuracy": 0.4724220623501199,
    "macro avg": {
        "precision": 0.48036455929856947,
        "recall": 0.47862453531598514,
        "f1-score": 0.4650354543758164,
        "support": 834
    },
    "weighted avg": {
        "precision": 0.5221489997664996,
        "recall": 0.4724220623501199,
        "f1-score": 0.4832758536593006,
        "support": 834
    }
}