{
    "DOWN": {
        "precision": 0.640560593569662,
        "recall": 0.3620689655172414,
        "f1-score": 0.46263768978862757,
        "support": 2146
    },
    "UP": {
        "precision": 0.3276031434184676,
        "recall": 0.6047144152311876,
        "f1-score": 0.42497610704045874,
        "support": 1103
    },
    "accuracy": 0.4444444444444444,
    "macro avg": {
        "precision": 0.48408186849406476,
        "recall": 0.4833916903742145,
        "f1-score": 0.4438068984145431,
        "support": 3249
    },
    "weighted avg": {
        "precision": 0.5343149587537902,
        "recall": 0.4444444444444444,
        "f1-score": 0.44985199395260717,
        "support": 3249
    }
}