{
    "DOWN": {
        "precision": 0.6510721247563352,
        "recall": 0.65748031496063,
        "f1-score": 0.6542605288932419,
        "support": 508
    },
    "UP": {
        "precision": 0.42,
        "recall": 0.4131147540983607,
        "f1-score": 0.41652892561983473,
        "support": 305
    },
    "accuracy": 0.5658056580565806,
    "macro avg": {
        "precision": 0.5355360623781676,
        "recall": 0.5352975345294954,
        "f1-score": 0.5353947272565384,
        "support": 813
    },
    "weighted avg": {
        "precision": 0.5643845502782513,
        "recall": 0.5658056580565806,
        "f1-score": 0.565074626066195,
        "support": 813
    }
}