{
    "R2": 0.4298190857023484,
    "RMSE": 457.05131993397754,
    "MSE": 208895.90905339108,
    "MAPE": 0.09987889458267545,
    "ACMAPE": 1.142613937317718
}