{
    "DOWN": {
        "precision": 0.6761517615176151,
        "recall": 0.501004016064257,
        "f1-score": 0.5755478662053056,
        "support": 996
    },
    "UP": {
        "precision": 0.2658788774002954,
        "recall": 0.4295942720763723,
        "f1-score": 0.3284671532846715,
        "support": 419
    },
    "accuracy": 0.47985865724381627,
    "macro avg": {
        "precision": 0.47101531945895525,
        "recall": 0.4652991440703147,
        "f1-score": 0.4520075097449886,
        "support": 1415
    },
    "weighted avg": {
        "precision": 0.5546645965387056,
        "recall": 0.47985865724381627,
        "f1-score": 0.5023840367256267,
        "support": 1415
    }
}