{
    "R2": 0.7068581661029582,
    "RMSE": 39.973841720804536,
    "MSE": 1597.9080219199336,
    "MAPE": 0.005633906674230021,
    "ACMAPE": 0.8079937886801297
}