{
    "DOWN": {
        "precision": 0.8805031446540881,
        "recall": 0.6446661550268611,
        "f1-score": 0.7443509082853346,
        "support": 2606
    },
    "UP": {
        "precision": 0.26449563145353455,
        "recall": 0.5935828877005348,
        "f1-score": 0.3659340659340659,
        "support": 561
    },
    "accuracy": 0.6356173034417429,
    "macro avg": {
        "precision": 0.5724993880538113,
        "recall": 0.619124521363698,
        "f1-score": 0.5551424871097003,
        "support": 3167
    },
    "weighted avg": {
        "precision": 0.771384036695291,
        "recall": 0.6356173034417429,
        "f1-score": 0.677318433211428,
        "support": 3167
    }
}