{
    "R2": 0.9623235173087413,
    "RMSE": 61.21966846598783,
    "MSE": 3747.8478070854644,
    "MAPE": 0.04362831814018889,
    "ACMAPE": 0.9508795828956695
}