{
    "R2": 0.9186121614623259,
    "RMSE": 89.97783820654287,
    "MSE": 8096.0113683228055,
    "MAPE": 0.07315062354494133,
    "ACMAPE": 0.8825941311334742
}