{
    "R2": 0.9587345446600641,
    "RMSE": 20.15271728322983,
    "MSE": 406.13201389779033,
    "MAPE": 0.06659723611785062,
    "ACMAPE": 1.4478189555748642
}