{
    "R2": -6.041688692669534,
    "RMSE": 8.674810240598623,
    "MSE": 75.25233271039474,
    "MAPE": 0.12269577948346047,
    "ACMAPE": 0.5561043573615643
}