{
    "DOWN": {
        "precision": 0.7153335661893119,
        "recall": 0.6881720430107527,
        "f1-score": 0.7014899811611578,
        "support": 2976
    },
    "UP": {
        "precision": 0.32850940665701883,
        "recall": 0.35776201733648544,
        "f1-score": 0.3425122595247077,
        "support": 1269
    },
    "accuracy": 0.5893992932862191,
    "macro avg": {
        "precision": 0.5219214864231654,
        "recall": 0.5229670301736191,
        "f1-score": 0.5220011203429328,
        "support": 4245
    },
    "weighted avg": {
        "precision": 0.5996963792761246,
        "recall": 0.5893992932862191,
        "f1-score": 0.5941772064246077,
        "support": 4245
    }
}