{
    "DOWN": {
        "precision": 0.6181318681318682,
        "recall": 0.36,
        "f1-score": 0.45500505561172905,
        "support": 625
    },
    "UP": {
        "precision": 0.3893129770992366,
        "recall": 0.6472081218274112,
        "f1-score": 0.4861773117254528,
        "support": 394
    },
    "accuracy": 0.47105004906771347,
    "macro avg": {
        "precision": 0.5037224226155523,
        "recall": 0.5036040609137056,
        "f1-score": 0.47059118366859093,
        "support": 1019
    },
    "weighted avg": {
        "precision": 0.5296582242978575,
        "recall": 0.47105004906771347,
        "f1-score": 0.46705792009534747,
        "support": 1019
    }
}