{
    "DOWN": {
        "precision": 0.783641160949868,
        "recall": 0.5036743923120407,
        "f1-score": 0.6132140399174123,
        "support": 1769
    },
    "UP": {
        "precision": 0.31352619233776385,
        "recall": 0.6197836166924265,
        "f1-score": 0.4164070612668744,
        "support": 647
    },
    "accuracy": 0.5347682119205298,
    "macro avg": {
        "precision": 0.5485836766438159,
        "recall": 0.5617290045022336,
        "f1-score": 0.5148105505921433,
        "support": 2416
    },
    "weighted avg": {
        "precision": 0.6577453063587955,
        "recall": 0.5347682119205298,
        "f1-score": 0.5605095220420406,
        "support": 2416
    }
}