{
    "R2": 0.9791505619716789,
    "RMSE": 4.839782475155213,
    "MSE": 23.423494406819525,
    "MAPE": 0.0451514990206246,
    "ACMAPE": 1.1000473090139025
}