{
    "R2": 0.9856726694738517,
    "RMSE": 4.009778805987703,
    "MSE": 16.078326072948173,
    "MAPE": 0.03355867448183204,
    "ACMAPE": 0.7954208051890835
}