{
    "R2": -0.15973979380460857,
    "RMSE": 181.6879774520637,
    "MSE": 33010.52115062161,
    "MAPE": 0.34886380460839184,
    "ACMAPE": 1.1689175199172548
}