{
    "R2": 0.9571874488211602,
    "RMSE": 41.31588371486051,
    "MSE": 1707.0022471398759,
    "MAPE": 0.1178456707636163,
    "ACMAPE": 0.9806487458671053
}