{
    "DOWN": {
        "precision": 0.6071428571428571,
        "recall": 0.996551724137931,
        "f1-score": 0.7545691906005222,
        "support": 290
    },
    "UP": {
        "precision": 0.75,
        "recall": 0.015789473684210527,
        "f1-score": 0.03092783505154639,
        "support": 190
    },
    "accuracy": 0.6083333333333333,
    "macro avg": {
        "precision": 0.6785714285714286,
        "recall": 0.5061705989110707,
        "f1-score": 0.3927485128260343,
        "support": 480
    },
    "weighted avg": {
        "precision": 0.6636904761904762,
        "recall": 0.6083333333333333,
        "f1-score": 0.46812782069571923,
        "support": 480
    }
}