{
    "R2": 0.6466285908302658,
    "RMSE": 99.2360981906348,
    "MSE": 9847.803184101313,
    "MAPE": 0.07982068350084166,
    "ACMAPE": 1.0888296925098506
}