{
    "DOWN": {
        "precision": 0.6549019607843137,
        "recall": 0.2303448275862069,
        "f1-score": 0.3408163265306122,
        "support": 725
    },
    "UP": {
        "precision": 0.356401384083045,
        "recall": 0.7783375314861462,
        "f1-score": 0.48892405063291144,
        "support": 397
    },
    "accuracy": 0.42424242424242425,
    "macro avg": {
        "precision": 0.5056516724336794,
        "recall": 0.5043411795361765,
        "f1-score": 0.41487018858176183,
        "support": 1122
    },
    "weighted avg": {
        "precision": 0.5492827727714762,
        "recall": 0.42424242424242425,
        "f1-score": 0.3932216442388233,
        "support": 1122
    }
}