{
    "R2": 0.9541509734670712,
    "RMSE": 100.89498257433661,
    "MSE": 10179.797508675689,
    "MAPE": 0.06018662775584374,
    "ACMAPE": 0.9568949137944361
}