{
    "R2": 0.9677903872738469,
    "RMSE": 87.81439389015695,
    "MSE": 7711.367774295633,
    "MAPE": 0.06050516035699704,
    "ACMAPE": 0.7241415239933606
}