{
    "DOWN": {
        "precision": 0.6379613356766256,
        "recall": 0.6039933444259568,
        "f1-score": 0.6205128205128204,
        "support": 601
    },
    "UP": {
        "precision": 0.3532608695652174,
        "recall": 0.3869047619047619,
        "f1-score": 0.36931818181818177,
        "support": 336
    },
    "accuracy": 0.5261472785485592,
    "macro avg": {
        "precision": 0.4956111026209215,
        "recall": 0.49544905316535937,
        "f1-score": 0.4949155011655011,
        "support": 937
    },
    "weighted avg": {
        "precision": 0.5358702400379564,
        "recall": 0.5261472785485592,
        "f1-score": 0.5304366213651165,
        "support": 937
    }
}