{
    "R2": 0.9219062612772007,
    "RMSE": 327.5104371773175,
    "MSE": 107263.08646007764,
    "MAPE": 0.4686647038902787,
    "ACMAPE": 1.5330786426442387
}