{
    "R2": -0.07576683623127267,
    "RMSE": 403.5989448649688,
    "MSE": 162892.10829611614,
    "MAPE": 0.06997236444759132,
    "ACMAPE": 1.2800563980610369
}