{
    "R2": -13.825452709848246,
    "RMSE": 588.0826591324507,
    "MSE": 345841.2139722942,
    "MAPE": 1.4488441505289948,
    "ACMAPE": 2.682806414679938
}