{
    "R2": 0.9950357711750879,
    "RMSE": 2.961192718071054,
    "MSE": 8.768662313557037,
    "MAPE": 0.05363495063308045,
    "ACMAPE": 1.0088522460224474
}