{
    "DOWN": {
        "precision": 0.6666666666666666,
        "recall": 0.8220858895705522,
        "f1-score": 0.7362637362637363,
        "support": 163
    },
    "UP": {
        "precision": 0.4727272727272727,
        "recall": 0.27956989247311825,
        "f1-score": 0.35135135135135137,
        "support": 93
    },
    "accuracy": 0.625,
    "macro avg": {
        "precision": 0.5696969696969697,
        "recall": 0.5508278910218352,
        "f1-score": 0.5438075438075438,
        "support": 256
    },
    "weighted avg": {
        "precision": 0.5962121212121212,
        "recall": 0.625,
        "f1-score": 0.596432283932284,
        "support": 256
    }
}