{
    "DOWN": {
        "precision": 0.8148148148148148,
        "recall": 0.6875,
        "f1-score": 0.7457627118644067,
        "support": 32
    },
    "UP": {
        "precision": 0.4444444444444444,
        "recall": 0.6153846153846154,
        "f1-score": 0.5161290322580646,
        "support": 13
    },
    "accuracy": 0.6666666666666666,
    "macro avg": {
        "precision": 0.6296296296296295,
        "recall": 0.6514423076923077,
        "f1-score": 0.6309458720612356,
        "support": 45
    },
    "weighted avg": {
        "precision": 0.7078189300411523,
        "recall": 0.6666666666666666,
        "f1-score": 0.6794240933114634,
        "support": 45
    }
}