{
    "DOWN": {
        "precision": 0.6624203821656051,
        "recall": 0.574585635359116,
        "f1-score": 0.6153846153846153,
        "support": 181
    },
    "UP": {
        "precision": 0.33043478260869563,
        "recall": 0.4175824175824176,
        "f1-score": 0.36893203883495146,
        "support": 91
    },
    "accuracy": 0.5220588235294118,
    "macro avg": {
        "precision": 0.49642758238715035,
        "recall": 0.49608402647076677,
        "f1-score": 0.49215832710978336,
        "support": 272
    },
    "weighted avg": {
        "precision": 0.5513516705491391,
        "recall": 0.5220588235294118,
        "f1-score": 0.5329317313183675,
        "support": 272
    }
}