{
    "DOWN": {
        "precision": 0.5660377358490566,
        "recall": 0.042492917847025496,
        "f1-score": 0.07905138339920949,
        "support": 706
    },
    "UP": {
        "precision": 0.3385518590998043,
        "recall": 0.9376693766937669,
        "f1-score": 0.4974838245866283,
        "support": 369
    },
    "accuracy": 0.3497674418604651,
    "macro avg": {
        "precision": 0.45229479747443047,
        "recall": 0.4900811472703962,
        "f1-score": 0.2882676039929189,
        "support": 1075
    },
    "weighted avg": {
        "precision": 0.487951886062569,
        "recall": 0.3497674418604651,
        "f1-score": 0.22268075158354209,
        "support": 1075
    }
}