{
    "R2": -0.004549051551593797,
    "RMSE": 4960.2571929899705,
    "MSE": 24604151.42060874,
    "MAPE": 0.04674590192860456,
    "ACMAPE": 1.2165572226833214
}