{
    "DOWN": {
        "precision": 0.6478102189781022,
        "recall": 0.7513227513227513,
        "f1-score": 0.6957373836354729,
        "support": 2835
    },
    "UP": {
        "precision": 0.3948497854077253,
        "recall": 0.2843016069221261,
        "f1-score": 0.3305785123966943,
        "support": 1618
    },
    "accuracy": 0.5816303615540085,
    "macro avg": {
        "precision": 0.5213300021929137,
        "recall": 0.5178121791224387,
        "f1-score": 0.5131579480160836,
        "support": 4453
    },
    "weighted avg": {
        "precision": 0.5558969062637816,
        "recall": 0.5816303615540085,
        "f1-score": 0.563056706863781,
        "support": 4453
    }
}