{
    "DOWN": {
        "precision": 0.7261904761904762,
        "recall": 0.11798839458413926,
        "f1-score": 0.20299500831946757,
        "support": 1034
    },
    "UP": {
        "precision": 0.03898840885142255,
        "recall": 0.4457831325301205,
        "f1-score": 0.07170542635658915,
        "support": 83
    },
    "accuracy": 0.1423455684870188,
    "macro avg": {
        "precision": 0.38258944252094934,
        "recall": 0.28188576355712985,
        "f1-score": 0.13735021733802835,
        "support": 1117
    },
    "weighted avg": {
        "precision": 0.6751271175609852,
        "recall": 0.1423455684870188,
        "f1-score": 0.19323938136967447,
        "support": 1117
    }
}