{
    "DOWN": {
        "precision": 0.7833622183708839,
        "recall": 0.283296772171733,
        "f1-score": 0.4161104718066743,
        "support": 3191
    },
    "UP": {
        "precision": 0.25601821730644114,
        "recall": 0.7589199614271939,
        "f1-score": 0.38287521284359044,
        "support": 1037
    },
    "accuracy": 0.3999526963103122,
    "macro avg": {
        "precision": 0.5196902178386625,
        "recall": 0.5211083667994634,
        "f1-score": 0.3994928423251324,
        "support": 4228
    },
    "weighted avg": {
        "precision": 0.6540207498032805,
        "recall": 0.3999526963103122,
        "f1-score": 0.4079588721035717,
        "support": 4228
    }
}