{
    "R2": 0.5848573769242602,
    "RMSE": 7.611778919174818,
    "MSE": 57.93917831439417,
    "MAPE": 0.10750187183034268,
    "ACMAPE": 1.0305787949072658
}