{
    "DOWN": {
        "precision": 0.7916666666666666,
        "recall": 0.6737588652482269,
        "f1-score": 0.7279693486590039,
        "support": 141
    },
    "UP": {
        "precision": 0.31343283582089554,
        "recall": 0.45652173913043476,
        "f1-score": 0.37168141592920356,
        "support": 46
    },
    "accuracy": 0.6203208556149733,
    "macro avg": {
        "precision": 0.5525497512437811,
        "recall": 0.5651403021893309,
        "f1-score": 0.5498253822941037,
        "support": 187
    },
    "weighted avg": {
        "precision": 0.6740262590789369,
        "recall": 0.6203208556149733,
        "f1-score": 0.6403263277735985,
        "support": 187
    }
}