{
    "R2": -24.231859394572407,
    "RMSE": 4.069879675565787,
    "MSE": 16.563920573583474,
    "MAPE": 0.06125517274662524,
    "ACMAPE": 2.061255172746625
}