{
    "DOWN": {
        "precision": 0.6521739130434783,
        "recall": 0.528169014084507,
        "f1-score": 0.5836575875486381,
        "support": 142
    },
    "UP": {
        "precision": 0.4369747899159664,
        "recall": 0.5652173913043478,
        "f1-score": 0.49289099526066343,
        "support": 92
    },
    "accuracy": 0.5427350427350427,
    "macro avg": {
        "precision": 0.5445743514797223,
        "recall": 0.5466932026944273,
        "f1-score": 0.5382742914046508,
        "support": 234
    },
    "weighted avg": {
        "precision": 0.5675657107882172,
        "recall": 0.5427350427350427,
        "f1-score": 0.5479715769055028,
        "support": 234
    }
}