{
    "R2": -0.08221455745752548,
    "RMSE": 12.485598008650694,
    "MSE": 155.89015763362215,
    "MAPE": 0.1273399969078396,
    "ACMAPE": 0.9660496743271944
}