{
    "DOWN": {
        "precision": 0.6104166666666667,
        "recall": 0.9301587301587302,
        "f1-score": 0.7371069182389938,
        "support": 315
    },
    "UP": {
        "precision": 0.42105263157894735,
        "recall": 0.07881773399014778,
        "f1-score": 0.13278008298755187,
        "support": 203
    },
    "accuracy": 0.5965250965250966,
    "macro avg": {
        "precision": 0.515734649122807,
        "recall": 0.5044882320744389,
        "f1-score": 0.4349435006132728,
        "support": 518
    },
    "weighted avg": {
        "precision": 0.5362064366998578,
        "recall": 0.5965250965250966,
        "f1-score": 0.5002761314512666,
        "support": 518
    }
}