{
    "DOWN": {
        "precision": 0.6974789915966386,
        "recall": 0.5763888888888888,
        "f1-score": 0.6311787072243346,
        "support": 144
    },
    "UP": {
        "precision": 0.39,
        "recall": 0.52,
        "f1-score": 0.44571428571428573,
        "support": 75
    },
    "accuracy": 0.5570776255707762,
    "macro avg": {
        "precision": 0.5437394957983193,
        "recall": 0.5481944444444444,
        "f1-score": 0.5384464964693101,
        "support": 219
    },
    "weighted avg": {
        "precision": 0.5921779670772418,
        "recall": 0.5570776255707762,
        "f1-score": 0.5676634943784274,
        "support": 219
    }
}