{
    "DOWN": {
        "precision": 0.5609756097560976,
        "recall": 0.5897435897435898,
        "f1-score": 0.575,
        "support": 39
    },
    "UP": {
        "precision": 0.6190476190476191,
        "recall": 0.5909090909090909,
        "f1-score": 0.6046511627906977,
        "support": 44
    },
    "accuracy": 0.5903614457831325,
    "macro avg": {
        "precision": 0.5900116144018583,
        "recall": 0.5903263403263403,
        "f1-score": 0.5898255813953488,
        "support": 83
    },
    "weighted avg": {
        "precision": 0.5917607713082295,
        "recall": 0.5903614457831325,
        "f1-score": 0.5907186887083217,
        "support": 83
    }
}