{
    "DOWN": {
        "precision": 0.4827586206896552,
        "recall": 0.717948717948718,
        "f1-score": 0.577319587628866,
        "support": 39
    },
    "UP": {
        "precision": 0.56,
        "recall": 0.3181818181818182,
        "f1-score": 0.4057971014492754,
        "support": 44
    },
    "accuracy": 0.5060240963855421,
    "macro avg": {
        "precision": 0.5213793103448277,
        "recall": 0.5180652680652681,
        "f1-score": 0.4915583445390707,
        "support": 83
    },
    "weighted avg": {
        "precision": 0.5237058579144164,
        "recall": 0.5060240963855421,
        "f1-score": 0.48639200459390225,
        "support": 83
    }
}