{
    "DOWN": {
        "precision": 0.6417582417582418,
        "recall": 0.7087378640776699,
        "f1-score": 0.6735870818915802,
        "support": 412
    },
    "UP": {
        "precision": 0.40594059405940597,
        "recall": 0.3346938775510204,
        "f1-score": 0.36689038031319915,
        "support": 245
    },
    "accuracy": 0.5692541856925418,
    "macro avg": {
        "precision": 0.5238494179088239,
        "recall": 0.5217158708143452,
        "f1-score": 0.5202387311023897,
        "support": 657
    },
    "weighted avg": {
        "precision": 0.553820153955784,
        "recall": 0.5692541856925418,
        "f1-score": 0.5592176878478916,
        "support": 657
    }
}