{
    "DOWN": {
        "precision": 0.7954545454545454,
        "recall": 0.580110497237569,
        "f1-score": 0.6709265175718849,
        "support": 362
    },
    "UP": {
        "precision": 0.4108527131782946,
        "recall": 0.6625,
        "f1-score": 0.507177033492823,
        "support": 160
    },
    "accuracy": 0.6053639846743295,
    "macro avg": {
        "precision": 0.60315362931642,
        "recall": 0.6213052486187844,
        "f1-score": 0.5890517755323539,
        "support": 522
    },
    "weighted avg": {
        "precision": 0.6775689263660394,
        "recall": 0.6053639846743295,
        "f1-score": 0.620735104827345,
        "support": 522
    }
}