{
    "DOWN": {
        "precision": 0.7222222222222222,
        "recall": 0.1990257480862909,
        "f1-score": 0.3120567375886525,
        "support": 1437
    },
    "UP": {
        "precision": 0.2545336787564767,
        "recall": 0.7813121272365805,
        "f1-score": 0.3839765510503175,
        "support": 503
    },
    "accuracy": 0.35,
    "macro avg": {
        "precision": 0.48837795048934945,
        "recall": 0.4901689376614357,
        "f1-score": 0.348016644319485,
        "support": 1940
    },
    "weighted avg": {
        "precision": 0.6009607081174438,
        "recall": 0.35,
        "f1-score": 0.33070398819237284,
        "support": 1940
    }
}