{
    "R2": 0.20450068478253913,
    "RMSE": 15.76858732559556,
    "MSE": 248.64834624493292,
    "MAPE": 0.037881084746970835,
    "ACMAPE": 0.9695581033805112
}