{
    "DOWN": {
        "precision": 0.7640449438202247,
        "recall": 0.3148148148148148,
        "f1-score": 0.4459016393442623,
        "support": 432
    },
    "UP": {
        "precision": 0.38969072164948454,
        "recall": 0.8181818181818182,
        "f1-score": 0.5279329608938547,
        "support": 231
    },
    "accuracy": 0.49019607843137253,
    "macro avg": {
        "precision": 0.5768678327348546,
        "recall": 0.5664983164983165,
        "f1-score": 0.4869173001190585,
        "support": 663
    },
    "weighted avg": {
        "precision": 0.6336138347381116,
        "recall": 0.49019607843137253,
        "f1-score": 0.4744826880289619,
        "support": 663
    }
}