{
    "R2": 0.8200335557596903,
    "RMSE": 39.261885802448425,
    "MSE": 1541.495676764501,
    "MAPE": 0.09342246826552073,
    "ACMAPE": 1.043008623269283
}