{
    "R2": 0.8998652120170357,
    "RMSE": 28.485732890220117,
    "MSE": 811.4369782929682,
    "MAPE": 0.12355326919248133,
    "ACMAPE": 0.9893541349933471
}