{
    "R2": 0.7440607257544403,
    "RMSE": 45.254763209167365,
    "MSE": 2047.993593117808,
    "MAPE": 0.16091900650807986,
    "ACMAPE": 1.1100715488809612
}