{
    "DOWN": {
        "precision": 0.9862745098039216,
        "recall": 0.559044178938594,
        "f1-score": 0.7136017024295087,
        "support": 3599
    },
    "UP": {
        "precision": 0.022181146025878003,
        "recall": 0.5625,
        "f1-score": 0.04267931238885596,
        "support": 64
    },
    "accuracy": 0.5591045591045591,
    "macro avg": {
        "precision": 0.5042278279148998,
        "recall": 0.560772089469297,
        "f1-score": 0.3781405074091823,
        "support": 3663
    },
    "weighted avg": {
        "precision": 0.9694298537073356,
        "recall": 0.5591045591045591,
        "f1-score": 0.7018793347083507,
        "support": 3663
    }
}