{
    "DOWN": {
        "precision": 0.7351351351351352,
        "recall": 0.6868686868686869,
        "f1-score": 0.7101827676240209,
        "support": 198
    },
    "UP": {
        "precision": 0.40384615384615385,
        "recall": 0.46153846153846156,
        "f1-score": 0.4307692307692308,
        "support": 91
    },
    "accuracy": 0.615916955017301,
    "macro avg": {
        "precision": 0.5694906444906445,
        "recall": 0.5742035742035743,
        "f1-score": 0.5704759991966258,
        "support": 289
    },
    "weighted avg": {
        "precision": 0.6308192275320303,
        "recall": 0.615916955017301,
        "f1-score": 0.6222013425244156,
        "support": 289
    }
}