{
    "DOWN": {
        "precision": 0.8181818181818182,
        "recall": 0.3829787234042553,
        "f1-score": 0.5217391304347826,
        "support": 47
    },
    "UP": {
        "precision": 0.46296296296296297,
        "recall": 0.8620689655172413,
        "f1-score": 0.6024096385542169,
        "support": 29
    },
    "accuracy": 0.5657894736842105,
    "macro avg": {
        "precision": 0.6405723905723906,
        "recall": 0.6225238444607484,
        "f1-score": 0.5620743844944998,
        "support": 76
    },
    "weighted avg": {
        "precision": 0.6826377813219919,
        "recall": 0.5657894736842105,
        "f1-score": 0.5525212980066719,
        "support": 76
    }
}