{
    "DOWN": {
        "precision": 0.7205882352941176,
        "recall": 0.1828358208955224,
        "f1-score": 0.29166666666666663,
        "support": 536
    },
    "UP": {
        "precision": 0.3393665158371041,
        "recall": 0.8555133079847909,
        "f1-score": 0.48596112311015116,
        "support": 263
    },
    "accuracy": 0.40425531914893614,
    "macro avg": {
        "precision": 0.5299773755656109,
        "recall": 0.5191745644401566,
        "f1-score": 0.3888138948884089,
        "support": 799
    },
    "weighted avg": {
        "precision": 0.5951047406543247,
        "recall": 0.40425531914893614,
        "f1-score": 0.35562091202916535,
        "support": 799
    }
}