{
    "DOWN": {
        "precision": 0.75,
        "recall": 0.3515625,
        "f1-score": 0.4787234042553192,
        "support": 128
    },
    "UP": {
        "precision": 0.25225225225225223,
        "recall": 0.6511627906976745,
        "f1-score": 0.36363636363636365,
        "support": 43
    },
    "accuracy": 0.4269005847953216,
    "macro avg": {
        "precision": 0.5011261261261262,
        "recall": 0.5013626453488372,
        "f1-score": 0.4211798839458414,
        "support": 171
    },
    "weighted avg": {
        "precision": 0.6248353616774669,
        "recall": 0.4269005847953216,
        "f1-score": 0.4497833881932426,
        "support": 171
    }
}