{
    "DOWN": {
        "precision": 0.6222222222222222,
        "recall": 0.46445497630331756,
        "f1-score": 0.5318860244233379,
        "support": 422
    },
    "UP": {
        "precision": 0.3791208791208791,
        "recall": 0.5369649805447471,
        "f1-score": 0.4444444444444444,
        "support": 257
    },
    "accuracy": 0.49189985272459497,
    "macro avg": {
        "precision": 0.5006715506715507,
        "recall": 0.5007099784240323,
        "f1-score": 0.48816523443389115,
        "support": 679
    },
    "weighted avg": {
        "precision": 0.5302089009010953,
        "recall": 0.49189985272459497,
        "f1-score": 0.49878957957123826,
        "support": 679
    }
}