{
    "R2": -1.2639659943731312,
    "RMSE": 292.41631007041514,
    "MSE": 85507.29839519715,
    "MAPE": 0.313736649045221,
    "ACMAPE": 1.1284084637170357
}