{
    "DOWN": {
        "precision": 0.7833060556464811,
        "recall": 0.7522791574976423,
        "f1-score": 0.7674791533033997,
        "support": 3181
    },
    "UP": {
        "precision": 0.34223706176961605,
        "recall": 0.3824626865671642,
        "f1-score": 0.36123348017621143,
        "support": 1072
    },
    "accuracy": 0.659064189983541,
    "macro avg": {
        "precision": 0.5627715587080486,
        "recall": 0.5673709220324032,
        "f1-score": 0.5643563167398056,
        "support": 4253
    },
    "weighted avg": {
        "precision": 0.6721313645023477,
        "recall": 0.659064189983541,
        "f1-score": 0.6650819368462292,
        "support": 4253
    }
}