{
    "R2": 0.9779384626169395,
    "RMSE": 53.510037146856966,
    "MSE": 2863.3240754580124,
    "MAPE": 0.044181405457611914,
    "ACMAPE": 1.0770634170630278
}