{
    "DOWN": {
        "precision": 0.6713995943204868,
        "recall": 0.11906474820143885,
        "f1-score": 0.20226092270088603,
        "support": 2780
    },
    "UP": {
        "precision": 0.28307962529274006,
        "recall": 0.8565101860053145,
        "f1-score": 0.42552255225522556,
        "support": 1129
    },
    "accuracy": 0.33205423381939114,
    "macro avg": {
        "precision": 0.4772396098066134,
        "recall": 0.48778746710337667,
        "f1-score": 0.31389173747805577,
        "support": 3909
    },
    "weighted avg": {
        "precision": 0.5592447605951539,
        "recall": 0.33205423381939114,
        "f1-score": 0.26674349618946347,
        "support": 3909
    }
}