{
    "DOWN": {
        "precision": 0.9139268562984854,
        "recall": 0.8127463863337714,
        "f1-score": 0.8603721091984002,
        "support": 3044
    },
    "UP": {
        "precision": 0.1703056768558952,
        "recall": 0.3342857142857143,
        "f1-score": 0.22565091610414656,
        "support": 350
    },
    "accuracy": 0.7634060106069535,
    "macro avg": {
        "precision": 0.5421162665771903,
        "recall": 0.5735160503097428,
        "f1-score": 0.5430115126512733,
        "support": 3394
    },
    "weighted avg": {
        "precision": 0.8372422915356962,
        "recall": 0.7634060106069535,
        "f1-score": 0.7949176549900948,
        "support": 3394
    }
}