{
    "R2": 0.8716304497192022,
    "RMSE": 38.489130273126875,
    "MSE": 1481.4131491817318,
    "MAPE": 0.04031894610794348,
    "ACMAPE": 1.092950525055312
}