{
    "DOWN": {
        "precision": 0.5830140485312899,
        "recall": 0.41462306993642145,
        "f1-score": 0.48460721868365186,
        "support": 2202
    },
    "UP": {
        "precision": 0.42506690454950935,
        "recall": 0.5933997509339975,
        "f1-score": 0.49532224532224534,
        "support": 1606
    },
    "accuracy": 0.4900210084033613,
    "macro avg": {
        "precision": 0.5040404765403996,
        "recall": 0.5040114104352095,
        "f1-score": 0.4899647320029486,
        "support": 3808
    },
    "weighted avg": {
        "precision": 0.5164008360221671,
        "recall": 0.4900210084033613,
        "f1-score": 0.48912621363679815,
        "support": 3808
    }
}