{
    "R2": 0.8637821940561324,
    "RMSE": 123.70306943625707,
    "MSE": 15302.449387951438,
    "MAPE": 0.07306818505734826,
    "ACMAPE": 1.1117306719956974
}