{
    "R2": 0.8920106390701695,
    "RMSE": 22.165767618245617,
    "MSE": 491.32125410606596,
    "MAPE": 0.05535052782092564,
    "ACMAPE": 1.0602572991653811
}