{
    "DOWN": {
        "precision": 0.76,
        "recall": 0.1919191919191919,
        "f1-score": 0.3064516129032258,
        "support": 99
    },
    "UP": {
        "precision": 0.1836734693877551,
        "recall": 0.75,
        "f1-score": 0.2950819672131148,
        "support": 24
    },
    "accuracy": 0.3008130081300813,
    "macro avg": {
        "precision": 0.47183673469387755,
        "recall": 0.47095959595959597,
        "f1-score": 0.3007667900581703,
        "support": 123
    },
    "weighted avg": {
        "precision": 0.6475460428073668,
        "recall": 0.3008130081300813,
        "f1-score": 0.3042331454514968,
        "support": 123
    }
}