{
    "R2": 0.6098051460725835,
    "RMSE": 87.44186945329142,
    "MSE": 7646.080533486459,
    "MAPE": 0.027615752391113187,
    "ACMAPE": 1.3664360541743779
}