{
    "R2": -3.7522066822454168,
    "RMSE": 214.7189199579656,
    "MSE": 46104.21458791524,
    "MAPE": 0.2092903609448373,
    "ACMAPE": 1.5329618585293785
}