{
    "DOWN": {
        "precision": 0.7319587628865979,
        "recall": 0.8304093567251462,
        "f1-score": 0.7780821917808219,
        "support": 171
    },
    "UP": {
        "precision": 0.2564102564102564,
        "recall": 0.16129032258064516,
        "f1-score": 0.19801980198019803,
        "support": 62
    },
    "accuracy": 0.6523605150214592,
    "macro avg": {
        "precision": 0.49418450964842714,
        "recall": 0.49584983965289564,
        "f1-score": 0.48805099688051,
        "support": 233
    },
    "weighted avg": {
        "precision": 0.6054179585881723,
        "recall": 0.6523605150214592,
        "f1-score": 0.6237308262544756,
        "support": 233
    }
}