{
    "DOWN": {
        "precision": 0.6642335766423357,
        "recall": 0.7446808510638298,
        "f1-score": 0.7021604938271605,
        "support": 611
    },
    "UP": {
        "precision": 0.36065573770491804,
        "recall": 0.27672955974842767,
        "f1-score": 0.31316725978647686,
        "support": 318
    },
    "accuracy": 0.5844994617868676,
    "macro avg": {
        "precision": 0.5124446571736269,
        "recall": 0.5107052054061287,
        "f1-score": 0.5076638768068187,
        "support": 929
    },
    "weighted avg": {
        "precision": 0.5603178040028322,
        "recall": 0.5844994617868676,
        "f1-score": 0.5690067280306724,
        "support": 929
    }
}