{
    "R2": 0.8737775594320437,
    "RMSE": 33.13258227798273,
    "MSE": 1097.7680084072952,
    "MAPE": 0.03604635849554357,
    "ACMAPE": 1.0651402903326175
}