{
    "DOWN": {
        "precision": 0.695067264573991,
        "recall": 0.5714285714285714,
        "f1-score": 0.6272129489124937,
        "support": 1085
    },
    "UP": {
        "precision": 0.28680981595092025,
        "recall": 0.4074074074074074,
        "f1-score": 0.3366336633663366,
        "support": 459
    },
    "accuracy": 0.5226683937823834,
    "macro avg": {
        "precision": 0.49093854026245565,
        "recall": 0.4894179894179894,
        "f1-score": 0.48192330613941514,
        "support": 1544
    },
    "weighted avg": {
        "precision": 0.5737005748602673,
        "recall": 0.5226683937823834,
        "f1-score": 0.5408295991290182,
        "support": 1544
    }
}