{
    "DOWN": {
        "precision": 0.7547169811320755,
        "recall": 0.6741573033707865,
        "f1-score": 0.7121661721068249,
        "support": 178
    },
    "UP": {
        "precision": 0.2926829268292683,
        "recall": 0.38095238095238093,
        "f1-score": 0.33103448275862063,
        "support": 63
    },
    "accuracy": 0.5975103734439834,
    "macro avg": {
        "precision": 0.5236999539806719,
        "recall": 0.5275548421615837,
        "f1-score": 0.5216003274327228,
        "support": 241
    },
    "weighted avg": {
        "precision": 0.6339362947375657,
        "recall": 0.5975103734439834,
        "f1-score": 0.6125342367170453,
        "support": 241
    }
}