{
    "DOWN": {
        "precision": 0.7521613832853026,
        "recall": 0.15803814713896458,
        "f1-score": 0.261195896922692,
        "support": 3303
    },
    "UP": {
        "precision": 0.13283442469597756,
        "recall": 0.7123745819397993,
        "f1-score": 0.22391590013140605,
        "support": 598
    },
    "accuracy": 0.24301461163804153,
    "macro avg": {
        "precision": 0.44249790399064004,
        "recall": 0.43520636453938194,
        "f1-score": 0.24255589852704904,
        "support": 3901
    },
    "weighted avg": {
        "precision": 0.6572222596666365,
        "recall": 0.24301461163804153,
        "f1-score": 0.25548109608157715,
        "support": 3901
    }
}