{
    "DOWN": {
        "precision": 0.612,
        "recall": 0.38734177215189874,
        "f1-score": 0.4744186046511628,
        "support": 395
    },
    "UP": {
        "precision": 0.39195979899497485,
        "recall": 0.616600790513834,
        "f1-score": 0.47926267281105994,
        "support": 253
    },
    "accuracy": 0.47685185185185186,
    "macro avg": {
        "precision": 0.5019798994974874,
        "recall": 0.5019712813328664,
        "f1-score": 0.4768406387311114,
        "support": 648
    },
    "weighted avg": {
        "precision": 0.5260892425088405,
        "recall": 0.47685185185185186,
        "f1-score": 0.4763098843493942,
        "support": 648
    }
}