{
    "R2": 0.967808955104142,
    "RMSE": 6.150550859251869,
    "MSE": 37.829275872243905,
    "MAPE": 0.02165283368061732,
    "ACMAPE": 1.305694319127255
}