{
    "R2": 0.976905286653202,
    "RMSE": 10.832847141823333,
    "MSE": 117.35057719810993,
    "MAPE": 0.04089062085350223,
    "ACMAPE": 1.0531663526759762
}