{
    "R2": -78.67756780741361,
    "RMSE": 67.97340852769571,
    "MSE": 4620.384266873017,
    "MAPE": 1.1249204055225641,
    "ACMAPE": 1.5933888739910327
}