{
    "DOWN": {
        "precision": 0.6143667296786389,
        "recall": 0.6270096463022508,
        "f1-score": 0.6206238064926798,
        "support": 1555
    },
    "UP": {
        "precision": 0.42115768463073855,
        "recall": 0.4081237911025145,
        "f1-score": 0.4145383104125737,
        "support": 1034
    },
    "accuracy": 0.5395905755117806,
    "macro avg": {
        "precision": 0.5177622071546888,
        "recall": 0.5175667187023827,
        "f1-score": 0.5175810584526268,
        "support": 2589
    },
    "weighted avg": {
        "precision": 0.5372025147000645,
        "recall": 0.5395905755117806,
        "f1-score": 0.538316968738014,
        "support": 2589
    }
}