{
    "R2": 0.9105565804674797,
    "RMSE": 277.3399193229439,
    "MSE": 76917.43085005703,
    "MAPE": 0.04484749425721236,
    "ACMAPE": 1.0989015483112663
}