{
    "R2": 0.8499764092100589,
    "RMSE": 1210.6287261675375,
    "MSE": 1465621.9126220345,
    "MAPE": 1.2950499453992388,
    "ACMAPE": 2.277069309161341
}