{
    "DOWN": {
        "precision": 0.8953068592057761,
        "recall": 0.1854899027673897,
        "f1-score": 0.30731102850061964,
        "support": 2674
    },
    "UP": {
        "precision": 0.06241928540680155,
        "recall": 0.7142857142857143,
        "f1-score": 0.11480601741884403,
        "support": 203
    },
    "accuracy": 0.22280152937087244,
    "macro avg": {
        "precision": 0.47886307230628883,
        "recall": 0.44988780852655197,
        "f1-score": 0.21105852295973182,
        "support": 2877
    },
    "weighted avg": {
        "precision": 0.8365386362369919,
        "recall": 0.22280152937087244,
        "f1-score": 0.2937279498598131,
        "support": 2877
    }
}