{
    "DOWN": {
        "precision": 0.6833333333333333,
        "recall": 0.5,
        "f1-score": 0.5774647887323944,
        "support": 82
    },
    "UP": {
        "precision": 0.359375,
        "recall": 0.5476190476190477,
        "f1-score": 0.4339622641509434,
        "support": 42
    },
    "accuracy": 0.5161290322580645,
    "macro avg": {
        "precision": 0.5213541666666667,
        "recall": 0.5238095238095238,
        "f1-score": 0.5057135264416689,
        "support": 124
    },
    "weighted avg": {
        "precision": 0.5736055107526882,
        "recall": 0.5161290322580645,
        "f1-score": 0.5288590949225481,
        "support": 124
    }
}