{
    "DOWN": {
        "precision": 0.663727959697733,
        "recall": 0.7112010796221323,
        "f1-score": 0.6866449511400652,
        "support": 741
    },
    "UP": {
        "precision": 0.21897810218978103,
        "recall": 0.1834862385321101,
        "f1-score": 0.19966722129783696,
        "support": 327
    },
    "accuracy": 0.549625468164794,
    "macro avg": {
        "precision": 0.441353030943757,
        "recall": 0.4473436590771212,
        "f1-score": 0.4431560862189511,
        "support": 1068
    },
    "weighted avg": {
        "precision": 0.5275545482697365,
        "recall": 0.549625468164794,
        "f1-score": 0.5375422192501694,
        "support": 1068
    }
}