{
    "R2": 0.9745557302387058,
    "RMSE": 18.919068815673704,
    "MSE": 357.93116485219724,
    "MAPE": 0.08105875390360097,
    "ACMAPE": 0.8780130686244132
}