{
    "DOWN": {
        "precision": 0.6727941176470589,
        "recall": 0.475736568457539,
        "f1-score": 0.5573604060913705,
        "support": 2308
    },
    "UP": {
        "precision": 0.3968095712861416,
        "recall": 0.5984962406015037,
        "f1-score": 0.4772182254196643,
        "support": 1330
    },
    "accuracy": 0.5206157229246839,
    "macro avg": {
        "precision": 0.5348018444666003,
        "recall": 0.5371164045295214,
        "f1-score": 0.5172893157555174,
        "support": 3638
    },
    "weighted avg": {
        "precision": 0.5718981729906488,
        "recall": 0.5206157229246839,
        "f1-score": 0.5280615879788446,
        "support": 3638
    }
}