{
    "R2": 0.9528751719935658,
    "RMSE": 32.16289926959556,
    "MSE": 1034.452089426151,
    "MAPE": 0.057684284889209875,
    "ACMAPE": 1.1966514210394446
}