{
    "R2": 0.8856452989875847,
    "RMSE": 11.346185460945094,
    "MSE": 128.73592451416184,
    "MAPE": 0.0903451176203454,
    "ACMAPE": 1.2836829524166542
}