{
    "DOWN": {
        "precision": 0.8997093023255814,
        "recall": 0.6772428884026258,
        "f1-score": 0.7727840199750312,
        "support": 914
    },
    "UP": {
        "precision": 0.3544857768052516,
        "recall": 0.7012987012987013,
        "f1-score": 0.4709302325581395,
        "support": 231
    },
    "accuracy": 0.6820960698689956,
    "macro avg": {
        "precision": 0.6270975395654166,
        "recall": 0.6892707948506636,
        "f1-score": 0.6218571262665853,
        "support": 1145
    },
    "weighted avg": {
        "precision": 0.7897122417184232,
        "recall": 0.6820960698689956,
        "f1-score": 0.7118860069677806,
        "support": 1145
    }
}