{
    "R2": 0.7414418873668271,
    "RMSE": 129.65307612703648,
    "MSE": 16809.92014920312,
    "MAPE": 0.16887065920745928,
    "ACMAPE": 1.0696971054884512
}