{
    "R2": 0.8913421574789147,
    "RMSE": 60.7553782482903,
    "MSE": 3691.2159860928264,
    "MAPE": 0.059497739426222974,
    "ACMAPE": 0.7370487598343861
}