{
    "R2": 0.968792248086986,
    "RMSE": 8.977737657355483,
    "MSE": 80.59977344429872,
    "MAPE": 0.027855350778184775,
    "ACMAPE": 0.9157201741268791
}