{
    "R2": 0.7355396076455966,
    "RMSE": 18.750165637963587,
    "MSE": 351.5687114510705,
    "MAPE": 0.05201129490328304,
    "ACMAPE": 0.9892806675970099
}