{
    "R2": -0.10576030590706464,
    "RMSE": 10.013157469162907,
    "MSE": 100.26332250225292,
    "MAPE": 0.053964597405945225,
    "ACMAPE": 0.8006312640726119
}