{
    "DOWN": {
        "precision": 0.7899761336515513,
        "recall": 0.49550898203592814,
        "f1-score": 0.609015639374425,
        "support": 668
    },
    "UP": {
        "precision": 0.2560706401766004,
        "recall": 0.5686274509803921,
        "f1-score": 0.3531202435312024,
        "support": 204
    },
    "accuracy": 0.5126146788990825,
    "macro avg": {
        "precision": 0.5230233869140759,
        "recall": 0.5320682165081602,
        "f1-score": 0.48106794145281373,
        "support": 872
    },
    "weighted avg": {
        "precision": 0.6650716374716316,
        "recall": 0.5126146788990825,
        "f1-score": 0.5491502027322032,
        "support": 872
    }
}