{
    "R2": 0.8602670762096352,
    "RMSE": 185.82517265777756,
    "MSE": 34530.99479329284,
    "MAPE": 0.09173800807473878,
    "ACMAPE": 0.9846354150645922
}