{
    "DOWN": {
        "precision": 0.8378378378378378,
        "recall": 0.58125,
        "f1-score": 0.6863468634686347,
        "support": 160
    },
    "UP": {
        "precision": 0.36792452830188677,
        "recall": 0.6842105263157895,
        "f1-score": 0.47852760736196315,
        "support": 57
    },
    "accuracy": 0.6082949308755761,
    "macro avg": {
        "precision": 0.6028811830698623,
        "recall": 0.6327302631578948,
        "f1-score": 0.5824372354152989,
        "support": 217
    },
    "weighted avg": {
        "precision": 0.714404387867565,
        "recall": 0.6082949308755761,
        "f1-score": 0.6317583952747163,
        "support": 217
    }
}