{
    "DOWN": {
        "precision": 0.9257185516983949,
        "recall": 0.6898470097357441,
        "f1-score": 0.7905642333439593,
        "support": 3595
    },
    "UP": {
        "precision": 0.23525377229080932,
        "recall": 0.6328413284132841,
        "f1-score": 0.343,
        "support": 542
    },
    "accuracy": 0.6823785351704134,
    "macro avg": {
        "precision": 0.5804861619946021,
        "recall": 0.6613441690745141,
        "f1-score": 0.5667821166719796,
        "support": 4137
    },
    "weighted avg": {
        "precision": 0.8352588199026706,
        "recall": 0.6823785351704134,
        "f1-score": 0.7319275849338974,
        "support": 4137
    }
}