{
    "DOWN": {
        "precision": 0.6057692307692307,
        "recall": 0.5072463768115942,
        "f1-score": 0.5521472392638036,
        "support": 621
    },
    "UP": {
        "precision": 0.40117416829745595,
        "recall": 0.5,
        "f1-score": 0.4451682953311618,
        "support": 410
    },
    "accuracy": 0.504364694471387,
    "macro avg": {
        "precision": 0.5034716995333434,
        "recall": 0.5036231884057971,
        "f1-score": 0.4986577672974827,
        "support": 1031
    },
    "weighted avg": {
        "precision": 0.5244074697474773,
        "recall": 0.504364694471387,
        "f1-score": 0.5096046912401536,
        "support": 1031
    }
}