{
    "DOWN": {
        "precision": 0.7391304347826086,
        "recall": 0.39080459770114945,
        "f1-score": 0.5112781954887219,
        "support": 87
    },
    "UP": {
        "precision": 0.32051282051282054,
        "recall": 0.6756756756756757,
        "f1-score": 0.4347826086956522,
        "support": 37
    },
    "accuracy": 0.47580645161290325,
    "macro avg": {
        "precision": 0.5298216276477146,
        "recall": 0.5332401366884125,
        "f1-score": 0.47303040209218705,
        "support": 124
    },
    "weighted avg": {
        "precision": 0.6142203402021074,
        "recall": 0.47580645161290325,
        "f1-score": 0.48845289942949954,
        "support": 124
    }
}