{
    "DOWN": {
        "precision": 0.7131782945736435,
        "recall": 0.5525525525525525,
        "f1-score": 0.622673434856176,
        "support": 333
    },
    "UP": {
        "precision": 0.37656903765690375,
        "recall": 0.5487804878048781,
        "f1-score": 0.4466501240694789,
        "support": 164
    },
    "accuracy": 0.5513078470824949,
    "macro avg": {
        "precision": 0.5448736661152735,
        "recall": 0.5506665201787153,
        "f1-score": 0.5346617794628274,
        "support": 497
    },
    "weighted avg": {
        "precision": 0.6021040126131901,
        "recall": 0.5513078470824949,
        "f1-score": 0.5645892840130808,
        "support": 497
    }
}