{
    "R2": 0.28818123601602263,
    "RMSE": 37.69937610753777,
    "MSE": 1421.24295889759,
    "MAPE": 0.06974470396159517,
    "ACMAPE": 0.9612175721786494
}