{
    "DOWN": {
        "precision": 0.7,
        "recall": 0.3684210526315789,
        "f1-score": 0.48275862068965514,
        "support": 513
    },
    "UP": {
        "precision": 0.36220472440944884,
        "recall": 0.6943396226415094,
        "f1-score": 0.47606727037516167,
        "support": 265
    },
    "accuracy": 0.4794344473007712,
    "macro avg": {
        "precision": 0.5311023622047244,
        "recall": 0.5313803376365441,
        "f1-score": 0.47941294553240843,
        "support": 778
    },
    "weighted avg": {
        "precision": 0.5849411979029613,
        "recall": 0.4794344473007712,
        "f1-score": 0.4804794332432017,
        "support": 778
    }
}