{
    "R2": 0.9875361615629191,
    "RMSE": 19.290178744356897,
    "MSE": 372.1109959892387,
    "MAPE": 0.032939217746251664,
    "ACMAPE": 1.0988792722421645
}