{
    "DOWN": {
        "precision": 0.6330749354005168,
        "recall": 0.21434820647419073,
        "f1-score": 0.3202614379084967,
        "support": 1143
    },
    "UP": {
        "precision": 0.3932432432432432,
        "recall": 0.8038674033149171,
        "f1-score": 0.5281306715063522,
        "support": 724
    },
    "accuracy": 0.44295661489019816,
    "macro avg": {
        "precision": 0.51315908932188,
        "recall": 0.5091078048945539,
        "f1-score": 0.42419605470742444,
        "support": 1867
    },
    "weighted avg": {
        "precision": 0.5400711083400637,
        "recall": 0.44295661489019816,
        "f1-score": 0.4008706104445692,
        "support": 1867
    }
}