{
    "R2": 0.9704315657549323,
    "RMSE": 74.27604520485042,
    "MSE": 5516.930891272983,
    "MAPE": 0.054350948844686636,
    "ACMAPE": 1.08684961693206
}