{
    "DOWN": {
        "precision": 0.8933685003767897,
        "recall": 0.6474604041507374,
        "f1-score": 0.7507916402786575,
        "support": 3662
    },
    "UP": {
        "precision": 0.26059564719358536,
        "recall": 0.6165311653116531,
        "f1-score": 0.3663446054750403,
        "support": 738
    },
    "accuracy": 0.6422727272727272,
    "macro avg": {
        "precision": 0.5769820737851875,
        "recall": 0.6319957847311952,
        "f1-score": 0.5585681228768489,
        "support": 4400
    },
    "weighted avg": {
        "precision": 0.7872352354565159,
        "recall": 0.6422727272727272,
        "f1-score": 0.68630938762296,
        "support": 4400
    }
}