{
    "R2": 0.5922178313809671,
    "RMSE": 440.74134397593747,
    "MSE": 194252.93228971565,
    "MAPE": 0.4338256166881694,
    "ACMAPE": 1.543581714249145
}