{
    "R2": 0.8855031792507697,
    "RMSE": 134.22291945298926,
    "MSE": 18015.792106483645,
    "MAPE": 0.13377913163981536,
    "ACMAPE": 1.363611703938141
}