{
    "R2": 0.9619515188630412,
    "RMSE": 58.094190605625506,
    "MSE": 3374.9349821227465,
    "MAPE": 0.06236297822179133,
    "ACMAPE": 1.2816918372821942
}