{
    "R2": 0.9772424321248384,
    "RMSE": 43.90990233184342,
    "MSE": 1928.079522792028,
    "MAPE": 0.07873327176873299,
    "ACMAPE": 1.5416877126338964
}