{
    "R2": -1.4290205530007456,
    "RMSE": 178.23837388193937,
    "MSE": 31768.917924078003,
    "MAPE": 0.2917086089289309,
    "ACMAPE": 1.1280722452925673
}