{
    "R2": 0.941800834312328,
    "RMSE": 192.1589948794592,
    "MSE": 36925.07931308402,
    "MAPE": 0.03606435348345195,
    "ACMAPE": 0.7514970029036125
}