{
    "DOWN": {
        "precision": 0.6105188343994314,
        "recall": 0.31407678244972576,
        "f1-score": 0.4147754707870594,
        "support": 2735
    },
    "UP": {
        "precision": 0.33545873184555436,
        "recall": 0.6334448160535117,
        "f1-score": 0.43862899490504864,
        "support": 1495
    },
    "accuracy": 0.4269503546099291,
    "macro avg": {
        "precision": 0.47298878312249293,
        "recall": 0.47376079925161874,
        "f1-score": 0.426702232846054,
        "support": 4230
    },
    "weighted avg": {
        "precision": 0.5133049210854725,
        "recall": 0.42695035460992903,
        "f1-score": 0.4232059716278144,
        "support": 4230
    }
}