{
    "R2": 0.8964324142552823,
    "RMSE": 100.73542140147978,
    "MSE": 10147.625124933711,
    "MAPE": 0.059646199452076464,
    "ACMAPE": 1.1655063128736267
}