{
    "R2": 0.9547530702432281,
    "RMSE": 11.961666580517681,
    "MSE": 143.08146738347355,
    "MAPE": 0.07205714197008431,
    "ACMAPE": 0.8911963361092784
}