{
    "DOWN": {
        "precision": 0.8810810810810811,
        "recall": 0.7836538461538461,
        "f1-score": 0.8295165394402035,
        "support": 832
    },
    "UP": {
        "precision": 0.3023255813953488,
        "recall": 0.46987951807228917,
        "f1-score": 0.3679245283018868,
        "support": 166
    },
    "accuracy": 0.7314629258517034,
    "macro avg": {
        "precision": 0.591703331238215,
        "recall": 0.6267666821130676,
        "f1-score": 0.5987205338710452,
        "support": 998
    },
    "weighted avg": {
        "precision": 0.7848151362435745,
        "recall": 0.7314629258517034,
        "f1-score": 0.752738709932227,
        "support": 998
    }
}