{
    "R2": 0.8444878973810774,
    "RMSE": 129.12526488668829,
    "MSE": 16673.334032057417,
    "MAPE": 0.11001110551580054,
    "ACMAPE": 1.1537129050016617
}