{
    "DOWN": {
        "precision": 0.575,
        "recall": 0.4423076923076923,
        "f1-score": 0.5,
        "support": 52
    },
    "UP": {
        "precision": 0.49122807017543857,
        "recall": 0.6222222222222222,
        "f1-score": 0.5490196078431373,
        "support": 45
    },
    "accuracy": 0.5257731958762887,
    "macro avg": {
        "precision": 0.5331140350877193,
        "recall": 0.5322649572649573,
        "f1-score": 0.5245098039215687,
        "support": 97
    },
    "weighted avg": {
        "precision": 0.5361367335865436,
        "recall": 0.5257731958762887,
        "f1-score": 0.5227410551849605,
        "support": 97
    }
}