{
    "R2": -0.5963583828680676,
    "RMSE": 12.623250668615473,
    "MSE": 159.346457442701,
    "MAPE": 0.05376384534735785,
    "ACMAPE": 0.8207541366094939
}