{
    "DOWN": {
        "precision": 0.9603340292275574,
        "recall": 0.4380952380952381,
        "f1-score": 0.6017004578155657,
        "support": 1050
    },
    "UP": {
        "precision": 0.06497622820919176,
        "recall": 0.6833333333333333,
        "f1-score": 0.11866859623733718,
        "support": 60
    },
    "accuracy": 0.45135135135135135,
    "macro avg": {
        "precision": 0.5126551287183746,
        "recall": 0.5607142857142857,
        "f1-score": 0.36018452702645143,
        "support": 1110
    },
    "weighted avg": {
        "precision": 0.9119363102535917,
        "recall": 0.45135135135135135,
        "f1-score": 0.5755906274599858,
        "support": 1110
    }
}