{
    "R2": 0.7800813176140462,
    "RMSE": 24.271191546062127,
    "MSE": 589.0907390656376,
    "MAPE": 0.04640551197410667,
    "ACMAPE": 1.0032316496637217
}