{
    "R2": 0.1757580495847162,
    "RMSE": 12.888426141361766,
    "MSE": 166.11152840133735,
    "MAPE": 0.03493742408850565,
    "ACMAPE": 0.9354113577377947
}