{
    "DOWN": {
        "precision": 0.7408376963350786,
        "recall": 0.10081938012112576,
        "f1-score": 0.1774851050486046,
        "support": 2807
    },
    "UP": {
        "precision": 0.16062520784835385,
        "recall": 0.8298969072164949,
        "f1-score": 0.26915575369183614,
        "support": 582
    },
    "accuracy": 0.2260253762171732,
    "macro avg": {
        "precision": 0.4507314520917162,
        "recall": 0.46535814366881034,
        "f1-score": 0.22332042937022037,
        "support": 3389
    },
    "weighted avg": {
        "precision": 0.6411966021187099,
        "recall": 0.2260253762171732,
        "f1-score": 0.1932278956978701,
        "support": 3389
    }
}