{
    "DOWN": {
        "precision": 0.6239316239316239,
        "recall": 0.5934959349593496,
        "f1-score": 0.6083333333333334,
        "support": 369
    },
    "UP": {
        "precision": 0.3775933609958506,
        "recall": 0.4080717488789238,
        "f1-score": 0.3922413793103448,
        "support": 223
    },
    "accuracy": 0.5236486486486487,
    "macro avg": {
        "precision": 0.5007624924637373,
        "recall": 0.5007838419191367,
        "f1-score": 0.5002873563218391,
        "support": 592
    },
    "weighted avg": {
        "precision": 0.5311386634000742,
        "recall": 0.5236486486486487,
        "f1-score": 0.5269338303821062,
        "support": 592
    }
}