{
    "R2": 0.862336679226121,
    "RMSE": 24.037473821391654,
    "MSE": 577.8001477140891,
    "MAPE": 0.07010316057525076,
    "ACMAPE": 1.0701031605752507
}