{
    "R2": 0.876672715532984,
    "RMSE": 24.54749646850152,
    "MSE": 602.5795828710947,
    "MAPE": 0.06888897115273539,
    "ACMAPE": 1.2333933821542922
}