{
    "R2": 0.40118410903391477,
    "RMSE": 4.65391189524538,
    "MSE": 21.658895928706443,
    "MAPE": 0.029075977937642158,
    "ACMAPE": 1.995949683941783
}