{
    "R2": 0.875142625837199,
    "RMSE": 24.71144246221121,
    "MSE": 610.6553885631753,
    "MAPE": 0.06586445688522512,
    "ACMAPE": 0.9149799615678473
}