{
    "DOWN": {
        "precision": 0.8504672897196262,
        "recall": 0.7459016393442623,
        "f1-score": 0.794759825327511,
        "support": 488
    },
    "UP": {
        "precision": 0.11428571428571428,
        "recall": 0.2,
        "f1-score": 0.14545454545454545,
        "support": 80
    },
    "accuracy": 0.6690140845070423,
    "macro avg": {
        "precision": 0.48237650200267024,
        "recall": 0.47295081967213115,
        "f1-score": 0.47010718539102825,
        "support": 568
    },
    "weighted avg": {
        "precision": 0.7467797438838639,
        "recall": 0.6690140845070423,
        "f1-score": 0.7033083774580793,
        "support": 568
    }
}