{
    "DOWN": {
        "precision": 0.6836518046709129,
        "recall": 0.5111111111111111,
        "f1-score": 0.5849227974568574,
        "support": 630
    },
    "UP": {
        "precision": 0.3446808510638298,
        "recall": 0.5209003215434084,
        "f1-score": 0.4148527528809219,
        "support": 311
    },
    "accuracy": 0.5143464399574921,
    "macro avg": {
        "precision": 0.5141663278673714,
        "recall": 0.5160057163272598,
        "f1-score": 0.4998877751688896,
        "support": 941
    },
    "weighted avg": {
        "precision": 0.5716220846158621,
        "recall": 0.5143464399574921,
        "f1-score": 0.5287147380911656,
        "support": 941
    }
}