{
    "R2": 0.8262578626180961,
    "RMSE": 22.446816991602173,
    "MSE": 503.85959305448,
    "MAPE": 0.17630155336596395,
    "ACMAPE": 0.9133199788266004
}