{
    "DOWN": {
        "precision": 0.7949886104783599,
        "recall": 0.5900253592561285,
        "f1-score": 0.6773410965550702,
        "support": 1183
    },
    "UP": {
        "precision": 0.42806603773584906,
        "recall": 0.6685082872928176,
        "f1-score": 0.5219266714593818,
        "support": 543
    },
    "accuracy": 0.6147161066048668,
    "macro avg": {
        "precision": 0.6115273241071044,
        "recall": 0.6292668232744731,
        "f1-score": 0.599633884007226,
        "support": 1726
    },
    "weighted avg": {
        "precision": 0.679554684059366,
        "recall": 0.6147161066048668,
        "f1-score": 0.6284476824027186,
        "support": 1726
    }
}