{
    "DOWN": {
        "precision": 0.6581945661700263,
        "recall": 0.6342905405405406,
        "f1-score": 0.6460215053763442,
        "support": 1184
    },
    "UP": {
        "precision": 0.26610169491525426,
        "recall": 0.2870201096892139,
        "f1-score": 0.27616534740545295,
        "support": 547
    },
    "accuracy": 0.5245522819179665,
    "macro avg": {
        "precision": 0.46214813054264026,
        "recall": 0.4606553251148772,
        "f1-score": 0.46109342639089856,
        "support": 1731
    },
    "weighted avg": {
        "precision": 0.5342923128041335,
        "recall": 0.5245522819179665,
        "f1-score": 0.5291461047928216,
        "support": 1731
    }
}