{
    "DOWN": {
        "precision": 0.5716753022452504,
        "recall": 0.9484240687679083,
        "f1-score": 0.7133620689655171,
        "support": 349
    },
    "UP": {
        "precision": 0.5,
        "recall": 0.06766917293233082,
        "f1-score": 0.11920529801324502,
        "support": 266
    },
    "accuracy": 0.567479674796748,
    "macro avg": {
        "precision": 0.5358376511226253,
        "recall": 0.5080466208501195,
        "f1-score": 0.41628368348938105,
        "support": 615
    },
    "weighted avg": {
        "precision": 0.5406742772090933,
        "recall": 0.567479674796748,
        "f1-score": 0.45637718917152625,
        "support": 615
    }
}