{
    "R2": 0.8962303807304592,
    "RMSE": 28.827041949657755,
    "MSE": 830.998347567328,
    "MAPE": 0.030219770358767443,
    "ACMAPE": 1.0320924295347973
}