{
    "DOWN": {
        "precision": 0.9595461272816971,
        "recall": 0.49592044875063745,
        "f1-score": 0.6538914103210623,
        "support": 3922
    },
    "UP": {
        "precision": 0.08767881864328565,
        "recall": 0.6985294117647058,
        "f1-score": 0.15580155801558018,
        "support": 272
    },
    "accuracy": 0.5090605627086314,
    "macro avg": {
        "precision": 0.5236124729624914,
        "recall": 0.5972249302576716,
        "f1-score": 0.40484648416832125,
        "support": 4194
    },
    "weighted avg": {
        "precision": 0.9030015617238412,
        "recall": 0.5090605627086314,
        "f1-score": 0.6215880150356329,
        "support": 4194
    }
}