{
    "R2": 0.960146936155537,
    "RMSE": 1057.0634040932864,
    "MSE": 1117383.0402732864,
    "MAPE": 4537036626549846.0,
    "ACMAPE": 4537036626549847.0
}