{
    "DOWN": {
        "precision": 0.6415094339622641,
        "recall": 0.6868686868686869,
        "f1-score": 0.6634146341463415,
        "support": 99
    },
    "UP": {
        "precision": 0.45614035087719296,
        "recall": 0.40625,
        "f1-score": 0.4297520661157025,
        "support": 64
    },
    "accuracy": 0.5766871165644172,
    "macro avg": {
        "precision": 0.5488248924197285,
        "recall": 0.5465593434343434,
        "f1-score": 0.546583350131022,
        "support": 163
    },
    "weighted avg": {
        "precision": 0.5687264810945061,
        "recall": 0.5766871165644172,
        "f1-score": 0.5716698221588513,
        "support": 163
    }
}