{
    "R2": 0.9452064077922894,
    "RMSE": 536.2530761353692,
    "MSE": 287567.361664646,
    "MAPE": 1.363307866377774,
    "ACMAPE": 2.319829605508209
}