{
    "R2": 0.9693606492882298,
    "RMSE": 6.451144394019757,
    "MSE": 41.61726399249253,
    "MAPE": 0.012117114939718161,
    "ACMAPE": 1.062386414760185
}