{
    "DOWN": {
        "precision": 0.9919800884955752,
        "recall": 0.8312862108922364,
        "f1-score": 0.904551758920691,
        "support": 4315
    },
    "UP": {
        "precision": 0.11757575757575757,
        "recall": 0.7698412698412699,
        "f1-score": 0.20399579390115669,
        "support": 126
    },
    "accuracy": 0.8295428957442017,
    "macro avg": {
        "precision": 0.5547779230356664,
        "recall": 0.8005637403667532,
        "f1-score": 0.5542737764109238,
        "support": 4441
    },
    "weighted avg": {
        "precision": 0.9671714990571837,
        "recall": 0.8295428957442017,
        "f1-score": 0.8846755932840187,
        "support": 4441
    }
}