{
    "R2": -0.8049401609633451,
    "RMSE": 27.8073395163356,
    "MSE": 773.2481309767593,
    "MAPE": 0.03996941014817867,
    "ACMAPE": 0.8225781058003525
}