{
    "DOWN": {
        "precision": 0.5579710144927537,
        "recall": 0.4476744186046512,
        "f1-score": 0.4967741935483871,
        "support": 516
    },
    "UP": {
        "precision": 0.43227091633466136,
        "recall": 0.5425,
        "f1-score": 0.48115299334811523,
        "support": 400
    },
    "accuracy": 0.4890829694323144,
    "macro avg": {
        "precision": 0.49512096541370754,
        "recall": 0.4950872093023256,
        "f1-score": 0.48896359344825113,
        "support": 916
    },
    "weighted avg": {
        "precision": 0.5030801419346347,
        "recall": 0.4890829694323144,
        "f1-score": 0.4899527087447749,
        "support": 916
    }
}