{
    "R2": 0.9260976539059501,
    "RMSE": 17.43083004803921,
    "MSE": 303.8338361636266,
    "MAPE": 0.09333795643118227,
    "ACMAPE": 0.7874556034900058
}