{
    "DOWN": {
        "precision": 0.734375,
        "recall": 0.4372093023255814,
        "f1-score": 0.5481049562682216,
        "support": 1505
    },
    "UP": {
        "precision": 0.30969845150774244,
        "recall": 0.6148867313915858,
        "f1-score": 0.4119241192411924,
        "support": 618
    },
    "accuracy": 0.4889307583608102,
    "macro avg": {
        "precision": 0.5220367257538712,
        "recall": 0.5260480168585836,
        "f1-score": 0.48001453775470704,
        "support": 2123
    },
    "weighted avg": {
        "precision": 0.6107527169250047,
        "recall": 0.4889307583608102,
        "f1-score": 0.508463054580655,
        "support": 2123
    }
}