{
    "R2": 0.9203720516283478,
    "RMSE": 62.120125847595574,
    "MSE": 3858.9100353211115,
    "MAPE": 0.13467424664048355,
    "ACMAPE": 1.3494602388583825
}