{
    "DOWN": {
        "precision": 0.7070254110612855,
        "recall": 0.2573449401523395,
        "f1-score": 0.37734343837255685,
        "support": 1838
    },
    "UP": {
        "precision": 0.2819568648079958,
        "recall": 0.73224043715847,
        "f1-score": 0.4071401443220661,
        "support": 732
    },
    "accuracy": 0.3926070038910506,
    "macro avg": {
        "precision": 0.4944911379346406,
        "recall": 0.4947926886554047,
        "f1-score": 0.39224179134731146,
        "support": 2570
    },
    "weighted avg": {
        "precision": 0.5859553037237727,
        "recall": 0.3926070038910506,
        "f1-score": 0.38583028224611354,
        "support": 2570
    }
}