{
    "DOWN": {
        "precision": 0.7301587301587301,
        "recall": 0.7207977207977208,
        "f1-score": 0.7254480286738351,
        "support": 702
    },
    "UP": {
        "precision": 0.35947712418300654,
        "recall": 0.37037037037037035,
        "f1-score": 0.36484245439469326,
        "support": 297
    },
    "accuracy": 0.6166166166166166,
    "macro avg": {
        "precision": 0.5448179271708683,
        "recall": 0.5455840455840455,
        "f1-score": 0.5451452415342641,
        "support": 999
    },
    "weighted avg": {
        "precision": 0.6199560905443258,
        "recall": 0.6166166166166166,
        "f1-score": 0.6182409660503064,
        "support": 999
    }
}