{
    "R2": 0.8731695703661678,
    "RMSE": 174.54918211655342,
    "MSE": 30467.416977557736,
    "MAPE": 0.06732495585116248,
    "ACMAPE": 1.108991622517829
}