{
    "R2": 0.16157718004427435,
    "RMSE": 48.72324258483915,
    "MSE": 2373.954367981083,
    "MAPE": 0.03555330273898903,
    "ACMAPE": 0.9216292521060777
}