{
    "DOWN": {
        "precision": 0.8990787269681743,
        "recall": 0.7085808580858086,
        "f1-score": 0.7925433739387228,
        "support": 3030
    },
    "UP": {
        "precision": 0.27918367346938777,
        "recall": 0.5866209262435678,
        "f1-score": 0.3783185840707965,
        "support": 583
    },
    "accuracy": 0.6889011901466925,
    "macro avg": {
        "precision": 0.589131200218781,
        "recall": 0.6476008921646882,
        "f1-score": 0.5854309790047596,
        "support": 3613
    },
    "weighted avg": {
        "precision": 0.7990513767910935,
        "recall": 0.6889011901466925,
        "f1-score": 0.7257033372675351,
        "support": 3613
    }
}