{
    "R2": 0.9665599385584787,
    "RMSE": 900.4701883732687,
    "MSE": 810846.5601489899,
    "MAPE": 0.41939483680891626,
    "ACMAPE": 1.22667357957153
}