{
    "R2": 0.9972093560902419,
    "RMSE": 153.94148507974805,
    "MSE": 23697.980828558295,
    "MAPE": 0.0910998007756018,
    "ACMAPE": 1.0965079903197688
}