{
    "R2": 0.5069199780755999,
    "RMSE": 1126.4056643945576,
    "MSE": 1268789.7207801444,
    "MAPE": 0.14402739626783154,
    "ACMAPE": 1.0205706061443747
}