{
    "R2": 0.9784721032545551,
    "RMSE": 107.45544614574133,
    "MSE": 11546.672906380316,
    "MAPE": 0.0495859310736506,
    "ACMAPE": 1.197165624107889
}