{
    "DOWN": {
        "precision": 0.7674113009198423,
        "recall": 0.8943338437978561,
        "f1-score": 0.826025459688826,
        "support": 653
    },
    "UP": {
        "precision": 0.09210526315789473,
        "recall": 0.03804347826086957,
        "f1-score": 0.05384615384615384,
        "support": 184
    },
    "accuracy": 0.7060931899641577,
    "macro avg": {
        "precision": 0.4297582820388685,
        "recall": 0.46618866102936285,
        "f1-score": 0.43993580676748995,
        "support": 837
    },
    "weighted avg": {
        "precision": 0.6189569270271322,
        "recall": 0.7060931899641577,
        "f1-score": 0.6562751702323724,
        "support": 837
    }
}