{
    "DOWN": {
        "precision": 0.71875,
        "recall": 0.17037037037037037,
        "f1-score": 0.2754491017964072,
        "support": 135
    },
    "UP": {
        "precision": 0.37777777777777777,
        "recall": 0.8831168831168831,
        "f1-score": 0.5291828793774319,
        "support": 77
    },
    "accuracy": 0.42924528301886794,
    "macro avg": {
        "precision": 0.5482638888888889,
        "recall": 0.5267436267436267,
        "f1-score": 0.4023159905869196,
        "support": 212
    },
    "weighted avg": {
        "precision": 0.5949063155136268,
        "recall": 0.42924528301886794,
        "f1-score": 0.36760712478574165,
        "support": 212
    }
}