{
    "R2": 0.9837492505868544,
    "RMSE": 10.930825292223226,
    "MSE": 119.48294156910698,
    "MAPE": 0.0589226531549458,
    "ACMAPE": 1.0653711843228464
}