{
    "DOWN": {
        "precision": 0.6494845360824743,
        "recall": 0.3772455089820359,
        "f1-score": 0.47727272727272735,
        "support": 167
    },
    "UP": {
        "precision": 0.38095238095238093,
        "recall": 0.6530612244897959,
        "f1-score": 0.481203007518797,
        "support": 98
    },
    "accuracy": 0.47924528301886793,
    "macro avg": {
        "precision": 0.5152184585174275,
        "recall": 0.5151533667359158,
        "f1-score": 0.4792378673957622,
        "support": 265
    },
    "weighted avg": {
        "precision": 0.5501783051287039,
        "recall": 0.4792452830188679,
        "f1-score": 0.47872618940146255,
        "support": 265
    }
}