{
    "DOWN": {
        "precision": 0.6851851851851852,
        "recall": 0.4625,
        "f1-score": 0.5522388059701493,
        "support": 160
    },
    "UP": {
        "precision": 0.4068965517241379,
        "recall": 0.6344086021505376,
        "f1-score": 0.49579831932773105,
        "support": 93
    },
    "accuracy": 0.525691699604743,
    "macro avg": {
        "precision": 0.5460408684546616,
        "recall": 0.5484543010752688,
        "f1-score": 0.5240185626489402,
        "support": 253
    },
    "weighted avg": {
        "precision": 0.5828893633991086,
        "recall": 0.525691699604743,
        "f1-score": 0.5314919077181932,
        "support": 253
    }
}