{
    "R2": 0.8263718564938594,
    "RMSE": 7.806522442638421,
    "MSE": 60.94179264741734,
    "MAPE": 0.03352892335339465,
    "ACMAPE": 1.0093353749662979
}