{
    "R2": 0.8936391842269497,
    "RMSE": 28.355641998129084,
    "MSE": 804.042433126062,
    "MAPE": 0.040321582445050325,
    "ACMAPE": 0.5161647911961899
}