{
    "DOWN": {
        "precision": 0.6863905325443787,
        "recall": 0.4289940828402367,
        "f1-score": 0.5279927173418297,
        "support": 1352
    },
    "UP": {
        "precision": 0.34686971235194586,
        "recall": 0.6074074074074074,
        "f1-score": 0.44157242864835755,
        "support": 675
    },
    "accuracy": 0.48840651208682784,
    "macro avg": {
        "precision": 0.5166301224481622,
        "recall": 0.5182007451238221,
        "f1-score": 0.48478257299509364,
        "support": 2027
    },
    "weighted avg": {
        "precision": 0.573328591927757,
        "recall": 0.48840651208682784,
        "f1-score": 0.4992143774957056,
        "support": 2027
    }
}