{
    "DOWN": {
        "precision": 1.0,
        "recall": 0.03571428571428571,
        "f1-score": 0.0689655172413793,
        "support": 28
    },
    "UP": {
        "precision": 0.41304347826086957,
        "recall": 1.0,
        "f1-score": 0.5846153846153846,
        "support": 19
    },
    "accuracy": 0.425531914893617,
    "macro avg": {
        "precision": 0.7065217391304348,
        "recall": 0.5178571428571429,
        "f1-score": 0.326790450928382,
        "support": 47
    },
    "weighted avg": {
        "precision": 0.7627197039777983,
        "recall": 0.425531914893617,
        "f1-score": 0.27741971894576445,
        "support": 47
    }
}