{
    "R2": 0.46286986019522336,
    "RMSE": 13.757900002409801,
    "MSE": 189.27981247630763,
    "MAPE": 0.07169901691442591,
    "ACMAPE": 1.115177277783991
}