{
    "DOWN": {
        "precision": 0.5,
        "recall": 0.04878048780487805,
        "f1-score": 0.08888888888888888,
        "support": 41
    },
    "UP": {
        "precision": 0.3389830508474576,
        "recall": 0.9090909090909091,
        "f1-score": 0.4938271604938271,
        "support": 22
    },
    "accuracy": 0.3492063492063492,
    "macro avg": {
        "precision": 0.4194915254237288,
        "recall": 0.4789356984478936,
        "f1-score": 0.29135802469135796,
        "support": 63
    },
    "weighted avg": {
        "precision": 0.44377185902609634,
        "recall": 0.3492063492063492,
        "f1-score": 0.2302959043699784,
        "support": 63
    }
}