{
    "R2": 0.9669403743861806,
    "RMSE": 18.051456451631577,
    "MSE": 325.85508002515127,
    "MAPE": 0.05674212293863149,
    "ACMAPE": 0.9759967813237246
}