{
    "R2": 0.7715819616150339,
    "RMSE": 129.14999131114138,
    "MSE": 16679.720255667897,
    "MAPE": 0.18120993758566709,
    "ACMAPE": 1.2796351344360608
}