{
    "DOWN": {
        "precision": 0.6942148760330579,
        "recall": 0.5793103448275863,
        "f1-score": 0.631578947368421,
        "support": 290
    },
    "UP": {
        "precision": 0.39603960396039606,
        "recall": 0.5194805194805194,
        "f1-score": 0.449438202247191,
        "support": 154
    },
    "accuracy": 0.5585585585585585,
    "macro avg": {
        "precision": 0.545127239996727,
        "recall": 0.5493954321540528,
        "f1-score": 0.540508574807806,
        "support": 444
    },
    "weighted avg": {
        "precision": 0.5907937231069544,
        "recall": 0.5585585585585585,
        "f1-score": 0.5684040042407871,
        "support": 444
    }
}