{
    "R2": 0.9423398671032385,
    "RMSE": 27.781180131344176,
    "MSE": 771.7939694901925,
    "MAPE": 0.1331662181332739,
    "ACMAPE": 0.878172093573932
}