{
    "DOWN": {
        "precision": 0.8234192037470726,
        "recall": 0.7727472527472528,
        "f1-score": 0.7972789115646259,
        "support": 2275
    },
    "UP": {
        "precision": 0.36797066014669927,
        "recall": 0.443952802359882,
        "f1-score": 0.40240641711229946,
        "support": 678
    },
    "accuracy": 0.6972570267524552,
    "macro avg": {
        "precision": 0.5956949319468859,
        "recall": 0.6083500275535674,
        "f1-score": 0.5998426643384627,
        "support": 2953
    },
    "weighted avg": {
        "precision": 0.7188495753823407,
        "recall": 0.6972570267524552,
        "f1-score": 0.7066173635664283,
        "support": 2953
    }
}