{
    "DOWN": {
        "precision": 0.9134092033646709,
        "recall": 0.6100462656972901,
        "f1-score": 0.7315236774321379,
        "support": 3026
    },
    "UP": {
        "precision": 0.18055555555555555,
        "recall": 0.5977011494252874,
        "f1-score": 0.2773333333333333,
        "support": 435
    },
    "accuracy": 0.6084946547240682,
    "macro avg": {
        "precision": 0.5469823794601132,
        "recall": 0.6038737075612888,
        "f1-score": 0.5044285053827355,
        "support": 3461
    },
    "weighted avg": {
        "precision": 0.8212996001294888,
        "recall": 0.6084946547240682,
        "f1-score": 0.6744382108955935,
        "support": 3461
    }
}