{
    "R2": 0.9686115427563607,
    "RMSE": 6.826030856603952,
    "MSE": 46.59469725530928,
    "MAPE": 0.07230494627389214,
    "ACMAPE": 1.6227408117782507
}