{
    "DOWN": {
        "precision": 0.6956521739130435,
        "recall": 0.07239819004524888,
        "f1-score": 0.13114754098360656,
        "support": 221
    },
    "UP": {
        "precision": 0.17670682730923695,
        "recall": 0.8627450980392157,
        "f1-score": 0.29333333333333333,
        "support": 51
    },
    "accuracy": 0.22058823529411764,
    "macro avg": {
        "precision": 0.4361795006111402,
        "recall": 0.4675716440422323,
        "f1-score": 0.21224043715846996,
        "support": 272
    },
    "weighted avg": {
        "precision": 0.5983499214248297,
        "recall": 0.22058823529411764,
        "f1-score": 0.16155737704918033,
        "support": 272
    }
}